<?xml version='1.0' encoding='UTF-8'?>
<gpx version="1.1" creator="https://www.komoot.de" xmlns="http://www.topografix.com/GPX/1/1" xmlns:xsi="http://www.w3.org/2001/XMLSchema-instance" xsi:schemaLocation="http://www.topografix.com/GPX/1/1 http://www.topografix.com/GPX/1/1/gpx.xsd">
  <metadata>
    <name>The Ride, etappe 4 afgekort !</name>
    <author>
      <link href="https://www.komoot.de">
        <text>komoot</text>
        <type>text/html</type>
      </link>
    </author>
  </metadata>
  <wpt lat="46.508070" lon="11.767318">
    <name>Sella Pass</name>
    <sym>Flag, Blue</sym>
  </wpt>
  <wpt lat="46.532414" lon="11.779204">
    <name>Start Challenge</name>
    <desc></desc>
    <sym>Flag, Blue</sym>
  </wpt>
  <wpt lat="46.549793" lon="11.808457">
    <name>Gardena Pass</name>
    <sym>Flag, Blue</sym>
  </wpt>
  <wpt lat="46.549816" lon="11.808605">
    <name>Einde Challenge</name>
    <desc></desc>
    <sym>Flag, Blue</sym>
  </wpt>
  <wpt lat="46.553389" lon="11.968068">
    <name>VP1</name>
    <sym>Flag, Blue</sym>
  </wpt>
  <wpt lat="46.525018" lon="11.997521">
    <name>Passo Valparola</name>
    <sym>Flag, Blue</sym>
  </wpt>
  <wpt lat="46.518751" lon="12.008663">
    <name>Falzarego Pass</name>
    <sym>Flag, Blue</sym>
  </wpt>
  <wpt lat="46.456693" lon="11.989477">
    <name>Let op: afdaling linksaf</name>
    <sym>Flag, Blue</sym>
  </wpt>
  <wpt lat="46.440828" lon="11.990022">
    <name>Public Water Fountain</name>
    <sym>Drinking Water</sym>
  </wpt>
  <wpt lat="46.439072" lon="11.986548">
    <name>VP 2</name>
    <sym>Flag, Blue</sym>
  </wpt>
  <wpt lat="46.454399" lon="11.886535">
    <name>Passo di Fedaia</name>
    <sym>Flag, Blue</sym>
  </wpt>
  <wpt lat="46.464092" lon="11.861355">
    <name>Let op: tunnels</name>
    <sym>Flag, Blue</sym>
  </wpt>
  <wpt lat="46.464011" lon="11.861741">
    <name>Afdaling met slechter wegdek</name>
    <sym>Flag, Blue</sym>
  </wpt>
  <trk>
    <name>The Ride, etappe 4 afgekort !</name>
    <type>racebike</type>
    <trkseg>
      <trkpt lat="46.475161" lon="11.740714">
        <ele>1420.153506</ele>
        <time>2026-08-21T07:05:15.126Z</time>
      </trkpt>
      <trkpt lat="46.475406" lon="11.740773">
        <ele>1420.153506</ele>
        <time>2026-08-21T07:05:21.458Z</time>
      </trkpt>
      <trkpt lat="46.475637" lon="11.740735">
        <ele>1420.153506</ele>
        <time>2026-08-21T07:05:27.309Z</time>
      </trkpt>
      <trkpt lat="46.475747" lon="11.740716">
        <ele>1420.153506</ele>
        <time>2026-08-21T07:05:29.995Z</time>
      </trkpt>
      <trkpt lat="46.475977" lon="11.740733">
        <ele>1420.153506</ele>
        <time>2026-08-21T07:05:35.617Z</time>
      </trkpt>
      <trkpt lat="46.476166" lon="11.740689">
        <ele>1420.174712</ele>
        <time>2026-08-21T07:05:40.232Z</time>
      </trkpt>
      <trkpt lat="46.476206" lon="11.740676">
        <ele>1420.182337</ele>
        <time>2026-08-21T07:05:41.249Z</time>
      </trkpt>
      <trkpt lat="46.476240" lon="11.740666">
        <ele>1420.188791</ele>
        <time>2026-08-21T07:05:42.133Z</time>
      </trkpt>
      <trkpt lat="46.476278" lon="11.740848">
        <ele>1420.213156</ele>
        <time>2026-08-21T07:05:44.657Z</time>
      </trkpt>
      <trkpt lat="46.476438" lon="11.741650">
        <ele>1420.320128</ele>
        <time>2026-08-21T07:05:53.797Z</time>
      </trkpt>
      <trkpt lat="46.476465" lon="11.741779">
        <ele>1420.337402</ele>
        <time>2026-08-21T07:05:54.914Z</time>
      </trkpt>
      <trkpt lat="46.476497" lon="11.741942">
        <ele>1420.359116</ele>
        <time>2026-08-21T07:05:56.160Z</time>
      </trkpt>
      <trkpt lat="46.476524" lon="11.742077">
        <ele>1420.377126</ele>
        <time>2026-08-21T07:05:57.081Z</time>
      </trkpt>
      <trkpt lat="46.476549" lon="11.742196">
        <ele>1420.393065</ele>
        <time>2026-08-21T07:05:57.899Z</time>
      </trkpt>
      <trkpt lat="46.476805" lon="11.743545">
        <ele>1419.293701</ele>
        <time>2026-08-21T07:06:06.425Z</time>
      </trkpt>
      <trkpt lat="46.476805" lon="11.743953">
        <ele>1418.552351</ele>
        <time>2026-08-21T07:06:08.737Z</time>
      </trkpt>
      <trkpt lat="46.476724" lon="11.744568">
        <ele>1417.414619</ele>
        <time>2026-08-21T07:06:12.156Z</time>
      </trkpt>
      <trkpt lat="46.476731" lon="11.744748">
        <ele>1417.087031</ele>
        <time>2026-08-21T07:06:13.148Z</time>
      </trkpt>
      <trkpt lat="46.476756" lon="11.744975">
        <ele>1416.669323</ele>
        <time>2026-08-21T07:06:14.429Z</time>
      </trkpt>
      <trkpt lat="46.476902" lon="11.745423">
        <ele>1415.768741</ele>
        <time>2026-08-21T07:06:17.277Z</time>
      </trkpt>
      <trkpt lat="46.477060" lon="11.745898">
        <ele>1415.707801</ele>
        <time>2026-08-21T07:06:20.457Z</time>
      </trkpt>
      <trkpt lat="46.477235" lon="11.746456">
        <ele>1415.666561</ele>
        <time>2026-08-21T07:06:24.628Z</time>
      </trkpt>
      <trkpt lat="46.477422" lon="11.747421">
        <ele>1415.599134</ele>
        <time>2026-08-21T07:06:35.200Z</time>
      </trkpt>
      <trkpt lat="46.477584" lon="11.747876">
        <ele>1415.580350</ele>
        <time>2026-08-21T07:06:41.874Z</time>
      </trkpt>
      <trkpt lat="46.477763" lon="11.748287">
        <ele>1415.811031</ele>
        <time>2026-08-21T07:06:46.756Z</time>
      </trkpt>
      <trkpt lat="46.478042" lon="11.748739">
        <ele>1416.098966</ele>
        <time>2026-08-21T07:06:52.366Z</time>
      </trkpt>
      <trkpt lat="46.478208" lon="11.749088">
        <ele>1416.300167</ele>
        <time>2026-08-21T07:06:56.308Z</time>
      </trkpt>
      <trkpt lat="46.478353" lon="11.749566">
        <ele>1416.547933</ele>
        <time>2026-08-21T07:07:00.986Z</time>
      </trkpt>
      <trkpt lat="46.478748" lon="11.750849">
        <ele>1417.627730</ele>
        <time>2026-08-21T07:07:13.804Z</time>
      </trkpt>
      <trkpt lat="46.479191" lon="11.752076">
        <ele>1418.948771</ele>
        <time>2026-08-21T07:07:31.345Z</time>
      </trkpt>
      <trkpt lat="46.479279" lon="11.752721">
        <ele>1419.615804</ele>
        <time>2026-08-21T07:07:38.985Z</time>
      </trkpt>
      <trkpt lat="46.479314" lon="11.753357">
        <ele>1420.311340</ele>
        <time>2026-08-21T07:07:46.183Z</time>
      </trkpt>
      <trkpt lat="46.479256" lon="11.753589">
        <ele>1420.580402</ele>
        <time>2026-08-21T07:07:48.958Z</time>
      </trkpt>
      <trkpt lat="46.479084" lon="11.754040">
        <ele>1421.142419</ele>
        <time>2026-08-21T07:07:54.806Z</time>
      </trkpt>
      <trkpt lat="46.478926" lon="11.754343">
        <ele>1421.556749</ele>
        <time>2026-08-21T07:07:59.229Z</time>
      </trkpt>
      <trkpt lat="46.478827" lon="11.754902">
        <ele>1422.203070</ele>
        <time>2026-08-21T07:08:06.075Z</time>
      </trkpt>
      <trkpt lat="46.478846" lon="11.755106">
        <ele>1422.517999</ele>
        <time>2026-08-21T07:08:08.586Z</time>
      </trkpt>
      <trkpt lat="46.478929" lon="11.755494">
        <ele>1423.139558</ele>
        <time>2026-08-21T07:08:13.669Z</time>
      </trkpt>
      <trkpt lat="46.479106" lon="11.756089">
        <ele>1424.131113</ele>
        <time>2026-08-21T07:08:22.068Z</time>
      </trkpt>
      <trkpt lat="46.479139" lon="11.756297">
        <ele>1424.457655</ele>
        <time>2026-08-21T07:08:24.901Z</time>
      </trkpt>
      <trkpt lat="46.479130" lon="11.756462">
        <ele>1424.710868</ele>
        <time>2026-08-21T07:08:27.120Z</time>
      </trkpt>
      <trkpt lat="46.479118" lon="11.756642">
        <ele>1424.987525</ele>
        <time>2026-08-21T07:08:29.613Z</time>
      </trkpt>
      <trkpt lat="46.478876" lon="11.757612">
        <ele>1426.672163</ele>
        <time>2026-08-21T07:08:44.070Z</time>
      </trkpt>
      <trkpt lat="46.478876" lon="11.757824">
        <ele>1427.077344</ele>
        <time>2026-08-21T07:08:46.850Z</time>
      </trkpt>
      <trkpt lat="46.478904" lon="11.758058">
        <ele>1427.531274</ele>
        <time>2026-08-21T07:08:49.888Z</time>
      </trkpt>
      <trkpt lat="46.479081" lon="11.758695">
        <ele>1428.844104</ele>
        <time>2026-08-21T07:08:58.994Z</time>
      </trkpt>
      <trkpt lat="46.479195" lon="11.759098">
        <ele>1429.676783</ele>
        <time>2026-08-21T07:09:05.106Z</time>
      </trkpt>
      <trkpt lat="46.479309" lon="11.759501">
        <ele>1430.509460</ele>
        <time>2026-08-21T07:09:11.578Z</time>
      </trkpt>
      <trkpt lat="46.479411" lon="11.759897">
        <ele>1431.404281</ele>
        <time>2026-08-21T07:09:18.246Z</time>
      </trkpt>
      <trkpt lat="46.479510" lon="11.760304">
        <ele>1432.613986</ele>
        <time>2026-08-21T07:09:25.347Z</time>
      </trkpt>
      <trkpt lat="46.479533" lon="11.760521">
        <ele>1433.229299</ele>
        <time>2026-08-21T07:09:29.146Z</time>
      </trkpt>
      <trkpt lat="46.479501" lon="11.760914">
        <ele>1434.338370</ele>
        <time>2026-08-21T07:09:36.270Z</time>
      </trkpt>
      <trkpt lat="46.479439" lon="11.761554">
        <ele>1436.149659</ele>
        <time>2026-08-21T07:09:48.620Z</time>
      </trkpt>
      <trkpt lat="46.479406" lon="11.761714">
        <ele>1436.617747</ele>
        <time>2026-08-21T07:09:51.790Z</time>
      </trkpt>
      <trkpt lat="46.479281" lon="11.762043">
        <ele>1437.670819</ele>
        <time>2026-08-21T07:09:58.463Z</time>
      </trkpt>
      <trkpt lat="46.479175" lon="11.762183">
        <ele>1438.253958</ele>
        <time>2026-08-21T07:10:02.055Z</time>
      </trkpt>
      <trkpt lat="46.478651" lon="11.762702">
        <ele>1439.154348</ele>
        <time>2026-08-21T07:10:15.876Z</time>
      </trkpt>
      <trkpt lat="46.478549" lon="11.762882">
        <ele>1439.346940</ele>
        <time>2026-08-21T07:10:18.554Z</time>
      </trkpt>
      <trkpt lat="46.478495" lon="11.763013">
        <ele>1439.473081</ele>
        <time>2026-08-21T07:10:20.113Z</time>
      </trkpt>
      <trkpt lat="46.478458" lon="11.763104">
        <ele>1439.560392</ele>
        <time>2026-08-21T07:10:21.208Z</time>
      </trkpt>
      <trkpt lat="46.478328" lon="11.763286">
        <ele>1439.777042</ele>
        <time>2026-08-21T07:10:23.693Z</time>
      </trkpt>
      <trkpt lat="46.478227" lon="11.763396">
        <ele>1439.928512</ele>
        <time>2026-08-21T07:10:25.352Z</time>
      </trkpt>
      <trkpt lat="46.478043" lon="11.763717">
        <ele>1440.273578</ele>
        <time>2026-08-21T07:10:28.738Z</time>
      </trkpt>
      <trkpt lat="46.477818" lon="11.764270">
        <ele>1440.517325</ele>
        <time>2026-08-21T07:10:32.943Z</time>
      </trkpt>
      <trkpt lat="46.477762" lon="11.764454">
        <ele>1440.438543</ele>
        <time>2026-08-21T07:10:34.203Z</time>
      </trkpt>
      <trkpt lat="46.477675" lon="11.765012">
        <ele>1440.214488</ele>
        <time>2026-08-21T07:10:37.730Z</time>
      </trkpt>
      <trkpt lat="46.477610" lon="11.765265">
        <ele>1440.108737</ele>
        <time>2026-08-21T07:10:39.472Z</time>
      </trkpt>
      <trkpt lat="46.477368" lon="11.765715">
        <ele>1439.885137</ele>
        <time>2026-08-21T07:10:43.442Z</time>
      </trkpt>
      <trkpt lat="46.477300" lon="11.765863">
        <ele>1439.815460</ele>
        <time>2026-08-21T07:10:44.800Z</time>
      </trkpt>
      <trkpt lat="46.477264" lon="11.766058">
        <ele>1439.736397</ele>
        <time>2026-08-21T07:10:46.427Z</time>
      </trkpt>
      <trkpt lat="46.477280" lon="11.766482">
        <ele>1439.669040</ele>
        <time>2026-08-21T07:10:50.040Z</time>
      </trkpt>
      <trkpt lat="46.477312" lon="11.766979">
        <ele>1440.636900</ele>
        <time>2026-08-21T07:10:55.659Z</time>
      </trkpt>
      <trkpt lat="46.477315" lon="11.767049">
        <ele>1440.772889</ele>
        <time>2026-08-21T07:10:56.676Z</time>
      </trkpt>
      <trkpt lat="46.477356" lon="11.767715">
        <ele>1442.069376</ele>
        <time>2026-08-21T07:11:07.222Z</time>
      </trkpt>
      <trkpt lat="46.477421" lon="11.768105">
        <ele>1442.847396</ele>
        <time>2026-08-21T07:11:13.867Z</time>
      </trkpt>
      <trkpt lat="46.477525" lon="11.768398">
        <ele>1443.486531</ele>
        <time>2026-08-21T07:11:19.439Z</time>
      </trkpt>
      <trkpt lat="46.477552" lon="11.768597">
        <ele>1443.879797</ele>
        <time>2026-08-21T07:11:22.856Z</time>
      </trkpt>
      <trkpt lat="46.477527" lon="11.768861">
        <ele>1444.396494</ele>
        <time>2026-08-21T07:11:27.298Z</time>
      </trkpt>
      <trkpt lat="46.477239" lon="11.769849">
        <ele>1445.740226</ele>
        <time>2026-08-21T07:11:43.390Z</time>
      </trkpt>
      <trkpt lat="46.477120" lon="11.770199">
        <ele>1446.191755</ele>
        <time>2026-08-21T07:11:47.850Z</time>
      </trkpt>
      <trkpt lat="46.477079" lon="11.770251">
        <ele>1446.283197</ele>
        <time>2026-08-21T07:11:48.651Z</time>
      </trkpt>
      <trkpt lat="46.477039" lon="11.770303">
        <ele>1446.373380</ele>
        <time>2026-08-21T07:11:49.435Z</time>
      </trkpt>
      <trkpt lat="46.476646" lon="11.770566">
        <ele>1447.100267</ele>
        <time>2026-08-21T07:11:55.613Z</time>
      </trkpt>
      <trkpt lat="46.476449" lon="11.770739">
        <ele>1447.486992</ele>
        <time>2026-08-21T07:11:58.678Z</time>
      </trkpt>
      <trkpt lat="46.476278" lon="11.770945">
        <ele>1447.601213</ele>
        <time>2026-08-21T07:12:01.442Z</time>
      </trkpt>
      <trkpt lat="46.476249" lon="11.770988">
        <ele>1447.574855</ele>
        <time>2026-08-21T07:12:01.946Z</time>
      </trkpt>
      <trkpt lat="46.476157" lon="11.771142">
        <ele>1447.485571</ele>
        <time>2026-08-21T07:12:03.575Z</time>
      </trkpt>
      <trkpt lat="46.476105" lon="11.771226">
        <ele>1447.436104</ele>
        <time>2026-08-21T07:12:04.454Z</time>
      </trkpt>
      <trkpt lat="46.476059" lon="11.771306">
        <ele>1447.390461</ele>
        <time>2026-08-21T07:12:05.268Z</time>
      </trkpt>
      <trkpt lat="46.475942" lon="11.771510">
        <ele>1447.274194</ele>
        <time>2026-08-21T07:12:07.386Z</time>
      </trkpt>
      <trkpt lat="46.475472" lon="11.772314">
        <ele>1446.812327</ele>
        <time>2026-08-21T07:12:15.102Z</time>
      </trkpt>
      <trkpt lat="46.475009" lon="11.773085">
        <ele>1446.193025</ele>
        <time>2026-08-21T07:12:21.447Z</time>
      </trkpt>
      <trkpt lat="46.474882" lon="11.773282">
        <ele>1445.951547</ele>
        <time>2026-08-21T07:12:23.052Z</time>
      </trkpt>
      <trkpt lat="46.474860" lon="11.773316">
        <ele>1445.909798</ele>
        <time>2026-08-21T07:12:23.331Z</time>
      </trkpt>
      <trkpt lat="46.474463" lon="11.773937">
        <ele>1445.151547</ele>
        <time>2026-08-21T07:12:28.509Z</time>
      </trkpt>
      <trkpt lat="46.474290" lon="11.774208">
        <ele>1444.820870</ele>
        <time>2026-08-21T07:12:30.802Z</time>
      </trkpt>
      <trkpt lat="46.474222" lon="11.774312">
        <ele>1444.692538</ele>
        <time>2026-08-21T07:12:31.726Z</time>
      </trkpt>
      <trkpt lat="46.474017" lon="11.774625">
        <ele>1444.305996</ele>
        <time>2026-08-21T07:12:34.777Z</time>
      </trkpt>
      <trkpt lat="46.473555" lon="11.775334">
        <ele>1444.957520</ele>
        <time>2026-08-21T07:12:43.863Z</time>
      </trkpt>
      <trkpt lat="46.473458" lon="11.775478">
        <ele>1445.139541</ele>
        <time>2026-08-21T07:12:46.307Z</time>
      </trkpt>
      <trkpt lat="46.473385" lon="11.775593">
        <ele>1445.280870</ele>
        <time>2026-08-21T07:12:48.236Z</time>
      </trkpt>
      <trkpt lat="46.473182" lon="11.775901">
        <ele>1445.666112</ele>
        <time>2026-08-21T07:12:53.428Z</time>
      </trkpt>
      <trkpt lat="46.473036" lon="11.776128">
        <ele>1445.946784</ele>
        <time>2026-08-21T07:12:57.349Z</time>
      </trkpt>
      <trkpt lat="46.472795" lon="11.776506">
        <ele>1446.412266</ele>
        <time>2026-08-21T07:13:04.154Z</time>
      </trkpt>
      <trkpt lat="46.472705" lon="11.776646">
        <ele>1446.595925</ele>
        <time>2026-08-21T07:13:06.661Z</time>
      </trkpt>
      <trkpt lat="46.472534" lon="11.776733">
        <ele>1446.907813</ele>
        <time>2026-08-21T07:13:09.885Z</time>
      </trkpt>
      <trkpt lat="46.472490" lon="11.776714">
        <ele>1446.986829</ele>
        <time>2026-08-21T07:13:10.676Z</time>
      </trkpt>
      <trkpt lat="46.472400" lon="11.776740">
        <ele>1447.144782</ele>
        <time>2026-08-21T07:13:12.280Z</time>
      </trkpt>
      <trkpt lat="46.472339" lon="11.776839">
        <ele>1447.302258</ele>
        <time>2026-08-21T07:13:13.851Z</time>
      </trkpt>
      <trkpt lat="46.472332" lon="11.776972">
        <ele>1447.460385</ele>
        <time>2026-08-21T07:13:15.439Z</time>
      </trkpt>
      <trkpt lat="46.472349" lon="11.777031">
        <ele>1447.536202</ele>
        <time>2026-08-21T07:13:16.214Z</time>
      </trkpt>
      <trkpt lat="46.472416" lon="11.777115">
        <ele>1447.688571</ele>
        <time>2026-08-21T07:13:17.729Z</time>
      </trkpt>
      <trkpt lat="46.472494" lon="11.777128">
        <ele>1447.823714</ele>
        <time>2026-08-21T07:13:19.082Z</time>
      </trkpt>
      <trkpt lat="46.472628" lon="11.777156">
        <ele>1448.056744</ele>
        <time>2026-08-21T07:13:21.381Z</time>
      </trkpt>
      <trkpt lat="46.472735" lon="11.777137">
        <ele>1448.242295</ele>
        <time>2026-08-21T07:13:23.189Z</time>
      </trkpt>
      <trkpt lat="46.472768" lon="11.777139">
        <ele>1448.299148</ele>
        <time>2026-08-21T07:13:23.727Z</time>
      </trkpt>
      <trkpt lat="46.472769" lon="11.777178">
        <ele>1448.345412</ele>
        <time>2026-08-21T07:13:25.589Z</time>
      </trkpt>
      <trkpt lat="46.472836" lon="11.777173">
        <ele>1448.460892</ele>
        <time>2026-08-21T07:13:30.279Z</time>
      </trkpt>
      <trkpt lat="46.472769" lon="11.777178">
        <ele>1448.576371</ele>
        <time>2026-08-21T07:13:34.969Z</time>
      </trkpt>
      <trkpt lat="46.472768" lon="11.777139">
        <ele>1448.622636</ele>
        <time>2026-08-21T07:13:36.832Z</time>
      </trkpt>
      <trkpt lat="46.473140" lon="11.777117">
        <ele>1449.263490</ele>
        <time>2026-08-21T07:13:42.889Z</time>
      </trkpt>
      <trkpt lat="46.473638" lon="11.777083">
        <ele>1450.661830</ele>
        <time>2026-08-21T07:13:51.213Z</time>
      </trkpt>
      <trkpt lat="46.473681" lon="11.777060">
        <ele>1450.830545</ele>
        <time>2026-08-21T07:13:52.059Z</time>
      </trkpt>
      <trkpt lat="46.474163" lon="11.776810">
        <ele>1452.714956</ele>
        <time>2026-08-21T07:14:03.159Z</time>
      </trkpt>
      <trkpt lat="46.474256" lon="11.776699">
        <ele>1453.158183</ele>
        <time>2026-08-21T07:14:06.490Z</time>
      </trkpt>
      <trkpt lat="46.474388" lon="11.776408">
        <ele>1454.041695</ele>
        <time>2026-08-21T07:14:13.077Z</time>
      </trkpt>
      <trkpt lat="46.474488" lon="11.776256">
        <ele>1454.574692</ele>
        <time>2026-08-21T07:14:16.853Z</time>
      </trkpt>
      <trkpt lat="46.474771" lon="11.775953">
        <ele>1455.869237</ele>
        <time>2026-08-21T07:14:26.125Z</time>
      </trkpt>
      <trkpt lat="46.474880" lon="11.775896">
        <ele>1456.301529</ele>
        <time>2026-08-21T07:14:29.261Z</time>
      </trkpt>
      <trkpt lat="46.475014" lon="11.775894">
        <ele>1456.902825</ele>
        <time>2026-08-21T07:14:32.904Z</time>
      </trkpt>
      <trkpt lat="46.475121" lon="11.775838">
        <ele>1457.413171</ele>
        <time>2026-08-21T07:14:36.088Z</time>
      </trkpt>
      <trkpt lat="46.475286" lon="11.775667">
        <ele>1458.322758</ele>
        <time>2026-08-21T07:14:42.275Z</time>
      </trkpt>
      <trkpt lat="46.475428" lon="11.775519">
        <ele>1459.107057</ele>
        <time>2026-08-21T07:14:47.793Z</time>
      </trkpt>
      <trkpt lat="46.475728" lon="11.775346">
        <ele>1460.555434</ele>
        <time>2026-08-21T07:14:57.451Z</time>
      </trkpt>
      <trkpt lat="46.475816" lon="11.775262">
        <ele>1461.027968</ele>
        <time>2026-08-21T07:15:00.433Z</time>
      </trkpt>
      <trkpt lat="46.475973" lon="11.774985">
        <ele>1462.136530</ele>
        <time>2026-08-21T07:15:06.767Z</time>
      </trkpt>
      <trkpt lat="46.476061" lon="11.774965">
        <ele>1462.536197</ele>
        <time>2026-08-21T07:15:08.763Z</time>
      </trkpt>
      <trkpt lat="46.476116" lon="11.775062">
        <ele>1462.924455</ele>
        <time>2026-08-21T07:15:10.775Z</time>
      </trkpt>
      <trkpt lat="46.476087" lon="11.775199">
        <ele>1463.367337</ele>
        <time>2026-08-21T07:15:13.252Z</time>
      </trkpt>
      <trkpt lat="46.475548" lon="11.775869">
        <ele>1465.373583</ele>
        <time>2026-08-21T07:15:27.604Z</time>
      </trkpt>
      <trkpt lat="46.475487" lon="11.776034">
        <ele>1465.644096</ele>
        <time>2026-08-21T07:15:29.647Z</time>
      </trkpt>
      <trkpt lat="46.475478" lon="11.776196">
        <ele>1465.878865</ele>
        <time>2026-08-21T07:15:31.605Z</time>
      </trkpt>
      <trkpt lat="46.475433" lon="11.776328">
        <ele>1466.091622</ele>
        <time>2026-08-21T07:15:33.138Z</time>
      </trkpt>
      <trkpt lat="46.475295" lon="11.776474">
        <ele>1466.449762</ele>
        <time>2026-08-21T07:15:35.680Z</time>
      </trkpt>
      <trkpt lat="46.475127" lon="11.776519">
        <ele>1466.808092</ele>
        <time>2026-08-21T07:15:38.396Z</time>
      </trkpt>
      <trkpt lat="46.474995" lon="11.776458">
        <ele>1467.098649</ele>
        <time>2026-08-21T07:15:40.709Z</time>
      </trkpt>
      <trkpt lat="46.474881" lon="11.776487">
        <ele>1467.341409</ele>
        <time>2026-08-21T07:15:42.628Z</time>
      </trkpt>
      <trkpt lat="46.474781" lon="11.776648">
        <ele>1467.654591</ele>
        <time>2026-08-21T07:15:45.478Z</time>
      </trkpt>
      <trkpt lat="46.474538" lon="11.777359">
        <ele>1470.125855</ele>
        <time>2026-08-21T07:15:54.741Z</time>
      </trkpt>
      <trkpt lat="46.474313" lon="11.777762">
        <ele>1472.317393</ele>
        <time>2026-08-21T07:16:05.034Z</time>
      </trkpt>
      <trkpt lat="46.474233" lon="11.777843">
        <ele>1472.915619</ele>
        <time>2026-08-21T07:16:08.431Z</time>
      </trkpt>
      <trkpt lat="46.474036" lon="11.777947">
        <ele>1474.201378</ele>
        <time>2026-08-21T07:16:16.093Z</time>
      </trkpt>
      <trkpt lat="46.473885" lon="11.778111">
        <ele>1475.358023</ele>
        <time>2026-08-21T07:16:22.654Z</time>
      </trkpt>
      <trkpt lat="46.473798" lon="11.778259">
        <ele>1476.180004</ele>
        <time>2026-08-21T07:16:26.984Z</time>
      </trkpt>
      <trkpt lat="46.473776" lon="11.778373">
        <ele>1476.680126</ele>
        <time>2026-08-21T07:16:29.641Z</time>
      </trkpt>
      <trkpt lat="46.473829" lon="11.778482">
        <ele>1477.243777</ele>
        <time>2026-08-21T07:16:32.879Z</time>
      </trkpt>
      <trkpt lat="46.473891" lon="11.778500">
        <ele>1477.631604</ele>
        <time>2026-08-21T07:16:34.963Z</time>
      </trkpt>
      <trkpt lat="46.473954" lon="11.778471">
        <ele>1478.036992</ele>
        <time>2026-08-21T07:16:37.365Z</time>
      </trkpt>
      <trkpt lat="46.474114" lon="11.778201">
        <ele>1479.791857</ele>
        <time>2026-08-21T07:16:46.931Z</time>
      </trkpt>
      <trkpt lat="46.474589" lon="11.777725">
        <ele>1485.567125</ele>
        <time>2026-08-21T07:17:15.196Z</time>
      </trkpt>
      <trkpt lat="46.474859" lon="11.777631">
        <ele>1488.345530</ele>
        <time>2026-08-21T07:17:28.968Z</time>
      </trkpt>
      <trkpt lat="46.474993" lon="11.777523">
        <ele>1489.879145</ele>
        <time>2026-08-21T07:17:35.391Z</time>
      </trkpt>
      <trkpt lat="46.475124" lon="11.777493">
        <ele>1491.206236</ele>
        <time>2026-08-21T07:17:41.278Z</time>
      </trkpt>
      <trkpt lat="46.475487" lon="11.777572">
        <ele>1494.879269</ele>
        <time>2026-08-21T07:17:57.670Z</time>
      </trkpt>
      <trkpt lat="46.475802" lon="11.777566">
        <ele>1497.786910</ele>
        <time>2026-08-21T07:18:11.389Z</time>
      </trkpt>
      <trkpt lat="46.476025" lon="11.777485">
        <ele>1499.452855</ele>
        <time>2026-08-21T07:18:20.577Z</time>
      </trkpt>
      <trkpt lat="46.476288" lon="11.777162">
        <ele>1501.949203</ele>
        <time>2026-08-21T07:18:32.886Z</time>
      </trkpt>
      <trkpt lat="46.476458" lon="11.777078">
        <ele>1503.250622</ele>
        <time>2026-08-21T07:18:38.787Z</time>
      </trkpt>
      <trkpt lat="46.476712" lon="11.777060">
        <ele>1505.093630</ele>
        <time>2026-08-21T07:18:46.852Z</time>
      </trkpt>
      <trkpt lat="46.477022" lon="11.776905">
        <ele>1507.469750</ele>
        <time>2026-08-21T07:18:57.106Z</time>
      </trkpt>
      <trkpt lat="46.477752" lon="11.776786">
        <ele>1512.415420</ele>
        <time>2026-08-21T07:19:21.345Z</time>
      </trkpt>
      <trkpt lat="46.477827" lon="11.776768">
        <ele>1512.886658</ele>
        <time>2026-08-21T07:19:23.924Z</time>
      </trkpt>
      <trkpt lat="46.477920" lon="11.776649">
        <ele>1513.655054</ele>
        <time>2026-08-21T07:19:28.142Z</time>
      </trkpt>
      <trkpt lat="46.477968" lon="11.776534">
        <ele>1514.229114</ele>
        <time>2026-08-21T07:19:30.927Z</time>
      </trkpt>
      <trkpt lat="46.478032" lon="11.776456">
        <ele>1514.747066</ele>
        <time>2026-08-21T07:19:33.616Z</time>
      </trkpt>
      <trkpt lat="46.478130" lon="11.776432">
        <ele>1515.363155</ele>
        <time>2026-08-21T07:19:36.830Z</time>
      </trkpt>
      <trkpt lat="46.478165" lon="11.776467">
        <ele>1515.626591</ele>
        <time>2026-08-21T07:19:38.073Z</time>
      </trkpt>
      <trkpt lat="46.478215" lon="11.776617">
        <ele>1516.337995</ele>
        <time>2026-08-21T07:19:41.470Z</time>
      </trkpt>
      <trkpt lat="46.478198" lon="11.776816">
        <ele>1517.194013</ele>
        <time>2026-08-21T07:19:45.274Z</time>
      </trkpt>
      <trkpt lat="46.478175" lon="11.776842">
        <ele>1517.374699</ele>
        <time>2026-08-21T07:19:46.155Z</time>
      </trkpt>
      <trkpt lat="46.478124" lon="11.776902">
        <ele>1517.781586</ele>
        <time>2026-08-21T07:19:47.767Z</time>
      </trkpt>
      <trkpt lat="46.477720" lon="11.777137">
        <ele>1520.479465</ele>
        <time>2026-08-21T07:19:59.414Z</time>
      </trkpt>
      <trkpt lat="46.477568" lon="11.777168">
        <ele>1521.485731</ele>
        <time>2026-08-21T07:20:04.107Z</time>
      </trkpt>
      <trkpt lat="46.477416" lon="11.777163">
        <ele>1522.936003</ele>
        <time>2026-08-21T07:20:10.139Z</time>
      </trkpt>
      <trkpt lat="46.477333" lon="11.777127">
        <ele>1523.762287</ele>
        <time>2026-08-21T07:20:13.762Z</time>
      </trkpt>
      <trkpt lat="46.477256" lon="11.777140">
        <ele>1524.501723</ele>
        <time>2026-08-21T07:20:16.989Z</time>
      </trkpt>
      <trkpt lat="46.477203" lon="11.777216">
        <ele>1525.212230</ele>
        <time>2026-08-21T07:20:20.228Z</time>
      </trkpt>
      <trkpt lat="46.477211" lon="11.777327">
        <ele>1525.945354</ele>
        <time>2026-08-21T07:20:23.355Z</time>
      </trkpt>
      <trkpt lat="46.477255" lon="11.777397">
        <ele>1526.567919</ele>
        <time>2026-08-21T07:20:26.081Z</time>
      </trkpt>
      <trkpt lat="46.477364" lon="11.777408">
        <ele>1527.610158</ele>
        <time>2026-08-21T07:20:30.842Z</time>
      </trkpt>
      <trkpt lat="46.477539" lon="11.777348">
        <ele>1529.325347</ele>
        <time>2026-08-21T07:20:39.394Z</time>
      </trkpt>
      <trkpt lat="46.477854" lon="11.777348">
        <ele>1532.330074</ele>
        <time>2026-08-21T07:20:55.665Z</time>
      </trkpt>
      <trkpt lat="46.478198" lon="11.777422">
        <ele>1535.647235</ele>
        <time>2026-08-21T07:21:13.651Z</time>
      </trkpt>
      <trkpt lat="46.478507" lon="11.777631">
        <ele>1538.778399</ele>
        <time>2026-08-21T07:21:28.594Z</time>
      </trkpt>
      <trkpt lat="46.478527" lon="11.777746">
        <ele>1539.330172</ele>
        <time>2026-08-21T07:21:31.612Z</time>
      </trkpt>
      <trkpt lat="46.478497" lon="11.777830">
        <ele>1539.770365</ele>
        <time>2026-08-21T07:21:34.011Z</time>
      </trkpt>
      <trkpt lat="46.478428" lon="11.777816">
        <ele>1540.241018</ele>
        <time>2026-08-21T07:21:36.309Z</time>
      </trkpt>
      <trkpt lat="46.478221" lon="11.777624">
        <ele>1541.900301</ele>
        <time>2026-08-21T07:21:43.453Z</time>
      </trkpt>
      <trkpt lat="46.478092" lon="11.777609">
        <ele>1542.774541</ele>
        <time>2026-08-21T07:21:46.540Z</time>
      </trkpt>
      <trkpt lat="46.477937" lon="11.777671">
        <ele>1543.860630</ele>
        <time>2026-08-21T07:21:50.088Z</time>
      </trkpt>
      <trkpt lat="46.477753" lon="11.777809">
        <ele>1545.259624</ele>
        <time>2026-08-21T07:21:54.573Z</time>
      </trkpt>
      <trkpt lat="46.477488" lon="11.777871">
        <ele>1547.072899</ele>
        <time>2026-08-21T07:22:01.161Z</time>
      </trkpt>
      <trkpt lat="46.477233" lon="11.777816">
        <ele>1548.814432</ele>
        <time>2026-08-21T07:22:08.511Z</time>
      </trkpt>
      <trkpt lat="46.477182" lon="11.777876">
        <ele>1549.257838</ele>
        <time>2026-08-21T07:22:10.687Z</time>
      </trkpt>
      <trkpt lat="46.477177" lon="11.777928">
        <ele>1549.502093</ele>
        <time>2026-08-21T07:22:11.903Z</time>
      </trkpt>
      <trkpt lat="46.477211" lon="11.778024">
        <ele>1550.004295</ele>
        <time>2026-08-21T07:22:14.667Z</time>
      </trkpt>
      <trkpt lat="46.477274" lon="11.778052">
        <ele>1550.449374</ele>
        <time>2026-08-21T07:22:17.176Z</time>
      </trkpt>
      <trkpt lat="46.477968" lon="11.778045">
        <ele>1559.905278</ele>
        <time>2026-08-21T07:22:54.625Z</time>
      </trkpt>
      <trkpt lat="46.478321" lon="11.778323">
        <ele>1565.491531</ele>
        <time>2026-08-21T07:23:22.691Z</time>
      </trkpt>
      <trkpt lat="46.478779" lon="11.778547">
        <ele>1572.214438</ele>
        <time>2026-08-21T07:23:55.404Z</time>
      </trkpt>
      <trkpt lat="46.479143" lon="11.778553">
        <ele>1576.758101</ele>
        <time>2026-08-21T07:24:16.435Z</time>
      </trkpt>
      <trkpt lat="46.479181" lon="11.778604">
        <ele>1577.246802</ele>
        <time>2026-08-21T07:24:19.165Z</time>
      </trkpt>
      <trkpt lat="46.479177" lon="11.778713">
        <ele>1577.956722</ele>
        <time>2026-08-21T07:24:22.935Z</time>
      </trkpt>
      <trkpt lat="46.479111" lon="11.778759">
        <ele>1578.648150</ele>
        <time>2026-08-21T07:24:26.293Z</time>
      </trkpt>
      <trkpt lat="46.478104" lon="11.778672">
        <ele>1588.175789</ele>
        <time>2026-08-21T07:25:03.842Z</time>
      </trkpt>
      <trkpt lat="46.477804" lon="11.778676">
        <ele>1591.009321</ele>
        <time>2026-08-21T07:25:14.869Z</time>
      </trkpt>
      <trkpt lat="46.477668" lon="11.778702">
        <ele>1592.304885</ele>
        <time>2026-08-21T07:25:19.993Z</time>
      </trkpt>
      <trkpt lat="46.477640" lon="11.778739">
        <ele>1592.661350</ele>
        <time>2026-08-21T07:25:21.453Z</time>
      </trkpt>
      <trkpt lat="46.477622" lon="11.778835">
        <ele>1593.266691</ele>
        <time>2026-08-21T07:25:24.184Z</time>
      </trkpt>
      <trkpt lat="46.477699" lon="11.778902">
        <ele>1594.059770</ele>
        <time>2026-08-21T07:25:27.666Z</time>
      </trkpt>
      <trkpt lat="46.477966" lon="11.778860">
        <ele>1596.432527</ele>
        <time>2026-08-21T07:25:38.280Z</time>
      </trkpt>
      <trkpt lat="46.478115" lon="11.778903">
        <ele>1597.774692</ele>
        <time>2026-08-21T07:25:44.474Z</time>
      </trkpt>
      <trkpt lat="46.478339" lon="11.779104">
        <ele>1600.101089</ele>
        <time>2026-08-21T07:25:55.677Z</time>
      </trkpt>
      <trkpt lat="46.478711" lon="11.779295">
        <ele>1603.587110</ele>
        <time>2026-08-21T07:26:13.035Z</time>
      </trkpt>
      <trkpt lat="46.478969" lon="11.779552">
        <ele>1606.351286</ele>
        <time>2026-08-21T07:26:26.332Z</time>
      </trkpt>
      <trkpt lat="46.479157" lon="11.779641">
        <ele>1608.098306</ele>
        <time>2026-08-21T07:26:36.246Z</time>
      </trkpt>
      <trkpt lat="46.479325" lon="11.779633">
        <ele>1608.950411</ele>
        <time>2026-08-21T07:26:43.869Z</time>
      </trkpt>
      <trkpt lat="46.479433" lon="11.779674">
        <ele>1609.340268</ele>
        <time>2026-08-21T07:26:47.681Z</time>
      </trkpt>
      <trkpt lat="46.479518" lon="11.779796">
        <ele>1609.757650</ele>
        <time>2026-08-21T07:26:50.819Z</time>
      </trkpt>
      <trkpt lat="46.479717" lon="11.780422">
        <ele>1611.415812</ele>
        <time>2026-08-21T07:26:57.503Z</time>
      </trkpt>
      <trkpt lat="46.479793" lon="11.780600">
        <ele>1611.919497</ele>
        <time>2026-08-21T07:26:59.903Z</time>
      </trkpt>
      <trkpt lat="46.479846" lon="11.780627">
        <ele>1612.115655</ele>
        <time>2026-08-21T07:27:01.422Z</time>
      </trkpt>
      <trkpt lat="46.480023" lon="11.780547">
        <ele>1612.763062</ele>
        <time>2026-08-21T07:27:04.986Z</time>
      </trkpt>
      <trkpt lat="46.480092" lon="11.780406">
        <ele>1613.179059</ele>
        <time>2026-08-21T07:27:07.543Z</time>
      </trkpt>
      <trkpt lat="46.480205" lon="11.780110">
        <ele>1613.992986</ele>
        <time>2026-08-21T07:27:13.564Z</time>
      </trkpt>
      <trkpt lat="46.480311" lon="11.779929">
        <ele>1614.564405</ele>
        <time>2026-08-21T07:27:17.645Z</time>
      </trkpt>
      <trkpt lat="46.480395" lon="11.779891">
        <ele>1614.862888</ele>
        <time>2026-08-21T07:27:19.625Z</time>
      </trkpt>
      <trkpt lat="46.480521" lon="11.779913">
        <ele>1615.233197</ele>
        <time>2026-08-21T07:27:21.584Z</time>
      </trkpt>
      <trkpt lat="46.480622" lon="11.780006">
        <ele>1615.582159</ele>
        <time>2026-08-21T07:27:22.696Z</time>
      </trkpt>
      <trkpt lat="46.480676" lon="11.780129">
        <ele>1615.875259</ele>
        <time>2026-08-21T07:27:23.526Z</time>
      </trkpt>
      <trkpt lat="46.480721" lon="11.780519">
        <ele>1616.669810</ele>
        <time>2026-08-21T07:27:25.825Z</time>
      </trkpt>
      <trkpt lat="46.480786" lon="11.780615">
        <ele>1616.940329</ele>
        <time>2026-08-21T07:27:27.202Z</time>
      </trkpt>
      <trkpt lat="46.480861" lon="11.780658">
        <ele>1617.175613</ele>
        <time>2026-08-21T07:27:28.946Z</time>
      </trkpt>
      <trkpt lat="46.480952" lon="11.780637">
        <ele>1617.444478</ele>
        <time>2026-08-21T07:27:31.513Z</time>
      </trkpt>
      <trkpt lat="46.481242" lon="11.780392">
        <ele>1618.423456</ele>
        <time>2026-08-21T07:27:43.133Z</time>
      </trkpt>
      <trkpt lat="46.481411" lon="11.780348">
        <ele>1618.924451</ele>
        <time>2026-08-21T07:27:48.526Z</time>
      </trkpt>
      <trkpt lat="46.481616" lon="11.780472">
        <ele>1619.572443</ele>
        <time>2026-08-21T07:27:53.801Z</time>
      </trkpt>
      <trkpt lat="46.481635" lon="11.780487">
        <ele>1619.635547</ele>
        <time>2026-08-21T07:27:54.283Z</time>
      </trkpt>
      <trkpt lat="46.481740" lon="11.780574">
        <ele>1619.988291</ele>
        <time>2026-08-21T07:27:56.742Z</time>
      </trkpt>
      <trkpt lat="46.481856" lon="11.780624">
        <ele>1620.510506</ele>
        <time>2026-08-21T07:27:59.198Z</time>
      </trkpt>
      <trkpt lat="46.482427" lon="11.780717">
        <ele>1623.219208</ele>
        <time>2026-08-21T07:28:10.918Z</time>
      </trkpt>
      <trkpt lat="46.482711" lon="11.780715">
        <ele>1624.558065</ele>
        <time>2026-08-21T07:28:18.813Z</time>
      </trkpt>
      <trkpt lat="46.482724" lon="11.780715">
        <ele>1624.619350</ele>
        <time>2026-08-21T07:28:19.233Z</time>
      </trkpt>
      <trkpt lat="46.482852" lon="11.780715">
        <ele>1625.222772</ele>
        <time>2026-08-21T07:28:23.033Z</time>
      </trkpt>
      <trkpt lat="46.482967" lon="11.780749">
        <ele>1625.776028</ele>
        <time>2026-08-21T07:28:26.439Z</time>
      </trkpt>
      <trkpt lat="46.483146" lon="11.780804">
        <ele>1626.638555</ele>
        <time>2026-08-21T07:28:31.624Z</time>
      </trkpt>
      <trkpt lat="46.483752" lon="11.781247">
        <ele>1630.552524</ele>
        <time>2026-08-21T07:28:52.758Z</time>
      </trkpt>
      <trkpt lat="46.483823" lon="11.781299">
        <ele>1631.135178</ele>
        <time>2026-08-21T07:28:55.541Z</time>
      </trkpt>
      <trkpt lat="46.483886" lon="11.781343">
        <ele>1631.647408</ele>
        <time>2026-08-21T07:28:58.060Z</time>
      </trkpt>
      <trkpt lat="46.483958" lon="11.781394">
        <ele>1632.234384</ele>
        <time>2026-08-21T07:29:00.996Z</time>
      </trkpt>
      <trkpt lat="46.484031" lon="11.781445">
        <ele>1632.827954</ele>
        <time>2026-08-21T07:29:03.754Z</time>
      </trkpt>
      <trkpt lat="46.484934" lon="11.782080">
        <ele>1640.179398</ele>
        <time>2026-08-21T07:29:37.767Z</time>
      </trkpt>
      <trkpt lat="46.485251" lon="11.782141">
        <ele>1642.585154</ele>
        <time>2026-08-21T07:29:51.960Z</time>
      </trkpt>
      <trkpt lat="46.485346" lon="11.782170">
        <ele>1643.352382</ele>
        <time>2026-08-21T07:29:56.430Z</time>
      </trkpt>
      <trkpt lat="46.485388" lon="11.782183">
        <ele>1643.691779</ele>
        <time>2026-08-21T07:29:58.343Z</time>
      </trkpt>
      <trkpt lat="46.485521" lon="11.782223">
        <ele>1644.765231</ele>
        <time>2026-08-21T07:30:04.341Z</time>
      </trkpt>
      <trkpt lat="46.485585" lon="11.782242">
        <ele>1645.281508</ele>
        <time>2026-08-21T07:30:07.193Z</time>
      </trkpt>
      <trkpt lat="46.485773" lon="11.782402">
        <ele>1647.003659</ele>
        <time>2026-08-21T07:30:16.389Z</time>
      </trkpt>
      <trkpt lat="46.486128" lon="11.782644">
        <ele>1650.103047</ele>
        <time>2026-08-21T07:30:31.721Z</time>
      </trkpt>
      <trkpt lat="46.486284" lon="11.782735">
        <ele>1651.431706</ele>
        <time>2026-08-21T07:30:38.171Z</time>
      </trkpt>
      <trkpt lat="46.486797" lon="11.782767">
        <ele>1655.489884</ele>
        <time>2026-08-21T07:30:56.750Z</time>
      </trkpt>
      <trkpt lat="46.486903" lon="11.782771">
        <ele>1656.253056</ele>
        <time>2026-08-21T07:30:59.252Z</time>
      </trkpt>
      <trkpt lat="46.487000" lon="11.782769">
        <ele>1656.871573</ele>
        <time>2026-08-21T07:31:01.224Z</time>
      </trkpt>
      <trkpt lat="46.487111" lon="11.782760">
        <ele>1657.580392</ele>
        <time>2026-08-21T07:31:03.501Z</time>
      </trkpt>
      <trkpt lat="46.487222" lon="11.782750">
        <ele>1658.289469</ele>
        <time>2026-08-21T07:31:06.143Z</time>
      </trkpt>
      <trkpt lat="46.487549" lon="11.782721">
        <ele>1660.378247</ele>
        <time>2026-08-21T07:31:14.380Z</time>
      </trkpt>
      <trkpt lat="46.487723" lon="11.782641">
        <ele>1661.541899</ele>
        <time>2026-08-21T07:31:18.943Z</time>
      </trkpt>
      <trkpt lat="46.487893" lon="11.782474">
        <ele>1662.850430</ele>
        <time>2026-08-21T07:31:24.484Z</time>
      </trkpt>
      <trkpt lat="46.487973" lon="11.782399">
        <ele>1663.457524</ele>
        <time>2026-08-21T07:31:27.200Z</time>
      </trkpt>
      <trkpt lat="46.488077" lon="11.782360">
        <ele>1664.142355</ele>
        <time>2026-08-21T07:31:30.648Z</time>
      </trkpt>
      <trkpt lat="46.488175" lon="11.782440">
        <ele>1664.859114</ele>
        <time>2026-08-21T07:31:34.225Z</time>
      </trkpt>
      <trkpt lat="46.488186" lon="11.782510">
        <ele>1665.174301</ele>
        <time>2026-08-21T07:31:36.088Z</time>
      </trkpt>
      <trkpt lat="46.488166" lon="11.782573">
        <ele>1665.478839</ele>
        <time>2026-08-21T07:31:37.640Z</time>
      </trkpt>
      <trkpt lat="46.488098" lon="11.782675">
        <ele>1666.102104</ele>
        <time>2026-08-21T07:31:41.495Z</time>
      </trkpt>
      <trkpt lat="46.488048" lon="11.782666">
        <ele>1666.423334</ele>
        <time>2026-08-21T07:31:47.079Z</time>
      </trkpt>
      <trkpt lat="46.487979" lon="11.782705">
        <ele>1666.895404</ele>
        <time>2026-08-21T07:31:56.121Z</time>
      </trkpt>
      <trkpt lat="46.487931" lon="11.782777">
        <ele>1667.335356</ele>
        <time>2026-08-21T07:32:04.782Z</time>
      </trkpt>
      <trkpt lat="46.487921" lon="11.782895">
        <ele>1668.093141</ele>
        <time>2026-08-21T07:32:15.409Z</time>
      </trkpt>
      <trkpt lat="46.487766" lon="11.783095">
        <ele>1670.109720</ele>
        <time>2026-08-21T07:32:26.113Z</time>
      </trkpt>
      <trkpt lat="46.487422" lon="11.783367">
        <ele>1673.919254</ele>
        <time>2026-08-21T07:32:47.120Z</time>
      </trkpt>
      <trkpt lat="46.487182" lon="11.783451">
        <ele>1676.320390</ele>
        <time>2026-08-21T07:32:57.892Z</time>
      </trkpt>
      <trkpt lat="46.487106" lon="11.783540">
        <ele>1677.269938</ele>
        <time>2026-08-21T07:33:01.567Z</time>
      </trkpt>
      <trkpt lat="46.487094" lon="11.783616">
        <ele>1677.792101</ele>
        <time>2026-08-21T07:33:03.680Z</time>
      </trkpt>
      <trkpt lat="46.487153" lon="11.783718">
        <ele>1678.684226</ele>
        <time>2026-08-21T07:33:07.138Z</time>
      </trkpt>
      <trkpt lat="46.487229" lon="11.783732">
        <ele>1679.429347</ele>
        <time>2026-08-21T07:33:10.107Z</time>
      </trkpt>
      <trkpt lat="46.487339" lon="11.783700">
        <ele>1680.520491</ele>
        <time>2026-08-21T07:33:14.415Z</time>
      </trkpt>
      <trkpt lat="46.487706" lon="11.783556">
        <ele>1684.218008</ele>
        <time>2026-08-21T07:33:30.034Z</time>
      </trkpt>
      <trkpt lat="46.488044" lon="11.783445">
        <ele>1687.109163</ele>
        <time>2026-08-21T07:33:44.501Z</time>
      </trkpt>
      <trkpt lat="46.488407" lon="11.783416">
        <ele>1690.014128</ele>
        <time>2026-08-21T07:33:57.283Z</time>
      </trkpt>
      <trkpt lat="46.488545" lon="11.783493">
        <ele>1691.195398</ele>
        <time>2026-08-21T07:34:02.452Z</time>
      </trkpt>
      <trkpt lat="46.488719" lon="11.783662">
        <ele>1692.867984</ele>
        <time>2026-08-21T07:34:10.693Z</time>
      </trkpt>
      <trkpt lat="46.488842" lon="11.783742">
        <ele>1693.944870</ele>
        <time>2026-08-21T07:34:16.476Z</time>
      </trkpt>
      <trkpt lat="46.488984" lon="11.783786">
        <ele>1695.105065</ele>
        <time>2026-08-21T07:34:22.664Z</time>
      </trkpt>
      <trkpt lat="46.489745" lon="11.783659">
        <ele>1700.568604</ele>
        <time>2026-08-21T07:34:50.994Z</time>
      </trkpt>
      <trkpt lat="46.489838" lon="11.783598">
        <ele>1701.109303</ele>
        <time>2026-08-21T07:34:53.700Z</time>
      </trkpt>
      <trkpt lat="46.489906" lon="11.783497">
        <ele>1701.624654</ele>
        <time>2026-08-21T07:34:56.076Z</time>
      </trkpt>
      <trkpt lat="46.489949" lon="11.783377">
        <ele>1702.118168</ele>
        <time>2026-08-21T07:34:58.079Z</time>
      </trkpt>
      <trkpt lat="46.490084" lon="11.782491">
        <ele>1705.428574</ele>
        <time>2026-08-21T07:35:09.636Z</time>
      </trkpt>
      <trkpt lat="46.490220" lon="11.781610">
        <ele>1708.722321</ele>
        <time>2026-08-21T07:35:29.748Z</time>
      </trkpt>
      <trkpt lat="46.490320" lon="11.781494">
        <ele>1709.828165</ele>
        <time>2026-08-21T07:35:34.377Z</time>
      </trkpt>
      <trkpt lat="46.490399" lon="11.781502">
        <ele>1710.549349</ele>
        <time>2026-08-21T07:35:37.209Z</time>
      </trkpt>
      <trkpt lat="46.490792" lon="11.781697">
        <ele>1714.331395</ele>
        <time>2026-08-21T07:35:53.676Z</time>
      </trkpt>
      <trkpt lat="46.490999" lon="11.781787">
        <ele>1716.299148</ele>
        <time>2026-08-21T07:36:03.255Z</time>
      </trkpt>
      <trkpt lat="46.491015" lon="11.781795">
        <ele>1716.453249</ele>
        <time>2026-08-21T07:36:04.042Z</time>
      </trkpt>
      <trkpt lat="46.491055" lon="11.781813">
        <ele>1716.834603</ele>
        <time>2026-08-21T07:36:06.041Z</time>
      </trkpt>
      <trkpt lat="46.491157" lon="11.781858">
        <ele>1717.805401</ele>
        <time>2026-08-21T07:36:11.127Z</time>
      </trkpt>
      <trkpt lat="46.491283" lon="11.781922">
        <ele>1719.020997</ele>
        <time>2026-08-21T07:36:17.758Z</time>
      </trkpt>
      <trkpt lat="46.491498" lon="11.782034">
        <ele>1721.101075</ele>
        <time>2026-08-21T07:36:29.895Z</time>
      </trkpt>
      <trkpt lat="46.491537" lon="11.782052">
        <ele>1721.473739</ele>
        <time>2026-08-21T07:36:32.006Z</time>
      </trkpt>
      <trkpt lat="46.491804" lon="11.782216">
        <ele>1724.113728</ele>
        <time>2026-08-21T07:36:44.729Z</time>
      </trkpt>
      <trkpt lat="46.491884" lon="11.782355">
        <ele>1725.238395</ele>
        <time>2026-08-21T07:36:48.878Z</time>
      </trkpt>
      <trkpt lat="46.491904" lon="11.782535">
        <ele>1726.182298</ele>
        <time>2026-08-21T07:36:52.890Z</time>
      </trkpt>
      <trkpt lat="46.491862" lon="11.782690">
        <ele>1727.044636</ele>
        <time>2026-08-21T07:36:56.342Z</time>
      </trkpt>
      <trkpt lat="46.491773" lon="11.782782">
        <ele>1727.866053</ele>
        <time>2026-08-21T07:36:59.553Z</time>
      </trkpt>
      <trkpt lat="46.491375" lon="11.782839">
        <ele>1730.873364</ele>
        <time>2026-08-21T07:37:13.410Z</time>
      </trkpt>
      <trkpt lat="46.491317" lon="11.782866">
        <ele>1731.331352</ele>
        <time>2026-08-21T07:37:15.528Z</time>
      </trkpt>
      <trkpt lat="46.491243" lon="11.782963">
        <ele>1732.080891</ele>
        <time>2026-08-21T07:37:19.348Z</time>
      </trkpt>
      <trkpt lat="46.491239" lon="11.783093">
        <ele>1732.754570</ele>
        <time>2026-08-21T07:37:22.665Z</time>
      </trkpt>
      <trkpt lat="46.491267" lon="11.783209">
        <ele>1733.390940</ele>
        <time>2026-08-21T07:37:25.926Z</time>
      </trkpt>
      <trkpt lat="46.491343" lon="11.783357">
        <ele>1734.346790</ele>
        <time>2026-08-21T07:37:30.714Z</time>
      </trkpt>
      <trkpt lat="46.491510" lon="11.783575">
        <ele>1736.035178</ele>
        <time>2026-08-21T07:37:39.048Z</time>
      </trkpt>
      <trkpt lat="46.491779" lon="11.783927">
        <ele>1738.742735</ele>
        <time>2026-08-21T07:37:52.349Z</time>
      </trkpt>
      <trkpt lat="46.492012" lon="11.784192">
        <ele>1740.264933</ele>
        <time>2026-08-21T07:38:02.011Z</time>
      </trkpt>
      <trkpt lat="46.492455" lon="11.784371">
        <ele>1742.630160</ele>
        <time>2026-08-21T07:38:15.083Z</time>
      </trkpt>
      <trkpt lat="46.492492" lon="11.784487">
        <ele>1743.082892</ele>
        <time>2026-08-21T07:38:17.230Z</time>
      </trkpt>
      <trkpt lat="46.492456" lon="11.784584">
        <ele>1743.473127</ele>
        <time>2026-08-21T07:38:19.005Z</time>
      </trkpt>
      <trkpt lat="46.492356" lon="11.784602">
        <ele>1743.991441</ele>
        <time>2026-08-21T07:38:21.414Z</time>
      </trkpt>
      <trkpt lat="46.491759" lon="11.784257">
        <ele>1747.296401</ele>
        <time>2026-08-21T07:38:37.485Z</time>
      </trkpt>
      <trkpt lat="46.491574" lon="11.784228">
        <ele>1748.336160</ele>
        <time>2026-08-21T07:38:42.166Z</time>
      </trkpt>
      <trkpt lat="46.491429" lon="11.784267">
        <ele>1749.309776</ele>
        <time>2026-08-21T07:38:46.113Z</time>
      </trkpt>
      <trkpt lat="46.491364" lon="11.784328">
        <ele>1749.820710</ele>
        <time>2026-08-21T07:38:48.292Z</time>
      </trkpt>
      <trkpt lat="46.491349" lon="11.784510">
        <ele>1750.653895</ele>
        <time>2026-08-21T07:38:52.092Z</time>
      </trkpt>
      <trkpt lat="46.491386" lon="11.784566">
        <ele>1751.006699</ele>
        <time>2026-08-21T07:38:53.847Z</time>
      </trkpt>
      <trkpt lat="46.491465" lon="11.784599">
        <ele>1751.549425</ele>
        <time>2026-08-21T07:38:56.461Z</time>
      </trkpt>
      <trkpt lat="46.491649" lon="11.784489">
        <ele>1752.863131</ele>
        <time>2026-08-21T07:39:03.437Z</time>
      </trkpt>
      <trkpt lat="46.491762" lon="11.784483">
        <ele>1753.609695</ele>
        <time>2026-08-21T07:39:07.853Z</time>
      </trkpt>
      <trkpt lat="46.491870" lon="11.784531">
        <ele>1754.355382</ele>
        <time>2026-08-21T07:39:12.266Z</time>
      </trkpt>
      <trkpt lat="46.492613" lon="11.785425">
        <ele>1760.712601</ele>
        <time>2026-08-21T07:39:47.432Z</time>
      </trkpt>
      <trkpt lat="46.492709" lon="11.785503">
        <ele>1761.428373</ele>
        <time>2026-08-21T07:39:50.660Z</time>
      </trkpt>
      <trkpt lat="46.492821" lon="11.785536">
        <ele>1762.172014</ele>
        <time>2026-08-21T07:39:53.897Z</time>
      </trkpt>
      <trkpt lat="46.492916" lon="11.785482">
        <ele>1762.835839</ele>
        <time>2026-08-21T07:39:56.736Z</time>
      </trkpt>
      <trkpt lat="46.492973" lon="11.785374">
        <ele>1763.445471</ele>
        <time>2026-08-21T07:39:59.347Z</time>
      </trkpt>
      <trkpt lat="46.493087" lon="11.784918">
        <ele>1765.618775</ele>
        <time>2026-08-21T07:40:08.434Z</time>
      </trkpt>
      <trkpt lat="46.493352" lon="11.784598">
        <ele>1767.861211</ele>
        <time>2026-08-21T07:40:18.315Z</time>
      </trkpt>
      <trkpt lat="46.493511" lon="11.784468">
        <ele>1769.048486</ele>
        <time>2026-08-21T07:40:23.987Z</time>
      </trkpt>
      <trkpt lat="46.493760" lon="11.784337">
        <ele>1770.771762</ele>
        <time>2026-08-21T07:40:33.122Z</time>
      </trkpt>
      <trkpt lat="46.493950" lon="11.784299">
        <ele>1772.374028</ele>
        <time>2026-08-21T07:40:40.492Z</time>
      </trkpt>
      <trkpt lat="46.494091" lon="11.784413">
        <ele>1774.201676</ele>
        <time>2026-08-21T07:40:47.269Z</time>
      </trkpt>
      <trkpt lat="46.494153" lon="11.784578">
        <ele>1775.667348</ele>
        <time>2026-08-21T07:40:53.079Z</time>
      </trkpt>
      <trkpt lat="46.494209" lon="11.784850">
        <ele>1777.880945</ele>
        <time>2026-08-21T07:41:02.821Z</time>
      </trkpt>
      <trkpt lat="46.494327" lon="11.785071">
        <ele>1780.061610</ele>
        <time>2026-08-21T07:41:13.003Z</time>
      </trkpt>
      <trkpt lat="46.494547" lon="11.785333">
        <ele>1783.283651</ele>
        <time>2026-08-21T07:41:28.222Z</time>
      </trkpt>
      <trkpt lat="46.494922" lon="11.785559">
        <ele>1787.881868</ele>
        <time>2026-08-21T07:41:49.581Z</time>
      </trkpt>
      <trkpt lat="46.495088" lon="11.785760">
        <ele>1790.329473</ele>
        <time>2026-08-21T07:42:00.647Z</time>
      </trkpt>
      <trkpt lat="46.495372" lon="11.786214">
        <ele>1795.118103</ele>
        <time>2026-08-21T07:42:21.511Z</time>
      </trkpt>
      <trkpt lat="46.495676" lon="11.786478">
        <ele>1799.136703</ele>
        <time>2026-08-21T07:42:39.249Z</time>
      </trkpt>
      <trkpt lat="46.495744" lon="11.786586">
        <ele>1800.279885</ele>
        <time>2026-08-21T07:42:44.387Z</time>
      </trkpt>
      <trkpt lat="46.495948" lon="11.787211">
        <ele>1805.682527</ele>
        <time>2026-08-21T07:43:07.062Z</time>
      </trkpt>
      <trkpt lat="46.495946" lon="11.787292">
        <ele>1806.315603</ele>
        <time>2026-08-21T07:43:09.574Z</time>
      </trkpt>
      <trkpt lat="46.495893" lon="11.787394">
        <ele>1807.313770</ele>
        <time>2026-08-21T07:43:13.875Z</time>
      </trkpt>
      <trkpt lat="46.495988" lon="11.787671">
        <ele>1809.730973</ele>
        <time>2026-08-21T07:43:23.947Z</time>
      </trkpt>
      <trkpt lat="46.496041" lon="11.788007">
        <ele>1812.402728</ele>
        <time>2026-08-21T07:43:35.404Z</time>
      </trkpt>
      <trkpt lat="46.496068" lon="11.788301">
        <ele>1814.255900</ele>
        <time>2026-08-21T07:43:44.922Z</time>
      </trkpt>
      <trkpt lat="46.496045" lon="11.788412">
        <ele>1814.980158</ele>
        <time>2026-08-21T07:43:48.693Z</time>
      </trkpt>
      <trkpt lat="46.495960" lon="11.788471">
        <ele>1815.835165</ele>
        <time>2026-08-21T07:43:52.845Z</time>
      </trkpt>
      <trkpt lat="46.495881" lon="11.788430">
        <ele>1816.596555</ele>
        <time>2026-08-21T07:43:56.619Z</time>
      </trkpt>
      <trkpt lat="46.495850" lon="11.788372">
        <ele>1817.055338</ele>
        <time>2026-08-21T07:43:58.656Z</time>
      </trkpt>
      <trkpt lat="46.495799" lon="11.788042">
        <ele>1819.168490</ele>
        <time>2026-08-21T07:44:08.103Z</time>
      </trkpt>
      <trkpt lat="46.495717" lon="11.787990">
        <ele>1819.980547</ele>
        <time>2026-08-21T07:44:11.393Z</time>
      </trkpt>
      <trkpt lat="46.495673" lon="11.787998">
        <ele>1820.383006</ele>
        <time>2026-08-21T07:44:13.088Z</time>
      </trkpt>
      <trkpt lat="46.495597" lon="11.788101">
        <ele>1821.326372</ele>
        <time>2026-08-21T07:44:16.792Z</time>
      </trkpt>
      <trkpt lat="46.495590" lon="11.788316">
        <ele>1822.671195</ele>
        <time>2026-08-21T07:44:22.126Z</time>
      </trkpt>
      <trkpt lat="46.495661" lon="11.788631">
        <ele>1824.742123</ele>
        <time>2026-08-21T07:44:30.749Z</time>
      </trkpt>
      <trkpt lat="46.496028" lon="11.789202">
        <ele>1829.476222</ele>
        <time>2026-08-21T07:44:52.116Z</time>
      </trkpt>
      <trkpt lat="46.496181" lon="11.789412">
        <ele>1831.100138</ele>
        <time>2026-08-21T07:45:00.717Z</time>
      </trkpt>
      <trkpt lat="46.496270" lon="11.789535">
        <ele>1832.047848</ele>
        <time>2026-08-21T07:45:05.567Z</time>
      </trkpt>
      <trkpt lat="46.496294" lon="11.789567">
        <ele>1832.299173</ele>
        <time>2026-08-21T07:45:06.984Z</time>
      </trkpt>
      <trkpt lat="46.496421" lon="11.789665">
        <ele>1833.408605</ele>
        <time>2026-08-21T07:45:12.726Z</time>
      </trkpt>
      <trkpt lat="46.496463" lon="11.789683">
        <ele>1833.746433</ele>
        <time>2026-08-21T07:45:14.421Z</time>
      </trkpt>
      <trkpt lat="46.496939" lon="11.789887">
        <ele>1837.575142</ele>
        <time>2026-08-21T07:45:34.332Z</time>
      </trkpt>
      <trkpt lat="46.497153" lon="11.790040">
        <ele>1839.415224</ele>
        <time>2026-08-21T07:45:43.711Z</time>
      </trkpt>
      <trkpt lat="46.497796" lon="11.790613">
        <ele>1843.662614</ele>
        <time>2026-08-21T07:46:05.927Z</time>
      </trkpt>
      <trkpt lat="46.498147" lon="11.790752">
        <ele>1844.843480</ele>
        <time>2026-08-21T07:46:13.048Z</time>
      </trkpt>
      <trkpt lat="46.498408" lon="11.790827">
        <ele>1845.707060</ele>
        <time>2026-08-21T07:46:17.477Z</time>
      </trkpt>
      <trkpt lat="46.498641" lon="11.790882">
        <ele>1846.473261</ele>
        <time>2026-08-21T07:46:21.152Z</time>
      </trkpt>
      <trkpt lat="46.498699" lon="11.790887">
        <ele>1846.661851</ele>
        <time>2026-08-21T07:46:22.063Z</time>
      </trkpt>
      <trkpt lat="46.499409" lon="11.790703">
        <ele>1849.573350</ele>
        <time>2026-08-21T07:46:36.242Z</time>
      </trkpt>
      <trkpt lat="46.499763" lon="11.790601">
        <ele>1851.782655</ele>
        <time>2026-08-21T07:46:46.802Z</time>
      </trkpt>
      <trkpt lat="46.500081" lon="11.790624">
        <ele>1853.731774</ele>
        <time>2026-08-21T07:46:57.900Z</time>
      </trkpt>
      <trkpt lat="46.500384" lon="11.790845">
        <ele>1855.807311</ele>
        <time>2026-08-21T07:47:10.929Z</time>
      </trkpt>
      <trkpt lat="46.501188" lon="11.791521">
        <ele>1861.094698</ele>
        <time>2026-08-21T07:47:43.621Z</time>
      </trkpt>
      <trkpt lat="46.501339" lon="11.791601">
        <ele>1861.893666</ele>
        <time>2026-08-21T07:47:48.287Z</time>
      </trkpt>
      <trkpt lat="46.501507" lon="11.791626">
        <ele>1862.733153</ele>
        <time>2026-08-21T07:47:52.757Z</time>
      </trkpt>
      <trkpt lat="46.501744" lon="11.791585">
        <ele>1863.919590</ele>
        <time>2026-08-21T07:47:58.516Z</time>
      </trkpt>
      <trkpt lat="46.502103" lon="11.791439">
        <ele>1865.772762</ele>
        <time>2026-08-21T07:48:06.615Z</time>
      </trkpt>
      <trkpt lat="46.502315" lon="11.791354">
        <ele>1866.865998</ele>
        <time>2026-08-21T07:48:11.470Z</time>
      </trkpt>
      <trkpt lat="46.502697" lon="11.791193">
        <ele>1869.174589</ele>
        <time>2026-08-21T07:48:21.423Z</time>
      </trkpt>
      <trkpt lat="46.502744" lon="11.791166">
        <ele>1869.582143</ele>
        <time>2026-08-21T07:48:22.918Z</time>
      </trkpt>
      <trkpt lat="46.502766" lon="11.791154">
        <ele>1869.771639</ele>
        <time>2026-08-21T07:48:23.606Z</time>
      </trkpt>
      <trkpt lat="46.502804" lon="11.791133">
        <ele>1870.099486</ele>
        <time>2026-08-21T07:48:24.895Z</time>
      </trkpt>
      <trkpt lat="46.502853" lon="11.791089">
        <ele>1870.563997</ele>
        <time>2026-08-21T07:48:26.704Z</time>
      </trkpt>
      <trkpt lat="46.502982" lon="11.790949">
        <ele>1871.862429</ele>
        <time>2026-08-21T07:48:32.176Z</time>
      </trkpt>
      <trkpt lat="46.503495" lon="11.790210">
        <ele>1877.688008</ele>
        <time>2026-08-21T07:49:00.514Z</time>
      </trkpt>
      <trkpt lat="46.503580" lon="11.789975">
        <ele>1879.161486</ele>
        <time>2026-08-21T07:49:08.480Z</time>
      </trkpt>
      <trkpt lat="46.503568" lon="11.789770">
        <ele>1880.303429</ele>
        <time>2026-08-21T07:49:14.871Z</time>
      </trkpt>
      <trkpt lat="46.503495" lon="11.789570">
        <ele>1881.559936</ele>
        <time>2026-08-21T07:49:22.012Z</time>
      </trkpt>
      <trkpt lat="46.503079" lon="11.788738">
        <ele>1888.336849</ele>
        <time>2026-08-21T07:49:52.839Z</time>
      </trkpt>
      <trkpt lat="46.502568" lon="11.788013">
        <ele>1895.479235</ele>
        <time>2026-08-21T07:50:23.883Z</time>
      </trkpt>
      <trkpt lat="46.502450" lon="11.787689">
        <ele>1898.002296</ele>
        <time>2026-08-21T07:50:35.229Z</time>
      </trkpt>
      <trkpt lat="46.502221" lon="11.786533">
        <ele>1905.488234</ele>
        <time>2026-08-21T07:51:12.968Z</time>
      </trkpt>
      <trkpt lat="46.501968" lon="11.785531">
        <ele>1911.770515</ele>
        <time>2026-08-21T07:51:40.880Z</time>
      </trkpt>
      <trkpt lat="46.501923" lon="11.785378">
        <ele>1912.749877</ele>
        <time>2026-08-21T07:51:44.942Z</time>
      </trkpt>
      <trkpt lat="46.501857" lon="11.785256">
        <ele>1913.663245</ele>
        <time>2026-08-21T07:51:48.594Z</time>
      </trkpt>
      <trkpt lat="46.501833" lon="11.785212">
        <ele>1913.993699</ele>
        <time>2026-08-21T07:51:49.950Z</time>
      </trkpt>
      <trkpt lat="46.501635" lon="11.784971">
        <ele>1916.202982</ele>
        <time>2026-08-21T07:51:58.690Z</time>
      </trkpt>
      <trkpt lat="46.501434" lon="11.784726">
        <ele>1918.486859</ele>
        <time>2026-08-21T07:52:07.564Z</time>
      </trkpt>
      <trkpt lat="46.501032" lon="11.783855">
        <ele>1924.770203</ele>
        <time>2026-08-21T07:52:33.627Z</time>
      </trkpt>
      <trkpt lat="46.500597" lon="11.783012">
        <ele>1931.082944</ele>
        <time>2026-08-21T07:53:05.474Z</time>
      </trkpt>
      <trkpt lat="46.500576" lon="11.782898">
        <ele>1931.790044</ele>
        <time>2026-08-21T07:53:08.879Z</time>
      </trkpt>
      <trkpt lat="46.500595" lon="11.782838">
        <ele>1932.322456</ele>
        <time>2026-08-21T07:53:10.864Z</time>
      </trkpt>
      <trkpt lat="46.500689" lon="11.782814">
        <ele>1933.479927</ele>
        <time>2026-08-21T07:53:14.842Z</time>
      </trkpt>
      <trkpt lat="46.500762" lon="11.782896">
        <ele>1934.599024</ele>
        <time>2026-08-21T07:53:18.624Z</time>
      </trkpt>
      <trkpt lat="46.501120" lon="11.783587">
        <ele>1941.818814</ele>
        <time>2026-08-21T07:53:50.798Z</time>
      </trkpt>
      <trkpt lat="46.501211" lon="11.783709">
        <ele>1943.320548</ele>
        <time>2026-08-21T07:53:58.628Z</time>
      </trkpt>
      <trkpt lat="46.501407" lon="11.783824">
        <ele>1945.884108</ele>
        <time>2026-08-21T07:54:11.768Z</time>
      </trkpt>
      <trkpt lat="46.501537" lon="11.783840">
        <ele>1947.466349</ele>
        <time>2026-08-21T07:54:19.013Z</time>
      </trkpt>
      <trkpt lat="46.501579" lon="11.783845">
        <ele>1947.977418</ele>
        <time>2026-08-21T07:54:21.165Z</time>
      </trkpt>
      <trkpt lat="46.501882" lon="11.783835">
        <ele>1951.653043</ele>
        <time>2026-08-21T07:54:35.332Z</time>
      </trkpt>
      <trkpt lat="46.502136" lon="11.783849">
        <ele>1954.510451</ele>
        <time>2026-08-21T07:54:46.443Z</time>
      </trkpt>
      <trkpt lat="46.502153" lon="11.783851">
        <ele>1954.674325</ele>
        <time>2026-08-21T07:54:47.211Z</time>
      </trkpt>
      <trkpt lat="46.502304" lon="11.783937">
        <ele>1956.232674</ele>
        <time>2026-08-21T07:54:54.529Z</time>
      </trkpt>
      <trkpt lat="46.502427" lon="11.784068">
        <ele>1957.698040</ele>
        <time>2026-08-21T07:55:01.701Z</time>
      </trkpt>
      <trkpt lat="46.502640" lon="11.784809">
        <ele>1963.008860</ele>
        <time>2026-08-21T07:55:27.898Z</time>
      </trkpt>
      <trkpt lat="46.502699" lon="11.785038">
        <ele>1964.625981</ele>
        <time>2026-08-21T07:55:34.424Z</time>
      </trkpt>
      <trkpt lat="46.502810" lon="11.785220">
        <ele>1966.234167</ele>
        <time>2026-08-21T07:55:40.122Z</time>
      </trkpt>
      <trkpt lat="46.503312" lon="11.785875">
        <ele>1972.807236</ele>
        <time>2026-08-21T07:56:04.751Z</time>
      </trkpt>
      <trkpt lat="46.503685" lon="11.786258">
        <ele>1977.417405</ele>
        <time>2026-08-21T07:56:24.521Z</time>
      </trkpt>
      <trkpt lat="46.503912" lon="11.786493">
        <ele>1980.230749</ele>
        <time>2026-08-21T07:56:37.394Z</time>
      </trkpt>
      <trkpt lat="46.504077" lon="11.786711">
        <ele>1982.481802</ele>
        <time>2026-08-21T07:56:47.832Z</time>
      </trkpt>
      <trkpt lat="46.504275" lon="11.787055">
        <ele>1985.597127</ele>
        <time>2026-08-21T07:57:02.475Z</time>
      </trkpt>
      <trkpt lat="46.504354" lon="11.787192">
        <ele>1986.838763</ele>
        <time>2026-08-21T07:57:08.186Z</time>
      </trkpt>
      <trkpt lat="46.504414" lon="11.787215">
        <ele>1987.465086</ele>
        <time>2026-08-21T07:57:11.078Z</time>
      </trkpt>
      <trkpt lat="46.504469" lon="11.787197">
        <ele>1988.034127</ele>
        <time>2026-08-21T07:57:13.691Z</time>
      </trkpt>
      <trkpt lat="46.504508" lon="11.787114">
        <ele>1988.732294</ele>
        <time>2026-08-21T07:57:16.872Z</time>
      </trkpt>
      <trkpt lat="46.504504" lon="11.786985">
        <ele>1989.676024</ele>
        <time>2026-08-21T07:57:20.951Z</time>
      </trkpt>
      <trkpt lat="46.504305" lon="11.786098">
        <ele>1996.715059</ele>
        <time>2026-08-21T07:57:51.386Z</time>
      </trkpt>
      <trkpt lat="46.504258" lon="11.785714">
        <ele>1999.657829</ele>
        <time>2026-08-21T07:58:06.181Z</time>
      </trkpt>
      <trkpt lat="46.504198" lon="11.785141">
        <ele>2004.030919</ele>
        <time>2026-08-21T07:58:25.964Z</time>
      </trkpt>
      <trkpt lat="46.504178" lon="11.785054">
        <ele>2004.722988</ele>
        <time>2026-08-21T07:58:28.914Z</time>
      </trkpt>
      <trkpt lat="46.504074" lon="11.784754">
        <ele>2007.257409</ele>
        <time>2026-08-21T07:58:39.047Z</time>
      </trkpt>
      <trkpt lat="46.504061" lon="11.784705">
        <ele>2007.653634</ele>
        <time>2026-08-21T07:58:40.545Z</time>
      </trkpt>
      <trkpt lat="46.504048" lon="11.784545">
        <ele>2008.850305</ele>
        <time>2026-08-21T07:58:45.199Z</time>
      </trkpt>
      <trkpt lat="46.504086" lon="11.784477">
        <ele>2009.319064</ele>
        <time>2026-08-21T07:58:47.690Z</time>
      </trkpt>
      <trkpt lat="46.504139" lon="11.784456">
        <ele>2009.746206</ele>
        <time>2026-08-21T07:58:49.904Z</time>
      </trkpt>
      <trkpt lat="46.504203" lon="11.784482">
        <ele>2010.262914</ele>
        <time>2026-08-21T07:58:52.527Z</time>
      </trkpt>
      <trkpt lat="46.504573" lon="11.784933">
        <ele>2014.018174</ele>
        <time>2026-08-21T07:59:11.056Z</time>
      </trkpt>
      <trkpt lat="46.506152" lon="11.786853">
        <ele>2029.290666</ele>
        <time>2026-08-21T08:00:21.845Z</time>
      </trkpt>
      <trkpt lat="46.506412" lon="11.787210">
        <ele>2031.788924</ele>
        <time>2026-08-21T08:00:33.223Z</time>
      </trkpt>
      <trkpt lat="46.506548" lon="11.787560">
        <ele>2033.720803</ele>
        <time>2026-08-21T08:00:42.777Z</time>
      </trkpt>
      <trkpt lat="46.506679" lon="11.788024">
        <ele>2036.226251</ele>
        <time>2026-08-21T08:00:55.043Z</time>
      </trkpt>
      <trkpt lat="46.506718" lon="11.788243">
        <ele>2037.445552</ele>
        <time>2026-08-21T08:01:00.646Z</time>
      </trkpt>
      <trkpt lat="46.506735" lon="11.788518">
        <ele>2038.933790</ele>
        <time>2026-08-21T08:01:07.549Z</time>
      </trkpt>
      <trkpt lat="46.506797" lon="11.788562">
        <ele>2039.474159</ele>
        <time>2026-08-21T08:01:10.166Z</time>
      </trkpt>
      <trkpt lat="46.506838" lon="11.788509">
        <ele>2039.903933</ele>
        <time>2026-08-21T08:01:12.368Z</time>
      </trkpt>
      <trkpt lat="46.506842" lon="11.788424">
        <ele>2040.363158</ele>
        <time>2026-08-21T08:01:14.598Z</time>
      </trkpt>
      <trkpt lat="46.506786" lon="11.787568">
        <ele>2044.997854</ele>
        <time>2026-08-21T08:01:37.153Z</time>
      </trkpt>
      <trkpt lat="46.506790" lon="11.787040">
        <ele>2047.843985</ele>
        <time>2026-08-21T08:01:50.804Z</time>
      </trkpt>
      <trkpt lat="46.506767" lon="11.786833">
        <ele>2048.974176</ele>
        <time>2026-08-21T08:01:56.250Z</time>
      </trkpt>
      <trkpt lat="46.506674" lon="11.786401">
        <ele>2051.791048</ele>
        <time>2026-08-21T08:02:07.477Z</time>
      </trkpt>
      <trkpt lat="46.506661" lon="11.786335">
        <ele>2052.231616</ele>
        <time>2026-08-21T08:02:09.033Z</time>
      </trkpt>
      <trkpt lat="46.506651" lon="11.786268">
        <ele>2052.671592</ele>
        <time>2026-08-21T08:02:10.679Z</time>
      </trkpt>
      <trkpt lat="46.506644" lon="11.786201">
        <ele>2053.106500</ele>
        <time>2026-08-21T08:02:12.495Z</time>
      </trkpt>
      <trkpt lat="46.506639" lon="11.786133">
        <ele>2053.545383</ele>
        <time>2026-08-21T08:02:14.150Z</time>
      </trkpt>
      <trkpt lat="46.506636" lon="11.786065">
        <ele>2053.982678</ele>
        <time>2026-08-21T08:02:15.807Z</time>
      </trkpt>
      <trkpt lat="46.506631" lon="11.785658">
        <ele>2056.595076</ele>
        <time>2026-08-21T08:02:26.483Z</time>
      </trkpt>
      <trkpt lat="46.506629" lon="11.785491">
        <ele>2057.666985</ele>
        <time>2026-08-21T08:02:30.880Z</time>
      </trkpt>
      <trkpt lat="46.506617" lon="11.784864">
        <ele>2061.692404</ele>
        <time>2026-08-21T08:02:48.603Z</time>
      </trkpt>
      <trkpt lat="46.506615" lon="11.784800">
        <ele>2062.103557</ele>
        <time>2026-08-21T08:02:50.500Z</time>
      </trkpt>
      <trkpt lat="46.506612" lon="11.784745">
        <ele>2062.457634</ele>
        <time>2026-08-21T08:02:52.145Z</time>
      </trkpt>
      <trkpt lat="46.506607" lon="11.784691">
        <ele>2062.807309</ele>
        <time>2026-08-21T08:02:54.000Z</time>
      </trkpt>
      <trkpt lat="46.506600" lon="11.784636">
        <ele>2063.166264</ele>
        <time>2026-08-21T08:02:55.875Z</time>
      </trkpt>
      <trkpt lat="46.506584" lon="11.784530">
        <ele>2063.862702</ele>
        <time>2026-08-21T08:02:59.441Z</time>
      </trkpt>
      <trkpt lat="46.506564" lon="11.784400">
        <ele>2064.717585</ele>
        <time>2026-08-21T08:03:04.215Z</time>
      </trkpt>
      <trkpt lat="46.506538" lon="11.784255">
        <ele>2065.679206</ele>
        <time>2026-08-21T08:03:09.487Z</time>
      </trkpt>
      <trkpt lat="46.506454" lon="11.783863">
        <ele>2068.650864</ele>
        <time>2026-08-21T08:03:24.279Z</time>
      </trkpt>
      <trkpt lat="46.506430" lon="11.783748">
        <ele>2069.545354</ele>
        <time>2026-08-21T08:03:28.732Z</time>
      </trkpt>
      <trkpt lat="46.506409" lon="11.783649">
        <ele>2070.316466</ele>
        <time>2026-08-21T08:03:32.383Z</time>
      </trkpt>
      <trkpt lat="46.506217" lon="11.782927">
        <ele>2076.077890</ele>
        <time>2026-08-21T08:03:59.635Z</time>
      </trkpt>
      <trkpt lat="46.506028" lon="11.782314">
        <ele>2081.077693</ele>
        <time>2026-08-21T08:04:21.591Z</time>
      </trkpt>
      <trkpt lat="46.505948" lon="11.782056">
        <ele>2083.184028</ele>
        <time>2026-08-21T08:04:30.258Z</time>
      </trkpt>
      <trkpt lat="46.505873" lon="11.781867">
        <ele>2084.807941</ele>
        <time>2026-08-21T08:04:36.570Z</time>
      </trkpt>
      <trkpt lat="46.505761" lon="11.781681">
        <ele>2086.360947</ele>
        <time>2026-08-21T08:04:43.426Z</time>
      </trkpt>
      <trkpt lat="46.505407" lon="11.781185">
        <ele>2090.138068</ele>
        <time>2026-08-21T08:04:59.678Z</time>
      </trkpt>
      <trkpt lat="46.505304" lon="11.781035">
        <ele>2091.258129</ele>
        <time>2026-08-21T08:05:03.579Z</time>
      </trkpt>
      <trkpt lat="46.505279" lon="11.780995">
        <ele>2091.543746</ele>
        <time>2026-08-21T08:05:04.459Z</time>
      </trkpt>
      <trkpt lat="46.505236" lon="11.780918">
        <ele>2092.067911</ele>
        <time>2026-08-21T08:05:06.083Z</time>
      </trkpt>
      <trkpt lat="46.505195" lon="11.780837">
        <ele>2092.599418</ele>
        <time>2026-08-21T08:05:07.615Z</time>
      </trkpt>
      <trkpt lat="46.505171" lon="11.780783">
        <ele>2092.939215</ele>
        <time>2026-08-21T08:05:08.676Z</time>
      </trkpt>
      <trkpt lat="46.505044" lon="11.780497">
        <ele>2094.738422</ele>
        <time>2026-08-21T08:05:14.872Z</time>
      </trkpt>
      <trkpt lat="46.504959" lon="11.780305">
        <ele>2095.945207</ele>
        <time>2026-08-21T08:05:19.928Z</time>
      </trkpt>
      <trkpt lat="46.504956" lon="11.780297">
        <ele>2095.993366</ele>
        <time>2026-08-21T08:05:20.137Z</time>
      </trkpt>
      <trkpt lat="46.504611" lon="11.779522">
        <ele>2101.904702</ele>
        <time>2026-08-21T08:05:48.687Z</time>
      </trkpt>
      <trkpt lat="46.504540" lon="11.779361">
        <ele>2103.661042</ele>
        <time>2026-08-21T08:05:56.020Z</time>
      </trkpt>
      <trkpt lat="46.504532" lon="11.779252">
        <ele>2104.667922</ele>
        <time>2026-08-21T08:06:00.480Z</time>
      </trkpt>
      <trkpt lat="46.504579" lon="11.779166">
        <ele>2105.676588</ele>
        <time>2026-08-21T08:06:04.696Z</time>
      </trkpt>
      <trkpt lat="46.504744" lon="11.779070">
        <ele>2108.048522</ele>
        <time>2026-08-21T08:06:14.948Z</time>
      </trkpt>
      <trkpt lat="46.504966" lon="11.778876">
        <ele>2111.505739</ele>
        <time>2026-08-21T08:06:30.907Z</time>
      </trkpt>
      <trkpt lat="46.505161" lon="11.778543">
        <ele>2115.521645</ele>
        <time>2026-08-21T08:06:51.060Z</time>
      </trkpt>
      <trkpt lat="46.505307" lon="11.778228">
        <ele>2119.009861</ele>
        <time>2026-08-21T08:07:08.892Z</time>
      </trkpt>
      <trkpt lat="46.505324" lon="11.778071">
        <ele>2120.469678</ele>
        <time>2026-08-21T08:07:15.528Z</time>
      </trkpt>
      <trkpt lat="46.505311" lon="11.777966">
        <ele>2121.449606</ele>
        <time>2026-08-21T08:07:19.708Z</time>
      </trkpt>
      <trkpt lat="46.504999" lon="11.777188">
        <ele>2127.348315</ele>
        <time>2026-08-21T08:07:45.849Z</time>
      </trkpt>
      <trkpt lat="46.504917" lon="11.777101">
        <ele>2128.188632</ele>
        <time>2026-08-21T08:07:48.970Z</time>
      </trkpt>
      <trkpt lat="46.504791" lon="11.777053">
        <ele>2129.266653</ele>
        <time>2026-08-21T08:07:52.565Z</time>
      </trkpt>
      <trkpt lat="46.504754" lon="11.777043">
        <ele>2129.578116</ele>
        <time>2026-08-21T08:07:53.736Z</time>
      </trkpt>
      <trkpt lat="46.504713" lon="11.777028">
        <ele>2129.928023</ele>
        <time>2026-08-21T08:07:54.870Z</time>
      </trkpt>
      <trkpt lat="46.504678" lon="11.777010">
        <ele>2130.235293</ele>
        <time>2026-08-21T08:07:55.855Z</time>
      </trkpt>
      <trkpt lat="46.504643" lon="11.776991">
        <ele>2130.544511</ele>
        <time>2026-08-21T08:07:56.960Z</time>
      </trkpt>
      <trkpt lat="46.504609" lon="11.776969">
        <ele>2130.852539</ele>
        <time>2026-08-21T08:07:58.183Z</time>
      </trkpt>
      <trkpt lat="46.504576" lon="11.776946">
        <ele>2131.155445</ele>
        <time>2026-08-21T08:07:59.373Z</time>
      </trkpt>
      <trkpt lat="46.504543" lon="11.776920">
        <ele>2131.466125</ele>
        <time>2026-08-21T08:08:00.422Z</time>
      </trkpt>
      <trkpt lat="46.504511" lon="11.776893">
        <ele>2131.772376</ele>
        <time>2026-08-21T08:08:01.582Z</time>
      </trkpt>
      <trkpt lat="46.504374" lon="11.776752">
        <ele>2133.161842</ele>
        <time>2026-08-21T08:08:07.188Z</time>
      </trkpt>
      <trkpt lat="46.504288" lon="11.776617">
        <ele>2134.209665</ele>
        <time>2026-08-21T08:08:11.585Z</time>
      </trkpt>
      <trkpt lat="46.504135" lon="11.776269">
        <ele>2136.561886</ele>
        <time>2026-08-21T08:08:21.896Z</time>
      </trkpt>
      <trkpt lat="46.504075" lon="11.776007">
        <ele>2138.134771</ele>
        <time>2026-08-21T08:08:28.715Z</time>
      </trkpt>
      <trkpt lat="46.504097" lon="11.775899">
        <ele>2138.831389</ele>
        <time>2026-08-21T08:08:31.878Z</time>
      </trkpt>
      <trkpt lat="46.504114" lon="11.775831">
        <ele>2139.298151</ele>
        <time>2026-08-21T08:08:33.687Z</time>
      </trkpt>
      <trkpt lat="46.504146" lon="11.775694">
        <ele>2140.231549</ele>
        <time>2026-08-21T08:08:37.987Z</time>
      </trkpt>
      <trkpt lat="46.504265" lon="11.775031">
        <ele>2144.652100</ele>
        <time>2026-08-21T08:08:58.743Z</time>
      </trkpt>
      <trkpt lat="46.504319" lon="11.774367">
        <ele>2148.965852</ele>
        <time>2026-08-21T08:09:17.972Z</time>
      </trkpt>
      <trkpt lat="46.504352" lon="11.774295">
        <ele>2149.523941</ele>
        <time>2026-08-21T08:09:20.524Z</time>
      </trkpt>
      <trkpt lat="46.504411" lon="11.774284">
        <ele>2150.081509</ele>
        <time>2026-08-21T08:09:23.186Z</time>
      </trkpt>
      <trkpt lat="46.504443" lon="11.774354">
        <ele>2150.623663</ele>
        <time>2026-08-21T08:09:25.630Z</time>
      </trkpt>
      <trkpt lat="46.504385" lon="11.774585">
        <ele>2152.210074</ele>
        <time>2026-08-21T08:09:32.739Z</time>
      </trkpt>
      <trkpt lat="46.504368" lon="11.774857">
        <ele>2153.972164</ele>
        <time>2026-08-21T08:09:40.912Z</time>
      </trkpt>
      <trkpt lat="46.504474" lon="11.775224">
        <ele>2156.462870</ele>
        <time>2026-08-21T08:09:53.390Z</time>
      </trkpt>
      <trkpt lat="46.504559" lon="11.775329">
        <ele>2157.447557</ele>
        <time>2026-08-21T08:09:58.159Z</time>
      </trkpt>
      <trkpt lat="46.504639" lon="11.775351">
        <ele>2158.166144</ele>
        <time>2026-08-21T08:10:01.609Z</time>
      </trkpt>
      <trkpt lat="46.504666" lon="11.775347">
        <ele>2158.405672</ele>
        <time>2026-08-21T08:10:02.745Z</time>
      </trkpt>
      <trkpt lat="46.504693" lon="11.775337">
        <ele>2158.651585</ele>
        <time>2026-08-21T08:10:03.851Z</time>
      </trkpt>
      <trkpt lat="46.504718" lon="11.775322">
        <ele>2158.890301</ele>
        <time>2026-08-21T08:10:05.000Z</time>
      </trkpt>
      <trkpt lat="46.504829" lon="11.775238">
        <ele>2159.994873</ele>
        <time>2026-08-21T08:10:10.079Z</time>
      </trkpt>
      <trkpt lat="46.505097" lon="11.775034">
        <ele>2162.665111</ele>
        <time>2026-08-21T08:10:23.140Z</time>
      </trkpt>
      <trkpt lat="46.505193" lon="11.774971">
        <ele>2163.594794</ele>
        <time>2026-08-21T08:10:28.051Z</time>
      </trkpt>
      <trkpt lat="46.505262" lon="11.774923">
        <ele>2164.269969</ele>
        <time>2026-08-21T08:10:31.768Z</time>
      </trkpt>
      <trkpt lat="46.505327" lon="11.774830">
        <ele>2165.075106</ele>
        <time>2026-08-21T08:10:36.155Z</time>
      </trkpt>
      <trkpt lat="46.505355" lon="11.774705">
        <ele>2165.873627</ele>
        <time>2026-08-21T08:10:40.443Z</time>
      </trkpt>
      <trkpt lat="46.505350" lon="11.774616">
        <ele>2166.416061</ele>
        <time>2026-08-21T08:10:43.268Z</time>
      </trkpt>
      <trkpt lat="46.505314" lon="11.774505">
        <ele>2167.161445</ele>
        <time>2026-08-21T08:10:47.139Z</time>
      </trkpt>
      <trkpt lat="46.505184" lon="11.774278">
        <ele>2168.955273</ele>
        <time>2026-08-21T08:10:55.552Z</time>
      </trkpt>
      <trkpt lat="46.505133" lon="11.774121">
        <ele>2170.009864</ele>
        <time>2026-08-21T08:10:59.770Z</time>
      </trkpt>
      <trkpt lat="46.505123" lon="11.773949">
        <ele>2171.058414</ele>
        <time>2026-08-21T08:11:03.383Z</time>
      </trkpt>
      <trkpt lat="46.505176" lon="11.773605">
        <ele>2172.378648</ele>
        <time>2026-08-21T08:11:08.948Z</time>
      </trkpt>
      <trkpt lat="46.505150" lon="11.773502">
        <ele>2172.785089</ele>
        <time>2026-08-21T08:11:10.289Z</time>
      </trkpt>
      <trkpt lat="46.505086" lon="11.773445">
        <ele>2173.189145</ele>
        <time>2026-08-21T08:11:11.412Z</time>
      </trkpt>
      <trkpt lat="46.504637" lon="11.773391">
        <ele>2175.614168</ele>
        <time>2026-08-21T08:11:19.362Z</time>
      </trkpt>
      <trkpt lat="46.504492" lon="11.773339">
        <ele>2176.418060</ele>
        <time>2026-08-21T08:11:23.509Z</time>
      </trkpt>
      <trkpt lat="46.504316" lon="11.773185">
        <ele>2177.523926</ele>
        <time>2026-08-21T08:11:29.771Z</time>
      </trkpt>
      <trkpt lat="46.504253" lon="11.773081">
        <ele>2178.037194</ele>
        <time>2026-08-21T08:11:32.942Z</time>
      </trkpt>
      <trkpt lat="46.504266" lon="11.772982">
        <ele>2178.410585</ele>
        <time>2026-08-21T08:11:35.041Z</time>
      </trkpt>
      <trkpt lat="46.504346" lon="11.772946">
        <ele>2178.861369</ele>
        <time>2026-08-21T08:11:37.819Z</time>
      </trkpt>
      <trkpt lat="46.504375" lon="11.772948">
        <ele>2179.017639</ele>
        <time>2026-08-21T08:11:38.632Z</time>
      </trkpt>
      <trkpt lat="46.504730" lon="11.772977">
        <ele>2181.013448</ele>
        <time>2026-08-21T08:11:51.314Z</time>
      </trkpt>
      <trkpt lat="46.504767" lon="11.772977">
        <ele>2181.317800</ele>
        <time>2026-08-21T08:11:52.835Z</time>
      </trkpt>
      <trkpt lat="46.504878" lon="11.772955">
        <ele>2182.239313</ele>
        <time>2026-08-21T08:11:57.023Z</time>
      </trkpt>
      <trkpt lat="46.505230" lon="11.772795">
        <ele>2185.273169</ele>
        <time>2026-08-21T08:12:11.314Z</time>
      </trkpt>
      <trkpt lat="46.505397" lon="11.772798">
        <ele>2186.646971</ele>
        <time>2026-08-21T08:12:19.499Z</time>
      </trkpt>
      <trkpt lat="46.505569" lon="11.772864">
        <ele>2188.110311</ele>
        <time>2026-08-21T08:12:28.112Z</time>
      </trkpt>
      <trkpt lat="46.505602" lon="11.772844">
        <ele>2188.404430</ele>
        <time>2026-08-21T08:12:29.920Z</time>
      </trkpt>
      <trkpt lat="46.505621" lon="11.772774">
        <ele>2188.830448</ele>
        <time>2026-08-21T08:12:32.390Z</time>
      </trkpt>
      <trkpt lat="46.505568" lon="11.772654">
        <ele>2189.637693</ele>
        <time>2026-08-21T08:12:36.578Z</time>
      </trkpt>
      <trkpt lat="46.505277" lon="11.772555">
        <ele>2192.096130</ele>
        <time>2026-08-21T08:12:48.292Z</time>
      </trkpt>
      <trkpt lat="46.505227" lon="11.772475">
        <ele>2192.707935</ele>
        <time>2026-08-21T08:12:50.858Z</time>
      </trkpt>
      <trkpt lat="46.505222" lon="11.772410">
        <ele>2193.078235</ele>
        <time>2026-08-21T08:12:52.223Z</time>
      </trkpt>
      <trkpt lat="46.505243" lon="11.772358">
        <ele>2193.419578</ele>
        <time>2026-08-21T08:12:53.792Z</time>
      </trkpt>
      <trkpt lat="46.505424" lon="11.772230">
        <ele>2195.075440</ele>
        <time>2026-08-21T08:13:00.131Z</time>
      </trkpt>
      <trkpt lat="46.505549" lon="11.772072">
        <ele>2196.337905</ele>
        <time>2026-08-21T08:13:05.195Z</time>
      </trkpt>
      <trkpt lat="46.505667" lon="11.771669">
        <ele>2198.530233</ele>
        <time>2026-08-21T08:13:13.428Z</time>
      </trkpt>
      <trkpt lat="46.505740" lon="11.771511">
        <ele>2199.482834</ele>
        <time>2026-08-21T08:13:16.408Z</time>
      </trkpt>
      <trkpt lat="46.506153" lon="11.770943">
        <ele>2203.618888</ele>
        <time>2026-08-21T08:13:34.239Z</time>
      </trkpt>
      <trkpt lat="46.506272" lon="11.770857">
        <ele>2204.585529</ele>
        <time>2026-08-21T08:13:38.818Z</time>
      </trkpt>
      <trkpt lat="46.506359" lon="11.770815">
        <ele>2205.252293</ele>
        <time>2026-08-21T08:13:42.086Z</time>
      </trkpt>
      <trkpt lat="46.506399" lon="11.770796">
        <ele>2205.558365</ele>
        <time>2026-08-21T08:13:43.864Z</time>
      </trkpt>
      <trkpt lat="46.506423" lon="11.770781">
        <ele>2205.748382</ele>
        <time>2026-08-21T08:13:45.012Z</time>
      </trkpt>
      <trkpt lat="46.506445" lon="11.770762">
        <ele>2205.934521</ele>
        <time>2026-08-21T08:13:46.054Z</time>
      </trkpt>
      <trkpt lat="46.506466" lon="11.770740">
        <ele>2206.122817</ele>
        <time>2026-08-21T08:13:47.114Z</time>
      </trkpt>
      <trkpt lat="46.506486" lon="11.770715">
        <ele>2206.314702</ele>
        <time>2026-08-21T08:13:48.150Z</time>
      </trkpt>
      <trkpt lat="46.506503" lon="11.770687">
        <ele>2206.501604</ele>
        <time>2026-08-21T08:13:49.220Z</time>
      </trkpt>
      <trkpt lat="46.506584" lon="11.770535">
        <ele>2207.463888</ele>
        <time>2026-08-21T08:13:55.474Z</time>
      </trkpt>
      <trkpt lat="46.506726" lon="11.770268">
        <ele>2209.158448</ele>
        <time>2026-08-21T08:14:06.838Z</time>
      </trkpt>
      <trkpt lat="46.506877" lon="11.769989">
        <ele>2210.954647</ele>
        <time>2026-08-21T08:14:18.114Z</time>
      </trkpt>
      <trkpt lat="46.506969" lon="11.769871">
        <ele>2211.856984</ele>
        <time>2026-08-21T08:14:24.023Z</time>
      </trkpt>
      <trkpt lat="46.507230" lon="11.769664">
        <ele>2214.043383</ele>
        <time>2026-08-21T08:14:36.135Z</time>
      </trkpt>
      <trkpt lat="46.507526" lon="11.769491">
        <ele>2216.389322</ele>
        <time>2026-08-21T08:14:49.516Z</time>
      </trkpt>
      <trkpt lat="46.507720" lon="11.769299">
        <ele>2218.115266</ele>
        <time>2026-08-21T08:14:58.484Z</time>
      </trkpt>
      <trkpt lat="46.507783" lon="11.769235">
        <ele>2218.680494</ele>
        <time>2026-08-21T08:15:01.502Z</time>
      </trkpt>
      <trkpt lat="46.507806" lon="11.769202">
        <ele>2218.918169</ele>
        <time>2026-08-21T08:15:02.479Z</time>
      </trkpt>
      <trkpt lat="46.507826" lon="11.769164">
        <ele>2219.160258</ele>
        <time>2026-08-21T08:15:03.489Z</time>
      </trkpt>
      <trkpt lat="46.507843" lon="11.769123">
        <ele>2219.402488</ele>
        <time>2026-08-21T08:15:04.667Z</time>
      </trkpt>
      <trkpt lat="46.507855" lon="11.769079">
        <ele>2219.642002</ele>
        <time>2026-08-21T08:15:05.840Z</time>
      </trkpt>
      <trkpt lat="46.507863" lon="11.769033">
        <ele>2219.882109</ele>
        <time>2026-08-21T08:15:06.797Z</time>
      </trkpt>
      <trkpt lat="46.507871" lon="11.768956">
        <ele>2220.276193</ele>
        <time>2026-08-21T08:15:08.011Z</time>
      </trkpt>
      <trkpt lat="46.507898" lon="11.768665">
        <ele>2221.762163</ele>
        <time>2026-08-21T08:15:12.544Z</time>
      </trkpt>
      <trkpt lat="46.507914" lon="11.768500">
        <ele>2221.674967</ele>
        <time>2026-08-21T08:15:14.174Z</time>
      </trkpt>
      <trkpt lat="46.507944" lon="11.768190">
        <ele>2221.232537</ele>
        <time>2026-08-21T08:15:16.418Z</time>
      </trkpt>
      <trkpt lat="46.507953" lon="11.768087">
        <ele>2221.085800</ele>
        <time>2026-08-21T08:15:16.984Z</time>
      </trkpt>
      <trkpt lat="46.507972" lon="11.767888">
        <ele>2220.801861</ele>
        <time>2026-08-21T08:15:18.093Z</time>
      </trkpt>
      <trkpt lat="46.507984" lon="11.767745">
        <ele>2220.598264</ele>
        <time>2026-08-21T08:15:18.907Z</time>
      </trkpt>
      <trkpt lat="46.508011" lon="11.767447">
        <ele>2220.173470</ele>
        <time>2026-08-21T08:15:20.517Z</time>
      </trkpt>
      <trkpt lat="46.508069" lon="11.767326">
        <ele>2219.965075</ele>
        <time>2026-08-21T08:15:21.289Z</time>
      </trkpt>
      <trkpt lat="46.508251" lon="11.767144">
        <ele>2219.511387</ele>
        <time>2026-08-21T08:15:22.964Z</time>
      </trkpt>
      <trkpt lat="46.508540" lon="11.766633">
        <ele>2218.576651</ele>
        <time>2026-08-21T08:15:26.503Z</time>
      </trkpt>
      <trkpt lat="46.508699" lon="11.766319">
        <ele>2218.327705</ele>
        <time>2026-08-21T08:15:28.612Z</time>
      </trkpt>
      <trkpt lat="46.508721" lon="11.766125">
        <ele>2218.577732</ele>
        <time>2026-08-21T08:15:29.745Z</time>
      </trkpt>
      <trkpt lat="46.508643" lon="11.765911">
        <ele>2218.885671</ele>
        <time>2026-08-21T08:15:31.480Z</time>
      </trkpt>
      <trkpt lat="46.508152" lon="11.765025">
        <ele>2220.332204</ele>
        <time>2026-08-21T08:15:48.829Z</time>
      </trkpt>
      <trkpt lat="46.508125" lon="11.764824">
        <ele>2220.592631</ele>
        <time>2026-08-21T08:15:52.629Z</time>
      </trkpt>
      <trkpt lat="46.508185" lon="11.764632">
        <ele>2220.860780</ele>
        <time>2026-08-21T08:15:56.928Z</time>
      </trkpt>
      <trkpt lat="46.508289" lon="11.764455">
        <ele>2221.156732</ele>
        <time>2026-08-21T08:16:01.627Z</time>
      </trkpt>
      <trkpt lat="46.508331" lon="11.764383">
        <ele>2221.276754</ele>
        <time>2026-08-21T08:16:03.493Z</time>
      </trkpt>
      <trkpt lat="46.508390" lon="11.764189">
        <ele>2221.424149</ele>
        <time>2026-08-21T08:16:07.249Z</time>
      </trkpt>
      <trkpt lat="46.508514" lon="11.763239">
        <ele>2218.745830</ele>
        <time>2026-08-21T08:16:17.894Z</time>
      </trkpt>
      <trkpt lat="46.508557" lon="11.763049">
        <ele>2218.191825</ele>
        <time>2026-08-21T08:16:19.025Z</time>
      </trkpt>
      <trkpt lat="46.508705" lon="11.762726">
        <ele>2217.117007</ele>
        <time>2026-08-21T08:16:21.006Z</time>
      </trkpt>
      <trkpt lat="46.508889" lon="11.762396">
        <ele>2215.940618</ele>
        <time>2026-08-21T08:16:23.055Z</time>
      </trkpt>
      <trkpt lat="46.509128" lon="11.761930">
        <ele>2214.330873</ele>
        <time>2026-08-21T08:16:25.788Z</time>
      </trkpt>
      <trkpt lat="46.509230" lon="11.761321">
        <ele>2211.027078</ele>
        <time>2026-08-21T08:16:28.716Z</time>
      </trkpt>
      <trkpt lat="46.509339" lon="11.761061">
        <ele>2209.394300</ele>
        <time>2026-08-21T08:16:30.174Z</time>
      </trkpt>
      <trkpt lat="46.509343" lon="11.760984">
        <ele>2208.980156</ele>
        <time>2026-08-21T08:16:30.551Z</time>
      </trkpt>
      <trkpt lat="46.509332" lon="11.760867">
        <ele>2208.346829</ele>
        <time>2026-08-21T08:16:31.136Z</time>
      </trkpt>
      <trkpt lat="46.509260" lon="11.760621">
        <ele>2206.913124</ele>
        <time>2026-08-21T08:16:32.461Z</time>
      </trkpt>
      <trkpt lat="46.509108" lon="11.760345">
        <ele>2205.017288</ele>
        <time>2026-08-21T08:16:34.217Z</time>
      </trkpt>
      <trkpt lat="46.509005" lon="11.760227">
        <ele>2203.995150</ele>
        <time>2026-08-21T08:16:35.160Z</time>
      </trkpt>
      <trkpt lat="46.508857" lon="11.760120">
        <ele>2202.706940</ele>
        <time>2026-08-21T08:16:36.353Z</time>
      </trkpt>
      <trkpt lat="46.508715" lon="11.759942">
        <ele>2201.245476</ele>
        <time>2026-08-21T08:16:37.731Z</time>
      </trkpt>
      <trkpt lat="46.508556" lon="11.759710">
        <ele>2199.702105</ele>
        <time>2026-08-21T08:16:39.402Z</time>
      </trkpt>
      <trkpt lat="46.508416" lon="11.759476">
        <ele>2198.502345</ele>
        <time>2026-08-21T08:16:40.969Z</time>
      </trkpt>
      <trkpt lat="46.508287" lon="11.759087">
        <ele>2196.831481</ele>
        <time>2026-08-21T08:16:43.340Z</time>
      </trkpt>
      <trkpt lat="46.508226" lon="11.758899">
        <ele>2196.027220</ele>
        <time>2026-08-21T08:16:44.503Z</time>
      </trkpt>
      <trkpt lat="46.508181" lon="11.758513">
        <ele>2194.512304</ele>
        <time>2026-08-21T08:16:46.570Z</time>
      </trkpt>
      <trkpt lat="46.508162" lon="11.758146">
        <ele>2193.088172</ele>
        <time>2026-08-21T08:16:48.388Z</time>
      </trkpt>
      <trkpt lat="46.508143" lon="11.758051">
        <ele>2192.705359</ele>
        <time>2026-08-21T08:16:48.876Z</time>
      </trkpt>
      <trkpt lat="46.507939" lon="11.757744">
        <ele>2191.054085</ele>
        <time>2026-08-21T08:16:50.988Z</time>
      </trkpt>
      <trkpt lat="46.507890" lon="11.757607">
        <ele>2190.456646</ele>
        <time>2026-08-21T08:16:51.762Z</time>
      </trkpt>
      <trkpt lat="46.507886" lon="11.757317">
        <ele>2189.097078</ele>
        <time>2026-08-21T08:16:53.223Z</time>
      </trkpt>
      <trkpt lat="46.507945" lon="11.757148">
        <ele>2188.148068</ele>
        <time>2026-08-21T08:16:54.171Z</time>
      </trkpt>
      <trkpt lat="46.508231" lon="11.756875">
        <ele>2185.658098</ele>
        <time>2026-08-21T08:16:56.637Z</time>
      </trkpt>
      <trkpt lat="46.508371" lon="11.756830">
        <ele>2184.614773</ele>
        <time>2026-08-21T08:16:57.694Z</time>
      </trkpt>
      <trkpt lat="46.508466" lon="11.756879">
        <ele>2183.881252</ele>
        <time>2026-08-21T08:16:58.412Z</time>
      </trkpt>
      <trkpt lat="46.508687" lon="11.757241">
        <ele>2181.457937</ele>
        <time>2026-08-21T08:17:00.749Z</time>
      </trkpt>
      <trkpt lat="46.508796" lon="11.757332">
        <ele>2180.543206</ele>
        <time>2026-08-21T08:17:01.627Z</time>
      </trkpt>
      <trkpt lat="46.508946" lon="11.757408">
        <ele>2179.387291</ele>
        <time>2026-08-21T08:17:02.743Z</time>
      </trkpt>
      <trkpt lat="46.509254" lon="11.757479">
        <ele>2177.118131</ele>
        <time>2026-08-21T08:17:04.958Z</time>
      </trkpt>
      <trkpt lat="46.509570" lon="11.757549">
        <ele>2174.935466</ele>
        <time>2026-08-21T08:17:07.263Z</time>
      </trkpt>
      <trkpt lat="46.509748" lon="11.757632">
        <ele>2173.661404</ele>
        <time>2026-08-21T08:17:08.620Z</time>
      </trkpt>
      <trkpt lat="46.509846" lon="11.757722">
        <ele>2172.871279</ele>
        <time>2026-08-21T08:17:09.468Z</time>
      </trkpt>
      <trkpt lat="46.509975" lon="11.758007">
        <ele>2171.271293</ele>
        <time>2026-08-21T08:17:11.192Z</time>
      </trkpt>
      <trkpt lat="46.509992" lon="11.758310">
        <ele>2169.845361</ele>
        <time>2026-08-21T08:17:12.721Z</time>
      </trkpt>
      <trkpt lat="46.509976" lon="11.759081">
        <ele>2166.227353</ele>
        <time>2026-08-21T08:17:16.554Z</time>
      </trkpt>
      <trkpt lat="46.510033" lon="11.759342">
        <ele>2164.942979</ele>
        <time>2026-08-21T08:17:17.909Z</time>
      </trkpt>
      <trkpt lat="46.510125" lon="11.759480">
        <ele>2163.863654</ele>
        <time>2026-08-21T08:17:18.855Z</time>
      </trkpt>
      <trkpt lat="46.510509" lon="11.759832">
        <ele>2160.036873</ele>
        <time>2026-08-21T08:17:22.098Z</time>
      </trkpt>
      <trkpt lat="46.511491" lon="11.761221">
        <ele>2148.137659</ele>
        <time>2026-08-21T08:17:31.672Z</time>
      </trkpt>
      <trkpt lat="46.511538" lon="11.761337">
        <ele>2147.119972</ele>
        <time>2026-08-21T08:17:32.304Z</time>
      </trkpt>
      <trkpt lat="46.511681" lon="11.761954">
        <ele>2142.197898</ele>
        <time>2026-08-21T08:17:35.358Z</time>
      </trkpt>
      <trkpt lat="46.511761" lon="11.762082">
        <ele>2140.890688</ele>
        <time>2026-08-21T08:17:36.173Z</time>
      </trkpt>
      <trkpt lat="46.512107" lon="11.762385">
        <ele>2136.452823</ele>
        <time>2026-08-21T08:17:38.906Z</time>
      </trkpt>
      <trkpt lat="46.512464" lon="11.762631">
        <ele>2132.112408</ele>
        <time>2026-08-21T08:17:41.580Z</time>
      </trkpt>
      <trkpt lat="46.512551" lon="11.762728">
        <ele>2130.907754</ele>
        <time>2026-08-21T08:17:42.323Z</time>
      </trkpt>
      <trkpt lat="46.512608" lon="11.762854">
        <ele>2129.779979</ele>
        <time>2026-08-21T08:17:43.023Z</time>
      </trkpt>
      <trkpt lat="46.512726" lon="11.763253">
        <ele>2126.866676</ele>
        <time>2026-08-21T08:17:45.053Z</time>
      </trkpt>
      <trkpt lat="46.513366" lon="11.764228">
        <ele>2117.827955</ele>
        <time>2026-08-21T08:17:51.467Z</time>
      </trkpt>
      <trkpt lat="46.513444" lon="11.764411">
        <ele>2116.383964</ele>
        <time>2026-08-21T08:17:52.505Z</time>
      </trkpt>
      <trkpt lat="46.513491" lon="11.764686">
        <ele>2114.483164</ele>
        <time>2026-08-21T08:17:53.872Z</time>
      </trkpt>
      <trkpt lat="46.513462" lon="11.765117">
        <ele>2111.609028</ele>
        <time>2026-08-21T08:17:55.957Z</time>
      </trkpt>
      <trkpt lat="46.513473" lon="11.765257">
        <ele>2110.701949</ele>
        <time>2026-08-21T08:17:56.640Z</time>
      </trkpt>
      <trkpt lat="46.513504" lon="11.765372">
        <ele>2109.906891</ele>
        <time>2026-08-21T08:17:57.236Z</time>
      </trkpt>
      <trkpt lat="46.513625" lon="11.765555">
        <ele>2108.273241</ele>
        <time>2026-08-21T08:17:58.466Z</time>
      </trkpt>
      <trkpt lat="46.516200" lon="11.768432">
        <ele>2077.249474</ele>
        <time>2026-08-21T08:18:20.912Z</time>
      </trkpt>
      <trkpt lat="46.516387" lon="11.768548">
        <ele>2075.333829</ele>
        <time>2026-08-21T08:18:22.306Z</time>
      </trkpt>
      <trkpt lat="46.516810" lon="11.768696">
        <ele>2071.234608</ele>
        <time>2026-08-21T08:18:25.305Z</time>
      </trkpt>
      <trkpt lat="46.516929" lon="11.768762">
        <ele>2070.034557</ele>
        <time>2026-08-21T08:18:26.191Z</time>
      </trkpt>
      <trkpt lat="46.517033" lon="11.768867">
        <ele>2068.841442</ele>
        <time>2026-08-21T08:18:27.072Z</time>
      </trkpt>
      <trkpt lat="46.517326" lon="11.769242">
        <ele>2065.162922</ele>
        <time>2026-08-21T08:18:29.784Z</time>
      </trkpt>
      <trkpt lat="46.517639" lon="11.769481">
        <ele>2061.831655</ele>
        <time>2026-08-21T08:18:32.247Z</time>
      </trkpt>
      <trkpt lat="46.518735" lon="11.769877">
        <ele>2051.329765</ele>
        <time>2026-08-21T08:18:40.126Z</time>
      </trkpt>
      <trkpt lat="46.520338" lon="11.770353">
        <ele>2034.352593</ele>
        <time>2026-08-21T08:18:51.415Z</time>
      </trkpt>
      <trkpt lat="46.520497" lon="11.770455">
        <ele>2032.391073</ele>
        <time>2026-08-21T08:18:52.594Z</time>
      </trkpt>
      <trkpt lat="46.520869" lon="11.770794">
        <ele>2027.435573</ele>
        <time>2026-08-21T08:18:55.539Z</time>
      </trkpt>
      <trkpt lat="46.521101" lon="11.770955">
        <ele>2024.534032</ele>
        <time>2026-08-21T08:18:57.249Z</time>
      </trkpt>
      <trkpt lat="46.522110" lon="11.771337">
        <ele>2014.827364</ele>
        <time>2026-08-21T08:19:04.323Z</time>
      </trkpt>
      <trkpt lat="46.522255" lon="11.771456">
        <ele>2013.289622</ele>
        <time>2026-08-21T08:19:05.499Z</time>
      </trkpt>
      <trkpt lat="46.522300" lon="11.771555">
        <ele>2012.535711</ele>
        <time>2026-08-21T08:19:06.085Z</time>
      </trkpt>
      <trkpt lat="46.522316" lon="11.771688">
        <ele>2011.677811</ele>
        <time>2026-08-21T08:19:06.748Z</time>
      </trkpt>
      <trkpt lat="46.522301" lon="11.771808">
        <ele>2010.902851</ele>
        <time>2026-08-21T08:19:07.360Z</time>
      </trkpt>
      <trkpt lat="46.522137" lon="11.772193">
        <ele>2008.025714</ele>
        <time>2026-08-21T08:19:09.696Z</time>
      </trkpt>
      <trkpt lat="46.522142" lon="11.772367">
        <ele>2007.134952</ele>
        <time>2026-08-21T08:19:10.629Z</time>
      </trkpt>
      <trkpt lat="46.522419" lon="11.773493">
        <ele>2002.385237</ele>
        <time>2026-08-21T08:19:17.141Z</time>
      </trkpt>
      <trkpt lat="46.522630" lon="11.773941">
        <ele>2000.228848</ele>
        <time>2026-08-21T08:19:19.848Z</time>
      </trkpt>
      <trkpt lat="46.522640" lon="11.774156">
        <ele>1999.372927</ele>
        <time>2026-08-21T08:19:20.907Z</time>
      </trkpt>
      <trkpt lat="46.522579" lon="11.774359">
        <ele>1998.493079</ele>
        <time>2026-08-21T08:19:21.990Z</time>
      </trkpt>
      <trkpt lat="46.522378" lon="11.774602">
        <ele>1996.935837</ele>
        <time>2026-08-21T08:19:23.843Z</time>
      </trkpt>
      <trkpt lat="46.522324" lon="11.774733">
        <ele>1996.102067</ele>
        <time>2026-08-21T08:19:24.585Z</time>
      </trkpt>
      <trkpt lat="46.522329" lon="11.775252">
        <ele>1993.268129</ele>
        <time>2026-08-21T08:19:27.109Z</time>
      </trkpt>
      <trkpt lat="46.522281" lon="11.775508">
        <ele>1991.819442</ele>
        <time>2026-08-21T08:19:28.409Z</time>
      </trkpt>
      <trkpt lat="46.521923" lon="11.776350">
        <ele>1986.415362</ele>
        <time>2026-08-21T08:19:33.274Z</time>
      </trkpt>
      <trkpt lat="46.521595" lon="11.776908">
        <ele>1982.233211</ele>
        <time>2026-08-21T08:19:36.813Z</time>
      </trkpt>
      <trkpt lat="46.521577" lon="11.777048">
        <ele>1981.139743</ele>
        <time>2026-08-21T08:19:37.495Z</time>
      </trkpt>
      <trkpt lat="46.521590" lon="11.777126">
        <ele>1980.523573</ele>
        <time>2026-08-21T08:19:37.880Z</time>
      </trkpt>
      <trkpt lat="46.521659" lon="11.777245">
        <ele>1979.328802</ele>
        <time>2026-08-21T08:19:38.622Z</time>
      </trkpt>
      <trkpt lat="46.521737" lon="11.777330">
        <ele>1978.240986</ele>
        <time>2026-08-21T08:19:39.290Z</time>
      </trkpt>
      <trkpt lat="46.521883" lon="11.777483">
        <ele>1976.232578</ele>
        <time>2026-08-21T08:19:40.525Z</time>
      </trkpt>
      <trkpt lat="46.521937" lon="11.777543">
        <ele>1975.474128</ele>
        <time>2026-08-21T08:19:40.989Z</time>
      </trkpt>
      <trkpt lat="46.521981" lon="11.777589">
        <ele>1974.869346</ele>
        <time>2026-08-21T08:19:41.362Z</time>
      </trkpt>
      <trkpt lat="46.522064" lon="11.777743">
        <ele>1973.367475</ele>
        <time>2026-08-21T08:19:42.274Z</time>
      </trkpt>
      <trkpt lat="46.522119" lon="11.778201">
        <ele>1969.798013</ele>
        <time>2026-08-21T08:19:44.438Z</time>
      </trkpt>
      <trkpt lat="46.522151" lon="11.778314">
        <ele>1968.859850</ele>
        <time>2026-08-21T08:19:45.000Z</time>
      </trkpt>
      <trkpt lat="46.522192" lon="11.778375">
        <ele>1968.205161</ele>
        <time>2026-08-21T08:19:45.395Z</time>
      </trkpt>
      <trkpt lat="46.522667" lon="11.778405">
        <ele>1962.900112</ele>
        <time>2026-08-21T08:19:48.578Z</time>
      </trkpt>
      <trkpt lat="46.524214" lon="11.778450">
        <ele>1946.790046</ele>
        <time>2026-08-21T08:19:59.120Z</time>
      </trkpt>
      <trkpt lat="46.524443" lon="11.778516">
        <ele>1944.360667</ele>
        <time>2026-08-21T08:20:00.777Z</time>
      </trkpt>
      <trkpt lat="46.524496" lon="11.778558">
        <ele>1943.914039</ele>
        <time>2026-08-21T08:20:01.213Z</time>
      </trkpt>
      <trkpt lat="46.524919" lon="11.779092">
        <ele>1941.378898</ele>
        <time>2026-08-21T08:20:05.326Z</time>
      </trkpt>
      <trkpt lat="46.525045" lon="11.779115">
        <ele>1940.804306</ele>
        <time>2026-08-21T08:20:06.304Z</time>
      </trkpt>
      <trkpt lat="46.525239" lon="11.778966">
        <ele>1939.811486</ele>
        <time>2026-08-21T08:20:08.042Z</time>
      </trkpt>
      <trkpt lat="46.525335" lon="11.778877">
        <ele>1939.296270</ele>
        <time>2026-08-21T08:20:08.957Z</time>
      </trkpt>
      <trkpt lat="46.525538" lon="11.778770">
        <ele>1938.319217</ele>
        <time>2026-08-21T08:20:10.658Z</time>
      </trkpt>
      <trkpt lat="46.525696" lon="11.778807">
        <ele>1937.595092</ele>
        <time>2026-08-21T08:20:11.951Z</time>
      </trkpt>
      <trkpt lat="46.526530" lon="11.779390">
        <ele>1933.502057</ele>
        <time>2026-08-21T08:20:19.982Z</time>
      </trkpt>
      <trkpt lat="46.526619" lon="11.779456">
        <ele>1933.066979</ele>
        <time>2026-08-21T08:20:20.963Z</time>
      </trkpt>
      <trkpt lat="46.526935" lon="11.779700">
        <ele>1931.508840</ele>
        <time>2026-08-21T08:20:23.946Z</time>
      </trkpt>
      <trkpt lat="46.527283" lon="11.780093">
        <ele>1929.589834</ele>
        <time>2026-08-21T08:20:27.278Z</time>
      </trkpt>
      <trkpt lat="46.527346" lon="11.780123">
        <ele>1929.301154</ele>
        <time>2026-08-21T08:20:27.771Z</time>
      </trkpt>
      <trkpt lat="46.527491" lon="11.780122">
        <ele>1928.669747</ele>
        <time>2026-08-21T08:20:28.819Z</time>
      </trkpt>
      <trkpt lat="46.528115" lon="11.779736">
        <ele>1924.836972</ele>
        <time>2026-08-21T08:20:33.511Z</time>
      </trkpt>
      <trkpt lat="46.528710" lon="11.779780">
        <ele>1921.278301</ele>
        <time>2026-08-21T08:20:37.632Z</time>
      </trkpt>
      <trkpt lat="46.529055" lon="11.779732">
        <ele>1919.208116</ele>
        <time>2026-08-21T08:20:40.218Z</time>
      </trkpt>
      <trkpt lat="46.529427" lon="11.779872">
        <ele>1917.512044</ele>
        <time>2026-08-21T08:20:44.314Z</time>
      </trkpt>
      <trkpt lat="46.529478" lon="11.779936">
        <ele>1917.674799</ele>
        <time>2026-08-21T08:20:45.513Z</time>
      </trkpt>
      <trkpt lat="46.529542" lon="11.780106">
        <ele>1917.996850</ele>
        <time>2026-08-21T08:20:48.550Z</time>
      </trkpt>
      <trkpt lat="46.529542" lon="11.780583">
        <ele>1918.789560</ele>
        <time>2026-08-21T08:20:58.308Z</time>
      </trkpt>
      <trkpt lat="46.529567" lon="11.780969">
        <ele>1919.433877</ele>
        <time>2026-08-21T08:21:07.855Z</time>
      </trkpt>
      <trkpt lat="46.529707" lon="11.781892">
        <ele>1921.004615</ele>
        <time>2026-08-21T08:21:27.149Z</time>
      </trkpt>
      <trkpt lat="46.529883" lon="11.782661">
        <ele>1918.754791</ele>
        <time>2026-08-21T08:21:32.151Z</time>
      </trkpt>
      <trkpt lat="46.530125" lon="11.783380">
        <ele>1912.914315</ele>
        <time>2026-08-21T08:21:35.964Z</time>
      </trkpt>
      <trkpt lat="46.530246" lon="11.783558">
        <ele>1911.088448</ele>
        <time>2026-08-21T08:21:37.115Z</time>
      </trkpt>
      <trkpt lat="46.530358" lon="11.783615">
        <ele>1909.829873</ele>
        <time>2026-08-21T08:21:37.900Z</time>
      </trkpt>
      <trkpt lat="46.530839" lon="11.783585">
        <ele>1904.723706</ele>
        <time>2026-08-21T08:21:41.086Z</time>
      </trkpt>
      <trkpt lat="46.531047" lon="11.783505">
        <ele>1902.401178</ele>
        <time>2026-08-21T08:21:42.509Z</time>
      </trkpt>
      <trkpt lat="46.531111" lon="11.783440">
        <ele>1901.370939</ele>
        <time>2026-08-21T08:21:43.030Z</time>
      </trkpt>
      <trkpt lat="46.531270" lon="11.783181">
        <ele>1898.219723</ele>
        <time>2026-08-21T08:21:44.611Z</time>
      </trkpt>
      <trkpt lat="46.531327" lon="11.783095">
        <ele>1897.135643</ele>
        <time>2026-08-21T08:21:45.157Z</time>
      </trkpt>
      <trkpt lat="46.531440" lon="11.782973">
        <ele>1895.278236</ele>
        <time>2026-08-21T08:21:46.093Z</time>
      </trkpt>
      <trkpt lat="46.531699" lon="11.782839">
        <ele>1891.650554</ele>
        <time>2026-08-21T08:21:47.926Z</time>
      </trkpt>
      <trkpt lat="46.531843" lon="11.782699">
        <ele>1889.364549</ele>
        <time>2026-08-21T08:21:49.087Z</time>
      </trkpt>
      <trkpt lat="46.531956" lon="11.782436">
        <ele>1886.549684</ele>
        <time>2026-08-21T08:21:50.521Z</time>
      </trkpt>
      <trkpt lat="46.531978" lon="11.782265">
        <ele>1884.970454</ele>
        <time>2026-08-21T08:21:51.324Z</time>
      </trkpt>
      <trkpt lat="46.531878" lon="11.781088">
        <ele>1876.228825</ele>
        <time>2026-08-21T08:21:56.918Z</time>
      </trkpt>
      <trkpt lat="46.531885" lon="11.780968">
        <ele>1875.609526</ele>
        <time>2026-08-21T08:21:57.487Z</time>
      </trkpt>
      <trkpt lat="46.532008" lon="11.780568">
        <ele>1873.356451</ele>
        <time>2026-08-21T08:21:59.572Z</time>
      </trkpt>
      <trkpt lat="46.532067" lon="11.780483">
        <ele>1872.735521</ele>
        <time>2026-08-21T08:22:00.165Z</time>
      </trkpt>
      <trkpt lat="46.532244" lon="11.780327">
        <ele>1871.188259</ele>
        <time>2026-08-21T08:22:01.668Z</time>
      </trkpt>
      <trkpt lat="46.532290" lon="11.780232">
        <ele>1870.590862</ele>
        <time>2026-08-21T08:22:02.248Z</time>
      </trkpt>
      <trkpt lat="46.532300" lon="11.780003">
        <ele>1869.410898</ele>
        <time>2026-08-21T08:22:03.380Z</time>
      </trkpt>
      <trkpt lat="46.532229" lon="11.779753">
        <ele>1868.020076</ele>
        <time>2026-08-21T08:22:04.696Z</time>
      </trkpt>
      <trkpt lat="46.532221" lon="11.779632">
        <ele>1867.394986</ele>
        <time>2026-08-21T08:22:05.315Z</time>
      </trkpt>
      <trkpt lat="46.532265" lon="11.779284">
        <ele>1865.575481</ele>
        <time>2026-08-21T08:22:07.146Z</time>
      </trkpt>
      <trkpt lat="46.532414" lon="11.779204">
        <ele>1865.844734</ele>
        <time>2026-08-21T08:22:08.473Z</time>
      </trkpt>
      <trkpt lat="46.532461" lon="11.779109">
        <ele>1866.085010</ele>
        <time>2026-08-21T08:22:09.304Z</time>
      </trkpt>
      <trkpt lat="46.532501" lon="11.778696">
        <ele>1866.941419</ele>
        <time>2026-08-21T08:22:11.918Z</time>
      </trkpt>
      <trkpt lat="46.532544" lon="11.778545">
        <ele>1867.276994</ele>
        <time>2026-08-21T08:22:13.051Z</time>
      </trkpt>
      <trkpt lat="46.532629" lon="11.778404">
        <ele>1867.661953</ele>
        <time>2026-08-21T08:22:14.861Z</time>
      </trkpt>
      <trkpt lat="46.532707" lon="11.778310">
        <ele>1867.964374</ele>
        <time>2026-08-21T08:22:16.938Z</time>
      </trkpt>
      <trkpt lat="46.533629" lon="11.777267">
        <ele>1872.707011</ele>
        <time>2026-08-21T08:22:56.515Z</time>
      </trkpt>
      <trkpt lat="46.533806" lon="11.777109">
        <ele>1874.517490</ele>
        <time>2026-08-21T08:23:06.416Z</time>
      </trkpt>
      <trkpt lat="46.533867" lon="11.777088">
        <ele>1875.063899</ele>
        <time>2026-08-21T08:23:09.333Z</time>
      </trkpt>
      <trkpt lat="46.533943" lon="11.777085">
        <ele>1875.726590</ele>
        <time>2026-08-21T08:23:12.797Z</time>
      </trkpt>
      <trkpt lat="46.534056" lon="11.777133">
        <ele>1876.752736</ele>
        <time>2026-08-21T08:23:17.996Z</time>
      </trkpt>
      <trkpt lat="46.534149" lon="11.777206">
        <ele>1877.673995</ele>
        <time>2026-08-21T08:23:22.578Z</time>
      </trkpt>
      <trkpt lat="46.534350" lon="11.777469">
        <ele>1880.031205</ele>
        <time>2026-08-21T08:23:33.594Z</time>
      </trkpt>
      <trkpt lat="46.534542" lon="11.777539">
        <ele>1881.756589</ele>
        <time>2026-08-21T08:23:41.190Z</time>
      </trkpt>
      <trkpt lat="46.534692" lon="11.777474">
        <ele>1883.120907</ele>
        <time>2026-08-21T08:23:47.209Z</time>
      </trkpt>
      <trkpt lat="46.535165" lon="11.776925">
        <ele>1888.537163</ele>
        <time>2026-08-21T08:24:10.802Z</time>
      </trkpt>
      <trkpt lat="46.535338" lon="11.776837">
        <ele>1890.251517</ele>
        <time>2026-08-21T08:24:17.978Z</time>
      </trkpt>
      <trkpt lat="46.535510" lon="11.776801">
        <ele>1891.876901</ele>
        <time>2026-08-21T08:24:24.847Z</time>
      </trkpt>
      <trkpt lat="46.536155" lon="11.776456">
        <ele>1898.305307</ele>
        <time>2026-08-21T08:24:54.830Z</time>
      </trkpt>
      <trkpt lat="46.536296" lon="11.776482">
        <ele>1899.634712</ele>
        <time>2026-08-21T08:25:01.425Z</time>
      </trkpt>
      <trkpt lat="46.536384" lon="11.776547">
        <ele>1900.557973</ele>
        <time>2026-08-21T08:25:05.972Z</time>
      </trkpt>
      <trkpt lat="46.536551" lon="11.776790">
        <ele>1902.768057</ele>
        <time>2026-08-21T08:25:17.102Z</time>
      </trkpt>
      <trkpt lat="46.536678" lon="11.776919">
        <ele>1903.915321</ele>
        <time>2026-08-21T08:25:23.975Z</time>
      </trkpt>
      <trkpt lat="46.536818" lon="11.776953">
        <ele>1904.806498</ele>
        <time>2026-08-21T08:25:29.814Z</time>
      </trkpt>
      <trkpt lat="46.536996" lon="11.776886">
        <ele>1905.960932</ele>
        <time>2026-08-21T08:25:36.612Z</time>
      </trkpt>
      <trkpt lat="46.537199" lon="11.776743">
        <ele>1907.377229</ele>
        <time>2026-08-21T08:25:44.004Z</time>
      </trkpt>
      <trkpt lat="46.537318" lon="11.776570">
        <ele>1908.433870</ele>
        <time>2026-08-21T08:25:49.035Z</time>
      </trkpt>
      <trkpt lat="46.537347" lon="11.776474">
        <ele>1908.886702</ele>
        <time>2026-08-21T08:25:51.096Z</time>
      </trkpt>
      <trkpt lat="46.537384" lon="11.776070">
        <ele>1910.646931</ele>
        <time>2026-08-21T08:25:58.158Z</time>
      </trkpt>
      <trkpt lat="46.537600" lon="11.775630">
        <ele>1912.981530</ele>
        <time>2026-08-21T08:26:07.615Z</time>
      </trkpt>
      <trkpt lat="46.537693" lon="11.775189">
        <ele>1915.069567</ele>
        <time>2026-08-21T08:26:16.261Z</time>
      </trkpt>
      <trkpt lat="46.537764" lon="11.775079">
        <ele>1915.884688</ele>
        <time>2026-08-21T08:26:19.276Z</time>
      </trkpt>
      <trkpt lat="46.537845" lon="11.775084">
        <ele>1916.521575</ele>
        <time>2026-08-21T08:26:21.618Z</time>
      </trkpt>
      <trkpt lat="46.537869" lon="11.775142">
        <ele>1916.887331</ele>
        <time>2026-08-21T08:26:22.969Z</time>
      </trkpt>
      <trkpt lat="46.537858" lon="11.775236">
        <ele>1917.402582</ele>
        <time>2026-08-21T08:26:24.827Z</time>
      </trkpt>
      <trkpt lat="46.537745" lon="11.775564">
        <ele>1919.384887</ele>
        <time>2026-08-21T08:26:32.699Z</time>
      </trkpt>
      <trkpt lat="46.537768" lon="11.775881">
        <ele>1921.107385</ele>
        <time>2026-08-21T08:26:40.845Z</time>
      </trkpt>
      <trkpt lat="46.537796" lon="11.776028">
        <ele>1921.931630</ele>
        <time>2026-08-21T08:26:45.148Z</time>
      </trkpt>
      <trkpt lat="46.537831" lon="11.776206">
        <ele>1922.932026</ele>
        <time>2026-08-21T08:26:50.523Z</time>
      </trkpt>
      <trkpt lat="46.537864" lon="11.776366">
        <ele>1923.834656</ele>
        <time>2026-08-21T08:26:55.557Z</time>
      </trkpt>
      <trkpt lat="46.537872" lon="11.776570">
        <ele>1924.938813</ele>
        <time>2026-08-21T08:27:01.974Z</time>
      </trkpt>
      <trkpt lat="46.537729" lon="11.777000">
        <ele>1927.519736</ele>
        <time>2026-08-21T08:27:16.964Z</time>
      </trkpt>
      <trkpt lat="46.537719" lon="11.777414">
        <ele>1930.010897</ele>
        <time>2026-08-21T08:27:28.089Z</time>
      </trkpt>
      <trkpt lat="46.537653" lon="11.777636">
        <ele>1931.636202</ele>
        <time>2026-08-21T08:27:34.070Z</time>
      </trkpt>
      <trkpt lat="46.537542" lon="11.777758">
        <ele>1932.995700</ele>
        <time>2026-08-21T08:27:39.850Z</time>
      </trkpt>
      <trkpt lat="46.537293" lon="11.777845">
        <ele>1935.497643</ele>
        <time>2026-08-21T08:27:50.943Z</time>
      </trkpt>
      <trkpt lat="46.536902" lon="11.777891">
        <ele>1939.330104</ele>
        <time>2026-08-21T08:28:09.561Z</time>
      </trkpt>
      <trkpt lat="46.536769" lon="11.777967">
        <ele>1940.726261</ele>
        <time>2026-08-21T08:28:16.050Z</time>
      </trkpt>
      <trkpt lat="46.536710" lon="11.778041">
        <ele>1941.487562</ele>
        <time>2026-08-21T08:28:19.591Z</time>
      </trkpt>
      <trkpt lat="46.536653" lon="11.778118">
        <ele>1942.247756</ele>
        <time>2026-08-21T08:28:22.774Z</time>
      </trkpt>
      <trkpt lat="46.536609" lon="11.778217">
        <ele>1943.039876</ele>
        <time>2026-08-21T08:28:26.398Z</time>
      </trkpt>
      <trkpt lat="46.536346" lon="11.778986">
        <ele>1948.545911</ele>
        <time>2026-08-21T08:28:50.510Z</time>
      </trkpt>
      <trkpt lat="46.536261" lon="11.779233">
        <ele>1950.206249</ele>
        <time>2026-08-21T08:28:58.808Z</time>
      </trkpt>
      <trkpt lat="46.536231" lon="11.779317">
        <ele>1950.775237</ele>
        <time>2026-08-21T08:29:06.821Z</time>
      </trkpt>
      <trkpt lat="46.536195" lon="11.779420">
        <ele>1951.469788</ele>
        <time>2026-08-21T08:29:16.847Z</time>
      </trkpt>
      <trkpt lat="46.535845" lon="11.780441">
        <ele>1958.327699</ele>
        <time>2026-08-21T08:29:49.315Z</time>
      </trkpt>
      <trkpt lat="46.535603" lon="11.781085">
        <ele>1962.683455</ele>
        <time>2026-08-21T08:30:06.238Z</time>
      </trkpt>
      <trkpt lat="46.535345" lon="11.781428">
        <ele>1965.504200</ele>
        <time>2026-08-21T08:30:18.017Z</time>
      </trkpt>
      <trkpt lat="46.535242" lon="11.781609">
        <ele>1966.807916</ele>
        <time>2026-08-21T08:30:23.511Z</time>
      </trkpt>
      <trkpt lat="46.535000" lon="11.782264">
        <ele>1970.934308</ele>
        <time>2026-08-21T08:30:42.099Z</time>
      </trkpt>
      <trkpt lat="46.534731" lon="11.782588">
        <ele>1973.752757</ele>
        <time>2026-08-21T08:30:55.838Z</time>
      </trkpt>
      <trkpt lat="46.534723" lon="11.782642">
        <ele>1974.059331</ele>
        <time>2026-08-21T08:30:57.346Z</time>
      </trkpt>
      <trkpt lat="46.534748" lon="11.782750">
        <ele>1974.691762</ele>
        <time>2026-08-21T08:31:00.514Z</time>
      </trkpt>
      <trkpt lat="46.534839" lon="11.782759">
        <ele>1975.427642</ele>
        <time>2026-08-21T08:31:04.239Z</time>
      </trkpt>
      <trkpt lat="46.534967" lon="11.782580">
        <ele>1976.960461</ele>
        <time>2026-08-21T08:31:11.696Z</time>
      </trkpt>
      <trkpt lat="46.535109" lon="11.782447">
        <ele>1978.727506</ele>
        <time>2026-08-21T08:31:19.115Z</time>
      </trkpt>
      <trkpt lat="46.535372" lon="11.782376">
        <ele>1981.525704</ele>
        <time>2026-08-21T08:31:31.358Z</time>
      </trkpt>
      <trkpt lat="46.535575" lon="11.782455">
        <ele>1983.723998</ele>
        <time>2026-08-21T08:31:41.498Z</time>
      </trkpt>
      <trkpt lat="46.536592" lon="11.783082">
        <ele>1995.279708</ele>
        <time>2026-08-21T08:32:34.963Z</time>
      </trkpt>
      <trkpt lat="46.537302" lon="11.783482">
        <ele>2000.284023</ele>
        <time>2026-08-21T08:33:04.381Z</time>
      </trkpt>
      <trkpt lat="46.537663" lon="11.783457">
        <ele>2002.648691</ele>
        <time>2026-08-21T08:33:15.780Z</time>
      </trkpt>
      <trkpt lat="46.538295" lon="11.783223">
        <ele>2006.915815</ele>
        <time>2026-08-21T08:33:31.679Z</time>
      </trkpt>
      <trkpt lat="46.538335" lon="11.783224">
        <ele>2007.164329</ele>
        <time>2026-08-21T08:33:32.593Z</time>
      </trkpt>
      <trkpt lat="46.538360" lon="11.783234">
        <ele>2007.301995</ele>
        <time>2026-08-21T08:33:33.115Z</time>
      </trkpt>
      <trkpt lat="46.538373" lon="11.783239">
        <ele>2007.373391</ele>
        <time>2026-08-21T08:33:33.435Z</time>
      </trkpt>
      <trkpt lat="46.538409" lon="11.783271">
        <ele>2007.597425</ele>
        <time>2026-08-21T08:33:34.461Z</time>
      </trkpt>
      <trkpt lat="46.538445" lon="11.783323">
        <ele>2007.866867</ele>
        <time>2026-08-21T08:33:35.675Z</time>
      </trkpt>
      <trkpt lat="46.538468" lon="11.783491">
        <ele>2008.492457</ele>
        <time>2026-08-21T08:33:38.301Z</time>
      </trkpt>
      <trkpt lat="46.538442" lon="11.783584">
        <ele>2008.859085</ele>
        <time>2026-08-21T08:33:39.826Z</time>
      </trkpt>
      <trkpt lat="46.538330" lon="11.783760">
        <ele>2009.734735</ele>
        <time>2026-08-21T08:33:43.667Z</time>
      </trkpt>
      <trkpt lat="46.537928" lon="11.784281">
        <ele>2012.594102</ele>
        <time>2026-08-21T08:33:58.041Z</time>
      </trkpt>
      <trkpt lat="46.537688" lon="11.784494">
        <ele>2014.087030</ele>
        <time>2026-08-21T08:34:06.460Z</time>
      </trkpt>
      <trkpt lat="46.537626" lon="11.784582">
        <ele>2014.547086</ele>
        <time>2026-08-21T08:34:09.137Z</time>
      </trkpt>
      <trkpt lat="46.537585" lon="11.784684">
        <ele>2014.978547</ele>
        <time>2026-08-21T08:34:11.984Z</time>
      </trkpt>
      <trkpt lat="46.537508" lon="11.785075">
        <ele>2016.463917</ele>
        <time>2026-08-21T08:34:22.886Z</time>
      </trkpt>
      <trkpt lat="46.537269" lon="11.785567">
        <ele>2017.706719</ele>
        <time>2026-08-21T08:34:39.063Z</time>
      </trkpt>
      <trkpt lat="46.537010" lon="11.786533">
        <ele>2019.687561</ele>
        <time>2026-08-21T08:34:58.522Z</time>
      </trkpt>
      <trkpt lat="46.536953" lon="11.786817">
        <ele>2020.252787</ele>
        <time>2026-08-21T08:35:01.357Z</time>
      </trkpt>
      <trkpt lat="46.536932" lon="11.787050">
        <ele>2020.701755</ele>
        <time>2026-08-21T08:35:02.907Z</time>
      </trkpt>
      <trkpt lat="46.536962" lon="11.787251">
        <ele>2021.094715</ele>
        <time>2026-08-21T08:35:04.146Z</time>
      </trkpt>
      <trkpt lat="46.537405" lon="11.788544">
        <ele>2018.721232</ele>
        <time>2026-08-21T08:35:11.848Z</time>
      </trkpt>
      <trkpt lat="46.537745" lon="11.789258">
        <ele>2016.512542</ele>
        <time>2026-08-21T08:35:16.396Z</time>
      </trkpt>
      <trkpt lat="46.537835" lon="11.789514">
        <ele>2015.781317</ele>
        <time>2026-08-21T08:35:17.999Z</time>
      </trkpt>
      <trkpt lat="46.538174" lon="11.791368">
        <ele>2012.220074</ele>
        <time>2026-08-21T08:35:29.069Z</time>
      </trkpt>
      <trkpt lat="46.538281" lon="11.791667">
        <ele>2011.638406</ele>
        <time>2026-08-21T08:35:30.946Z</time>
      </trkpt>
      <trkpt lat="46.538928" lon="11.793172">
        <ele>2010.791948</ele>
        <time>2026-08-21T08:35:42.007Z</time>
      </trkpt>
      <trkpt lat="46.539015" lon="11.793456">
        <ele>2010.876737</ele>
        <time>2026-08-21T08:35:44.715Z</time>
      </trkpt>
      <trkpt lat="46.539384" lon="11.794969">
        <ele>2010.884286</ele>
        <time>2026-08-21T08:36:07.823Z</time>
      </trkpt>
      <trkpt lat="46.539430" lon="11.795251">
        <ele>2010.659452</ele>
        <time>2026-08-21T08:36:11.136Z</time>
      </trkpt>
      <trkpt lat="46.539428" lon="11.795526">
        <ele>2010.446103</ele>
        <time>2026-08-21T08:36:12.819Z</time>
      </trkpt>
      <trkpt lat="46.539321" lon="11.796079">
        <ele>2010.000453</ele>
        <time>2026-08-21T08:36:16.081Z</time>
      </trkpt>
      <trkpt lat="46.539310" lon="11.796315">
        <ele>2009.816951</ele>
        <time>2026-08-21T08:36:17.444Z</time>
      </trkpt>
      <trkpt lat="46.539368" lon="11.796579">
        <ele>2009.601955</ele>
        <time>2026-08-21T08:36:19.040Z</time>
      </trkpt>
      <trkpt lat="46.539531" lon="11.797036">
        <ele>2009.202602</ele>
        <time>2026-08-21T08:36:22.084Z</time>
      </trkpt>
      <trkpt lat="46.539642" lon="11.797399">
        <ele>2008.991218</ele>
        <time>2026-08-21T08:36:24.395Z</time>
      </trkpt>
      <trkpt lat="46.539703" lon="11.798320">
        <ele>2008.521848</ele>
        <time>2026-08-21T08:36:29.452Z</time>
      </trkpt>
      <trkpt lat="46.539823" lon="11.798931">
        <ele>2008.199510</ele>
        <time>2026-08-21T08:36:36.281Z</time>
      </trkpt>
      <trkpt lat="46.540011" lon="11.799418">
        <ele>2007.916216</ele>
        <time>2026-08-21T08:36:43.148Z</time>
      </trkpt>
      <trkpt lat="46.540375" lon="11.799993">
        <ele>2010.573214</ele>
        <time>2026-08-21T08:36:52.274Z</time>
      </trkpt>
      <trkpt lat="46.540599" lon="11.800323">
        <ele>2012.528653</ele>
        <time>2026-08-21T08:36:58.540Z</time>
      </trkpt>
      <trkpt lat="46.540798" lon="11.800795">
        <ele>2014.863599</ele>
        <time>2026-08-21T08:37:08.989Z</time>
      </trkpt>
      <trkpt lat="46.541019" lon="11.801661">
        <ele>2018.759362</ele>
        <time>2026-08-21T08:37:36.491Z</time>
      </trkpt>
      <trkpt lat="46.541128" lon="11.802481">
        <ele>2022.636615</ele>
        <time>2026-08-21T08:38:11.840Z</time>
      </trkpt>
      <trkpt lat="46.541189" lon="11.802642">
        <ele>2023.492626</ele>
        <time>2026-08-21T08:38:19.481Z</time>
      </trkpt>
      <trkpt lat="46.541316" lon="11.802808">
        <ele>2024.648920</ele>
        <time>2026-08-21T08:38:29.066Z</time>
      </trkpt>
      <trkpt lat="46.541716" lon="11.803212">
        <ele>2027.946561</ele>
        <time>2026-08-21T08:38:49.377Z</time>
      </trkpt>
      <trkpt lat="46.541814" lon="11.803401">
        <ele>2029.048816</ele>
        <time>2026-08-21T08:38:52.421Z</time>
      </trkpt>
      <trkpt lat="46.541901" lon="11.803670">
        <ele>2030.433126</ele>
        <time>2026-08-21T08:38:54.111Z</time>
      </trkpt>
      <trkpt lat="46.541988" lon="11.803848">
        <ele>2030.553103</ele>
        <time>2026-08-21T08:38:55.174Z</time>
      </trkpt>
      <trkpt lat="46.542301" lon="11.804270">
        <ele>2026.891073</ele>
        <time>2026-08-21T08:38:58.046Z</time>
      </trkpt>
      <trkpt lat="46.542435" lon="11.804349">
        <ele>2025.650603</ele>
        <time>2026-08-21T08:38:59.004Z</time>
      </trkpt>
      <trkpt lat="46.542598" lon="11.804367">
        <ele>2024.248240</ele>
        <time>2026-08-21T08:39:00.082Z</time>
      </trkpt>
      <trkpt lat="46.542825" lon="11.804282">
        <ele>2022.237314</ele>
        <time>2026-08-21T08:39:01.638Z</time>
      </trkpt>
      <trkpt lat="46.542944" lon="11.804220">
        <ele>2021.152873</ele>
        <time>2026-08-21T08:39:02.479Z</time>
      </trkpt>
      <trkpt lat="46.543095" lon="11.804189">
        <ele>2019.844631</ele>
        <time>2026-08-21T08:39:03.508Z</time>
      </trkpt>
      <trkpt lat="46.543264" lon="11.804220">
        <ele>2018.383329</ele>
        <time>2026-08-21T08:39:04.674Z</time>
      </trkpt>
      <trkpt lat="46.543421" lon="11.804317">
        <ele>2016.919900</ele>
        <time>2026-08-21T08:39:05.871Z</time>
      </trkpt>
      <trkpt lat="46.543553" lon="11.804474">
        <ele>2015.738691</ele>
        <time>2026-08-21T08:39:07.168Z</time>
      </trkpt>
      <trkpt lat="46.544430" lon="11.805993">
        <ele>2023.733272</ele>
        <time>2026-08-21T08:40:00.338Z</time>
      </trkpt>
      <trkpt lat="46.544740" lon="11.806423">
        <ele>2026.205604</ele>
        <time>2026-08-21T08:40:17.668Z</time>
      </trkpt>
      <trkpt lat="46.544968" lon="11.806661">
        <ele>2027.038023</ele>
        <time>2026-08-21T08:40:26.524Z</time>
      </trkpt>
      <trkpt lat="46.545174" lon="11.806785">
        <ele>2027.699258</ele>
        <time>2026-08-21T08:40:32.206Z</time>
      </trkpt>
      <trkpt lat="46.545310" lon="11.806832">
        <ele>2028.113838</ele>
        <time>2026-08-21T08:40:35.273Z</time>
      </trkpt>
      <trkpt lat="46.545410" lon="11.806815">
        <ele>2028.412435</ele>
        <time>2026-08-21T08:40:37.295Z</time>
      </trkpt>
      <trkpt lat="46.545501" lon="11.806744">
        <ele>2028.718721</ele>
        <time>2026-08-21T08:40:39.204Z</time>
      </trkpt>
      <trkpt lat="46.545709" lon="11.806352">
        <ele>2029.728617</ele>
        <time>2026-08-21T08:40:44.345Z</time>
      </trkpt>
      <trkpt lat="46.546046" lon="11.805895">
        <ele>2031.095318</ele>
        <time>2026-08-21T08:40:49.184Z</time>
      </trkpt>
      <trkpt lat="46.546080" lon="11.805705">
        <ele>2031.495776</ele>
        <time>2026-08-21T08:40:50.653Z</time>
      </trkpt>
      <trkpt lat="46.546044" lon="11.805251">
        <ele>2033.511957</ele>
        <time>2026-08-21T08:40:56.108Z</time>
      </trkpt>
      <trkpt lat="46.546059" lon="11.805001">
        <ele>2034.621944</ele>
        <time>2026-08-21T08:41:00.272Z</time>
      </trkpt>
      <trkpt lat="46.546189" lon="11.804412">
        <ele>2037.358037</ele>
        <time>2026-08-21T08:41:13.995Z</time>
      </trkpt>
      <trkpt lat="46.546303" lon="11.804200">
        <ele>2038.548330</ele>
        <time>2026-08-21T08:41:21.256Z</time>
      </trkpt>
      <trkpt lat="46.546380" lon="11.804136">
        <ele>2039.118729</ele>
        <time>2026-08-21T08:41:25.044Z</time>
      </trkpt>
      <trkpt lat="46.546801" lon="11.803928">
        <ele>2041.978276</ele>
        <time>2026-08-21T08:41:44.087Z</time>
      </trkpt>
      <trkpt lat="46.546989" lon="11.803888">
        <ele>2043.198414</ele>
        <time>2026-08-21T08:41:52.463Z</time>
      </trkpt>
      <trkpt lat="46.547291" lon="11.803851">
        <ele>2045.121174</ele>
        <time>2026-08-21T08:42:06.365Z</time>
      </trkpt>
      <trkpt lat="46.547536" lon="11.803708">
        <ele>2046.796081</ele>
        <time>2026-08-21T08:42:17.693Z</time>
      </trkpt>
      <trkpt lat="46.547673" lon="11.803575">
        <ele>2047.841172</ele>
        <time>2026-08-21T08:42:23.786Z</time>
      </trkpt>
      <trkpt lat="46.547781" lon="11.803312">
        <ele>2049.177707</ele>
        <time>2026-08-21T08:42:30.442Z</time>
      </trkpt>
      <trkpt lat="46.547833" lon="11.803293">
        <ele>2049.517867</ele>
        <time>2026-08-21T08:42:32.113Z</time>
      </trkpt>
      <trkpt lat="46.547880" lon="11.803315">
        <ele>2049.831118</ele>
        <time>2026-08-21T08:42:33.562Z</time>
      </trkpt>
      <trkpt lat="46.547909" lon="11.803367">
        <ele>2050.123229</ele>
        <time>2026-08-21T08:42:34.696Z</time>
      </trkpt>
      <trkpt lat="46.547911" lon="11.803449">
        <ele>2050.481241</ele>
        <time>2026-08-21T08:42:36.278Z</time>
      </trkpt>
      <trkpt lat="46.547716" lon="11.803770">
        <ele>2052.349986</ele>
        <time>2026-08-21T08:42:43.079Z</time>
      </trkpt>
      <trkpt lat="46.547569" lon="11.804101">
        <ele>2054.069173</ele>
        <time>2026-08-21T08:42:48.460Z</time>
      </trkpt>
      <trkpt lat="46.547454" lon="11.804232">
        <ele>2054.834076</ele>
        <time>2026-08-21T08:42:51.263Z</time>
      </trkpt>
      <trkpt lat="46.547154" lon="11.804425">
        <ele>2056.263903</ele>
        <time>2026-08-21T08:42:58.275Z</time>
      </trkpt>
      <trkpt lat="46.547057" lon="11.804590">
        <ele>2056.914575</ele>
        <time>2026-08-21T08:43:01.475Z</time>
      </trkpt>
      <trkpt lat="46.547031" lon="11.804721">
        <ele>2057.323287</ele>
        <time>2026-08-21T08:43:03.536Z</time>
      </trkpt>
      <trkpt lat="46.547032" lon="11.805251">
        <ele>2058.912026</ele>
        <time>2026-08-21T08:43:12.055Z</time>
      </trkpt>
      <trkpt lat="46.547050" lon="11.805373">
        <ele>2059.286055</ele>
        <time>2026-08-21T08:43:14.267Z</time>
      </trkpt>
      <trkpt lat="46.547197" lon="11.805821">
        <ele>2060.773991</ele>
        <time>2026-08-21T08:43:23.834Z</time>
      </trkpt>
      <trkpt lat="46.547187" lon="11.806100">
        <ele>2061.611457</ele>
        <time>2026-08-21T08:43:29.748Z</time>
      </trkpt>
      <trkpt lat="46.547243" lon="11.806190">
        <ele>2061.975266</ele>
        <time>2026-08-21T08:43:32.442Z</time>
      </trkpt>
      <trkpt lat="46.547317" lon="11.806186">
        <ele>2062.298020</ele>
        <time>2026-08-21T08:43:34.904Z</time>
      </trkpt>
      <trkpt lat="46.547361" lon="11.806095">
        <ele>2062.885259</ele>
        <time>2026-08-21T08:43:37.496Z</time>
      </trkpt>
      <trkpt lat="46.547362" lon="11.806029">
        <ele>2063.243404</ele>
        <time>2026-08-21T08:43:39.046Z</time>
      </trkpt>
      <trkpt lat="46.547276" lon="11.805624">
        <ele>2065.542922</ele>
        <time>2026-08-21T08:43:49.245Z</time>
      </trkpt>
      <trkpt lat="46.547270" lon="11.805381">
        <ele>2066.862078</ele>
        <time>2026-08-21T08:43:55.235Z</time>
      </trkpt>
      <trkpt lat="46.547366" lon="11.805009">
        <ele>2069.017621</ele>
        <time>2026-08-21T08:44:04.989Z</time>
      </trkpt>
      <trkpt lat="46.547437" lon="11.804870">
        <ele>2069.956940</ele>
        <time>2026-08-21T08:44:09.132Z</time>
      </trkpt>
      <trkpt lat="46.547497" lon="11.804815">
        <ele>2070.516435</ele>
        <time>2026-08-21T08:44:11.673Z</time>
      </trkpt>
      <trkpt lat="46.547568" lon="11.804792">
        <ele>2071.090226</ele>
        <time>2026-08-21T08:44:14.277Z</time>
      </trkpt>
      <trkpt lat="46.547694" lon="11.804830">
        <ele>2072.105289</ele>
        <time>2026-08-21T08:44:19.041Z</time>
      </trkpt>
      <trkpt lat="46.547782" lon="11.804960">
        <ele>2073.094859</ele>
        <time>2026-08-21T08:44:23.864Z</time>
      </trkpt>
      <trkpt lat="46.547806" lon="11.805058">
        <ele>2073.659218</ele>
        <time>2026-08-21T08:44:26.715Z</time>
      </trkpt>
      <trkpt lat="46.547807" lon="11.805254">
        <ele>2074.722562</ele>
        <time>2026-08-21T08:44:32.288Z</time>
      </trkpt>
      <trkpt lat="46.547761" lon="11.805606">
        <ele>2076.707116</ele>
        <time>2026-08-21T08:44:42.993Z</time>
      </trkpt>
      <trkpt lat="46.547773" lon="11.805770">
        <ele>2077.829358</ele>
        <time>2026-08-21T08:44:48.076Z</time>
      </trkpt>
      <trkpt lat="46.547873" lon="11.805950">
        <ele>2079.403863</ele>
        <time>2026-08-21T08:44:55.287Z</time>
      </trkpt>
      <trkpt lat="46.548047" lon="11.806098">
        <ele>2081.398328</ele>
        <time>2026-08-21T08:45:04.492Z</time>
      </trkpt>
      <trkpt lat="46.548176" lon="11.806207">
        <ele>2082.874500</ele>
        <time>2026-08-21T08:45:11.276Z</time>
      </trkpt>
      <trkpt lat="46.548225" lon="11.806261">
        <ele>2083.482815</ele>
        <time>2026-08-21T08:45:14.011Z</time>
      </trkpt>
      <trkpt lat="46.548264" lon="11.806328">
        <ele>2084.080087</ele>
        <time>2026-08-21T08:45:16.716Z</time>
      </trkpt>
      <trkpt lat="46.548394" lon="11.806596">
        <ele>2086.311643</ele>
        <time>2026-08-21T08:45:26.540Z</time>
      </trkpt>
      <trkpt lat="46.548511" lon="11.806691">
        <ele>2087.637491</ele>
        <time>2026-08-21T08:45:31.953Z</time>
      </trkpt>
      <trkpt lat="46.548576" lon="11.806703">
        <ele>2088.285758</ele>
        <time>2026-08-21T08:45:34.462Z</time>
      </trkpt>
      <trkpt lat="46.548672" lon="11.806668">
        <ele>2089.264976</ele>
        <time>2026-08-21T08:45:38.484Z</time>
      </trkpt>
      <trkpt lat="46.548781" lon="11.806515">
        <ele>2090.763930</ele>
        <time>2026-08-21T08:45:45.002Z</time>
      </trkpt>
      <trkpt lat="46.548965" lon="11.805796">
        <ele>2095.605032</ele>
        <time>2026-08-21T08:46:09.518Z</time>
      </trkpt>
      <trkpt lat="46.548977" lon="11.805733">
        <ele>2095.949640</ele>
        <time>2026-08-21T08:46:11.648Z</time>
      </trkpt>
      <trkpt lat="46.548978" lon="11.805599">
        <ele>2096.656065</ele>
        <time>2026-08-21T08:46:16.032Z</time>
      </trkpt>
      <trkpt lat="46.548938" lon="11.805325">
        <ele>2098.132643</ele>
        <time>2026-08-21T08:46:24.514Z</time>
      </trkpt>
      <trkpt lat="46.548960" lon="11.805259">
        <ele>2098.519276</ele>
        <time>2026-08-21T08:46:26.627Z</time>
      </trkpt>
      <trkpt lat="46.549030" lon="11.805225">
        <ele>2099.084973</ele>
        <time>2026-08-21T08:46:29.575Z</time>
      </trkpt>
      <trkpt lat="46.549094" lon="11.805280">
        <ele>2099.654809</ele>
        <time>2026-08-21T08:46:32.393Z</time>
      </trkpt>
      <trkpt lat="46.549159" lon="11.805478">
        <ele>2100.811382</ele>
        <time>2026-08-21T08:46:37.857Z</time>
      </trkpt>
      <trkpt lat="46.549201" lon="11.805539">
        <ele>2101.266401</ele>
        <time>2026-08-21T08:46:39.922Z</time>
      </trkpt>
      <trkpt lat="46.549448" lon="11.805768">
        <ele>2103.511778</ele>
        <time>2026-08-21T08:46:50.031Z</time>
      </trkpt>
      <trkpt lat="46.549504" lon="11.805852">
        <ele>2104.128482</ele>
        <time>2026-08-21T08:46:52.737Z</time>
      </trkpt>
      <trkpt lat="46.549554" lon="11.805957">
        <ele>2104.801719</ele>
        <time>2026-08-21T08:46:55.618Z</time>
      </trkpt>
      <trkpt lat="46.549592" lon="11.806057">
        <ele>2105.403983</ele>
        <time>2026-08-21T08:46:58.302Z</time>
      </trkpt>
      <trkpt lat="46.549621" lon="11.806156">
        <ele>2105.971226</ele>
        <time>2026-08-21T08:47:00.805Z</time>
      </trkpt>
      <trkpt lat="46.549654" lon="11.806282">
        <ele>2106.681963</ele>
        <time>2026-08-21T08:47:03.972Z</time>
      </trkpt>
      <trkpt lat="46.549720" lon="11.806509">
        <ele>2107.981126</ele>
        <time>2026-08-21T08:47:09.468Z</time>
      </trkpt>
      <trkpt lat="46.549754" lon="11.806592">
        <ele>2108.131952</ele>
        <time>2026-08-21T08:47:11.381Z</time>
      </trkpt>
      <trkpt lat="46.549795" lon="11.806667">
        <ele>2108.186695</ele>
        <time>2026-08-21T08:47:13.193Z</time>
      </trkpt>
      <trkpt lat="46.549841" lon="11.806738">
        <ele>2108.242430</ele>
        <time>2026-08-21T08:47:14.882Z</time>
      </trkpt>
      <trkpt lat="46.549919" lon="11.806853">
        <ele>2108.334720</ele>
        <time>2026-08-21T08:47:17.329Z</time>
      </trkpt>
      <trkpt lat="46.549952" lon="11.806916">
        <ele>2108.379969</ele>
        <time>2026-08-21T08:47:18.263Z</time>
      </trkpt>
      <trkpt lat="46.550046" lon="11.807180">
        <ele>2108.549831</ele>
        <time>2026-08-21T08:47:21.994Z</time>
      </trkpt>
      <trkpt lat="46.550078" lon="11.807438">
        <ele>2108.699625</ele>
        <time>2026-08-21T08:47:24.917Z</time>
      </trkpt>
      <trkpt lat="46.550070" lon="11.807571">
        <ele>2108.775909</ele>
        <time>2026-08-21T08:47:26.207Z</time>
      </trkpt>
      <trkpt lat="46.550045" lon="11.807765">
        <ele>2108.888686</ele>
        <time>2026-08-21T08:47:28.108Z</time>
      </trkpt>
      <trkpt lat="46.549959" lon="11.808116">
        <ele>2109.101588</ele>
        <time>2026-08-21T08:47:31.186Z</time>
      </trkpt>
      <trkpt lat="46.549819" lon="11.808389">
        <ele>2109.296168</ele>
        <time>2026-08-21T08:47:33.524Z</time>
      </trkpt>
      <trkpt lat="46.549809" lon="11.808430">
        <ele>2109.321024</ele>
        <time>2026-08-21T08:47:33.826Z</time>
      </trkpt>
      <trkpt lat="46.549805" lon="11.808471">
        <ele>2109.344685</ele>
        <time>2026-08-21T08:47:34.112Z</time>
      </trkpt>
      <trkpt lat="46.549806" lon="11.808540">
        <ele>2109.384119</ele>
        <time>2026-08-21T08:47:34.537Z</time>
      </trkpt>
      <trkpt lat="46.549816" lon="11.808605">
        <ele>2109.422177</ele>
        <time>2026-08-21T08:47:34.938Z</time>
      </trkpt>
      <trkpt lat="46.549874" lon="11.808831">
        <ele>2109.560007</ele>
        <time>2026-08-21T08:47:36.361Z</time>
      </trkpt>
      <trkpt lat="46.550015" lon="11.809048">
        <ele>2108.525031</ele>
        <time>2026-08-21T08:47:38.048Z</time>
      </trkpt>
      <trkpt lat="46.550192" lon="11.809264">
        <ele>2107.151506</ele>
        <time>2026-08-21T08:47:39.849Z</time>
      </trkpt>
      <trkpt lat="46.550233" lon="11.809318">
        <ele>2106.822688</ele>
        <time>2026-08-21T08:47:40.282Z</time>
      </trkpt>
      <trkpt lat="46.550351" lon="11.809464">
        <ele>2105.901729</ele>
        <time>2026-08-21T08:47:41.452Z</time>
      </trkpt>
      <trkpt lat="46.550606" lon="11.809805">
        <ele>2103.842463</ele>
        <time>2026-08-21T08:47:44.031Z</time>
      </trkpt>
      <trkpt lat="46.550849" lon="11.810131">
        <ele>2101.877209</ele>
        <time>2026-08-21T08:47:46.363Z</time>
      </trkpt>
      <trkpt lat="46.551189" lon="11.810669">
        <ele>2098.889932</ele>
        <time>2026-08-21T08:47:49.875Z</time>
      </trkpt>
      <trkpt lat="46.551286" lon="11.810725">
        <ele>2097.994999</ele>
        <time>2026-08-21T08:47:50.610Z</time>
      </trkpt>
      <trkpt lat="46.551494" lon="11.810747">
        <ele>2096.206688</ele>
        <time>2026-08-21T08:47:52.085Z</time>
      </trkpt>
      <trkpt lat="46.551602" lon="11.810815">
        <ele>2095.197501</ele>
        <time>2026-08-21T08:47:52.918Z</time>
      </trkpt>
      <trkpt lat="46.551691" lon="11.810899">
        <ele>2094.287661</ele>
        <time>2026-08-21T08:47:53.675Z</time>
      </trkpt>
      <trkpt lat="46.551749" lon="11.811003">
        <ele>2093.498053</ele>
        <time>2026-08-21T08:47:54.334Z</time>
      </trkpt>
      <trkpt lat="46.551763" lon="11.811140">
        <ele>2092.681291</ele>
        <time>2026-08-21T08:47:55.007Z</time>
      </trkpt>
      <trkpt lat="46.551702" lon="11.811656">
        <ele>2089.593798</ele>
        <time>2026-08-21T08:47:57.554Z</time>
      </trkpt>
      <trkpt lat="46.551709" lon="11.812107">
        <ele>2086.933564</ele>
        <time>2026-08-21T08:47:59.732Z</time>
      </trkpt>
      <trkpt lat="46.551721" lon="11.812496">
        <ele>2084.637317</ele>
        <time>2026-08-21T08:48:01.583Z</time>
      </trkpt>
      <trkpt lat="46.551642" lon="11.812636">
        <ele>2083.569378</ele>
        <time>2026-08-21T08:48:02.442Z</time>
      </trkpt>
      <trkpt lat="46.551499" lon="11.812696">
        <ele>2082.041237</ele>
        <time>2026-08-21T08:48:03.466Z</time>
      </trkpt>
      <trkpt lat="46.551344" lon="11.812619">
        <ele>2080.335583</ele>
        <time>2026-08-21T08:48:04.592Z</time>
      </trkpt>
      <trkpt lat="46.551164" lon="11.812377">
        <ele>2077.782791</ele>
        <time>2026-08-21T08:48:06.268Z</time>
      </trkpt>
      <trkpt lat="46.551079" lon="11.812318">
        <ele>2076.801987</ele>
        <time>2026-08-21T08:48:06.912Z</time>
      </trkpt>
      <trkpt lat="46.550941" lon="11.812343">
        <ele>2075.353843</ele>
        <time>2026-08-21T08:48:07.850Z</time>
      </trkpt>
      <trkpt lat="46.550832" lon="11.812505">
        <ele>2073.730805</ele>
        <time>2026-08-21T08:48:08.904Z</time>
      </trkpt>
      <trkpt lat="46.550796" lon="11.812615">
        <ele>2072.858406</ele>
        <time>2026-08-21T08:48:09.471Z</time>
      </trkpt>
      <trkpt lat="46.550777" lon="11.812819">
        <ele>2071.384155</ele>
        <time>2026-08-21T08:48:10.429Z</time>
      </trkpt>
      <trkpt lat="46.550790" lon="11.813216">
        <ele>2068.537880</ele>
        <time>2026-08-21T08:48:12.285Z</time>
      </trkpt>
      <trkpt lat="46.550857" lon="11.813768">
        <ele>2064.601867</ele>
        <time>2026-08-21T08:48:14.935Z</time>
      </trkpt>
      <trkpt lat="46.550668" lon="11.814419">
        <ele>2061.384338</ele>
        <time>2026-08-21T08:48:18.412Z</time>
      </trkpt>
      <trkpt lat="46.550653" lon="11.814677">
        <ele>2060.205386</ele>
        <time>2026-08-21T08:48:19.702Z</time>
      </trkpt>
      <trkpt lat="46.550722" lon="11.815113">
        <ele>2058.168245</ele>
        <time>2026-08-21T08:48:21.982Z</time>
      </trkpt>
      <trkpt lat="46.550964" lon="11.815441">
        <ele>2055.977856</ele>
        <time>2026-08-21T08:48:24.451Z</time>
      </trkpt>
      <trkpt lat="46.550998" lon="11.815530">
        <ele>2055.514284</ele>
        <time>2026-08-21T08:48:24.965Z</time>
      </trkpt>
      <trkpt lat="46.551006" lon="11.815656">
        <ele>2054.938127</ele>
        <time>2026-08-21T08:48:25.615Z</time>
      </trkpt>
      <trkpt lat="46.550981" lon="11.815861">
        <ele>2053.990136</ele>
        <time>2026-08-21T08:48:26.672Z</time>
      </trkpt>
      <trkpt lat="46.550947" lon="11.815899">
        <ele>2053.706210</ele>
        <time>2026-08-21T08:48:26.985Z</time>
      </trkpt>
      <trkpt lat="46.550891" lon="11.815920">
        <ele>2053.323304</ele>
        <time>2026-08-21T08:48:27.408Z</time>
      </trkpt>
      <trkpt lat="46.550796" lon="11.815849">
        <ele>2052.668195</ele>
        <time>2026-08-21T08:48:28.195Z</time>
      </trkpt>
      <trkpt lat="46.550754" lon="11.815534">
        <ele>2051.563867</ele>
        <time>2026-08-21T08:48:29.836Z</time>
      </trkpt>
      <trkpt lat="46.550704" lon="11.815396">
        <ele>2051.027026</ele>
        <time>2026-08-21T08:48:30.631Z</time>
      </trkpt>
      <trkpt lat="46.550388" lon="11.815083">
        <ele>2049.113528</ele>
        <time>2026-08-21T08:48:33.496Z</time>
      </trkpt>
      <trkpt lat="46.550360" lon="11.815020">
        <ele>2048.855359</ele>
        <time>2026-08-21T08:48:33.874Z</time>
      </trkpt>
      <trkpt lat="46.550335" lon="11.814660">
        <ele>2047.610032</ele>
        <time>2026-08-21T08:48:35.739Z</time>
      </trkpt>
      <trkpt lat="46.550232" lon="11.814335">
        <ele>2046.378405</ele>
        <time>2026-08-21T08:48:37.622Z</time>
      </trkpt>
      <trkpt lat="46.550096" lon="11.813679">
        <ele>2044.020258</ele>
        <time>2026-08-21T08:48:41.220Z</time>
      </trkpt>
      <trkpt lat="46.550024" lon="11.813533">
        <ele>2043.289200</ele>
        <time>2026-08-21T08:48:42.189Z</time>
      </trkpt>
      <trkpt lat="46.549919" lon="11.813479">
        <ele>2042.584376</ele>
        <time>2026-08-21T08:48:43.077Z</time>
      </trkpt>
      <trkpt lat="46.549853" lon="11.813494">
        <ele>2042.161628</ele>
        <time>2026-08-21T08:48:43.600Z</time>
      </trkpt>
      <trkpt lat="46.549796" lon="11.813519">
        <ele>2041.784854</ele>
        <time>2026-08-21T08:48:44.077Z</time>
      </trkpt>
      <trkpt lat="46.549551" lon="11.813752">
        <ele>2039.932209</ele>
        <time>2026-08-21T08:48:46.374Z</time>
      </trkpt>
      <trkpt lat="46.549126" lon="11.813865">
        <ele>2037.198024</ele>
        <time>2026-08-21T08:48:49.587Z</time>
      </trkpt>
      <trkpt lat="46.549092" lon="11.813975">
        <ele>2036.673144</ele>
        <time>2026-08-21T08:48:50.186Z</time>
      </trkpt>
      <trkpt lat="46.549154" lon="11.814059">
        <ele>2036.136855</ele>
        <time>2026-08-21T08:48:50.788Z</time>
      </trkpt>
      <trkpt lat="46.549375" lon="11.814073">
        <ele>2034.736942</ele>
        <time>2026-08-21T08:48:52.361Z</time>
      </trkpt>
      <trkpt lat="46.549493" lon="11.814149">
        <ele>2033.920208</ele>
        <time>2026-08-21T08:48:53.260Z</time>
      </trkpt>
      <trkpt lat="46.549526" lon="11.814178">
        <ele>2033.676192</ele>
        <time>2026-08-21T08:48:53.527Z</time>
      </trkpt>
      <trkpt lat="46.549580" lon="11.814255">
        <ele>2033.197557</ele>
        <time>2026-08-21T08:48:54.055Z</time>
      </trkpt>
      <trkpt lat="46.549634" lon="11.814344">
        <ele>2032.681008</ele>
        <time>2026-08-21T08:48:54.622Z</time>
      </trkpt>
      <trkpt lat="46.549678" lon="11.814429">
        <ele>2032.115511</ele>
        <time>2026-08-21T08:48:55.125Z</time>
      </trkpt>
      <trkpt lat="46.549747" lon="11.814700">
        <ele>2030.291160</ele>
        <time>2026-08-21T08:48:56.492Z</time>
      </trkpt>
      <trkpt lat="46.549747" lon="11.814933">
        <ele>2028.820197</ele>
        <time>2026-08-21T08:48:57.593Z</time>
      </trkpt>
      <trkpt lat="46.549724" lon="11.815039">
        <ele>2028.118486</ele>
        <time>2026-08-21T08:48:58.120Z</time>
      </trkpt>
      <trkpt lat="46.549571" lon="11.815574">
        <ele>2024.460562</ele>
        <time>2026-08-21T08:49:00.853Z</time>
      </trkpt>
      <trkpt lat="46.549456" lon="11.816050">
        <ele>2021.275457</ele>
        <time>2026-08-21T08:49:03.246Z</time>
      </trkpt>
      <trkpt lat="46.549422" lon="11.816286">
        <ele>2019.753205</ele>
        <time>2026-08-21T08:49:04.388Z</time>
      </trkpt>
      <trkpt lat="46.549428" lon="11.816701">
        <ele>2017.132654</ele>
        <time>2026-08-21T08:49:06.382Z</time>
      </trkpt>
      <trkpt lat="46.549580" lon="11.817415">
        <ele>2013.373613</ele>
        <time>2026-08-21T08:49:10.087Z</time>
      </trkpt>
      <trkpt lat="46.549553" lon="11.817526">
        <ele>2012.832926</ele>
        <time>2026-08-21T08:49:10.683Z</time>
      </trkpt>
      <trkpt lat="46.549492" lon="11.817552">
        <ele>2012.408462</ele>
        <time>2026-08-21T08:49:11.155Z</time>
      </trkpt>
      <trkpt lat="46.549420" lon="11.817486">
        <ele>2011.840121</ele>
        <time>2026-08-21T08:49:11.793Z</time>
      </trkpt>
      <trkpt lat="46.549305" lon="11.817001">
        <ele>2009.484198</ele>
        <time>2026-08-21T08:49:14.423Z</time>
      </trkpt>
      <trkpt lat="46.549117" lon="11.816577">
        <ele>2007.167459</ele>
        <time>2026-08-21T08:49:16.964Z</time>
      </trkpt>
      <trkpt lat="46.548996" lon="11.816216">
        <ele>2005.323223</ele>
        <time>2026-08-21T08:49:18.943Z</time>
      </trkpt>
      <trkpt lat="46.548916" lon="11.816128">
        <ele>2004.653384</ele>
        <time>2026-08-21T08:49:19.662Z</time>
      </trkpt>
      <trkpt lat="46.548852" lon="11.816132">
        <ele>2004.225632</ele>
        <time>2026-08-21T08:49:20.132Z</time>
      </trkpt>
      <trkpt lat="46.548822" lon="11.816163">
        <ele>2003.979874</ele>
        <time>2026-08-21T08:49:20.402Z</time>
      </trkpt>
      <trkpt lat="46.548792" lon="11.816293">
        <ele>2003.177893</ele>
        <time>2026-08-21T08:49:21.086Z</time>
      </trkpt>
      <trkpt lat="46.548803" lon="11.816798">
        <ele>2000.160968</ele>
        <time>2026-08-21T08:49:23.567Z</time>
      </trkpt>
      <trkpt lat="46.548737" lon="11.817290">
        <ele>1997.167815</ele>
        <time>2026-08-21T08:49:25.963Z</time>
      </trkpt>
      <trkpt lat="46.548789" lon="11.817544">
        <ele>1995.585379</ele>
        <time>2026-08-21T08:49:27.220Z</time>
      </trkpt>
      <trkpt lat="46.548927" lon="11.817843">
        <ele>1993.435244</ele>
        <time>2026-08-21T08:49:28.933Z</time>
      </trkpt>
      <trkpt lat="46.548948" lon="11.817996">
        <ele>1992.503649</ele>
        <time>2026-08-21T08:49:29.672Z</time>
      </trkpt>
      <trkpt lat="46.548937" lon="11.818082">
        <ele>1991.981329</ele>
        <time>2026-08-21T08:49:30.089Z</time>
      </trkpt>
      <trkpt lat="46.548809" lon="11.818638">
        <ele>1988.480326</ele>
        <time>2026-08-21T08:49:32.893Z</time>
      </trkpt>
      <trkpt lat="46.548792" lon="11.818967">
        <ele>1986.322260</ele>
        <time>2026-08-21T08:49:34.479Z</time>
      </trkpt>
      <trkpt lat="46.548830" lon="11.819185">
        <ele>1984.838909</ele>
        <time>2026-08-21T08:49:35.562Z</time>
      </trkpt>
      <trkpt lat="46.548893" lon="11.819383">
        <ele>1983.399945</ele>
        <time>2026-08-21T08:49:36.612Z</time>
      </trkpt>
      <trkpt lat="46.549123" lon="11.819764">
        <ele>1980.056170</ele>
        <time>2026-08-21T08:49:39.013Z</time>
      </trkpt>
      <trkpt lat="46.549134" lon="11.819925">
        <ele>1978.989025</ele>
        <time>2026-08-21T08:49:39.776Z</time>
      </trkpt>
      <trkpt lat="46.549061" lon="11.820327">
        <ele>1976.246655</ele>
        <time>2026-08-21T08:49:41.750Z</time>
      </trkpt>
      <trkpt lat="46.549088" lon="11.820518">
        <ele>1974.960526</ele>
        <time>2026-08-21T08:49:42.678Z</time>
      </trkpt>
      <trkpt lat="46.549268" lon="11.820737">
        <ele>1972.709608</ele>
        <time>2026-08-21T08:49:44.299Z</time>
      </trkpt>
      <trkpt lat="46.549289" lon="11.820825">
        <ele>1972.095233</ele>
        <time>2026-08-21T08:49:44.739Z</time>
      </trkpt>
      <trkpt lat="46.549258" lon="11.820960">
        <ele>1971.156484</ele>
        <time>2026-08-21T08:49:45.415Z</time>
      </trkpt>
      <trkpt lat="46.549195" lon="11.821031">
        <ele>1970.399712</ele>
        <time>2026-08-21T08:49:45.965Z</time>
      </trkpt>
      <trkpt lat="46.549074" lon="11.821068">
        <ele>1969.227529</ele>
        <time>2026-08-21T08:49:46.815Z</time>
      </trkpt>
      <trkpt lat="46.548946" lon="11.821055">
        <ele>1968.011121</ele>
        <time>2026-08-21T08:49:47.696Z</time>
      </trkpt>
      <trkpt lat="46.548845" lon="11.821002">
        <ele>1966.993186</ele>
        <time>2026-08-21T08:49:48.437Z</time>
      </trkpt>
      <trkpt lat="46.548502" lon="11.820758">
        <ele>1963.373223</ele>
        <time>2026-08-21T08:49:51.064Z</time>
      </trkpt>
      <trkpt lat="46.548356" lon="11.820746">
        <ele>1961.986920</ele>
        <time>2026-08-21T08:49:52.056Z</time>
      </trkpt>
      <trkpt lat="46.548192" lon="11.820844">
        <ele>1960.306010</ele>
        <time>2026-08-21T08:49:53.274Z</time>
      </trkpt>
      <trkpt lat="46.547892" lon="11.821088">
        <ele>1957.047281</ele>
        <time>2026-08-21T08:49:55.683Z</time>
      </trkpt>
      <trkpt lat="46.547602" lon="11.821214">
        <ele>1954.177937</ele>
        <time>2026-08-21T08:49:57.808Z</time>
      </trkpt>
      <trkpt lat="46.547557" lon="11.821293">
        <ele>1953.592870</ele>
        <time>2026-08-21T08:49:58.309Z</time>
      </trkpt>
      <trkpt lat="46.547543" lon="11.821410">
        <ele>1952.948996</ele>
        <time>2026-08-21T08:49:58.885Z</time>
      </trkpt>
      <trkpt lat="46.547585" lon="11.821519">
        <ele>1952.271594</ele>
        <time>2026-08-21T08:49:59.494Z</time>
      </trkpt>
      <trkpt lat="46.547620" lon="11.821548">
        <ele>1951.954024</ele>
        <time>2026-08-21T08:49:59.780Z</time>
      </trkpt>
      <trkpt lat="46.548520" lon="11.821719">
        <ele>1944.798739</ele>
        <time>2026-08-21T08:50:06.194Z</time>
      </trkpt>
      <trkpt lat="46.548621" lon="11.821779">
        <ele>1943.938637</ele>
        <time>2026-08-21T08:50:06.973Z</time>
      </trkpt>
      <trkpt lat="46.548864" lon="11.822044">
        <ele>1941.544084</ele>
        <time>2026-08-21T08:50:09.168Z</time>
      </trkpt>
      <trkpt lat="46.548905" lon="11.822133">
        <ele>1940.963310</ele>
        <time>2026-08-21T08:50:09.693Z</time>
      </trkpt>
      <trkpt lat="46.548905" lon="11.822227">
        <ele>1940.453678</ele>
        <time>2026-08-21T08:50:10.155Z</time>
      </trkpt>
      <trkpt lat="46.548873" lon="11.822293">
        <ele>1940.015867</ele>
        <time>2026-08-21T08:50:10.551Z</time>
      </trkpt>
      <trkpt lat="46.548833" lon="11.822315">
        <ele>1939.672473</ele>
        <time>2026-08-21T08:50:10.852Z</time>
      </trkpt>
      <trkpt lat="46.548683" lon="11.822320">
        <ele>1938.439752</ele>
        <time>2026-08-21T08:50:11.913Z</time>
      </trkpt>
      <trkpt lat="46.548311" lon="11.822227">
        <ele>1935.338562</ele>
        <time>2026-08-21T08:50:14.553Z</time>
      </trkpt>
      <trkpt lat="46.548175" lon="11.822211">
        <ele>1934.217538</ele>
        <time>2026-08-21T08:50:15.506Z</time>
      </trkpt>
      <trkpt lat="46.548080" lon="11.822255">
        <ele>1933.398379</ele>
        <time>2026-08-21T08:50:16.201Z</time>
      </trkpt>
      <trkpt lat="46.547728" lon="11.822758">
        <ele>1929.343508</ele>
        <time>2026-08-21T08:50:19.668Z</time>
      </trkpt>
      <trkpt lat="46.547710" lon="11.822851">
        <ele>1928.797595</ele>
        <time>2026-08-21T08:50:20.139Z</time>
      </trkpt>
      <trkpt lat="46.547729" lon="11.822901">
        <ele>1928.474810</ele>
        <time>2026-08-21T08:50:20.415Z</time>
      </trkpt>
      <trkpt lat="46.547839" lon="11.822904">
        <ele>1927.570894</ele>
        <time>2026-08-21T08:50:21.192Z</time>
      </trkpt>
      <trkpt lat="46.548093" lon="11.822748">
        <ele>1925.305505</ele>
        <time>2026-08-21T08:50:23.135Z</time>
      </trkpt>
      <trkpt lat="46.548190" lon="11.822742">
        <ele>1924.564037</ele>
        <time>2026-08-21T08:50:23.814Z</time>
      </trkpt>
      <trkpt lat="46.548238" lon="11.822779">
        <ele>1924.164001</ele>
        <time>2026-08-21T08:50:24.197Z</time>
      </trkpt>
      <trkpt lat="46.548380" lon="11.822998">
        <ele>1922.639784</ele>
        <time>2026-08-21T08:50:25.656Z</time>
      </trkpt>
      <trkpt lat="46.548472" lon="11.823070">
        <ele>1921.870464</ele>
        <time>2026-08-21T08:50:26.390Z</time>
      </trkpt>
      <trkpt lat="46.548795" lon="11.823060">
        <ele>1919.491560</ele>
        <time>2026-08-21T08:50:28.671Z</time>
      </trkpt>
      <trkpt lat="46.548885" lon="11.823087">
        <ele>1918.814899</ele>
        <time>2026-08-21T08:50:29.329Z</time>
      </trkpt>
      <trkpt lat="46.549041" lon="11.823248">
        <ele>1917.406281</ele>
        <time>2026-08-21T08:50:30.713Z</time>
      </trkpt>
      <trkpt lat="46.549240" lon="11.823626">
        <ele>1914.995620</ele>
        <time>2026-08-21T08:50:33.101Z</time>
      </trkpt>
      <trkpt lat="46.549304" lon="11.823799">
        <ele>1914.000841</ele>
        <time>2026-08-21T08:50:34.087Z</time>
      </trkpt>
      <trkpt lat="46.549288" lon="11.823882">
        <ele>1913.564329</ele>
        <time>2026-08-21T08:50:34.515Z</time>
      </trkpt>
      <trkpt lat="46.549219" lon="11.823895">
        <ele>1913.052010</ele>
        <time>2026-08-21T08:50:35.013Z</time>
      </trkpt>
      <trkpt lat="46.549170" lon="11.823870">
        <ele>1912.669639</ele>
        <time>2026-08-21T08:50:35.389Z</time>
      </trkpt>
      <trkpt lat="46.548893" lon="11.823588">
        <ele>1910.216071</ele>
        <time>2026-08-21T08:50:37.807Z</time>
      </trkpt>
      <trkpt lat="46.548645" lon="11.823501">
        <ele>1908.379528</ele>
        <time>2026-08-21T08:50:39.645Z</time>
      </trkpt>
      <trkpt lat="46.548358" lon="11.823643">
        <ele>1906.197116</ele>
        <time>2026-08-21T08:50:41.790Z</time>
      </trkpt>
      <trkpt lat="46.548215" lon="11.823755">
        <ele>1905.027833</ele>
        <time>2026-08-21T08:50:42.943Z</time>
      </trkpt>
      <trkpt lat="46.548186" lon="11.823812">
        <ele>1904.676801</ele>
        <time>2026-08-21T08:50:43.294Z</time>
      </trkpt>
      <trkpt lat="46.548187" lon="11.823872">
        <ele>1904.379655</ele>
        <time>2026-08-21T08:50:43.594Z</time>
      </trkpt>
      <trkpt lat="46.548222" lon="11.823975">
        <ele>1903.810855</ele>
        <time>2026-08-21T08:50:44.160Z</time>
      </trkpt>
      <trkpt lat="46.548259" lon="11.823993">
        <ele>1903.529984</ele>
        <time>2026-08-21T08:50:44.442Z</time>
      </trkpt>
      <trkpt lat="46.548302" lon="11.824002">
        <ele>1903.217242</ele>
        <time>2026-08-21T08:50:44.756Z</time>
      </trkpt>
      <trkpt lat="46.548334" lon="11.824006">
        <ele>1902.986029</ele>
        <time>2026-08-21T08:50:44.991Z</time>
      </trkpt>
      <trkpt lat="46.548378" lon="11.824013">
        <ele>1902.667388</ele>
        <time>2026-08-21T08:50:45.305Z</time>
      </trkpt>
      <trkpt lat="46.548451" lon="11.824020">
        <ele>1902.140730</ele>
        <time>2026-08-21T08:50:45.835Z</time>
      </trkpt>
      <trkpt lat="46.548493" lon="11.824037">
        <ele>1901.826881</ele>
        <time>2026-08-21T08:50:46.145Z</time>
      </trkpt>
      <trkpt lat="46.548532" lon="11.824049">
        <ele>1901.539908</ele>
        <time>2026-08-21T08:50:46.429Z</time>
      </trkpt>
      <trkpt lat="46.548566" lon="11.824072">
        <ele>1901.269955</ele>
        <time>2026-08-21T08:50:46.704Z</time>
      </trkpt>
      <trkpt lat="46.548603" lon="11.824094">
        <ele>1900.982187</ele>
        <time>2026-08-21T08:50:46.995Z</time>
      </trkpt>
      <trkpt lat="46.548640" lon="11.824124">
        <ele>1900.677216</ele>
        <time>2026-08-21T08:50:47.296Z</time>
      </trkpt>
      <trkpt lat="46.548676" lon="11.824156">
        <ele>1900.373467</ele>
        <time>2026-08-21T08:50:47.595Z</time>
      </trkpt>
      <trkpt lat="46.548713" lon="11.824193">
        <ele>1900.050197</ele>
        <time>2026-08-21T08:50:47.926Z</time>
      </trkpt>
      <trkpt lat="46.548745" lon="11.824238">
        <ele>1899.729723</ele>
        <time>2026-08-21T08:50:48.243Z</time>
      </trkpt>
      <trkpt lat="46.548774" lon="11.824291">
        <ele>1899.394407</ele>
        <time>2026-08-21T08:50:48.573Z</time>
      </trkpt>
      <trkpt lat="46.548879" lon="11.824471">
        <ele>1898.135777</ele>
        <time>2026-08-21T08:50:49.732Z</time>
      </trkpt>
      <trkpt lat="46.548969" lon="11.824543">
        <ele>1897.290788</ele>
        <time>2026-08-21T08:50:50.460Z</time>
      </trkpt>
      <trkpt lat="46.549111" lon="11.824574">
        <ele>1896.109613</ele>
        <time>2026-08-21T08:50:51.484Z</time>
      </trkpt>
      <trkpt lat="46.549561" lon="11.824537">
        <ele>1892.402029</ele>
        <time>2026-08-21T08:50:54.697Z</time>
      </trkpt>
      <trkpt lat="46.549650" lon="11.824587">
        <ele>1891.617177</ele>
        <time>2026-08-21T08:50:55.367Z</time>
      </trkpt>
      <trkpt lat="46.549717" lon="11.824688">
        <ele>1890.823311</ele>
        <time>2026-08-21T08:50:56.052Z</time>
      </trkpt>
      <trkpt lat="46.550155" lon="11.826550">
        <ele>1878.118048</ele>
        <time>2026-08-21T08:51:05.494Z</time>
      </trkpt>
      <trkpt lat="46.550529" lon="11.828316">
        <ele>1863.915500</ele>
        <time>2026-08-21T08:51:14.035Z</time>
      </trkpt>
      <trkpt lat="46.550550" lon="11.828429">
        <ele>1863.277017</ele>
        <time>2026-08-21T08:51:14.585Z</time>
      </trkpt>
      <trkpt lat="46.550520" lon="11.828560">
        <ele>1862.523881</ele>
        <time>2026-08-21T08:51:15.233Z</time>
      </trkpt>
      <trkpt lat="46.550495" lon="11.828581">
        <ele>1862.294884</ele>
        <time>2026-08-21T08:51:15.434Z</time>
      </trkpt>
      <trkpt lat="46.550460" lon="11.828584">
        <ele>1862.016798</ele>
        <time>2026-08-21T08:51:15.670Z</time>
      </trkpt>
      <trkpt lat="46.550424" lon="11.828558">
        <ele>1861.697981</ele>
        <time>2026-08-21T08:51:15.947Z</time>
      </trkpt>
      <trkpt lat="46.550272" lon="11.828038">
        <ele>1858.615974</ele>
        <time>2026-08-21T08:51:18.665Z</time>
      </trkpt>
      <trkpt lat="46.549833" lon="11.826760">
        <ele>1850.823655</ele>
        <time>2026-08-21T08:51:25.848Z</time>
      </trkpt>
      <trkpt lat="46.549563" lon="11.826265">
        <ele>1847.009892</ele>
        <time>2026-08-21T08:51:29.062Z</time>
      </trkpt>
      <trkpt lat="46.549479" lon="11.826251">
        <ele>1846.232122</ele>
        <time>2026-08-21T08:51:29.666Z</time>
      </trkpt>
      <trkpt lat="46.549431" lon="11.826313">
        <ele>1845.641518</ele>
        <time>2026-08-21T08:51:30.122Z</time>
      </trkpt>
      <trkpt lat="46.549452" lon="11.826441">
        <ele>1844.809019</ele>
        <time>2026-08-21T08:51:30.763Z</time>
      </trkpt>
      <trkpt lat="46.549702" lon="11.827027">
        <ele>1840.446403</ele>
        <time>2026-08-21T08:51:34.033Z</time>
      </trkpt>
      <trkpt lat="46.549766" lon="11.827281">
        <ele>1838.735060</ele>
        <time>2026-08-21T08:51:35.297Z</time>
      </trkpt>
      <trkpt lat="46.549929" lon="11.828839">
        <ele>1829.321808</ele>
        <time>2026-08-21T08:51:42.691Z</time>
      </trkpt>
      <trkpt lat="46.550361" lon="11.831084">
        <ele>1816.860648</ele>
        <time>2026-08-21T08:51:54.237Z</time>
      </trkpt>
      <trkpt lat="46.550572" lon="11.832597">
        <ele>1809.886657</ele>
        <time>2026-08-21T08:52:01.997Z</time>
      </trkpt>
      <trkpt lat="46.550614" lon="11.832724">
        <ele>1809.250057</ele>
        <time>2026-08-21T08:52:02.695Z</time>
      </trkpt>
      <trkpt lat="46.550896" lon="11.833249">
        <ele>1806.230449</ele>
        <time>2026-08-21T08:52:05.990Z</time>
      </trkpt>
      <trkpt lat="46.550924" lon="11.833364">
        <ele>1805.670487</ele>
        <time>2026-08-21T08:52:06.590Z</time>
      </trkpt>
      <trkpt lat="46.550911" lon="11.833425">
        <ele>1805.377358</ele>
        <time>2026-08-21T08:52:06.902Z</time>
      </trkpt>
      <trkpt lat="46.550839" lon="11.833484">
        <ele>1804.825746</ele>
        <time>2026-08-21T08:52:07.494Z</time>
      </trkpt>
      <trkpt lat="46.550755" lon="11.833424">
        <ele>1804.201106</ele>
        <time>2026-08-21T08:52:08.159Z</time>
      </trkpt>
      <trkpt lat="46.549896" lon="11.831920">
        <ele>1795.227288</ele>
        <time>2026-08-21T08:52:17.831Z</time>
      </trkpt>
      <trkpt lat="46.549813" lon="11.831779">
        <ele>1794.426172</ele>
        <time>2026-08-21T08:52:18.792Z</time>
      </trkpt>
      <trkpt lat="46.549509" lon="11.831263">
        <ele>1791.624277</ele>
        <time>2026-08-21T08:52:22.365Z</time>
      </trkpt>
      <trkpt lat="46.549329" lon="11.830958">
        <ele>1789.966903</ele>
        <time>2026-08-21T08:52:24.458Z</time>
      </trkpt>
      <trkpt lat="46.549269" lon="11.830843">
        <ele>1789.371640</ele>
        <time>2026-08-21T08:52:25.205Z</time>
      </trkpt>
      <trkpt lat="46.549206" lon="11.830709">
        <ele>1788.702267</ele>
        <time>2026-08-21T08:52:26.038Z</time>
      </trkpt>
      <trkpt lat="46.549154" lon="11.830584">
        <ele>1788.099825</ele>
        <time>2026-08-21T08:52:26.801Z</time>
      </trkpt>
      <trkpt lat="46.549042" lon="11.830331">
        <ele>1786.859041</ele>
        <time>2026-08-21T08:52:28.326Z</time>
      </trkpt>
      <trkpt lat="46.549013" lon="11.830297">
        <ele>1786.635665</ele>
        <time>2026-08-21T08:52:28.604Z</time>
      </trkpt>
      <trkpt lat="46.548944" lon="11.830294">
        <ele>1786.221739</ele>
        <time>2026-08-21T08:52:29.101Z</time>
      </trkpt>
      <trkpt lat="46.548905" lon="11.830320">
        <ele>1785.964478</ele>
        <time>2026-08-21T08:52:29.411Z</time>
      </trkpt>
      <trkpt lat="46.548887" lon="11.830447">
        <ele>1785.429746</ele>
        <time>2026-08-21T08:52:30.058Z</time>
      </trkpt>
      <trkpt lat="46.549034" lon="11.831593">
        <ele>1778.845321</ele>
        <time>2026-08-21T08:52:35.704Z</time>
      </trkpt>
      <trkpt lat="46.549127" lon="11.831946">
        <ele>1776.487672</ele>
        <time>2026-08-21T08:52:37.491Z</time>
      </trkpt>
      <trkpt lat="46.549431" lon="11.832783">
        <ele>1770.584119</ele>
        <time>2026-08-21T08:52:41.985Z</time>
      </trkpt>
      <trkpt lat="46.549700" lon="11.834515">
        <ele>1758.902785</ele>
        <time>2026-08-21T08:52:50.444Z</time>
      </trkpt>
      <trkpt lat="46.549733" lon="11.834765">
        <ele>1757.198556</ele>
        <time>2026-08-21T08:52:51.649Z</time>
      </trkpt>
      <trkpt lat="46.549744" lon="11.834891">
        <ele>1756.348252</ele>
        <time>2026-08-21T08:52:52.250Z</time>
      </trkpt>
      <trkpt lat="46.549740" lon="11.835141">
        <ele>1754.674121</ele>
        <time>2026-08-21T08:52:53.436Z</time>
      </trkpt>
      <trkpt lat="46.549653" lon="11.835683">
        <ele>1750.948059</ele>
        <time>2026-08-21T08:52:56.068Z</time>
      </trkpt>
      <trkpt lat="46.549653" lon="11.836350">
        <ele>1746.880368</ele>
        <time>2026-08-21T08:52:59.229Z</time>
      </trkpt>
      <trkpt lat="46.549473" lon="11.837459">
        <ele>1740.053033</ele>
        <time>2026-08-21T08:53:04.664Z</time>
      </trkpt>
      <trkpt lat="46.549375" lon="11.838344">
        <ele>1734.682073</ele>
        <time>2026-08-21T08:53:09.101Z</time>
      </trkpt>
      <trkpt lat="46.549357" lon="11.838568">
        <ele>1733.600529</ele>
        <time>2026-08-21T08:53:10.218Z</time>
      </trkpt>
      <trkpt lat="46.549384" lon="11.839049">
        <ele>1731.323773</ele>
        <time>2026-08-21T08:53:12.554Z</time>
      </trkpt>
      <trkpt lat="46.549441" lon="11.839620">
        <ele>1728.601743</ele>
        <time>2026-08-21T08:53:15.392Z</time>
      </trkpt>
      <trkpt lat="46.549470" lon="11.839906">
        <ele>1727.237899</ele>
        <time>2026-08-21T08:53:16.810Z</time>
      </trkpt>
      <trkpt lat="46.549466" lon="11.840124">
        <ele>1726.209078</ele>
        <time>2026-08-21T08:53:17.885Z</time>
      </trkpt>
      <trkpt lat="46.549436" lon="11.840173">
        <ele>1725.899579</ele>
        <time>2026-08-21T08:53:18.204Z</time>
      </trkpt>
      <trkpt lat="46.549368" lon="11.840196">
        <ele>1725.420658</ele>
        <time>2026-08-21T08:53:18.710Z</time>
      </trkpt>
      <trkpt lat="46.549333" lon="11.840186">
        <ele>1725.175974</ele>
        <time>2026-08-21T08:53:18.966Z</time>
      </trkpt>
      <trkpt lat="46.549298" lon="11.840119">
        <ele>1724.779042</ele>
        <time>2026-08-21T08:53:19.382Z</time>
      </trkpt>
      <trkpt lat="46.549278" lon="11.839783">
        <ele>1723.187969</ele>
        <time>2026-08-21T08:53:21.061Z</time>
      </trkpt>
      <trkpt lat="46.549064" lon="11.839117">
        <ele>1719.981326</ele>
        <time>2026-08-21T08:53:24.899Z</time>
      </trkpt>
      <trkpt lat="46.549000" lon="11.838788">
        <ele>1718.534217</ele>
        <time>2026-08-21T08:53:26.701Z</time>
      </trkpt>
      <trkpt lat="46.548992" lon="11.838619">
        <ele>1717.817241</ele>
        <time>2026-08-21T08:53:27.634Z</time>
      </trkpt>
      <trkpt lat="46.549017" lon="11.838270">
        <ele>1716.332124</ele>
        <time>2026-08-21T08:53:29.506Z</time>
      </trkpt>
      <trkpt lat="46.549107" lon="11.837765">
        <ele>1714.124138</ele>
        <time>2026-08-21T08:53:32.142Z</time>
      </trkpt>
      <trkpt lat="46.549059" lon="11.837651">
        <ele>1713.558393</ele>
        <time>2026-08-21T08:53:32.808Z</time>
      </trkpt>
      <trkpt lat="46.548981" lon="11.837628">
        <ele>1713.068595</ele>
        <time>2026-08-21T08:53:33.378Z</time>
      </trkpt>
      <trkpt lat="46.548910" lon="11.837676">
        <ele>1712.586726</ele>
        <time>2026-08-21T08:53:33.945Z</time>
      </trkpt>
      <trkpt lat="46.548861" lon="11.837788">
        <ele>1712.024903</ele>
        <time>2026-08-21T08:53:34.593Z</time>
      </trkpt>
      <trkpt lat="46.548848" lon="11.838363">
        <ele>1708.426466</ele>
        <time>2026-08-21T08:53:37.354Z</time>
      </trkpt>
      <trkpt lat="46.548777" lon="11.838767">
        <ele>1705.379757</ele>
        <time>2026-08-21T08:53:39.302Z</time>
      </trkpt>
      <trkpt lat="46.548698" lon="11.839706">
        <ele>1698.467729</ele>
        <time>2026-08-21T08:53:43.665Z</time>
      </trkpt>
      <trkpt lat="46.548690" lon="11.839873">
        <ele>1697.244572</ele>
        <time>2026-08-21T08:53:44.442Z</time>
      </trkpt>
      <trkpt lat="46.548718" lon="11.840123">
        <ele>1695.393861</ele>
        <time>2026-08-21T08:53:45.627Z</time>
      </trkpt>
      <trkpt lat="46.549103" lon="11.841220">
        <ele>1688.728528</ele>
        <time>2026-08-21T08:53:51.571Z</time>
      </trkpt>
      <trkpt lat="46.549440" lon="11.841741">
        <ele>1685.646539</ele>
        <time>2026-08-21T08:53:55.197Z</time>
      </trkpt>
      <trkpt lat="46.549806" lon="11.842158">
        <ele>1682.733188</ele>
        <time>2026-08-21T08:53:58.713Z</time>
      </trkpt>
      <trkpt lat="46.549939" lon="11.842362">
        <ele>1681.521929</ele>
        <time>2026-08-21T08:54:00.196Z</time>
      </trkpt>
      <trkpt lat="46.549987" lon="11.842505">
        <ele>1680.836261</ele>
        <time>2026-08-21T08:54:01.050Z</time>
      </trkpt>
      <trkpt lat="46.550024" lon="11.842805">
        <ele>1680.032828</ele>
        <time>2026-08-21T08:54:02.676Z</time>
      </trkpt>
      <trkpt lat="46.549965" lon="11.843606">
        <ele>1677.933370</ele>
        <time>2026-08-21T08:54:07.027Z</time>
      </trkpt>
      <trkpt lat="46.549984" lon="11.843839">
        <ele>1677.321885</ele>
        <time>2026-08-21T08:54:08.317Z</time>
      </trkpt>
      <trkpt lat="46.550232" lon="11.844444">
        <ele>1675.486334</ele>
        <time>2026-08-21T08:54:12.191Z</time>
      </trkpt>
      <trkpt lat="46.550342" lon="11.844646">
        <ele>1674.814844</ele>
        <time>2026-08-21T08:54:13.609Z</time>
      </trkpt>
      <trkpt lat="46.550698" lon="11.845099">
        <ele>1672.705150</ele>
        <time>2026-08-21T08:54:17.408Z</time>
      </trkpt>
      <trkpt lat="46.550843" lon="11.845280">
        <ele>1671.745524</ele>
        <time>2026-08-21T08:54:18.906Z</time>
      </trkpt>
      <trkpt lat="46.550906" lon="11.845358">
        <ele>1671.330023</ele>
        <time>2026-08-21T08:54:19.551Z</time>
      </trkpt>
      <trkpt lat="46.551093" lon="11.845574">
        <ele>1670.130770</ele>
        <time>2026-08-21T08:54:21.409Z</time>
      </trkpt>
      <trkpt lat="46.551137" lon="11.845617">
        <ele>1669.864556</ele>
        <time>2026-08-21T08:54:21.811Z</time>
      </trkpt>
      <trkpt lat="46.551217" lon="11.845682">
        <ele>1669.404370</ele>
        <time>2026-08-21T08:54:22.507Z</time>
      </trkpt>
      <trkpt lat="46.551464" lon="11.845850">
        <ele>1668.035057</ele>
        <time>2026-08-21T08:54:24.527Z</time>
      </trkpt>
      <trkpt lat="46.551689" lon="11.846000">
        <ele>1666.792115</ele>
        <time>2026-08-21T08:54:26.330Z</time>
      </trkpt>
      <trkpt lat="46.552017" lon="11.846208">
        <ele>1664.995222</ele>
        <time>2026-08-21T08:54:28.944Z</time>
      </trkpt>
      <trkpt lat="46.552088" lon="11.846296">
        <ele>1664.259672</ele>
        <time>2026-08-21T08:54:29.629Z</time>
      </trkpt>
      <trkpt lat="46.552219" lon="11.846614">
        <ele>1662.199667</ele>
        <time>2026-08-21T08:54:31.496Z</time>
      </trkpt>
      <trkpt lat="46.552298" lon="11.846786">
        <ele>1661.050242</ele>
        <time>2026-08-21T08:54:32.520Z</time>
      </trkpt>
      <trkpt lat="46.552411" lon="11.847037">
        <ele>1659.383071</ele>
        <time>2026-08-21T08:54:33.985Z</time>
      </trkpt>
      <trkpt lat="46.552672" lon="11.847616">
        <ele>1655.535811</ele>
        <time>2026-08-21T08:54:37.312Z</time>
      </trkpt>
      <trkpt lat="46.552738" lon="11.847788">
        <ele>1654.441248</ele>
        <time>2026-08-21T08:54:38.243Z</time>
      </trkpt>
      <trkpt lat="46.552788" lon="11.848027">
        <ele>1653.052989</ele>
        <time>2026-08-21T08:54:39.438Z</time>
      </trkpt>
      <trkpt lat="46.552892" lon="11.848687">
        <ele>1649.287943</ele>
        <time>2026-08-21T08:54:42.688Z</time>
      </trkpt>
      <trkpt lat="46.552906" lon="11.848777">
        <ele>1648.774142</ele>
        <time>2026-08-21T08:54:43.129Z</time>
      </trkpt>
      <trkpt lat="46.552940" lon="11.849010">
        <ele>1647.447859</ele>
        <time>2026-08-21T08:54:44.267Z</time>
      </trkpt>
      <trkpt lat="46.552990" lon="11.849339">
        <ele>1645.571712</ele>
        <time>2026-08-21T08:54:45.878Z</time>
      </trkpt>
      <trkpt lat="46.553117" lon="11.849802">
        <ele>1642.796112</ele>
        <time>2026-08-21T08:54:48.259Z</time>
      </trkpt>
      <trkpt lat="46.553286" lon="11.850261">
        <ele>1639.897035</ele>
        <time>2026-08-21T08:54:50.801Z</time>
      </trkpt>
      <trkpt lat="46.553611" lon="11.851130">
        <ele>1634.735142</ele>
        <time>2026-08-21T08:54:55.720Z</time>
      </trkpt>
      <trkpt lat="46.553663" lon="11.851320">
        <ele>1633.863216</ele>
        <time>2026-08-21T08:54:56.739Z</time>
      </trkpt>
      <trkpt lat="46.553718" lon="11.851722">
        <ele>1632.115569</ele>
        <time>2026-08-21T08:54:58.805Z</time>
      </trkpt>
      <trkpt lat="46.553718" lon="11.852031">
        <ele>1630.798051</ele>
        <time>2026-08-21T08:55:00.367Z</time>
      </trkpt>
      <trkpt lat="46.553675" lon="11.852384">
        <ele>1629.269494</ele>
        <time>2026-08-21T08:55:02.182Z</time>
      </trkpt>
      <trkpt lat="46.553601" lon="11.852729">
        <ele>1627.728582</ele>
        <time>2026-08-21T08:55:03.999Z</time>
      </trkpt>
      <trkpt lat="46.553463" lon="11.853224">
        <ele>1625.451142</ele>
        <time>2026-08-21T08:55:06.680Z</time>
      </trkpt>
      <trkpt lat="46.553281" lon="11.853669">
        <ele>1623.034405</ele>
        <time>2026-08-21T08:55:09.289Z</time>
      </trkpt>
      <trkpt lat="46.553179" lon="11.854017">
        <ele>1621.192119</ele>
        <time>2026-08-21T08:55:11.206Z</time>
      </trkpt>
      <trkpt lat="46.553115" lon="11.854359">
        <ele>1619.466003</ele>
        <time>2026-08-21T08:55:13.003Z</time>
      </trkpt>
      <trkpt lat="46.553023" lon="11.855047">
        <ele>1616.052662</ele>
        <time>2026-08-21T08:55:16.530Z</time>
      </trkpt>
      <trkpt lat="46.552828" lon="11.856454">
        <ele>1607.521429</ele>
        <time>2026-08-21T08:55:23.431Z</time>
      </trkpt>
      <trkpt lat="46.552782" lon="11.856715">
        <ele>1605.515240</ele>
        <time>2026-08-21T08:55:24.684Z</time>
      </trkpt>
      <trkpt lat="46.552690" lon="11.856974">
        <ele>1603.344675</ele>
        <time>2026-08-21T08:55:26.033Z</time>
      </trkpt>
      <trkpt lat="46.552502" lon="11.857185">
        <ele>1600.773322</ele>
        <time>2026-08-21T08:55:27.631Z</time>
      </trkpt>
      <trkpt lat="46.552319" lon="11.857251">
        <ele>1598.731861</ele>
        <time>2026-08-21T08:55:28.908Z</time>
      </trkpt>
      <trkpt lat="46.552186" lon="11.857243">
        <ele>1597.290575</ele>
        <time>2026-08-21T08:55:29.804Z</time>
      </trkpt>
      <trkpt lat="46.551931" lon="11.857160">
        <ele>1594.461245</ele>
        <time>2026-08-21T08:55:31.579Z</time>
      </trkpt>
      <trkpt lat="46.551627" lon="11.857021">
        <ele>1591.462865</ele>
        <time>2026-08-21T08:55:33.747Z</time>
      </trkpt>
      <trkpt lat="46.551443" lon="11.856808">
        <ele>1589.688335</ele>
        <time>2026-08-21T08:55:35.376Z</time>
      </trkpt>
      <trkpt lat="46.551355" lon="11.856600">
        <ele>1588.421163</ele>
        <time>2026-08-21T08:55:36.561Z</time>
      </trkpt>
      <trkpt lat="46.551151" lon="11.855596">
        <ele>1582.988892</ele>
        <time>2026-08-21T08:55:41.856Z</time>
      </trkpt>
      <trkpt lat="46.551070" lon="11.855503">
        <ele>1582.210181</ele>
        <time>2026-08-21T08:55:42.631Z</time>
      </trkpt>
      <trkpt lat="46.551026" lon="11.855489">
        <ele>1581.870337</ele>
        <time>2026-08-21T08:55:42.973Z</time>
      </trkpt>
      <trkpt lat="46.550913" lon="11.855537">
        <ele>1580.982093</ele>
        <time>2026-08-21T08:55:43.841Z</time>
      </trkpt>
      <trkpt lat="46.550857" lon="11.855677">
        <ele>1580.141699</ele>
        <time>2026-08-21T08:55:44.655Z</time>
      </trkpt>
      <trkpt lat="46.550848" lon="11.855842">
        <ele>1579.282838</ele>
        <time>2026-08-21T08:55:45.478Z</time>
      </trkpt>
      <trkpt lat="46.550847" lon="11.856087">
        <ele>1577.888575</ele>
        <time>2026-08-21T08:55:46.694Z</time>
      </trkpt>
      <trkpt lat="46.550843" lon="11.857019">
        <ele>1572.405628</ele>
        <time>2026-08-21T08:55:51.196Z</time>
      </trkpt>
      <trkpt lat="46.550842" lon="11.857074">
        <ele>1572.081956</ele>
        <time>2026-08-21T08:55:51.462Z</time>
      </trkpt>
      <trkpt lat="46.550843" lon="11.857148">
        <ele>1571.646539</ele>
        <time>2026-08-21T08:55:51.809Z</time>
      </trkpt>
      <trkpt lat="46.550843" lon="11.857364">
        <ele>1570.375838</ele>
        <time>2026-08-21T08:55:52.833Z</time>
      </trkpt>
      <trkpt lat="46.550850" lon="11.858068">
        <ele>1566.233861</ele>
        <time>2026-08-21T08:55:56.165Z</time>
      </trkpt>
      <trkpt lat="46.550917" lon="11.858410">
        <ele>1564.141877</ele>
        <time>2026-08-21T08:55:57.880Z</time>
      </trkpt>
      <trkpt lat="46.551013" lon="11.858650">
        <ele>1562.587754</ele>
        <time>2026-08-21T08:55:59.228Z</time>
      </trkpt>
      <trkpt lat="46.551303" lon="11.859137">
        <ele>1559.087755</ele>
        <time>2026-08-21T08:56:02.343Z</time>
      </trkpt>
      <trkpt lat="46.551354" lon="11.859280">
        <ele>1558.212562</ele>
        <time>2026-08-21T08:56:03.122Z</time>
      </trkpt>
      <trkpt lat="46.551454" lon="11.859841">
        <ele>1555.063882</ele>
        <time>2026-08-21T08:56:05.933Z</time>
      </trkpt>
      <trkpt lat="46.551544" lon="11.860388">
        <ele>1552.008121</ele>
        <time>2026-08-21T08:56:08.674Z</time>
      </trkpt>
      <trkpt lat="46.551831" lon="11.862008">
        <ele>1545.265104</ele>
        <time>2026-08-21T08:56:16.993Z</time>
      </trkpt>
      <trkpt lat="46.551851" lon="11.862256">
        <ele>1544.404523</ele>
        <time>2026-08-21T08:56:18.297Z</time>
      </trkpt>
      <trkpt lat="46.551833" lon="11.862376">
        <ele>1543.981224</ele>
        <time>2026-08-21T08:56:18.952Z</time>
      </trkpt>
      <trkpt lat="46.551785" lon="11.862556">
        <ele>1543.315852</ele>
        <time>2026-08-21T08:56:19.986Z</time>
      </trkpt>
      <trkpt lat="46.551709" lon="11.862699">
        <ele>1542.692982</ele>
        <time>2026-08-21T08:56:20.964Z</time>
      </trkpt>
      <trkpt lat="46.551696" lon="11.862717">
        <ele>1542.603020</ele>
        <time>2026-08-21T08:56:21.108Z</time>
      </trkpt>
      <trkpt lat="46.551519" lon="11.862961">
        <ele>1541.380709</ele>
        <time>2026-08-21T08:56:23.069Z</time>
      </trkpt>
      <trkpt lat="46.551465" lon="11.863033">
        <ele>1541.013536</ele>
        <time>2026-08-21T08:56:23.672Z</time>
      </trkpt>
      <trkpt lat="46.551263" lon="11.863406">
        <ele>1539.704931</ele>
        <time>2026-08-21T08:56:26.413Z</time>
      </trkpt>
      <trkpt lat="46.551182" lon="11.863673">
        <ele>1539.048426</ele>
        <time>2026-08-21T08:56:28.108Z</time>
      </trkpt>
      <trkpt lat="46.551131" lon="11.864031">
        <ele>1538.225952</ele>
        <time>2026-08-21T08:56:30.202Z</time>
      </trkpt>
      <trkpt lat="46.551150" lon="11.864944">
        <ele>1536.171077</ele>
        <time>2026-08-21T08:56:35.375Z</time>
      </trkpt>
      <trkpt lat="46.551153" lon="11.865092">
        <ele>1535.837984</ele>
        <time>2026-08-21T08:56:36.178Z</time>
      </trkpt>
      <trkpt lat="46.551154" lon="11.865143">
        <ele>1535.723205</ele>
        <time>2026-08-21T08:56:36.455Z</time>
      </trkpt>
      <trkpt lat="46.551169" lon="11.865782">
        <ele>1534.249274</ele>
        <time>2026-08-21T08:56:39.866Z</time>
      </trkpt>
      <trkpt lat="46.551173" lon="11.865920">
        <ele>1533.865954</ele>
        <time>2026-08-21T08:56:40.598Z</time>
      </trkpt>
      <trkpt lat="46.551175" lon="11.866022">
        <ele>1533.582766</ele>
        <time>2026-08-21T08:56:41.137Z</time>
      </trkpt>
      <trkpt lat="46.551187" lon="11.866465">
        <ele>1532.352390</ele>
        <time>2026-08-21T08:56:43.498Z</time>
      </trkpt>
      <trkpt lat="46.551203" lon="11.866944">
        <ele>1531.021493</ele>
        <time>2026-08-21T08:56:46.060Z</time>
      </trkpt>
      <trkpt lat="46.551210" lon="11.867237">
        <ele>1530.207863</ele>
        <time>2026-08-21T08:56:47.626Z</time>
      </trkpt>
      <trkpt lat="46.551214" lon="11.867333">
        <ele>1529.940953</ele>
        <time>2026-08-21T08:56:48.141Z</time>
      </trkpt>
      <trkpt lat="46.551229" lon="11.867899">
        <ele>1528.369014</ele>
        <time>2026-08-21T08:56:51.147Z</time>
      </trkpt>
      <trkpt lat="46.551255" lon="11.868621">
        <ele>1526.714840</ele>
        <time>2026-08-21T08:56:55.056Z</time>
      </trkpt>
      <trkpt lat="46.551264" lon="11.868763">
        <ele>1526.489912</ele>
        <time>2026-08-21T08:56:55.848Z</time>
      </trkpt>
      <trkpt lat="46.551372" lon="11.869518">
        <ele>1525.273552</ele>
        <time>2026-08-21T08:57:00.260Z</time>
      </trkpt>
      <trkpt lat="46.551419" lon="11.869754">
        <ele>1524.886012</ele>
        <time>2026-08-21T08:57:01.729Z</time>
      </trkpt>
      <trkpt lat="46.551484" lon="11.870078">
        <ele>1524.353663</ele>
        <time>2026-08-21T08:57:03.768Z</time>
      </trkpt>
      <trkpt lat="46.551593" lon="11.870603">
        <ele>1523.488663</ele>
        <time>2026-08-21T08:57:07.226Z</time>
      </trkpt>
      <trkpt lat="46.551632" lon="11.870800">
        <ele>1523.165315</ele>
        <time>2026-08-21T08:57:08.590Z</time>
      </trkpt>
      <trkpt lat="46.551712" lon="11.871200">
        <ele>1522.979486</ele>
        <time>2026-08-21T08:57:11.543Z</time>
      </trkpt>
      <trkpt lat="46.551722" lon="11.871256">
        <ele>1522.967120</ele>
        <time>2026-08-21T08:57:11.979Z</time>
      </trkpt>
      <trkpt lat="46.551822" lon="11.871743">
        <ele>1522.858496</ele>
        <time>2026-08-21T08:57:15.778Z</time>
      </trkpt>
      <trkpt lat="46.551827" lon="11.871772">
        <ele>1522.852106</ele>
        <time>2026-08-21T08:57:15.999Z</time>
      </trkpt>
      <trkpt lat="46.551949" lon="11.872353">
        <ele>1522.722274</ele>
        <time>2026-08-21T08:57:20.726Z</time>
      </trkpt>
      <trkpt lat="46.551958" lon="11.872411">
        <ele>1522.709566</ele>
        <time>2026-08-21T08:57:21.200Z</time>
      </trkpt>
      <trkpt lat="46.552005" lon="11.872644">
        <ele>1522.657670</ele>
        <time>2026-08-21T08:57:23.241Z</time>
      </trkpt>
      <trkpt lat="46.552032" lon="11.872777">
        <ele>1522.628033</ele>
        <time>2026-08-21T08:57:24.451Z</time>
      </trkpt>
      <trkpt lat="46.552036" lon="11.872802">
        <ele>1522.622547</ele>
        <time>2026-08-21T08:57:24.666Z</time>
      </trkpt>
      <trkpt lat="46.552182" lon="11.873492">
        <ele>1522.482119</ele>
        <time>2026-08-21T08:57:30.587Z</time>
      </trkpt>
      <trkpt lat="46.552210" lon="11.873614">
        <ele>1522.469228</ele>
        <time>2026-08-21T08:57:31.592Z</time>
      </trkpt>
      <trkpt lat="46.552238" lon="11.873746">
        <ele>1522.455383</ele>
        <time>2026-08-21T08:57:32.644Z</time>
      </trkpt>
      <trkpt lat="46.552248" lon="11.873862">
        <ele>1522.443666</ele>
        <time>2026-08-21T08:57:33.564Z</time>
      </trkpt>
      <trkpt lat="46.552204" lon="11.874050">
        <ele>1522.423762</ele>
        <time>2026-08-21T08:57:35.124Z</time>
      </trkpt>
      <trkpt lat="46.552161" lon="11.874125">
        <ele>1522.413975</ele>
        <time>2026-08-21T08:57:35.946Z</time>
      </trkpt>
      <trkpt lat="46.552147" lon="11.874141">
        <ele>1522.411380</ele>
        <time>2026-08-21T08:57:36.149Z</time>
      </trkpt>
      <trkpt lat="46.552117" lon="11.874229">
        <ele>1522.401536</ele>
        <time>2026-08-21T08:57:36.971Z</time>
      </trkpt>
      <trkpt lat="46.552143" lon="11.874325">
        <ele>1522.391195</ele>
        <time>2026-08-21T08:57:37.844Z</time>
      </trkpt>
      <trkpt lat="46.552171" lon="11.874353">
        <ele>1522.386242</ele>
        <time>2026-08-21T08:57:38.248Z</time>
      </trkpt>
      <trkpt lat="46.552231" lon="11.874356">
        <ele>1522.377493</ele>
        <time>2026-08-21T08:57:38.992Z</time>
      </trkpt>
      <trkpt lat="46.552278" lon="11.874302">
        <ele>1522.368763</ele>
        <time>2026-08-21T08:57:39.727Z</time>
      </trkpt>
      <trkpt lat="46.552735" lon="11.874653">
        <ele>1522.293438</ele>
        <time>2026-08-21T08:57:45.916Z</time>
      </trkpt>
      <trkpt lat="46.553061" lon="11.874873">
        <ele>1522.241059</ele>
        <time>2026-08-21T08:57:49.844Z</time>
      </trkpt>
      <trkpt lat="46.553266" lon="11.875015">
        <ele>1521.820098</ele>
        <time>2026-08-21T08:57:52.151Z</time>
      </trkpt>
      <trkpt lat="46.553886" lon="11.875443">
        <ele>1520.120638</ele>
        <time>2026-08-21T08:57:59.196Z</time>
      </trkpt>
      <trkpt lat="46.554782" lon="11.875996">
        <ele>1517.608392</ele>
        <time>2026-08-21T08:58:07.048Z</time>
      </trkpt>
      <trkpt lat="46.556056" lon="11.876799">
        <ele>1509.013052</ele>
        <time>2026-08-21T08:58:16.999Z</time>
      </trkpt>
      <trkpt lat="46.556157" lon="11.876865">
        <ele>1508.327611</ele>
        <time>2026-08-21T08:58:17.791Z</time>
      </trkpt>
      <trkpt lat="46.556256" lon="11.876930">
        <ele>1507.655207</ele>
        <time>2026-08-21T08:58:18.570Z</time>
      </trkpt>
      <trkpt lat="46.556440" lon="11.877048">
        <ele>1506.551937</ele>
        <time>2026-08-21T08:58:20.056Z</time>
      </trkpt>
      <trkpt lat="46.556497" lon="11.877084">
        <ele>1506.400089</ele>
        <time>2026-08-21T08:58:20.511Z</time>
      </trkpt>
      <trkpt lat="46.557060" lon="11.877441">
        <ele>1504.899306</ele>
        <time>2026-08-21T08:58:25.319Z</time>
      </trkpt>
      <trkpt lat="46.557324" lon="11.877663">
        <ele>1504.154140</ele>
        <time>2026-08-21T08:58:28.230Z</time>
      </trkpt>
      <trkpt lat="46.558114" lon="11.878999">
        <ele>1501.466014</ele>
        <time>2026-08-21T08:58:41.086Z</time>
      </trkpt>
      <trkpt lat="46.558135" lon="11.879033">
        <ele>1501.409044</ele>
        <time>2026-08-21T08:58:41.379Z</time>
      </trkpt>
      <trkpt lat="46.558160" lon="11.879074">
        <ele>1501.340736</ele>
        <time>2026-08-21T08:58:41.724Z</time>
      </trkpt>
      <trkpt lat="46.558298" lon="11.879315">
        <ele>1500.949798</ele>
        <time>2026-08-21T08:58:43.666Z</time>
      </trkpt>
      <trkpt lat="46.558747" lon="11.880098">
        <ele>1499.678910</ele>
        <time>2026-08-21T08:58:49.513Z</time>
      </trkpt>
      <trkpt lat="46.558788" lon="11.880168">
        <ele>1499.564289</ele>
        <time>2026-08-21T08:58:50.018Z</time>
      </trkpt>
      <trkpt lat="46.558912" lon="11.880386">
        <ele>1499.211623</ele>
        <time>2026-08-21T08:58:51.621Z</time>
      </trkpt>
      <trkpt lat="46.559376" lon="11.881178">
        <ele>1498.721066</ele>
        <time>2026-08-21T08:58:58.033Z</time>
      </trkpt>
      <trkpt lat="46.559424" lon="11.881263">
        <ele>1498.686907</ele>
        <time>2026-08-21T08:58:58.918Z</time>
      </trkpt>
      <trkpt lat="46.559757" lon="11.881834">
        <ele>1498.454386</ele>
        <time>2026-08-21T08:59:05.719Z</time>
      </trkpt>
      <trkpt lat="46.559974" lon="11.882024">
        <ele>1498.339986</ele>
        <time>2026-08-21T08:59:09.603Z</time>
      </trkpt>
      <trkpt lat="46.560162" lon="11.882110">
        <ele>1498.250973</ele>
        <time>2026-08-21T08:59:12.454Z</time>
      </trkpt>
      <trkpt lat="46.560541" lon="11.882207">
        <ele>1497.715469</ele>
        <time>2026-08-21T08:59:17.693Z</time>
      </trkpt>
      <trkpt lat="46.560858" lon="11.882327">
        <ele>1497.027647</ele>
        <time>2026-08-21T08:59:21.114Z</time>
      </trkpt>
      <trkpt lat="46.561689" lon="11.882957">
        <ele>1495.059855</ele>
        <time>2026-08-21T08:59:28.840Z</time>
      </trkpt>
      <trkpt lat="46.561837" lon="11.883124">
        <ele>1494.666517</ele>
        <time>2026-08-21T08:59:30.300Z</time>
      </trkpt>
      <trkpt lat="46.562071" lon="11.883521">
        <ele>1493.633205</ele>
        <time>2026-08-21T08:59:33.115Z</time>
      </trkpt>
      <trkpt lat="46.562344" lon="11.884022">
        <ele>1492.183716</ele>
        <time>2026-08-21T08:59:36.646Z</time>
      </trkpt>
      <trkpt lat="46.562460" lon="11.884185">
        <ele>1491.651795</ele>
        <time>2026-08-21T08:59:37.963Z</time>
      </trkpt>
      <trkpt lat="46.563400" lon="11.885097">
        <ele>1487.693838</ele>
        <time>2026-08-21T08:59:47.319Z</time>
      </trkpt>
      <trkpt lat="46.563702" lon="11.885445">
        <ele>1485.880714</ele>
        <time>2026-08-21T08:59:50.255Z</time>
      </trkpt>
      <trkpt lat="46.563914" lon="11.885756">
        <ele>1484.463762</ele>
        <time>2026-08-21T08:59:52.512Z</time>
      </trkpt>
      <trkpt lat="46.564357" lon="11.886429">
        <ele>1481.449278</ele>
        <time>2026-08-21T08:59:57.297Z</time>
      </trkpt>
      <trkpt lat="46.564505" lon="11.886598">
        <ele>1480.563824</ele>
        <time>2026-08-21T08:59:58.712Z</time>
      </trkpt>
      <trkpt lat="46.564668" lon="11.886709">
        <ele>1479.738189</ele>
        <time>2026-08-21T09:00:00.061Z</time>
      </trkpt>
      <trkpt lat="46.565521" lon="11.887139">
        <ele>1475.805494</ele>
        <time>2026-08-21T09:00:06.919Z</time>
      </trkpt>
      <trkpt lat="46.566173" lon="11.887415">
        <ele>1472.847403</ele>
        <time>2026-08-21T09:00:12.382Z</time>
      </trkpt>
      <trkpt lat="46.566463" lon="11.887432">
        <ele>1471.432814</ele>
        <time>2026-08-21T09:00:14.644Z</time>
      </trkpt>
      <trkpt lat="46.566522" lon="11.887423">
        <ele>1471.108067</ele>
        <time>2026-08-21T09:00:15.096Z</time>
      </trkpt>
      <trkpt lat="46.566922" lon="11.887251">
        <ele>1468.824720</ele>
        <time>2026-08-21T09:00:18.272Z</time>
      </trkpt>
      <trkpt lat="46.567186" lon="11.887199">
        <ele>1467.366349</ele>
        <time>2026-08-21T09:00:20.266Z</time>
      </trkpt>
      <trkpt lat="46.567423" lon="11.887254">
        <ele>1466.052563</ele>
        <time>2026-08-21T09:00:22.040Z</time>
      </trkpt>
      <trkpt lat="46.567698" lon="11.887470">
        <ele>1464.341703</ele>
        <time>2026-08-21T09:00:24.330Z</time>
      </trkpt>
      <trkpt lat="46.567857" lon="11.887709">
        <ele>1463.090053</ele>
        <time>2026-08-21T09:00:25.985Z</time>
      </trkpt>
      <trkpt lat="46.568153" lon="11.888417">
        <ele>1460.610042</ele>
        <time>2026-08-21T09:00:30.058Z</time>
      </trkpt>
      <trkpt lat="46.568293" lon="11.888842">
        <ele>1459.318152</ele>
        <time>2026-08-21T09:00:32.428Z</time>
      </trkpt>
      <trkpt lat="46.568490" lon="11.889620">
        <ele>1457.045364</ele>
        <time>2026-08-21T09:00:36.851Z</time>
      </trkpt>
      <trkpt lat="46.568581" lon="11.889879">
        <ele>1456.248023</ele>
        <time>2026-08-21T09:00:38.665Z</time>
      </trkpt>
      <trkpt lat="46.568697" lon="11.890106">
        <ele>1455.472675</ele>
        <time>2026-08-21T09:00:40.825Z</time>
      </trkpt>
      <trkpt lat="46.568825" lon="11.890287">
        <ele>1455.248773</ele>
        <time>2026-08-21T09:00:43.175Z</time>
      </trkpt>
      <trkpt lat="46.569147" lon="11.890585">
        <ele>1455.632130</ele>
        <time>2026-08-21T09:00:49.222Z</time>
      </trkpt>
      <trkpt lat="46.569368" lon="11.890712">
        <ele>1455.870815</ele>
        <time>2026-08-21T09:00:53.575Z</time>
      </trkpt>
      <trkpt lat="46.569610" lon="11.890782">
        <ele>1456.118658</ele>
        <time>2026-08-21T09:00:58.507Z</time>
      </trkpt>
      <trkpt lat="46.571222" lon="11.890876">
        <ele>1455.408774</ele>
        <time>2026-08-21T09:01:22.510Z</time>
      </trkpt>
      <trkpt lat="46.571407" lon="11.890919">
        <ele>1455.036075</ele>
        <time>2026-08-21T09:01:24.041Z</time>
      </trkpt>
      <trkpt lat="46.571730" lon="11.891056">
        <ele>1454.366756</ele>
        <time>2026-08-21T09:01:26.696Z</time>
      </trkpt>
      <trkpt lat="46.572184" lon="11.891090">
        <ele>1453.462393</ele>
        <time>2026-08-21T09:01:30.140Z</time>
      </trkpt>
      <trkpt lat="46.573119" lon="11.891806">
        <ele>1449.833249</ele>
        <time>2026-08-21T09:01:38.164Z</time>
      </trkpt>
      <trkpt lat="46.573369" lon="11.892049">
        <ele>1448.782640</ele>
        <time>2026-08-21T09:01:40.840Z</time>
      </trkpt>
      <trkpt lat="46.573649" lon="11.892404">
        <ele>1447.484822</ele>
        <time>2026-08-21T09:01:44.148Z</time>
      </trkpt>
      <trkpt lat="46.574151" lon="11.892754">
        <ele>1445.560006</ele>
        <time>2026-08-21T09:01:49.073Z</time>
      </trkpt>
      <trkpt lat="46.574387" lon="11.892909">
        <ele>1444.667056</ele>
        <time>2026-08-21T09:01:51.282Z</time>
      </trkpt>
      <trkpt lat="46.574556" lon="11.892978">
        <ele>1444.061740</ele>
        <time>2026-08-21T09:01:52.741Z</time>
      </trkpt>
      <trkpt lat="46.574764" lon="11.893000">
        <ele>1443.342556</ele>
        <time>2026-08-21T09:01:54.405Z</time>
      </trkpt>
      <trkpt lat="46.575617" lon="11.893019">
        <ele>1440.292633</ele>
        <time>2026-08-21T09:02:00.863Z</time>
      </trkpt>
      <trkpt lat="46.575784" lon="11.893020">
        <ele>1439.590067</ele>
        <time>2026-08-21T09:02:02.106Z</time>
      </trkpt>
      <trkpt lat="46.575872" lon="11.893040">
        <ele>1439.215365</ele>
        <time>2026-08-21T09:02:02.770Z</time>
      </trkpt>
      <trkpt lat="46.575913" lon="11.893055">
        <ele>1439.037510</ele>
        <time>2026-08-21T09:02:03.086Z</time>
      </trkpt>
      <trkpt lat="46.576157" lon="11.893249">
        <ele>1437.867713</ele>
        <time>2026-08-21T09:02:05.172Z</time>
      </trkpt>
      <trkpt lat="46.576269" lon="11.893455">
        <ele>1437.108186</ele>
        <time>2026-08-21T09:02:06.545Z</time>
      </trkpt>
      <trkpt lat="46.576623" lon="11.894144">
        <ele>1434.620671</ele>
        <time>2026-08-21T09:02:11.203Z</time>
      </trkpt>
      <trkpt lat="46.576809" lon="11.894383">
        <ele>1433.576659</ele>
        <time>2026-08-21T09:02:13.197Z</time>
      </trkpt>
      <trkpt lat="46.577010" lon="11.894570">
        <ele>1432.881244</ele>
        <time>2026-08-21T09:02:15.144Z</time>
      </trkpt>
      <trkpt lat="46.577368" lon="11.894875">
        <ele>1431.851497</ele>
        <time>2026-08-21T09:02:18.712Z</time>
      </trkpt>
      <trkpt lat="46.577500" lon="11.895044">
        <ele>1431.415053</ele>
        <time>2026-08-21T09:02:20.252Z</time>
      </trkpt>
      <trkpt lat="46.578126" lon="11.896558">
        <ele>1428.738319</ele>
        <time>2026-08-21T09:02:30.655Z</time>
      </trkpt>
      <trkpt lat="46.578154" lon="11.896626">
        <ele>1428.702385</ele>
        <time>2026-08-21T09:02:31.096Z</time>
      </trkpt>
      <trkpt lat="46.578248" lon="11.896824">
        <ele>1428.593299</ele>
        <time>2026-08-21T09:02:32.456Z</time>
      </trkpt>
      <trkpt lat="46.578297" lon="11.896914">
        <ele>1428.541251</ele>
        <time>2026-08-21T09:02:33.155Z</time>
      </trkpt>
      <trkpt lat="46.578704" lon="11.897649">
        <ele>1428.113388</ele>
        <time>2026-08-21T09:02:39.610Z</time>
      </trkpt>
      <trkpt lat="46.578740" lon="11.897715">
        <ele>1428.075193</ele>
        <time>2026-08-21T09:02:40.285Z</time>
      </trkpt>
      <trkpt lat="46.578812" lon="11.897836">
        <ele>1428.002643</ele>
        <time>2026-08-21T09:02:41.842Z</time>
      </trkpt>
      <trkpt lat="46.578925" lon="11.897994">
        <ele>1427.899279</ele>
        <time>2026-08-21T09:02:44.119Z</time>
      </trkpt>
      <trkpt lat="46.579046" lon="11.898106">
        <ele>1427.804696</ele>
        <time>2026-08-21T09:02:46.368Z</time>
      </trkpt>
      <trkpt lat="46.579787" lon="11.898632">
        <ele>1427.827870</ele>
        <time>2026-08-21T09:02:58.882Z</time>
      </trkpt>
      <trkpt lat="46.580007" lon="11.898783">
        <ele>1427.887487</ele>
        <time>2026-08-21T09:03:02.746Z</time>
      </trkpt>
      <trkpt lat="46.580144" lon="11.898931">
        <ele>1427.929307</ele>
        <time>2026-08-21T09:03:04.888Z</time>
      </trkpt>
      <trkpt lat="46.580339" lon="11.899387">
        <ele>1428.019775</ele>
        <time>2026-08-21T09:03:08.910Z</time>
      </trkpt>
      <trkpt lat="46.580450" lon="11.899585">
        <ele>1428.062816</ele>
        <time>2026-08-21T09:03:10.783Z</time>
      </trkpt>
      <trkpt lat="46.580834" lon="11.900040">
        <ele>1427.899301</ele>
        <time>2026-08-21T09:03:15.649Z</time>
      </trkpt>
      <trkpt lat="46.580935" lon="11.900150">
        <ele>1427.802754</ele>
        <time>2026-08-21T09:03:16.813Z</time>
      </trkpt>
      <trkpt lat="46.580965" lon="11.900187">
        <ele>1427.772657</ele>
        <time>2026-08-21T09:03:17.182Z</time>
      </trkpt>
      <trkpt lat="46.581215" lon="11.900461">
        <ele>1427.533136</ele>
        <time>2026-08-21T09:03:20.372Z</time>
      </trkpt>
      <trkpt lat="46.581491" lon="11.900848">
        <ele>1427.239805</ele>
        <time>2026-08-21T09:03:24.716Z</time>
      </trkpt>
      <trkpt lat="46.581571" lon="11.900960">
        <ele>1427.154846</ele>
        <time>2026-08-21T09:03:25.945Z</time>
      </trkpt>
      <trkpt lat="46.581855" lon="11.901401">
        <ele>1426.836985</ele>
        <time>2026-08-21T09:03:30.478Z</time>
      </trkpt>
      <trkpt lat="46.582210" lon="11.902584">
        <ele>1425.543342</ele>
        <time>2026-08-21T09:03:38.401Z</time>
      </trkpt>
      <trkpt lat="46.582233" lon="11.902666">
        <ele>1425.447443</ele>
        <time>2026-08-21T09:03:38.939Z</time>
      </trkpt>
      <trkpt lat="46.582261" lon="11.902760">
        <ele>1425.336512</ele>
        <time>2026-08-21T09:03:39.560Z</time>
      </trkpt>
      <trkpt lat="46.582355" lon="11.903089">
        <ele>1424.950716</ele>
        <time>2026-08-21T09:03:41.787Z</time>
      </trkpt>
      <trkpt lat="46.582450" lon="11.903349">
        <ele>1424.631879</ele>
        <time>2026-08-21T09:03:43.599Z</time>
      </trkpt>
      <trkpt lat="46.582537" lon="11.903501">
        <ele>1424.417696</ele>
        <time>2026-08-21T09:03:44.838Z</time>
      </trkpt>
      <trkpt lat="46.582669" lon="11.903649">
        <ele>1424.155158</ele>
        <time>2026-08-21T09:03:46.396Z</time>
      </trkpt>
      <trkpt lat="46.582845" lon="11.903753">
        <ele>1423.811447</ele>
        <time>2026-08-21T09:03:48.184Z</time>
      </trkpt>
      <trkpt lat="46.582921" lon="11.903774">
        <ele>1423.579420</ele>
        <time>2026-08-21T09:03:48.885Z</time>
      </trkpt>
      <trkpt lat="46.583074" lon="11.903818">
        <ele>1423.111636</ele>
        <time>2026-08-21T09:03:50.293Z</time>
      </trkpt>
      <trkpt lat="46.583152" lon="11.903840">
        <ele>1422.873330</ele>
        <time>2026-08-21T09:03:51.021Z</time>
      </trkpt>
      <trkpt lat="46.583395" lon="11.903910">
        <ele>1422.130333</ele>
        <time>2026-08-21T09:03:53.213Z</time>
      </trkpt>
      <trkpt lat="46.583585" lon="11.903963">
        <ele>1421.550072</ele>
        <time>2026-08-21T09:03:54.947Z</time>
      </trkpt>
      <trkpt lat="46.583645" lon="11.903981">
        <ele>1421.366324</ele>
        <time>2026-08-21T09:03:55.479Z</time>
      </trkpt>
      <trkpt lat="46.583765" lon="11.904014">
        <ele>1421.000026</ele>
        <time>2026-08-21T09:03:56.529Z</time>
      </trkpt>
      <trkpt lat="46.584024" lon="11.904089">
        <ele>1420.207951</ele>
        <time>2026-08-21T09:03:58.709Z</time>
      </trkpt>
      <trkpt lat="46.584397" lon="11.904174">
        <ele>1419.075545</ele>
        <time>2026-08-21T09:04:01.655Z</time>
      </trkpt>
      <trkpt lat="46.584500" lon="11.904242">
        <ele>1418.736294</ele>
        <time>2026-08-21T09:04:02.521Z</time>
      </trkpt>
      <trkpt lat="46.584613" lon="11.904350">
        <ele>1418.082836</ele>
        <time>2026-08-21T09:04:03.544Z</time>
      </trkpt>
      <trkpt lat="46.584638" lon="11.904391">
        <ele>1417.813748</ele>
        <time>2026-08-21T09:04:03.826Z</time>
      </trkpt>
      <trkpt lat="46.584691" lon="11.904551">
        <ele>1416.941760</ele>
        <time>2026-08-21T09:04:04.741Z</time>
      </trkpt>
      <trkpt lat="46.584742" lon="11.904684">
        <ele>1416.194048</ele>
        <time>2026-08-21T09:04:05.512Z</time>
      </trkpt>
      <trkpt lat="46.585342" lon="11.906422">
        <ele>1406.645524</ele>
        <time>2026-08-21T09:04:15.012Z</time>
      </trkpt>
      <trkpt lat="46.585404" lon="11.906628">
        <ele>1405.551016</ele>
        <time>2026-08-21T09:04:16.089Z</time>
      </trkpt>
      <trkpt lat="46.585426" lon="11.906785">
        <ele>1404.826697</ele>
        <time>2026-08-21T09:04:16.851Z</time>
      </trkpt>
      <trkpt lat="46.585426" lon="11.906921">
        <ele>1404.211910</ele>
        <time>2026-08-21T09:04:17.509Z</time>
      </trkpt>
      <trkpt lat="46.585421" lon="11.907003">
        <ele>1403.839773</ele>
        <time>2026-08-21T09:04:17.901Z</time>
      </trkpt>
      <trkpt lat="46.585327" lon="11.907305">
        <ele>1402.341102</ele>
        <time>2026-08-21T09:04:19.496Z</time>
      </trkpt>
      <trkpt lat="46.585196" lon="11.907479">
        <ele>1401.174431</ele>
        <time>2026-08-21T09:04:20.743Z</time>
      </trkpt>
      <trkpt lat="46.584976" lon="11.907579">
        <ele>1399.658428</ele>
        <time>2026-08-21T09:04:22.378Z</time>
      </trkpt>
      <trkpt lat="46.584872" lon="11.907575">
        <ele>1398.974135</ele>
        <time>2026-08-21T09:04:23.112Z</time>
      </trkpt>
      <trkpt lat="46.584598" lon="11.907429">
        <ele>1397.054866</ele>
        <time>2026-08-21T09:04:25.208Z</time>
      </trkpt>
      <trkpt lat="46.584353" lon="11.907366">
        <ele>1395.418420</ele>
        <time>2026-08-21T09:04:27.052Z</time>
      </trkpt>
      <trkpt lat="46.584082" lon="11.907362">
        <ele>1393.872669</ele>
        <time>2026-08-21T09:04:29.218Z</time>
      </trkpt>
      <trkpt lat="46.583920" lon="11.907462">
        <ele>1394.115854</ele>
        <time>2026-08-21T09:04:30.768Z</time>
      </trkpt>
      <trkpt lat="46.583877" lon="11.907541">
        <ele>1394.211566</ele>
        <time>2026-08-21T09:04:31.443Z</time>
      </trkpt>
      <trkpt lat="46.583811" lon="11.907996">
        <ele>1394.653236</ele>
        <time>2026-08-21T09:04:34.874Z</time>
      </trkpt>
      <trkpt lat="46.583759" lon="11.908242">
        <ele>1394.897683</ele>
        <time>2026-08-21T09:04:37.192Z</time>
      </trkpt>
      <trkpt lat="46.583680" lon="11.908417">
        <ele>1395.096541</ele>
        <time>2026-08-21T09:04:39.710Z</time>
      </trkpt>
      <trkpt lat="46.583516" lon="11.908615">
        <ele>1395.391038</ele>
        <time>2026-08-21T09:04:43.931Z</time>
      </trkpt>
      <trkpt lat="46.583485" lon="11.908677">
        <ele>1395.463859</ele>
        <time>2026-08-21T09:04:45.059Z</time>
      </trkpt>
      <trkpt lat="46.583475" lon="11.908805">
        <ele>1395.586215</ele>
        <time>2026-08-21T09:04:47.058Z</time>
      </trkpt>
      <trkpt lat="46.583509" lon="11.908887">
        <ele>1395.677172</ele>
        <time>2026-08-21T09:04:48.638Z</time>
      </trkpt>
      <trkpt lat="46.583596" lon="11.908930">
        <ele>1395.804146</ele>
        <time>2026-08-21T09:04:50.973Z</time>
      </trkpt>
      <trkpt lat="46.583831" lon="11.908834">
        <ele>1396.141454</ele>
        <time>2026-08-21T09:04:57.471Z</time>
      </trkpt>
      <trkpt lat="46.583909" lon="11.908814">
        <ele>1396.250904</ele>
        <time>2026-08-21T09:04:59.578Z</time>
      </trkpt>
      <trkpt lat="46.583977" lon="11.908869">
        <ele>1396.532712</ele>
        <time>2026-08-21T09:05:01.826Z</time>
      </trkpt>
      <trkpt lat="46.583992" lon="11.908979">
        <ele>1397.088789</ele>
        <time>2026-08-21T09:05:04.037Z</time>
      </trkpt>
      <trkpt lat="46.583920" lon="11.909092">
        <ele>1397.852853</ele>
        <time>2026-08-21T09:05:07.268Z</time>
      </trkpt>
      <trkpt lat="46.583533" lon="11.909283">
        <ele>1400.801194</ele>
        <time>2026-08-21T09:05:19.507Z</time>
      </trkpt>
      <trkpt lat="46.583424" lon="11.909394">
        <ele>1401.761076</ele>
        <time>2026-08-21T09:05:23.759Z</time>
      </trkpt>
      <trkpt lat="46.583316" lon="11.909622">
        <ele>1403.134145</ele>
        <time>2026-08-21T09:05:30.231Z</time>
      </trkpt>
      <trkpt lat="46.582999" lon="11.910463">
        <ele>1407.890347</ele>
        <time>2026-08-21T09:05:56.301Z</time>
      </trkpt>
      <trkpt lat="46.582966" lon="11.910727">
        <ele>1409.220912</ele>
        <time>2026-08-21T09:06:04.239Z</time>
      </trkpt>
      <trkpt lat="46.583018" lon="11.910923">
        <ele>1410.360288</ele>
        <time>2026-08-21T09:06:10.629Z</time>
      </trkpt>
      <trkpt lat="46.583078" lon="11.910996">
        <ele>1410.981402</ele>
        <time>2026-08-21T09:06:14.012Z</time>
      </trkpt>
      <trkpt lat="46.583223" lon="11.911073">
        <ele>1412.207183</ele>
        <time>2026-08-21T09:06:20.539Z</time>
      </trkpt>
      <trkpt lat="46.583416" lon="11.911074">
        <ele>1413.739858</ele>
        <time>2026-08-21T09:06:28.551Z</time>
      </trkpt>
      <trkpt lat="46.583573" lon="11.911122">
        <ele>1415.013864</ele>
        <time>2026-08-21T09:06:34.976Z</time>
      </trkpt>
      <trkpt lat="46.583666" lon="11.911212">
        <ele>1415.900845</ele>
        <time>2026-08-21T09:06:39.406Z</time>
      </trkpt>
      <trkpt lat="46.583737" lon="11.911374">
        <ele>1416.949512</ele>
        <time>2026-08-21T09:06:44.725Z</time>
      </trkpt>
      <trkpt lat="46.583751" lon="11.911592">
        <ele>1418.144535</ele>
        <time>2026-08-21T09:06:50.624Z</time>
      </trkpt>
      <trkpt lat="46.583709" lon="11.911755">
        <ele>1419.094653</ele>
        <time>2026-08-21T09:06:55.145Z</time>
      </trkpt>
      <trkpt lat="46.583595" lon="11.911984">
        <ele>1420.637953</ele>
        <time>2026-08-21T09:07:02.046Z</time>
      </trkpt>
      <trkpt lat="46.583371" lon="11.912401">
        <ele>1423.526622</ele>
        <time>2026-08-21T09:07:13.620Z</time>
      </trkpt>
      <trkpt lat="46.583291" lon="11.912604">
        <ele>1424.559780</ele>
        <time>2026-08-21T09:07:18.114Z</time>
      </trkpt>
      <trkpt lat="46.583248" lon="11.912844">
        <ele>1425.644148</ele>
        <time>2026-08-21T09:07:22.511Z</time>
      </trkpt>
      <trkpt lat="46.583240" lon="11.913157">
        <ele>1427.013558</ele>
        <time>2026-08-21T09:07:27.726Z</time>
      </trkpt>
      <trkpt lat="46.583183" lon="11.913358">
        <ele>1427.964213</ele>
        <time>2026-08-21T09:07:31.689Z</time>
      </trkpt>
      <trkpt lat="46.582609" lon="11.914234">
        <ele>1433.255824</ele>
        <time>2026-08-21T09:07:58.499Z</time>
      </trkpt>
      <trkpt lat="46.582455" lon="11.914591">
        <ele>1435.134196</ele>
        <time>2026-08-21T09:08:09.236Z</time>
      </trkpt>
      <trkpt lat="46.582222" lon="11.915452">
        <ele>1440.984127</ele>
        <time>2026-08-21T09:08:35.690Z</time>
      </trkpt>
      <trkpt lat="46.582154" lon="11.915642">
        <ele>1442.338395</ele>
        <time>2026-08-21T09:08:42.213Z</time>
      </trkpt>
      <trkpt lat="46.581834" lon="11.916317">
        <ele>1447.522398</ele>
        <time>2026-08-21T09:09:06.614Z</time>
      </trkpt>
      <trkpt lat="46.581763" lon="11.916587">
        <ele>1449.350010</ele>
        <time>2026-08-21T09:09:14.872Z</time>
      </trkpt>
      <trkpt lat="46.581622" lon="11.917476">
        <ele>1454.778834</ele>
        <time>2026-08-21T09:09:41.079Z</time>
      </trkpt>
      <trkpt lat="46.581330" lon="11.918375">
        <ele>1460.465296</ele>
        <time>2026-08-21T09:10:09.111Z</time>
      </trkpt>
      <trkpt lat="46.581200" lon="11.919340">
        <ele>1466.089061</ele>
        <time>2026-08-21T09:10:32.236Z</time>
      </trkpt>
      <trkpt lat="46.581075" lon="11.919641">
        <ele>1467.446727</ele>
        <time>2026-08-21T09:10:40.612Z</time>
      </trkpt>
      <trkpt lat="46.580860" lon="11.919854">
        <ele>1468.710972</ele>
        <time>2026-08-21T09:10:50.357Z</time>
      </trkpt>
      <trkpt lat="46.580498" lon="11.920087">
        <ele>1470.634920</ele>
        <time>2026-08-21T09:11:03.429Z</time>
      </trkpt>
      <trkpt lat="46.580111" lon="11.920342">
        <ele>1472.699806</ele>
        <time>2026-08-21T09:11:12.878Z</time>
      </trkpt>
      <trkpt lat="46.579868" lon="11.920544">
        <ele>1474.060075</ele>
        <time>2026-08-21T09:11:18.083Z</time>
      </trkpt>
      <trkpt lat="46.579783" lon="11.920597">
        <ele>1474.509551</ele>
        <time>2026-08-21T09:11:19.659Z</time>
      </trkpt>
      <trkpt lat="46.579624" lon="11.920616">
        <ele>1475.277281</ele>
        <time>2026-08-21T09:11:22.864Z</time>
      </trkpt>
      <trkpt lat="46.579462" lon="11.920581">
        <ele>1475.641277</ele>
        <time>2026-08-21T09:11:26.632Z</time>
      </trkpt>
      <trkpt lat="46.579182" lon="11.920406">
        <ele>1476.318574</ele>
        <time>2026-08-21T09:11:34.121Z</time>
      </trkpt>
      <trkpt lat="46.579087" lon="11.920394">
        <ele>1476.530507</ele>
        <time>2026-08-21T09:11:36.347Z</time>
      </trkpt>
      <trkpt lat="46.578990" lon="11.920428">
        <ele>1476.752260</ele>
        <time>2026-08-21T09:11:38.478Z</time>
      </trkpt>
      <trkpt lat="46.578908" lon="11.920567">
        <ele>1477.032088</ele>
        <time>2026-08-21T09:11:40.502Z</time>
      </trkpt>
      <trkpt lat="46.578845" lon="11.920755">
        <ele>1477.351601</ele>
        <time>2026-08-21T09:11:42.224Z</time>
      </trkpt>
      <trkpt lat="46.578814" lon="11.921144">
        <ele>1477.949841</ele>
        <time>2026-08-21T09:11:45.265Z</time>
      </trkpt>
      <trkpt lat="46.578782" lon="11.921257">
        <ele>1478.136543</ele>
        <time>2026-08-21T09:11:46.397Z</time>
      </trkpt>
      <trkpt lat="46.578727" lon="11.921336">
        <ele>1478.308320</ele>
        <time>2026-08-21T09:11:47.470Z</time>
      </trkpt>
      <trkpt lat="46.578428" lon="11.921545">
        <ele>1479.045574</ele>
        <time>2026-08-21T09:11:53.681Z</time>
      </trkpt>
      <trkpt lat="46.578068" lon="11.921790">
        <ele>1480.678883</ele>
        <time>2026-08-21T09:12:03.595Z</time>
      </trkpt>
      <trkpt lat="46.577924" lon="11.921935">
        <ele>1481.510021</ele>
        <time>2026-08-21T09:12:08.283Z</time>
      </trkpt>
      <trkpt lat="46.577840" lon="11.922062">
        <ele>1482.084970</ele>
        <time>2026-08-21T09:12:11.276Z</time>
      </trkpt>
      <trkpt lat="46.577746" lon="11.922307">
        <ele>1483.000281</ele>
        <time>2026-08-21T09:12:15.831Z</time>
      </trkpt>
      <trkpt lat="46.577650" lon="11.922727">
        <ele>1484.444164</ele>
        <time>2026-08-21T09:12:23.183Z</time>
      </trkpt>
      <trkpt lat="46.577593" lon="11.922977">
        <ele>1485.303406</ele>
        <time>2026-08-21T09:12:28.196Z</time>
      </trkpt>
      <trkpt lat="46.577458" lon="11.923604">
        <ele>1487.446800</ele>
        <time>2026-08-21T09:12:44.738Z</time>
      </trkpt>
      <trkpt lat="46.577389" lon="11.923865">
        <ele>1488.326313</ele>
        <time>2026-08-21T09:12:51.639Z</time>
      </trkpt>
      <trkpt lat="46.577298" lon="11.924096">
        <ele>1489.143613</ele>
        <time>2026-08-21T09:12:57.591Z</time>
      </trkpt>
      <trkpt lat="46.577125" lon="11.924404">
        <ele>1490.364600</ele>
        <time>2026-08-21T09:13:04.802Z</time>
      </trkpt>
      <trkpt lat="46.576907" lon="11.924670">
        <ele>1491.635250</ele>
        <time>2026-08-21T09:13:11.594Z</time>
      </trkpt>
      <trkpt lat="46.576290" lon="11.925188">
        <ele>1494.816578</ele>
        <time>2026-08-21T09:13:26.828Z</time>
      </trkpt>
      <trkpt lat="46.576175" lon="11.925328">
        <ele>1495.486246</ele>
        <time>2026-08-21T09:13:30.778Z</time>
      </trkpt>
      <trkpt lat="46.576070" lon="11.925615">
        <ele>1496.801552</ele>
        <time>2026-08-21T09:13:36.561Z</time>
      </trkpt>
      <trkpt lat="46.575954" lon="11.926152">
        <ele>1499.376380</ele>
        <time>2026-08-21T09:13:46.309Z</time>
      </trkpt>
      <trkpt lat="46.575817" lon="11.926630">
        <ele>1501.745346</ele>
        <time>2026-08-21T09:13:58.335Z</time>
      </trkpt>
      <trkpt lat="46.575572" lon="11.927133">
        <ele>1504.565301</ele>
        <time>2026-08-21T09:14:14.910Z</time>
      </trkpt>
      <trkpt lat="46.575333" lon="11.927461">
        <ele>1506.751769</ele>
        <time>2026-08-21T09:14:28.701Z</time>
      </trkpt>
      <trkpt lat="46.574941" lon="11.927808">
        <ele>1508.777707</ele>
        <time>2026-08-21T09:14:45.811Z</time>
      </trkpt>
      <trkpt lat="46.574468" lon="11.928034">
        <ele>1510.387794</ele>
        <time>2026-08-21T09:15:01.068Z</time>
      </trkpt>
      <trkpt lat="46.573469" lon="11.928512">
        <ele>1513.623810</ele>
        <time>2026-08-21T09:15:14.763Z</time>
      </trkpt>
      <trkpt lat="46.573328" lon="11.928554">
        <ele>1513.626182</ele>
        <time>2026-08-21T09:15:16.252Z</time>
      </trkpt>
      <trkpt lat="46.573257" lon="11.928542">
        <ele>1513.627360</ele>
        <time>2026-08-21T09:15:17.009Z</time>
      </trkpt>
      <trkpt lat="46.573178" lon="11.928490">
        <ele>1513.628790</ele>
        <time>2026-08-21T09:15:17.856Z</time>
      </trkpt>
      <trkpt lat="46.573101" lon="11.928453">
        <ele>1513.630126</ele>
        <time>2026-08-21T09:15:18.660Z</time>
      </trkpt>
      <trkpt lat="46.573081" lon="11.928370">
        <ele>1513.631123</ele>
        <time>2026-08-21T09:15:19.236Z</time>
      </trkpt>
      <trkpt lat="46.573030" lon="11.928322">
        <ele>1513.632124</ele>
        <time>2026-08-21T09:15:19.851Z</time>
      </trkpt>
      <trkpt lat="46.572970" lon="11.928327">
        <ele>1513.633115</ele>
        <time>2026-08-21T09:15:20.397Z</time>
      </trkpt>
      <trkpt lat="46.572924" lon="11.928386">
        <ele>1513.634126</ele>
        <time>2026-08-21T09:15:21.003Z</time>
      </trkpt>
      <trkpt lat="46.572777" lon="11.928480">
        <ele>1513.636772</ele>
        <time>2026-08-21T09:15:22.524Z</time>
      </trkpt>
      <trkpt lat="46.572496" lon="11.928687">
        <ele>1513.641964</ele>
        <time>2026-08-21T09:15:25.419Z</time>
      </trkpt>
      <trkpt lat="46.572071" lon="11.928936">
        <ele>1513.649516</ele>
        <time>2026-08-21T09:15:30.167Z</time>
      </trkpt>
      <trkpt lat="46.571914" lon="11.929082">
        <ele>1513.652588</ele>
        <time>2026-08-21T09:15:34.467Z</time>
      </trkpt>
      <trkpt lat="46.571750" lon="11.929277">
        <ele>1514.369502</ele>
        <time>2026-08-21T09:15:39.825Z</time>
      </trkpt>
      <trkpt lat="46.571607" lon="11.929507">
        <ele>1515.095991</ele>
        <time>2026-08-21T09:15:44.836Z</time>
      </trkpt>
      <trkpt lat="46.571463" lon="11.929773">
        <ele>1515.889158</ele>
        <time>2026-08-21T09:15:49.996Z</time>
      </trkpt>
      <trkpt lat="46.571373" lon="11.930018">
        <ele>1516.539915</ele>
        <time>2026-08-21T09:15:54.420Z</time>
      </trkpt>
      <trkpt lat="46.571229" lon="11.930371">
        <ele>1517.501512</ele>
        <time>2026-08-21T09:16:01.302Z</time>
      </trkpt>
      <trkpt lat="46.571098" lon="11.930614">
        <ele>1518.224945</ele>
        <time>2026-08-21T09:16:06.591Z</time>
      </trkpt>
      <trkpt lat="46.570951" lon="11.930801">
        <ele>1518.890419</ele>
        <time>2026-08-21T09:16:11.492Z</time>
      </trkpt>
      <trkpt lat="46.570493" lon="11.931270">
        <ele>1520.573507</ele>
        <time>2026-08-21T09:16:25.069Z</time>
      </trkpt>
      <trkpt lat="46.570314" lon="11.931556">
        <ele>1521.278625</ele>
        <time>2026-08-21T09:16:31.103Z</time>
      </trkpt>
      <trkpt lat="46.570181" lon="11.931868">
        <ele>1521.947906</ele>
        <time>2026-08-21T09:16:36.461Z</time>
      </trkpt>
      <trkpt lat="46.569955" lon="11.932945">
        <ele>1524.000812</ele>
        <time>2026-08-21T09:16:50.696Z</time>
      </trkpt>
      <trkpt lat="46.569919" lon="11.933121">
        <ele>1524.335579</ele>
        <time>2026-08-21T09:16:52.803Z</time>
      </trkpt>
      <trkpt lat="46.569667" lon="11.934266">
        <ele>1527.015847</ele>
        <time>2026-08-21T09:17:07.232Z</time>
      </trkpt>
      <trkpt lat="46.569617" lon="11.934447">
        <ele>1527.459398</ele>
        <time>2026-08-21T09:17:10.297Z</time>
      </trkpt>
      <trkpt lat="46.569533" lon="11.934779">
        <ele>1528.263821</ele>
        <time>2026-08-21T09:17:16.619Z</time>
      </trkpt>
      <trkpt lat="46.569454" lon="11.935284">
        <ele>1529.441474</ele>
        <time>2026-08-21T09:17:26.497Z</time>
      </trkpt>
      <trkpt lat="46.569367" lon="11.935311">
        <ele>1529.735708</ele>
        <time>2026-08-21T09:17:28.896Z</time>
      </trkpt>
      <trkpt lat="46.569336" lon="11.935385">
        <ele>1529.932753</ele>
        <time>2026-08-21T09:17:30.509Z</time>
      </trkpt>
      <trkpt lat="46.569341" lon="11.935472">
        <ele>1530.131269</ele>
        <time>2026-08-21T09:17:32.052Z</time>
      </trkpt>
      <trkpt lat="46.568852" lon="11.935933">
        <ele>1532.498490</ele>
        <time>2026-08-21T09:17:46.813Z</time>
      </trkpt>
      <trkpt lat="46.568686" lon="11.936146">
        <ele>1533.437363</ele>
        <time>2026-08-21T09:17:52.306Z</time>
      </trkpt>
      <trkpt lat="46.568467" lon="11.936679">
        <ele>1535.247979</ele>
        <time>2026-08-21T09:18:02.706Z</time>
      </trkpt>
      <trkpt lat="46.568365" lon="11.937111">
        <ele>1536.579887</ele>
        <time>2026-08-21T09:18:09.798Z</time>
      </trkpt>
      <trkpt lat="46.568324" lon="11.937708">
        <ele>1538.542279</ele>
        <time>2026-08-21T09:18:19.590Z</time>
      </trkpt>
      <trkpt lat="46.568241" lon="11.938305">
        <ele>1542.212466</ele>
        <time>2026-08-21T09:18:32.391Z</time>
      </trkpt>
      <trkpt lat="46.568174" lon="11.938557">
        <ele>1543.840552</ele>
        <time>2026-08-21T09:18:39.196Z</time>
      </trkpt>
      <trkpt lat="46.567991" lon="11.939047">
        <ele>1547.200715</ele>
        <time>2026-08-21T09:18:55.922Z</time>
      </trkpt>
      <trkpt lat="46.567959" lon="11.939212">
        <ele>1548.233771</ele>
        <time>2026-08-21T09:19:01.618Z</time>
      </trkpt>
      <trkpt lat="46.567848" lon="11.939962">
        <ele>1552.856642</ele>
        <time>2026-08-21T09:19:28.219Z</time>
      </trkpt>
      <trkpt lat="46.567733" lon="11.940280">
        <ele>1555.013274</ele>
        <time>2026-08-21T09:19:39.974Z</time>
      </trkpt>
      <trkpt lat="46.567577" lon="11.940520">
        <ele>1556.988493</ele>
        <time>2026-08-21T09:19:49.706Z</time>
      </trkpt>
      <trkpt lat="46.567421" lon="11.940653">
        <ele>1558.561419</ele>
        <time>2026-08-21T09:19:57.009Z</time>
      </trkpt>
      <trkpt lat="46.567184" lon="11.940749">
        <ele>1560.701465</ele>
        <time>2026-08-21T09:20:06.486Z</time>
      </trkpt>
      <trkpt lat="46.567016" lon="11.940755">
        <ele>1562.163292</ele>
        <time>2026-08-21T09:20:13.101Z</time>
      </trkpt>
      <trkpt lat="46.566852" lon="11.940701">
        <ele>1563.625979</ele>
        <time>2026-08-21T09:20:19.717Z</time>
      </trkpt>
      <trkpt lat="46.566685" lon="11.940697">
        <ele>1565.078863</ele>
        <time>2026-08-21T09:20:25.976Z</time>
      </trkpt>
      <trkpt lat="46.566513" lon="11.940796">
        <ele>1566.687931</ele>
        <time>2026-08-21T09:20:32.587Z</time>
      </trkpt>
      <trkpt lat="46.566397" lon="11.940971">
        <ele>1568.141728</ele>
        <time>2026-08-21T09:20:38.265Z</time>
      </trkpt>
      <trkpt lat="46.566370" lon="11.941042">
        <ele>1568.626970</ele>
        <time>2026-08-21T09:20:39.986Z</time>
      </trkpt>
      <trkpt lat="46.566305" lon="11.941387">
        <ele>1570.762948</ele>
        <time>2026-08-21T09:20:48.403Z</time>
      </trkpt>
      <trkpt lat="46.566206" lon="11.941980">
        <ele>1574.402432</ele>
        <time>2026-08-21T09:21:03.871Z</time>
      </trkpt>
      <trkpt lat="46.566188" lon="11.942054">
        <ele>1574.870584</ele>
        <time>2026-08-21T09:21:06.152Z</time>
      </trkpt>
      <trkpt lat="46.566071" lon="11.942283">
        <ele>1576.572199</ele>
        <time>2026-08-21T09:21:14.355Z</time>
      </trkpt>
      <trkpt lat="46.565621" lon="11.943150">
        <ele>1583.051166</ele>
        <time>2026-08-21T09:21:47.332Z</time>
      </trkpt>
      <trkpt lat="46.565574" lon="11.943377">
        <ele>1584.465091</ele>
        <time>2026-08-21T09:21:53.835Z</time>
      </trkpt>
      <trkpt lat="46.565554" lon="11.943900">
        <ele>1587.109837</ele>
        <time>2026-08-21T09:22:07.493Z</time>
      </trkpt>
      <trkpt lat="46.565465" lon="11.944230">
        <ele>1588.809673</ele>
        <time>2026-08-21T09:22:16.038Z</time>
      </trkpt>
      <trkpt lat="46.565354" lon="11.944422">
        <ele>1590.012607</ele>
        <time>2026-08-21T09:22:21.696Z</time>
      </trkpt>
      <trkpt lat="46.565153" lon="11.944561">
        <ele>1591.564909</ele>
        <time>2026-08-21T09:22:28.832Z</time>
      </trkpt>
      <trkpt lat="46.564919" lon="11.944665">
        <ele>1593.271482</ele>
        <time>2026-08-21T09:22:36.662Z</time>
      </trkpt>
      <trkpt lat="46.564750" lon="11.944739">
        <ele>1594.502461</ele>
        <time>2026-08-21T09:22:42.228Z</time>
      </trkpt>
      <trkpt lat="46.564670" lon="11.944774">
        <ele>1595.085132</ele>
        <time>2026-08-21T09:22:44.862Z</time>
      </trkpt>
      <trkpt lat="46.564438" lon="11.944971">
        <ele>1596.958836</ele>
        <time>2026-08-21T09:22:53.183Z</time>
      </trkpt>
      <trkpt lat="46.564333" lon="11.945132">
        <ele>1598.012057</ele>
        <time>2026-08-21T09:22:57.987Z</time>
      </trkpt>
      <trkpt lat="46.564257" lon="11.945334">
        <ele>1599.080238</ele>
        <time>2026-08-21T09:23:03.213Z</time>
      </trkpt>
      <trkpt lat="46.564212" lon="11.945662">
        <ele>1600.631789</ele>
        <time>2026-08-21T09:23:11.187Z</time>
      </trkpt>
      <trkpt lat="46.564273" lon="11.946321">
        <ele>1603.716394</ele>
        <time>2026-08-21T09:23:28.137Z</time>
      </trkpt>
      <trkpt lat="46.564247" lon="11.946713">
        <ele>1605.543277</ele>
        <time>2026-08-21T09:23:38.504Z</time>
      </trkpt>
      <trkpt lat="46.564191" lon="11.946920">
        <ele>1606.575187</ele>
        <time>2026-08-21T09:23:44.017Z</time>
      </trkpt>
      <trkpt lat="46.563865" lon="11.947659">
        <ele>1610.136774</ele>
        <time>2026-08-21T09:24:02.773Z</time>
      </trkpt>
      <trkpt lat="46.563769" lon="11.947872">
        <ele>1610.585103</ele>
        <time>2026-08-21T09:24:07.397Z</time>
      </trkpt>
      <trkpt lat="46.563536" lon="11.948397">
        <ele>1611.685087</ele>
        <time>2026-08-21T09:24:17.121Z</time>
      </trkpt>
      <trkpt lat="46.562747" lon="11.950169">
        <ele>1614.917527</ele>
        <time>2026-08-21T09:24:39.585Z</time>
      </trkpt>
      <trkpt lat="46.562512" lon="11.950805">
        <ele>1615.556063</ele>
        <time>2026-08-21T09:24:46.047Z</time>
      </trkpt>
      <trkpt lat="46.562310" lon="11.951576">
        <ele>1616.285742</ele>
        <time>2026-08-21T09:24:54.921Z</time>
      </trkpt>
      <trkpt lat="46.562180" lon="11.952066">
        <ele>1616.758536</ele>
        <time>2026-08-21T09:25:01.625Z</time>
      </trkpt>
      <trkpt lat="46.561978" lon="11.952849">
        <ele>1618.295819</ele>
        <time>2026-08-21T09:25:13.614Z</time>
      </trkpt>
      <trkpt lat="46.561879" lon="11.953145">
        <ele>1618.900884</ele>
        <time>2026-08-21T09:25:18.506Z</time>
      </trkpt>
      <trkpt lat="46.561653" lon="11.953650">
        <ele>1620.008488</ele>
        <time>2026-08-21T09:25:27.366Z</time>
      </trkpt>
      <trkpt lat="46.561486" lon="11.953914">
        <ele>1620.667911</ele>
        <time>2026-08-21T09:25:32.441Z</time>
      </trkpt>
      <trkpt lat="46.561303" lon="11.954173">
        <ele>1621.350574</ele>
        <time>2026-08-21T09:25:37.589Z</time>
      </trkpt>
      <trkpt lat="46.561029" lon="11.954565">
        <ele>1622.423855</ele>
        <time>2026-08-21T09:25:45.483Z</time>
      </trkpt>
      <trkpt lat="46.560906" lon="11.954815">
        <ele>1623.020200</ele>
        <time>2026-08-21T09:25:49.642Z</time>
      </trkpt>
      <trkpt lat="46.560837" lon="11.955046">
        <ele>1623.508777</ele>
        <time>2026-08-21T09:25:52.970Z</time>
      </trkpt>
      <trkpt lat="46.560776" lon="11.955414">
        <ele>1624.243116</ele>
        <time>2026-08-21T09:25:57.966Z</time>
      </trkpt>
      <trkpt lat="46.560714" lon="11.955825">
        <ele>1625.059382</ele>
        <time>2026-08-21T09:26:04.012Z</time>
      </trkpt>
      <trkpt lat="46.560683" lon="11.955932">
        <ele>1625.284626</ele>
        <time>2026-08-21T09:26:05.743Z</time>
      </trkpt>
      <trkpt lat="46.560512" lon="11.956334">
        <ele>1626.201642</ele>
        <time>2026-08-21T09:26:13.413Z</time>
      </trkpt>
      <trkpt lat="46.559426" lon="11.958214">
        <ele>1631.326641</ele>
        <time>2026-08-21T09:26:50.497Z</time>
      </trkpt>
      <trkpt lat="46.559182" lon="11.958588">
        <ele>1632.398413</ele>
        <time>2026-08-21T09:26:57.443Z</time>
      </trkpt>
      <trkpt lat="46.558701" lon="11.959175">
        <ele>1634.238999</ele>
        <time>2026-08-21T09:27:10.318Z</time>
      </trkpt>
      <trkpt lat="46.558577" lon="11.959386">
        <ele>1634.798450</ele>
        <time>2026-08-21T09:27:14.121Z</time>
      </trkpt>
      <trkpt lat="46.558461" lon="11.959768">
        <ele>1635.640142</ele>
        <time>2026-08-21T09:27:19.913Z</time>
      </trkpt>
      <trkpt lat="46.558287" lon="11.960593">
        <ele>1637.379466</ele>
        <time>2026-08-21T09:27:33.341Z</time>
      </trkpt>
      <trkpt lat="46.558169" lon="11.961089">
        <ele>1638.574723</ele>
        <time>2026-08-21T09:27:41.829Z</time>
      </trkpt>
      <trkpt lat="46.558094" lon="11.961424">
        <ele>1639.378480</ele>
        <time>2026-08-21T09:27:47.482Z</time>
      </trkpt>
      <trkpt lat="46.557973" lon="11.961816">
        <ele>1640.358765</ele>
        <time>2026-08-21T09:27:54.188Z</time>
      </trkpt>
      <trkpt lat="46.557842" lon="11.962104">
        <ele>1641.146557</ele>
        <time>2026-08-21T09:27:59.446Z</time>
      </trkpt>
      <trkpt lat="46.556962" lon="11.963782">
        <ele>1645.296776</ele>
        <time>2026-08-21T09:28:31.673Z</time>
      </trkpt>
      <trkpt lat="46.555993" lon="11.965502">
        <ele>1648.486732</ele>
        <time>2026-08-21T09:28:59.164Z</time>
      </trkpt>
      <trkpt lat="46.555842" lon="11.965713">
        <ele>1648.764921</ele>
        <time>2026-08-21T09:29:02.459Z</time>
      </trkpt>
      <trkpt lat="46.555569" lon="11.966019">
        <ele>1649.222807</ele>
        <time>2026-08-21T09:29:07.850Z</time>
      </trkpt>
      <trkpt lat="46.555502" lon="11.966082">
        <ele>1649.328797</ele>
        <time>2026-08-21T09:29:08.975Z</time>
      </trkpt>
      <trkpt lat="46.554708" lon="11.966819">
        <ele>1650.685574</ele>
        <time>2026-08-21T09:29:22.926Z</time>
      </trkpt>
      <trkpt lat="46.554650" lon="11.966872">
        <ele>1650.801432</ele>
        <time>2026-08-21T09:29:24.011Z</time>
      </trkpt>
      <trkpt lat="46.554250" lon="11.967250">
        <ele>1651.608268</ele>
        <time>2026-08-21T09:29:31.692Z</time>
      </trkpt>
      <trkpt lat="46.553678" lon="11.967795">
        <ele>1652.764881</ele>
        <time>2026-08-21T09:29:43.450Z</time>
      </trkpt>
      <trkpt lat="46.553389" lon="11.968068">
        <ele>1653.543687</ele>
        <time>2026-08-21T09:29:49.982Z</time>
      </trkpt>
      <trkpt lat="46.553065" lon="11.968373">
        <ele>1655.343360</ele>
        <time>2026-08-21T09:29:58.363Z</time>
      </trkpt>
      <trkpt lat="46.552995" lon="11.968439">
        <ele>1655.732362</ele>
        <time>2026-08-21T09:30:00.515Z</time>
      </trkpt>
      <trkpt lat="46.552932" lon="11.968498">
        <ele>1656.081768</ele>
        <time>2026-08-21T09:30:02.545Z</time>
      </trkpt>
      <trkpt lat="46.552385" lon="11.968997">
        <ele>1659.092673</ele>
        <time>2026-08-21T09:30:21.131Z</time>
      </trkpt>
      <trkpt lat="46.552302" lon="11.969028">
        <ele>1659.492247</ele>
        <time>2026-08-21T09:30:23.743Z</time>
      </trkpt>
      <trkpt lat="46.552131" lon="11.969028">
        <ele>1660.289587</ele>
        <time>2026-08-21T09:30:28.832Z</time>
      </trkpt>
      <trkpt lat="46.552039" lon="11.968991">
        <ele>1660.734670</ele>
        <time>2026-08-21T09:30:31.738Z</time>
      </trkpt>
      <trkpt lat="46.551876" lon="11.968858">
        <ele>1661.606185</ele>
        <time>2026-08-21T09:30:37.518Z</time>
      </trkpt>
      <trkpt lat="46.551653" lon="11.968419">
        <ele>1664.332481</ele>
        <time>2026-08-21T09:30:49.236Z</time>
      </trkpt>
      <trkpt lat="46.550973" lon="11.967614">
        <ele>1670.723794</ele>
        <time>2026-08-21T09:31:18.398Z</time>
      </trkpt>
      <trkpt lat="46.550709" lon="11.967476">
        <ele>1672.768623</ele>
        <time>2026-08-21T09:31:28.472Z</time>
      </trkpt>
      <trkpt lat="46.550585" lon="11.967459">
        <ele>1673.676455</ele>
        <time>2026-08-21T09:31:33.255Z</time>
      </trkpt>
      <trkpt lat="46.549417" lon="11.967498">
        <ele>1684.163760</ele>
        <time>2026-08-21T09:32:27.023Z</time>
      </trkpt>
      <trkpt lat="46.549317" lon="11.967464">
        <ele>1685.110173</ele>
        <time>2026-08-21T09:32:31.942Z</time>
      </trkpt>
      <trkpt lat="46.549140" lon="11.967322">
        <ele>1686.973129</ele>
        <time>2026-08-21T09:32:41.030Z</time>
      </trkpt>
      <trkpt lat="46.548894" lon="11.966882">
        <ele>1690.567011</ele>
        <time>2026-08-21T09:32:55.788Z</time>
      </trkpt>
      <trkpt lat="46.548779" lon="11.966824">
        <ele>1691.524115</ele>
        <time>2026-08-21T09:32:59.703Z</time>
      </trkpt>
      <trkpt lat="46.548699" lon="11.966869">
        <ele>1691.972290</ele>
        <time>2026-08-21T09:33:02.333Z</time>
      </trkpt>
      <trkpt lat="46.548661" lon="11.967003">
        <ele>1692.493124</ele>
        <time>2026-08-21T09:33:05.306Z</time>
      </trkpt>
      <trkpt lat="46.548697" lon="11.967155">
        <ele>1693.070791</ele>
        <time>2026-08-21T09:33:08.493Z</time>
      </trkpt>
      <trkpt lat="46.549041" lon="11.967472">
        <ele>1695.198694</ele>
        <time>2026-08-21T09:33:19.242Z</time>
      </trkpt>
      <trkpt lat="46.549265" lon="11.967756">
        <ele>1696.751489</ele>
        <time>2026-08-21T09:33:26.473Z</time>
      </trkpt>
      <trkpt lat="46.549393" lon="11.967872">
        <ele>1697.539530</ele>
        <time>2026-08-21T09:33:29.996Z</time>
      </trkpt>
      <trkpt lat="46.549781" lon="11.968128">
        <ele>1699.765712</ele>
        <time>2026-08-21T09:33:39.765Z</time>
      </trkpt>
      <trkpt lat="46.549868" lon="11.968242">
        <ele>1700.377614</ele>
        <time>2026-08-21T09:33:42.981Z</time>
      </trkpt>
      <trkpt lat="46.549978" lon="11.968464">
        <ele>1701.720695</ele>
        <time>2026-08-21T09:33:48.646Z</time>
      </trkpt>
      <trkpt lat="46.550357" lon="11.969839">
        <ele>1709.970026</ele>
        <time>2026-08-21T09:34:28.709Z</time>
      </trkpt>
      <trkpt lat="46.550464" lon="11.970367">
        <ele>1713.035381</ele>
        <time>2026-08-21T09:34:45.293Z</time>
      </trkpt>
      <trkpt lat="46.550479" lon="11.970520">
        <ele>1713.896028</ele>
        <time>2026-08-21T09:34:49.853Z</time>
      </trkpt>
      <trkpt lat="46.550463" lon="11.970824">
        <ele>1715.553998</ele>
        <time>2026-08-21T09:34:58.481Z</time>
      </trkpt>
      <trkpt lat="46.550288" lon="11.971475">
        <ele>1718.965479</ele>
        <time>2026-08-21T09:35:16.533Z</time>
      </trkpt>
      <trkpt lat="46.550276" lon="11.971620">
        <ele>1719.678296</ele>
        <time>2026-08-21T09:35:20.094Z</time>
      </trkpt>
      <trkpt lat="46.550290" lon="11.971939">
        <ele>1721.238426</ele>
        <time>2026-08-21T09:35:27.789Z</time>
      </trkpt>
      <trkpt lat="46.550370" lon="11.972474">
        <ele>1723.910644</ele>
        <time>2026-08-21T09:35:40.140Z</time>
      </trkpt>
      <trkpt lat="46.550460" lon="11.972794">
        <ele>1725.598046</ele>
        <time>2026-08-21T09:35:47.357Z</time>
      </trkpt>
      <trkpt lat="46.550781" lon="11.973456">
        <ele>1729.623680</ele>
        <time>2026-08-21T09:36:04.363Z</time>
      </trkpt>
      <trkpt lat="46.550869" lon="11.973622">
        <ele>1730.695389</ele>
        <time>2026-08-21T09:36:08.918Z</time>
      </trkpt>
      <trkpt lat="46.551031" lon="11.973811">
        <ele>1732.239650</ele>
        <time>2026-08-21T09:36:15.690Z</time>
      </trkpt>
      <trkpt lat="46.551291" lon="11.974003">
        <ele>1734.407794</ele>
        <time>2026-08-21T09:36:25.834Z</time>
      </trkpt>
      <trkpt lat="46.551479" lon="11.974188">
        <ele>1736.095596</ele>
        <time>2026-08-21T09:36:34.073Z</time>
      </trkpt>
      <trkpt lat="46.551646" lon="11.974644">
        <ele>1738.737214</ele>
        <time>2026-08-21T09:36:47.266Z</time>
      </trkpt>
      <trkpt lat="46.551765" lon="11.974877">
        <ele>1740.221194</ele>
        <time>2026-08-21T09:36:55.065Z</time>
      </trkpt>
      <trkpt lat="46.552262" lon="11.975438">
        <ele>1746.155797</ele>
        <time>2026-08-21T09:37:21.023Z</time>
      </trkpt>
      <trkpt lat="46.552722" lon="11.976159">
        <ele>1752.995261</ele>
        <time>2026-08-21T09:37:50.948Z</time>
      </trkpt>
      <trkpt lat="46.552931" lon="11.976424">
        <ele>1755.799354</ele>
        <time>2026-08-21T09:38:04.088Z</time>
      </trkpt>
      <trkpt lat="46.554020" lon="11.977664">
        <ele>1769.663910</ele>
        <time>2026-08-21T09:39:10.189Z</time>
      </trkpt>
      <trkpt lat="46.554071" lon="11.977737">
        <ele>1770.378886</ele>
        <time>2026-08-21T09:39:13.264Z</time>
      </trkpt>
      <trkpt lat="46.554108" lon="11.977901">
        <ele>1771.564751</ele>
        <time>2026-08-21T09:39:18.342Z</time>
      </trkpt>
      <trkpt lat="46.554069" lon="11.978037">
        <ele>1772.577138</ele>
        <time>2026-08-21T09:39:22.584Z</time>
      </trkpt>
      <trkpt lat="46.554021" lon="11.978081">
        <ele>1773.144040</ele>
        <time>2026-08-21T09:39:24.921Z</time>
      </trkpt>
      <trkpt lat="46.553908" lon="11.978068">
        <ele>1774.276561</ele>
        <time>2026-08-21T09:39:29.529Z</time>
      </trkpt>
      <trkpt lat="46.553852" lon="11.978009">
        <ele>1774.967475</ele>
        <time>2026-08-21T09:39:32.281Z</time>
      </trkpt>
      <trkpt lat="46.553624" lon="11.977600">
        <ele>1778.281373</ele>
        <time>2026-08-21T09:39:46.421Z</time>
      </trkpt>
      <trkpt lat="46.553476" lon="11.977457">
        <ele>1779.526720</ele>
        <time>2026-08-21T09:39:52.937Z</time>
      </trkpt>
      <trkpt lat="46.553412" lon="11.977439">
        <ele>1779.983574</ele>
        <time>2026-08-21T09:39:55.156Z</time>
      </trkpt>
      <trkpt lat="46.553246" lon="11.977446">
        <ele>1781.147470</ele>
        <time>2026-08-21T09:40:00.726Z</time>
      </trkpt>
      <trkpt lat="46.552888" lon="11.977683">
        <ele>1783.904274</ele>
        <time>2026-08-21T09:40:13.210Z</time>
      </trkpt>
      <trkpt lat="46.552726" lon="11.977672">
        <ele>1785.040884</ele>
        <time>2026-08-21T09:40:18.293Z</time>
      </trkpt>
      <trkpt lat="46.552604" lon="11.977576">
        <ele>1786.013077</ele>
        <time>2026-08-21T09:40:22.692Z</time>
      </trkpt>
      <trkpt lat="46.552021" lon="11.976759">
        <ele>1791.835900</ele>
        <time>2026-08-21T09:40:50.388Z</time>
      </trkpt>
      <trkpt lat="46.551891" lon="11.976680">
        <ele>1792.920110</ele>
        <time>2026-08-21T09:40:55.351Z</time>
      </trkpt>
      <trkpt lat="46.551795" lon="11.976739">
        <ele>1793.722114</ele>
        <time>2026-08-21T09:40:58.978Z</time>
      </trkpt>
      <trkpt lat="46.551761" lon="11.976807">
        <ele>1794.167026</ele>
        <time>2026-08-21T09:41:00.990Z</time>
      </trkpt>
      <trkpt lat="46.551783" lon="11.976984">
        <ele>1795.118875</ele>
        <time>2026-08-21T09:41:05.280Z</time>
      </trkpt>
      <trkpt lat="46.552036" lon="11.977329">
        <ele>1797.787870</ele>
        <time>2026-08-21T09:41:18.056Z</time>
      </trkpt>
      <trkpt lat="46.552333" lon="11.977933">
        <ele>1801.717206</ele>
        <time>2026-08-21T09:41:38.304Z</time>
      </trkpt>
      <trkpt lat="46.552396" lon="11.978009">
        <ele>1802.347107</ele>
        <time>2026-08-21T09:41:41.667Z</time>
      </trkpt>
      <trkpt lat="46.552781" lon="11.978283">
        <ele>1804.961948</ele>
        <time>2026-08-21T09:41:58.625Z</time>
      </trkpt>
      <trkpt lat="46.552829" lon="11.978352">
        <ele>1805.263621</ele>
        <time>2026-08-21T09:42:00.936Z</time>
      </trkpt>
      <trkpt lat="46.552856" lon="11.978511">
        <ele>1805.767013</ele>
        <time>2026-08-21T09:42:04.598Z</time>
      </trkpt>
      <trkpt lat="46.552839" lon="11.978592">
        <ele>1806.027316</ele>
        <time>2026-08-21T09:42:06.393Z</time>
      </trkpt>
      <trkpt lat="46.552776" lon="11.978675">
        <ele>1806.407280</ele>
        <time>2026-08-21T09:42:08.917Z</time>
      </trkpt>
      <trkpt lat="46.552692" lon="11.978701">
        <ele>1806.791136</ele>
        <time>2026-08-21T09:42:11.260Z</time>
      </trkpt>
      <trkpt lat="46.552346" lon="11.978647">
        <ele>1808.346493</ele>
        <time>2026-08-21T09:42:19.555Z</time>
      </trkpt>
      <trkpt lat="46.552219" lon="11.978568">
        <ele>1808.963886</ele>
        <time>2026-08-21T09:42:22.199Z</time>
      </trkpt>
      <trkpt lat="46.552101" lon="11.978405">
        <ele>1809.691331</ele>
        <time>2026-08-21T09:42:25.009Z</time>
      </trkpt>
      <trkpt lat="46.551963" lon="11.977985">
        <ele>1811.122072</ele>
        <time>2026-08-21T09:42:30.083Z</time>
      </trkpt>
      <trkpt lat="46.551901" lon="11.977885">
        <ele>1811.535919</ele>
        <time>2026-08-21T09:42:31.574Z</time>
      </trkpt>
      <trkpt lat="46.551512" lon="11.977467">
        <ele>1815.649165</ele>
        <time>2026-08-21T09:42:42.135Z</time>
      </trkpt>
      <trkpt lat="46.551294" lon="11.977324">
        <ele>1817.986942</ele>
        <time>2026-08-21T09:42:49.513Z</time>
      </trkpt>
      <trkpt lat="46.551158" lon="11.977278">
        <ele>1819.351854</ele>
        <time>2026-08-21T09:42:54.981Z</time>
      </trkpt>
      <trkpt lat="46.550900" lon="11.977259">
        <ele>1821.877077</ele>
        <time>2026-08-21T09:43:07.672Z</time>
      </trkpt>
      <trkpt lat="46.550620" lon="11.977351">
        <ele>1824.683127</ele>
        <time>2026-08-21T09:43:24.281Z</time>
      </trkpt>
      <trkpt lat="46.550334" lon="11.977555">
        <ele>1827.797069</ele>
        <time>2026-08-21T09:43:42.495Z</time>
      </trkpt>
      <trkpt lat="46.550024" lon="11.977834">
        <ele>1831.912156</ele>
        <time>2026-08-21T09:44:04.405Z</time>
      </trkpt>
      <trkpt lat="46.549815" lon="11.977888">
        <ele>1834.650356</ele>
        <time>2026-08-21T09:44:17.277Z</time>
      </trkpt>
      <trkpt lat="46.549653" lon="11.977828">
        <ele>1836.806779</ele>
        <time>2026-08-21T09:44:27.106Z</time>
      </trkpt>
      <trkpt lat="46.549444" lon="11.977664">
        <ele>1839.870265</ele>
        <time>2026-08-21T09:44:40.734Z</time>
      </trkpt>
      <trkpt lat="46.549276" lon="11.977462">
        <ele>1842.682304</ele>
        <time>2026-08-21T09:44:53.019Z</time>
      </trkpt>
      <trkpt lat="46.549149" lon="11.977241">
        <ele>1845.237213</ele>
        <time>2026-08-21T09:45:03.255Z</time>
      </trkpt>
      <trkpt lat="46.548979" lon="11.977081">
        <ele>1847.849400</ele>
        <time>2026-08-21T09:45:12.715Z</time>
      </trkpt>
      <trkpt lat="46.548894" lon="11.977035">
        <ele>1849.019327</ele>
        <time>2026-08-21T09:45:16.682Z</time>
      </trkpt>
      <trkpt lat="46.548471" lon="11.976943">
        <ele>1853.995014</ele>
        <time>2026-08-21T09:45:36.277Z</time>
      </trkpt>
      <trkpt lat="46.548278" lon="11.976840">
        <ele>1855.801908</ele>
        <time>2026-08-21T09:45:46.587Z</time>
      </trkpt>
      <trkpt lat="46.547796" lon="11.976270">
        <ele>1861.262327</ele>
        <time>2026-08-21T09:46:14.887Z</time>
      </trkpt>
      <trkpt lat="46.547694" lon="11.976064">
        <ele>1862.796636</ele>
        <time>2026-08-21T09:46:21.987Z</time>
      </trkpt>
      <trkpt lat="46.547666" lon="11.975867">
        <ele>1864.012574</ele>
        <time>2026-08-21T09:46:27.268Z</time>
      </trkpt>
      <trkpt lat="46.547662" lon="11.975526">
        <ele>1866.074063</ele>
        <time>2026-08-21T09:46:35.240Z</time>
      </trkpt>
      <trkpt lat="46.547602" lon="11.975208">
        <ele>1868.067251</ele>
        <time>2026-08-21T09:46:42.243Z</time>
      </trkpt>
      <trkpt lat="46.547273" lon="11.974116">
        <ele>1872.923450</ele>
        <time>2026-08-21T09:47:03.927Z</time>
      </trkpt>
      <trkpt lat="46.547156" lon="11.973952">
        <ele>1873.845354</ele>
        <time>2026-08-21T09:47:08.114Z</time>
      </trkpt>
      <trkpt lat="46.547002" lon="11.973867">
        <ele>1874.779781</ele>
        <time>2026-08-21T09:47:12.661Z</time>
      </trkpt>
      <trkpt lat="46.546728" lon="11.973810">
        <ele>1876.349940</ele>
        <time>2026-08-21T09:47:20.961Z</time>
      </trkpt>
      <trkpt lat="46.546312" lon="11.973568">
        <ele>1878.898827</ele>
        <time>2026-08-21T09:47:36.038Z</time>
      </trkpt>
      <trkpt lat="46.546074" lon="11.973472">
        <ele>1880.532621</ele>
        <time>2026-08-21T09:47:45.156Z</time>
      </trkpt>
      <trkpt lat="46.545868" lon="11.973468">
        <ele>1881.895402</ele>
        <time>2026-08-21T09:47:53.073Z</time>
      </trkpt>
      <trkpt lat="46.545038" lon="11.973638">
        <ele>1887.439938</ele>
        <time>2026-08-21T09:48:20.689Z</time>
      </trkpt>
      <trkpt lat="46.544806" lon="11.973615">
        <ele>1888.978147</ele>
        <time>2026-08-21T09:48:28.296Z</time>
      </trkpt>
      <trkpt lat="46.544577" lon="11.973521">
        <ele>1890.552161</ele>
        <time>2026-08-21T09:48:35.723Z</time>
      </trkpt>
      <trkpt lat="46.543722" lon="11.973180">
        <ele>1896.958839</ele>
        <time>2026-08-21T09:49:02.105Z</time>
      </trkpt>
      <trkpt lat="46.543561" lon="11.973181">
        <ele>1898.125645</ele>
        <time>2026-08-21T09:49:07.095Z</time>
      </trkpt>
      <trkpt lat="46.543401" lon="11.973322">
        <ele>1899.481568</ele>
        <time>2026-08-21T09:49:13.697Z</time>
      </trkpt>
      <trkpt lat="46.543308" lon="11.973573">
        <ele>1900.902703</ele>
        <time>2026-08-21T09:49:21.065Z</time>
      </trkpt>
      <trkpt lat="46.543164" lon="11.974180">
        <ele>1904.293687</ele>
        <time>2026-08-21T09:49:39.330Z</time>
      </trkpt>
      <trkpt lat="46.543076" lon="11.974407">
        <ele>1906.360724</ele>
        <time>2026-08-21T09:49:47.580Z</time>
      </trkpt>
      <trkpt lat="46.542912" lon="11.974728">
        <ele>1909.532740</ele>
        <time>2026-08-21T09:50:01.093Z</time>
      </trkpt>
      <trkpt lat="46.542789" lon="11.975147">
        <ele>1913.146608</ele>
        <time>2026-08-21T09:50:17.822Z</time>
      </trkpt>
      <trkpt lat="46.542765" lon="11.975550">
        <ele>1916.355451</ele>
        <time>2026-08-21T09:50:32.724Z</time>
      </trkpt>
      <trkpt lat="46.542796" lon="11.976071">
        <ele>1920.503828</ele>
        <time>2026-08-21T09:50:51.245Z</time>
      </trkpt>
      <trkpt lat="46.542786" lon="11.976589">
        <ele>1924.603415</ele>
        <time>2026-08-21T09:51:09.047Z</time>
      </trkpt>
      <trkpt lat="46.542681" lon="11.977019">
        <ele>1927.768669</ele>
        <time>2026-08-21T09:51:24.109Z</time>
      </trkpt>
      <trkpt lat="46.541721" lon="11.979104">
        <ele>1945.463902</ele>
        <time>2026-08-21T09:52:36.940Z</time>
      </trkpt>
      <trkpt lat="46.541598" lon="11.979423">
        <ele>1948.294353</ele>
        <time>2026-08-21T09:52:48.933Z</time>
      </trkpt>
      <trkpt lat="46.541500" lon="11.979817">
        <ele>1951.537078</ele>
        <time>2026-08-21T09:53:03.058Z</time>
      </trkpt>
      <trkpt lat="46.541342" lon="11.980897">
        <ele>1960.083017</ele>
        <time>2026-08-21T09:53:41.342Z</time>
      </trkpt>
      <trkpt lat="46.541186" lon="11.981540">
        <ele>1965.423605</ele>
        <time>2026-08-21T09:54:04.888Z</time>
      </trkpt>
      <trkpt lat="46.541118" lon="11.981731">
        <ele>1967.131169</ele>
        <time>2026-08-21T09:54:12.217Z</time>
      </trkpt>
      <trkpt lat="46.541023" lon="11.981956">
        <ele>1969.227304</ele>
        <time>2026-08-21T09:54:21.175Z</time>
      </trkpt>
      <trkpt lat="46.540786" lon="11.982367">
        <ele>1973.485522</ele>
        <time>2026-08-21T09:54:38.977Z</time>
      </trkpt>
      <trkpt lat="46.540365" lon="11.982933">
        <ele>1980.104469</ele>
        <time>2026-08-21T09:55:06.804Z</time>
      </trkpt>
      <trkpt lat="46.539525" lon="11.984097">
        <ele>1992.669768</ele>
        <time>2026-08-21T09:56:04.000Z</time>
      </trkpt>
      <trkpt lat="46.539360" lon="11.984297">
        <ele>1994.940262</ele>
        <time>2026-08-21T09:56:13.754Z</time>
      </trkpt>
      <trkpt lat="46.539204" lon="11.984424">
        <ele>1996.829925</ele>
        <time>2026-08-21T09:56:21.700Z</time>
      </trkpt>
      <trkpt lat="46.538868" lon="11.984586">
        <ele>2000.571284</ele>
        <time>2026-08-21T09:56:36.836Z</time>
      </trkpt>
      <trkpt lat="46.537545" lon="11.984756">
        <ele>2014.542005</ele>
        <time>2026-08-21T09:57:30.909Z</time>
      </trkpt>
      <trkpt lat="46.537025" lon="11.984873">
        <ele>2020.072299</ele>
        <time>2026-08-21T09:57:57.218Z</time>
      </trkpt>
      <trkpt lat="46.536706" lon="11.985043">
        <ele>2024.015530</ele>
        <time>2026-08-21T09:58:16.575Z</time>
      </trkpt>
      <trkpt lat="46.536230" lon="11.985412">
        <ele>2030.708378</ele>
        <time>2026-08-21T09:58:48.339Z</time>
      </trkpt>
      <trkpt lat="46.535959" lon="11.985505">
        <ele>2034.163032</ele>
        <time>2026-08-21T09:59:03.694Z</time>
      </trkpt>
      <trkpt lat="46.535772" lon="11.985460">
        <ele>2036.514675</ele>
        <time>2026-08-21T09:59:13.441Z</time>
      </trkpt>
      <trkpt lat="46.535594" lon="11.985271">
        <ele>2039.249450</ele>
        <time>2026-08-21T09:59:24.632Z</time>
      </trkpt>
      <trkpt lat="46.535529" lon="11.985139">
        <ele>2040.634920</ele>
        <time>2026-08-21T09:59:30.106Z</time>
      </trkpt>
      <trkpt lat="46.535373" lon="11.984616">
        <ele>2045.009651</ele>
        <time>2026-08-21T09:59:47.648Z</time>
      </trkpt>
      <trkpt lat="46.535297" lon="11.984435">
        <ele>2046.266340</ele>
        <time>2026-08-21T09:59:53.527Z</time>
      </trkpt>
      <trkpt lat="46.535203" lon="11.984273">
        <ele>2047.522322</ele>
        <time>2026-08-21T09:59:59.075Z</time>
      </trkpt>
      <trkpt lat="46.534984" lon="11.984015">
        <ele>2049.950762</ele>
        <time>2026-08-21T10:00:09.699Z</time>
      </trkpt>
      <trkpt lat="46.534436" lon="11.983592">
        <ele>2055.296033</ele>
        <time>2026-08-21T10:00:32.335Z</time>
      </trkpt>
      <trkpt lat="46.534190" lon="11.983579">
        <ele>2057.416706</ele>
        <time>2026-08-21T10:00:41.699Z</time>
      </trkpt>
      <trkpt lat="46.534105" lon="11.983639">
        <ele>2058.230744</ele>
        <time>2026-08-21T10:00:45.556Z</time>
      </trkpt>
      <trkpt lat="46.534061" lon="11.983731">
        <ele>2058.894792</ele>
        <time>2026-08-21T10:00:48.469Z</time>
      </trkpt>
      <trkpt lat="46.534059" lon="11.983849">
        <ele>2059.628587</ele>
        <time>2026-08-21T10:00:51.888Z</time>
      </trkpt>
      <trkpt lat="46.534140" lon="11.984096">
        <ele>2061.522888</ele>
        <time>2026-08-21T10:00:59.412Z</time>
      </trkpt>
      <trkpt lat="46.534271" lon="11.984290">
        <ele>2063.404823</ele>
        <time>2026-08-21T10:01:06.861Z</time>
      </trkpt>
      <trkpt lat="46.534578" lon="11.984737">
        <ele>2067.777558</ele>
        <time>2026-08-21T10:01:25.454Z</time>
      </trkpt>
      <trkpt lat="46.534675" lon="11.985054">
        <ele>2070.179397</ele>
        <time>2026-08-21T10:01:35.952Z</time>
      </trkpt>
      <trkpt lat="46.534694" lon="11.985405">
        <ele>2072.616808</ele>
        <time>2026-08-21T10:01:45.995Z</time>
      </trkpt>
      <trkpt lat="46.534624" lon="11.986809">
        <ele>2082.868909</ele>
        <time>2026-08-21T10:02:35.179Z</time>
      </trkpt>
      <trkpt lat="46.534696" lon="11.987361">
        <ele>2087.163228</ele>
        <time>2026-08-21T10:02:54.651Z</time>
      </trkpt>
      <trkpt lat="46.534668" lon="11.987594">
        <ele>2088.971104</ele>
        <time>2026-08-21T10:03:02.434Z</time>
      </trkpt>
      <trkpt lat="46.534614" lon="11.987681">
        <ele>2089.866748</ele>
        <time>2026-08-21T10:03:06.181Z</time>
      </trkpt>
      <trkpt lat="46.534538" lon="11.987726">
        <ele>2090.778541</ele>
        <time>2026-08-21T10:03:09.979Z</time>
      </trkpt>
      <trkpt lat="46.534455" lon="11.987718">
        <ele>2091.702773</ele>
        <time>2026-08-21T10:03:13.773Z</time>
      </trkpt>
      <trkpt lat="46.534388" lon="11.987654">
        <ele>2092.593545</ele>
        <time>2026-08-21T10:03:17.402Z</time>
      </trkpt>
      <trkpt lat="46.534339" lon="11.987547">
        <ele>2093.576033</ele>
        <time>2026-08-21T10:03:21.354Z</time>
      </trkpt>
      <trkpt lat="46.534196" lon="11.986946">
        <ele>2098.306872</ele>
        <time>2026-08-21T10:03:41.131Z</time>
      </trkpt>
      <trkpt lat="46.534133" lon="11.986803">
        <ele>2099.429417</ele>
        <time>2026-08-21T10:03:46.253Z</time>
      </trkpt>
      <trkpt lat="46.533970" lon="11.986588">
        <ele>2101.544462</ele>
        <time>2026-08-21T10:03:55.448Z</time>
      </trkpt>
      <trkpt lat="46.533693" lon="11.986395">
        <ele>2104.496244</ele>
        <time>2026-08-21T10:04:08.106Z</time>
      </trkpt>
      <trkpt lat="46.533518" lon="11.986327">
        <ele>2106.236938</ele>
        <time>2026-08-21T10:04:15.699Z</time>
      </trkpt>
      <trkpt lat="46.533441" lon="11.986341">
        <ele>2106.982630</ele>
        <time>2026-08-21T10:04:19.004Z</time>
      </trkpt>
      <trkpt lat="46.533379" lon="11.986399">
        <ele>2107.691126</ele>
        <time>2026-08-21T10:04:22.130Z</time>
      </trkpt>
      <trkpt lat="46.533354" lon="11.986481">
        <ele>2108.284047</ele>
        <time>2026-08-21T10:04:24.852Z</time>
      </trkpt>
      <trkpt lat="46.533407" lon="11.986683">
        <ele>2109.713222</ele>
        <time>2026-08-21T10:04:31.299Z</time>
      </trkpt>
      <trkpt lat="46.533651" lon="11.987158">
        <ele>2113.632084</ele>
        <time>2026-08-21T10:04:49.038Z</time>
      </trkpt>
      <trkpt lat="46.533782" lon="11.988125">
        <ele>2120.497597</ele>
        <time>2026-08-21T10:05:16.434Z</time>
      </trkpt>
      <trkpt lat="46.533834" lon="11.988318">
        <ele>2121.956892</ele>
        <time>2026-08-21T10:05:23.158Z</time>
      </trkpt>
      <trkpt lat="46.533892" lon="11.988446">
        <ele>2123.035988</ele>
        <time>2026-08-21T10:05:28.730Z</time>
      </trkpt>
      <trkpt lat="46.534304" lon="11.989061">
        <ele>2129.079677</ele>
        <time>2026-08-21T10:05:58.886Z</time>
      </trkpt>
      <trkpt lat="46.534351" lon="11.989167">
        <ele>2129.967537</ele>
        <time>2026-08-21T10:06:02.625Z</time>
      </trkpt>
      <trkpt lat="46.534373" lon="11.989407">
        <ele>2131.672148</ele>
        <time>2026-08-21T10:06:09.453Z</time>
      </trkpt>
      <trkpt lat="46.534349" lon="11.989512">
        <ele>2132.451119</ele>
        <time>2026-08-21T10:06:12.560Z</time>
      </trkpt>
      <trkpt lat="46.534297" lon="11.989589">
        <ele>2133.206692</ele>
        <time>2026-08-21T10:06:15.318Z</time>
      </trkpt>
      <trkpt lat="46.534176" lon="11.989678">
        <ele>2134.463904</ele>
        <time>2026-08-21T10:06:20.438Z</time>
      </trkpt>
      <trkpt lat="46.534079" lon="11.989694">
        <ele>2135.368955</ele>
        <time>2026-08-21T10:06:24.223Z</time>
      </trkpt>
      <trkpt lat="46.533982" lon="11.989629">
        <ele>2136.359186</ele>
        <time>2026-08-21T10:06:28.276Z</time>
      </trkpt>
      <trkpt lat="46.533891" lon="11.989504">
        <ele>2137.519920</ele>
        <time>2026-08-21T10:06:33.039Z</time>
      </trkpt>
      <trkpt lat="46.533806" lon="11.989173">
        <ele>2139.773231</ele>
        <time>2026-08-21T10:06:43.354Z</time>
      </trkpt>
      <trkpt lat="46.533695" lon="11.988905">
        <ele>2141.768341</ele>
        <time>2026-08-21T10:06:54.193Z</time>
      </trkpt>
      <trkpt lat="46.533423" lon="11.988668">
        <ele>2144.708351</ele>
        <time>2026-08-21T10:07:08.970Z</time>
      </trkpt>
      <trkpt lat="46.533258" lon="11.988619">
        <ele>2146.269651</ele>
        <time>2026-08-21T10:07:14.858Z</time>
      </trkpt>
      <trkpt lat="46.533091" lon="11.988649">
        <ele>2147.829674</ele>
        <time>2026-08-21T10:07:20.607Z</time>
      </trkpt>
      <trkpt lat="46.532901" lon="11.988753">
        <ele>2149.711897</ele>
        <time>2026-08-21T10:07:28.170Z</time>
      </trkpt>
      <trkpt lat="46.532620" lon="11.988963">
        <ele>2151.840002</ele>
        <time>2026-08-21T10:07:40.530Z</time>
      </trkpt>
      <trkpt lat="46.532511" lon="11.989022">
        <ele>2152.609648</ele>
        <time>2026-08-21T10:07:45.023Z</time>
      </trkpt>
      <trkpt lat="46.532238" lon="11.989008">
        <ele>2154.417239</ele>
        <time>2026-08-21T10:07:56.080Z</time>
      </trkpt>
      <trkpt lat="46.531892" lon="11.988838">
        <ele>2156.834007</ele>
        <time>2026-08-21T10:08:10.036Z</time>
      </trkpt>
      <trkpt lat="46.531790" lon="11.988842">
        <ele>2157.509197</ele>
        <time>2026-08-21T10:08:13.377Z</time>
      </trkpt>
      <trkpt lat="46.531677" lon="11.988884">
        <ele>2158.280986</ele>
        <time>2026-08-21T10:08:16.915Z</time>
      </trkpt>
      <trkpt lat="46.531070" lon="11.989493">
        <ele>2162.624620</ele>
        <time>2026-08-21T10:08:33.763Z</time>
      </trkpt>
      <trkpt lat="46.530865" lon="11.989532">
        <ele>2163.474504</ele>
        <time>2026-08-21T10:08:38.632Z</time>
      </trkpt>
      <trkpt lat="46.530513" lon="11.989462">
        <ele>2164.934956</ele>
        <time>2026-08-21T10:08:47.662Z</time>
      </trkpt>
      <trkpt lat="46.530251" lon="11.989452">
        <ele>2166.012336</ele>
        <time>2026-08-21T10:08:54.624Z</time>
      </trkpt>
      <trkpt lat="46.529710" lon="11.989673">
        <ele>2168.322391</ele>
        <time>2026-08-21T10:09:08.703Z</time>
      </trkpt>
      <trkpt lat="46.529320" lon="11.989757">
        <ele>2169.753995</ele>
        <time>2026-08-21T10:09:18.530Z</time>
      </trkpt>
      <trkpt lat="46.529020" lon="11.989922">
        <ele>2170.762902</ele>
        <time>2026-08-21T10:09:26.755Z</time>
      </trkpt>
      <trkpt lat="46.528871" lon="11.990051">
        <ele>2171.308401</ele>
        <time>2026-08-21T10:09:31.315Z</time>
      </trkpt>
      <trkpt lat="46.528700" lon="11.990314">
        <ele>2172.091472</ele>
        <time>2026-08-21T10:09:37.125Z</time>
      </trkpt>
      <trkpt lat="46.528222" lon="11.991263">
        <ele>2174.636644</ele>
        <time>2026-08-21T10:09:52.285Z</time>
      </trkpt>
      <trkpt lat="46.527952" lon="11.991830">
        <ele>2175.648073</ele>
        <time>2026-08-21T10:10:01.244Z</time>
      </trkpt>
      <trkpt lat="46.527899" lon="11.991938">
        <ele>2175.831647</ele>
        <time>2026-08-21T10:10:02.943Z</time>
      </trkpt>
      <trkpt lat="46.527779" lon="11.992173">
        <ele>2176.236624</ele>
        <time>2026-08-21T10:10:06.427Z</time>
      </trkpt>
      <trkpt lat="46.527400" lon="11.992961">
        <ele>2177.567102</ele>
        <time>2026-08-21T10:10:16.729Z</time>
      </trkpt>
      <trkpt lat="46.525778" lon="11.996360">
        <ele>2183.275782</ele>
        <time>2026-08-21T10:11:18.299Z</time>
      </trkpt>
      <trkpt lat="46.525457" lon="11.996885">
        <ele>2182.932675</ele>
        <time>2026-08-21T10:11:24.065Z</time>
      </trkpt>
      <trkpt lat="46.525381" lon="11.996985">
        <ele>2182.859886</ele>
        <time>2026-08-21T10:11:25.012Z</time>
      </trkpt>
      <trkpt lat="46.525018" lon="11.997521">
        <ele>2182.492474</ele>
        <time>2026-08-21T10:11:29.143Z</time>
      </trkpt>
      <trkpt lat="46.524785" lon="11.997867">
        <ele>2179.949334</ele>
        <time>2026-08-21T10:11:31.573Z</time>
      </trkpt>
      <trkpt lat="46.524590" lon="11.998089">
        <ele>2177.613298</ele>
        <time>2026-08-21T10:11:33.313Z</time>
      </trkpt>
      <trkpt lat="46.524138" lon="11.998511">
        <ele>2172.546816</ele>
        <time>2026-08-21T10:11:37.010Z</time>
      </trkpt>
      <trkpt lat="46.524003" lon="11.998689">
        <ele>2170.827797</ele>
        <time>2026-08-21T10:11:38.264Z</time>
      </trkpt>
      <trkpt lat="46.523582" lon="11.999458">
        <ele>2163.968870</ele>
        <time>2026-08-21T10:11:42.867Z</time>
      </trkpt>
      <trkpt lat="46.523092" lon="12.000567">
        <ele>2151.413859</ele>
        <time>2026-08-21T10:11:48.911Z</time>
      </trkpt>
      <trkpt lat="46.522996" lon="12.000785">
        <ele>2148.948266</ele>
        <time>2026-08-21T10:11:50.091Z</time>
      </trkpt>
      <trkpt lat="46.522590" lon="12.001787">
        <ele>2138.528719</ele>
        <time>2026-08-21T10:11:55.419Z</time>
      </trkpt>
      <trkpt lat="46.522486" lon="12.002372">
        <ele>2134.170819</ele>
        <time>2026-08-21T10:11:58.208Z</time>
      </trkpt>
      <trkpt lat="46.522476" lon="12.002835">
        <ele>2130.829760</ele>
        <time>2026-08-21T10:12:00.370Z</time>
      </trkpt>
      <trkpt lat="46.522441" lon="12.003106">
        <ele>2128.841022</ele>
        <time>2026-08-21T10:12:01.675Z</time>
      </trkpt>
      <trkpt lat="46.522234" lon="12.003741">
        <ele>2123.773037</ele>
        <time>2026-08-21T10:12:05.107Z</time>
      </trkpt>
      <trkpt lat="46.522087" lon="12.004404">
        <ele>2120.112977</ele>
        <time>2026-08-21T10:12:08.609Z</time>
      </trkpt>
      <trkpt lat="46.522058" lon="12.004679">
        <ele>2119.025983</ele>
        <time>2026-08-21T10:12:10.009Z</time>
      </trkpt>
      <trkpt lat="46.521970" lon="12.005280">
        <ele>2116.625245</ele>
        <time>2026-08-21T10:12:13.119Z</time>
      </trkpt>
      <trkpt lat="46.521775" lon="12.005714">
        <ele>2114.600061</ele>
        <time>2026-08-21T10:12:15.818Z</time>
      </trkpt>
      <trkpt lat="46.520878" lon="12.007296">
        <ele>2107.056184</ele>
        <time>2026-08-21T10:12:26.435Z</time>
      </trkpt>
      <trkpt lat="46.520711" lon="12.007539">
        <ele>2105.841202</ele>
        <time>2026-08-21T10:12:28.194Z</time>
      </trkpt>
      <trkpt lat="46.520510" lon="12.007708">
        <ele>2104.647321</ele>
        <time>2026-08-21T10:12:29.918Z</time>
      </trkpt>
      <trkpt lat="46.520298" lon="12.007789">
        <ele>2103.520333</ele>
        <time>2026-08-21T10:12:31.565Z</time>
      </trkpt>
      <trkpt lat="46.519994" lon="12.007846">
        <ele>2101.927050</ele>
        <time>2026-08-21T10:12:33.865Z</time>
      </trkpt>
      <trkpt lat="46.519733" lon="12.007892">
        <ele>2100.501988</ele>
        <time>2026-08-21T10:12:35.866Z</time>
      </trkpt>
      <trkpt lat="46.519158" lon="12.008030">
        <ele>2097.343104</ele>
        <time>2026-08-21T10:12:40.292Z</time>
      </trkpt>
      <trkpt lat="46.519089" lon="12.008090">
        <ele>2096.907264</ele>
        <time>2026-08-21T10:12:40.885Z</time>
      </trkpt>
      <trkpt lat="46.518957" lon="12.008327">
        <ele>2095.770034</ele>
        <time>2026-08-21T10:12:42.435Z</time>
      </trkpt>
      <trkpt lat="46.518754" lon="12.008698">
        <ele>2094.002134</ele>
        <time>2026-08-21T10:12:44.844Z</time>
      </trkpt>
      <trkpt lat="46.518749" lon="12.008222">
        <ele>2092.123260</ele>
        <time>2026-08-21T10:12:47.245Z</time>
      </trkpt>
      <trkpt lat="46.518802" lon="12.007664">
        <ele>2089.271471</ele>
        <time>2026-08-21T10:12:50.066Z</time>
      </trkpt>
      <trkpt lat="46.518949" lon="12.007198">
        <ele>2086.676153</ele>
        <time>2026-08-21T10:12:52.613Z</time>
      </trkpt>
      <trkpt lat="46.519318" lon="12.006444">
        <ele>2081.991912</ele>
        <time>2026-08-21T10:12:57.161Z</time>
      </trkpt>
      <trkpt lat="46.519405" lon="12.006309">
        <ele>2081.055517</ele>
        <time>2026-08-21T10:12:58.053Z</time>
      </trkpt>
      <trkpt lat="46.520049" lon="12.005547">
        <ele>2074.067969</ele>
        <time>2026-08-21T10:13:03.820Z</time>
      </trkpt>
      <trkpt lat="46.520077" lon="12.005454">
        <ele>2073.450058</ele>
        <time>2026-08-21T10:13:04.299Z</time>
      </trkpt>
      <trkpt lat="46.520066" lon="12.005319">
        <ele>2072.622567</ele>
        <time>2026-08-21T10:13:04.944Z</time>
      </trkpt>
      <trkpt lat="46.519996" lon="12.005205">
        <ele>2071.692527</ele>
        <time>2026-08-21T10:13:05.670Z</time>
      </trkpt>
      <trkpt lat="46.519904" lon="12.005178">
        <ele>2070.862253</ele>
        <time>2026-08-21T10:13:06.315Z</time>
      </trkpt>
      <trkpt lat="46.519312" lon="12.005338">
        <ele>2065.535544</ele>
        <time>2026-08-21T10:13:10.500Z</time>
      </trkpt>
      <trkpt lat="46.519235" lon="12.005277">
        <ele>2064.759758</ele>
        <time>2026-08-21T10:13:11.123Z</time>
      </trkpt>
      <trkpt lat="46.519199" lon="12.005156">
        <ele>2063.957316</ele>
        <time>2026-08-21T10:13:11.766Z</time>
      </trkpt>
      <trkpt lat="46.519210" lon="12.005064">
        <ele>2063.388909</ele>
        <time>2026-08-21T10:13:12.219Z</time>
      </trkpt>
      <trkpt lat="46.519249" lon="12.004990">
        <ele>2062.832260</ele>
        <time>2026-08-21T10:13:12.679Z</time>
      </trkpt>
      <trkpt lat="46.519485" lon="12.004893">
        <ele>2060.705060</ele>
        <time>2026-08-21T10:13:14.454Z</time>
      </trkpt>
      <trkpt lat="46.519630" lon="12.004755">
        <ele>2059.201738</ele>
        <time>2026-08-21T10:13:15.697Z</time>
      </trkpt>
      <trkpt lat="46.520009" lon="12.004031">
        <ele>2053.772535</ele>
        <time>2026-08-21T10:13:20.181Z</time>
      </trkpt>
      <trkpt lat="46.520028" lon="12.003878">
        <ele>2052.844659</ele>
        <time>2026-08-21T10:13:20.947Z</time>
      </trkpt>
      <trkpt lat="46.519999" lon="12.003781">
        <ele>2052.213468</ele>
        <time>2026-08-21T10:13:21.459Z</time>
      </trkpt>
      <trkpt lat="46.519908" lon="12.003705">
        <ele>2051.303146</ele>
        <time>2026-08-21T10:13:22.199Z</time>
      </trkpt>
      <trkpt lat="46.519810" lon="12.003735">
        <ele>2050.434505</ele>
        <time>2026-08-21T10:13:22.901Z</time>
      </trkpt>
      <trkpt lat="46.519730" lon="12.003842">
        <ele>2049.491503</ele>
        <time>2026-08-21T10:13:23.660Z</time>
      </trkpt>
      <trkpt lat="46.519305" lon="12.004442">
        <ele>2043.051666</ele>
        <time>2026-08-21T10:13:27.644Z</time>
      </trkpt>
      <trkpt lat="46.519150" lon="12.004554">
        <ele>2040.979049</ele>
        <time>2026-08-21T10:13:28.792Z</time>
      </trkpt>
      <trkpt lat="46.519008" lon="12.004597">
        <ele>2039.242317</ele>
        <time>2026-08-21T10:13:29.745Z</time>
      </trkpt>
      <trkpt lat="46.518752" lon="12.004515">
        <ele>2036.103571</ele>
        <time>2026-08-21T10:13:31.479Z</time>
      </trkpt>
      <trkpt lat="46.518601" lon="12.004508">
        <ele>2034.294678</ele>
        <time>2026-08-21T10:13:32.487Z</time>
      </trkpt>
      <trkpt lat="46.518450" lon="12.004554">
        <ele>2032.447407</ele>
        <time>2026-08-21T10:13:33.536Z</time>
      </trkpt>
      <trkpt lat="46.518152" lon="12.004739">
        <ele>2028.567419</ele>
        <time>2026-08-21T10:13:35.818Z</time>
      </trkpt>
      <trkpt lat="46.518044" lon="12.004868">
        <ele>2026.893557</ele>
        <time>2026-08-21T10:13:36.859Z</time>
      </trkpt>
      <trkpt lat="46.517918" lon="12.005122">
        <ele>2025.611964</ele>
        <time>2026-08-21T10:13:38.361Z</time>
      </trkpt>
      <trkpt lat="46.517863" lon="12.005281">
        <ele>2025.136389</ele>
        <time>2026-08-21T10:13:39.203Z</time>
      </trkpt>
      <trkpt lat="46.517800" lon="12.005603">
        <ele>2024.241772</ele>
        <time>2026-08-21T10:13:40.814Z</time>
      </trkpt>
      <trkpt lat="46.517729" lon="12.005978">
        <ele>2023.202383</ele>
        <time>2026-08-21T10:13:42.747Z</time>
      </trkpt>
      <trkpt lat="46.517647" lon="12.006038">
        <ele>2022.845841</ele>
        <time>2026-08-21T10:13:43.487Z</time>
      </trkpt>
      <trkpt lat="46.517589" lon="12.006018">
        <ele>2022.614340</ele>
        <time>2026-08-21T10:13:43.961Z</time>
      </trkpt>
      <trkpt lat="46.517546" lon="12.005958">
        <ele>2022.382830</ele>
        <time>2026-08-21T10:13:44.867Z</time>
      </trkpt>
      <trkpt lat="46.517527" lon="12.005862">
        <ele>2022.115878</ele>
        <time>2026-08-21T10:13:45.408Z</time>
      </trkpt>
      <trkpt lat="46.517536" lon="12.005769">
        <ele>2021.864899</ele>
        <time>2026-08-21T10:13:46.465Z</time>
      </trkpt>
      <trkpt lat="46.517711" lon="12.005478">
        <ele>2020.832107</ele>
        <time>2026-08-21T10:13:51.285Z</time>
      </trkpt>
      <trkpt lat="46.517868" lon="12.004966">
        <ele>2019.334139</ele>
        <time>2026-08-21T10:13:59.313Z</time>
      </trkpt>
      <trkpt lat="46.518462" lon="12.003969">
        <ele>2014.259716</ele>
        <time>2026-08-21T10:14:06.295Z</time>
      </trkpt>
      <trkpt lat="46.518511" lon="12.003822">
        <ele>2013.626523</ele>
        <time>2026-08-21T10:14:07.169Z</time>
      </trkpt>
      <trkpt lat="46.518504" lon="12.003691">
        <ele>2013.117166</ele>
        <time>2026-08-21T10:14:07.846Z</time>
      </trkpt>
      <trkpt lat="46.518458" lon="12.003557">
        <ele>2012.536655</ele>
        <time>2026-08-21T10:14:08.622Z</time>
      </trkpt>
      <trkpt lat="46.518351" lon="12.003406">
        <ele>2011.696416</ele>
        <time>2026-08-21T10:14:09.685Z</time>
      </trkpt>
      <trkpt lat="46.517911" lon="12.003051">
        <ele>2008.781223</ele>
        <time>2026-08-21T10:14:13.136Z</time>
      </trkpt>
      <trkpt lat="46.517416" lon="12.002807">
        <ele>2004.916217</ele>
        <time>2026-08-21T10:14:16.683Z</time>
      </trkpt>
      <trkpt lat="46.517298" lon="12.002737">
        <ele>2003.973792</ele>
        <time>2026-08-21T10:14:17.569Z</time>
      </trkpt>
      <trkpt lat="46.517127" lon="12.002548">
        <ele>2002.385206</ele>
        <time>2026-08-21T10:14:19.109Z</time>
      </trkpt>
      <trkpt lat="46.516490" lon="12.001343">
        <ele>1994.674717</ele>
        <time>2026-08-21T10:14:27.024Z</time>
      </trkpt>
      <trkpt lat="46.516364" lon="12.001195">
        <ele>1993.498619</ele>
        <time>2026-08-21T10:14:28.270Z</time>
      </trkpt>
      <trkpt lat="46.515649" lon="12.000820">
        <ele>1987.980556</ele>
        <time>2026-08-21T10:14:33.749Z</time>
      </trkpt>
      <trkpt lat="46.515478" lon="12.000654">
        <ele>1986.487720</ele>
        <time>2026-08-21T10:14:35.172Z</time>
      </trkpt>
      <trkpt lat="46.515404" lon="12.000528">
        <ele>1985.660221</ele>
        <time>2026-08-21T10:14:35.953Z</time>
      </trkpt>
      <trkpt lat="46.515268" lon="12.000179">
        <ele>1983.656663</ele>
        <time>2026-08-21T10:14:37.852Z</time>
      </trkpt>
      <trkpt lat="46.514472" lon="11.999003">
        <ele>1975.225215</ele>
        <time>2026-08-21T10:14:45.888Z</time>
      </trkpt>
      <trkpt lat="46.514194" lon="11.998527">
        <ele>1972.025218</ele>
        <time>2026-08-21T10:14:49.006Z</time>
      </trkpt>
      <trkpt lat="46.513877" lon="11.997648">
        <ele>1967.215241</ele>
        <time>2026-08-21T10:14:53.959Z</time>
      </trkpt>
      <trkpt lat="46.513683" lon="11.997433">
        <ele>1965.605271</ele>
        <time>2026-08-21T10:14:55.776Z</time>
      </trkpt>
      <trkpt lat="46.513257" lon="11.997062">
        <ele>1962.328022</ele>
        <time>2026-08-21T10:14:59.356Z</time>
      </trkpt>
      <trkpt lat="46.513191" lon="11.996936">
        <ele>1961.608949</ele>
        <time>2026-08-21T10:15:00.131Z</time>
      </trkpt>
      <trkpt lat="46.513164" lon="11.996694">
        <ele>1960.495645</ele>
        <time>2026-08-21T10:15:01.325Z</time>
      </trkpt>
      <trkpt lat="46.513193" lon="11.996086">
        <ele>1957.728008</ele>
        <time>2026-08-21T10:15:04.337Z</time>
      </trkpt>
      <trkpt lat="46.513158" lon="11.996009">
        <ele>1957.333948</ele>
        <time>2026-08-21T10:15:04.797Z</time>
      </trkpt>
      <trkpt lat="46.513097" lon="11.995957">
        <ele>1956.929786</ele>
        <time>2026-08-21T10:15:05.323Z</time>
      </trkpt>
      <trkpt lat="46.513020" lon="11.995967">
        <ele>1956.487993</ele>
        <time>2026-08-21T10:15:05.888Z</time>
      </trkpt>
      <trkpt lat="46.512954" lon="11.996049">
        <ele>1955.991743</ele>
        <time>2026-08-21T10:15:06.538Z</time>
      </trkpt>
      <trkpt lat="46.512938" lon="11.996164">
        <ele>1955.530313</ele>
        <time>2026-08-21T10:15:07.140Z</time>
      </trkpt>
      <trkpt lat="46.513046" lon="11.997130">
        <ele>1951.681363</ele>
        <time>2026-08-21T10:15:12.174Z</time>
      </trkpt>
      <trkpt lat="46.513129" lon="11.997333">
        <ele>1950.752719</ele>
        <time>2026-08-21T10:15:13.341Z</time>
      </trkpt>
      <trkpt lat="46.513383" lon="11.997723">
        <ele>1948.640947</ele>
        <time>2026-08-21T10:15:16.105Z</time>
      </trkpt>
      <trkpt lat="46.513455" lon="11.997945">
        <ele>1947.675760</ele>
        <time>2026-08-21T10:15:17.377Z</time>
      </trkpt>
      <trkpt lat="46.513747" lon="11.999387">
        <ele>1941.627300</ele>
        <time>2026-08-21T10:15:25.067Z</time>
      </trkpt>
      <trkpt lat="46.513821" lon="11.999644">
        <ele>1940.504151</ele>
        <time>2026-08-21T10:15:26.471Z</time>
      </trkpt>
      <trkpt lat="46.513928" lon="11.999864">
        <ele>1939.418059</ele>
        <time>2026-08-21T10:15:27.817Z</time>
      </trkpt>
      <trkpt lat="46.514322" lon="12.000488">
        <ele>1935.876392</ele>
        <time>2026-08-21T10:15:32.069Z</time>
      </trkpt>
      <trkpt lat="46.514452" lon="12.000775">
        <ele>1934.229780</ele>
        <time>2026-08-21T10:15:33.778Z</time>
      </trkpt>
      <trkpt lat="46.514590" lon="12.001335">
        <ele>1931.379183</ele>
        <time>2026-08-21T10:15:36.797Z</time>
      </trkpt>
      <trkpt lat="46.514607" lon="12.001563">
        <ele>1930.280134</ele>
        <time>2026-08-21T10:15:37.976Z</time>
      </trkpt>
      <trkpt lat="46.514593" lon="12.001740">
        <ele>1929.426304</ele>
        <time>2026-08-21T10:15:38.894Z</time>
      </trkpt>
      <trkpt lat="46.514567" lon="12.001937">
        <ele>1928.465005</ele>
        <time>2026-08-21T10:15:39.913Z</time>
      </trkpt>
      <trkpt lat="46.514537" lon="12.002138">
        <ele>1927.479347</ele>
        <time>2026-08-21T10:15:40.922Z</time>
      </trkpt>
      <trkpt lat="46.514486" lon="12.002218">
        <ele>1926.956734</ele>
        <time>2026-08-21T10:15:41.449Z</time>
      </trkpt>
      <trkpt lat="46.514369" lon="12.002217">
        <ele>1926.141943</ele>
        <time>2026-08-21T10:15:42.253Z</time>
      </trkpt>
      <trkpt lat="46.514327" lon="12.002138">
        <ele>1925.663527</ele>
        <time>2026-08-21T10:15:42.731Z</time>
      </trkpt>
      <trkpt lat="46.514281" lon="12.001820">
        <ele>1924.089604</ele>
        <time>2026-08-21T10:15:44.286Z</time>
      </trkpt>
      <trkpt lat="46.514180" lon="12.001487">
        <ele>1921.739200</ele>
        <time>2026-08-21T10:15:46.032Z</time>
      </trkpt>
      <trkpt lat="46.514011" lon="12.001339">
        <ele>1919.887291</ele>
        <time>2026-08-21T10:15:47.402Z</time>
      </trkpt>
      <trkpt lat="46.513702" lon="12.001134">
        <ele>1916.699245</ele>
        <time>2026-08-21T10:15:49.773Z</time>
      </trkpt>
      <trkpt lat="46.512833" lon="12.000560">
        <ele>1907.740242</ele>
        <time>2026-08-21T10:15:56.322Z</time>
      </trkpt>
      <trkpt lat="46.512624" lon="12.000354">
        <ele>1905.631455</ele>
        <time>2026-08-21T10:15:58.097Z</time>
      </trkpt>
      <trkpt lat="46.510786" lon="11.997269">
        <ele>1882.579523</ele>
        <time>2026-08-21T10:16:18.009Z</time>
      </trkpt>
      <trkpt lat="46.510116" lon="11.995964">
        <ele>1873.504492</ele>
        <time>2026-08-21T10:16:25.764Z</time>
      </trkpt>
      <trkpt lat="46.510059" lon="11.995735">
        <ele>1872.194657</ele>
        <time>2026-08-21T10:16:26.930Z</time>
      </trkpt>
      <trkpt lat="46.510094" lon="11.995191">
        <ele>1869.255816</ele>
        <time>2026-08-21T10:16:29.563Z</time>
      </trkpt>
      <trkpt lat="46.510067" lon="11.995091">
        <ele>1868.678021</ele>
        <time>2026-08-21T10:16:30.090Z</time>
      </trkpt>
      <trkpt lat="46.510012" lon="11.995060">
        <ele>1868.216961</ele>
        <time>2026-08-21T10:16:30.509Z</time>
      </trkpt>
      <trkpt lat="46.509856" lon="11.995100">
        <ele>1866.978907</ele>
        <time>2026-08-21T10:16:31.638Z</time>
      </trkpt>
      <trkpt lat="46.509826" lon="11.995288">
        <ele>1865.940857</ele>
        <time>2026-08-21T10:16:32.596Z</time>
      </trkpt>
      <trkpt lat="46.509876" lon="11.995654">
        <ele>1863.933788</ele>
        <time>2026-08-21T10:16:34.471Z</time>
      </trkpt>
      <trkpt lat="46.510256" lon="12.000189">
        <ele>1850.061563</ele>
        <time>2026-08-21T10:16:59.082Z</time>
      </trkpt>
      <trkpt lat="46.510241" lon="12.000442">
        <ele>1849.273471</ele>
        <time>2026-08-21T10:17:00.395Z</time>
      </trkpt>
      <trkpt lat="46.510128" lon="12.001037">
        <ele>1847.090634</ele>
        <time>2026-08-21T10:17:03.537Z</time>
      </trkpt>
      <trkpt lat="46.510048" lon="12.001153">
        <ele>1846.297518</ele>
        <time>2026-08-21T10:17:04.364Z</time>
      </trkpt>
      <trkpt lat="46.509957" lon="12.001152">
        <ele>1845.658908</ele>
        <time>2026-08-21T10:17:05.028Z</time>
      </trkpt>
      <trkpt lat="46.509911" lon="12.001110">
        <ele>1845.277662</ele>
        <time>2026-08-21T10:17:05.424Z</time>
      </trkpt>
      <trkpt lat="46.509896" lon="12.001045">
        <ele>1844.946558</ele>
        <time>2026-08-21T10:17:05.772Z</time>
      </trkpt>
      <trkpt lat="46.509925" lon="12.000800">
        <ele>1843.745924</ele>
        <time>2026-08-21T10:17:07.012Z</time>
      </trkpt>
      <trkpt lat="46.510029" lon="12.000399">
        <ele>1841.676293</ele>
        <time>2026-08-21T10:17:09.133Z</time>
      </trkpt>
      <trkpt lat="46.510016" lon="12.000286">
        <ele>1841.122972</ele>
        <time>2026-08-21T10:17:09.695Z</time>
      </trkpt>
      <trkpt lat="46.509966" lon="12.000152">
        <ele>1840.386805</ele>
        <time>2026-08-21T10:17:10.447Z</time>
      </trkpt>
      <trkpt lat="46.509827" lon="11.999939">
        <ele>1838.969161</ele>
        <time>2026-08-21T10:17:11.884Z</time>
      </trkpt>
      <trkpt lat="46.509564" lon="11.999758">
        <ele>1836.927004</ele>
        <time>2026-08-21T10:17:13.954Z</time>
      </trkpt>
      <trkpt lat="46.509434" lon="11.999725">
        <ele>1836.000913</ele>
        <time>2026-08-21T10:17:14.883Z</time>
      </trkpt>
      <trkpt lat="46.509288" lon="11.999774">
        <ele>1834.872867</ele>
        <time>2026-08-21T10:17:15.941Z</time>
      </trkpt>
      <trkpt lat="46.509042" lon="11.999937">
        <ele>1832.431835</ele>
        <time>2026-08-21T10:17:17.842Z</time>
      </trkpt>
      <trkpt lat="46.508887" lon="11.999980">
        <ele>1831.007150</ele>
        <time>2026-08-21T10:17:18.941Z</time>
      </trkpt>
      <trkpt lat="46.508765" lon="11.999838">
        <ele>1829.595848</ele>
        <time>2026-08-21T10:17:20.033Z</time>
      </trkpt>
      <trkpt lat="46.508533" lon="11.999351">
        <ele>1825.915545</ele>
        <time>2026-08-21T10:17:22.864Z</time>
      </trkpt>
      <trkpt lat="46.508398" lon="11.999216">
        <ele>1824.435933</ele>
        <time>2026-08-21T10:17:23.998Z</time>
      </trkpt>
      <trkpt lat="46.507328" lon="11.998609">
        <ele>1814.556263</ele>
        <time>2026-08-21T10:17:31.946Z</time>
      </trkpt>
      <trkpt lat="46.507176" lon="11.998468">
        <ele>1813.090829</ele>
        <time>2026-08-21T10:17:33.206Z</time>
      </trkpt>
      <trkpt lat="46.506826" lon="11.997962">
        <ele>1809.078612</ele>
        <time>2026-08-21T10:17:36.663Z</time>
      </trkpt>
      <trkpt lat="46.506697" lon="11.997832">
        <ele>1807.802881</ele>
        <time>2026-08-21T10:17:37.776Z</time>
      </trkpt>
      <trkpt lat="46.506093" lon="11.997392">
        <ele>1803.093609</ele>
        <time>2026-08-21T10:17:42.700Z</time>
      </trkpt>
      <trkpt lat="46.505991" lon="11.997328">
        <ele>1802.534955</ele>
        <time>2026-08-21T10:17:43.558Z</time>
      </trkpt>
      <trkpt lat="46.505869" lon="11.997316">
        <ele>1801.920116</ele>
        <time>2026-08-21T10:17:44.503Z</time>
      </trkpt>
      <trkpt lat="46.505500" lon="11.997369">
        <ele>1800.055683</ele>
        <time>2026-08-21T10:17:47.374Z</time>
      </trkpt>
      <trkpt lat="46.505154" lon="11.997409">
        <ele>1798.310444</ele>
        <time>2026-08-21T10:17:50.081Z</time>
      </trkpt>
      <trkpt lat="46.505022" lon="11.997366">
        <ele>1797.630249</ele>
        <time>2026-08-21T10:17:51.132Z</time>
      </trkpt>
      <trkpt lat="46.504914" lon="11.997252">
        <ele>1796.959018</ele>
        <time>2026-08-21T10:17:52.163Z</time>
      </trkpt>
      <trkpt lat="46.503681" lon="11.995310">
        <ele>1786.970774</ele>
        <time>2026-08-21T10:18:05.630Z</time>
      </trkpt>
      <trkpt lat="46.502327" lon="11.994167">
        <ele>1776.630830</ele>
        <time>2026-08-21T10:18:17.200Z</time>
      </trkpt>
      <trkpt lat="46.502089" lon="11.993998">
        <ele>1774.816639</ele>
        <time>2026-08-21T10:18:19.111Z</time>
      </trkpt>
      <trkpt lat="46.500847" lon="11.993270">
        <ele>1759.571480</ele>
        <time>2026-08-21T10:18:28.284Z</time>
      </trkpt>
      <trkpt lat="46.499434" lon="11.992033">
        <ele>1740.100027</ele>
        <time>2026-08-21T10:18:39.190Z</time>
      </trkpt>
      <trkpt lat="46.499342" lon="11.991989">
        <ele>1739.014876</ele>
        <time>2026-08-21T10:18:39.855Z</time>
      </trkpt>
      <trkpt lat="46.499134" lon="11.991966">
        <ele>1736.677789</ele>
        <time>2026-08-21T10:18:41.304Z</time>
      </trkpt>
      <trkpt lat="46.498612" lon="11.991951">
        <ele>1730.828373</ele>
        <time>2026-08-21T10:18:45.195Z</time>
      </trkpt>
      <trkpt lat="46.498446" lon="11.992005">
        <ele>1729.380810</ele>
        <time>2026-08-21T10:18:46.558Z</time>
      </trkpt>
      <trkpt lat="46.498150" lon="11.992170">
        <ele>1727.091124</ele>
        <time>2026-08-21T10:18:49.061Z</time>
      </trkpt>
      <trkpt lat="46.497874" lon="11.992370">
        <ele>1724.863628</ele>
        <time>2026-08-21T10:18:51.387Z</time>
      </trkpt>
      <trkpt lat="46.497807" lon="11.992392">
        <ele>1724.367548</ele>
        <time>2026-08-21T10:18:51.885Z</time>
      </trkpt>
      <trkpt lat="46.497759" lon="11.992372">
        <ele>1724.006915</ele>
        <time>2026-08-21T10:18:52.244Z</time>
      </trkpt>
      <trkpt lat="46.497717" lon="11.992276">
        <ele>1723.441419</ele>
        <time>2026-08-21T10:18:52.804Z</time>
      </trkpt>
      <trkpt lat="46.497723" lon="11.992188">
        <ele>1723.001787</ele>
        <time>2026-08-21T10:18:53.236Z</time>
      </trkpt>
      <trkpt lat="46.497758" lon="11.992120">
        <ele>1722.579676</ele>
        <time>2026-08-21T10:18:53.649Z</time>
      </trkpt>
      <trkpt lat="46.498268" lon="11.991803">
        <ele>1718.573470</ele>
        <time>2026-08-21T10:18:57.478Z</time>
      </trkpt>
      <trkpt lat="46.498724" lon="11.991550">
        <ele>1716.041138</ele>
        <time>2026-08-21T10:19:00.813Z</time>
      </trkpt>
      <trkpt lat="46.498874" lon="11.991497">
        <ele>1715.435428</ele>
        <time>2026-08-21T10:19:01.865Z</time>
      </trkpt>
      <trkpt lat="46.499831" lon="11.991507">
        <ele>1711.680373</ele>
        <time>2026-08-21T10:19:09.667Z</time>
      </trkpt>
      <trkpt lat="46.500213" lon="11.991603">
        <ele>1710.162056</ele>
        <time>2026-08-21T10:19:17.602Z</time>
      </trkpt>
      <trkpt lat="46.500580" lon="11.991774">
        <ele>1709.384195</ele>
        <time>2026-08-21T10:19:24.443Z</time>
      </trkpt>
      <trkpt lat="46.500767" lon="11.991933">
        <ele>1708.946893</ele>
        <time>2026-08-21T10:19:27.574Z</time>
      </trkpt>
      <trkpt lat="46.502051" lon="11.992068">
        <ele>1706.082929</ele>
        <time>2026-08-21T10:19:37.901Z</time>
      </trkpt>
      <trkpt lat="46.502866" lon="11.992102">
        <ele>1702.088974</ele>
        <time>2026-08-21T10:19:43.962Z</time>
      </trkpt>
      <trkpt lat="46.503241" lon="11.992150">
        <ele>1700.244906</ele>
        <time>2026-08-21T10:19:46.838Z</time>
      </trkpt>
      <trkpt lat="46.503294" lon="11.992137">
        <ele>1699.981610</ele>
        <time>2026-08-21T10:19:47.249Z</time>
      </trkpt>
      <trkpt lat="46.503344" lon="11.992053">
        <ele>1699.607169</ele>
        <time>2026-08-21T10:19:47.840Z</time>
      </trkpt>
      <trkpt lat="46.503326" lon="11.991896">
        <ele>1699.070515</ele>
        <time>2026-08-21T10:19:48.683Z</time>
      </trkpt>
      <trkpt lat="46.503279" lon="11.991843">
        <ele>1698.779069</ele>
        <time>2026-08-21T10:19:49.143Z</time>
      </trkpt>
      <trkpt lat="46.502213" lon="11.991739">
        <ele>1690.847868</ele>
        <time>2026-08-21T10:19:57.079Z</time>
      </trkpt>
      <trkpt lat="46.502073" lon="11.991703">
        <ele>1689.701811</ele>
        <time>2026-08-21T10:19:58.078Z</time>
      </trkpt>
      <trkpt lat="46.501925" lon="11.991611">
        <ele>1688.404188</ele>
        <time>2026-08-21T10:19:59.207Z</time>
      </trkpt>
      <trkpt lat="46.500689" lon="11.990421">
        <ele>1674.349124</ele>
        <time>2026-08-21T10:20:09.282Z</time>
      </trkpt>
      <trkpt lat="46.500434" lon="11.990244">
        <ele>1671.363941</ele>
        <time>2026-08-21T10:20:11.192Z</time>
      </trkpt>
      <trkpt lat="46.499732" lon="11.990196">
        <ele>1664.075131</ele>
        <time>2026-08-21T10:20:16.022Z</time>
      </trkpt>
      <trkpt lat="46.498965" lon="11.989909">
        <ele>1659.640810</ele>
        <time>2026-08-21T10:20:21.738Z</time>
      </trkpt>
      <trkpt lat="46.498621" lon="11.989828">
        <ele>1657.689741</ele>
        <time>2026-08-21T10:20:24.426Z</time>
      </trkpt>
      <trkpt lat="46.498402" lon="11.989865">
        <ele>1656.455374</ele>
        <time>2026-08-21T10:20:26.184Z</time>
      </trkpt>
      <trkpt lat="46.497940" lon="11.990049">
        <ele>1653.867643</ele>
        <time>2026-08-21T10:20:30.054Z</time>
      </trkpt>
      <trkpt lat="46.497516" lon="11.990166">
        <ele>1652.045412</ele>
        <time>2026-08-21T10:20:33.543Z</time>
      </trkpt>
      <trkpt lat="46.497222" lon="11.990145">
        <ele>1650.802581</ele>
        <time>2026-08-21T10:20:35.858Z</time>
      </trkpt>
      <trkpt lat="46.496787" lon="11.990168">
        <ele>1648.964701</ele>
        <time>2026-08-21T10:20:39.244Z</time>
      </trkpt>
      <trkpt lat="46.496567" lon="11.990254">
        <ele>1648.002769</ele>
        <time>2026-08-21T10:20:40.992Z</time>
      </trkpt>
      <trkpt lat="46.496263" lon="11.990462">
        <ele>1646.583963</ele>
        <time>2026-08-21T10:20:43.544Z</time>
      </trkpt>
      <trkpt lat="46.496194" lon="11.990472">
        <ele>1646.135952</ele>
        <time>2026-08-21T10:20:44.059Z</time>
      </trkpt>
      <trkpt lat="46.496143" lon="11.990404">
        <ele>1645.676504</ele>
        <time>2026-08-21T10:20:44.578Z</time>
      </trkpt>
      <trkpt lat="46.496130" lon="11.990317">
        <ele>1645.269758</ele>
        <time>2026-08-21T10:20:45.028Z</time>
      </trkpt>
      <trkpt lat="46.496169" lon="11.990198">
        <ele>1644.667595</ele>
        <time>2026-08-21T10:20:45.696Z</time>
      </trkpt>
      <trkpt lat="46.496888" lon="11.989773">
        <ele>1639.515743</ele>
        <time>2026-08-21T10:20:51.263Z</time>
      </trkpt>
      <trkpt lat="46.497099" lon="11.989634">
        <ele>1637.978092</ele>
        <time>2026-08-21T10:20:52.907Z</time>
      </trkpt>
      <trkpt lat="46.497250" lon="11.989474">
        <ele>1636.737645</ele>
        <time>2026-08-21T10:20:54.251Z</time>
      </trkpt>
      <trkpt lat="46.497781" lon="11.988787">
        <ele>1631.898749</ele>
        <time>2026-08-21T10:20:59.376Z</time>
      </trkpt>
      <trkpt lat="46.497946" lon="11.988655">
        <ele>1630.591215</ele>
        <time>2026-08-21T10:21:00.740Z</time>
      </trkpt>
      <trkpt lat="46.498211" lon="11.988524">
        <ele>1628.648139</ele>
        <time>2026-08-21T10:21:02.785Z</time>
      </trkpt>
      <trkpt lat="46.498290" lon="11.988381">
        <ele>1627.772001</ele>
        <time>2026-08-21T10:21:03.713Z</time>
      </trkpt>
      <trkpt lat="46.498280" lon="11.988258">
        <ele>1627.180181</ele>
        <time>2026-08-21T10:21:04.336Z</time>
      </trkpt>
      <trkpt lat="46.498252" lon="11.988209">
        <ele>1626.875883</ele>
        <time>2026-08-21T10:21:04.663Z</time>
      </trkpt>
      <trkpt lat="46.498171" lon="11.988179">
        <ele>1626.295639</ele>
        <time>2026-08-21T10:21:05.269Z</time>
      </trkpt>
      <trkpt lat="46.498102" lon="11.988207">
        <ele>1625.798342</ele>
        <time>2026-08-21T10:21:05.797Z</time>
      </trkpt>
      <trkpt lat="46.497682" lon="11.988575">
        <ele>1622.393677</ele>
        <time>2026-08-21T10:21:09.325Z</time>
      </trkpt>
      <trkpt lat="46.497515" lon="11.988679">
        <ele>1620.757377</ele>
        <time>2026-08-21T10:21:10.596Z</time>
      </trkpt>
      <trkpt lat="46.497341" lon="11.988734">
        <ele>1619.061214</ele>
        <time>2026-08-21T10:21:11.831Z</time>
      </trkpt>
      <trkpt lat="46.496980" lon="11.988720">
        <ele>1615.621401</ele>
        <time>2026-08-21T10:21:14.321Z</time>
      </trkpt>
      <trkpt lat="46.496515" lon="11.988538">
        <ele>1611.034240</ele>
        <time>2026-08-21T10:21:17.629Z</time>
      </trkpt>
      <trkpt lat="46.496009" lon="11.988160">
        <ele>1605.614521</ele>
        <time>2026-08-21T10:21:21.534Z</time>
      </trkpt>
      <trkpt lat="46.495855" lon="11.988125">
        <ele>1604.242041</ele>
        <time>2026-08-21T10:21:22.600Z</time>
      </trkpt>
      <trkpt lat="46.495548" lon="11.988242">
        <ele>1601.605400</ele>
        <time>2026-08-21T10:21:24.806Z</time>
      </trkpt>
      <trkpt lat="46.495048" lon="11.988579">
        <ele>1597.026432</ele>
        <time>2026-08-21T10:21:28.692Z</time>
      </trkpt>
      <trkpt lat="46.494832" lon="11.988695">
        <ele>1595.113359</ele>
        <time>2026-08-21T10:21:30.329Z</time>
      </trkpt>
      <trkpt lat="46.493699" lon="11.989396">
        <ele>1585.114669</ele>
        <time>2026-08-21T10:21:39.104Z</time>
      </trkpt>
      <trkpt lat="46.493480" lon="11.989459">
        <ele>1583.342942</ele>
        <time>2026-08-21T10:21:40.690Z</time>
      </trkpt>
      <trkpt lat="46.492761" lon="11.989461">
        <ele>1577.636988</ele>
        <time>2026-08-21T10:21:45.762Z</time>
      </trkpt>
      <trkpt lat="46.492039" lon="11.989503">
        <ele>1571.826881</ele>
        <time>2026-08-21T10:21:50.816Z</time>
      </trkpt>
      <trkpt lat="46.491333" lon="11.989617">
        <ele>1566.079777</ele>
        <time>2026-08-21T10:21:55.784Z</time>
      </trkpt>
      <trkpt lat="46.490844" lon="11.989756">
        <ele>1562.048458</ele>
        <time>2026-08-21T10:21:59.302Z</time>
      </trkpt>
      <trkpt lat="46.490432" lon="11.990033">
        <ele>1559.639185</ele>
        <time>2026-08-21T10:22:02.603Z</time>
      </trkpt>
      <trkpt lat="46.490380" lon="11.990003">
        <ele>1559.386223</ele>
        <time>2026-08-21T10:22:03.022Z</time>
      </trkpt>
      <trkpt lat="46.490342" lon="11.989928">
        <ele>1559.096372</ele>
        <time>2026-08-21T10:22:03.511Z</time>
      </trkpt>
      <trkpt lat="46.490335" lon="11.989842">
        <ele>1558.826820</ele>
        <time>2026-08-21T10:22:03.965Z</time>
      </trkpt>
      <trkpt lat="46.490376" lon="11.989752">
        <ele>1558.490908</ele>
        <time>2026-08-21T10:22:04.539Z</time>
      </trkpt>
      <trkpt lat="46.490737" lon="11.989547">
        <ele>1556.738503</ele>
        <time>2026-08-21T10:22:07.660Z</time>
      </trkpt>
      <trkpt lat="46.491595" lon="11.988878">
        <ele>1551.978993</ele>
        <time>2026-08-21T10:22:15.450Z</time>
      </trkpt>
      <trkpt lat="46.491658" lon="11.988782">
        <ele>1551.375427</ele>
        <time>2026-08-21T10:22:16.167Z</time>
      </trkpt>
      <trkpt lat="46.491677" lon="11.988679">
        <ele>1550.890153</ele>
        <time>2026-08-21T10:22:16.754Z</time>
      </trkpt>
      <trkpt lat="46.491663" lon="11.988561">
        <ele>1550.345235</ele>
        <time>2026-08-21T10:22:17.390Z</time>
      </trkpt>
      <trkpt lat="46.491622" lon="11.988498">
        <ele>1549.950709</ele>
        <time>2026-08-21T10:22:17.854Z</time>
      </trkpt>
      <trkpt lat="46.491547" lon="11.988479">
        <ele>1549.447460</ele>
        <time>2026-08-21T10:22:18.420Z</time>
      </trkpt>
      <trkpt lat="46.491456" lon="11.988513">
        <ele>1548.826349</ele>
        <time>2026-08-21T10:22:19.129Z</time>
      </trkpt>
      <trkpt lat="46.491099" lon="11.988791">
        <ele>1546.148761</ele>
        <time>2026-08-21T10:22:22.060Z</time>
      </trkpt>
      <trkpt lat="46.490889" lon="11.988875">
        <ele>1544.708942</ele>
        <time>2026-08-21T10:22:23.592Z</time>
      </trkpt>
      <trkpt lat="46.489494" lon="11.989155">
        <ele>1534.820128</ele>
        <time>2026-08-21T10:22:33.376Z</time>
      </trkpt>
      <trkpt lat="46.489207" lon="11.989282">
        <ele>1532.639240</ele>
        <time>2026-08-21T10:22:35.532Z</time>
      </trkpt>
      <trkpt lat="46.488986" lon="11.989419">
        <ele>1530.892581</ele>
        <time>2026-08-21T10:22:37.298Z</time>
      </trkpt>
      <trkpt lat="46.488883" lon="11.989441">
        <ele>1530.135817</ele>
        <time>2026-08-21T10:22:38.078Z</time>
      </trkpt>
      <trkpt lat="46.488822" lon="11.989387">
        <ele>1529.616538</ele>
        <time>2026-08-21T10:22:38.620Z</time>
      </trkpt>
      <trkpt lat="46.488795" lon="11.989307">
        <ele>1529.170644</ele>
        <time>2026-08-21T10:22:39.080Z</time>
      </trkpt>
      <trkpt lat="46.488797" lon="11.989207">
        <ele>1528.669962</ele>
        <time>2026-08-21T10:22:39.603Z</time>
      </trkpt>
      <trkpt lat="46.488829" lon="11.989128">
        <ele>1528.211239</ele>
        <time>2026-08-21T10:22:40.085Z</time>
      </trkpt>
      <trkpt lat="46.489017" lon="11.988983">
        <ele>1527.145897</ele>
        <time>2026-08-21T10:22:41.740Z</time>
      </trkpt>
      <trkpt lat="46.489245" lon="11.988879">
        <ele>1525.974312</ele>
        <time>2026-08-21T10:22:43.651Z</time>
      </trkpt>
      <trkpt lat="46.489327" lon="11.988786">
        <ele>1525.464273</ele>
        <time>2026-08-21T10:22:44.521Z</time>
      </trkpt>
      <trkpt lat="46.489762" lon="11.987729">
        <ele>1521.307820</ele>
        <time>2026-08-21T10:22:51.504Z</time>
      </trkpt>
      <trkpt lat="46.489740" lon="11.987612">
        <ele>1520.898451</ele>
        <time>2026-08-21T10:22:52.124Z</time>
      </trkpt>
      <trkpt lat="46.489653" lon="11.987553">
        <ele>1520.427738</ele>
        <time>2026-08-21T10:22:52.816Z</time>
      </trkpt>
      <trkpt lat="46.489181" lon="11.987880">
        <ele>1516.192457</ele>
        <time>2026-08-21T10:22:56.454Z</time>
      </trkpt>
      <trkpt lat="46.489030" lon="11.987902">
        <ele>1514.598128</ele>
        <time>2026-08-21T10:22:57.493Z</time>
      </trkpt>
      <trkpt lat="46.488908" lon="11.987778">
        <ele>1513.033773</ele>
        <time>2026-08-21T10:22:58.504Z</time>
      </trkpt>
      <trkpt lat="46.488644" lon="11.987220">
        <ele>1508.136572</ele>
        <time>2026-08-21T10:23:01.625Z</time>
      </trkpt>
      <trkpt lat="46.488532" lon="11.987065">
        <ele>1506.511316</ele>
        <time>2026-08-21T10:23:02.665Z</time>
      </trkpt>
      <trkpt lat="46.488429" lon="11.987018">
        <ele>1505.377078</ele>
        <time>2026-08-21T10:23:03.387Z</time>
      </trkpt>
      <trkpt lat="46.488094" lon="11.987096">
        <ele>1501.812717</ele>
        <time>2026-08-21T10:23:05.686Z</time>
      </trkpt>
      <trkpt lat="46.487827" lon="11.987148">
        <ele>1500.189650</ele>
        <time>2026-08-21T10:23:07.555Z</time>
      </trkpt>
      <trkpt lat="46.487717" lon="11.987214">
        <ele>1499.981707</ele>
        <time>2026-08-21T10:23:08.413Z</time>
      </trkpt>
      <trkpt lat="46.487636" lon="11.987338">
        <ele>1499.776089</ele>
        <time>2026-08-21T10:23:09.290Z</time>
      </trkpt>
      <trkpt lat="46.487601" lon="11.987523">
        <ele>1499.545294</ele>
        <time>2026-08-21T10:23:10.309Z</time>
      </trkpt>
      <trkpt lat="46.487616" lon="11.987668">
        <ele>1499.368909</ele>
        <time>2026-08-21T10:23:11.120Z</time>
      </trkpt>
      <trkpt lat="46.487920" lon="11.988955">
        <ele>1497.732140</ele>
        <time>2026-08-21T10:23:24.507Z</time>
      </trkpt>
      <trkpt lat="46.488092" lon="11.989425">
        <ele>1497.350552</ele>
        <time>2026-08-21T10:23:33.239Z</time>
      </trkpt>
      <trkpt lat="46.488095" lon="11.989532">
        <ele>1497.391727</ele>
        <time>2026-08-21T10:23:35.254Z</time>
      </trkpt>
      <trkpt lat="46.488037" lon="11.989621">
        <ele>1497.438845</ele>
        <time>2026-08-21T10:23:36.897Z</time>
      </trkpt>
      <trkpt lat="46.488302" lon="11.990316">
        <ele>1497.744309</ele>
        <time>2026-08-21T10:23:46.998Z</time>
      </trkpt>
      <trkpt lat="46.488312" lon="11.990465">
        <ele>1497.801870</ele>
        <time>2026-08-21T10:23:48.292Z</time>
      </trkpt>
      <trkpt lat="46.488295" lon="11.990547">
        <ele>1497.834796</ele>
        <time>2026-08-21T10:23:49.059Z</time>
      </trkpt>
      <trkpt lat="46.488229" lon="11.990648">
        <ele>1497.888336</ele>
        <time>2026-08-21T10:23:50.116Z</time>
      </trkpt>
      <trkpt lat="46.488177" lon="11.990682">
        <ele>1497.920182</ele>
        <time>2026-08-21T10:23:50.764Z</time>
      </trkpt>
      <trkpt lat="46.487994" lon="11.990681">
        <ele>1498.022379</ele>
        <time>2026-08-21T10:23:52.551Z</time>
      </trkpt>
      <trkpt lat="46.487282" lon="11.990286">
        <ele>1497.269424</ele>
        <time>2026-08-21T10:23:59.885Z</time>
      </trkpt>
      <trkpt lat="46.486633" lon="11.990047">
        <ele>1494.812562</ele>
        <time>2026-08-21T10:24:05.348Z</time>
      </trkpt>
      <trkpt lat="46.485998" lon="11.989994">
        <ele>1492.478589</ele>
        <time>2026-08-21T10:24:10.294Z</time>
      </trkpt>
      <trkpt lat="46.483581" lon="11.989043">
        <ele>1477.225303</ele>
        <time>2026-08-21T10:24:28.364Z</time>
      </trkpt>
      <trkpt lat="46.483164" lon="11.988878">
        <ele>1474.803596</ele>
        <time>2026-08-21T10:24:31.769Z</time>
      </trkpt>
      <trkpt lat="46.482916" lon="11.988820">
        <ele>1473.396098</ele>
        <time>2026-08-21T10:24:33.815Z</time>
      </trkpt>
      <trkpt lat="46.482413" lon="11.988920">
        <ele>1470.551400</ele>
        <time>2026-08-21T10:24:37.740Z</time>
      </trkpt>
      <trkpt lat="46.482224" lon="11.988813">
        <ele>1469.032493</ele>
        <time>2026-08-21T10:24:39.199Z</time>
      </trkpt>
      <trkpt lat="46.481824" lon="11.988383">
        <ele>1464.044226</ele>
        <time>2026-08-21T10:24:42.610Z</time>
      </trkpt>
      <trkpt lat="46.481602" lon="11.988082">
        <ele>1460.999985</ele>
        <time>2026-08-21T10:24:44.643Z</time>
      </trkpt>
      <trkpt lat="46.481571" lon="11.987778">
        <ele>1458.878906</ele>
        <time>2026-08-21T10:24:46.056Z</time>
      </trkpt>
      <trkpt lat="46.481685" lon="11.987388">
        <ele>1455.954650</ele>
        <time>2026-08-21T10:24:48.015Z</time>
      </trkpt>
      <trkpt lat="46.481676" lon="11.987186">
        <ele>1454.557540</ele>
        <time>2026-08-21T10:24:48.960Z</time>
      </trkpt>
      <trkpt lat="46.481556" lon="11.987004">
        <ele>1452.818384</ele>
        <time>2026-08-21T10:24:50.150Z</time>
      </trkpt>
      <trkpt lat="46.481397" lon="11.986956">
        <ele>1452.032994</ele>
        <time>2026-08-21T10:24:51.281Z</time>
      </trkpt>
      <trkpt lat="46.480991" lon="11.987080">
        <ele>1453.023724</ele>
        <time>2026-08-21T10:24:54.475Z</time>
      </trkpt>
      <trkpt lat="46.480772" lon="11.987095">
        <ele>1453.547273</ele>
        <time>2026-08-21T10:24:57.410Z</time>
      </trkpt>
      <trkpt lat="46.478775" lon="11.986688">
        <ele>1461.491349</ele>
        <time>2026-08-21T10:26:10.125Z</time>
      </trkpt>
      <trkpt lat="46.478427" lon="11.986444">
        <ele>1463.728395</ele>
        <time>2026-08-21T10:26:22.551Z</time>
      </trkpt>
      <trkpt lat="46.478094" lon="11.985993">
        <ele>1466.364348</ele>
        <time>2026-08-21T10:26:34.906Z</time>
      </trkpt>
      <trkpt lat="46.477918" lon="11.985850">
        <ele>1465.888429</ele>
        <time>2026-08-21T10:26:38.507Z</time>
      </trkpt>
      <trkpt lat="46.477548" lon="11.985683">
        <ele>1464.266416</ele>
        <time>2026-08-21T10:26:42.275Z</time>
      </trkpt>
      <trkpt lat="46.477488" lon="11.985619">
        <ele>1463.954759</ele>
        <time>2026-08-21T10:26:42.918Z</time>
      </trkpt>
      <trkpt lat="46.477423" lon="11.985388">
        <ele>1463.235376</ele>
        <time>2026-08-21T10:26:44.346Z</time>
      </trkpt>
      <trkpt lat="46.477346" lon="11.984960">
        <ele>1461.960112</ele>
        <time>2026-08-21T10:26:46.791Z</time>
      </trkpt>
      <trkpt lat="46.477222" lon="11.984689">
        <ele>1461.022128</ele>
        <time>2026-08-21T10:26:48.468Z</time>
      </trkpt>
      <trkpt lat="46.476954" lon="11.983815">
        <ele>1457.035793</ele>
        <time>2026-08-21T10:26:52.982Z</time>
      </trkpt>
      <trkpt lat="46.476398" lon="11.982959">
        <ele>1448.332504</ele>
        <time>2026-08-21T10:26:58.397Z</time>
      </trkpt>
      <trkpt lat="46.476183" lon="11.982459">
        <ele>1443.972525</ele>
        <time>2026-08-21T10:27:01.151Z</time>
      </trkpt>
      <trkpt lat="46.476055" lon="11.982318">
        <ele>1442.246929</ele>
        <time>2026-08-21T10:27:02.262Z</time>
      </trkpt>
      <trkpt lat="46.475237" lon="11.981809">
        <ele>1439.137955</ele>
        <time>2026-08-21T10:27:08.822Z</time>
      </trkpt>
      <trkpt lat="46.475100" lon="11.981801">
        <ele>1439.014096</ele>
        <time>2026-08-21T10:27:10.355Z</time>
      </trkpt>
      <trkpt lat="46.474435" lon="11.981970">
        <ele>1438.404236</ele>
        <time>2026-08-21T10:27:24.508Z</time>
      </trkpt>
      <trkpt lat="46.473748" lon="11.982205">
        <ele>1438.521490</ele>
        <time>2026-08-21T10:27:40.297Z</time>
      </trkpt>
      <trkpt lat="46.473567" lon="11.982142">
        <ele>1438.728010</ele>
        <time>2026-08-21T10:27:43.748Z</time>
      </trkpt>
      <trkpt lat="46.473457" lon="11.982028">
        <ele>1438.877961</ele>
        <time>2026-08-21T10:27:46.134Z</time>
      </trkpt>
      <trkpt lat="46.472907" lon="11.981044">
        <ele>1439.846364</ele>
        <time>2026-08-21T10:27:58.757Z</time>
      </trkpt>
      <trkpt lat="46.472715" lon="11.980830">
        <ele>1440.039940</ele>
        <time>2026-08-21T10:28:01.169Z</time>
      </trkpt>
      <trkpt lat="46.472406" lon="11.980655">
        <ele>1438.410679</ele>
        <time>2026-08-21T10:28:04.411Z</time>
      </trkpt>
      <trkpt lat="46.471635" lon="11.979838">
        <ele>1433.722000</ele>
        <time>2026-08-21T10:28:12.035Z</time>
      </trkpt>
      <trkpt lat="46.471285" lon="11.979652">
        <ele>1431.891173</ele>
        <time>2026-08-21T10:28:14.666Z</time>
      </trkpt>
      <trkpt lat="46.470472" lon="11.978607">
        <ele>1419.466664</ele>
        <time>2026-08-21T10:28:21.975Z</time>
      </trkpt>
      <trkpt lat="46.469997" lon="11.978252">
        <ele>1412.890119</ele>
        <time>2026-08-21T10:28:25.544Z</time>
      </trkpt>
      <trkpt lat="46.469646" lon="11.978096">
        <ele>1408.425142</ele>
        <time>2026-08-21T10:28:28.010Z</time>
      </trkpt>
      <trkpt lat="46.469116" lon="11.977944">
        <ele>1402.250252</ele>
        <time>2026-08-21T10:28:31.663Z</time>
      </trkpt>
      <trkpt lat="46.467913" lon="11.977725">
        <ele>1388.358333</ele>
        <time>2026-08-21T10:28:39.954Z</time>
      </trkpt>
      <trkpt lat="46.467692" lon="11.977719">
        <ele>1385.334631</ele>
        <time>2026-08-21T10:28:41.466Z</time>
      </trkpt>
      <trkpt lat="46.467488" lon="11.977798">
        <ele>1382.446447</ele>
        <time>2026-08-21T10:28:42.900Z</time>
      </trkpt>
      <trkpt lat="46.467141" lon="11.977865">
        <ele>1377.657861</ele>
        <time>2026-08-21T10:28:45.249Z</time>
      </trkpt>
      <trkpt lat="46.466695" lon="11.977781">
        <ele>1371.505674</ele>
        <time>2026-08-21T10:28:48.239Z</time>
      </trkpt>
      <trkpt lat="46.466145" lon="11.977878">
        <ele>1363.939870</ele>
        <time>2026-08-21T10:28:51.898Z</time>
      </trkpt>
      <trkpt lat="46.465699" lon="11.977852">
        <ele>1360.179683</ele>
        <time>2026-08-21T10:28:54.856Z</time>
      </trkpt>
      <trkpt lat="46.465516" lon="11.977880">
        <ele>1358.629530</ele>
        <time>2026-08-21T10:28:56.104Z</time>
      </trkpt>
      <trkpt lat="46.465048" lon="11.978317">
        <ele>1353.942001</ele>
        <time>2026-08-21T10:29:00.021Z</time>
      </trkpt>
      <trkpt lat="46.464968" lon="11.978472">
        <ele>1352.818131</ele>
        <time>2026-08-21T10:29:01.026Z</time>
      </trkpt>
      <trkpt lat="46.464844" lon="11.978894">
        <ele>1350.155963</ele>
        <time>2026-08-21T10:29:03.667Z</time>
      </trkpt>
      <trkpt lat="46.463839" lon="11.980915">
        <ele>1347.453902</ele>
        <time>2026-08-21T10:29:21.549Z</time>
      </trkpt>
      <trkpt lat="46.463423" lon="11.981751">
        <ele>1346.681359</ele>
        <time>2026-08-21T10:29:28.928Z</time>
      </trkpt>
      <trkpt lat="46.463351" lon="11.981961">
        <ele>1346.487563</ele>
        <time>2026-08-21T10:29:30.990Z</time>
      </trkpt>
      <trkpt lat="46.463321" lon="11.982384">
        <ele>1346.136254</ele>
        <time>2026-08-21T10:29:33.790Z</time>
      </trkpt>
      <trkpt lat="46.463336" lon="11.982720">
        <ele>1345.858084</ele>
        <time>2026-08-21T10:29:35.818Z</time>
      </trkpt>
      <trkpt lat="46.463404" lon="11.983063">
        <ele>1345.563211</ele>
        <time>2026-08-21T10:29:37.902Z</time>
      </trkpt>
      <trkpt lat="46.463394" lon="11.983221">
        <ele>1345.432129</ele>
        <time>2026-08-21T10:29:38.911Z</time>
      </trkpt>
      <trkpt lat="46.463336" lon="11.983341">
        <ele>1345.311019</ele>
        <time>2026-08-21T10:29:39.956Z</time>
      </trkpt>
      <trkpt lat="46.463247" lon="11.983445">
        <ele>1345.173992</ele>
        <time>2026-08-21T10:29:41.131Z</time>
      </trkpt>
      <trkpt lat="46.462775" lon="11.983721">
        <ele>1343.588755</ele>
        <time>2026-08-21T10:29:46.036Z</time>
      </trkpt>
      <trkpt lat="46.462592" lon="11.983899">
        <ele>1342.831786</ele>
        <time>2026-08-21T10:29:47.911Z</time>
      </trkpt>
      <trkpt lat="46.462155" lon="11.984619">
        <ele>1340.560251</ele>
        <time>2026-08-21T10:29:52.999Z</time>
      </trkpt>
      <trkpt lat="46.461884" lon="11.984868">
        <ele>1339.458127</ele>
        <time>2026-08-21T10:29:55.555Z</time>
      </trkpt>
      <trkpt lat="46.460761" lon="11.985508">
        <ele>1331.658610</ele>
        <time>2026-08-21T10:30:04.485Z</time>
      </trkpt>
      <trkpt lat="46.459654" lon="11.986261">
        <ele>1323.744489</ele>
        <time>2026-08-21T10:30:12.977Z</time>
      </trkpt>
      <trkpt lat="46.459522" lon="11.986407">
        <ele>1322.791824</ele>
        <time>2026-08-21T10:30:14.167Z</time>
      </trkpt>
      <trkpt lat="46.459381" lon="11.986714">
        <ele>1321.332672</ele>
        <time>2026-08-21T10:30:16.029Z</time>
      </trkpt>
      <trkpt lat="46.459320" lon="11.986930">
        <ele>1320.409487</ele>
        <time>2026-08-21T10:30:17.236Z</time>
      </trkpt>
      <trkpt lat="46.459250" lon="11.987838">
        <ele>1316.796301</ele>
        <time>2026-08-21T10:30:22.230Z</time>
      </trkpt>
      <trkpt lat="46.459266" lon="11.988349">
        <ele>1316.398025</ele>
        <time>2026-08-21T10:30:25.172Z</time>
      </trkpt>
      <trkpt lat="46.459207" lon="11.988889">
        <ele>1316.855832</ele>
        <time>2026-08-21T10:30:28.443Z</time>
      </trkpt>
      <trkpt lat="46.458938" lon="11.989968">
        <ele>1317.816653</ele>
        <time>2026-08-21T10:30:40.063Z</time>
      </trkpt>
      <trkpt lat="46.458757" lon="11.990363">
        <ele>1318.213887</ele>
        <time>2026-08-21T10:30:49.482Z</time>
      </trkpt>
      <trkpt lat="46.458739" lon="11.990623">
        <ele>1318.812575</ele>
        <time>2026-08-21T10:30:55.792Z</time>
      </trkpt>
      <trkpt lat="46.458786" lon="11.990870">
        <ele>1319.643300</ele>
        <time>2026-08-21T10:31:02.608Z</time>
      </trkpt>
      <trkpt lat="46.459054" lon="11.991551">
        <ele>1322.185853</ele>
        <time>2026-08-21T10:31:25.148Z</time>
      </trkpt>
      <trkpt lat="46.459274" lon="11.991912">
        <ele>1323.748381</ele>
        <time>2026-08-21T10:31:37.961Z</time>
      </trkpt>
      <trkpt lat="46.459292" lon="11.991994">
        <ele>1324.027381</ele>
        <time>2026-08-21T10:31:39.901Z</time>
      </trkpt>
      <trkpt lat="46.459193" lon="11.992277">
        <ele>1325.056336</ele>
        <time>2026-08-21T10:31:45.898Z</time>
      </trkpt>
      <trkpt lat="46.459130" lon="11.992344">
        <ele>1325.423864</ele>
        <time>2026-08-21T10:31:47.495Z</time>
      </trkpt>
      <trkpt lat="46.458601" lon="11.992355">
        <ele>1324.814631</ele>
        <time>2026-08-21T10:31:52.077Z</time>
      </trkpt>
      <trkpt lat="46.458502" lon="11.992261">
        <ele>1323.869546</ele>
        <time>2026-08-21T10:31:52.929Z</time>
      </trkpt>
      <trkpt lat="46.458182" lon="11.991496">
        <ele>1318.943941</ele>
        <time>2026-08-21T10:31:57.148Z</time>
      </trkpt>
      <trkpt lat="46.457960" lon="11.991262">
        <ele>1316.752116</ele>
        <time>2026-08-21T10:31:59.011Z</time>
      </trkpt>
      <trkpt lat="46.457866" lon="11.991116">
        <ele>1315.652293</ele>
        <time>2026-08-21T10:31:59.947Z</time>
      </trkpt>
      <trkpt lat="46.457691" lon="11.990543">
        <ele>1312.196054</ele>
        <time>2026-08-21T10:32:02.945Z</time>
      </trkpt>
      <trkpt lat="46.457617" lon="11.990438">
        <ele>1311.340757</ele>
        <time>2026-08-21T10:32:03.665Z</time>
      </trkpt>
      <trkpt lat="46.457359" lon="11.990344">
        <ele>1309.142159</ele>
        <time>2026-08-21T10:32:05.536Z</time>
      </trkpt>
      <trkpt lat="46.457065" lon="11.990173">
        <ele>1306.524345</ele>
        <time>2026-08-21T10:32:07.792Z</time>
      </trkpt>
      <trkpt lat="46.456951" lon="11.990041">
        <ele>1305.319048</ele>
        <time>2026-08-21T10:32:08.844Z</time>
      </trkpt>
      <trkpt lat="46.456864" lon="11.989741">
        <ele>1303.465670</ele>
        <time>2026-08-21T10:32:10.464Z</time>
      </trkpt>
      <trkpt lat="46.456815" lon="11.989476">
        <ele>1301.903355</ele>
        <time>2026-08-21T10:32:11.819Z</time>
      </trkpt>
      <trkpt lat="46.456744" lon="11.989491">
        <ele>1301.310334</ele>
        <time>2026-08-21T10:32:12.344Z</time>
      </trkpt>
      <trkpt lat="46.456693" lon="11.989477">
        <ele>1300.881331</ele>
        <time>2026-08-21T10:32:12.715Z</time>
      </trkpt>
      <trkpt lat="46.456744" lon="11.989491">
        <ele>1300.452328</ele>
        <time>2026-08-21T10:32:13.081Z</time>
      </trkpt>
      <trkpt lat="46.456815" lon="11.989476">
        <ele>1299.859307</ele>
        <time>2026-08-21T10:32:13.600Z</time>
      </trkpt>
      <trkpt lat="46.456770" lon="11.989370">
        <ele>1299.150345</ele>
        <time>2026-08-21T10:32:14.198Z</time>
      </trkpt>
      <trkpt lat="46.456724" lon="11.989325">
        <ele>1298.691858</ele>
        <time>2026-08-21T10:32:14.594Z</time>
      </trkpt>
      <trkpt lat="46.456127" lon="11.989072">
        <ele>1292.618257</ele>
        <time>2026-08-21T10:32:18.864Z</time>
      </trkpt>
      <trkpt lat="46.455495" lon="11.989071">
        <ele>1286.168958</ele>
        <time>2026-08-21T10:32:23.138Z</time>
      </trkpt>
      <trkpt lat="46.455172" lon="11.989118">
        <ele>1282.856358</ele>
        <time>2026-08-21T10:32:25.370Z</time>
      </trkpt>
      <trkpt lat="46.454669" lon="11.989426">
        <ele>1278.289560</ele>
        <time>2026-08-21T10:32:29.159Z</time>
      </trkpt>
      <trkpt lat="46.454141" lon="11.989782">
        <ele>1275.506464</ele>
        <time>2026-08-21T10:32:33.285Z</time>
      </trkpt>
      <trkpt lat="46.453951" lon="11.990001">
        <ele>1274.346636</ele>
        <time>2026-08-21T10:32:35.066Z</time>
      </trkpt>
      <trkpt lat="46.453783" lon="11.990260">
        <ele>1273.175053</ele>
        <time>2026-08-21T10:32:36.992Z</time>
      </trkpt>
      <trkpt lat="46.453626" lon="11.990677">
        <ele>1271.609986</ele>
        <time>2026-08-21T10:32:39.885Z</time>
      </trkpt>
      <trkpt lat="46.453461" lon="11.991656">
        <ele>1271.273139</ele>
        <time>2026-08-21T10:32:51.030Z</time>
      </trkpt>
      <trkpt lat="46.453349" lon="11.992325">
        <ele>1271.964548</ele>
        <time>2026-08-21T10:33:05.401Z</time>
      </trkpt>
      <trkpt lat="46.453286" lon="11.992582">
        <ele>1272.238498</ele>
        <time>2026-08-21T10:33:10.659Z</time>
      </trkpt>
      <trkpt lat="46.453192" lon="11.992745">
        <ele>1272.451974</ele>
        <time>2026-08-21T10:33:13.934Z</time>
      </trkpt>
      <trkpt lat="46.452993" lon="11.992923">
        <ele>1272.792713</ele>
        <time>2026-08-21T10:33:17.782Z</time>
      </trkpt>
      <trkpt lat="46.452795" lon="11.993191">
        <ele>1273.187357</ele>
        <time>2026-08-21T10:33:20.269Z</time>
      </trkpt>
      <trkpt lat="46.452741" lon="11.993212">
        <ele>1272.786057</ele>
        <time>2026-08-21T10:33:20.718Z</time>
      </trkpt>
      <trkpt lat="46.452633" lon="11.993194">
        <ele>1271.863544</ele>
        <time>2026-08-21T10:33:21.592Z</time>
      </trkpt>
      <trkpt lat="46.452549" lon="11.993106">
        <ele>1270.984442</ele>
        <time>2026-08-21T10:33:22.395Z</time>
      </trkpt>
      <trkpt lat="46.452456" lon="11.992905">
        <ele>1269.568885</ele>
        <time>2026-08-21T10:33:23.649Z</time>
      </trkpt>
      <trkpt lat="46.452312" lon="11.992354">
        <ele>1266.123480</ele>
        <time>2026-08-21T10:33:26.487Z</time>
      </trkpt>
      <trkpt lat="46.452246" lon="11.992235">
        <ele>1265.230320</ele>
        <time>2026-08-21T10:33:27.201Z</time>
      </trkpt>
      <trkpt lat="46.452107" lon="11.992104">
        <ele>1263.823924</ele>
        <time>2026-08-21T10:33:28.312Z</time>
      </trkpt>
      <trkpt lat="46.451350" lon="11.991631">
        <ele>1256.388172</ele>
        <time>2026-08-21T10:33:33.898Z</time>
      </trkpt>
      <trkpt lat="46.450814" lon="11.991423">
        <ele>1249.796615</ele>
        <time>2026-08-21T10:33:37.738Z</time>
      </trkpt>
      <trkpt lat="46.450278" lon="11.991159">
        <ele>1243.072062</ele>
        <time>2026-08-21T10:33:41.560Z</time>
      </trkpt>
      <trkpt lat="46.449240" lon="11.990563">
        <ele>1233.388440</ele>
        <time>2026-08-21T10:33:49.029Z</time>
      </trkpt>
      <trkpt lat="46.449115" lon="11.990529">
        <ele>1232.677763</ele>
        <time>2026-08-21T10:33:49.916Z</time>
      </trkpt>
      <trkpt lat="46.448983" lon="11.990592">
        <ele>1231.901271</ele>
        <time>2026-08-21T10:33:50.925Z</time>
      </trkpt>
      <trkpt lat="46.448721" lon="11.990834">
        <ele>1230.165837</ele>
        <time>2026-08-21T10:33:53.365Z</time>
      </trkpt>
      <trkpt lat="46.448404" lon="11.991241">
        <ele>1227.800748</ele>
        <time>2026-08-21T10:33:58.318Z</time>
      </trkpt>
      <trkpt lat="46.448307" lon="11.991404">
        <ele>1226.971477</ele>
        <time>2026-08-21T10:34:01.312Z</time>
      </trkpt>
      <trkpt lat="46.448211" lon="11.991661">
        <ele>1226.630248</ele>
        <time>2026-08-21T10:34:05.954Z</time>
      </trkpt>
      <trkpt lat="46.448106" lon="11.991799">
        <ele>1226.766417</ele>
        <time>2026-08-21T10:34:09.362Z</time>
      </trkpt>
      <trkpt lat="46.447982" lon="11.991884">
        <ele>1226.898243</ele>
        <time>2026-08-21T10:34:12.570Z</time>
      </trkpt>
      <trkpt lat="46.447307" lon="11.992147">
        <ele>1227.570085</ele>
        <time>2026-08-21T10:34:23.502Z</time>
      </trkpt>
      <trkpt lat="46.446942" lon="11.992434">
        <ele>1227.969139</ele>
        <time>2026-08-21T10:34:27.231Z</time>
      </trkpt>
      <trkpt lat="46.446802" lon="11.992562">
        <ele>1228.128197</ele>
        <time>2026-08-21T10:34:28.843Z</time>
      </trkpt>
      <trkpt lat="46.446724" lon="11.992678">
        <ele>1228.235553</ele>
        <time>2026-08-21T10:34:30.095Z</time>
      </trkpt>
      <trkpt lat="46.446631" lon="11.992965">
        <ele>1228.489481</ele>
        <time>2026-08-21T10:34:33.478Z</time>
      </trkpt>
      <trkpt lat="46.446578" lon="11.993063">
        <ele>1228.589960</ele>
        <time>2026-08-21T10:34:35.126Z</time>
      </trkpt>
      <trkpt lat="46.446328" lon="11.993323">
        <ele>1228.949972</ele>
        <time>2026-08-21T10:34:42.152Z</time>
      </trkpt>
      <trkpt lat="46.446253" lon="11.993512">
        <ele>1229.125880</ele>
        <time>2026-08-21T10:34:46.019Z</time>
      </trkpt>
      <trkpt lat="46.446254" lon="11.993656">
        <ele>1229.242027</ele>
        <time>2026-08-21T10:34:48.624Z</time>
      </trkpt>
      <trkpt lat="46.446312" lon="11.994051">
        <ele>1229.567764</ele>
        <time>2026-08-21T10:34:55.514Z</time>
      </trkpt>
      <trkpt lat="46.446323" lon="11.994460">
        <ele>1229.897889</ele>
        <time>2026-08-21T10:35:01.085Z</time>
      </trkpt>
      <trkpt lat="46.446280" lon="11.994679">
        <ele>1230.081552</ele>
        <time>2026-08-21T10:35:03.298Z</time>
      </trkpt>
      <trkpt lat="46.446181" lon="11.994811">
        <ele>1230.238916</ele>
        <time>2026-08-21T10:35:04.682Z</time>
      </trkpt>
      <trkpt lat="46.446126" lon="11.994840">
        <ele>1230.307412</ele>
        <time>2026-08-21T10:35:05.212Z</time>
      </trkpt>
      <trkpt lat="46.446027" lon="11.994833">
        <ele>1229.832495</ele>
        <time>2026-08-21T10:35:06.065Z</time>
      </trkpt>
      <trkpt lat="46.445832" lon="11.994664">
        <ele>1227.973258</ele>
        <time>2026-08-21T10:35:07.831Z</time>
      </trkpt>
      <trkpt lat="46.445676" lon="11.994585">
        <ele>1226.620728</ele>
        <time>2026-08-21T10:35:09.052Z</time>
      </trkpt>
      <trkpt lat="46.444698" lon="11.994380">
        <ele>1218.531727</ele>
        <time>2026-08-21T10:35:15.869Z</time>
      </trkpt>
      <trkpt lat="46.444412" lon="11.994453">
        <ele>1216.154591</ele>
        <time>2026-08-21T10:35:17.838Z</time>
      </trkpt>
      <trkpt lat="46.444116" lon="11.994598">
        <ele>1212.970791</ele>
        <time>2026-08-21T10:35:19.948Z</time>
      </trkpt>
      <trkpt lat="46.443764" lon="11.994862">
        <ele>1208.725660</ele>
        <time>2026-08-21T10:35:22.630Z</time>
      </trkpt>
      <trkpt lat="46.443574" lon="11.995056">
        <ele>1206.236672</ele>
        <time>2026-08-21T10:35:24.212Z</time>
      </trkpt>
      <trkpt lat="46.443254" lon="11.995415">
        <ele>1201.903245</ele>
        <time>2026-08-21T10:35:26.980Z</time>
      </trkpt>
      <trkpt lat="46.443052" lon="11.995742">
        <ele>1198.661059</ele>
        <time>2026-08-21T10:35:29.051Z</time>
      </trkpt>
      <trkpt lat="46.442924" lon="11.996078">
        <ele>1195.987867</ele>
        <time>2026-08-21T10:35:30.877Z</time>
      </trkpt>
      <trkpt lat="46.442439" lon="11.997660">
        <ele>1187.102871</ele>
        <time>2026-08-21T10:35:39.262Z</time>
      </trkpt>
      <trkpt lat="46.442395" lon="11.997727">
        <ele>1186.627941</ele>
        <time>2026-08-21T10:35:39.744Z</time>
      </trkpt>
      <trkpt lat="46.442346" lon="11.997724">
        <ele>1186.262728</ele>
        <time>2026-08-21T10:35:40.095Z</time>
      </trkpt>
      <trkpt lat="46.442322" lon="11.997629">
        <ele>1185.743516</ele>
        <time>2026-08-21T10:35:40.599Z</time>
      </trkpt>
      <trkpt lat="46.442467" lon="11.997347">
        <ele>1183.938004</ele>
        <time>2026-08-21T10:35:42.411Z</time>
      </trkpt>
      <trkpt lat="46.442515" lon="11.997198">
        <ele>1183.094000</ele>
        <time>2026-08-21T10:35:43.275Z</time>
      </trkpt>
      <trkpt lat="46.442712" lon="11.996246">
        <ele>1181.995573</ele>
        <time>2026-08-21T10:35:48.651Z</time>
      </trkpt>
      <trkpt lat="46.442851" lon="11.995369">
        <ele>1181.097851</ele>
        <time>2026-08-21T10:35:57.138Z</time>
      </trkpt>
      <trkpt lat="46.442891" lon="11.995241">
        <ele>1180.957644</ele>
        <time>2026-08-21T10:35:58.712Z</time>
      </trkpt>
      <trkpt lat="46.443044" lon="11.994995">
        <ele>1180.627062</ele>
        <time>2026-08-21T10:36:02.442Z</time>
      </trkpt>
      <trkpt lat="46.443710" lon="11.994096">
        <ele>1177.209224</ele>
        <time>2026-08-21T10:36:12.215Z</time>
      </trkpt>
      <trkpt lat="46.443872" lon="11.993858">
        <ele>1176.205935</ele>
        <time>2026-08-21T10:36:14.038Z</time>
      </trkpt>
      <trkpt lat="46.443957" lon="11.993681">
        <ele>1175.558915</ele>
        <time>2026-08-21T10:36:15.155Z</time>
      </trkpt>
      <trkpt lat="46.444054" lon="11.993314">
        <ele>1174.380090</ele>
        <time>2026-08-21T10:36:17.113Z</time>
      </trkpt>
      <trkpt lat="46.444092" lon="11.993083">
        <ele>1173.667852</ele>
        <time>2026-08-21T10:36:18.264Z</time>
      </trkpt>
      <trkpt lat="46.444086" lon="11.992386">
        <ele>1171.243147</ele>
        <time>2026-08-21T10:36:21.564Z</time>
      </trkpt>
      <trkpt lat="46.444136" lon="11.992177">
        <ele>1170.346679</ele>
        <time>2026-08-21T10:36:22.605Z</time>
      </trkpt>
      <trkpt lat="46.444188" lon="11.992088">
        <ele>1169.873856</ele>
        <time>2026-08-21T10:36:23.153Z</time>
      </trkpt>
      <trkpt lat="46.444257" lon="11.992031">
        <ele>1169.406968</ele>
        <time>2026-08-21T10:36:23.695Z</time>
      </trkpt>
      <trkpt lat="46.444606" lon="11.991886">
        <ele>1167.272215</ele>
        <time>2026-08-21T10:36:26.267Z</time>
      </trkpt>
      <trkpt lat="46.444662" lon="11.991823">
        <ele>1166.855549</ele>
        <time>2026-08-21T10:36:26.800Z</time>
      </trkpt>
      <trkpt lat="46.444694" lon="11.991736">
        <ele>1166.455943</ele>
        <time>2026-08-21T10:36:27.325Z</time>
      </trkpt>
      <trkpt lat="46.444696" lon="11.991614">
        <ele>1165.961459</ele>
        <time>2026-08-21T10:36:27.998Z</time>
      </trkpt>
      <trkpt lat="46.444657" lon="11.991511">
        <ele>1165.485240</ele>
        <time>2026-08-21T10:36:28.652Z</time>
      </trkpt>
      <trkpt lat="46.444597" lon="11.991442">
        <ele>1165.035062</ele>
        <time>2026-08-21T10:36:29.289Z</time>
      </trkpt>
      <trkpt lat="46.444516" lon="11.991414">
        <ele>1164.545413</ele>
        <time>2026-08-21T10:36:29.983Z</time>
      </trkpt>
      <trkpt lat="46.444242" lon="11.991494">
        <ele>1162.901862</ele>
        <time>2026-08-21T10:36:32.423Z</time>
      </trkpt>
      <trkpt lat="46.443762" lon="11.991724">
        <ele>1159.552407</ele>
        <time>2026-08-21T10:36:37.162Z</time>
      </trkpt>
      <trkpt lat="46.443642" lon="11.991814">
        <ele>1158.610077</ele>
        <time>2026-08-21T10:36:38.340Z</time>
      </trkpt>
      <trkpt lat="46.443300" lon="11.992216">
        <ele>1155.539783</ele>
        <time>2026-08-21T10:36:41.846Z</time>
      </trkpt>
      <trkpt lat="46.443058" lon="11.992579">
        <ele>1153.111794</ele>
        <time>2026-08-21T10:36:44.361Z</time>
      </trkpt>
      <trkpt lat="46.442370" lon="11.993686">
        <ele>1143.132409</ele>
        <time>2026-08-21T10:36:51.212Z</time>
      </trkpt>
      <trkpt lat="46.442183" lon="11.994043">
        <ele>1139.223513</ele>
        <time>2026-08-21T10:36:53.259Z</time>
      </trkpt>
      <trkpt lat="46.442115" lon="11.994224">
        <ele>1137.426522</ele>
        <time>2026-08-21T10:36:54.208Z</time>
      </trkpt>
      <trkpt lat="46.441909" lon="11.995265">
        <ele>1127.985570</ele>
        <time>2026-08-21T10:36:59.258Z</time>
      </trkpt>
      <trkpt lat="46.441760" lon="11.996429">
        <ele>1121.735408</ele>
        <time>2026-08-21T10:37:04.957Z</time>
      </trkpt>
      <trkpt lat="46.441616" lon="11.996971">
        <ele>1118.965039</ele>
        <time>2026-08-21T10:37:07.971Z</time>
      </trkpt>
      <trkpt lat="46.441519" lon="11.997301">
        <ele>1117.254003</ele>
        <time>2026-08-21T10:37:09.909Z</time>
      </trkpt>
      <trkpt lat="46.441405" lon="11.997581">
        <ele>1115.702959</ele>
        <time>2026-08-21T10:37:11.633Z</time>
      </trkpt>
      <trkpt lat="46.440937" lon="11.998402">
        <ele>1109.987334</ele>
        <time>2026-08-21T10:37:16.984Z</time>
      </trkpt>
      <trkpt lat="46.440655" lon="11.998946">
        <ele>1106.166128</ele>
        <time>2026-08-21T10:37:20.304Z</time>
      </trkpt>
      <trkpt lat="46.439971" lon="11.999551">
        <ele>1099.640944</ele>
        <time>2026-08-21T10:37:25.815Z</time>
      </trkpt>
      <trkpt lat="46.439857" lon="11.999712">
        <ele>1098.350278</ele>
        <time>2026-08-21T10:37:26.912Z</time>
      </trkpt>
      <trkpt lat="46.439701" lon="12.000025">
        <ele>1096.191142</ele>
        <time>2026-08-21T10:37:28.768Z</time>
      </trkpt>
      <trkpt lat="46.439631" lon="12.000070">
        <ele>1095.570145</ele>
        <time>2026-08-21T10:37:29.306Z</time>
      </trkpt>
      <trkpt lat="46.439581" lon="12.000038">
        <ele>1095.126898</ele>
        <time>2026-08-21T10:37:29.684Z</time>
      </trkpt>
      <trkpt lat="46.439560" lon="11.999984">
        <ele>1094.780318</ele>
        <time>2026-08-21T10:37:29.985Z</time>
      </trkpt>
      <trkpt lat="46.439569" lon="11.999866">
        <ele>1094.116727</ele>
        <time>2026-08-21T10:37:30.562Z</time>
      </trkpt>
      <trkpt lat="46.439680" lon="11.999663">
        <ele>1092.668252</ele>
        <time>2026-08-21T10:37:31.813Z</time>
      </trkpt>
      <trkpt lat="46.439915" lon="11.998984">
        <ele>1088.421213</ele>
        <time>2026-08-21T10:37:35.571Z</time>
      </trkpt>
      <trkpt lat="46.440191" lon="11.998554">
        <ele>1085.136656</ele>
        <time>2026-08-21T10:37:38.506Z</time>
      </trkpt>
      <trkpt lat="46.440209" lon="11.998408">
        <ele>1084.049172</ele>
        <time>2026-08-21T10:37:39.243Z</time>
      </trkpt>
      <trkpt lat="46.440164" lon="11.998339">
        <ele>1083.308848</ele>
        <time>2026-08-21T10:37:39.709Z</time>
      </trkpt>
      <trkpt lat="46.440114" lon="11.998334">
        <ele>1082.742087</ele>
        <time>2026-08-21T10:37:40.076Z</time>
      </trkpt>
      <trkpt lat="46.439897" lon="11.998533">
        <ele>1079.839221</ele>
        <time>2026-08-21T10:37:41.885Z</time>
      </trkpt>
      <trkpt lat="46.439515" lon="11.998764">
        <ele>1075.159337</ele>
        <time>2026-08-21T10:37:44.701Z</time>
      </trkpt>
      <trkpt lat="46.438980" lon="11.999091">
        <ele>1068.594563</ele>
        <time>2026-08-21T10:37:48.587Z</time>
      </trkpt>
      <trkpt lat="46.438645" lon="11.999353">
        <ele>1064.364031</ele>
        <time>2026-08-21T10:37:51.108Z</time>
      </trkpt>
      <trkpt lat="46.438529" lon="11.999358">
        <ele>1063.339721</ele>
        <time>2026-08-21T10:37:51.890Z</time>
      </trkpt>
      <trkpt lat="46.438486" lon="11.999330">
        <ele>1062.923726</ele>
        <time>2026-08-21T10:37:52.203Z</time>
      </trkpt>
      <trkpt lat="46.438412" lon="11.999203">
        <ele>1061.912124</ele>
        <time>2026-08-21T10:37:52.985Z</time>
      </trkpt>
      <trkpt lat="46.438284" lon="11.998582">
        <ele>1057.969518</ele>
        <time>2026-08-21T10:37:56.042Z</time>
      </trkpt>
      <trkpt lat="46.438253" lon="11.998272">
        <ele>1056.064173</ele>
        <time>2026-08-21T10:37:57.543Z</time>
      </trkpt>
      <trkpt lat="46.438300" lon="11.998087">
        <ele>1054.864867</ele>
        <time>2026-08-21T10:37:58.508Z</time>
      </trkpt>
      <trkpt lat="46.438374" lon="11.997950">
        <ele>1053.806088</ele>
        <time>2026-08-21T10:37:59.377Z</time>
      </trkpt>
      <trkpt lat="46.438463" lon="11.997841">
        <ele>1052.778153</ele>
        <time>2026-08-21T10:38:00.240Z</time>
      </trkpt>
      <trkpt lat="46.438551" lon="11.997788">
        <ele>1051.937190</ele>
        <time>2026-08-21T10:38:00.935Z</time>
      </trkpt>
      <trkpt lat="46.438635" lon="11.997789">
        <ele>1051.195750</ele>
        <time>2026-08-21T10:38:01.560Z</time>
      </trkpt>
      <trkpt lat="46.438917" lon="11.997887">
        <ele>1048.658329</ele>
        <time>2026-08-21T10:38:03.721Z</time>
      </trkpt>
      <trkpt lat="46.439019" lon="11.997876">
        <ele>1047.933343</ele>
        <time>2026-08-21T10:38:04.486Z</time>
      </trkpt>
      <trkpt lat="46.439116" lon="11.997809">
        <ele>1047.171876</ele>
        <time>2026-08-21T10:38:05.331Z</time>
      </trkpt>
      <trkpt lat="46.439174" lon="11.997729">
        <ele>1046.604677</ele>
        <time>2026-08-21T10:38:05.989Z</time>
      </trkpt>
      <trkpt lat="46.439252" lon="11.997526">
        <ele>1045.469382</ele>
        <time>2026-08-21T10:38:07.328Z</time>
      </trkpt>
      <trkpt lat="46.439302" lon="11.996977">
        <ele>1042.764413</ele>
        <time>2026-08-21T10:38:10.227Z</time>
      </trkpt>
      <trkpt lat="46.439382" lon="11.996778">
        <ele>1041.639068</ele>
        <time>2026-08-21T10:38:11.350Z</time>
      </trkpt>
      <trkpt lat="46.439551" lon="11.996633">
        <ele>1040.247450</ele>
        <time>2026-08-21T10:38:12.709Z</time>
      </trkpt>
      <trkpt lat="46.439819" lon="11.996574">
        <ele>1038.326089</ele>
        <time>2026-08-21T10:38:14.558Z</time>
      </trkpt>
      <trkpt lat="46.439879" lon="11.996536">
        <ele>1037.862059</ele>
        <time>2026-08-21T10:38:15.004Z</time>
      </trkpt>
      <trkpt lat="46.439917" lon="11.996458">
        <ele>1037.395469</ele>
        <time>2026-08-21T10:38:15.457Z</time>
      </trkpt>
      <trkpt lat="46.439947" lon="11.996168">
        <ele>1035.962277</ele>
        <time>2026-08-21T10:38:16.850Z</time>
      </trkpt>
      <trkpt lat="46.439921" lon="11.995461">
        <ele>1032.426904</ele>
        <time>2026-08-21T10:38:20.297Z</time>
      </trkpt>
      <trkpt lat="46.439974" lon="11.995070">
        <ele>1030.437063</ele>
        <time>2026-08-21T10:38:22.272Z</time>
      </trkpt>
      <trkpt lat="46.439947" lon="11.995012">
        <ele>1030.087555</ele>
        <time>2026-08-21T10:38:22.621Z</time>
      </trkpt>
      <trkpt lat="46.439905" lon="11.995000">
        <ele>1029.777374</ele>
        <time>2026-08-21T10:38:22.927Z</time>
      </trkpt>
      <trkpt lat="46.439855" lon="11.995063">
        <ele>1029.297550</ele>
        <time>2026-08-21T10:38:23.393Z</time>
      </trkpt>
      <trkpt lat="46.439813" lon="11.995335">
        <ele>1027.905657</ele>
        <time>2026-08-21T10:38:24.749Z</time>
      </trkpt>
      <trkpt lat="46.439738" lon="11.995567">
        <ele>1026.626040</ele>
        <time>2026-08-21T10:38:26.005Z</time>
      </trkpt>
      <trkpt lat="46.439658" lon="11.995705">
        <ele>1025.725543</ele>
        <time>2026-08-21T10:38:26.906Z</time>
      </trkpt>
      <trkpt lat="46.439454" lon="11.995914">
        <ele>1023.916045</ele>
        <time>2026-08-21T10:38:28.769Z</time>
      </trkpt>
      <trkpt lat="46.439423" lon="11.995943">
        <ele>1023.648784</ele>
        <time>2026-08-21T10:38:29.051Z</time>
      </trkpt>
      <trkpt lat="46.438964" lon="11.996362">
        <ele>1020.127517</ele>
        <time>2026-08-21T10:38:33.242Z</time>
      </trkpt>
      <trkpt lat="46.438799" lon="11.996564">
        <ele>1018.759882</ele>
        <time>2026-08-21T10:38:34.799Z</time>
      </trkpt>
      <trkpt lat="46.438710" lon="11.996565">
        <ele>1018.196027</ele>
        <time>2026-08-21T10:38:35.422Z</time>
      </trkpt>
      <trkpt lat="46.438689" lon="11.996518">
        <ele>1017.951478</ele>
        <time>2026-08-21T10:38:35.697Z</time>
      </trkpt>
      <trkpt lat="46.438699" lon="11.996444">
        <ele>1017.622254</ele>
        <time>2026-08-21T10:38:36.063Z</time>
      </trkpt>
      <trkpt lat="46.438906" lon="11.996150">
        <ele>1015.787242</ele>
        <time>2026-08-21T10:38:38.124Z</time>
      </trkpt>
      <trkpt lat="46.439071" lon="11.995682">
        <ele>1013.492175</ele>
        <time>2026-08-21T10:38:40.731Z</time>
      </trkpt>
      <trkpt lat="46.439087" lon="11.995643">
        <ele>1013.294021</ele>
        <time>2026-08-21T10:38:40.957Z</time>
      </trkpt>
      <trkpt lat="46.439233" lon="11.995282">
        <ele>1011.501800</ele>
        <time>2026-08-21T10:38:43.066Z</time>
      </trkpt>
      <trkpt lat="46.439484" lon="11.994801">
        <ele>1009.756953</ele>
        <time>2026-08-21T10:38:46.125Z</time>
      </trkpt>
      <trkpt lat="46.439551" lon="11.994594">
        <ele>1009.095577</ele>
        <time>2026-08-21T10:38:47.299Z</time>
      </trkpt>
      <trkpt lat="46.439634" lon="11.994095">
        <ele>1007.611057</ele>
        <time>2026-08-21T10:38:49.923Z</time>
      </trkpt>
      <trkpt lat="46.439668" lon="11.993578">
        <ele>1006.109132</ele>
        <time>2026-08-21T10:38:52.799Z</time>
      </trkpt>
      <trkpt lat="46.439649" lon="11.993295">
        <ele>1005.286838</ele>
        <time>2026-08-21T10:38:54.442Z</time>
      </trkpt>
      <trkpt lat="46.439604" lon="11.993065">
        <ele>1004.595404</ele>
        <time>2026-08-21T10:38:55.860Z</time>
      </trkpt>
      <trkpt lat="46.439542" lon="11.992914">
        <ele>1004.087083</ele>
        <time>2026-08-21T10:38:56.949Z</time>
      </trkpt>
      <trkpt lat="46.439356" lon="11.992643">
        <ele>1004.342463</ele>
        <time>2026-08-21T10:38:59.421Z</time>
      </trkpt>
      <trkpt lat="46.439268" lon="11.992416">
        <ele>1004.573647</ele>
        <time>2026-08-21T10:39:01.210Z</time>
      </trkpt>
      <trkpt lat="46.439243" lon="11.992089">
        <ele>1004.865681</ele>
        <time>2026-08-21T10:39:03.745Z</time>
      </trkpt>
      <trkpt lat="46.439449" lon="11.991666">
        <ele>1005.325439</ele>
        <time>2026-08-21T10:39:08.894Z</time>
      </trkpt>
      <trkpt lat="46.439638" lon="11.991323">
        <ele>1005.715254</ele>
        <time>2026-08-21T10:39:14.981Z</time>
      </trkpt>
      <trkpt lat="46.440269" lon="11.990655">
        <ele>1006.947692</ele>
        <time>2026-08-21T10:39:35.690Z</time>
      </trkpt>
      <trkpt lat="46.440593" lon="11.990323">
        <ele>1007.761467</ele>
        <time>2026-08-21T10:39:44.072Z</time>
      </trkpt>
      <trkpt lat="46.440702" lon="11.990178">
        <ele>1008.064849</ele>
        <time>2026-08-21T10:39:46.722Z</time>
      </trkpt>
      <trkpt lat="46.440807" lon="11.989996">
        <ele>1008.400442</ele>
        <time>2026-08-21T10:39:49.475Z</time>
      </trkpt>
      <trkpt lat="46.440819" lon="11.989975">
        <ele>1008.439013</ele>
        <time>2026-08-21T10:39:49.794Z</time>
      </trkpt>
      <trkpt lat="46.440930" lon="11.989693">
        <ele>1008.898173</ele>
        <time>2026-08-21T10:39:53.274Z</time>
      </trkpt>
      <trkpt lat="46.441048" lon="11.989269">
        <ele>1009.544680</ele>
        <time>2026-08-21T10:39:58.558Z</time>
      </trkpt>
      <trkpt lat="46.441072" lon="11.989029">
        <ele>1009.887554</ele>
        <time>2026-08-21T10:40:00.975Z</time>
      </trkpt>
      <trkpt lat="46.441040" lon="11.988740">
        <ele>1010.162494</ele>
        <time>2026-08-21T10:40:03.380Z</time>
      </trkpt>
      <trkpt lat="46.440936" lon="11.988279">
        <ele>1010.497641</ele>
        <time>2026-08-21T10:40:06.748Z</time>
      </trkpt>
      <trkpt lat="46.440847" lon="11.987941">
        <ele>1010.747639</ele>
        <time>2026-08-21T10:40:09.445Z</time>
      </trkpt>
      <trkpt lat="46.440785" lon="11.987838">
        <ele>1010.842131</ele>
        <time>2026-08-21T10:40:10.595Z</time>
      </trkpt>
      <trkpt lat="46.440689" lon="11.987806">
        <ele>1010.940890</ele>
        <time>2026-08-21T10:40:11.888Z</time>
      </trkpt>
      <trkpt lat="46.440297" lon="11.987912">
        <ele>1011.340688</ele>
        <time>2026-08-21T10:40:18.224Z</time>
      </trkpt>
      <trkpt lat="46.440176" lon="11.987914">
        <ele>1011.462015</ele>
        <time>2026-08-21T10:40:20.368Z</time>
      </trkpt>
      <trkpt lat="46.440031" lon="11.987859">
        <ele>1011.612281</ele>
        <time>2026-08-21T10:40:23.141Z</time>
      </trkpt>
      <trkpt lat="46.439897" lon="11.987727">
        <ele>1011.774665</ele>
        <time>2026-08-21T10:40:26.275Z</time>
      </trkpt>
      <trkpt lat="46.439206" lon="11.986676">
        <ele>1015.511786</ele>
        <time>2026-08-21T10:40:47.145Z</time>
      </trkpt>
      <trkpt lat="46.439108" lon="11.986569">
        <ele>1015.990360</ele>
        <time>2026-08-21T10:40:49.990Z</time>
      </trkpt>
      <trkpt lat="46.439072" lon="11.986548">
        <ele>1016.141765</ele>
        <time>2026-08-21T10:40:50.889Z</time>
      </trkpt>
      <trkpt lat="46.438915" lon="11.986457">
        <ele>1016.801476</ele>
        <time>2026-08-21T10:40:54.998Z</time>
      </trkpt>
      <trkpt lat="46.438544" lon="11.986379">
        <ele>1018.264310</ele>
        <time>2026-08-21T10:41:05.425Z</time>
      </trkpt>
      <trkpt lat="46.438364" lon="11.986296">
        <ele>1019.176283</ele>
        <time>2026-08-21T10:41:11.362Z</time>
      </trkpt>
      <trkpt lat="46.438181" lon="11.986140">
        <ele>1020.973675</ele>
        <time>2026-08-21T10:41:18.567Z</time>
      </trkpt>
      <trkpt lat="46.438014" lon="11.985832">
        <ele>1023.260846</ele>
        <time>2026-08-21T10:41:28.433Z</time>
      </trkpt>
      <trkpt lat="46.437295" lon="11.983724">
        <ele>1037.142980</ele>
        <time>2026-08-21T10:42:37.478Z</time>
      </trkpt>
      <trkpt lat="46.437226" lon="11.983254">
        <ele>1040.097481</ele>
        <time>2026-08-21T10:42:49.362Z</time>
      </trkpt>
      <trkpt lat="46.437167" lon="11.982554">
        <ele>1044.433305</ele>
        <time>2026-08-21T10:43:07.974Z</time>
      </trkpt>
      <trkpt lat="46.437139" lon="11.982164">
        <ele>1046.844090</ele>
        <time>2026-08-21T10:43:18.470Z</time>
      </trkpt>
      <trkpt lat="46.437102" lon="11.981955">
        <ele>1048.170791</ele>
        <time>2026-08-21T10:43:24.237Z</time>
      </trkpt>
      <trkpt lat="46.437025" lon="11.981618">
        <ele>1050.419938</ele>
        <time>2026-08-21T10:43:33.927Z</time>
      </trkpt>
      <trkpt lat="46.436934" lon="11.981418">
        <ele>1052.330806</ele>
        <time>2026-08-21T10:43:40.983Z</time>
      </trkpt>
      <trkpt lat="46.436283" lon="11.980633">
        <ele>1062.123931</ele>
        <time>2026-08-21T10:44:26.509Z</time>
      </trkpt>
      <trkpt lat="46.436071" lon="11.980472">
        <ele>1064.892335</ele>
        <time>2026-08-21T10:44:40.224Z</time>
      </trkpt>
      <trkpt lat="46.435840" lon="11.980367">
        <ele>1067.693001</ele>
        <time>2026-08-21T10:44:53.013Z</time>
      </trkpt>
      <trkpt lat="46.435624" lon="11.980332">
        <ele>1070.207593</ele>
        <time>2026-08-21T10:45:03.873Z</time>
      </trkpt>
      <trkpt lat="46.435403" lon="11.980339">
        <ele>1071.740831</ele>
        <time>2026-08-21T10:45:13.779Z</time>
      </trkpt>
      <trkpt lat="46.435141" lon="11.980332">
        <ele>1073.070984</ele>
        <time>2026-08-21T10:45:24.026Z</time>
      </trkpt>
      <trkpt lat="46.434669" lon="11.980141">
        <ele>1075.558313</ele>
        <time>2026-08-21T10:45:37.727Z</time>
      </trkpt>
      <trkpt lat="46.433663" lon="11.980092">
        <ele>1080.919151</ele>
        <time>2026-08-21T10:45:54.985Z</time>
      </trkpt>
      <trkpt lat="46.433473" lon="11.979941">
        <ele>1082.481536</ele>
        <time>2026-08-21T10:45:59.579Z</time>
      </trkpt>
      <trkpt lat="46.433247" lon="11.979622">
        <ele>1084.755484</ele>
        <time>2026-08-21T10:46:08.319Z</time>
      </trkpt>
      <trkpt lat="46.433123" lon="11.979355">
        <ele>1086.355823</ele>
        <time>2026-08-21T10:46:16.089Z</time>
      </trkpt>
      <trkpt lat="46.432464" lon="11.977264">
        <ele>1097.702799</ele>
        <time>2026-08-21T10:47:26.992Z</time>
      </trkpt>
      <trkpt lat="46.432355" lon="11.976919">
        <ele>1099.556768</ele>
        <time>2026-08-21T10:47:36.776Z</time>
      </trkpt>
      <trkpt lat="46.432193" lon="11.976446">
        <ele>1102.136957</ele>
        <time>2026-08-21T10:47:48.698Z</time>
      </trkpt>
      <trkpt lat="46.432174" lon="11.976279">
        <ele>1102.963797</ele>
        <time>2026-08-21T10:47:51.850Z</time>
      </trkpt>
      <trkpt lat="46.432194" lon="11.976040">
        <ele>1104.139893</ele>
        <time>2026-08-21T10:47:55.883Z</time>
      </trkpt>
      <trkpt lat="46.432240" lon="11.975306">
        <ele>1107.090384</ele>
        <time>2026-08-21T10:48:05.406Z</time>
      </trkpt>
      <trkpt lat="46.432232" lon="11.975087">
        <ele>1107.804580</ele>
        <time>2026-08-21T10:48:08.486Z</time>
      </trkpt>
      <trkpt lat="46.432140" lon="11.974490">
        <ele>1109.796776</ele>
        <time>2026-08-21T10:48:18.998Z</time>
      </trkpt>
      <trkpt lat="46.432000" lon="11.973958">
        <ele>1111.651287</ele>
        <time>2026-08-21T10:48:30.100Z</time>
      </trkpt>
      <trkpt lat="46.431995" lon="11.973780">
        <ele>1112.231445</ele>
        <time>2026-08-21T10:48:33.621Z</time>
      </trkpt>
      <trkpt lat="46.432042" lon="11.973624">
        <ele>1112.785895</ele>
        <time>2026-08-21T10:48:36.966Z</time>
      </trkpt>
      <trkpt lat="46.432152" lon="11.973488">
        <ele>1113.468764</ele>
        <time>2026-08-21T10:48:41.266Z</time>
      </trkpt>
      <trkpt lat="46.432256" lon="11.973439">
        <ele>1113.985434</ele>
        <time>2026-08-21T10:48:44.703Z</time>
      </trkpt>
      <trkpt lat="46.432357" lon="11.973459">
        <ele>1114.567735</ele>
        <time>2026-08-21T10:48:48.028Z</time>
      </trkpt>
      <trkpt lat="46.432498" lon="11.973580">
        <ele>1115.780274</ele>
        <time>2026-08-21T10:48:53.655Z</time>
      </trkpt>
      <trkpt lat="46.432560" lon="11.973731">
        <ele>1116.676927</ele>
        <time>2026-08-21T10:48:58.025Z</time>
      </trkpt>
      <trkpt lat="46.432632" lon="11.974383">
        <ele>1120.045470</ele>
        <time>2026-08-21T10:49:15.678Z</time>
      </trkpt>
      <trkpt lat="46.432705" lon="11.975035">
        <ele>1123.415188</ele>
        <time>2026-08-21T10:49:33.317Z</time>
      </trkpt>
      <trkpt lat="46.432761" lon="11.975239">
        <ele>1124.535383</ele>
        <time>2026-08-21T10:49:38.857Z</time>
      </trkpt>
      <trkpt lat="46.432864" lon="11.975365">
        <ele>1125.532579</ele>
        <time>2026-08-21T10:49:43.569Z</time>
      </trkpt>
      <trkpt lat="46.432981" lon="11.975414">
        <ele>1126.433949</ele>
        <time>2026-08-21T10:49:47.740Z</time>
      </trkpt>
      <trkpt lat="46.433106" lon="11.975396">
        <ele>1127.363725</ele>
        <time>2026-08-21T10:49:51.969Z</time>
      </trkpt>
      <trkpt lat="46.433222" lon="11.975287">
        <ele>1128.157360</ele>
        <time>2026-08-21T10:49:56.541Z</time>
      </trkpt>
      <trkpt lat="46.433299" lon="11.975091">
        <ele>1128.971616</ele>
        <time>2026-08-21T10:50:01.570Z</time>
      </trkpt>
      <trkpt lat="46.433307" lon="11.974927">
        <ele>1129.565003</ele>
        <time>2026-08-21T10:50:05.190Z</time>
      </trkpt>
      <trkpt lat="46.433197" lon="11.974323">
        <ele>1131.819777</ele>
        <time>2026-08-21T10:50:18.549Z</time>
      </trkpt>
      <trkpt lat="46.433140" lon="11.973621">
        <ele>1134.370954</ele>
        <time>2026-08-21T10:50:33.044Z</time>
      </trkpt>
      <trkpt lat="46.432886" lon="11.971664">
        <ele>1139.112921</ele>
        <time>2026-08-21T10:51:03.283Z</time>
      </trkpt>
      <trkpt lat="46.432790" lon="11.971281">
        <ele>1139.790935</ele>
        <time>2026-08-21T10:51:07.531Z</time>
      </trkpt>
      <trkpt lat="46.432495" lon="11.970607">
        <ele>1141.119253</ele>
        <time>2026-08-21T10:51:16.043Z</time>
      </trkpt>
      <trkpt lat="46.432424" lon="11.970378">
        <ele>1141.665545</ele>
        <time>2026-08-21T10:51:18.921Z</time>
      </trkpt>
      <trkpt lat="46.432161" lon="11.969083">
        <ele>1145.576037</ele>
        <time>2026-08-21T10:51:40.034Z</time>
      </trkpt>
      <trkpt lat="46.432122" lon="11.968972">
        <ele>1145.936923</ele>
        <time>2026-08-21T10:51:42.670Z</time>
      </trkpt>
      <trkpt lat="46.431976" lon="11.968634">
        <ele>1147.092351</ele>
        <time>2026-08-21T10:51:51.280Z</time>
      </trkpt>
      <trkpt lat="46.431751" lon="11.967967">
        <ele>1149.449150</ele>
        <time>2026-08-21T10:52:06.735Z</time>
      </trkpt>
      <trkpt lat="46.431627" lon="11.967767">
        <ele>1150.728477</ele>
        <time>2026-08-21T10:52:12.347Z</time>
      </trkpt>
      <trkpt lat="46.431082" lon="11.967081">
        <ele>1155.706862</ele>
        <time>2026-08-21T10:52:35.770Z</time>
      </trkpt>
      <trkpt lat="46.430938" lon="11.966838">
        <ele>1157.230905</ele>
        <time>2026-08-21T10:52:43.204Z</time>
      </trkpt>
      <trkpt lat="46.430875" lon="11.966612">
        <ele>1158.390266</ele>
        <time>2026-08-21T10:52:48.939Z</time>
      </trkpt>
      <trkpt lat="46.430772" lon="11.965846">
        <ele>1162.408123</ele>
        <time>2026-08-21T10:53:08.441Z</time>
      </trkpt>
      <trkpt lat="46.430452" lon="11.963542">
        <ele>1178.041119</ele>
        <time>2026-08-21T10:54:19.972Z</time>
      </trkpt>
      <trkpt lat="46.430430" lon="11.962540">
        <ele>1183.851331</ele>
        <time>2026-08-21T10:54:50.604Z</time>
      </trkpt>
      <trkpt lat="46.430410" lon="11.962249">
        <ele>1185.519204</ele>
        <time>2026-08-21T10:54:59.481Z</time>
      </trkpt>
      <trkpt lat="46.430354" lon="11.962029">
        <ele>1186.856751</ele>
        <time>2026-08-21T10:55:06.458Z</time>
      </trkpt>
      <trkpt lat="46.430252" lon="11.961827">
        <ele>1188.284899</ele>
        <time>2026-08-21T10:55:13.841Z</time>
      </trkpt>
      <trkpt lat="46.430096" lon="11.961642">
        <ele>1189.952101</ele>
        <time>2026-08-21T10:55:21.892Z</time>
      </trkpt>
      <trkpt lat="46.429091" lon="11.960808">
        <ele>1195.053239</ele>
        <time>2026-08-21T10:55:51.646Z</time>
      </trkpt>
      <trkpt lat="46.427976" lon="11.959909">
        <ele>1197.297345</ele>
        <time>2026-08-21T10:56:08.508Z</time>
      </trkpt>
      <trkpt lat="46.427813" lon="11.959711">
        <ele>1197.328457</ele>
        <time>2026-08-21T10:56:10.633Z</time>
      </trkpt>
      <trkpt lat="46.427697" lon="11.959498">
        <ele>1197.355839</ele>
        <time>2026-08-21T10:56:12.545Z</time>
      </trkpt>
      <trkpt lat="46.427510" lon="11.958959">
        <ele>1197.416708</ele>
        <time>2026-08-21T10:56:16.974Z</time>
      </trkpt>
      <trkpt lat="46.427480" lon="11.958857">
        <ele>1197.427895</ele>
        <time>2026-08-21T10:56:17.830Z</time>
      </trkpt>
      <trkpt lat="46.427300" lon="11.958334">
        <ele>1197.486862</ele>
        <time>2026-08-21T10:56:22.817Z</time>
      </trkpt>
      <trkpt lat="46.427236" lon="11.958067">
        <ele>1197.515377</ele>
        <time>2026-08-21T10:56:25.555Z</time>
      </trkpt>
      <trkpt lat="46.427224" lon="11.957854">
        <ele>1197.608443</ele>
        <time>2026-08-21T10:56:27.768Z</time>
      </trkpt>
      <trkpt lat="46.427259" lon="11.957216">
        <ele>1198.561877</ele>
        <time>2026-08-21T10:56:34.765Z</time>
      </trkpt>
      <trkpt lat="46.427350" lon="11.955528">
        <ele>1201.084167</ele>
        <time>2026-08-21T10:56:58.103Z</time>
      </trkpt>
      <trkpt lat="46.427415" lon="11.954324">
        <ele>1203.522275</ele>
        <time>2026-08-21T10:57:16.400Z</time>
      </trkpt>
      <trkpt lat="46.427443" lon="11.953648">
        <ele>1204.971422</ele>
        <time>2026-08-21T10:57:26.863Z</time>
      </trkpt>
      <trkpt lat="46.427458" lon="11.953150">
        <ele>1206.038082</ele>
        <time>2026-08-21T10:57:34.329Z</time>
      </trkpt>
      <trkpt lat="46.427447" lon="11.952791">
        <ele>1206.807046</ele>
        <time>2026-08-21T10:57:39.496Z</time>
      </trkpt>
      <trkpt lat="46.427402" lon="11.952455">
        <ele>1207.582444</ele>
        <time>2026-08-21T10:57:44.309Z</time>
      </trkpt>
      <trkpt lat="46.427012" lon="11.950043">
        <ele>1213.302898</ele>
        <time>2026-08-21T10:58:23.319Z</time>
      </trkpt>
      <trkpt lat="46.426961" lon="11.949722">
        <ele>1214.048980</ele>
        <time>2026-08-21T10:58:28.695Z</time>
      </trkpt>
      <trkpt lat="46.426902" lon="11.949360">
        <ele>1214.891468</ele>
        <time>2026-08-21T10:58:34.755Z</time>
      </trkpt>
      <trkpt lat="46.426846" lon="11.948576">
        <ele>1216.676629</ele>
        <time>2026-08-21T10:58:47.407Z</time>
      </trkpt>
      <trkpt lat="46.426785" lon="11.948063">
        <ele>1217.855667</ele>
        <time>2026-08-21T10:58:55.413Z</time>
      </trkpt>
      <trkpt lat="46.426646" lon="11.947494">
        <ele>1219.182758</ele>
        <time>2026-08-21T10:59:04.064Z</time>
      </trkpt>
      <trkpt lat="46.426502" lon="11.947077">
        <ele>1220.086985</ele>
        <time>2026-08-21T10:59:10.324Z</time>
      </trkpt>
      <trkpt lat="46.425910" lon="11.945887">
        <ele>1222.932191</ele>
        <time>2026-08-21T10:59:29.778Z</time>
      </trkpt>
      <trkpt lat="46.425672" lon="11.945431">
        <ele>1224.071045</ele>
        <time>2026-08-21T10:59:38.637Z</time>
      </trkpt>
      <trkpt lat="46.425597" lon="11.945239">
        <ele>1224.835062</ele>
        <time>2026-08-21T10:59:42.437Z</time>
      </trkpt>
      <trkpt lat="46.425526" lon="11.944959">
        <ele>1225.867931</ele>
        <time>2026-08-21T10:59:47.829Z</time>
      </trkpt>
      <trkpt lat="46.425499" lon="11.944747">
        <ele>1226.614298</ele>
        <time>2026-08-21T10:59:51.971Z</time>
      </trkpt>
      <trkpt lat="46.425496" lon="11.944708">
        <ele>1226.750154</ele>
        <time>2026-08-21T10:59:52.740Z</time>
      </trkpt>
      <trkpt lat="46.425491" lon="11.944496">
        <ele>1227.484527</ele>
        <time>2026-08-21T10:59:56.886Z</time>
      </trkpt>
      <trkpt lat="46.425522" lon="11.944292">
        <ele>1228.207733</ele>
        <time>2026-08-21T11:00:01.049Z</time>
      </trkpt>
      <trkpt lat="46.425683" lon="11.943826">
        <ele>1230.012331</ele>
        <time>2026-08-21T11:00:11.587Z</time>
      </trkpt>
      <trkpt lat="46.425748" lon="11.943483">
        <ele>1231.243851</ele>
        <time>2026-08-21T11:00:18.927Z</time>
      </trkpt>
      <trkpt lat="46.425749" lon="11.943278">
        <ele>1231.953575</ele>
        <time>2026-08-21T11:00:23.217Z</time>
      </trkpt>
      <trkpt lat="46.425659" lon="11.942547">
        <ele>1235.249197</ele>
        <time>2026-08-21T11:00:38.266Z</time>
      </trkpt>
      <trkpt lat="46.425463" lon="11.940956">
        <ele>1243.570828</ele>
        <time>2026-08-21T11:01:14.025Z</time>
      </trkpt>
      <trkpt lat="46.425433" lon="11.940716">
        <ele>1244.826711</ele>
        <time>2026-08-21T11:01:21.417Z</time>
      </trkpt>
      <trkpt lat="46.425379" lon="11.940578">
        <ele>1245.643764</ele>
        <time>2026-08-21T11:01:26.585Z</time>
      </trkpt>
      <trkpt lat="46.425237" lon="11.940513">
        <ele>1246.887803</ele>
        <time>2026-08-21T11:01:33.815Z</time>
      </trkpt>
      <trkpt lat="46.425027" lon="11.940489">
        <ele>1249.191625</ele>
        <time>2026-08-21T11:01:44.460Z</time>
      </trkpt>
      <trkpt lat="46.424792" lon="11.940465">
        <ele>1251.768110</ele>
        <time>2026-08-21T11:01:57.074Z</time>
      </trkpt>
      <trkpt lat="46.424667" lon="11.940515">
        <ele>1253.186210</ele>
        <time>2026-08-21T11:02:04.079Z</time>
      </trkpt>
      <trkpt lat="46.424496" lon="11.940704">
        <ele>1255.537313</ele>
        <time>2026-08-21T11:02:15.799Z</time>
      </trkpt>
      <trkpt lat="46.424388" lon="11.940942">
        <ele>1257.685431</ele>
        <time>2026-08-21T11:02:26.336Z</time>
      </trkpt>
      <trkpt lat="46.424284" lon="11.941411">
        <ele>1261.399574</ele>
        <time>2026-08-21T11:02:43.597Z</time>
      </trkpt>
      <trkpt lat="46.424232" lon="11.941513">
        <ele>1262.355987</ele>
        <time>2026-08-21T11:02:47.811Z</time>
      </trkpt>
      <trkpt lat="46.424108" lon="11.941552">
        <ele>1263.743643</ele>
        <time>2026-08-21T11:02:53.352Z</time>
      </trkpt>
      <trkpt lat="46.424037" lon="11.941500">
        <ele>1264.613494</ele>
        <time>2026-08-21T11:02:56.620Z</time>
      </trkpt>
      <trkpt lat="46.423991" lon="11.941391">
        <ele>1265.577000</ele>
        <time>2026-08-21T11:03:00.181Z</time>
      </trkpt>
      <trkpt lat="46.424089" lon="11.940493">
        <ele>1269.872352</ele>
        <time>2026-08-21T11:03:20.065Z</time>
      </trkpt>
      <trkpt lat="46.424083" lon="11.940134">
        <ele>1271.477888</ele>
        <time>2026-08-21T11:03:26.464Z</time>
      </trkpt>
      <trkpt lat="46.423687" lon="11.939000">
        <ele>1277.161420</ele>
        <time>2026-08-21T11:03:51.180Z</time>
      </trkpt>
      <trkpt lat="46.423488" lon="11.937789">
        <ele>1285.477500</ele>
        <time>2026-08-21T11:04:26.892Z</time>
      </trkpt>
      <trkpt lat="46.423391" lon="11.937531">
        <ele>1287.526132</ele>
        <time>2026-08-21T11:04:37.152Z</time>
      </trkpt>
      <trkpt lat="46.423281" lon="11.937317">
        <ele>1289.387016</ele>
        <time>2026-08-21T11:04:46.899Z</time>
      </trkpt>
      <trkpt lat="46.423068" lon="11.937196">
        <ele>1291.700303</ele>
        <time>2026-08-21T11:04:58.641Z</time>
      </trkpt>
      <trkpt lat="46.422791" lon="11.937144">
        <ele>1294.524902</ele>
        <time>2026-08-21T11:05:12.392Z</time>
      </trkpt>
      <trkpt lat="46.422540" lon="11.937146">
        <ele>1296.856835</ele>
        <time>2026-08-21T11:05:24.133Z</time>
      </trkpt>
      <trkpt lat="46.422441" lon="11.937099">
        <ele>1297.706001</ele>
        <time>2026-08-21T11:05:28.842Z</time>
      </trkpt>
      <trkpt lat="46.422374" lon="11.936993">
        <ele>1298.514167</ele>
        <time>2026-08-21T11:05:33.254Z</time>
      </trkpt>
      <trkpt lat="46.422362" lon="11.936858">
        <ele>1299.279076</ele>
        <time>2026-08-21T11:05:37.315Z</time>
      </trkpt>
      <trkpt lat="46.422756" lon="11.935413">
        <ele>1308.011336</ele>
        <time>2026-08-21T11:06:15.391Z</time>
      </trkpt>
      <trkpt lat="46.422895" lon="11.934993">
        <ele>1310.629412</ele>
        <time>2026-08-21T11:06:25.361Z</time>
      </trkpt>
      <trkpt lat="46.423045" lon="11.934800">
        <ele>1312.571101</ele>
        <time>2026-08-21T11:06:32.041Z</time>
      </trkpt>
      <trkpt lat="46.423131" lon="11.934638">
        <ele>1313.940368</ele>
        <time>2026-08-21T11:06:37.039Z</time>
      </trkpt>
      <trkpt lat="46.423158" lon="11.934475">
        <ele>1315.062985</ele>
        <time>2026-08-21T11:06:41.318Z</time>
      </trkpt>
      <trkpt lat="46.423137" lon="11.934326">
        <ele>1316.081419</ele>
        <time>2026-08-21T11:06:45.335Z</time>
      </trkpt>
      <trkpt lat="46.423055" lon="11.934215">
        <ele>1317.170963</ele>
        <time>2026-08-21T11:06:49.767Z</time>
      </trkpt>
      <trkpt lat="46.422920" lon="11.934159">
        <ele>1318.535007</ele>
        <time>2026-08-21T11:06:55.551Z</time>
      </trkpt>
      <trkpt lat="46.422502" lon="11.934183">
        <ele>1322.598922</ele>
        <time>2026-08-21T11:07:14.441Z</time>
      </trkpt>
      <trkpt lat="46.421536" lon="11.934451">
        <ele>1332.023238</ele>
        <time>2026-08-21T11:08:05.388Z</time>
      </trkpt>
      <trkpt lat="46.421424" lon="11.934432">
        <ele>1333.083224</ele>
        <time>2026-08-21T11:08:10.589Z</time>
      </trkpt>
      <trkpt lat="46.421335" lon="11.934339">
        <ele>1334.114284</ele>
        <time>2026-08-21T11:08:15.525Z</time>
      </trkpt>
      <trkpt lat="46.421279" lon="11.934192">
        <ele>1335.202614</ele>
        <time>2026-08-21T11:08:20.501Z</time>
      </trkpt>
      <trkpt lat="46.421259" lon="11.933961">
        <ele>1336.711247</ele>
        <time>2026-08-21T11:08:26.960Z</time>
      </trkpt>
      <trkpt lat="46.421309" lon="11.933746">
        <ele>1338.181583</ele>
        <time>2026-08-21T11:08:32.949Z</time>
      </trkpt>
      <trkpt lat="46.421996" lon="11.932958">
        <ele>1346.466086</ele>
        <time>2026-08-21T11:09:04.065Z</time>
      </trkpt>
      <trkpt lat="46.422127" lon="11.932769">
        <ele>1348.268395</ele>
        <time>2026-08-21T11:09:09.815Z</time>
      </trkpt>
      <trkpt lat="46.422513" lon="11.931497">
        <ele>1357.614075</ele>
        <time>2026-08-21T11:09:53.230Z</time>
      </trkpt>
      <trkpt lat="46.422557" lon="11.931291">
        <ele>1359.064288</ele>
        <time>2026-08-21T11:10:01.042Z</time>
      </trkpt>
      <trkpt lat="46.422623" lon="11.930741">
        <ele>1362.734646</ele>
        <time>2026-08-21T11:10:20.342Z</time>
      </trkpt>
      <trkpt lat="46.422645" lon="11.930562">
        <ele>1363.513660</ele>
        <time>2026-08-21T11:10:26.164Z</time>
      </trkpt>
      <trkpt lat="46.422688" lon="11.930419">
        <ele>1364.182093</ele>
        <time>2026-08-21T11:10:31.162Z</time>
      </trkpt>
      <trkpt lat="46.422783" lon="11.930304">
        <ele>1364.951125</ele>
        <time>2026-08-21T11:10:36.578Z</time>
      </trkpt>
      <trkpt lat="46.423637" lon="11.929648">
        <ele>1370.957246</ele>
        <time>2026-08-21T11:11:06.395Z</time>
      </trkpt>
      <trkpt lat="46.423741" lon="11.929596">
        <ele>1371.640961</ele>
        <time>2026-08-21T11:11:08.102Z</time>
      </trkpt>
      <trkpt lat="46.424750" lon="11.929386">
        <ele>1377.352537</ele>
        <time>2026-08-21T11:11:28.428Z</time>
      </trkpt>
      <trkpt lat="46.425118" lon="11.929256">
        <ele>1379.357704</ele>
        <time>2026-08-21T11:11:38.776Z</time>
      </trkpt>
      <trkpt lat="46.425254" lon="11.929208">
        <ele>1380.098707</ele>
        <time>2026-08-21T11:11:43.101Z</time>
      </trkpt>
      <trkpt lat="46.425495" lon="11.929030">
        <ele>1381.530425</ele>
        <time>2026-08-21T11:11:52.417Z</time>
      </trkpt>
      <trkpt lat="46.425591" lon="11.928900">
        <ele>1382.225665</ele>
        <time>2026-08-21T11:11:57.363Z</time>
      </trkpt>
      <trkpt lat="46.425706" lon="11.928576">
        <ele>1383.621898</ele>
        <time>2026-08-21T11:12:07.758Z</time>
      </trkpt>
      <trkpt lat="46.425750" lon="11.928149">
        <ele>1385.589758</ele>
        <time>2026-08-21T11:12:20.312Z</time>
      </trkpt>
      <trkpt lat="46.425759" lon="11.927299">
        <ele>1389.464448</ele>
        <time>2026-08-21T11:12:42.791Z</time>
      </trkpt>
      <trkpt lat="46.425688" lon="11.926369">
        <ele>1393.729237</ele>
        <time>2026-08-21T11:13:01.988Z</time>
      </trkpt>
      <trkpt lat="46.425525" lon="11.925533">
        <ele>1397.822301</ele>
        <time>2026-08-21T11:13:15.199Z</time>
      </trkpt>
      <trkpt lat="46.425468" lon="11.925081">
        <ele>1400.027918</ele>
        <time>2026-08-21T11:13:21.794Z</time>
      </trkpt>
      <trkpt lat="46.425506" lon="11.924485">
        <ele>1402.900941</ele>
        <time>2026-08-21T11:13:32.946Z</time>
      </trkpt>
      <trkpt lat="46.425546" lon="11.924302">
        <ele>1403.822450</ele>
        <time>2026-08-21T11:13:37.828Z</time>
      </trkpt>
      <trkpt lat="46.425680" lon="11.923678">
        <ele>1406.959642</ele>
        <time>2026-08-21T11:13:58.484Z</time>
      </trkpt>
      <trkpt lat="46.425829" lon="11.922997">
        <ele>1412.008729</ele>
        <time>2026-08-21T11:14:26.848Z</time>
      </trkpt>
      <trkpt lat="46.425872" lon="11.922707">
        <ele>1414.292540</ele>
        <time>2026-08-21T11:14:40.378Z</time>
      </trkpt>
      <trkpt lat="46.425881" lon="11.921517">
        <ele>1423.455005</ele>
        <time>2026-08-21T11:15:28.807Z</time>
      </trkpt>
      <trkpt lat="46.425884" lon="11.921049">
        <ele>1427.058333</ele>
        <time>2026-08-21T11:15:39.483Z</time>
      </trkpt>
      <trkpt lat="46.425849" lon="11.920838">
        <ele>1427.486195</ele>
        <time>2026-08-21T11:15:42.566Z</time>
      </trkpt>
      <trkpt lat="46.425709" lon="11.920518">
        <ele>1426.510314</ele>
        <time>2026-08-21T11:15:45.859Z</time>
      </trkpt>
      <trkpt lat="46.425688" lon="11.920343">
        <ele>1426.052949</ele>
        <time>2026-08-21T11:15:46.932Z</time>
      </trkpt>
      <trkpt lat="46.425663" lon="11.919450">
        <ele>1423.751768</ele>
        <time>2026-08-21T11:15:51.446Z</time>
      </trkpt>
      <trkpt lat="46.425556" lon="11.918442">
        <ele>1421.125784</ele>
        <time>2026-08-21T11:15:56.412Z</time>
      </trkpt>
      <trkpt lat="46.425579" lon="11.918159">
        <ele>1420.757620</ele>
        <time>2026-08-21T11:15:57.830Z</time>
      </trkpt>
      <trkpt lat="46.425643" lon="11.917898">
        <ele>1420.423872</ele>
        <time>2026-08-21T11:15:59.243Z</time>
      </trkpt>
      <trkpt lat="46.425772" lon="11.917568">
        <ele>1419.966816</ele>
        <time>2026-08-21T11:16:01.242Z</time>
      </trkpt>
      <trkpt lat="46.426068" lon="11.917018">
        <ele>1419.126150</ele>
        <time>2026-08-21T11:16:05.330Z</time>
      </trkpt>
      <trkpt lat="46.426174" lon="11.916532">
        <ele>1418.512026</ele>
        <time>2026-08-21T11:16:10.362Z</time>
      </trkpt>
      <trkpt lat="46.426356" lon="11.916045">
        <ele>1418.381088</ele>
        <time>2026-08-21T11:16:18.675Z</time>
      </trkpt>
      <trkpt lat="46.426423" lon="11.915562">
        <ele>1421.296684</ele>
        <time>2026-08-21T11:16:28.221Z</time>
      </trkpt>
      <trkpt lat="46.426442" lon="11.915427">
        <ele>1422.112068</ele>
        <time>2026-08-21T11:16:31.121Z</time>
      </trkpt>
      <trkpt lat="46.426517" lon="11.915209">
        <ele>1423.553908</ele>
        <time>2026-08-21T11:16:36.808Z</time>
      </trkpt>
      <trkpt lat="46.426967" lon="11.914545">
        <ele>1429.064451</ele>
        <time>2026-08-21T11:17:04.356Z</time>
      </trkpt>
      <trkpt lat="46.427072" lon="11.914421">
        <ele>1430.226819</ele>
        <time>2026-08-21T11:17:11.130Z</time>
      </trkpt>
      <trkpt lat="46.427209" lon="11.914193">
        <ele>1432.016757</ele>
        <time>2026-08-21T11:17:22.306Z</time>
      </trkpt>
      <trkpt lat="46.427425" lon="11.913702">
        <ele>1435.942875</ele>
        <time>2026-08-21T11:17:43.747Z</time>
      </trkpt>
      <trkpt lat="46.427537" lon="11.913514">
        <ele>1437.751096</ele>
        <time>2026-08-21T11:17:52.737Z</time>
      </trkpt>
      <trkpt lat="46.427609" lon="11.913393">
        <ele>1438.914310</ele>
        <time>2026-08-21T11:17:58.404Z</time>
      </trkpt>
      <trkpt lat="46.427689" lon="11.913286">
        <ele>1440.063035</ele>
        <time>2026-08-21T11:18:04.020Z</time>
      </trkpt>
      <trkpt lat="46.427927" lon="11.912957">
        <ele>1443.533612</ele>
        <time>2026-08-21T11:18:20.584Z</time>
      </trkpt>
      <trkpt lat="46.428150" lon="11.912717">
        <ele>1446.464929</ele>
        <time>2026-08-21T11:18:33.634Z</time>
      </trkpt>
      <trkpt lat="46.428506" lon="11.912247">
        <ele>1451.546503</ele>
        <time>2026-08-21T11:18:52.973Z</time>
      </trkpt>
      <trkpt lat="46.428571" lon="11.912103">
        <ele>1452.655665</ele>
        <time>2026-08-21T11:18:56.884Z</time>
      </trkpt>
      <trkpt lat="46.428615" lon="11.911886">
        <ele>1453.756359</ele>
        <time>2026-08-21T11:19:01.891Z</time>
      </trkpt>
      <trkpt lat="46.428636" lon="11.911601">
        <ele>1455.151107</ele>
        <time>2026-08-21T11:19:07.970Z</time>
      </trkpt>
      <trkpt lat="46.428613" lon="11.911380">
        <ele>1456.238712</ele>
        <time>2026-08-21T11:19:12.693Z</time>
      </trkpt>
      <trkpt lat="46.428452" lon="11.910848">
        <ele>1459.066040</ele>
        <time>2026-08-21T11:19:24.753Z</time>
      </trkpt>
      <trkpt lat="46.428408" lon="11.910596">
        <ele>1460.331042</ele>
        <time>2026-08-21T11:19:30.080Z</time>
      </trkpt>
      <trkpt lat="46.428422" lon="11.910436">
        <ele>1461.115874</ele>
        <time>2026-08-21T11:19:33.583Z</time>
      </trkpt>
      <trkpt lat="46.428481" lon="11.910301">
        <ele>1461.893730</ele>
        <time>2026-08-21T11:19:37.224Z</time>
      </trkpt>
      <trkpt lat="46.429056" lon="11.909770">
        <ele>1467.871091</ele>
        <time>2026-08-21T11:20:02.576Z</time>
      </trkpt>
      <trkpt lat="46.429108" lon="11.909684">
        <ele>1468.823039</ele>
        <time>2026-08-21T11:20:06.256Z</time>
      </trkpt>
      <trkpt lat="46.429214" lon="11.909380">
        <ele>1471.657916</ele>
        <time>2026-08-21T11:20:17.734Z</time>
      </trkpt>
      <trkpt lat="46.429218" lon="11.909187">
        <ele>1473.264607</ele>
        <time>2026-08-21T11:20:24.534Z</time>
      </trkpt>
      <trkpt lat="46.429197" lon="11.908688">
        <ele>1477.424549</ele>
        <time>2026-08-21T11:20:42.726Z</time>
      </trkpt>
      <trkpt lat="46.429240" lon="11.908511">
        <ele>1478.986186</ele>
        <time>2026-08-21T11:20:49.731Z</time>
      </trkpt>
      <trkpt lat="46.429378" lon="11.908326">
        <ele>1481.254525</ele>
        <time>2026-08-21T11:21:00.128Z</time>
      </trkpt>
      <trkpt lat="46.429450" lon="11.908294">
        <ele>1482.163624</ele>
        <time>2026-08-21T11:21:04.315Z</time>
      </trkpt>
      <trkpt lat="46.430257" lon="11.908104">
        <ele>1492.957615</ele>
        <time>2026-08-21T11:21:52.176Z</time>
      </trkpt>
      <trkpt lat="46.430548" lon="11.908079">
        <ele>1497.095692</ele>
        <time>2026-08-21T11:22:10.253Z</time>
      </trkpt>
      <trkpt lat="46.431027" lon="11.908209">
        <ele>1504.013192</ele>
        <time>2026-08-21T11:22:39.520Z</time>
      </trkpt>
      <trkpt lat="46.431773" lon="11.908453">
        <ele>1514.444077</ele>
        <time>2026-08-21T11:23:21.864Z</time>
      </trkpt>
      <trkpt lat="46.432446" lon="11.908720">
        <ele>1522.703971</ele>
        <time>2026-08-21T11:23:56.948Z</time>
      </trkpt>
      <trkpt lat="46.433003" lon="11.908891">
        <ele>1529.444096</ele>
        <time>2026-08-21T11:24:23.453Z</time>
      </trkpt>
      <trkpt lat="46.435215" lon="11.908891">
        <ele>1555.425311</ele>
        <time>2026-08-21T11:26:11.937Z</time>
      </trkpt>
      <trkpt lat="46.436847" lon="11.909065">
        <ele>1576.917319</ele>
        <time>2026-08-21T11:27:41.167Z</time>
      </trkpt>
      <trkpt lat="46.437033" lon="11.909084">
        <ele>1579.461379</ele>
        <time>2026-08-21T11:27:51.907Z</time>
      </trkpt>
      <trkpt lat="46.437446" lon="11.909045">
        <ele>1585.354284</ele>
        <time>2026-08-21T11:28:16.114Z</time>
      </trkpt>
      <trkpt lat="46.437756" lon="11.908914">
        <ele>1589.951553</ele>
        <time>2026-08-21T11:28:35.172Z</time>
      </trkpt>
      <trkpt lat="46.439361" lon="11.908046">
        <ele>1613.491727</ele>
        <time>2026-08-21T11:30:14.502Z</time>
      </trkpt>
      <trkpt lat="46.439719" lon="11.907900">
        <ele>1618.358728</ele>
        <time>2026-08-21T11:30:34.344Z</time>
      </trkpt>
      <trkpt lat="46.439941" lon="11.907843">
        <ele>1621.309381</ele>
        <time>2026-08-21T11:30:46.115Z</time>
      </trkpt>
      <trkpt lat="46.440109" lon="11.907854">
        <ele>1623.510392</ele>
        <time>2026-08-21T11:30:54.705Z</time>
      </trkpt>
      <trkpt lat="46.440719" lon="11.908046">
        <ele>1631.256468</ele>
        <time>2026-08-21T11:31:25.667Z</time>
      </trkpt>
      <trkpt lat="46.441846" lon="11.908159">
        <ele>1644.584612</ele>
        <time>2026-08-21T11:32:21.403Z</time>
      </trkpt>
      <trkpt lat="46.442667" lon="11.908321">
        <ele>1654.879041</ele>
        <time>2026-08-21T11:33:03.161Z</time>
      </trkpt>
      <trkpt lat="46.443463" lon="11.908236">
        <ele>1665.145193</ele>
        <time>2026-08-21T11:33:46.719Z</time>
      </trkpt>
      <trkpt lat="46.444111" lon="11.908150">
        <ele>1673.527680</ele>
        <time>2026-08-21T11:34:22.703Z</time>
      </trkpt>
      <trkpt lat="46.444438" lon="11.908069">
        <ele>1677.825471</ele>
        <time>2026-08-21T11:34:40.347Z</time>
      </trkpt>
      <trkpt lat="46.444659" lon="11.907925">
        <ele>1680.964031</ele>
        <time>2026-08-21T11:34:53.489Z</time>
      </trkpt>
      <trkpt lat="46.444868" lon="11.907715">
        <ele>1684.257422</ele>
        <time>2026-08-21T11:35:07.368Z</time>
      </trkpt>
      <trkpt lat="46.445166" lon="11.907417">
        <ele>1688.946021</ele>
        <time>2026-08-21T11:35:26.679Z</time>
      </trkpt>
      <trkpt lat="46.445587" lon="11.907120">
        <ele>1695.010645</ele>
        <time>2026-08-21T11:35:51.279Z</time>
      </trkpt>
      <trkpt lat="46.446106" lon="11.906842">
        <ele>1702.083569</ele>
        <time>2026-08-21T11:36:20.486Z</time>
      </trkpt>
      <trkpt lat="46.448411" lon="11.905632">
        <ele>1734.505013</ele>
        <time>2026-08-21T11:38:31.002Z</time>
      </trkpt>
      <trkpt lat="46.449211" lon="11.905183">
        <ele>1746.910927</ele>
        <time>2026-08-21T11:39:22.681Z</time>
      </trkpt>
      <trkpt lat="46.449851" lon="11.904836">
        <ele>1757.998003</ele>
        <time>2026-08-21T11:40:08.233Z</time>
      </trkpt>
      <trkpt lat="46.450887" lon="11.904219">
        <ele>1775.635467</ele>
        <time>2026-08-21T11:41:21.884Z</time>
      </trkpt>
      <trkpt lat="46.450974" lon="11.904104">
        <ele>1777.308853</ele>
        <time>2026-08-21T11:41:29.114Z</time>
      </trkpt>
      <trkpt lat="46.451001" lon="11.903995">
        <ele>1778.443732</ele>
        <time>2026-08-21T11:41:34.073Z</time>
      </trkpt>
      <trkpt lat="46.451027" lon="11.903492">
        <ele>1783.385842</ele>
        <time>2026-08-21T11:41:55.475Z</time>
      </trkpt>
      <trkpt lat="46.451072" lon="11.903345">
        <ele>1784.961875</ele>
        <time>2026-08-21T11:42:02.345Z</time>
      </trkpt>
      <trkpt lat="46.451133" lon="11.903222">
        <ele>1786.446735</ele>
        <time>2026-08-21T11:42:08.918Z</time>
      </trkpt>
      <trkpt lat="46.451390" lon="11.902939">
        <ele>1791.034238</ele>
        <time>2026-08-21T11:42:27.346Z</time>
      </trkpt>
      <trkpt lat="46.451490" lon="11.902923">
        <ele>1792.464927</ele>
        <time>2026-08-21T11:42:32.446Z</time>
      </trkpt>
      <trkpt lat="46.451579" lon="11.903030">
        <ele>1794.108367</ele>
        <time>2026-08-21T11:42:38.034Z</time>
      </trkpt>
      <trkpt lat="46.451728" lon="11.903507">
        <ele>1798.487407</ele>
        <time>2026-08-21T11:42:55.161Z</time>
      </trkpt>
      <trkpt lat="46.451785" lon="11.903591">
        <ele>1799.164567</ele>
        <time>2026-08-21T11:42:58.943Z</time>
      </trkpt>
      <trkpt lat="46.451857" lon="11.903601">
        <ele>1799.767526</ele>
        <time>2026-08-21T11:43:02.271Z</time>
      </trkpt>
      <trkpt lat="46.451902" lon="11.903563">
        <ele>1800.201531</ele>
        <time>2026-08-21T11:43:04.635Z</time>
      </trkpt>
      <trkpt lat="46.451940" lon="11.903406">
        <ele>1801.157276</ele>
        <time>2026-08-21T11:43:09.920Z</time>
      </trkpt>
      <trkpt lat="46.451940" lon="11.903370">
        <ele>1801.364039</ele>
        <time>2026-08-21T11:43:10.929Z</time>
      </trkpt>
      <trkpt lat="46.451926" lon="11.903143">
        <ele>1802.673012</ele>
        <time>2026-08-21T11:43:17.589Z</time>
      </trkpt>
      <trkpt lat="46.451965" lon="11.902814">
        <ele>1804.590367</ele>
        <time>2026-08-21T11:43:26.680Z</time>
      </trkpt>
      <trkpt lat="46.451993" lon="11.902682">
        <ele>1805.383619</ele>
        <time>2026-08-21T11:43:30.177Z</time>
      </trkpt>
      <trkpt lat="46.452061" lon="11.902348">
        <ele>1807.383927</ele>
        <time>2026-08-21T11:43:38.499Z</time>
      </trkpt>
      <trkpt lat="46.452069" lon="11.902086">
        <ele>1808.890181</ele>
        <time>2026-08-21T11:43:44.061Z</time>
      </trkpt>
      <trkpt lat="46.452081" lon="11.902024">
        <ele>1809.260057</ele>
        <time>2026-08-21T11:43:45.274Z</time>
      </trkpt>
      <trkpt lat="46.452163" lon="11.901943">
        <ele>1810.086924</ele>
        <time>2026-08-21T11:43:48.043Z</time>
      </trkpt>
      <trkpt lat="46.452266" lon="11.901984">
        <ele>1810.977272</ele>
        <time>2026-08-21T11:43:50.829Z</time>
      </trkpt>
      <trkpt lat="46.452290" lon="11.902079">
        <ele>1811.558421</ele>
        <time>2026-08-21T11:43:52.807Z</time>
      </trkpt>
      <trkpt lat="46.452283" lon="11.902205">
        <ele>1812.284438</ele>
        <time>2026-08-21T11:43:55.555Z</time>
      </trkpt>
      <trkpt lat="46.452222" lon="11.902481">
        <ele>1814.268847</ele>
        <time>2026-08-21T11:44:02.175Z</time>
      </trkpt>
      <trkpt lat="46.452240" lon="11.902621">
        <ele>1815.257314</ele>
        <time>2026-08-21T11:44:05.578Z</time>
      </trkpt>
      <trkpt lat="46.452296" lon="11.902722">
        <ele>1816.157133</ele>
        <time>2026-08-21T11:44:08.690Z</time>
      </trkpt>
      <trkpt lat="46.452380" lon="11.902774">
        <ele>1817.077109</ele>
        <time>2026-08-21T11:44:12.051Z</time>
      </trkpt>
      <trkpt lat="46.452462" lon="11.902760">
        <ele>1817.908881</ele>
        <time>2026-08-21T11:44:15.046Z</time>
      </trkpt>
      <trkpt lat="46.452534" lon="11.902689">
        <ele>1818.785778</ele>
        <time>2026-08-21T11:44:18.454Z</time>
      </trkpt>
      <trkpt lat="46.452569" lon="11.902576">
        <ele>1819.645680</ele>
        <time>2026-08-21T11:44:21.849Z</time>
      </trkpt>
      <trkpt lat="46.452566" lon="11.902432">
        <ele>1820.645585</ele>
        <time>2026-08-21T11:44:26.194Z</time>
      </trkpt>
      <trkpt lat="46.452289" lon="11.901443">
        <ele>1828.055402</ele>
        <time>2026-08-21T11:45:03.618Z</time>
      </trkpt>
      <trkpt lat="46.452289" lon="11.901266">
        <ele>1829.283896</ele>
        <time>2026-08-21T11:45:10.109Z</time>
      </trkpt>
      <trkpt lat="46.452318" lon="11.901114">
        <ele>1830.378578</ele>
        <time>2026-08-21T11:45:15.977Z</time>
      </trkpt>
      <trkpt lat="46.452496" lon="11.900756">
        <ele>1834.200745</ele>
        <time>2026-08-21T11:45:32.233Z</time>
      </trkpt>
      <trkpt lat="46.452523" lon="11.900566">
        <ele>1835.898243</ele>
        <time>2026-08-21T11:45:39.296Z</time>
      </trkpt>
      <trkpt lat="46.452496" lon="11.900455">
        <ele>1836.928250</ele>
        <time>2026-08-21T11:45:43.569Z</time>
      </trkpt>
      <trkpt lat="46.452423" lon="11.900367">
        <ele>1838.133434</ele>
        <time>2026-08-21T11:45:48.588Z</time>
      </trkpt>
      <trkpt lat="46.452331" lon="11.900342">
        <ele>1839.322171</ele>
        <time>2026-08-21T11:45:53.586Z</time>
      </trkpt>
      <trkpt lat="46.451565" lon="11.900568">
        <ele>1849.249623</ele>
        <time>2026-08-21T11:46:35.627Z</time>
      </trkpt>
      <trkpt lat="46.451455" lon="11.900504">
        <ele>1850.754729</ele>
        <time>2026-08-21T11:46:41.453Z</time>
      </trkpt>
      <trkpt lat="46.451411" lon="11.900405">
        <ele>1851.785600</ele>
        <time>2026-08-21T11:46:45.408Z</time>
      </trkpt>
      <trkpt lat="46.451429" lon="11.900233">
        <ele>1853.307895</ele>
        <time>2026-08-21T11:46:51.292Z</time>
      </trkpt>
      <trkpt lat="46.451476" lon="11.900165">
        <ele>1854.155380</ele>
        <time>2026-08-21T11:46:54.551Z</time>
      </trkpt>
      <trkpt lat="46.451803" lon="11.900073">
        <ele>1858.411263</ele>
        <time>2026-08-21T11:47:11.992Z</time>
      </trkpt>
      <trkpt lat="46.452029" lon="11.899954">
        <ele>1861.483030</ele>
        <time>2026-08-21T11:47:25.491Z</time>
      </trkpt>
      <trkpt lat="46.452119" lon="11.899864">
        <ele>1862.879470</ele>
        <time>2026-08-21T11:47:31.851Z</time>
      </trkpt>
      <trkpt lat="46.452135" lon="11.899797">
        <ele>1863.503691</ele>
        <time>2026-08-21T11:47:34.703Z</time>
      </trkpt>
      <trkpt lat="46.452107" lon="11.899650">
        <ele>1864.846265</ele>
        <time>2026-08-21T11:47:40.915Z</time>
      </trkpt>
      <trkpt lat="46.452067" lon="11.899589">
        <ele>1865.587583</ele>
        <time>2026-08-21T11:47:44.335Z</time>
      </trkpt>
      <trkpt lat="46.451744" lon="11.899247">
        <ele>1870.696004</ele>
        <time>2026-08-21T11:48:07.046Z</time>
      </trkpt>
      <trkpt lat="46.451494" lon="11.898838">
        <ele>1875.509163</ele>
        <time>2026-08-21T11:48:26.392Z</time>
      </trkpt>
      <trkpt lat="46.451467" lon="11.898646">
        <ele>1877.058544</ele>
        <time>2026-08-21T11:48:32.732Z</time>
      </trkpt>
      <trkpt lat="46.451507" lon="11.898469">
        <ele>1878.368737</ele>
        <time>2026-08-21T11:48:38.578Z</time>
      </trkpt>
      <trkpt lat="46.451588" lon="11.898395">
        <ele>1879.345814</ele>
        <time>2026-08-21T11:48:42.801Z</time>
      </trkpt>
      <trkpt lat="46.451698" lon="11.898391">
        <ele>1880.469130</ele>
        <time>2026-08-21T11:48:47.487Z</time>
      </trkpt>
      <trkpt lat="46.452545" lon="11.898941">
        <ele>1889.941823</ele>
        <time>2026-08-21T11:49:26.354Z</time>
      </trkpt>
      <trkpt lat="46.452720" lon="11.898977">
        <ele>1891.746209</ele>
        <time>2026-08-21T11:49:34.031Z</time>
      </trkpt>
      <trkpt lat="46.453764" lon="11.898858">
        <ele>1903.176773</ele>
        <time>2026-08-21T11:50:22.977Z</time>
      </trkpt>
      <trkpt lat="46.453990" lon="11.898846">
        <ele>1905.706893</ele>
        <time>2026-08-21T11:50:34.540Z</time>
      </trkpt>
      <trkpt lat="46.454164" lon="11.898904">
        <ele>1907.704231</ele>
        <time>2026-08-21T11:50:43.490Z</time>
      </trkpt>
      <trkpt lat="46.454274" lon="11.898985">
        <ele>1909.084185</ele>
        <time>2026-08-21T11:50:49.628Z</time>
      </trkpt>
      <trkpt lat="46.454369" lon="11.899091">
        <ele>1910.424751</ele>
        <time>2026-08-21T11:50:55.447Z</time>
      </trkpt>
      <trkpt lat="46.454632" lon="11.899565">
        <ele>1915.145594</ele>
        <time>2026-08-21T11:51:15.413Z</time>
      </trkpt>
      <trkpt lat="46.454726" lon="11.899586">
        <ele>1916.327227</ele>
        <time>2026-08-21T11:51:19.857Z</time>
      </trkpt>
      <trkpt lat="46.454788" lon="11.899531">
        <ele>1917.229996</ele>
        <time>2026-08-21T11:51:23.154Z</time>
      </trkpt>
      <trkpt lat="46.454808" lon="11.899429">
        <ele>1918.137728</ele>
        <time>2026-08-21T11:51:26.561Z</time>
      </trkpt>
      <trkpt lat="46.454799" lon="11.899283">
        <ele>1919.392395</ele>
        <time>2026-08-21T11:51:31.096Z</time>
      </trkpt>
      <trkpt lat="46.454754" lon="11.897531">
        <ele>1934.398904</ele>
        <time>2026-08-21T11:52:34.231Z</time>
      </trkpt>
      <trkpt lat="46.454766" lon="11.897332">
        <ele>1936.108740</ele>
        <time>2026-08-21T11:52:41.873Z</time>
      </trkpt>
      <trkpt lat="46.454798" lon="11.897195">
        <ele>1937.356146</ele>
        <time>2026-08-21T11:52:47.550Z</time>
      </trkpt>
      <trkpt lat="46.455246" lon="11.895894">
        <ele>1950.544160</ele>
        <time>2026-08-21T11:53:45.239Z</time>
      </trkpt>
      <trkpt lat="46.455323" lon="11.895539">
        <ele>1953.918782</ele>
        <time>2026-08-21T11:53:59.459Z</time>
      </trkpt>
      <trkpt lat="46.455306" lon="11.894801">
        <ele>1960.614110</ele>
        <time>2026-08-21T11:54:26.095Z</time>
      </trkpt>
      <trkpt lat="46.455084" lon="11.893678">
        <ele>1969.672771</ele>
        <time>2026-08-21T11:55:03.128Z</time>
      </trkpt>
      <trkpt lat="46.455086" lon="11.893596">
        <ele>1970.306354</ele>
        <time>2026-08-21T11:55:05.767Z</time>
      </trkpt>
      <trkpt lat="46.455113" lon="11.893534">
        <ele>1970.872734</ele>
        <time>2026-08-21T11:55:08.125Z</time>
      </trkpt>
      <trkpt lat="46.455154" lon="11.893507">
        <ele>1971.377364</ele>
        <time>2026-08-21T11:55:10.276Z</time>
      </trkpt>
      <trkpt lat="46.455204" lon="11.893525">
        <ele>1971.954767</ele>
        <time>2026-08-21T11:55:12.724Z</time>
      </trkpt>
      <trkpt lat="46.455248" lon="11.893582">
        <ele>1972.615784</ele>
        <time>2026-08-21T11:55:15.346Z</time>
      </trkpt>
      <trkpt lat="46.455603" lon="11.894365">
        <ele>1979.853745</ele>
        <time>2026-08-21T11:55:45.113Z</time>
      </trkpt>
      <trkpt lat="46.455648" lon="11.894423">
        <ele>1980.528266</ele>
        <time>2026-08-21T11:55:48.019Z</time>
      </trkpt>
      <trkpt lat="46.455704" lon="11.894432">
        <ele>1981.196072</ele>
        <time>2026-08-21T11:55:50.745Z</time>
      </trkpt>
      <trkpt lat="46.455749" lon="11.894385">
        <ele>1981.984415</ele>
        <time>2026-08-21T11:55:53.468Z</time>
      </trkpt>
      <trkpt lat="46.455773" lon="11.894302">
        <ele>1982.866244</ele>
        <time>2026-08-21T11:55:56.525Z</time>
      </trkpt>
      <trkpt lat="46.455728" lon="11.894155">
        <ele>1984.442102</ele>
        <time>2026-08-21T11:56:02.123Z</time>
      </trkpt>
      <trkpt lat="46.455630" lon="11.893936">
        <ele>1987.000415</ele>
        <time>2026-08-21T11:56:11.377Z</time>
      </trkpt>
      <trkpt lat="46.455252" lon="11.892512">
        <ele>2001.950465</ele>
        <time>2026-08-21T11:57:16.583Z</time>
      </trkpt>
      <trkpt lat="46.455120" lon="11.892023">
        <ele>2007.052403</ele>
        <time>2026-08-21T11:57:39.230Z</time>
      </trkpt>
      <trkpt lat="46.454983" lon="11.891533">
        <ele>2011.779636</ele>
        <time>2026-08-21T11:58:00.295Z</time>
      </trkpt>
      <trkpt lat="46.454909" lon="11.891310">
        <ele>2013.992302</ele>
        <time>2026-08-21T11:58:09.580Z</time>
      </trkpt>
      <trkpt lat="46.454803" lon="11.891142">
        <ele>2016.028775</ele>
        <time>2026-08-21T11:58:17.798Z</time>
      </trkpt>
      <trkpt lat="46.454361" lon="11.890664">
        <ele>2023.180840</ele>
        <time>2026-08-21T11:58:45.200Z</time>
      </trkpt>
      <trkpt lat="46.454159" lon="11.890496">
        <ele>2026.201705</ele>
        <time>2026-08-21T11:58:57.498Z</time>
      </trkpt>
      <trkpt lat="46.453677" lon="11.890264">
        <ele>2032.347102</ele>
        <time>2026-08-21T11:59:23.555Z</time>
      </trkpt>
      <trkpt lat="46.453639" lon="11.890232">
        <ele>2032.828398</ele>
        <time>2026-08-21T11:59:25.825Z</time>
      </trkpt>
      <trkpt lat="46.453604" lon="11.890202">
        <ele>2033.273703</ele>
        <time>2026-08-21T11:59:27.920Z</time>
      </trkpt>
      <trkpt lat="46.453542" lon="11.890073">
        <ele>2034.460865</ele>
        <time>2026-08-21T11:59:33.746Z</time>
      </trkpt>
      <trkpt lat="46.453527" lon="11.889901">
        <ele>2035.769423</ele>
        <time>2026-08-21T11:59:40.311Z</time>
      </trkpt>
      <trkpt lat="46.453547" lon="11.889716">
        <ele>2037.182828</ele>
        <time>2026-08-21T11:59:47.344Z</time>
      </trkpt>
      <trkpt lat="46.453796" lon="11.888415">
        <ele>2047.374189</ele>
        <time>2026-08-21T12:00:35.665Z</time>
      </trkpt>
      <trkpt lat="46.453814" lon="11.888322">
        <ele>2048.103292</ele>
        <time>2026-08-21T12:00:38.043Z</time>
      </trkpt>
      <trkpt lat="46.453861" lon="11.888060">
        <ele>2049.659611</ele>
        <time>2026-08-21T12:00:43.632Z</time>
      </trkpt>
      <trkpt lat="46.453983" lon="11.887526">
        <ele>2049.779993</ele>
        <time>2026-08-21T12:00:52.379Z</time>
      </trkpt>
      <trkpt lat="46.454055" lon="11.887199">
        <ele>2049.853449</ele>
        <time>2026-08-21T12:00:56.615Z</time>
      </trkpt>
      <trkpt lat="46.454135" lon="11.886958">
        <ele>2049.910691</ele>
        <time>2026-08-21T12:00:59.108Z</time>
      </trkpt>
      <trkpt lat="46.454236" lon="11.886719">
        <ele>2049.970685</ele>
        <time>2026-08-21T12:01:01.044Z</time>
      </trkpt>
      <trkpt lat="46.454358" lon="11.886577">
        <ele>2050.019255</ele>
        <time>2026-08-21T12:01:02.426Z</time>
      </trkpt>
      <trkpt lat="46.454400" lon="11.886537">
        <ele>2050.034857</ele>
        <time>2026-08-21T12:01:02.853Z</time>
      </trkpt>
      <trkpt lat="46.454831" lon="11.886131">
        <ele>2050.194438</ele>
        <time>2026-08-21T12:01:06.820Z</time>
      </trkpt>
      <trkpt lat="46.455140" lon="11.885806">
        <ele>2049.143711</ele>
        <time>2026-08-21T12:01:09.710Z</time>
      </trkpt>
      <trkpt lat="46.455385" lon="11.885462">
        <ele>2048.113104</ele>
        <time>2026-08-21T12:01:12.417Z</time>
      </trkpt>
      <trkpt lat="46.455528" lon="11.885210">
        <ele>2047.433060</ele>
        <time>2026-08-21T12:01:14.196Z</time>
      </trkpt>
      <trkpt lat="46.455655" lon="11.884922">
        <ele>2046.720802</ele>
        <time>2026-08-21T12:01:16.032Z</time>
      </trkpt>
      <trkpt lat="46.456187" lon="11.883202">
        <ele>2045.430881</ele>
        <time>2026-08-21T12:01:28.053Z</time>
      </trkpt>
      <trkpt lat="46.456232" lon="11.882989">
        <ele>2045.587369</ele>
        <time>2026-08-21T12:01:31.205Z</time>
      </trkpt>
      <trkpt lat="46.456337" lon="11.882103">
        <ele>2046.218835</ele>
        <time>2026-08-21T12:01:44.175Z</time>
      </trkpt>
      <trkpt lat="46.456463" lon="11.881628">
        <ele>2046.576353</ele>
        <time>2026-08-21T12:01:51.080Z</time>
      </trkpt>
      <trkpt lat="46.456641" lon="11.881203">
        <ele>2046.446073</ele>
        <time>2026-08-21T12:01:57.799Z</time>
      </trkpt>
      <trkpt lat="46.456729" lon="11.880794">
        <ele>2046.304262</ele>
        <time>2026-08-21T12:02:02.664Z</time>
      </trkpt>
      <trkpt lat="46.456811" lon="11.879953">
        <ele>2046.023153</ele>
        <time>2026-08-21T12:02:08.585Z</time>
      </trkpt>
      <trkpt lat="46.456975" lon="11.879626">
        <ele>2045.889288</ele>
        <time>2026-08-21T12:02:10.819Z</time>
      </trkpt>
      <trkpt lat="46.457075" lon="11.879480">
        <ele>2045.821150</ele>
        <time>2026-08-21T12:02:11.952Z</time>
      </trkpt>
      <trkpt lat="46.457128" lon="11.879323">
        <ele>2045.763287</ele>
        <time>2026-08-21T12:02:12.957Z</time>
      </trkpt>
      <trkpt lat="46.457226" lon="11.878339">
        <ele>2044.535920</ele>
        <time>2026-08-21T12:02:18.883Z</time>
      </trkpt>
      <trkpt lat="46.457405" lon="11.877992">
        <ele>2043.964776</ele>
        <time>2026-08-21T12:02:21.417Z</time>
      </trkpt>
      <trkpt lat="46.457589" lon="11.877297">
        <ele>2042.983817</ele>
        <time>2026-08-21T12:02:25.872Z</time>
      </trkpt>
      <trkpt lat="46.458132" lon="11.875990">
        <ele>2042.841445</ele>
        <time>2026-08-21T12:02:36.640Z</time>
      </trkpt>
      <trkpt lat="46.458748" lon="11.875256">
        <ele>2043.470300</ele>
        <time>2026-08-21T12:02:47.807Z</time>
      </trkpt>
      <trkpt lat="46.459416" lon="11.874622">
        <ele>2044.732955</ele>
        <time>2026-08-21T12:03:07.189Z</time>
      </trkpt>
      <trkpt lat="46.459738" lon="11.874470">
        <ele>2045.439221</ele>
        <time>2026-08-21T12:03:15.312Z</time>
      </trkpt>
      <trkpt lat="46.459917" lon="11.874534">
        <ele>2045.823748</ele>
        <time>2026-08-21T12:03:19.122Z</time>
      </trkpt>
      <trkpt lat="46.460048" lon="11.874539">
        <ele>2046.097090</ele>
        <time>2026-08-21T12:03:21.609Z</time>
      </trkpt>
      <trkpt lat="46.460165" lon="11.874493">
        <ele>2046.349928</ele>
        <time>2026-08-21T12:03:23.740Z</time>
      </trkpt>
      <trkpt lat="46.460539" lon="11.874268">
        <ele>2047.194376</ele>
        <time>2026-08-21T12:03:29.801Z</time>
      </trkpt>
      <trkpt lat="46.460788" lon="11.874047">
        <ele>2047.174894</ele>
        <time>2026-08-21T12:03:32.919Z</time>
      </trkpt>
      <trkpt lat="46.461239" lon="11.873287">
        <ele>2045.924910</ele>
        <time>2026-08-21T12:03:39.059Z</time>
      </trkpt>
      <trkpt lat="46.461454" lon="11.873164">
        <ele>2045.506874</ele>
        <time>2026-08-21T12:03:40.966Z</time>
      </trkpt>
      <trkpt lat="46.461570" lon="11.873035">
        <ele>2045.242543</ele>
        <time>2026-08-21T12:03:42.207Z</time>
      </trkpt>
      <trkpt lat="46.461605" lon="11.872951">
        <ele>2045.120213</ele>
        <time>2026-08-21T12:03:42.801Z</time>
      </trkpt>
      <trkpt lat="46.461698" lon="11.872509">
        <ele>2044.544325</ele>
        <time>2026-08-21T12:03:45.491Z</time>
      </trkpt>
      <trkpt lat="46.462101" lon="11.871590">
        <ele>2043.787535</ele>
        <time>2026-08-21T12:03:51.887Z</time>
      </trkpt>
      <trkpt lat="46.462204" lon="11.871306">
        <ele>2043.621711</ele>
        <time>2026-08-21T12:03:53.984Z</time>
      </trkpt>
      <trkpt lat="46.462260" lon="11.871059">
        <ele>2043.487364</ele>
        <time>2026-08-21T12:03:55.711Z</time>
      </trkpt>
      <trkpt lat="46.462289" lon="11.870734">
        <ele>2043.318049</ele>
        <time>2026-08-21T12:03:58.011Z</time>
      </trkpt>
      <trkpt lat="46.462413" lon="11.870128">
        <ele>2042.991438</ele>
        <time>2026-08-21T12:04:03.790Z</time>
      </trkpt>
      <trkpt lat="46.462884" lon="11.868716">
        <ele>2043.002699</ele>
        <time>2026-08-21T12:04:22.099Z</time>
      </trkpt>
      <trkpt lat="46.463318" lon="11.867168">
        <ele>2043.132569</ele>
        <time>2026-08-21T12:04:33.281Z</time>
      </trkpt>
      <trkpt lat="46.463471" lon="11.866129">
        <ele>2043.117597</ele>
        <time>2026-08-21T12:04:40.151Z</time>
      </trkpt>
      <trkpt lat="46.463541" lon="11.865355">
        <ele>2043.106597</ele>
        <time>2026-08-21T12:04:47.487Z</time>
      </trkpt>
      <trkpt lat="46.463566" lon="11.864970">
        <ele>2043.101648</ele>
        <time>2026-08-21T12:04:52.132Z</time>
      </trkpt>
      <trkpt lat="46.463611" lon="11.864691">
        <ele>2043.259767</ele>
        <time>2026-08-21T12:04:56.037Z</time>
      </trkpt>
      <trkpt lat="46.463686" lon="11.864484">
        <ele>2043.388830</ele>
        <time>2026-08-21T12:04:59.544Z</time>
      </trkpt>
      <trkpt lat="46.464164" lon="11.863677">
        <ele>2043.976139</ele>
        <time>2026-08-21T12:05:16.356Z</time>
      </trkpt>
      <trkpt lat="46.464199" lon="11.863575">
        <ele>2044.039020</ele>
        <time>2026-08-21T12:05:17.840Z</time>
      </trkpt>
      <trkpt lat="46.464205" lon="11.863398">
        <ele>2044.136808</ele>
        <time>2026-08-21T12:05:19.624Z</time>
      </trkpt>
      <trkpt lat="46.464121" lon="11.863005">
        <ele>2044.363868</ele>
        <time>2026-08-21T12:05:22.109Z</time>
      </trkpt>
      <trkpt lat="46.463981" lon="11.862356">
        <ele>2042.151106</ele>
        <time>2026-08-21T12:05:26.004Z</time>
      </trkpt>
      <trkpt lat="46.463966" lon="11.862092">
        <ele>2040.377830</ele>
        <time>2026-08-21T12:05:27.396Z</time>
      </trkpt>
      <trkpt lat="46.463998" lon="11.861801">
        <ele>2038.405144</ele>
        <time>2026-08-21T12:05:28.835Z</time>
      </trkpt>
      <trkpt lat="46.464011" lon="11.861741">
        <ele>2037.984089</ele>
        <time>2026-08-21T12:05:29.134Z</time>
      </trkpt>
      <trkpt lat="46.464092" lon="11.861355">
        <ele>2035.282875</ele>
        <time>2026-08-21T12:05:31.013Z</time>
      </trkpt>
      <trkpt lat="46.464011" lon="11.861741">
        <ele>2032.581660</ele>
        <time>2026-08-21T12:05:32.862Z</time>
      </trkpt>
      <trkpt lat="46.464092" lon="11.861355">
        <ele>2029.880446</ele>
        <time>2026-08-21T12:05:34.702Z</time>
      </trkpt>
      <trkpt lat="46.464202" lon="11.860830">
        <ele>2026.466596</ele>
        <time>2026-08-21T12:05:37.221Z</time>
      </trkpt>
      <trkpt lat="46.464259" lon="11.860643">
        <ele>2025.513370</ele>
        <time>2026-08-21T12:05:38.180Z</time>
      </trkpt>
      <trkpt lat="46.464311" lon="11.860475">
        <ele>2024.654815</ele>
        <time>2026-08-21T12:05:39.057Z</time>
      </trkpt>
      <trkpt lat="46.465737" lon="11.855976">
        <ele>2005.541214</ele>
        <time>2026-08-21T12:06:05.006Z</time>
      </trkpt>
      <trkpt lat="46.466201" lon="11.854314">
        <ele>1998.908191</ele>
        <time>2026-08-21T12:06:14.510Z</time>
      </trkpt>
      <trkpt lat="46.466339" lon="11.853978">
        <ele>1997.461263</ele>
        <time>2026-08-21T12:06:16.419Z</time>
      </trkpt>
      <trkpt lat="46.466631" lon="11.853073">
        <ele>1990.347377</ele>
        <time>2026-08-21T12:06:21.305Z</time>
      </trkpt>
      <trkpt lat="46.466777" lon="11.852668">
        <ele>1986.748944</ele>
        <time>2026-08-21T12:06:23.479Z</time>
      </trkpt>
      <trkpt lat="46.466899" lon="11.852254">
        <ele>1983.204190</ele>
        <time>2026-08-21T12:06:25.595Z</time>
      </trkpt>
      <trkpt lat="46.467031" lon="11.851444">
        <ele>1976.651852</ele>
        <time>2026-08-21T12:06:29.393Z</time>
      </trkpt>
      <trkpt lat="46.467258" lon="11.850837">
        <ele>1969.640939</ele>
        <time>2026-08-21T12:06:32.520Z</time>
      </trkpt>
      <trkpt lat="46.467335" lon="11.850559">
        <ele>1966.543122</ele>
        <time>2026-08-21T12:06:33.876Z</time>
      </trkpt>
      <trkpt lat="46.467476" lon="11.849751">
        <ele>1957.925612</ele>
        <time>2026-08-21T12:06:37.735Z</time>
      </trkpt>
      <trkpt lat="46.467531" lon="11.849250">
        <ele>1952.680616</ele>
        <time>2026-08-21T12:06:40.069Z</time>
      </trkpt>
      <trkpt lat="46.467529" lon="11.848958">
        <ele>1949.661609</ele>
        <time>2026-08-21T12:06:41.402Z</time>
      </trkpt>
      <trkpt lat="46.467654" lon="11.848337">
        <ele>1943.245432</ele>
        <time>2026-08-21T12:06:44.352Z</time>
      </trkpt>
      <trkpt lat="46.467651" lon="11.848133">
        <ele>1941.227667</ele>
        <time>2026-08-21T12:06:45.288Z</time>
      </trkpt>
      <trkpt lat="46.467613" lon="11.847983">
        <ele>1939.647202</ele>
        <time>2026-08-21T12:06:46.022Z</time>
      </trkpt>
      <trkpt lat="46.467347" lon="11.847130">
        <ele>1930.387807</ele>
        <time>2026-08-21T12:06:50.307Z</time>
      </trkpt>
      <trkpt lat="46.467288" lon="11.846805">
        <ele>1927.064185</ele>
        <time>2026-08-21T12:06:51.830Z</time>
      </trkpt>
      <trkpt lat="46.467316" lon="11.846195">
        <ele>1922.554421</ele>
        <time>2026-08-21T12:06:54.613Z</time>
      </trkpt>
      <trkpt lat="46.468385" lon="11.842963">
        <ele>1911.267613</ele>
        <time>2026-08-21T12:07:15.111Z</time>
      </trkpt>
      <trkpt lat="46.468519" lon="11.842741">
        <ele>1910.570739</ele>
        <time>2026-08-21T12:07:16.661Z</time>
      </trkpt>
      <trkpt lat="46.468565" lon="11.842599">
        <ele>1910.200280</ele>
        <time>2026-08-21T12:07:17.494Z</time>
      </trkpt>
      <trkpt lat="46.468586" lon="11.842444">
        <ele>1909.827346</ele>
        <time>2026-08-21T12:07:18.324Z</time>
      </trkpt>
      <trkpt lat="46.468564" lon="11.842208">
        <ele>1909.265122</ele>
        <time>2026-08-21T12:07:19.588Z</time>
      </trkpt>
      <trkpt lat="46.468436" lon="11.841860">
        <ele>1908.333758</ele>
        <time>2026-08-21T12:07:21.713Z</time>
      </trkpt>
      <trkpt lat="46.468398" lon="11.841509">
        <ele>1907.463195</ele>
        <time>2026-08-21T12:07:23.668Z</time>
      </trkpt>
      <trkpt lat="46.468349" lon="11.840732">
        <ele>1905.499103</ele>
        <time>2026-08-21T12:07:28.158Z</time>
      </trkpt>
      <trkpt lat="46.468303" lon="11.840345">
        <ele>1904.510522</ele>
        <time>2026-08-21T12:07:30.397Z</time>
      </trkpt>
      <trkpt lat="46.468168" lon="11.839587">
        <ele>1902.539675</ele>
        <time>2026-08-21T12:07:35.078Z</time>
      </trkpt>
      <trkpt lat="46.468076" lon="11.839092">
        <ele>1901.005406</ele>
        <time>2026-08-21T12:07:37.812Z</time>
      </trkpt>
      <trkpt lat="46.468036" lon="11.838862">
        <ele>1899.446490</ele>
        <time>2026-08-21T12:07:38.997Z</time>
      </trkpt>
      <trkpt lat="46.467924" lon="11.838237">
        <ele>1895.202471</ele>
        <time>2026-08-21T12:07:42.059Z</time>
      </trkpt>
      <trkpt lat="46.467836" lon="11.837721">
        <ele>1891.709091</ele>
        <time>2026-08-21T12:07:44.543Z</time>
      </trkpt>
      <trkpt lat="46.467758" lon="11.837388">
        <ele>1889.397639</ele>
        <time>2026-08-21T12:07:46.204Z</time>
      </trkpt>
      <trkpt lat="46.467577" lon="11.836975">
        <ele>1886.180684</ele>
        <time>2026-08-21T12:07:48.533Z</time>
      </trkpt>
      <trkpt lat="46.467484" lon="11.836832">
        <ele>1884.888204</ele>
        <time>2026-08-21T12:07:49.462Z</time>
      </trkpt>
      <trkpt lat="46.467233" lon="11.836545">
        <ele>1880.803780</ele>
        <time>2026-08-21T12:07:51.634Z</time>
      </trkpt>
      <trkpt lat="46.466987" lon="11.835996">
        <ele>1874.640910</ele>
        <time>2026-08-21T12:07:54.672Z</time>
      </trkpt>
      <trkpt lat="46.466821" lon="11.835757">
        <ele>1871.447078</ele>
        <time>2026-08-21T12:07:56.246Z</time>
      </trkpt>
      <trkpt lat="46.466742" lon="11.835683">
        <ele>1870.162688</ele>
        <time>2026-08-21T12:07:56.879Z</time>
      </trkpt>
      <trkpt lat="46.466549" lon="11.835516">
        <ele>1867.093259</ele>
        <time>2026-08-21T12:07:58.373Z</time>
      </trkpt>
      <trkpt lat="46.466292" lon="11.835220">
        <ele>1862.611630</ele>
        <time>2026-08-21T12:08:00.542Z</time>
      </trkpt>
      <trkpt lat="46.465491" lon="11.834227">
        <ele>1848.643226</ele>
        <time>2026-08-21T12:08:07.494Z</time>
      </trkpt>
      <trkpt lat="46.465383" lon="11.833893">
        <ele>1845.298950</ele>
        <time>2026-08-21T12:08:09.246Z</time>
      </trkpt>
      <trkpt lat="46.465292" lon="11.833023">
        <ele>1837.323077</ele>
        <time>2026-08-21T12:08:13.371Z</time>
      </trkpt>
      <trkpt lat="46.465221" lon="11.832803">
        <ele>1835.337505</ele>
        <time>2026-08-21T12:08:14.523Z</time>
      </trkpt>
      <trkpt lat="46.465135" lon="11.832705">
        <ele>1834.253732</ele>
        <time>2026-08-21T12:08:15.280Z</time>
      </trkpt>
      <trkpt lat="46.464795" lon="11.832443">
        <ele>1830.437936</ele>
        <time>2026-08-21T12:08:17.967Z</time>
      </trkpt>
      <trkpt lat="46.464647" lon="11.832203">
        <ele>1828.238391</ele>
        <time>2026-08-21T12:08:19.525Z</time>
      </trkpt>
      <trkpt lat="46.464580" lon="11.831898">
        <ele>1826.052459</ele>
        <time>2026-08-21T12:08:21.058Z</time>
      </trkpt>
      <trkpt lat="46.464529" lon="11.831193">
        <ele>1821.212131</ele>
        <time>2026-08-21T12:08:24.342Z</time>
      </trkpt>
      <trkpt lat="46.464341" lon="11.830181">
        <ele>1814.940861</ele>
        <time>2026-08-21T12:08:29.381Z</time>
      </trkpt>
      <trkpt lat="46.464167" lon="11.828202">
        <ele>1804.251564</ele>
        <time>2026-08-21T12:08:39.265Z</time>
      </trkpt>
      <trkpt lat="46.464158" lon="11.827543">
        <ele>1800.891708</ele>
        <time>2026-08-21T12:08:42.470Z</time>
      </trkpt>
      <trkpt lat="46.464178" lon="11.827315">
        <ele>1799.721388</ele>
        <time>2026-08-21T12:08:43.593Z</time>
      </trkpt>
      <trkpt lat="46.464233" lon="11.827089">
        <ele>1798.500917</ele>
        <time>2026-08-21T12:08:44.768Z</time>
      </trkpt>
      <trkpt lat="46.464224" lon="11.826916">
        <ele>1797.617517</ele>
        <time>2026-08-21T12:08:45.620Z</time>
      </trkpt>
      <trkpt lat="46.464178" lon="11.826819">
        <ele>1797.017870</ele>
        <time>2026-08-21T12:08:46.204Z</time>
      </trkpt>
      <trkpt lat="46.464066" lon="11.826788">
        <ele>1796.175022</ele>
        <time>2026-08-21T12:08:47.019Z</time>
      </trkpt>
      <trkpt lat="46.464019" lon="11.826817">
        <ele>1795.797508</ele>
        <time>2026-08-21T12:08:47.386Z</time>
      </trkpt>
      <trkpt lat="46.463998" lon="11.826905">
        <ele>1795.323294</ele>
        <time>2026-08-21T12:08:47.847Z</time>
      </trkpt>
      <trkpt lat="46.463923" lon="11.828484">
        <ele>1787.179049</ele>
        <time>2026-08-21T12:08:55.657Z</time>
      </trkpt>
      <trkpt lat="46.463659" lon="11.830237">
        <ele>1777.827234</ele>
        <time>2026-08-21T12:09:04.450Z</time>
      </trkpt>
      <trkpt lat="46.463642" lon="11.831060">
        <ele>1772.830606</ele>
        <time>2026-08-21T12:09:08.432Z</time>
      </trkpt>
      <trkpt lat="46.463809" lon="11.831753">
        <ele>1768.281894</ele>
        <time>2026-08-21T12:09:11.951Z</time>
      </trkpt>
      <trkpt lat="46.463821" lon="11.831893">
        <ele>1767.407824</ele>
        <time>2026-08-21T12:09:12.624Z</time>
      </trkpt>
      <trkpt lat="46.463782" lon="11.831955">
        <ele>1766.887627</ele>
        <time>2026-08-21T12:09:13.028Z</time>
      </trkpt>
      <trkpt lat="46.463726" lon="11.831970">
        <ele>1766.375429</ele>
        <time>2026-08-21T12:09:13.422Z</time>
      </trkpt>
      <trkpt lat="46.463611" lon="11.831860">
        <ele>1765.136722</ele>
        <time>2026-08-21T12:09:14.373Z</time>
      </trkpt>
      <trkpt lat="46.463587" lon="11.831765">
        <ele>1764.509802</ele>
        <time>2026-08-21T12:09:14.852Z</time>
      </trkpt>
      <trkpt lat="46.463560" lon="11.831326">
        <ele>1761.779112</ele>
        <time>2026-08-21T12:09:16.928Z</time>
      </trkpt>
      <trkpt lat="46.463029" lon="11.829551">
        <ele>1751.271097</ele>
        <time>2026-08-21T12:09:26.245Z</time>
      </trkpt>
      <trkpt lat="46.462997" lon="11.829333">
        <ele>1750.071094</ele>
        <time>2026-08-21T12:09:27.370Z</time>
      </trkpt>
      <trkpt lat="46.462989" lon="11.829170">
        <ele>1749.191323</ele>
        <time>2026-08-21T12:09:28.206Z</time>
      </trkpt>
      <trkpt lat="46.463026" lon="11.828995">
        <ele>1748.205790</ele>
        <time>2026-08-21T12:09:29.140Z</time>
      </trkpt>
      <trkpt lat="46.463200" lon="11.828723">
        <ele>1746.424555</ele>
        <time>2026-08-21T12:09:31.049Z</time>
      </trkpt>
      <trkpt lat="46.463261" lon="11.828526">
        <ele>1745.566150</ele>
        <time>2026-08-21T12:09:32.171Z</time>
      </trkpt>
      <trkpt lat="46.463290" lon="11.828337">
        <ele>1744.796599</ele>
        <time>2026-08-21T12:09:33.179Z</time>
      </trkpt>
      <trkpt lat="46.463246" lon="11.827482">
        <ele>1741.389112</ele>
        <time>2026-08-21T12:09:37.735Z</time>
      </trkpt>
      <trkpt lat="46.463084" lon="11.826382">
        <ele>1736.918582</ele>
        <time>2026-08-21T12:09:43.441Z</time>
      </trkpt>
      <trkpt lat="46.463109" lon="11.826163">
        <ele>1735.546056</ele>
        <time>2026-08-21T12:09:44.511Z</time>
      </trkpt>
      <trkpt lat="46.463238" lon="11.825908">
        <ele>1733.299296</ele>
        <time>2026-08-21T12:09:46.034Z</time>
      </trkpt>
      <trkpt lat="46.463235" lon="11.825833">
        <ele>1732.765793</ele>
        <time>2026-08-21T12:09:46.393Z</time>
      </trkpt>
      <trkpt lat="46.463165" lon="11.825690">
        <ele>1731.519981</ele>
        <time>2026-08-21T12:09:47.239Z</time>
      </trkpt>
      <trkpt lat="46.463062" lon="11.825664">
        <ele>1730.442167</ele>
        <time>2026-08-21T12:09:47.960Z</time>
      </trkpt>
      <trkpt lat="46.462996" lon="11.825729">
        <ele>1729.619943</ele>
        <time>2026-08-21T12:09:48.513Z</time>
      </trkpt>
      <trkpt lat="46.462983" lon="11.825864">
        <ele>1728.651926</ele>
        <time>2026-08-21T12:09:49.161Z</time>
      </trkpt>
      <trkpt lat="46.462951" lon="11.826905">
        <ele>1721.251965</ele>
        <time>2026-08-21T12:09:54.046Z</time>
      </trkpt>
      <trkpt lat="46.462902" lon="11.827678">
        <ele>1715.745267</ele>
        <time>2026-08-21T12:09:57.628Z</time>
      </trkpt>
      <trkpt lat="46.462867" lon="11.827927">
        <ele>1713.945057</ele>
        <time>2026-08-21T12:09:58.811Z</time>
      </trkpt>
      <trkpt lat="46.462804" lon="11.828178">
        <ele>1712.052667</ele>
        <time>2026-08-21T12:10:00.062Z</time>
      </trkpt>
      <trkpt lat="46.462413" lon="11.828679">
        <ele>1706.689488</ele>
        <time>2026-08-21T12:10:03.630Z</time>
      </trkpt>
      <trkpt lat="46.462309" lon="11.828926">
        <ele>1704.638791</ele>
        <time>2026-08-21T12:10:05.005Z</time>
      </trkpt>
      <trkpt lat="46.462245" lon="11.829174">
        <ele>1702.762753</ele>
        <time>2026-08-21T12:10:06.272Z</time>
      </trkpt>
      <trkpt lat="46.462203" lon="11.829476">
        <ele>1700.580261</ele>
        <time>2026-08-21T12:10:07.757Z</time>
      </trkpt>
      <trkpt lat="46.462203" lon="11.829772">
        <ele>1699.005224</ele>
        <time>2026-08-21T12:10:09.197Z</time>
      </trkpt>
      <trkpt lat="46.462336" lon="11.831392">
        <ele>1692.757277</ele>
        <time>2026-08-21T12:10:17.553Z</time>
      </trkpt>
      <trkpt lat="46.462426" lon="11.832935">
        <ele>1686.893856</ele>
        <time>2026-08-21T12:10:25.830Z</time>
      </trkpt>
      <trkpt lat="46.462421" lon="11.833155">
        <ele>1686.071062</ele>
        <time>2026-08-21T12:10:27.026Z</time>
      </trkpt>
      <trkpt lat="46.462387" lon="11.833230">
        <ele>1685.735452</ele>
        <time>2026-08-21T12:10:27.505Z</time>
      </trkpt>
      <trkpt lat="46.462266" lon="11.833337">
        <ele>1684.966621</ele>
        <time>2026-08-21T12:10:28.611Z</time>
      </trkpt>
      <trkpt lat="46.462183" lon="11.833331">
        <ele>1684.515663</ele>
        <time>2026-08-21T12:10:29.249Z</time>
      </trkpt>
      <trkpt lat="46.462110" lon="11.833256">
        <ele>1684.030362</ele>
        <time>2026-08-21T12:10:29.932Z</time>
      </trkpt>
      <trkpt lat="46.462067" lon="11.833018">
        <ele>1683.110635</ele>
        <time>2026-08-21T12:10:31.201Z</time>
      </trkpt>
      <trkpt lat="46.462062" lon="11.832595">
        <ele>1681.529243</ele>
        <time>2026-08-21T12:10:33.317Z</time>
      </trkpt>
      <trkpt lat="46.462056" lon="11.831901">
        <ele>1678.693383</ele>
        <time>2026-08-21T12:10:36.693Z</time>
      </trkpt>
      <trkpt lat="46.462019" lon="11.831658">
        <ele>1677.520054</ele>
        <time>2026-08-21T12:10:37.903Z</time>
      </trkpt>
      <trkpt lat="46.461929" lon="11.831316">
        <ele>1675.793962</ele>
        <time>2026-08-21T12:10:39.685Z</time>
      </trkpt>
      <trkpt lat="46.461787" lon="11.830911">
        <ele>1673.651379</ele>
        <time>2026-08-21T12:10:41.892Z</time>
      </trkpt>
      <trkpt lat="46.461744" lon="11.830712">
        <ele>1672.668069</ele>
        <time>2026-08-21T12:10:42.904Z</time>
      </trkpt>
      <trkpt lat="46.461343" lon="11.828215">
        <ele>1663.140675</ele>
        <time>2026-08-21T12:10:56.071Z</time>
      </trkpt>
      <trkpt lat="46.461275" lon="11.827909">
        <ele>1662.181850</ele>
        <time>2026-08-21T12:10:57.869Z</time>
      </trkpt>
      <trkpt lat="46.461068" lon="11.827327">
        <ele>1660.228581</ele>
        <time>2026-08-21T12:11:01.551Z</time>
      </trkpt>
      <trkpt lat="46.460768" lon="11.826353">
        <ele>1658.222683</ele>
        <time>2026-08-21T12:11:07.679Z</time>
      </trkpt>
      <trkpt lat="46.460550" lon="11.824585">
        <ele>1655.121913</ele>
        <time>2026-08-21T12:11:18.343Z</time>
      </trkpt>
      <trkpt lat="46.460229" lon="11.823597">
        <ele>1652.540070</ele>
        <time>2026-08-21T12:11:24.833Z</time>
      </trkpt>
      <trkpt lat="46.460004" lon="11.822947">
        <ele>1650.820727</ele>
        <time>2026-08-21T12:11:28.852Z</time>
      </trkpt>
      <trkpt lat="46.459511" lon="11.821312">
        <ele>1645.539276</ele>
        <time>2026-08-21T12:11:38.042Z</time>
      </trkpt>
      <trkpt lat="46.459277" lon="11.820054">
        <ele>1641.187399</ele>
        <time>2026-08-21T12:11:44.864Z</time>
      </trkpt>
      <trkpt lat="46.458981" lon="11.819096">
        <ele>1637.846745</ele>
        <time>2026-08-21T12:11:50.476Z</time>
      </trkpt>
      <trkpt lat="46.458967" lon="11.818823">
        <ele>1636.987128</ele>
        <time>2026-08-21T12:11:51.917Z</time>
      </trkpt>
      <trkpt lat="46.459023" lon="11.818658">
        <ele>1636.409543</ele>
        <time>2026-08-21T12:11:52.885Z</time>
      </trkpt>
      <trkpt lat="46.459424" lon="11.817931">
        <ele>1633.485080</ele>
        <time>2026-08-21T12:11:57.791Z</time>
      </trkpt>
      <trkpt lat="46.459549" lon="11.817496">
        <ele>1631.967158</ele>
        <time>2026-08-21T12:12:00.263Z</time>
      </trkpt>
      <trkpt lat="46.459560" lon="11.817212">
        <ele>1630.939749</ele>
        <time>2026-08-21T12:12:01.756Z</time>
      </trkpt>
      <trkpt lat="46.459380" lon="11.816627">
        <ele>1628.625565</ele>
        <time>2026-08-21T12:12:05.057Z</time>
      </trkpt>
      <trkpt lat="46.459333" lon="11.816371">
        <ele>1627.668631</ele>
        <time>2026-08-21T12:12:06.420Z</time>
      </trkpt>
      <trkpt lat="46.459320" lon="11.815806">
        <ele>1625.626742</ele>
        <time>2026-08-21T12:12:09.338Z</time>
      </trkpt>
      <trkpt lat="46.459271" lon="11.815623">
        <ele>1624.917579</ele>
        <time>2026-08-21T12:12:10.342Z</time>
      </trkpt>
      <trkpt lat="46.459195" lon="11.815463">
        <ele>1624.215597</ele>
        <time>2026-08-21T12:12:11.333Z</time>
      </trkpt>
      <trkpt lat="46.459140" lon="11.815355">
        <ele>1623.730484</ele>
        <time>2026-08-21T12:12:12.011Z</time>
      </trkpt>
      <trkpt lat="46.458846" lon="11.814777">
        <ele>1621.191887</ele>
        <time>2026-08-21T12:12:15.676Z</time>
      </trkpt>
      <trkpt lat="46.458544" lon="11.814039">
        <ele>1618.195096</ele>
        <time>2026-08-21T12:12:20.096Z</time>
      </trkpt>
      <trkpt lat="46.458228" lon="11.813230">
        <ele>1614.948284</ele>
        <time>2026-08-21T12:12:24.957Z</time>
      </trkpt>
      <trkpt lat="46.457859" lon="11.812141">
        <ele>1610.662216</ele>
        <time>2026-08-21T12:12:31.408Z</time>
      </trkpt>
      <trkpt lat="46.457800" lon="11.811413">
        <ele>1608.061180</ele>
        <time>2026-08-21T12:12:35.301Z</time>
      </trkpt>
      <trkpt lat="46.457732" lon="11.811220">
        <ele>1607.291970</ele>
        <time>2026-08-21T12:12:36.406Z</time>
      </trkpt>
      <trkpt lat="46.457358" lon="11.810411">
        <ele>1603.760873</ele>
        <time>2026-08-21T12:12:41.259Z</time>
      </trkpt>
      <trkpt lat="46.457305" lon="11.810286">
        <ele>1603.177072</ele>
        <time>2026-08-21T12:12:41.988Z</time>
      </trkpt>
      <trkpt lat="46.457158" lon="11.809462">
        <ele>1599.791562</ele>
        <time>2026-08-21T12:12:46.305Z</time>
      </trkpt>
      <trkpt lat="46.457106" lon="11.809293">
        <ele>1599.055375</ele>
        <time>2026-08-21T12:12:47.242Z</time>
      </trkpt>
      <trkpt lat="46.456549" lon="11.808204">
        <ele>1593.545866</ele>
        <time>2026-08-21T12:12:54.207Z</time>
      </trkpt>
      <trkpt lat="46.456074" lon="11.807179">
        <ele>1587.227454</ele>
        <time>2026-08-21T12:13:00.557Z</time>
      </trkpt>
      <trkpt lat="46.456049" lon="11.807031">
        <ele>1586.448041</ele>
        <time>2026-08-21T12:13:01.301Z</time>
      </trkpt>
      <trkpt lat="46.456084" lon="11.806921">
        <ele>1585.828303</ele>
        <time>2026-08-21T12:13:01.891Z</time>
      </trkpt>
      <trkpt lat="46.456155" lon="11.806877">
        <ele>1585.255135</ele>
        <time>2026-08-21T12:13:02.425Z</time>
      </trkpt>
      <trkpt lat="46.456230" lon="11.806882">
        <ele>1584.697713</ele>
        <time>2026-08-21T12:13:02.952Z</time>
      </trkpt>
      <trkpt lat="46.456539" lon="11.807455">
        <ele>1580.975815</ele>
        <time>2026-08-21T12:13:06.403Z</time>
      </trkpt>
      <trkpt lat="46.456996" lon="11.807956">
        <ele>1575.704182</ele>
        <time>2026-08-21T12:13:10.328Z</time>
      </trkpt>
      <trkpt lat="46.457113" lon="11.808013">
        <ele>1574.553373</ele>
        <time>2026-08-21T12:13:11.179Z</time>
      </trkpt>
      <trkpt lat="46.457472" lon="11.807998">
        <ele>1571.204378</ele>
        <time>2026-08-21T12:13:13.667Z</time>
      </trkpt>
      <trkpt lat="46.457628" lon="11.808085">
        <ele>1569.646044</ele>
        <time>2026-08-21T12:13:14.828Z</time>
      </trkpt>
      <trkpt lat="46.457779" lon="11.808256">
        <ele>1567.860205</ele>
        <time>2026-08-21T12:13:16.159Z</time>
      </trkpt>
      <trkpt lat="46.457894" lon="11.808286">
        <ele>1566.770673</ele>
        <time>2026-08-21T12:13:16.975Z</time>
      </trkpt>
      <trkpt lat="46.458061" lon="11.808184">
        <ele>1565.081198</ele>
        <time>2026-08-21T12:13:18.251Z</time>
      </trkpt>
      <trkpt lat="46.458109" lon="11.808117">
        <ele>1564.460253</ele>
        <time>2026-08-21T12:13:18.722Z</time>
      </trkpt>
      <trkpt lat="46.458142" lon="11.808009">
        <ele>1563.751025</ele>
        <time>2026-08-21T12:13:19.296Z</time>
      </trkpt>
      <trkpt lat="46.458143" lon="11.807906">
        <ele>1563.229541</ele>
        <time>2026-08-21T12:13:19.797Z</time>
      </trkpt>
      <trkpt lat="46.458104" lon="11.807775">
        <ele>1562.507081</ele>
        <time>2026-08-21T12:13:20.493Z</time>
      </trkpt>
      <trkpt lat="46.457842" lon="11.807146">
        <ele>1558.785957</ele>
        <time>2026-08-21T12:13:24.086Z</time>
      </trkpt>
      <trkpt lat="46.457788" lon="11.806937">
        <ele>1557.655929</ele>
        <time>2026-08-21T12:13:25.175Z</time>
      </trkpt>
      <trkpt lat="46.457783" lon="11.806693">
        <ele>1556.420138</ele>
        <time>2026-08-21T12:13:26.366Z</time>
      </trkpt>
      <trkpt lat="46.457901" lon="11.805983">
        <ele>1552.722659</ele>
        <time>2026-08-21T12:13:29.980Z</time>
      </trkpt>
      <trkpt lat="46.457939" lon="11.805757">
        <ele>1551.544954</ele>
        <time>2026-08-21T12:13:31.156Z</time>
      </trkpt>
      <trkpt lat="46.458001" lon="11.805473">
        <ele>1550.081387</ele>
        <time>2026-08-21T12:13:32.662Z</time>
      </trkpt>
      <trkpt lat="46.458093" lon="11.805287">
        <ele>1548.998135</ele>
        <time>2026-08-21T12:13:33.821Z</time>
      </trkpt>
      <trkpt lat="46.458517" lon="11.804613">
        <ele>1544.680147</ele>
        <time>2026-08-21T12:13:38.404Z</time>
      </trkpt>
      <trkpt lat="46.458569" lon="11.804434">
        <ele>1543.761126</ele>
        <time>2026-08-21T12:13:39.376Z</time>
      </trkpt>
      <trkpt lat="46.458571" lon="11.804197">
        <ele>1542.639855</ele>
        <time>2026-08-21T12:13:40.556Z</time>
      </trkpt>
      <trkpt lat="46.458492" lon="11.804006">
        <ele>1541.585924</ele>
        <time>2026-08-21T12:13:41.665Z</time>
      </trkpt>
      <trkpt lat="46.458383" lon="11.803900">
        <ele>1540.684940</ele>
        <time>2026-08-21T12:13:42.611Z</time>
      </trkpt>
      <trkpt lat="46.458268" lon="11.803868">
        <ele>1539.880821</ele>
        <time>2026-08-21T12:13:43.445Z</time>
      </trkpt>
      <trkpt lat="46.457444" lon="11.803990">
        <ele>1533.792312</ele>
        <time>2026-08-21T12:13:49.257Z</time>
      </trkpt>
      <trkpt lat="46.457299" lon="11.803913">
        <ele>1532.630266</ele>
        <time>2026-08-21T12:13:50.348Z</time>
      </trkpt>
      <trkpt lat="46.457203" lon="11.803805">
        <ele>1531.716155</ele>
        <time>2026-08-21T12:13:51.205Z</time>
      </trkpt>
      <trkpt lat="46.457137" lon="11.803675">
        <ele>1530.878860</ele>
        <time>2026-08-21T12:13:51.988Z</time>
      </trkpt>
      <trkpt lat="46.457069" lon="11.803369">
        <ele>1529.211793</ele>
        <time>2026-08-21T12:13:53.553Z</time>
      </trkpt>
      <trkpt lat="46.457058" lon="11.802808">
        <ele>1526.301914</ele>
        <time>2026-08-21T12:13:56.312Z</time>
      </trkpt>
      <trkpt lat="46.457043" lon="11.802543">
        <ele>1524.923297</ele>
        <time>2026-08-21T12:13:57.640Z</time>
      </trkpt>
      <trkpt lat="46.457006" lon="11.802306">
        <ele>1524.187116</ele>
        <time>2026-08-21T12:13:58.871Z</time>
      </trkpt>
      <trkpt lat="46.456964" lon="11.802174">
        <ele>1523.771949</ele>
        <time>2026-08-21T12:13:59.616Z</time>
      </trkpt>
      <trkpt lat="46.456903" lon="11.801979">
        <ele>1523.160438</ele>
        <time>2026-08-21T12:14:00.736Z</time>
      </trkpt>
      <trkpt lat="46.456853" lon="11.801839">
        <ele>1522.710161</ele>
        <time>2026-08-21T12:14:01.571Z</time>
      </trkpt>
      <trkpt lat="46.456813" lon="11.801736">
        <ele>1522.372547</ele>
        <time>2026-08-21T12:14:02.202Z</time>
      </trkpt>
      <trkpt lat="46.456644" lon="11.801278">
        <ele>1520.889005</ele>
        <time>2026-08-21T12:14:05.007Z</time>
      </trkpt>
      <trkpt lat="46.456414" lon="11.800622">
        <ele>1518.787242</ele>
        <time>2026-08-21T12:14:09.077Z</time>
      </trkpt>
      <trkpt lat="46.456278" lon="11.800152">
        <ele>1517.330101</ele>
        <time>2026-08-21T12:14:12.046Z</time>
      </trkpt>
      <trkpt lat="46.456145" lon="11.799280">
        <ele>1514.688079</ele>
        <time>2026-08-21T12:14:17.153Z</time>
      </trkpt>
      <trkpt lat="46.456109" lon="11.798971">
        <ele>1513.761012</ele>
        <time>2026-08-21T12:14:18.848Z</time>
      </trkpt>
      <trkpt lat="46.456008" lon="11.798084">
        <ele>1511.101474</ele>
        <time>2026-08-21T12:14:23.524Z</time>
      </trkpt>
      <trkpt lat="46.455976" lon="11.797556">
        <ele>1509.496223</ele>
        <time>2026-08-21T12:14:26.229Z</time>
      </trkpt>
      <trkpt lat="46.455986" lon="11.797207">
        <ele>1508.134073</ele>
        <time>2026-08-21T12:14:27.995Z</time>
      </trkpt>
      <trkpt lat="46.456064" lon="11.796397">
        <ele>1504.944660</ele>
        <time>2026-08-21T12:14:32.107Z</time>
      </trkpt>
      <trkpt lat="46.456185" lon="11.795813">
        <ele>1502.566510</ele>
        <time>2026-08-21T12:14:35.183Z</time>
      </trkpt>
      <trkpt lat="46.456424" lon="11.795128">
        <ele>1499.572219</ele>
        <time>2026-08-21T12:14:39.135Z</time>
      </trkpt>
      <trkpt lat="46.456770" lon="11.794359">
        <ele>1497.230252</ele>
        <time>2026-08-21T12:14:44.003Z</time>
      </trkpt>
      <trkpt lat="46.457329" lon="11.793114">
        <ele>1493.500378</ele>
        <time>2026-08-21T12:14:52.362Z</time>
      </trkpt>
      <trkpt lat="46.457396" lon="11.792925">
        <ele>1492.966896</ele>
        <time>2026-08-21T12:14:53.571Z</time>
      </trkpt>
      <trkpt lat="46.457653" lon="11.792121">
        <ele>1491.319748</ele>
        <time>2026-08-21T12:14:58.549Z</time>
      </trkpt>
      <trkpt lat="46.457890" lon="11.791238">
        <ele>1489.573026</ele>
        <time>2026-08-21T12:15:03.837Z</time>
      </trkpt>
      <trkpt lat="46.457901" lon="11.791185">
        <ele>1489.470999</ele>
        <time>2026-08-21T12:15:04.140Z</time>
      </trkpt>
      <trkpt lat="46.457913" lon="11.791125">
        <ele>1489.355840</ele>
        <time>2026-08-21T12:15:04.491Z</time>
      </trkpt>
      <trkpt lat="46.457930" lon="11.791038">
        <ele>1489.189156</ele>
        <time>2026-08-21T12:15:05.017Z</time>
      </trkpt>
      <trkpt lat="46.458090" lon="11.790258">
        <ele>1488.059601</ele>
        <time>2026-08-21T12:15:10.029Z</time>
      </trkpt>
      <trkpt lat="46.458156" lon="11.789939">
        <ele>1487.994163</ele>
        <time>2026-08-21T12:15:12.482Z</time>
      </trkpt>
      <trkpt lat="46.458166" lon="11.789887">
        <ele>1487.983556</ele>
        <time>2026-08-21T12:15:12.877Z</time>
      </trkpt>
      <trkpt lat="46.458189" lon="11.789779">
        <ele>1487.961347</ele>
        <time>2026-08-21T12:15:13.732Z</time>
      </trkpt>
      <trkpt lat="46.458239" lon="11.789540">
        <ele>1487.912274</ele>
        <time>2026-08-21T12:15:15.584Z</time>
      </trkpt>
      <trkpt lat="46.458269" lon="11.789393">
        <ele>1487.882153</ele>
        <time>2026-08-21T12:15:16.780Z</time>
      </trkpt>
      <trkpt lat="46.458463" lon="11.788828">
        <ele>1487.758125</ele>
        <time>2026-08-21T12:15:22.418Z</time>
      </trkpt>
      <trkpt lat="46.458483" lon="11.788775">
        <ele>1487.746252</ele>
        <time>2026-08-21T12:15:22.997Z</time>
      </trkpt>
      <trkpt lat="46.458539" lon="11.788633">
        <ele>1487.714106</ele>
        <time>2026-08-21T12:15:24.691Z</time>
      </trkpt>
      <trkpt lat="46.458790" lon="11.788029">
        <ele>1487.574110</ele>
        <time>2026-08-21T12:15:31.307Z</time>
      </trkpt>
      <trkpt lat="46.459162" lon="11.786725">
        <ele>1487.271253</ele>
        <time>2026-08-21T12:15:41.305Z</time>
      </trkpt>
      <trkpt lat="46.459184" lon="11.786644">
        <ele>1487.252570</ele>
        <time>2026-08-21T12:15:41.878Z</time>
      </trkpt>
      <trkpt lat="46.459346" lon="11.786237">
        <ele>1487.151706</ele>
        <time>2026-08-21T12:15:45.001Z</time>
      </trkpt>
      <trkpt lat="46.459553" lon="11.785748">
        <ele>1487.043670</ele>
        <time>2026-08-21T12:15:49.235Z</time>
      </trkpt>
      <trkpt lat="46.459562" lon="11.785728">
        <ele>1487.076767</ele>
        <time>2026-08-21T12:15:49.441Z</time>
      </trkpt>
      <trkpt lat="46.459619" lon="11.785575">
        <ele>1487.317751</ele>
        <time>2026-08-21T12:15:51.056Z</time>
      </trkpt>
      <trkpt lat="46.459909" lon="11.784886">
        <ele>1488.436387</ele>
        <time>2026-08-21T12:16:00.445Z</time>
      </trkpt>
      <trkpt lat="46.460081" lon="11.784650">
        <ele>1488.912374</ele>
        <time>2026-08-21T12:16:04.851Z</time>
      </trkpt>
      <trkpt lat="46.460575" lon="11.784082">
        <ele>1490.179777</ele>
        <time>2026-08-21T12:16:18.176Z</time>
      </trkpt>
      <trkpt lat="46.460605" lon="11.784047">
        <ele>1490.257182</ele>
        <time>2026-08-21T12:16:19.097Z</time>
      </trkpt>
      <trkpt lat="46.460835" lon="11.783791">
        <ele>1490.689752</ele>
        <time>2026-08-21T12:16:26.099Z</time>
      </trkpt>
      <trkpt lat="46.460881" lon="11.783736">
        <ele>1490.715826</ele>
        <time>2026-08-21T12:16:27.537Z</time>
      </trkpt>
      <trkpt lat="46.461290" lon="11.783311">
        <ele>1490.935897</ele>
        <time>2026-08-21T12:16:37.879Z</time>
      </trkpt>
      <trkpt lat="46.461645" lon="11.783077">
        <ele>1491.106484</ele>
        <time>2026-08-21T12:16:43.109Z</time>
      </trkpt>
      <trkpt lat="46.461719" lon="11.783041">
        <ele>1491.140631</ele>
        <time>2026-08-21T12:16:44.009Z</time>
      </trkpt>
      <trkpt lat="46.461881" lon="11.782996">
        <ele>1491.212797</ele>
        <time>2026-08-21T12:16:45.638Z</time>
      </trkpt>
      <trkpt lat="46.462131" lon="11.782950">
        <ele>1491.323056</ele>
        <time>2026-08-21T12:16:47.933Z</time>
      </trkpt>
      <trkpt lat="46.462479" lon="11.782915">
        <ele>1491.156708</ele>
        <time>2026-08-21T12:16:50.950Z</time>
      </trkpt>
      <trkpt lat="46.463194" lon="11.782846">
        <ele>1489.016466</ele>
        <time>2026-08-21T12:16:56.698Z</time>
      </trkpt>
      <trkpt lat="46.463713" lon="11.782788">
        <ele>1487.461756</ele>
        <time>2026-08-21T12:17:00.904Z</time>
      </trkpt>
      <trkpt lat="46.463998" lon="11.782710">
        <ele>1486.595537</ele>
        <time>2026-08-21T12:17:03.260Z</time>
      </trkpt>
      <trkpt lat="46.464307" lon="11.782498">
        <ele>1485.621016</ele>
        <time>2026-08-21T12:17:06.075Z</time>
      </trkpt>
      <trkpt lat="46.465566" lon="11.781517">
        <ele>1481.757792</ele>
        <time>2026-08-21T12:17:18.060Z</time>
      </trkpt>
      <trkpt lat="46.465967" lon="11.781204">
        <ele>1480.130682</ele>
        <time>2026-08-21T12:17:21.888Z</time>
      </trkpt>
      <trkpt lat="46.466005" lon="11.781175">
        <ele>1479.946285</ele>
        <time>2026-08-21T12:17:22.242Z</time>
      </trkpt>
      <trkpt lat="46.466291" lon="11.780951">
        <ele>1478.550479</ele>
        <time>2026-08-21T12:17:24.905Z</time>
      </trkpt>
      <trkpt lat="46.466319" lon="11.780930">
        <ele>1478.415111</ele>
        <time>2026-08-21T12:17:25.161Z</time>
      </trkpt>
      <trkpt lat="46.466447" lon="11.780830">
        <ele>1477.790768</ele>
        <time>2026-08-21T12:17:26.328Z</time>
      </trkpt>
      <trkpt lat="46.466840" lon="11.780528">
        <ele>1475.880851</ele>
        <time>2026-08-21T12:17:29.769Z</time>
      </trkpt>
      <trkpt lat="46.467197" lon="11.780224">
        <ele>1474.103143</ele>
        <time>2026-08-21T12:17:32.863Z</time>
      </trkpt>
      <trkpt lat="46.467716" lon="11.779572">
        <ele>1469.681486</ele>
        <time>2026-08-21T12:17:37.805Z</time>
      </trkpt>
      <trkpt lat="46.467967" lon="11.779262">
        <ele>1467.366528</ele>
        <time>2026-08-21T12:17:40.132Z</time>
      </trkpt>
      <trkpt lat="46.468243" lon="11.778913">
        <ele>1464.795358</ele>
        <time>2026-08-21T12:17:42.724Z</time>
      </trkpt>
      <trkpt lat="46.468503" lon="11.778735">
        <ele>1462.775979</ele>
        <time>2026-08-21T12:17:44.776Z</time>
      </trkpt>
      <trkpt lat="46.468745" lon="11.778688">
        <ele>1461.060780</ele>
        <time>2026-08-21T12:17:46.531Z</time>
      </trkpt>
      <trkpt lat="46.469328" lon="11.778647">
        <ele>1458.250637</ele>
        <time>2026-08-21T12:17:50.817Z</time>
      </trkpt>
      <trkpt lat="46.469374" lon="11.778643">
        <ele>1458.034608</ele>
        <time>2026-08-21T12:17:51.154Z</time>
      </trkpt>
      <trkpt lat="46.469455" lon="11.778638">
        <ele>1457.654547</ele>
        <time>2026-08-21T12:17:51.768Z</time>
      </trkpt>
      <trkpt lat="46.470056" lon="11.778620">
        <ele>1454.836533</ele>
        <time>2026-08-21T12:17:56.398Z</time>
      </trkpt>
      <trkpt lat="46.470103" lon="11.778631">
        <ele>1454.613358</ele>
        <time>2026-08-21T12:17:56.778Z</time>
      </trkpt>
      <trkpt lat="46.470336" lon="11.778678">
        <ele>1453.510592</ele>
        <time>2026-08-21T12:17:58.666Z</time>
      </trkpt>
      <trkpt lat="46.470380" lon="11.778688">
        <ele>1453.301814</ele>
        <time>2026-08-21T12:17:59.025Z</time>
      </trkpt>
      <trkpt lat="46.470481" lon="11.778702">
        <ele>1452.826185</ele>
        <time>2026-08-21T12:17:59.846Z</time>
      </trkpt>
      <trkpt lat="46.470694" lon="11.778602">
        <ele>1452.101378</ele>
        <time>2026-08-21T12:18:01.665Z</time>
      </trkpt>
      <trkpt lat="46.471449" lon="11.777915">
        <ele>1450.076471</ele>
        <time>2026-08-21T12:18:09.245Z</time>
      </trkpt>
      <trkpt lat="46.471646" lon="11.777735">
        <ele>1449.547501</ele>
        <time>2026-08-21T12:18:11.360Z</time>
      </trkpt>
      <trkpt lat="46.472099" lon="11.777351">
        <ele>1448.355413</ele>
        <time>2026-08-21T12:18:16.101Z</time>
      </trkpt>
      <trkpt lat="46.472149" lon="11.777305">
        <ele>1448.237187</ele>
        <time>2026-08-21T12:18:16.627Z</time>
      </trkpt>
      <trkpt lat="46.472229" lon="11.777230">
        <ele>1448.056636</ele>
        <time>2026-08-21T12:18:17.474Z</time>
      </trkpt>
      <trkpt lat="46.472416" lon="11.777115">
        <ele>1447.671591</ele>
        <time>2026-08-21T12:18:19.276Z</time>
      </trkpt>
      <trkpt lat="46.472494" lon="11.777128">
        <ele>1447.522731</ele>
        <time>2026-08-21T12:18:19.975Z</time>
      </trkpt>
      <trkpt lat="46.472575" lon="11.777068">
        <ele>1447.350324</ele>
        <time>2026-08-21T12:18:20.773Z</time>
      </trkpt>
      <trkpt lat="46.472615" lon="11.776951">
        <ele>1447.179758</ele>
        <time>2026-08-21T12:18:21.575Z</time>
      </trkpt>
      <trkpt lat="46.472610" lon="11.776862">
        <ele>1447.063156</ele>
        <time>2026-08-21T12:18:22.122Z</time>
      </trkpt>
      <trkpt lat="46.472705" lon="11.776646">
        <ele>1446.728498</ele>
        <time>2026-08-21T12:18:23.683Z</time>
      </trkpt>
      <trkpt lat="46.472795" lon="11.776506">
        <ele>1446.478422</ele>
        <time>2026-08-21T12:18:24.830Z</time>
      </trkpt>
      <trkpt lat="46.473036" lon="11.776128">
        <ele>1445.805799</ele>
        <time>2026-08-21T12:18:27.926Z</time>
      </trkpt>
      <trkpt lat="46.473182" lon="11.775901">
        <ele>1445.400228</ele>
        <time>2026-08-21T12:18:29.786Z</time>
      </trkpt>
      <trkpt lat="46.473385" lon="11.775593">
        <ele>1444.911655</ele>
        <time>2026-08-21T12:18:32.328Z</time>
      </trkpt>
      <trkpt lat="46.473458" lon="11.775478">
        <ele>1444.920072</ele>
        <time>2026-08-21T12:18:33.272Z</time>
      </trkpt>
      <trkpt lat="46.473555" lon="11.775334">
        <ele>1444.930913</ele>
        <time>2026-08-21T12:18:34.510Z</time>
      </trkpt>
      <trkpt lat="46.474017" lon="11.774625">
        <ele>1444.983444</ele>
        <time>2026-08-21T12:18:41.615Z</time>
      </trkpt>
      <trkpt lat="46.474222" lon="11.774312">
        <ele>1445.006691</ele>
        <time>2026-08-21T12:18:45.784Z</time>
      </trkpt>
      <trkpt lat="46.474290" lon="11.774208">
        <ele>1445.014409</ele>
        <time>2026-08-21T12:18:47.407Z</time>
      </trkpt>
      <trkpt lat="46.474463" lon="11.773937">
        <ele>1445.034296</ele>
        <time>2026-08-21T12:18:51.829Z</time>
      </trkpt>
      <trkpt lat="46.474860" lon="11.773316">
        <ele>1445.589372</ele>
        <time>2026-08-21T12:19:02.245Z</time>
      </trkpt>
      <trkpt lat="46.474882" lon="11.773282">
        <ele>1445.633990</ele>
        <time>2026-08-21T12:19:02.874Z</time>
      </trkpt>
      <trkpt lat="46.475009" lon="11.773085">
        <ele>1445.892066</ele>
        <time>2026-08-21T12:19:06.380Z</time>
      </trkpt>
      <trkpt lat="46.475472" lon="11.772314">
        <ele>1446.870398</ele>
        <time>2026-08-21T12:19:18.620Z</time>
      </trkpt>
      <trkpt lat="46.475942" lon="11.771510">
        <ele>1447.448743</ele>
        <time>2026-08-21T12:19:28.358Z</time>
      </trkpt>
      <trkpt lat="46.476059" lon="11.771306">
        <ele>1447.373251</ele>
        <time>2026-08-21T12:19:30.587Z</time>
      </trkpt>
      <trkpt lat="46.476105" lon="11.771226">
        <ele>1447.343615</ele>
        <time>2026-08-21T12:19:31.485Z</time>
      </trkpt>
      <trkpt lat="46.476157" lon="11.771142">
        <ele>1447.311497</ele>
        <time>2026-08-21T12:19:32.448Z</time>
      </trkpt>
      <trkpt lat="46.476249" lon="11.770988">
        <ele>1447.253525</ele>
        <time>2026-08-21T12:19:34.157Z</time>
      </trkpt>
      <trkpt lat="46.476278" lon="11.770945">
        <ele>1447.236410</ele>
        <time>2026-08-21T12:19:34.622Z</time>
      </trkpt>
      <trkpt lat="46.476449" lon="11.770739">
        <ele>1447.144666</ele>
        <time>2026-08-21T12:19:37.159Z</time>
      </trkpt>
      <trkpt lat="46.476646" lon="11.770566">
        <ele>1447.049603</ele>
        <time>2026-08-21T12:19:39.610Z</time>
      </trkpt>
      <trkpt lat="46.477039" lon="11.770303">
        <ele>1446.870924</ele>
        <time>2026-08-21T12:19:43.999Z</time>
      </trkpt>
      <trkpt lat="46.477079" lon="11.770251">
        <ele>1446.848755</ele>
        <time>2026-08-21T12:19:44.538Z</time>
      </trkpt>
      <trkpt lat="46.477120" lon="11.770199">
        <ele>1446.826278</ele>
        <time>2026-08-21T12:19:45.073Z</time>
      </trkpt>
      <trkpt lat="46.477239" lon="11.769849">
        <ele>1446.162743</ele>
        <time>2026-08-21T12:19:47.559Z</time>
      </trkpt>
      <trkpt lat="46.477527" lon="11.768861">
        <ele>1443.971631</ele>
        <time>2026-08-21T12:19:53.579Z</time>
      </trkpt>
      <trkpt lat="46.477552" lon="11.768597">
        <ele>1443.427393</ele>
        <time>2026-08-21T12:19:55.026Z</time>
      </trkpt>
      <trkpt lat="46.477525" lon="11.768398">
        <ele>1443.013165</ele>
        <time>2026-08-21T12:19:56.122Z</time>
      </trkpt>
      <trkpt lat="46.477421" lon="11.768105">
        <ele>1442.339963</ele>
        <time>2026-08-21T12:19:57.894Z</time>
      </trkpt>
      <trkpt lat="46.477356" lon="11.767715">
        <ele>1441.520474</ele>
        <time>2026-08-21T12:20:00.072Z</time>
      </trkpt>
      <trkpt lat="46.477315" lon="11.767049">
        <ele>1441.027366</ele>
        <time>2026-08-21T12:20:03.758Z</time>
      </trkpt>
      <trkpt lat="46.477312" lon="11.766979">
        <ele>1440.979123</ele>
        <time>2026-08-21T12:20:04.158Z</time>
      </trkpt>
      <trkpt lat="46.477280" lon="11.766482">
        <ele>1440.635773</ele>
        <time>2026-08-21T12:20:07.352Z</time>
      </trkpt>
      <trkpt lat="46.477264" lon="11.766058">
        <ele>1440.343688</ele>
        <time>2026-08-21T12:20:10.687Z</time>
      </trkpt>
      <trkpt lat="46.477300" lon="11.765863">
        <ele>1440.204822</ele>
        <time>2026-08-21T12:20:12.369Z</time>
      </trkpt>
      <trkpt lat="46.477368" lon="11.765715">
        <ele>1440.082442</ele>
        <time>2026-08-21T12:20:13.914Z</time>
      </trkpt>
      <trkpt lat="46.477610" lon="11.765265">
        <ele>1439.689711</ele>
        <time>2026-08-21T12:20:19.567Z</time>
      </trkpt>
      <trkpt lat="46.477675" lon="11.765012">
        <ele>1439.755755</ele>
        <time>2026-08-21T12:20:22.566Z</time>
      </trkpt>
      <trkpt lat="46.477762" lon="11.764454">
        <ele>1439.945370</ele>
        <time>2026-08-21T12:20:29.496Z</time>
      </trkpt>
      <trkpt lat="46.477818" lon="11.764270">
        <ele>1440.012042</ele>
        <time>2026-08-21T12:20:31.862Z</time>
      </trkpt>
      <trkpt lat="46.478043" lon="11.763717">
        <ele>1440.224919</ele>
        <time>2026-08-21T12:20:38.847Z</time>
      </trkpt>
      <trkpt lat="46.478227" lon="11.763396">
        <ele>1440.363339</ele>
        <time>2026-08-21T12:20:42.274Z</time>
      </trkpt>
      <trkpt lat="46.478328" lon="11.763286">
        <ele>1440.424099</ele>
        <time>2026-08-21T12:20:43.646Z</time>
      </trkpt>
      <trkpt lat="46.478458" lon="11.763104">
        <ele>1440.511006</ele>
        <time>2026-08-21T12:20:45.520Z</time>
      </trkpt>
      <trkpt lat="46.478495" lon="11.763013">
        <ele>1440.495071</ele>
        <time>2026-08-21T12:20:46.244Z</time>
      </trkpt>
      <trkpt lat="46.478549" lon="11.762882">
        <ele>1440.149104</ele>
        <time>2026-08-21T12:20:47.276Z</time>
      </trkpt>
      <trkpt lat="46.478651" lon="11.762702">
        <ele>1439.620877</ele>
        <time>2026-08-21T12:20:48.751Z</time>
      </trkpt>
      <trkpt lat="46.479175" lon="11.762183">
        <ele>1437.533714</ele>
        <time>2026-08-21T12:20:53.926Z</time>
      </trkpt>
      <trkpt lat="46.479281" lon="11.762043">
        <ele>1437.062222</ele>
        <time>2026-08-21T12:20:55.036Z</time>
      </trkpt>
      <trkpt lat="46.479406" lon="11.761714">
        <ele>1436.210771</ele>
        <time>2026-08-21T12:20:57.033Z</time>
      </trkpt>
      <trkpt lat="46.479439" lon="11.761554">
        <ele>1435.832303</ele>
        <time>2026-08-21T12:20:57.903Z</time>
      </trkpt>
      <trkpt lat="46.479501" lon="11.760914">
        <ele>1434.352133</ele>
        <time>2026-08-21T12:21:01.262Z</time>
      </trkpt>
      <trkpt lat="46.479533" lon="11.760521">
        <ele>1433.399882</ele>
        <time>2026-08-21T12:21:03.351Z</time>
      </trkpt>
      <trkpt lat="46.479510" lon="11.760304">
        <ele>1432.871573</ele>
        <time>2026-08-21T12:21:04.530Z</time>
      </trkpt>
      <trkpt lat="46.479411" lon="11.759897">
        <ele>1431.832917</ele>
        <time>2026-08-21T12:21:06.877Z</time>
      </trkpt>
      <trkpt lat="46.479309" lon="11.759501">
        <ele>1430.815554</ele>
        <time>2026-08-21T12:21:09.206Z</time>
      </trkpt>
      <trkpt lat="46.479081" lon="11.758695">
        <ele>1428.718825</ele>
        <time>2026-08-21T12:21:14.168Z</time>
      </trkpt>
      <trkpt lat="46.478904" lon="11.758058">
        <ele>1427.439116</ele>
        <time>2026-08-21T12:21:18.224Z</time>
      </trkpt>
      <trkpt lat="46.478876" lon="11.757824">
        <ele>1427.035563</ele>
        <time>2026-08-21T12:21:19.652Z</time>
      </trkpt>
      <trkpt lat="46.478876" lon="11.757612">
        <ele>1426.675348</ele>
        <time>2026-08-21T12:21:20.910Z</time>
      </trkpt>
      <trkpt lat="46.479118" lon="11.756642">
        <ele>1424.922367</ele>
        <time>2026-08-21T12:21:26.857Z</time>
      </trkpt>
      <trkpt lat="46.479130" lon="11.756462">
        <ele>1424.615096</ele>
        <time>2026-08-21T12:21:27.910Z</time>
      </trkpt>
      <trkpt lat="46.479139" lon="11.756297">
        <ele>1424.333863</ele>
        <time>2026-08-21T12:21:28.876Z</time>
      </trkpt>
      <trkpt lat="46.479106" lon="11.756089">
        <ele>1423.971188</ele>
        <time>2026-08-21T12:21:30.135Z</time>
      </trkpt>
      <trkpt lat="46.478929" lon="11.755494">
        <ele>1423.141448</ele>
        <time>2026-08-21T12:21:34.002Z</time>
      </trkpt>
      <trkpt lat="46.478846" lon="11.755106">
        <ele>1422.633487</ele>
        <time>2026-08-21T12:21:36.472Z</time>
      </trkpt>
      <trkpt lat="46.478827" lon="11.754902">
        <ele>1422.376116</ele>
        <time>2026-08-21T12:21:37.739Z</time>
      </trkpt>
      <trkpt lat="46.478926" lon="11.754343">
        <ele>1421.654488</ele>
        <time>2026-08-21T12:21:41.325Z</time>
      </trkpt>
      <trkpt lat="46.479084" lon="11.754040">
        <ele>1421.179309</ele>
        <time>2026-08-21T12:21:43.720Z</time>
      </trkpt>
      <trkpt lat="46.479256" lon="11.753589">
        <ele>1420.546071</ele>
        <time>2026-08-21T12:21:47.013Z</time>
      </trkpt>
      <trkpt lat="46.479314" lon="11.753357">
        <ele>1420.273335</ele>
        <time>2026-08-21T12:21:48.597Z</time>
      </trkpt>
      <trkpt lat="46.479279" lon="11.752721">
        <ele>1419.568305</ele>
        <time>2026-08-21T12:21:52.683Z</time>
      </trkpt>
      <trkpt lat="46.479191" lon="11.752076">
        <ele>1418.841715</ele>
        <time>2026-08-21T12:21:56.815Z</time>
      </trkpt>
      <trkpt lat="46.478748" lon="11.750849">
        <ele>1417.532611</ele>
        <time>2026-08-21T12:22:05.176Z</time>
      </trkpt>
      <trkpt lat="46.478353" lon="11.749566">
        <ele>1416.771300</ele>
        <time>2026-08-21T12:22:15.560Z</time>
      </trkpt>
      <trkpt lat="46.478208" lon="11.749088">
        <ele>1416.488351</ele>
        <time>2026-08-21T12:22:19.486Z</time>
      </trkpt>
      <trkpt lat="46.478042" lon="11.748739">
        <ele>1416.255739</ele>
        <time>2026-08-21T12:22:22.568Z</time>
      </trkpt>
      <trkpt lat="46.477763" lon="11.748287">
        <ele>1415.914025</ele>
        <time>2026-08-21T12:22:27.013Z</time>
      </trkpt>
      <trkpt lat="46.477584" lon="11.747876">
        <ele>1415.640260</ele>
        <time>2026-08-21T12:22:30.366Z</time>
      </trkpt>
      <trkpt lat="46.477422" lon="11.747421">
        <ele>1415.351903</ele>
        <time>2026-08-21T12:22:33.414Z</time>
      </trkpt>
      <trkpt lat="46.477235" lon="11.746456">
        <ele>1415.030628</ele>
        <time>2026-08-21T12:22:40.093Z</time>
      </trkpt>
      <trkpt lat="46.477060" lon="11.745898">
        <ele>1415.833591</ele>
        <time>2026-08-21T12:22:46.375Z</time>
      </trkpt>
      <trkpt lat="46.476902" lon="11.745423">
        <ele>1416.524412</ele>
        <time>2026-08-21T12:22:53.037Z</time>
      </trkpt>
      <trkpt lat="46.476756" lon="11.744975">
        <ele>1417.173492</ele>
        <time>2026-08-21T12:23:00.047Z</time>
      </trkpt>
      <trkpt lat="46.476731" lon="11.744748">
        <ele>1417.474548</ele>
        <time>2026-08-21T12:23:03.543Z</time>
      </trkpt>
      <trkpt lat="46.476724" lon="11.744568">
        <ele>1417.710651</ele>
        <time>2026-08-21T12:23:06.410Z</time>
      </trkpt>
      <trkpt lat="46.476805" lon="11.743953">
        <ele>1418.508426</ele>
        <time>2026-08-21T12:23:16.555Z</time>
      </trkpt>
      <trkpt lat="46.476805" lon="11.743545">
        <ele>1418.995155</ele>
        <time>2026-08-21T12:23:22.527Z</time>
      </trkpt>
      <trkpt lat="46.476549" lon="11.742196">
        <ele>1420.664453</ele>
        <time>2026-08-21T12:23:39.868Z</time>
      </trkpt>
      <trkpt lat="46.476524" lon="11.742077">
        <ele>1420.812875</ele>
        <time>2026-08-21T12:23:41.222Z</time>
      </trkpt>
      <trkpt lat="46.476497" lon="11.741942">
        <ele>1420.980580</ele>
        <time>2026-08-21T12:23:42.744Z</time>
      </trkpt>
      <trkpt lat="46.476465" lon="11.741779">
        <ele>1421.182782</ele>
        <time>2026-08-21T12:23:44.307Z</time>
      </trkpt>
      <trkpt lat="46.476438" lon="11.741650">
        <ele>1421.343626</ele>
        <time>2026-08-21T12:23:45.393Z</time>
      </trkpt>
      <trkpt lat="46.476278" lon="11.740848">
        <ele>1421.396930</ele>
        <time>2026-08-21T12:23:51.128Z</time>
      </trkpt>
      <trkpt lat="46.476240" lon="11.740666">
        <ele>1421.396930</ele>
        <time>2026-08-21T12:23:52.371Z</time>
      </trkpt>
      <trkpt lat="46.476206" lon="11.740676">
        <ele>1421.396930</ele>
        <time>2026-08-21T12:23:52.815Z</time>
      </trkpt>
      <trkpt lat="46.476166" lon="11.740689">
        <ele>1421.396930</ele>
        <time>2026-08-21T12:23:53.361Z</time>
      </trkpt>
      <trkpt lat="46.475977" lon="11.740733">
        <ele>1421.396930</ele>
        <time>2026-08-21T12:23:55.904Z</time>
      </trkpt>
      <trkpt lat="46.475747" lon="11.740716">
        <ele>1421.396930</ele>
        <time>2026-08-21T12:23:58.946Z</time>
      </trkpt>
      <trkpt lat="46.475637" lon="11.740735">
        <ele>1421.396930</ele>
        <time>2026-08-21T12:24:00.410Z</time>
      </trkpt>
    </trkseg>
  </trk>
</gpx>