<?xml version='1.0' encoding='UTF-8'?>
<gpx version="1.1" creator="https://www.komoot.de" xmlns="http://www.topografix.com/GPX/1/1" xmlns:xsi="http://www.w3.org/2001/XMLSchema-instance" xsi:schemaLocation="http://www.topografix.com/GPX/1/1 http://www.topografix.com/GPX/1/1/gpx.xsd">
  <metadata>
    <name>The Ride Etappe 2 !</name>
    <author>
      <link href="https://www.komoot.de">
        <text>komoot</text>
        <type>text/html</type>
      </link>
    </author>
  </metadata>
  <wpt lat="46.171725" lon="12.307205">
    <name>Let op! Links Af.</name>
    <sym>Flag, Blue</sym>
  </wpt>
  <wpt lat="46.154434" lon="12.383281">
    <name>Links Af!</name>
    <sym>Flag, Blue</sym>
  </wpt>
  <wpt lat="46.149875" lon="12.401099">
    <name>Links Af!</name>
    <sym>Flag, Blue</sym>
  </wpt>
  <wpt lat="46.146161" lon="12.420732">
    <name>Public Water Fountain</name>
    <sym>Drinking Water</sym>
  </wpt>
  <wpt lat="46.114170" lon="12.402509">
    <name>Let op! Links Af</name>
    <sym>Flag, Blue</sym>
  </wpt>
  <wpt lat="46.113333" lon="12.402279">
    <name>Let op! Links aanhouden.</name>
    <sym>Flag, Blue</sym>
  </wpt>
  <wpt lat="46.035250" lon="12.405552">
    <name>VP 1</name>
    <sym>Flag, Blue</sym>
  </wpt>
  <wpt lat="46.034956" lon="12.405947">
    <name>Crosetta Pass</name>
    <sym>Flag, Blue</sym>
  </wpt>
  <wpt lat="45.977889" lon="12.176811">
    <name>Let op: Smalle weg</name>
    <desc></desc>
    <sym>Flag, Blue</sym>
  </wpt>
  <wpt lat="45.982371" lon="12.173723">
    <name>Passo Ubaldo</name>
    <desc>Verboden voor vrachtwagens</desc>
    <sym>Flag, Blue</sym>
  </wpt>
  <wpt lat="46.036567" lon="12.167621">
    <name>Rechts Af</name>
    <desc></desc>
    <sym>Flag, Blue</sym>
  </wpt>
  <wpt lat="46.039614" lon="12.162676">
    <name>VP 2</name>
    <desc></desc>
    <sym>Flag, Blue</sym>
  </wpt>
  <wpt lat="46.054040" lon="12.228460">
    <name>Rechts Af</name>
    <desc>Smalle afdaling!</desc>
    <sym>Flag, Blue</sym>
  </wpt>
  <wpt lat="46.072229" lon="12.245823">
    <name>View of Valmorel village and church</name>
    <sym>Flag, Blue</sym>
  </wpt>
  <trk>
    <name>The Ride Etappe 2 !</name>
    <type>racebike</type>
    <trkseg>
      <trkpt lat="46.096236" lon="12.276381">
        <ele>1010.859956</ele>
        <time>2026-08-21T06:57:16.316Z</time>
      </trkpt>
      <trkpt lat="46.096090" lon="12.276459">
        <ele>1010.859956</ele>
        <time>2026-08-21T06:57:20.812Z</time>
      </trkpt>
      <trkpt lat="46.095827" lon="12.276506">
        <ele>1010.859956</ele>
        <time>2026-08-21T06:57:29.416Z</time>
      </trkpt>
      <trkpt lat="46.094789" lon="12.276402">
        <ele>1015.884770</ele>
        <time>2026-08-21T06:58:11.346Z</time>
      </trkpt>
      <trkpt lat="46.094223" lon="12.276728">
        <ele>1021.335156</ele>
        <time>2026-08-21T06:58:42.562Z</time>
      </trkpt>
      <trkpt lat="46.093954" lon="12.276971">
        <ele>1024.173787</ele>
        <time>2026-08-21T06:58:56.095Z</time>
      </trkpt>
      <trkpt lat="46.093857" lon="12.277026">
        <ele>1025.105879</ele>
        <time>2026-08-21T06:58:59.802Z</time>
      </trkpt>
      <trkpt lat="46.093606" lon="12.277304">
        <ele>1026.985519</ele>
        <time>2026-08-21T06:59:08.832Z</time>
      </trkpt>
      <trkpt lat="46.093516" lon="12.277394">
        <ele>1027.025856</ele>
        <time>2026-08-21T06:59:11.529Z</time>
      </trkpt>
      <trkpt lat="46.093491" lon="12.277500">
        <ele>1027.054451</ele>
        <time>2026-08-21T06:59:13.171Z</time>
      </trkpt>
      <trkpt lat="46.093515" lon="12.277689">
        <ele>1027.103525</ele>
        <time>2026-08-21T06:59:16.117Z</time>
      </trkpt>
      <trkpt lat="46.093589" lon="12.277765">
        <ele>1027.136984</ele>
        <time>2026-08-21T06:59:17.955Z</time>
      </trkpt>
      <trkpt lat="46.093762" lon="12.278194">
        <ele>1027.263730</ele>
        <time>2026-08-21T06:59:24.426Z</time>
      </trkpt>
      <trkpt lat="46.093917" lon="12.278655">
        <ele>1027.394579</ele>
        <time>2026-08-21T06:59:28.686Z</time>
      </trkpt>
      <trkpt lat="46.094104" lon="12.279377">
        <ele>1027.591419</ele>
        <time>2026-08-21T06:59:32.746Z</time>
      </trkpt>
      <trkpt lat="46.094169" lon="12.279571">
        <ele>1027.016222</ele>
        <time>2026-08-21T06:59:33.857Z</time>
      </trkpt>
      <trkpt lat="46.094258" lon="12.279761">
        <ele>1026.136644</ele>
        <time>2026-08-21T06:59:35.056Z</time>
      </trkpt>
      <trkpt lat="46.094928" lon="12.280846">
        <ele>1020.563382</ele>
        <time>2026-08-21T06:59:42.759Z</time>
      </trkpt>
      <trkpt lat="46.095034" lon="12.281078">
        <ele>1019.497590</ele>
        <time>2026-08-21T06:59:44.134Z</time>
      </trkpt>
      <trkpt lat="46.095326" lon="12.282058">
        <ele>1015.045473</ele>
        <time>2026-08-21T06:59:49.374Z</time>
      </trkpt>
      <trkpt lat="46.095417" lon="12.282324">
        <ele>1013.725524</ele>
        <time>2026-08-21T06:59:50.856Z</time>
      </trkpt>
      <trkpt lat="46.095512" lon="12.282515">
        <ele>1012.679519</ele>
        <time>2026-08-21T06:59:52.029Z</time>
      </trkpt>
      <trkpt lat="46.095567" lon="12.282580">
        <ele>1012.223180</ele>
        <time>2026-08-21T06:59:52.541Z</time>
      </trkpt>
      <trkpt lat="46.095719" lon="12.282761">
        <ele>1010.958170</ele>
        <time>2026-08-21T06:59:53.961Z</time>
      </trkpt>
      <trkpt lat="46.096116" lon="12.283033">
        <ele>1008.137573</ele>
        <time>2026-08-21T06:59:57.136Z</time>
      </trkpt>
      <trkpt lat="46.096816" lon="12.283506">
        <ele>1004.609623</ele>
        <time>2026-08-21T07:00:03.088Z</time>
      </trkpt>
      <trkpt lat="46.096941" lon="12.283623">
        <ele>1004.119688</ele>
        <time>2026-08-21T07:00:04.306Z</time>
      </trkpt>
      <trkpt lat="46.097542" lon="12.284491">
        <ele>1001.323258</ele>
        <time>2026-08-21T07:00:11.368Z</time>
      </trkpt>
      <trkpt lat="46.097611" lon="12.284558">
        <ele>1001.049777</ele>
        <time>2026-08-21T07:00:12.102Z</time>
      </trkpt>
      <trkpt lat="46.098026" lon="12.284948">
        <ele>999.587049</ele>
        <time>2026-08-21T07:00:16.462Z</time>
      </trkpt>
      <trkpt lat="46.098162" lon="12.285189">
        <ele>999.029199</ele>
        <time>2026-08-21T07:00:18.178Z</time>
      </trkpt>
      <trkpt lat="46.098444" lon="12.285887">
        <ele>997.578871</ele>
        <time>2026-08-21T07:00:22.590Z</time>
      </trkpt>
      <trkpt lat="46.098653" lon="12.286346">
        <ele>996.593031</ele>
        <time>2026-08-21T07:00:25.815Z</time>
      </trkpt>
      <trkpt lat="46.098862" lon="12.286607">
        <ele>995.877226</ele>
        <time>2026-08-21T07:00:28.335Z</time>
      </trkpt>
      <trkpt lat="46.099569" lon="12.287237">
        <ele>994.773993</ele>
        <time>2026-08-21T07:00:36.213Z</time>
      </trkpt>
      <trkpt lat="46.100464" lon="12.288034">
        <ele>993.620283</ele>
        <time>2026-08-21T07:00:47.497Z</time>
      </trkpt>
      <trkpt lat="46.100620" lon="12.288158">
        <ele>993.087798</ele>
        <time>2026-08-21T07:00:49.108Z</time>
      </trkpt>
      <trkpt lat="46.101027" lon="12.288332">
        <ele>991.554007</ele>
        <time>2026-08-21T07:00:52.692Z</time>
      </trkpt>
      <trkpt lat="46.101241" lon="12.288357">
        <ele>990.778267</ele>
        <time>2026-08-21T07:00:54.394Z</time>
      </trkpt>
      <trkpt lat="46.103647" lon="12.287957">
        <ele>980.411967</ele>
        <time>2026-08-21T07:01:12.814Z</time>
      </trkpt>
      <trkpt lat="46.104299" lon="12.287729">
        <ele>976.796530</ele>
        <time>2026-08-21T07:01:17.956Z</time>
      </trkpt>
      <trkpt lat="46.104442" lon="12.287674">
        <ele>975.861864</ele>
        <time>2026-08-21T07:01:19.077Z</time>
      </trkpt>
      <trkpt lat="46.107054" lon="12.286679">
        <ele>958.658942</ele>
        <time>2026-08-21T07:01:38.522Z</time>
      </trkpt>
      <trkpt lat="46.107112" lon="12.286656">
        <ele>958.272611</ele>
        <time>2026-08-21T07:01:38.964Z</time>
      </trkpt>
      <trkpt lat="46.107616" lon="12.286471">
        <ele>955.171042</ele>
        <time>2026-08-21T07:01:42.815Z</time>
      </trkpt>
      <trkpt lat="46.108374" lon="12.286181">
        <ele>951.983014</ele>
        <time>2026-08-21T07:01:48.856Z</time>
      </trkpt>
      <trkpt lat="46.110819" lon="12.285231">
        <ele>942.898541</ele>
        <time>2026-08-21T07:02:09.280Z</time>
      </trkpt>
      <trkpt lat="46.112710" lon="12.284507">
        <ele>935.971738</ele>
        <time>2026-08-21T07:02:25.042Z</time>
      </trkpt>
      <trkpt lat="46.113175" lon="12.284332">
        <ele>933.136126</ele>
        <time>2026-08-21T07:02:28.671Z</time>
      </trkpt>
      <trkpt lat="46.113457" lon="12.284309">
        <ele>931.438011</ele>
        <time>2026-08-21T07:02:30.758Z</time>
      </trkpt>
      <trkpt lat="46.113744" lon="12.284412">
        <ele>929.659945</ele>
        <time>2026-08-21T07:02:32.918Z</time>
      </trkpt>
      <trkpt lat="46.114543" lon="12.285137">
        <ele>923.816157</ele>
        <time>2026-08-21T07:02:39.671Z</time>
      </trkpt>
      <trkpt lat="46.115986" lon="12.286521">
        <ele>911.745109</ele>
        <time>2026-08-21T07:02:52.138Z</time>
      </trkpt>
      <trkpt lat="46.116602" lon="12.287021">
        <ele>906.554159</ele>
        <time>2026-08-21T07:02:57.277Z</time>
      </trkpt>
      <trkpt lat="46.117085" lon="12.287382">
        <ele>902.559118</ele>
        <time>2026-08-21T07:03:01.173Z</time>
      </trkpt>
      <trkpt lat="46.117316" lon="12.287578">
        <ele>900.590939</ele>
        <time>2026-08-21T07:03:03.073Z</time>
      </trkpt>
      <trkpt lat="46.117657" lon="12.287857">
        <ele>897.203312</ele>
        <time>2026-08-21T07:03:05.796Z</time>
      </trkpt>
      <trkpt lat="46.118236" lon="12.288343">
        <ele>890.792956</ele>
        <time>2026-08-21T07:03:10.432Z</time>
      </trkpt>
      <trkpt lat="46.118315" lon="12.288484">
        <ele>889.590335</ele>
        <time>2026-08-21T07:03:11.291Z</time>
      </trkpt>
      <trkpt lat="46.118362" lon="12.288672">
        <ele>888.264648</ele>
        <time>2026-08-21T07:03:12.244Z</time>
      </trkpt>
      <trkpt lat="46.118345" lon="12.288915">
        <ele>886.644569</ele>
        <time>2026-08-21T07:03:13.409Z</time>
      </trkpt>
      <trkpt lat="46.118294" lon="12.289051">
        <ele>885.618887</ele>
        <time>2026-08-21T07:03:14.148Z</time>
      </trkpt>
      <trkpt lat="46.117993" lon="12.289468">
        <ele>881.630599</ele>
        <time>2026-08-21T07:03:17.022Z</time>
      </trkpt>
      <trkpt lat="46.116707" lon="12.291117">
        <ele>865.320966</ele>
        <time>2026-08-21T07:03:28.921Z</time>
      </trkpt>
      <trkpt lat="46.116564" lon="12.291327">
        <ele>863.697733</ele>
        <time>2026-08-21T07:03:30.349Z</time>
      </trkpt>
      <trkpt lat="46.116504" lon="12.291491">
        <ele>862.696850</ele>
        <time>2026-08-21T07:03:31.257Z</time>
      </trkpt>
      <trkpt lat="46.116489" lon="12.291643">
        <ele>861.868180</ele>
        <time>2026-08-21T07:03:32.004Z</time>
      </trkpt>
      <trkpt lat="46.116526" lon="12.291890">
        <ele>860.504261</ele>
        <time>2026-08-21T07:03:33.248Z</time>
      </trkpt>
      <trkpt lat="46.116589" lon="12.292031">
        <ele>859.598844</ele>
        <time>2026-08-21T07:03:34.072Z</time>
      </trkpt>
      <trkpt lat="46.116676" lon="12.292135">
        <ele>858.719097</ele>
        <time>2026-08-21T07:03:34.876Z</time>
      </trkpt>
      <trkpt lat="46.116858" lon="12.292222">
        <ele>857.226235</ele>
        <time>2026-08-21T07:03:36.241Z</time>
      </trkpt>
      <trkpt lat="46.117238" lon="12.292254">
        <ele>854.262440</ele>
        <time>2026-08-21T07:03:38.970Z</time>
      </trkpt>
      <trkpt lat="46.120653" lon="12.292517">
        <ele>829.189361</ele>
        <time>2026-08-21T07:04:03.480Z</time>
      </trkpt>
      <trkpt lat="46.121003" lon="12.292423">
        <ele>826.529272</ele>
        <time>2026-08-21T07:04:05.996Z</time>
      </trkpt>
      <trkpt lat="46.121582" lon="12.292067">
        <ele>821.423328</ele>
        <time>2026-08-21T07:04:10.423Z</time>
      </trkpt>
      <trkpt lat="46.121702" lon="12.292033">
        <ele>820.387780</ele>
        <time>2026-08-21T07:04:11.278Z</time>
      </trkpt>
      <trkpt lat="46.121778" lon="12.292061">
        <ele>819.723573</ele>
        <time>2026-08-21T07:04:11.831Z</time>
      </trkpt>
      <trkpt lat="46.121853" lon="12.292171">
        <ele>818.817946</ele>
        <time>2026-08-21T07:04:12.580Z</time>
      </trkpt>
      <trkpt lat="46.121873" lon="12.292264">
        <ele>818.246434</ele>
        <time>2026-08-21T07:04:13.053Z</time>
      </trkpt>
      <trkpt lat="46.121861" lon="12.292400">
        <ele>817.441771</ele>
        <time>2026-08-21T07:04:13.714Z</time>
      </trkpt>
      <trkpt lat="46.121321" lon="12.293652">
        <ele>808.905994</ele>
        <time>2026-08-21T07:04:20.855Z</time>
      </trkpt>
      <trkpt lat="46.121095" lon="12.294008">
        <ele>806.477174</ele>
        <time>2026-08-21T07:04:23.236Z</time>
      </trkpt>
      <trkpt lat="46.120927" lon="12.294175">
        <ele>804.996288</ele>
        <time>2026-08-21T07:04:24.695Z</time>
      </trkpt>
      <trkpt lat="46.120236" lon="12.294658">
        <ele>799.422884</ele>
        <time>2026-08-21T07:04:30.217Z</time>
      </trkpt>
      <trkpt lat="46.120185" lon="12.294730">
        <ele>798.904937</ele>
        <time>2026-08-21T07:04:30.733Z</time>
      </trkpt>
      <trkpt lat="46.120162" lon="12.294849">
        <ele>798.283371</ele>
        <time>2026-08-21T07:04:31.356Z</time>
      </trkpt>
      <trkpt lat="46.120198" lon="12.295069">
        <ele>797.146056</ele>
        <time>2026-08-21T07:04:32.491Z</time>
      </trkpt>
      <trkpt lat="46.120262" lon="12.295151">
        <ele>796.524697</ele>
        <time>2026-08-21T07:04:33.112Z</time>
      </trkpt>
      <trkpt lat="46.120341" lon="12.295196">
        <ele>795.907377</ele>
        <time>2026-08-21T07:04:33.729Z</time>
      </trkpt>
      <trkpt lat="46.120481" lon="12.295192">
        <ele>794.889635</ele>
        <time>2026-08-21T07:04:34.740Z</time>
      </trkpt>
      <trkpt lat="46.120856" lon="12.295075">
        <ele>792.101067</ele>
        <time>2026-08-21T07:04:37.510Z</time>
      </trkpt>
      <trkpt lat="46.122605" lon="12.294531">
        <ele>778.743035</ele>
        <time>2026-08-21T07:04:50.237Z</time>
      </trkpt>
      <trkpt lat="46.122858" lon="12.294465">
        <ele>776.723898</ele>
        <time>2026-08-21T07:04:52.050Z</time>
      </trkpt>
      <trkpt lat="46.123030" lon="12.294465">
        <ele>775.373107</ele>
        <time>2026-08-21T07:04:53.273Z</time>
      </trkpt>
      <trkpt lat="46.123454" lon="12.294583">
        <ele>771.981867</ele>
        <time>2026-08-21T07:04:56.330Z</time>
      </trkpt>
      <trkpt lat="46.123584" lon="12.294632">
        <ele>770.926656</ele>
        <time>2026-08-21T07:04:57.276Z</time>
      </trkpt>
      <trkpt lat="46.124072" lon="12.294805">
        <ele>766.966714</ele>
        <time>2026-08-21T07:05:00.811Z</time>
      </trkpt>
      <trkpt lat="46.124430" lon="12.294851">
        <ele>764.128127</ele>
        <time>2026-08-21T07:05:03.348Z</time>
      </trkpt>
      <trkpt lat="46.125406" lon="12.294882">
        <ele>756.418050</ele>
        <time>2026-08-21T07:05:10.253Z</time>
      </trkpt>
      <trkpt lat="46.126814" lon="12.294927">
        <ele>746.475728</ele>
        <time>2026-08-21T07:05:20.327Z</time>
      </trkpt>
      <trkpt lat="46.127140" lon="12.294897">
        <ele>744.204491</ele>
        <time>2026-08-21T07:05:22.694Z</time>
      </trkpt>
      <trkpt lat="46.127599" lon="12.294812">
        <ele>741.419561</ele>
        <time>2026-08-21T07:05:26.067Z</time>
      </trkpt>
      <trkpt lat="46.128314" lon="12.294681">
        <ele>737.707147</ele>
        <time>2026-08-21T07:05:31.439Z</time>
      </trkpt>
      <trkpt lat="46.129137" lon="12.294670">
        <ele>733.467832</ele>
        <time>2026-08-21T07:05:37.779Z</time>
      </trkpt>
      <trkpt lat="46.129391" lon="12.294676">
        <ele>732.285358</ele>
        <time>2026-08-21T07:05:39.737Z</time>
      </trkpt>
      <trkpt lat="46.130603" lon="12.294723">
        <ele>726.678921</ele>
        <time>2026-08-21T07:05:48.955Z</time>
      </trkpt>
      <trkpt lat="46.131810" lon="12.294755">
        <ele>722.026742</ele>
        <time>2026-08-21T07:05:58.206Z</time>
      </trkpt>
      <trkpt lat="46.132087" lon="12.294763">
        <ele>721.045151</ele>
        <time>2026-08-21T07:06:00.397Z</time>
      </trkpt>
      <trkpt lat="46.132130" lon="12.294768">
        <ele>720.892311</ele>
        <time>2026-08-21T07:06:00.744Z</time>
      </trkpt>
      <trkpt lat="46.132542" lon="12.294903">
        <ele>719.395462</ele>
        <time>2026-08-21T07:06:04.277Z</time>
      </trkpt>
      <trkpt lat="46.132986" lon="12.295183">
        <ele>717.871021</ele>
        <time>2026-08-21T07:06:08.669Z</time>
      </trkpt>
      <trkpt lat="46.133470" lon="12.295488">
        <ele>716.351470</ele>
        <time>2026-08-21T07:06:13.372Z</time>
      </trkpt>
      <trkpt lat="46.133911" lon="12.295672">
        <ele>715.030657</ele>
        <time>2026-08-21T07:06:17.320Z</time>
      </trkpt>
      <trkpt lat="46.134120" lon="12.295734">
        <ele>714.416749</ele>
        <time>2026-08-21T07:06:19.100Z</time>
      </trkpt>
      <trkpt lat="46.136388" lon="12.296148">
        <ele>702.845919</ele>
        <time>2026-08-21T07:06:36.119Z</time>
      </trkpt>
      <trkpt lat="46.136911" lon="12.296200">
        <ele>699.870487</ele>
        <time>2026-08-21T07:06:39.929Z</time>
      </trkpt>
      <trkpt lat="46.137404" lon="12.296138">
        <ele>697.061758</ele>
        <time>2026-08-21T07:06:43.568Z</time>
      </trkpt>
      <trkpt lat="46.137823" lon="12.296023">
        <ele>694.641010</ele>
        <time>2026-08-21T07:06:46.748Z</time>
      </trkpt>
      <trkpt lat="46.138515" lon="12.295687">
        <ele>690.324951</ele>
        <time>2026-08-21T07:06:52.290Z</time>
      </trkpt>
      <trkpt lat="46.138902" lon="12.295571">
        <ele>687.959047</ele>
        <time>2026-08-21T07:06:55.250Z</time>
      </trkpt>
      <trkpt lat="46.138942" lon="12.295573">
        <ele>687.719475</ele>
        <time>2026-08-21T07:06:55.542Z</time>
      </trkpt>
      <trkpt lat="46.140270" lon="12.295649">
        <ele>678.557066</ele>
        <time>2026-08-21T07:07:05.088Z</time>
      </trkpt>
      <trkpt lat="46.140451" lon="12.295625">
        <ele>677.047913</ele>
        <time>2026-08-21T07:07:06.370Z</time>
      </trkpt>
      <trkpt lat="46.141134" lon="12.295429">
        <ele>671.266021</ele>
        <time>2026-08-21T07:07:11.219Z</time>
      </trkpt>
      <trkpt lat="46.141642" lon="12.295568">
        <ele>667.113484</ele>
        <time>2026-08-21T07:07:14.817Z</time>
      </trkpt>
      <trkpt lat="46.141723" lon="12.295594">
        <ele>666.523722</ele>
        <time>2026-08-21T07:07:15.394Z</time>
      </trkpt>
      <trkpt lat="46.142043" lon="12.295683">
        <ele>664.207524</ele>
        <time>2026-08-21T07:07:17.674Z</time>
      </trkpt>
      <trkpt lat="46.142240" lon="12.295700">
        <ele>662.804874</ele>
        <time>2026-08-21T07:07:19.060Z</time>
      </trkpt>
      <trkpt lat="46.143310" lon="12.295577">
        <ele>655.175921</ele>
        <time>2026-08-21T07:07:26.899Z</time>
      </trkpt>
      <trkpt lat="46.143826" lon="12.295500">
        <ele>652.097897</ele>
        <time>2026-08-21T07:07:30.823Z</time>
      </trkpt>
      <trkpt lat="46.144367" lon="12.295350">
        <ele>648.831093</ele>
        <time>2026-08-21T07:07:34.958Z</time>
      </trkpt>
      <trkpt lat="46.144733" lon="12.295297">
        <ele>646.649807</ele>
        <time>2026-08-21T07:07:37.690Z</time>
      </trkpt>
      <trkpt lat="46.147441" lon="12.295290">
        <ele>624.962264</ele>
        <time>2026-08-21T07:07:56.897Z</time>
      </trkpt>
      <trkpt lat="46.147766" lon="12.295342">
        <ele>621.599293</ele>
        <time>2026-08-21T07:07:59.111Z</time>
      </trkpt>
      <trkpt lat="46.148438" lon="12.295616">
        <ele>614.417585</ele>
        <time>2026-08-21T07:08:03.831Z</time>
      </trkpt>
      <trkpt lat="46.148573" lon="12.295671">
        <ele>612.974918</ele>
        <time>2026-08-21T07:08:04.777Z</time>
      </trkpt>
      <trkpt lat="46.149568" lon="12.296298">
        <ele>603.609960</ele>
        <time>2026-08-21T07:08:12.300Z</time>
      </trkpt>
      <trkpt lat="46.150202" lon="12.296503">
        <ele>598.098846</ele>
        <time>2026-08-21T07:08:16.976Z</time>
      </trkpt>
      <trkpt lat="46.150753" lon="12.296731">
        <ele>595.048822</ele>
        <time>2026-08-21T07:08:21.142Z</time>
      </trkpt>
      <trkpt lat="46.151116" lon="12.296943">
        <ele>593.402651</ele>
        <time>2026-08-21T07:08:24.018Z</time>
      </trkpt>
      <trkpt lat="46.151300" lon="12.297037">
        <ele>592.582126</ele>
        <time>2026-08-21T07:08:25.491Z</time>
      </trkpt>
      <trkpt lat="46.151382" lon="12.297059">
        <ele>592.231505</ele>
        <time>2026-08-21T07:08:26.136Z</time>
      </trkpt>
      <trkpt lat="46.151495" lon="12.297067">
        <ele>591.755897</ele>
        <time>2026-08-21T07:08:27.022Z</time>
      </trkpt>
      <trkpt lat="46.151909" lon="12.296994">
        <ele>590.002557</ele>
        <time>2026-08-21T07:08:30.570Z</time>
      </trkpt>
      <trkpt lat="46.152146" lon="12.296839">
        <ele>589.202180</ele>
        <time>2026-08-21T07:08:33.225Z</time>
      </trkpt>
      <trkpt lat="46.152288" lon="12.296665">
        <ele>589.058784</ele>
        <time>2026-08-21T07:08:35.628Z</time>
      </trkpt>
      <trkpt lat="46.152366" lon="12.296522">
        <ele>588.961715</ele>
        <time>2026-08-21T07:08:37.388Z</time>
      </trkpt>
      <trkpt lat="46.152429" lon="12.296340">
        <ele>588.853208</ele>
        <time>2026-08-21T07:08:39.303Z</time>
      </trkpt>
      <trkpt lat="46.152465" lon="12.296150">
        <ele>588.748156</ele>
        <time>2026-08-21T07:08:41.139Z</time>
      </trkpt>
      <trkpt lat="46.152465" lon="12.296102">
        <ele>588.722557</ele>
        <time>2026-08-21T07:08:41.588Z</time>
      </trkpt>
      <trkpt lat="46.152469" lon="12.295896">
        <ele>588.612650</ele>
        <time>2026-08-21T07:08:43.546Z</time>
      </trkpt>
      <trkpt lat="46.152446" lon="12.295709">
        <ele>588.511360</ele>
        <time>2026-08-21T07:08:45.367Z</time>
      </trkpt>
      <trkpt lat="46.152339" lon="12.295077">
        <ele>588.164383</ele>
        <time>2026-08-21T07:08:50.964Z</time>
      </trkpt>
      <trkpt lat="46.152324" lon="12.294560">
        <ele>587.888415</ele>
        <time>2026-08-21T07:08:54.250Z</time>
      </trkpt>
      <trkpt lat="46.152378" lon="12.294104">
        <ele>586.280027</ele>
        <time>2026-08-21T07:08:56.802Z</time>
      </trkpt>
      <trkpt lat="46.152517" lon="12.293302">
        <ele>583.353714</ele>
        <time>2026-08-21T07:09:01.057Z</time>
      </trkpt>
      <trkpt lat="46.152554" lon="12.292679">
        <ele>581.140415</ele>
        <time>2026-08-21T07:09:04.183Z</time>
      </trkpt>
      <trkpt lat="46.152519" lon="12.292171">
        <ele>579.333395</ele>
        <time>2026-08-21T07:09:06.754Z</time>
      </trkpt>
      <trkpt lat="46.152445" lon="12.291588">
        <ele>577.358562</ele>
        <time>2026-08-21T07:09:09.790Z</time>
      </trkpt>
      <trkpt lat="46.152402" lon="12.291328">
        <ele>576.492333</ele>
        <time>2026-08-21T07:09:11.195Z</time>
      </trkpt>
      <trkpt lat="46.152010" lon="12.289746">
        <ele>571.047633</ele>
        <time>2026-08-21T07:09:20.316Z</time>
      </trkpt>
      <trkpt lat="46.151937" lon="12.289370">
        <ele>569.502368</ele>
        <time>2026-08-21T07:09:22.379Z</time>
      </trkpt>
      <trkpt lat="46.151935" lon="12.289216">
        <ele>568.722018</ele>
        <time>2026-08-21T07:09:23.192Z</time>
      </trkpt>
      <trkpt lat="46.151956" lon="12.289055">
        <ele>567.892008</ele>
        <time>2026-08-21T07:09:24.043Z</time>
      </trkpt>
      <trkpt lat="46.152006" lon="12.288910">
        <ele>567.071415</ele>
        <time>2026-08-21T07:09:24.872Z</time>
      </trkpt>
      <trkpt lat="46.152154" lon="12.288661">
        <ele>565.409202</ele>
        <time>2026-08-21T07:09:26.531Z</time>
      </trkpt>
      <trkpt lat="46.152579" lon="12.288274">
        <ele>561.734298</ele>
        <time>2026-08-21T07:09:30.088Z</time>
      </trkpt>
      <trkpt lat="46.152699" lon="12.288205">
        <ele>560.789635</ele>
        <time>2026-08-21T07:09:30.985Z</time>
      </trkpt>
      <trkpt lat="46.152901" lon="12.288202">
        <ele>559.312258</ele>
        <time>2026-08-21T07:09:32.393Z</time>
      </trkpt>
      <trkpt lat="46.153830" lon="12.288533">
        <ele>551.470046</ele>
        <time>2026-08-21T07:09:39.030Z</time>
      </trkpt>
      <trkpt lat="46.154328" lon="12.288656">
        <ele>547.126633</ele>
        <time>2026-08-21T07:09:42.532Z</time>
      </trkpt>
      <trkpt lat="46.154477" lon="12.288643">
        <ele>545.843373</ele>
        <time>2026-08-21T07:09:43.579Z</time>
      </trkpt>
      <trkpt lat="46.155018" lon="12.288594">
        <ele>541.392754</ele>
        <time>2026-08-21T07:09:47.436Z</time>
      </trkpt>
      <trkpt lat="46.155318" lon="12.288616">
        <ele>539.939513</ele>
        <time>2026-08-21T07:09:49.612Z</time>
      </trkpt>
      <trkpt lat="46.155452" lon="12.288678">
        <ele>539.258752</ele>
        <time>2026-08-21T07:09:50.644Z</time>
      </trkpt>
      <trkpt lat="46.155608" lon="12.288802">
        <ele>538.397199</ele>
        <time>2026-08-21T07:09:51.958Z</time>
      </trkpt>
      <trkpt lat="46.155709" lon="12.288944">
        <ele>537.715134</ele>
        <time>2026-08-21T07:09:53.015Z</time>
      </trkpt>
      <trkpt lat="46.155773" lon="12.289097">
        <ele>537.116163</ele>
        <time>2026-08-21T07:09:53.953Z</time>
      </trkpt>
      <trkpt lat="46.155798" lon="12.289176">
        <ele>536.825099</ele>
        <time>2026-08-21T07:09:54.413Z</time>
      </trkpt>
      <trkpt lat="46.155960" lon="12.290101">
        <ele>533.627692</ele>
        <time>2026-08-21T07:09:59.660Z</time>
      </trkpt>
      <trkpt lat="46.156025" lon="12.290494">
        <ele>532.705216</ele>
        <time>2026-08-21T07:10:01.997Z</time>
      </trkpt>
      <trkpt lat="46.156182" lon="12.291454">
        <ele>531.476315</ele>
        <time>2026-08-21T07:10:07.968Z</time>
      </trkpt>
      <trkpt lat="46.156732" lon="12.294709">
        <ele>528.486847</ele>
        <time>2026-08-21T07:10:30.097Z</time>
      </trkpt>
      <trkpt lat="46.156753" lon="12.294930">
        <ele>528.344789</ele>
        <time>2026-08-21T07:10:31.691Z</time>
      </trkpt>
      <trkpt lat="46.156745" lon="12.295211">
        <ele>528.165689</ele>
        <time>2026-08-21T07:10:33.738Z</time>
      </trkpt>
      <trkpt lat="46.156249" lon="12.298433">
        <ele>528.146052</ele>
        <time>2026-08-21T07:11:01.900Z</time>
      </trkpt>
      <trkpt lat="46.156231" lon="12.298849">
        <ele>528.150771</ele>
        <time>2026-08-21T07:11:05.308Z</time>
      </trkpt>
      <trkpt lat="46.156265" lon="12.299170">
        <ele>528.154448</ele>
        <time>2026-08-21T07:11:07.972Z</time>
      </trkpt>
      <trkpt lat="46.156324" lon="12.299471">
        <ele>528.157989</ele>
        <time>2026-08-21T07:11:10.603Z</time>
      </trkpt>
      <trkpt lat="46.156574" lon="12.300198">
        <ele>528.167179</ele>
        <time>2026-08-21T07:11:17.589Z</time>
      </trkpt>
      <trkpt lat="46.156693" lon="12.300466">
        <ele>527.971646</ele>
        <time>2026-08-21T07:11:20.392Z</time>
      </trkpt>
      <trkpt lat="46.157399" lon="12.301469">
        <ele>526.019813</ele>
        <time>2026-08-21T07:11:29.932Z</time>
      </trkpt>
      <trkpt lat="46.157488" lon="12.301685">
        <ele>525.676770</ele>
        <time>2026-08-21T07:11:31.392Z</time>
      </trkpt>
      <trkpt lat="46.157502" lon="12.301924">
        <ele>525.349387</ele>
        <time>2026-08-21T07:11:32.733Z</time>
      </trkpt>
      <trkpt lat="46.157267" lon="12.303484">
        <ele>522.358774</ele>
        <time>2026-08-21T07:11:41.295Z</time>
      </trkpt>
      <trkpt lat="46.157241" lon="12.303905">
        <ele>521.459979</ele>
        <time>2026-08-21T07:11:43.535Z</time>
      </trkpt>
      <trkpt lat="46.157281" lon="12.304840">
        <ele>519.467942</ele>
        <time>2026-08-21T07:11:48.838Z</time>
      </trkpt>
      <trkpt lat="46.157357" lon="12.305555">
        <ele>520.020915</ele>
        <time>2026-08-21T07:11:55.576Z</time>
      </trkpt>
      <trkpt lat="46.157403" lon="12.305683">
        <ele>520.260710</ele>
        <time>2026-08-21T07:11:57.274Z</time>
      </trkpt>
      <trkpt lat="46.157495" lon="12.305808">
        <ele>520.564007</ele>
        <time>2026-08-21T07:11:59.535Z</time>
      </trkpt>
      <trkpt lat="46.157637" lon="12.305885">
        <ele>520.928161</ele>
        <time>2026-08-21T07:12:02.580Z</time>
      </trkpt>
      <trkpt lat="46.157720" lon="12.305863">
        <ele>521.130751</ele>
        <time>2026-08-21T07:12:04.439Z</time>
      </trkpt>
      <trkpt lat="46.157825" lon="12.305825">
        <ele>521.390624</ele>
        <time>2026-08-21T07:12:06.858Z</time>
      </trkpt>
      <trkpt lat="46.158710" lon="12.305249">
        <ele>523.662849</ele>
        <time>2026-08-21T07:12:31.609Z</time>
      </trkpt>
      <trkpt lat="46.158815" lon="12.305184">
        <ele>523.883786</ele>
        <time>2026-08-21T07:12:34.534Z</time>
      </trkpt>
      <trkpt lat="46.159004" lon="12.305070">
        <ele>524.279907</ele>
        <time>2026-08-21T07:12:39.148Z</time>
      </trkpt>
      <trkpt lat="46.159389" lon="12.304818">
        <ele>525.097397</ele>
        <time>2026-08-21T07:12:47.561Z</time>
      </trkpt>
      <trkpt lat="46.159888" lon="12.304422">
        <ele>526.198581</ele>
        <time>2026-08-21T07:12:57.217Z</time>
      </trkpt>
      <trkpt lat="46.160603" lon="12.303705">
        <ele>525.551945</ele>
        <time>2026-08-21T07:13:06.968Z</time>
      </trkpt>
      <trkpt lat="46.160722" lon="12.303585">
        <ele>525.166924</ele>
        <time>2026-08-21T07:13:08.261Z</time>
      </trkpt>
      <trkpt lat="46.160922" lon="12.303456">
        <ele>524.585886</ele>
        <time>2026-08-21T07:13:10.094Z</time>
      </trkpt>
      <trkpt lat="46.162021" lon="12.302982">
        <ele>521.056090</ele>
        <time>2026-08-21T07:13:18.958Z</time>
      </trkpt>
      <trkpt lat="46.162664" lon="12.302464">
        <ele>517.476292</ele>
        <time>2026-08-21T07:13:24.481Z</time>
      </trkpt>
      <trkpt lat="46.163013" lon="12.302139">
        <ele>515.457235</ele>
        <time>2026-08-21T07:13:27.645Z</time>
      </trkpt>
      <trkpt lat="46.163258" lon="12.301841">
        <ele>513.899775</ele>
        <time>2026-08-21T07:13:30.110Z</time>
      </trkpt>
      <trkpt lat="46.163489" lon="12.301465">
        <ele>511.683691</ele>
        <time>2026-08-21T07:13:32.777Z</time>
      </trkpt>
      <trkpt lat="46.163973" lon="12.300386">
        <ele>505.428693</ele>
        <time>2026-08-21T07:13:39.253Z</time>
      </trkpt>
      <trkpt lat="46.164100" lon="12.300177">
        <ele>504.075854</ele>
        <time>2026-08-21T07:13:40.602Z</time>
      </trkpt>
      <trkpt lat="46.164204" lon="12.300060">
        <ele>503.149625</ele>
        <time>2026-08-21T07:13:41.519Z</time>
      </trkpt>
      <trkpt lat="46.164510" lon="12.299883">
        <ele>500.833800</ele>
        <time>2026-08-21T07:13:43.794Z</time>
      </trkpt>
      <trkpt lat="46.165214" lon="12.299478">
        <ele>496.348428</ele>
        <time>2026-08-21T07:13:49.095Z</time>
      </trkpt>
      <trkpt lat="46.165464" lon="12.299307">
        <ele>494.716104</ele>
        <time>2026-08-21T07:13:51.109Z</time>
      </trkpt>
      <trkpt lat="46.165510" lon="12.299264">
        <ele>494.392754</ele>
        <time>2026-08-21T07:13:51.521Z</time>
      </trkpt>
      <trkpt lat="46.165707" lon="12.299012">
        <ele>492.839749</ele>
        <time>2026-08-21T07:13:53.566Z</time>
      </trkpt>
      <trkpt lat="46.166082" lon="12.298354">
        <ele>489.505644</ele>
        <time>2026-08-21T07:13:58.822Z</time>
      </trkpt>
      <trkpt lat="46.166557" lon="12.297313">
        <ele>485.382685</ele>
        <time>2026-08-21T07:14:05.958Z</time>
      </trkpt>
      <trkpt lat="46.166997" lon="12.296282">
        <ele>481.301219</ele>
        <time>2026-08-21T07:14:11.975Z</time>
      </trkpt>
      <trkpt lat="46.167045" lon="12.296164">
        <ele>480.643434</ele>
        <time>2026-08-21T07:14:12.649Z</time>
      </trkpt>
      <trkpt lat="46.167147" lon="12.295925">
        <ele>479.294038</ele>
        <time>2026-08-21T07:14:14.014Z</time>
      </trkpt>
      <trkpt lat="46.167313" lon="12.295721">
        <ele>477.781145</ele>
        <time>2026-08-21T07:14:15.546Z</time>
      </trkpt>
      <trkpt lat="46.167400" lon="12.295647">
        <ele>477.080352</ele>
        <time>2026-08-21T07:14:16.259Z</time>
      </trkpt>
      <trkpt lat="46.167438" lon="12.295613">
        <ele>476.770087</ele>
        <time>2026-08-21T07:14:16.574Z</time>
      </trkpt>
      <trkpt lat="46.167647" lon="12.295433">
        <ele>475.081109</ele>
        <time>2026-08-21T07:14:18.303Z</time>
      </trkpt>
      <trkpt lat="46.168073" lon="12.295058">
        <ele>471.618379</ele>
        <time>2026-08-21T07:14:21.927Z</time>
      </trkpt>
      <trkpt lat="46.168409" lon="12.294581">
        <ele>468.417219</ele>
        <time>2026-08-21T07:14:25.451Z</time>
      </trkpt>
      <trkpt lat="46.169174" lon="12.293255">
        <ele>460.924752</ele>
        <time>2026-08-21T07:14:34.177Z</time>
      </trkpt>
      <trkpt lat="46.169331" lon="12.292895">
        <ele>459.077798</ele>
        <time>2026-08-21T07:14:36.322Z</time>
      </trkpt>
      <trkpt lat="46.169722" lon="12.291834">
        <ele>453.626407</ele>
        <time>2026-08-21T07:14:42.331Z</time>
      </trkpt>
      <trkpt lat="46.169875" lon="12.290944">
        <ele>449.408478</ele>
        <time>2026-08-21T07:14:46.856Z</time>
      </trkpt>
      <trkpt lat="46.169973" lon="12.290380">
        <ele>446.733871</ele>
        <time>2026-08-21T07:14:49.797Z</time>
      </trkpt>
      <trkpt lat="46.170072" lon="12.290213">
        <ele>445.766857</ele>
        <time>2026-08-21T07:14:50.951Z</time>
      </trkpt>
      <trkpt lat="46.170214" lon="12.290167">
        <ele>445.161844</ele>
        <time>2026-08-21T07:14:52.036Z</time>
      </trkpt>
      <trkpt lat="46.170360" lon="12.290266">
        <ele>444.491285</ele>
        <time>2026-08-21T07:14:53.228Z</time>
      </trkpt>
      <trkpt lat="46.170420" lon="12.290430">
        <ele>443.957287</ele>
        <time>2026-08-21T07:14:54.173Z</time>
      </trkpt>
      <trkpt lat="46.170430" lon="12.290507">
        <ele>443.731739</ele>
        <time>2026-08-21T07:14:54.571Z</time>
      </trkpt>
      <trkpt lat="46.170410" lon="12.290618">
        <ele>443.401529</ele>
        <time>2026-08-21T07:14:55.159Z</time>
      </trkpt>
      <trkpt lat="46.170280" lon="12.290945">
        <ele>442.315991</ele>
        <time>2026-08-21T07:14:57.116Z</time>
      </trkpt>
      <trkpt lat="46.170259" lon="12.291068">
        <ele>441.951268</ele>
        <time>2026-08-21T07:14:57.786Z</time>
      </trkpt>
      <trkpt lat="46.170263" lon="12.291242">
        <ele>441.450043</ele>
        <time>2026-08-21T07:14:58.735Z</time>
      </trkpt>
      <trkpt lat="46.170291" lon="12.291321">
        <ele>441.194543</ele>
        <time>2026-08-21T07:14:59.219Z</time>
      </trkpt>
      <trkpt lat="46.170341" lon="12.291439">
        <ele>440.796271</ele>
        <time>2026-08-21T07:14:59.996Z</time>
      </trkpt>
      <trkpt lat="46.170524" lon="12.291890">
        <ele>439.291368</ele>
        <time>2026-08-21T07:15:03.097Z</time>
      </trkpt>
      <trkpt lat="46.170591" lon="12.292143">
        <ele>438.511538</ele>
        <time>2026-08-21T07:15:04.856Z</time>
      </trkpt>
      <trkpt lat="46.170633" lon="12.292419">
        <ele>437.982934</ele>
        <time>2026-08-21T07:15:06.600Z</time>
      </trkpt>
      <trkpt lat="46.170651" lon="12.292583">
        <ele>437.709681</ele>
        <time>2026-08-21T07:15:07.567Z</time>
      </trkpt>
      <trkpt lat="46.170661" lon="12.292755">
        <ele>437.425635</ele>
        <time>2026-08-21T07:15:08.541Z</time>
      </trkpt>
      <trkpt lat="46.170707" lon="12.293083">
        <ele>436.874908</ele>
        <time>2026-08-21T07:15:10.416Z</time>
      </trkpt>
      <trkpt lat="46.170765" lon="12.293259">
        <ele>436.554154</ele>
        <time>2026-08-21T07:15:11.558Z</time>
      </trkpt>
      <trkpt lat="46.170989" lon="12.293712">
        <ele>435.638146</ele>
        <time>2026-08-21T07:15:15.067Z</time>
      </trkpt>
      <trkpt lat="46.171332" lon="12.294310">
        <ele>434.360343</ele>
        <time>2026-08-21T07:15:19.683Z</time>
      </trkpt>
      <trkpt lat="46.171416" lon="12.294530">
        <ele>433.918709</ele>
        <time>2026-08-21T07:15:21.117Z</time>
      </trkpt>
      <trkpt lat="46.171486" lon="12.294861">
        <ele>433.236051</ele>
        <time>2026-08-21T07:15:23.054Z</time>
      </trkpt>
      <trkpt lat="46.171632" lon="12.295884">
        <ele>431.175798</ele>
        <time>2026-08-21T07:15:28.973Z</time>
      </trkpt>
      <trkpt lat="46.171670" lon="12.296291">
        <ele>430.365737</ele>
        <time>2026-08-21T07:15:31.427Z</time>
      </trkpt>
      <trkpt lat="46.171667" lon="12.297525">
        <ele>426.921817</ele>
        <time>2026-08-21T07:15:38.564Z</time>
      </trkpt>
      <trkpt lat="46.171722" lon="12.297987">
        <ele>425.094215</ele>
        <time>2026-08-21T07:15:41.049Z</time>
      </trkpt>
      <trkpt lat="46.171838" lon="12.298542">
        <ele>422.834057</ele>
        <time>2026-08-21T07:15:44.119Z</time>
      </trkpt>
      <trkpt lat="46.172024" lon="12.298776">
        <ele>421.445251</ele>
        <time>2026-08-21T07:15:45.912Z</time>
      </trkpt>
      <trkpt lat="46.172168" lon="12.298926">
        <ele>420.445645</ele>
        <time>2026-08-21T07:15:47.186Z</time>
      </trkpt>
      <trkpt lat="46.172603" lon="12.299375">
        <ele>416.664854</ele>
        <time>2026-08-21T07:15:50.903Z</time>
      </trkpt>
      <trkpt lat="46.172827" lon="12.299623">
        <ele>414.203923</ele>
        <time>2026-08-21T07:15:52.813Z</time>
      </trkpt>
      <trkpt lat="46.172903" lon="12.299790">
        <ele>412.997401</ele>
        <time>2026-08-21T07:15:53.750Z</time>
      </trkpt>
      <trkpt lat="46.172909" lon="12.300019">
        <ele>411.613805</ele>
        <time>2026-08-21T07:15:54.845Z</time>
      </trkpt>
      <trkpt lat="46.172922" lon="12.300168">
        <ele>410.707093</ele>
        <time>2026-08-21T07:15:55.568Z</time>
      </trkpt>
      <trkpt lat="46.172963" lon="12.300252">
        <ele>410.086616</ele>
        <time>2026-08-21T07:15:56.061Z</time>
      </trkpt>
      <trkpt lat="46.173028" lon="12.300312">
        <ele>409.414011</ele>
        <time>2026-08-21T07:15:56.595Z</time>
      </trkpt>
      <trkpt lat="46.173152" lon="12.300334">
        <ele>408.324759</ele>
        <time>2026-08-21T07:15:57.461Z</time>
      </trkpt>
      <trkpt lat="46.173262" lon="12.300302">
        <ele>407.346432</ele>
        <time>2026-08-21T07:15:58.246Z</time>
      </trkpt>
      <trkpt lat="46.173464" lon="12.300246">
        <ele>405.553088</ele>
        <time>2026-08-21T07:15:59.670Z</time>
      </trkpt>
      <trkpt lat="46.173666" lon="12.300349">
        <ele>403.685340</ele>
        <time>2026-08-21T07:16:01.209Z</time>
      </trkpt>
      <trkpt lat="46.173681" lon="12.300408">
        <ele>403.305879</ele>
        <time>2026-08-21T07:16:01.532Z</time>
      </trkpt>
      <trkpt lat="46.173809" lon="12.300686">
        <ele>402.732943</ele>
        <time>2026-08-21T07:16:03.279Z</time>
      </trkpt>
      <trkpt lat="46.173960" lon="12.301101">
        <ele>402.088947</ele>
        <time>2026-08-21T07:16:05.845Z</time>
      </trkpt>
      <trkpt lat="46.173979" lon="12.301379">
        <ele>401.705201</ele>
        <time>2026-08-21T07:16:07.602Z</time>
      </trkpt>
      <trkpt lat="46.173971" lon="12.301568">
        <ele>401.445087</ele>
        <time>2026-08-21T07:16:09.120Z</time>
      </trkpt>
      <trkpt lat="46.173953" lon="12.301886">
        <ele>401.006791</ele>
        <time>2026-08-21T07:16:12.109Z</time>
      </trkpt>
      <trkpt lat="46.173934" lon="12.302191">
        <ele>400.586119</ele>
        <time>2026-08-21T07:16:14.678Z</time>
      </trkpt>
      <trkpt lat="46.173922" lon="12.302510">
        <ele>400.147261</ele>
        <time>2026-08-21T07:16:17.132Z</time>
      </trkpt>
      <trkpt lat="46.173916" lon="12.302754">
        <ele>399.811866</ele>
        <time>2026-08-21T07:16:19.120Z</time>
      </trkpt>
      <trkpt lat="46.173888" lon="12.303291">
        <ele>399.411641</ele>
        <time>2026-08-21T07:16:23.484Z</time>
      </trkpt>
      <trkpt lat="46.173765" lon="12.303769">
        <ele>399.170598</ele>
        <time>2026-08-21T07:16:26.978Z</time>
      </trkpt>
      <trkpt lat="46.173651" lon="12.303951">
        <ele>399.054594</ele>
        <time>2026-08-21T07:16:28.628Z</time>
      </trkpt>
      <trkpt lat="46.173118" lon="12.304432">
        <ele>398.625559</ele>
        <time>2026-08-21T07:16:34.683Z</time>
      </trkpt>
      <trkpt lat="46.173037" lon="12.304563">
        <ele>398.542543</ele>
        <time>2026-08-21T07:16:35.840Z</time>
      </trkpt>
      <trkpt lat="46.172798" lon="12.305150">
        <ele>398.106949</ele>
        <time>2026-08-21T07:16:40.804Z</time>
      </trkpt>
      <trkpt lat="46.172455" lon="12.305964">
        <ele>397.294138</ele>
        <time>2026-08-21T07:16:49.171Z</time>
      </trkpt>
      <trkpt lat="46.172180" lon="12.306493">
        <ele>396.729883</ele>
        <time>2026-08-21T07:16:53.518Z</time>
      </trkpt>
      <trkpt lat="46.171997" lon="12.306805">
        <ele>396.381099</ele>
        <time>2026-08-21T07:16:55.865Z</time>
      </trkpt>
      <trkpt lat="46.171725" lon="12.307205">
        <ele>395.114524</ele>
        <time>2026-08-21T07:16:59.075Z</time>
      </trkpt>
      <trkpt lat="46.171680" lon="12.307267">
        <ele>394.789846</ele>
        <time>2026-08-21T07:16:59.604Z</time>
      </trkpt>
      <trkpt lat="46.171729" lon="12.307409">
        <ele>394.216319</ele>
        <time>2026-08-21T07:17:00.492Z</time>
      </trkpt>
      <trkpt lat="46.171787" lon="12.307455">
        <ele>393.870889</ele>
        <time>2026-08-21T07:17:01.026Z</time>
      </trkpt>
      <trkpt lat="46.171885" lon="12.307455">
        <ele>393.359310</ele>
        <time>2026-08-21T07:17:01.801Z</time>
      </trkpt>
      <trkpt lat="46.171996" lon="12.307412">
        <ele>392.759381</ele>
        <time>2026-08-21T07:17:02.681Z</time>
      </trkpt>
      <trkpt lat="46.172117" lon="12.307307">
        <ele>392.022464</ele>
        <time>2026-08-21T07:17:03.747Z</time>
      </trkpt>
      <trkpt lat="46.172363" lon="12.306736">
        <ele>389.591470</ele>
        <time>2026-08-21T07:17:07.134Z</time>
      </trkpt>
      <trkpt lat="46.172541" lon="12.306465">
        <ele>388.241244</ele>
        <time>2026-08-21T07:17:08.948Z</time>
      </trkpt>
      <trkpt lat="46.173177" lon="12.305979">
        <ele>385.271928</ele>
        <time>2026-08-21T07:17:14.206Z</time>
      </trkpt>
      <trkpt lat="46.173343" lon="12.305903">
        <ele>384.677708</ele>
        <time>2026-08-21T07:17:15.510Z</time>
      </trkpt>
      <trkpt lat="46.173499" lon="12.305895">
        <ele>384.145060</ele>
        <time>2026-08-21T07:17:16.691Z</time>
      </trkpt>
      <trkpt lat="46.173535" lon="12.305906">
        <ele>384.019499</ele>
        <time>2026-08-21T07:17:16.968Z</time>
      </trkpt>
      <trkpt lat="46.173567" lon="12.305915">
        <ele>383.908256</ele>
        <time>2026-08-21T07:17:17.222Z</time>
      </trkpt>
      <trkpt lat="46.173793" lon="12.306009">
        <ele>383.105736</ele>
        <time>2026-08-21T07:17:19.050Z</time>
      </trkpt>
      <trkpt lat="46.173962" lon="12.306134">
        <ele>382.457826</ele>
        <time>2026-08-21T07:17:20.603Z</time>
      </trkpt>
      <trkpt lat="46.174089" lon="12.306227">
        <ele>381.971938</ele>
        <time>2026-08-21T07:17:21.841Z</time>
      </trkpt>
      <trkpt lat="46.174326" lon="12.306367">
        <ele>381.098191</ele>
        <time>2026-08-21T07:17:24.394Z</time>
      </trkpt>
      <trkpt lat="46.174555" lon="12.306612">
        <ele>380.993633</ele>
        <time>2026-08-21T07:17:28.886Z</time>
      </trkpt>
      <trkpt lat="46.174698" lon="12.306941">
        <ele>381.688467</ele>
        <time>2026-08-21T07:17:34.087Z</time>
      </trkpt>
      <trkpt lat="46.174985" lon="12.308465">
        <ele>384.513562</ele>
        <time>2026-08-21T07:17:59.107Z</time>
      </trkpt>
      <trkpt lat="46.175031" lon="12.308718">
        <ele>384.981459</ele>
        <time>2026-08-21T07:18:03.046Z</time>
      </trkpt>
      <trkpt lat="46.175056" lon="12.308857">
        <ele>385.238346</ele>
        <time>2026-08-21T07:18:05.157Z</time>
      </trkpt>
      <trkpt lat="46.175081" lon="12.308997">
        <ele>385.538799</ele>
        <time>2026-08-21T07:18:07.260Z</time>
      </trkpt>
      <trkpt lat="46.175178" lon="12.309510">
        <ele>386.662274</ele>
        <time>2026-08-21T07:18:14.964Z</time>
      </trkpt>
      <trkpt lat="46.175209" lon="12.309652">
        <ele>386.976828</ele>
        <time>2026-08-21T07:18:17.056Z</time>
      </trkpt>
      <trkpt lat="46.175224" lon="12.309708">
        <ele>387.103680</ele>
        <time>2026-08-21T07:18:17.905Z</time>
      </trkpt>
      <trkpt lat="46.175231" lon="12.309736">
        <ele>387.166571</ele>
        <time>2026-08-21T07:18:18.310Z</time>
      </trkpt>
      <trkpt lat="46.175266" lon="12.309873">
        <ele>387.475076</ele>
        <time>2026-08-21T07:18:20.333Z</time>
      </trkpt>
      <trkpt lat="46.175277" lon="12.309907">
        <ele>387.554360</ele>
        <time>2026-08-21T07:18:20.863Z</time>
      </trkpt>
      <trkpt lat="46.175292" lon="12.309952">
        <ele>387.659871</ele>
        <time>2026-08-21T07:18:21.531Z</time>
      </trkpt>
      <trkpt lat="46.175387" lon="12.310139">
        <ele>388.149856</ele>
        <time>2026-08-21T07:18:24.662Z</time>
      </trkpt>
      <trkpt lat="46.175401" lon="12.310167">
        <ele>388.222820</ele>
        <time>2026-08-21T07:18:25.116Z</time>
      </trkpt>
      <trkpt lat="46.175494" lon="12.310326">
        <ele>388.662530</ele>
        <time>2026-08-21T07:18:27.757Z</time>
      </trkpt>
      <trkpt lat="46.175581" lon="12.310656">
        <ele>389.408523</ele>
        <time>2026-08-21T07:18:32.454Z</time>
      </trkpt>
      <trkpt lat="46.175593" lon="12.311320">
        <ele>390.866866</ele>
        <time>2026-08-21T07:18:43.206Z</time>
      </trkpt>
      <trkpt lat="46.175654" lon="12.311831">
        <ele>392.998003</ele>
        <time>2026-08-21T07:18:52.934Z</time>
      </trkpt>
      <trkpt lat="46.175784" lon="12.312271">
        <ele>394.964087</ele>
        <time>2026-08-21T07:19:02.955Z</time>
      </trkpt>
      <trkpt lat="46.175900" lon="12.312608">
        <ele>396.510803</ele>
        <time>2026-08-21T07:19:11.436Z</time>
      </trkpt>
      <trkpt lat="46.175929" lon="12.312761">
        <ele>397.162746</ele>
        <time>2026-08-21T07:19:15.134Z</time>
      </trkpt>
      <trkpt lat="46.175919" lon="12.313043">
        <ele>398.323250</ele>
        <time>2026-08-21T07:19:21.731Z</time>
      </trkpt>
      <trkpt lat="46.175827" lon="12.313478">
        <ele>400.192578</ele>
        <time>2026-08-21T07:19:32.761Z</time>
      </trkpt>
      <trkpt lat="46.175814" lon="12.313539">
        <ele>400.454886</ele>
        <time>2026-08-21T07:19:34.343Z</time>
      </trkpt>
      <trkpt lat="46.175772" lon="12.313726">
        <ele>401.262851</ele>
        <time>2026-08-21T07:19:39.137Z</time>
      </trkpt>
      <trkpt lat="46.175679" lon="12.313959">
        <ele>402.513428</ele>
        <time>2026-08-21T07:19:45.574Z</time>
      </trkpt>
      <trkpt lat="46.175554" lon="12.314156">
        <ele>403.781471</ele>
        <time>2026-08-21T07:19:51.389Z</time>
      </trkpt>
      <trkpt lat="46.175061" lon="12.314653">
        <ele>407.902025</ele>
        <time>2026-08-21T07:20:10.564Z</time>
      </trkpt>
      <trkpt lat="46.174698" lon="12.315045">
        <ele>411.008464</ele>
        <time>2026-08-21T07:20:25.802Z</time>
      </trkpt>
      <trkpt lat="46.174647" lon="12.315210">
        <ele>411.865980</ele>
        <time>2026-08-21T07:20:30.085Z</time>
      </trkpt>
      <trkpt lat="46.174673" lon="12.315368">
        <ele>412.636690</ele>
        <time>2026-08-21T07:20:34.046Z</time>
      </trkpt>
      <trkpt lat="46.174760" lon="12.315465">
        <ele>413.389965</ele>
        <time>2026-08-21T07:20:37.989Z</time>
      </trkpt>
      <trkpt lat="46.175107" lon="12.315448">
        <ele>415.993569</ele>
        <time>2026-08-21T07:20:50.513Z</time>
      </trkpt>
      <trkpt lat="46.175771" lon="12.315400">
        <ele>421.057040</ele>
        <time>2026-08-21T07:21:16.109Z</time>
      </trkpt>
      <trkpt lat="46.175853" lon="12.315434">
        <ele>421.706797</ele>
        <time>2026-08-21T07:21:19.459Z</time>
      </trkpt>
      <trkpt lat="46.175906" lon="12.315534">
        <ele>422.370927</ele>
        <time>2026-08-21T07:21:22.779Z</time>
      </trkpt>
      <trkpt lat="46.175881" lon="12.315723">
        <ele>423.385697</ele>
        <time>2026-08-21T07:21:27.727Z</time>
      </trkpt>
      <trkpt lat="46.175302" lon="12.317238">
        <ele>432.128616</ele>
        <time>2026-08-21T07:22:08.513Z</time>
      </trkpt>
      <trkpt lat="46.175298" lon="12.317376">
        <ele>432.801866</ele>
        <time>2026-08-21T07:22:11.647Z</time>
      </trkpt>
      <trkpt lat="46.175337" lon="12.317480">
        <ele>433.378363</ele>
        <time>2026-08-21T07:22:14.374Z</time>
      </trkpt>
      <trkpt lat="46.175379" lon="12.317510">
        <ele>433.708198</ele>
        <time>2026-08-21T07:22:15.931Z</time>
      </trkpt>
      <trkpt lat="46.175459" lon="12.317506">
        <ele>434.271675</ele>
        <time>2026-08-21T07:22:18.597Z</time>
      </trkpt>
      <trkpt lat="46.176000" lon="12.317185">
        <ele>438.388809</ele>
        <time>2026-08-21T07:22:38.677Z</time>
      </trkpt>
      <trkpt lat="46.176077" lon="12.317204">
        <ele>438.938686</ele>
        <time>2026-08-21T07:22:41.378Z</time>
      </trkpt>
      <trkpt lat="46.176109" lon="12.317266">
        <ele>439.315606</ele>
        <time>2026-08-21T07:22:43.308Z</time>
      </trkpt>
      <trkpt lat="46.176122" lon="12.317393">
        <ele>439.941367</ele>
        <time>2026-08-21T07:22:46.414Z</time>
      </trkpt>
      <trkpt lat="46.175927" lon="12.318161">
        <ele>444.307123</ele>
        <time>2026-08-21T07:23:07.040Z</time>
      </trkpt>
      <trkpt lat="46.175920" lon="12.318224">
        <ele>444.649012</ele>
        <time>2026-08-21T07:23:08.621Z</time>
      </trkpt>
      <trkpt lat="46.175897" lon="12.319543">
        <ele>451.718818</ele>
        <time>2026-08-21T07:23:43.223Z</time>
      </trkpt>
      <trkpt lat="46.175830" lon="12.319747">
        <ele>452.928629</ele>
        <time>2026-08-21T07:23:48.948Z</time>
      </trkpt>
      <trkpt lat="46.175276" lon="12.320736">
        <ele>459.312679</ele>
        <time>2026-08-21T07:24:20.262Z</time>
      </trkpt>
      <trkpt lat="46.175041" lon="12.320904">
        <ele>461.188207</ele>
        <time>2026-08-21T07:24:29.436Z</time>
      </trkpt>
      <trkpt lat="46.174511" lon="12.321176">
        <ele>465.211321</ele>
        <time>2026-08-21T07:24:48.607Z</time>
      </trkpt>
      <trkpt lat="46.174142" lon="12.321430">
        <ele>468.019200</ele>
        <time>2026-08-21T07:25:02.162Z</time>
      </trkpt>
      <trkpt lat="46.173399" lon="12.321990">
        <ele>473.451758</ele>
        <time>2026-08-21T07:25:30.609Z</time>
      </trkpt>
      <trkpt lat="46.173043" lon="12.322127">
        <ele>475.839856</ele>
        <time>2026-08-21T07:25:43.433Z</time>
      </trkpt>
      <trkpt lat="46.172999" lon="12.322180">
        <ele>476.211254</ele>
        <time>2026-08-21T07:25:45.402Z</time>
      </trkpt>
      <trkpt lat="46.172982" lon="12.322265">
        <ele>476.608381</ele>
        <time>2026-08-21T07:25:47.449Z</time>
      </trkpt>
      <trkpt lat="46.172996" lon="12.322342">
        <ele>476.965720</ele>
        <time>2026-08-21T07:25:49.240Z</time>
      </trkpt>
      <trkpt lat="46.173157" lon="12.322466">
        <ele>478.148459</ele>
        <time>2026-08-21T07:25:54.855Z</time>
      </trkpt>
      <trkpt lat="46.173383" lon="12.322505">
        <ele>479.294847</ele>
        <time>2026-08-21T07:26:01.117Z</time>
      </trkpt>
      <trkpt lat="46.173589" lon="12.322459">
        <ele>480.229136</ele>
        <time>2026-08-21T07:26:06.397Z</time>
      </trkpt>
      <trkpt lat="46.173658" lon="12.322505">
        <ele>480.569768</ele>
        <time>2026-08-21T07:26:08.278Z</time>
      </trkpt>
      <trkpt lat="46.173671" lon="12.322547">
        <ele>480.712555</ele>
        <time>2026-08-21T07:26:09.075Z</time>
      </trkpt>
      <trkpt lat="46.173660" lon="12.322633">
        <ele>480.983993</ele>
        <time>2026-08-21T07:26:10.554Z</time>
      </trkpt>
      <trkpt lat="46.173599" lon="12.322679">
        <ele>481.292435</ele>
        <time>2026-08-21T07:26:12.176Z</time>
      </trkpt>
      <trkpt lat="46.173294" lon="12.322680">
        <ele>482.659485</ele>
        <time>2026-08-21T07:26:19.178Z</time>
      </trkpt>
      <trkpt lat="46.173125" lon="12.322700">
        <ele>483.419502</ele>
        <time>2026-08-21T07:26:22.945Z</time>
      </trkpt>
      <trkpt lat="46.173008" lon="12.322802">
        <ele>484.032063</ele>
        <time>2026-08-21T07:26:26.078Z</time>
      </trkpt>
      <trkpt lat="46.172876" lon="12.323059">
        <ele>485.025201</ele>
        <time>2026-08-21T07:26:31.503Z</time>
      </trkpt>
      <trkpt lat="46.172781" lon="12.323372">
        <ele>486.085908</ele>
        <time>2026-08-21T07:26:38.080Z</time>
      </trkpt>
      <trkpt lat="46.172626" lon="12.324101">
        <ele>489.600035</ele>
        <time>2026-08-21T07:26:52.849Z</time>
      </trkpt>
      <trkpt lat="46.172514" lon="12.324709">
        <ele>492.774576</ele>
        <time>2026-08-21T07:27:08.735Z</time>
      </trkpt>
      <trkpt lat="46.172432" lon="12.325614">
        <ele>497.379964</ele>
        <time>2026-08-21T07:27:34.530Z</time>
      </trkpt>
      <trkpt lat="46.172375" lon="12.325994">
        <ele>499.341844</ele>
        <time>2026-08-21T07:27:45.245Z</time>
      </trkpt>
      <trkpt lat="46.172213" lon="12.326672">
        <ele>501.849781</ele>
        <time>2026-08-21T07:28:02.599Z</time>
      </trkpt>
      <trkpt lat="46.172013" lon="12.327058">
        <ele>503.447056</ele>
        <time>2026-08-21T07:28:12.969Z</time>
      </trkpt>
      <trkpt lat="46.171964" lon="12.327173">
        <ele>503.894430</ele>
        <time>2026-08-21T07:28:15.554Z</time>
      </trkpt>
      <trkpt lat="46.171839" lon="12.327889">
        <ele>506.340953</ele>
        <time>2026-08-21T07:28:27.967Z</time>
      </trkpt>
      <trkpt lat="46.171808" lon="12.328528">
        <ele>508.389127</ele>
        <time>2026-08-21T07:28:36.090Z</time>
      </trkpt>
      <trkpt lat="46.171802" lon="12.328606">
        <ele>508.503636</ele>
        <time>2026-08-21T07:28:37.003Z</time>
      </trkpt>
      <trkpt lat="46.171779" lon="12.328926">
        <ele>508.973051</ele>
        <time>2026-08-21T07:28:40.792Z</time>
      </trkpt>
      <trkpt lat="46.171629" lon="12.329777">
        <ele>510.254326</ele>
        <time>2026-08-21T07:28:49.688Z</time>
      </trkpt>
      <trkpt lat="46.171500" lon="12.330497">
        <ele>511.339463</ele>
        <time>2026-08-21T07:28:56.794Z</time>
      </trkpt>
      <trkpt lat="46.171472" lon="12.331307">
        <ele>513.496365</ele>
        <time>2026-08-21T07:29:10.647Z</time>
      </trkpt>
      <trkpt lat="46.171465" lon="12.331650">
        <ele>515.208592</ele>
        <time>2026-08-21T07:29:18.286Z</time>
      </trkpt>
      <trkpt lat="46.171424" lon="12.332539">
        <ele>519.654309</ele>
        <time>2026-08-21T07:29:42.137Z</time>
      </trkpt>
      <trkpt lat="46.171396" lon="12.333131">
        <ele>522.615126</ele>
        <time>2026-08-21T07:29:59.574Z</time>
      </trkpt>
      <trkpt lat="46.171338" lon="12.333271">
        <ele>523.429156</ele>
        <time>2026-08-21T07:30:04.208Z</time>
      </trkpt>
      <trkpt lat="46.171273" lon="12.333320">
        <ele>523.957485</ele>
        <time>2026-08-21T07:30:07.010Z</time>
      </trkpt>
      <trkpt lat="46.170789" lon="12.333471">
        <ele>527.312556</ele>
        <time>2026-08-21T07:30:24.533Z</time>
      </trkpt>
      <trkpt lat="46.170728" lon="12.333462">
        <ele>527.715919</ele>
        <time>2026-08-21T07:30:26.456Z</time>
      </trkpt>
      <trkpt lat="46.170569" lon="12.333363">
        <ele>528.854951</ele>
        <time>2026-08-21T07:30:31.642Z</time>
      </trkpt>
      <trkpt lat="46.170413" lon="12.333320">
        <ele>529.899688</ele>
        <time>2026-08-21T07:30:36.160Z</time>
      </trkpt>
      <trkpt lat="46.170219" lon="12.333318">
        <ele>531.175902</ele>
        <time>2026-08-21T07:30:41.610Z</time>
      </trkpt>
      <trkpt lat="46.169988" lon="12.333358">
        <ele>532.706366</ele>
        <time>2026-08-21T07:30:48.675Z</time>
      </trkpt>
      <trkpt lat="46.169816" lon="12.333439">
        <ele>533.896478</ele>
        <time>2026-08-21T07:30:53.886Z</time>
      </trkpt>
      <trkpt lat="46.169433" lon="12.333739">
        <ele>536.762758</ele>
        <time>2026-08-21T07:31:07.123Z</time>
      </trkpt>
      <trkpt lat="46.169348" lon="12.333853">
        <ele>537.595742</ele>
        <time>2026-08-21T07:31:11.513Z</time>
      </trkpt>
      <trkpt lat="46.168839" lon="12.335010">
        <ele>544.551169</ele>
        <time>2026-08-21T07:31:51.846Z</time>
      </trkpt>
      <trkpt lat="46.168634" lon="12.335306">
        <ele>546.675376</ele>
        <time>2026-08-21T07:32:02.122Z</time>
      </trkpt>
      <trkpt lat="46.168423" lon="12.335470">
        <ele>548.431162</ele>
        <time>2026-08-21T07:32:09.301Z</time>
      </trkpt>
      <trkpt lat="46.167407" lon="12.335902">
        <ele>554.522451</ele>
        <time>2026-08-21T07:32:36.214Z</time>
      </trkpt>
      <trkpt lat="46.167333" lon="12.335974">
        <ele>554.997372</ele>
        <time>2026-08-21T07:32:38.474Z</time>
      </trkpt>
      <trkpt lat="46.167319" lon="12.336080">
        <ele>555.395128</ele>
        <time>2026-08-21T07:32:40.410Z</time>
      </trkpt>
      <trkpt lat="46.167387" lon="12.336119">
        <ele>555.784548</ele>
        <time>2026-08-21T07:32:42.451Z</time>
      </trkpt>
      <trkpt lat="46.167594" lon="12.336007">
        <ele>556.961071</ele>
        <time>2026-08-21T07:32:49.097Z</time>
      </trkpt>
      <trkpt lat="46.167753" lon="12.335964">
        <ele>557.822031</ele>
        <time>2026-08-21T07:32:54.413Z</time>
      </trkpt>
      <trkpt lat="46.168396" lon="12.335993">
        <ele>560.961712</ele>
        <time>2026-08-21T07:33:16.444Z</time>
      </trkpt>
      <trkpt lat="46.168622" lon="12.335977">
        <ele>561.949589</ele>
        <time>2026-08-21T07:33:23.652Z</time>
      </trkpt>
      <trkpt lat="46.168848" lon="12.335876">
        <ele>562.982457</ele>
        <time>2026-08-21T07:33:30.400Z</time>
      </trkpt>
      <trkpt lat="46.169243" lon="12.335597">
        <ele>564.902248</ele>
        <time>2026-08-21T07:33:40.062Z</time>
      </trkpt>
      <trkpt lat="46.169337" lon="12.335484">
        <ele>565.436245</ele>
        <time>2026-08-21T07:33:42.323Z</time>
      </trkpt>
      <trkpt lat="46.169597" lon="12.335053">
        <ele>567.164445</ele>
        <time>2026-08-21T07:33:49.463Z</time>
      </trkpt>
      <trkpt lat="46.169672" lon="12.334976">
        <ele>567.588994</ele>
        <time>2026-08-21T07:33:51.288Z</time>
      </trkpt>
      <trkpt lat="46.169944" lon="12.334817">
        <ele>569.462332</ele>
        <time>2026-08-21T07:33:57.894Z</time>
      </trkpt>
      <trkpt lat="46.170054" lon="12.334840">
        <ele>570.171896</ele>
        <time>2026-08-21T07:34:00.872Z</time>
      </trkpt>
      <trkpt lat="46.170076" lon="12.334896">
        <ele>570.456538</ele>
        <time>2026-08-21T07:34:02.138Z</time>
      </trkpt>
      <trkpt lat="46.170056" lon="12.334961">
        <ele>570.770994</ele>
        <time>2026-08-21T07:34:03.586Z</time>
      </trkpt>
      <trkpt lat="46.169654" lon="12.335251">
        <ele>573.639801</ele>
        <time>2026-08-21T07:34:19.270Z</time>
      </trkpt>
      <trkpt lat="46.169605" lon="12.335354">
        <ele>574.192266</ele>
        <time>2026-08-21T07:34:22.562Z</time>
      </trkpt>
      <trkpt lat="46.169260" lon="12.336479">
        <ele>579.598503</ele>
        <time>2026-08-21T07:34:55.292Z</time>
      </trkpt>
      <trkpt lat="46.169149" lon="12.336714">
        <ele>580.789812</ele>
        <time>2026-08-21T07:35:02.443Z</time>
      </trkpt>
      <trkpt lat="46.168977" lon="12.336876">
        <ele>582.031680</ele>
        <time>2026-08-21T07:35:09.573Z</time>
      </trkpt>
      <trkpt lat="46.168618" lon="12.337092">
        <ele>584.383633</ele>
        <time>2026-08-21T07:35:22.043Z</time>
      </trkpt>
      <trkpt lat="46.168573" lon="12.337157">
        <ele>584.768553</ele>
        <time>2026-08-21T07:35:23.893Z</time>
      </trkpt>
      <trkpt lat="46.168599" lon="12.337267">
        <ele>585.255334</ele>
        <time>2026-08-21T07:35:26.272Z</time>
      </trkpt>
      <trkpt lat="46.168674" lon="12.337255">
        <ele>585.711666</ele>
        <time>2026-08-21T07:35:28.367Z</time>
      </trkpt>
      <trkpt lat="46.169661" lon="12.336619">
        <ele>591.309703</ele>
        <time>2026-08-21T07:35:58.146Z</time>
      </trkpt>
      <trkpt lat="46.169766" lon="12.336621">
        <ele>591.693498</ele>
        <time>2026-08-21T07:36:00.775Z</time>
      </trkpt>
      <trkpt lat="46.169798" lon="12.336659">
        <ele>591.844923</ele>
        <time>2026-08-21T07:36:01.827Z</time>
      </trkpt>
      <trkpt lat="46.169798" lon="12.336744">
        <ele>592.060065</ele>
        <time>2026-08-21T07:36:03.310Z</time>
      </trkpt>
      <trkpt lat="46.169421" lon="12.336980">
        <ele>593.561860</ele>
        <time>2026-08-21T07:36:11.914Z</time>
      </trkpt>
      <trkpt lat="46.169273" lon="12.337136">
        <ele>594.231565</ele>
        <time>2026-08-21T07:36:15.482Z</time>
      </trkpt>
      <trkpt lat="46.169235" lon="12.337225">
        <ele>594.496207</ele>
        <time>2026-08-21T07:36:16.851Z</time>
      </trkpt>
      <trkpt lat="46.169057" lon="12.338139">
        <ele>597.450779</ele>
        <time>2026-08-21T07:36:30.602Z</time>
      </trkpt>
      <trkpt lat="46.169058" lon="12.338266">
        <ele>598.167093</ele>
        <time>2026-08-21T07:36:32.749Z</time>
      </trkpt>
      <trkpt lat="46.169092" lon="12.338410">
        <ele>599.025142</ele>
        <time>2026-08-21T07:36:35.413Z</time>
      </trkpt>
      <trkpt lat="46.169349" lon="12.339168">
        <ele>603.785018</ele>
        <time>2026-08-21T07:36:54.640Z</time>
      </trkpt>
      <trkpt lat="46.169749" lon="12.340040">
        <ele>609.683986</ele>
        <time>2026-08-21T07:37:27.205Z</time>
      </trkpt>
      <trkpt lat="46.169793" lon="12.340238">
        <ele>610.856755</ele>
        <time>2026-08-21T07:37:34.450Z</time>
      </trkpt>
      <trkpt lat="46.169880" lon="12.341512">
        <ele>622.599838</ele>
        <time>2026-08-21T07:38:23.559Z</time>
      </trkpt>
      <trkpt lat="46.169949" lon="12.341892">
        <ele>626.251456</ele>
        <time>2026-08-21T07:38:39.430Z</time>
      </trkpt>
      <trkpt lat="46.170312" lon="12.342997">
        <ele>636.592708</ele>
        <time>2026-08-21T07:39:29.785Z</time>
      </trkpt>
      <trkpt lat="46.170372" lon="12.343611">
        <ele>639.868459</ele>
        <time>2026-08-21T07:39:50.234Z</time>
      </trkpt>
      <trkpt lat="46.170364" lon="12.343761">
        <ele>640.663219</ele>
        <time>2026-08-21T07:39:54.325Z</time>
      </trkpt>
      <trkpt lat="46.170329" lon="12.343833">
        <ele>641.127932</ele>
        <time>2026-08-21T07:39:56.720Z</time>
      </trkpt>
      <trkpt lat="46.170268" lon="12.343899">
        <ele>641.709394</ele>
        <time>2026-08-21T07:39:59.432Z</time>
      </trkpt>
      <trkpt lat="46.170198" lon="12.343924">
        <ele>642.259468</ele>
        <time>2026-08-21T07:40:01.991Z</time>
      </trkpt>
      <trkpt lat="46.170027" lon="12.343886">
        <ele>643.579274</ele>
        <time>2026-08-21T07:40:07.453Z</time>
      </trkpt>
      <trkpt lat="46.169556" lon="12.343309">
        <ele>648.291043</ele>
        <time>2026-08-21T07:40:22.939Z</time>
      </trkpt>
      <trkpt lat="46.169250" lon="12.343153">
        <ele>649.456837</ele>
        <time>2026-08-21T07:40:28.963Z</time>
      </trkpt>
      <trkpt lat="46.169018" lon="12.342958">
        <ele>650.019059</ele>
        <time>2026-08-21T07:40:32.860Z</time>
      </trkpt>
      <trkpt lat="46.168814" lon="12.342699">
        <ele>650.587979</ele>
        <time>2026-08-21T07:40:36.991Z</time>
      </trkpt>
      <trkpt lat="46.168709" lon="12.342605">
        <ele>650.846726</ele>
        <time>2026-08-21T07:40:38.861Z</time>
      </trkpt>
      <trkpt lat="46.168583" lon="12.342553">
        <ele>651.121186</ele>
        <time>2026-08-21T07:40:40.755Z</time>
      </trkpt>
      <trkpt lat="46.168446" lon="12.342577">
        <ele>651.410221</ele>
        <time>2026-08-21T07:40:42.591Z</time>
      </trkpt>
      <trkpt lat="46.167967" lon="12.342757">
        <ele>652.446851</ele>
        <time>2026-08-21T07:40:51.610Z</time>
      </trkpt>
      <trkpt lat="46.167551" lon="12.342683">
        <ele>653.898474</ele>
        <time>2026-08-21T07:41:02.012Z</time>
      </trkpt>
      <trkpt lat="46.167423" lon="12.342717">
        <ele>654.433260</ele>
        <time>2026-08-21T07:41:05.237Z</time>
      </trkpt>
      <trkpt lat="46.167329" lon="12.342819">
        <ele>654.916422</ele>
        <time>2026-08-21T07:41:08.190Z</time>
      </trkpt>
      <trkpt lat="46.167309" lon="12.342961">
        <ele>655.328791</ele>
        <time>2026-08-21T07:41:10.889Z</time>
      </trkpt>
      <trkpt lat="46.167332" lon="12.343066">
        <ele>655.642185</ele>
        <time>2026-08-21T07:41:12.954Z</time>
      </trkpt>
      <trkpt lat="46.167375" lon="12.343119">
        <ele>655.874494</ele>
        <time>2026-08-21T07:41:14.599Z</time>
      </trkpt>
      <trkpt lat="46.167786" lon="12.343122">
        <ele>657.563342</ele>
        <time>2026-08-21T07:41:26.815Z</time>
      </trkpt>
      <trkpt lat="46.168251" lon="12.343212">
        <ele>659.491147</ele>
        <time>2026-08-21T07:41:41.786Z</time>
      </trkpt>
      <trkpt lat="46.168522" lon="12.343320">
        <ele>659.878951</ele>
        <time>2026-08-21T07:41:48.693Z</time>
      </trkpt>
      <trkpt lat="46.168524" lon="12.343406">
        <ele>659.767500</ele>
        <time>2026-08-21T07:41:49.561Z</time>
      </trkpt>
      <trkpt lat="46.168447" lon="12.343455">
        <ele>659.610127</ele>
        <time>2026-08-21T07:41:50.624Z</time>
      </trkpt>
      <trkpt lat="46.168169" lon="12.343397">
        <ele>659.084803</ele>
        <time>2026-08-21T07:41:52.979Z</time>
      </trkpt>
      <trkpt lat="46.168084" lon="12.343417">
        <ele>658.923736</ele>
        <time>2026-08-21T07:41:53.627Z</time>
      </trkpt>
      <trkpt lat="46.167975" lon="12.343498">
        <ele>658.694468</ele>
        <time>2026-08-21T07:41:54.538Z</time>
      </trkpt>
      <trkpt lat="46.167779" lon="12.343741">
        <ele>658.211320</ele>
        <time>2026-08-21T07:41:56.455Z</time>
      </trkpt>
      <trkpt lat="46.167411" lon="12.343985">
        <ele>657.453981</ele>
        <time>2026-08-21T07:41:59.479Z</time>
      </trkpt>
      <trkpt lat="46.167350" lon="12.344052">
        <ele>657.310642</ele>
        <time>2026-08-21T07:42:00.073Z</time>
      </trkpt>
      <trkpt lat="46.167322" lon="12.344162">
        <ele>657.158846</ele>
        <time>2026-08-21T07:42:00.694Z</time>
      </trkpt>
      <trkpt lat="46.167339" lon="12.344290">
        <ele>656.990035</ele>
        <time>2026-08-21T07:42:01.407Z</time>
      </trkpt>
      <trkpt lat="46.167445" lon="12.344557">
        <ele>657.156543</ele>
        <time>2026-08-21T07:42:03.141Z</time>
      </trkpt>
      <trkpt lat="46.168242" lon="12.345691">
        <ele>662.289121</ele>
        <time>2026-08-21T07:42:31.040Z</time>
      </trkpt>
      <trkpt lat="46.168509" lon="12.346160">
        <ele>664.217797</ele>
        <time>2026-08-21T07:42:49.217Z</time>
      </trkpt>
      <trkpt lat="46.168816" lon="12.346499">
        <ele>666.723559</ele>
        <time>2026-08-21T07:43:04.871Z</time>
      </trkpt>
      <trkpt lat="46.169050" lon="12.346895">
        <ele>669.607763</ele>
        <time>2026-08-21T07:43:18.602Z</time>
      </trkpt>
      <trkpt lat="46.169716" lon="12.348325">
        <ele>679.155708</ele>
        <time>2026-08-21T07:44:01.567Z</time>
      </trkpt>
      <trkpt lat="46.170063" lon="12.349299">
        <ele>684.189163</ele>
        <time>2026-08-21T07:44:31.845Z</time>
      </trkpt>
      <trkpt lat="46.170199" lon="12.349531">
        <ele>685.574147</ele>
        <time>2026-08-21T07:44:39.442Z</time>
      </trkpt>
      <trkpt lat="46.170510" lon="12.349894">
        <ele>688.205279</ele>
        <time>2026-08-21T07:44:53.488Z</time>
      </trkpt>
      <trkpt lat="46.170517" lon="12.349989">
        <ele>688.640585</ele>
        <time>2026-08-21T07:44:55.423Z</time>
      </trkpt>
      <trkpt lat="46.170430" lon="12.350307">
        <ele>690.198513</ele>
        <time>2026-08-21T07:45:02.388Z</time>
      </trkpt>
      <trkpt lat="46.170375" lon="12.350401">
        <ele>690.759229</ele>
        <time>2026-08-21T07:45:04.465Z</time>
      </trkpt>
      <trkpt lat="46.170087" lon="12.350478">
        <ele>691.154920</ele>
        <time>2026-08-21T07:45:10.556Z</time>
      </trkpt>
      <trkpt lat="46.169728" lon="12.350622">
        <ele>691.028879</ele>
        <time>2026-08-21T07:45:14.852Z</time>
      </trkpt>
      <trkpt lat="46.169344" lon="12.350524">
        <ele>690.896967</ele>
        <time>2026-08-21T07:45:18.205Z</time>
      </trkpt>
      <trkpt lat="46.169238" lon="12.350398">
        <ele>690.850522</ele>
        <time>2026-08-21T07:45:19.374Z</time>
      </trkpt>
      <trkpt lat="46.168869" lon="12.350134">
        <ele>690.711215</ele>
        <time>2026-08-21T07:45:23.084Z</time>
      </trkpt>
      <trkpt lat="46.168723" lon="12.350110">
        <ele>690.661508</ele>
        <time>2026-08-21T07:45:24.435Z</time>
      </trkpt>
      <trkpt lat="46.168578" lon="12.350131">
        <ele>690.560595</ele>
        <time>2026-08-21T07:45:25.735Z</time>
      </trkpt>
      <trkpt lat="46.168450" lon="12.350199">
        <ele>690.254218</ele>
        <time>2026-08-21T07:45:27.013Z</time>
      </trkpt>
      <trkpt lat="46.168291" lon="12.350406">
        <ele>689.773309</ele>
        <time>2026-08-21T07:45:29.120Z</time>
      </trkpt>
      <trkpt lat="46.168096" lon="12.351111">
        <ele>688.592299</ele>
        <time>2026-08-21T07:45:34.777Z</time>
      </trkpt>
      <trkpt lat="46.168046" lon="12.351306">
        <ele>688.268812</ele>
        <time>2026-08-21T07:45:36.288Z</time>
      </trkpt>
      <trkpt lat="46.168021" lon="12.351379">
        <ele>688.142119</ele>
        <time>2026-08-21T07:45:36.835Z</time>
      </trkpt>
      <trkpt lat="46.167995" lon="12.351497">
        <ele>687.949478</ele>
        <time>2026-08-21T07:45:37.679Z</time>
      </trkpt>
      <trkpt lat="46.167987" lon="12.351550">
        <ele>687.865090</ele>
        <time>2026-08-21T07:45:38.026Z</time>
      </trkpt>
      <trkpt lat="46.167980" lon="12.351608">
        <ele>687.773499</ele>
        <time>2026-08-21T07:45:38.407Z</time>
      </trkpt>
      <trkpt lat="46.167973" lon="12.351675">
        <ele>687.668087</ele>
        <time>2026-08-21T07:45:38.837Z</time>
      </trkpt>
      <trkpt lat="46.167964" lon="12.351861">
        <ele>687.378020</ele>
        <time>2026-08-21T07:45:39.943Z</time>
      </trkpt>
      <trkpt lat="46.167901" lon="12.352301">
        <ele>686.679032</ele>
        <time>2026-08-21T07:45:42.374Z</time>
      </trkpt>
      <trkpt lat="46.167819" lon="12.352652">
        <ele>684.969887</ele>
        <time>2026-08-21T07:45:44.225Z</time>
      </trkpt>
      <trkpt lat="46.167791" lon="12.352808">
        <ele>684.125269</ele>
        <time>2026-08-21T07:45:45.019Z</time>
      </trkpt>
      <trkpt lat="46.167736" lon="12.353199">
        <ele>682.034169</ele>
        <time>2026-08-21T07:45:46.962Z</time>
      </trkpt>
      <trkpt lat="46.167659" lon="12.353502">
        <ele>680.342587</ele>
        <time>2026-08-21T07:45:48.520Z</time>
      </trkpt>
      <trkpt lat="46.167453" lon="12.354069">
        <ele>676.986794</ele>
        <time>2026-08-21T07:45:51.597Z</time>
      </trkpt>
      <trkpt lat="46.167307" lon="12.354945">
        <ele>672.387952</ele>
        <time>2026-08-21T07:45:56.006Z</time>
      </trkpt>
      <trkpt lat="46.167302" lon="12.356002">
        <ele>667.818405</ele>
        <time>2026-08-21T07:46:01.354Z</time>
      </trkpt>
      <trkpt lat="46.167269" lon="12.356374">
        <ele>666.197099</ele>
        <time>2026-08-21T07:46:03.309Z</time>
      </trkpt>
      <trkpt lat="46.167227" lon="12.356853">
        <ele>664.109837</ele>
        <time>2026-08-21T07:46:05.836Z</time>
      </trkpt>
      <trkpt lat="46.167191" lon="12.356953">
        <ele>663.622616</ele>
        <time>2026-08-21T07:46:06.418Z</time>
      </trkpt>
      <trkpt lat="46.167135" lon="12.357003">
        <ele>663.211624</ele>
        <time>2026-08-21T07:46:06.902Z</time>
      </trkpt>
      <trkpt lat="46.167015" lon="12.356976">
        <ele>662.453527</ele>
        <time>2026-08-21T07:46:07.797Z</time>
      </trkpt>
      <trkpt lat="46.166984" lon="12.356951">
        <ele>662.231885</ele>
        <time>2026-08-21T07:46:08.056Z</time>
      </trkpt>
      <trkpt lat="46.166936" lon="12.356895">
        <ele>661.846681</ele>
        <time>2026-08-21T07:46:08.505Z</time>
      </trkpt>
      <trkpt lat="46.166899" lon="12.356817">
        <ele>661.383058</ele>
        <time>2026-08-21T07:46:08.977Z</time>
      </trkpt>
      <trkpt lat="46.166879" lon="12.356715">
        <ele>660.841952</ele>
        <time>2026-08-21T07:46:09.514Z</time>
      </trkpt>
      <trkpt lat="46.166833" lon="12.356331">
        <ele>658.852785</ele>
        <time>2026-08-21T07:46:11.447Z</time>
      </trkpt>
      <trkpt lat="46.166667" lon="12.354952">
        <ele>651.708365</ele>
        <time>2026-08-21T07:46:18.368Z</time>
      </trkpt>
      <trkpt lat="46.166610" lon="12.354843">
        <ele>651.011201</ele>
        <time>2026-08-21T07:46:19.042Z</time>
      </trkpt>
      <trkpt lat="46.166520" lon="12.354800">
        <ele>650.312510</ele>
        <time>2026-08-21T07:46:19.703Z</time>
      </trkpt>
      <trkpt lat="46.166455" lon="12.354816">
        <ele>649.826534</ele>
        <time>2026-08-21T07:46:20.169Z</time>
      </trkpt>
      <trkpt lat="46.166402" lon="12.354872">
        <ele>649.342496</ele>
        <time>2026-08-21T07:46:20.627Z</time>
      </trkpt>
      <trkpt lat="46.166178" lon="12.355299">
        <ele>646.515947</ele>
        <time>2026-08-21T07:46:23.232Z</time>
      </trkpt>
      <trkpt lat="46.165989" lon="12.355662">
        <ele>644.083859</ele>
        <time>2026-08-21T07:46:25.438Z</time>
      </trkpt>
      <trkpt lat="46.165812" lon="12.355902">
        <ele>642.206291</ele>
        <time>2026-08-21T07:46:27.144Z</time>
      </trkpt>
      <trkpt lat="46.165027" lon="12.356540">
        <ele>635.240611</ele>
        <time>2026-08-21T07:46:33.562Z</time>
      </trkpt>
      <trkpt lat="46.164912" lon="12.356633">
        <ele>634.290869</ele>
        <time>2026-08-21T07:46:34.507Z</time>
      </trkpt>
      <trkpt lat="46.164762" lon="12.356875">
        <ele>632.891308</ele>
        <time>2026-08-21T07:46:36.136Z</time>
      </trkpt>
      <trkpt lat="46.164602" lon="12.357373">
        <ele>630.525500</ele>
        <time>2026-08-21T07:46:38.896Z</time>
      </trkpt>
      <trkpt lat="46.164161" lon="12.358751">
        <ele>623.983643</ele>
        <time>2026-08-21T07:46:46.598Z</time>
      </trkpt>
      <trkpt lat="46.163779" lon="12.359989">
        <ele>620.205861</ele>
        <time>2026-08-21T07:46:53.645Z</time>
      </trkpt>
      <trkpt lat="46.163300" lon="12.362535">
        <ele>614.213954</ele>
        <time>2026-08-21T07:47:09.197Z</time>
      </trkpt>
      <trkpt lat="46.163134" lon="12.363154">
        <ele>612.955967</ele>
        <time>2026-08-21T07:47:13.103Z</time>
      </trkpt>
      <trkpt lat="46.162956" lon="12.363690">
        <ele>611.829412</ele>
        <time>2026-08-21T07:47:16.496Z</time>
      </trkpt>
      <trkpt lat="46.162276" lon="12.365554">
        <ele>606.195049</ele>
        <time>2026-08-21T07:47:27.876Z</time>
      </trkpt>
      <trkpt lat="46.161162" lon="12.368725">
        <ele>596.668948</ele>
        <time>2026-08-21T07:47:47.032Z</time>
      </trkpt>
      <trkpt lat="46.161431" lon="12.369429">
        <ele>595.250163</ele>
        <time>2026-08-21T07:47:51.633Z</time>
      </trkpt>
      <trkpt lat="46.161473" lon="12.369591">
        <ele>594.944927</ele>
        <time>2026-08-21T07:47:52.645Z</time>
      </trkpt>
      <trkpt lat="46.161554" lon="12.370173">
        <ele>593.897400</ele>
        <time>2026-08-21T07:47:56.222Z</time>
      </trkpt>
      <trkpt lat="46.161527" lon="12.370426">
        <ele>593.445687</ele>
        <time>2026-08-21T07:47:57.843Z</time>
      </trkpt>
      <trkpt lat="46.161186" lon="12.371381">
        <ele>591.672328</ele>
        <time>2026-08-21T07:48:04.999Z</time>
      </trkpt>
      <trkpt lat="46.160305" lon="12.373063">
        <ele>588.068919</ele>
        <time>2026-08-21T07:48:17.371Z</time>
      </trkpt>
      <trkpt lat="46.160302" lon="12.373119">
        <ele>587.909274</ele>
        <time>2026-08-21T07:48:17.665Z</time>
      </trkpt>
      <trkpt lat="46.160408" lon="12.373556">
        <ele>586.593215</ele>
        <time>2026-08-21T07:48:20.129Z</time>
      </trkpt>
      <trkpt lat="46.160416" lon="12.373761">
        <ele>586.009615</ele>
        <time>2026-08-21T07:48:21.237Z</time>
      </trkpt>
      <trkpt lat="46.160396" lon="12.373825">
        <ele>585.810049</ele>
        <time>2026-08-21T07:48:21.623Z</time>
      </trkpt>
      <trkpt lat="46.160346" lon="12.373887">
        <ele>585.539580</ele>
        <time>2026-08-21T07:48:22.142Z</time>
      </trkpt>
      <trkpt lat="46.159905" lon="12.374180">
        <ele>583.547463</ele>
        <time>2026-08-21T07:48:25.946Z</time>
      </trkpt>
      <trkpt lat="46.159744" lon="12.374259">
        <ele>582.849669</ele>
        <time>2026-08-21T07:48:27.243Z</time>
      </trkpt>
      <trkpt lat="46.159224" lon="12.374366">
        <ele>580.120018</ele>
        <time>2026-08-21T07:48:31.278Z</time>
      </trkpt>
      <trkpt lat="46.159132" lon="12.374443">
        <ele>579.246530</ele>
        <time>2026-08-21T07:48:32.072Z</time>
      </trkpt>
      <trkpt lat="46.159042" lon="12.374676">
        <ele>577.728690</ele>
        <time>2026-08-21T07:48:33.436Z</time>
      </trkpt>
      <trkpt lat="46.159005" lon="12.374921">
        <ele>576.302021</ele>
        <time>2026-08-21T07:48:34.687Z</time>
      </trkpt>
      <trkpt lat="46.159013" lon="12.375095">
        <ele>575.309873</ele>
        <time>2026-08-21T07:48:35.545Z</time>
      </trkpt>
      <trkpt lat="46.159344" lon="12.375439">
        <ele>571.959869</ele>
        <time>2026-08-21T07:48:38.386Z</time>
      </trkpt>
      <trkpt lat="46.159389" lon="12.375565">
        <ele>571.153316</ele>
        <time>2026-08-21T07:48:39.061Z</time>
      </trkpt>
      <trkpt lat="46.159392" lon="12.375712">
        <ele>570.316605</ele>
        <time>2026-08-21T07:48:39.759Z</time>
      </trkpt>
      <trkpt lat="46.159275" lon="12.376028">
        <ele>568.278002</ele>
        <time>2026-08-21T07:48:41.446Z</time>
      </trkpt>
      <trkpt lat="46.159253" lon="12.376182">
        <ele>567.383385</ele>
        <time>2026-08-21T07:48:42.191Z</time>
      </trkpt>
      <trkpt lat="46.159312" lon="12.376559">
        <ele>564.869063</ele>
        <time>2026-08-21T07:48:44.021Z</time>
      </trkpt>
      <trkpt lat="46.159378" lon="12.376770">
        <ele>563.234577</ele>
        <time>2026-08-21T07:48:45.125Z</time>
      </trkpt>
      <trkpt lat="46.159465" lon="12.376793">
        <ele>562.333085</ele>
        <time>2026-08-21T07:48:45.733Z</time>
      </trkpt>
      <trkpt lat="46.159520" lon="12.376736">
        <ele>561.643017</ele>
        <time>2026-08-21T07:48:46.199Z</time>
      </trkpt>
      <trkpt lat="46.159513" lon="12.376134">
        <ele>557.392382</ele>
        <time>2026-08-21T07:48:49.066Z</time>
      </trkpt>
      <trkpt lat="46.159706" lon="12.375422">
        <ele>551.994555</ele>
        <time>2026-08-21T07:48:52.727Z</time>
      </trkpt>
      <trkpt lat="46.159823" lon="12.375287">
        <ele>550.467969</ele>
        <time>2026-08-21T07:48:53.761Z</time>
      </trkpt>
      <trkpt lat="46.159883" lon="12.375267">
        <ele>549.840331</ele>
        <time>2026-08-21T07:48:54.180Z</time>
      </trkpt>
      <trkpt lat="46.160168" lon="12.375314">
        <ele>546.639890</ele>
        <time>2026-08-21T07:48:56.150Z</time>
      </trkpt>
      <trkpt lat="46.160631" lon="12.375281">
        <ele>540.864334</ele>
        <time>2026-08-21T07:48:59.317Z</time>
      </trkpt>
      <trkpt lat="46.160803" lon="12.375234">
        <ele>538.683337</ele>
        <time>2026-08-21T07:49:00.489Z</time>
      </trkpt>
      <trkpt lat="46.161283" lon="12.374996">
        <ele>532.360156</ele>
        <time>2026-08-21T07:49:03.878Z</time>
      </trkpt>
      <trkpt lat="46.161470" lon="12.374960">
        <ele>530.009697</ele>
        <time>2026-08-21T07:49:05.144Z</time>
      </trkpt>
      <trkpt lat="46.161619" lon="12.375013">
        <ele>528.097792</ele>
        <time>2026-08-21T07:49:06.172Z</time>
      </trkpt>
      <trkpt lat="46.161680" lon="12.375099">
        <ele>527.035548</ele>
        <time>2026-08-21T07:49:06.744Z</time>
      </trkpt>
      <trkpt lat="46.161744" lon="12.375234">
        <ele>525.648568</ele>
        <time>2026-08-21T07:49:07.499Z</time>
      </trkpt>
      <trkpt lat="46.161793" lon="12.375445">
        <ele>524.100357</ele>
        <time>2026-08-21T07:49:08.527Z</time>
      </trkpt>
      <trkpt lat="46.161760" lon="12.375649">
        <ele>522.642963</ele>
        <time>2026-08-21T07:49:09.499Z</time>
      </trkpt>
      <trkpt lat="46.161697" lon="12.375804">
        <ele>521.392690</ele>
        <time>2026-08-21T07:49:10.333Z</time>
      </trkpt>
      <trkpt lat="46.161193" lon="12.376773">
        <ele>512.962321</ele>
        <time>2026-08-21T07:49:16.064Z</time>
      </trkpt>
      <trkpt lat="46.161182" lon="12.376858">
        <ele>512.360748</ele>
        <time>2026-08-21T07:49:16.498Z</time>
      </trkpt>
      <trkpt lat="46.161221" lon="12.376960">
        <ele>511.550198</ele>
        <time>2026-08-21T07:49:17.076Z</time>
      </trkpt>
      <trkpt lat="46.161318" lon="12.377051">
        <ele>510.388290</ele>
        <time>2026-08-21T07:49:17.906Z</time>
      </trkpt>
      <trkpt lat="46.161878" lon="12.377197">
        <ele>506.804937</ele>
        <time>2026-08-21T07:49:22.089Z</time>
      </trkpt>
      <trkpt lat="46.162040" lon="12.377283">
        <ele>506.298235</ele>
        <time>2026-08-21T07:49:23.416Z</time>
      </trkpt>
      <trkpt lat="46.162116" lon="12.377377">
        <ele>506.004454</ele>
        <time>2026-08-21T07:49:24.221Z</time>
      </trkpt>
      <trkpt lat="46.162186" lon="12.377617">
        <ele>505.474964</ele>
        <time>2026-08-21T07:49:25.732Z</time>
      </trkpt>
      <trkpt lat="46.162205" lon="12.378399">
        <ele>503.883963</ele>
        <time>2026-08-21T07:49:30.540Z</time>
      </trkpt>
      <trkpt lat="46.162215" lon="12.379199">
        <ele>502.308702</ele>
        <time>2026-08-21T07:49:36.194Z</time>
      </trkpt>
      <trkpt lat="46.162200" lon="12.379365">
        <ele>502.086802</ele>
        <time>2026-08-21T07:49:37.287Z</time>
      </trkpt>
      <trkpt lat="46.162136" lon="12.379583">
        <ele>501.772954</ele>
        <time>2026-08-21T07:49:38.828Z</time>
      </trkpt>
      <trkpt lat="46.161927" lon="12.379838">
        <ele>501.249284</ele>
        <time>2026-08-21T07:49:41.530Z</time>
      </trkpt>
      <trkpt lat="46.161814" lon="12.380033">
        <ele>500.912273</ele>
        <time>2026-08-21T07:49:43.386Z</time>
      </trkpt>
      <trkpt lat="46.161475" lon="12.379999">
        <ele>500.261943</ele>
        <time>2026-08-21T07:49:46.619Z</time>
      </trkpt>
      <trkpt lat="46.161267" lon="12.380060">
        <ele>499.855750</ele>
        <time>2026-08-21T07:49:48.530Z</time>
      </trkpt>
      <trkpt lat="46.161164" lon="12.380121">
        <ele>499.642693</ele>
        <time>2026-08-21T07:49:49.496Z</time>
      </trkpt>
      <trkpt lat="46.160260" lon="12.380892">
        <ele>496.253933</ele>
        <time>2026-08-21T07:49:57.613Z</time>
      </trkpt>
      <trkpt lat="46.160030" lon="12.381048">
        <ele>495.263181</ele>
        <time>2026-08-21T07:49:59.562Z</time>
      </trkpt>
      <trkpt lat="46.159053" lon="12.381576">
        <ele>491.393663</ele>
        <time>2026-08-21T07:50:07.796Z</time>
      </trkpt>
      <trkpt lat="46.158189" lon="12.382032">
        <ele>488.746769</ele>
        <time>2026-08-21T07:50:15.399Z</time>
      </trkpt>
      <trkpt lat="46.157808" lon="12.382164">
        <ele>487.619394</ele>
        <time>2026-08-21T07:50:18.798Z</time>
      </trkpt>
      <trkpt lat="46.156189" lon="12.382465">
        <ele>483.485051</ele>
        <time>2026-08-21T07:50:32.385Z</time>
      </trkpt>
      <trkpt lat="46.155946" lon="12.382554">
        <ele>482.869024</ele>
        <time>2026-08-21T07:50:34.492Z</time>
      </trkpt>
      <trkpt lat="46.155055" lon="12.383160">
        <ele>483.463158</ele>
        <time>2026-08-21T07:50:43.555Z</time>
      </trkpt>
      <trkpt lat="46.154779" lon="12.383267">
        <ele>483.870981</ele>
        <time>2026-08-21T07:50:47.766Z</time>
      </trkpt>
      <trkpt lat="46.154548" lon="12.383292">
        <ele>484.201557</ele>
        <time>2026-08-21T07:50:52.646Z</time>
      </trkpt>
      <trkpt lat="46.154434" lon="12.383281">
        <ele>484.364605</ele>
        <time>2026-08-21T07:50:55.334Z</time>
      </trkpt>
      <trkpt lat="46.154155" lon="12.383253">
        <ele>484.763715</ele>
        <time>2026-08-21T07:51:02.967Z</time>
      </trkpt>
      <trkpt lat="46.154180" lon="12.383493">
        <ele>485.334645</ele>
        <time>2026-08-21T07:51:08.209Z</time>
      </trkpt>
      <trkpt lat="46.154254" lon="12.383669">
        <ele>486.368287</ele>
        <time>2026-08-21T07:51:12.888Z</time>
      </trkpt>
      <trkpt lat="46.154545" lon="12.384044">
        <ele>489.195408</ele>
        <time>2026-08-21T07:51:26.389Z</time>
      </trkpt>
      <trkpt lat="46.154837" lon="12.384685">
        <ele>493.047045</ele>
        <time>2026-08-21T07:51:45.812Z</time>
      </trkpt>
      <trkpt lat="46.154888" lon="12.384749">
        <ele>493.536805</ele>
        <time>2026-08-21T07:51:48.462Z</time>
      </trkpt>
      <trkpt lat="46.155093" lon="12.384786">
        <ele>495.034125</ele>
        <time>2026-08-21T07:51:56.294Z</time>
      </trkpt>
      <trkpt lat="46.155417" lon="12.384663">
        <ele>497.462178</ele>
        <time>2026-08-21T07:52:08.569Z</time>
      </trkpt>
      <trkpt lat="46.155533" lon="12.384579">
        <ele>498.640939</ele>
        <time>2026-08-21T07:52:13.302Z</time>
      </trkpt>
      <trkpt lat="46.155642" lon="12.384412">
        <ele>500.410282</ele>
        <time>2026-08-21T07:52:19.186Z</time>
      </trkpt>
      <trkpt lat="46.155712" lon="12.384364">
        <ele>501.272951</ele>
        <time>2026-08-21T07:52:22.121Z</time>
      </trkpt>
      <trkpt lat="46.155824" lon="12.384377">
        <ele>502.523743</ele>
        <time>2026-08-21T07:52:26.392Z</time>
      </trkpt>
      <trkpt lat="46.155960" lon="12.384460">
        <ele>504.167403</ele>
        <time>2026-08-21T07:52:32.169Z</time>
      </trkpt>
      <trkpt lat="46.156018" lon="12.384542">
        <ele>505.071101</ele>
        <time>2026-08-21T07:52:35.482Z</time>
      </trkpt>
      <trkpt lat="46.156000" lon="12.384675">
        <ele>506.116056</ele>
        <time>2026-08-21T07:52:39.412Z</time>
      </trkpt>
      <trkpt lat="46.155787" lon="12.384988">
        <ele>509.499441</ele>
        <time>2026-08-21T07:52:53.332Z</time>
      </trkpt>
      <trkpt lat="46.155732" lon="12.385123">
        <ele>510.707132</ele>
        <time>2026-08-21T07:52:58.785Z</time>
      </trkpt>
      <trkpt lat="46.155609" lon="12.385789">
        <ele>516.022093</ele>
        <time>2026-08-21T07:53:24.892Z</time>
      </trkpt>
      <trkpt lat="46.155427" lon="12.386309">
        <ele>521.434579</ele>
        <time>2026-08-21T07:53:49.737Z</time>
      </trkpt>
      <trkpt lat="46.155402" lon="12.386508">
        <ele>523.560280</ele>
        <time>2026-08-21T07:53:58.693Z</time>
      </trkpt>
      <trkpt lat="46.155406" lon="12.386931">
        <ele>528.006620</ele>
        <time>2026-08-21T07:54:17.878Z</time>
      </trkpt>
      <trkpt lat="46.155359" lon="12.387419">
        <ele>533.185068</ele>
        <time>2026-08-21T07:54:40.508Z</time>
      </trkpt>
      <trkpt lat="46.155381" lon="12.387580">
        <ele>534.909864</ele>
        <time>2026-08-21T07:54:47.967Z</time>
      </trkpt>
      <trkpt lat="46.155464" lon="12.387860">
        <ele>538.110931</ele>
        <time>2026-08-21T07:55:01.437Z</time>
      </trkpt>
      <trkpt lat="46.155511" lon="12.388416">
        <ele>543.998093</ele>
        <time>2026-08-21T07:55:24.709Z</time>
      </trkpt>
      <trkpt lat="46.155569" lon="12.388791">
        <ele>546.282076</ele>
        <time>2026-08-21T07:55:39.272Z</time>
      </trkpt>
      <trkpt lat="46.155542" lon="12.388936">
        <ele>546.858846</ele>
        <time>2026-08-21T07:55:44.571Z</time>
      </trkpt>
      <trkpt lat="46.155433" lon="12.389198">
        <ele>548.032848</ele>
        <time>2026-08-21T07:55:54.782Z</time>
      </trkpt>
      <trkpt lat="46.155389" lon="12.389410">
        <ele>548.882985</ele>
        <time>2026-08-21T07:56:01.577Z</time>
      </trkpt>
      <trkpt lat="46.155367" lon="12.389672">
        <ele>549.896790</ele>
        <time>2026-08-21T07:56:07.797Z</time>
      </trkpt>
      <trkpt lat="46.155421" lon="12.389940">
        <ele>550.968945</ele>
        <time>2026-08-21T07:56:13.227Z</time>
      </trkpt>
      <trkpt lat="46.155693" lon="12.390688">
        <ele>554.214127</ele>
        <time>2026-08-21T07:56:22.597Z</time>
      </trkpt>
      <trkpt lat="46.155738" lon="12.390787">
        <ele>554.668985</ele>
        <time>2026-08-21T07:56:23.387Z</time>
      </trkpt>
      <trkpt lat="46.155665" lon="12.390997">
        <ele>554.949243</ele>
        <time>2026-08-21T07:56:25.406Z</time>
      </trkpt>
      <trkpt lat="46.155642" lon="12.391157">
        <ele>554.377764</ele>
        <time>2026-08-21T07:56:26.715Z</time>
      </trkpt>
      <trkpt lat="46.155648" lon="12.391294">
        <ele>553.897686</ele>
        <time>2026-08-21T07:56:27.796Z</time>
      </trkpt>
      <trkpt lat="46.155814" lon="12.391618">
        <ele>552.488324</ele>
        <time>2026-08-21T07:56:30.821Z</time>
      </trkpt>
      <trkpt lat="46.155860" lon="12.392075">
        <ele>550.873308</ele>
        <time>2026-08-21T07:56:34.145Z</time>
      </trkpt>
      <trkpt lat="46.155768" lon="12.392393">
        <ele>549.668092</ele>
        <time>2026-08-21T07:56:36.557Z</time>
      </trkpt>
      <trkpt lat="46.155751" lon="12.392452">
        <ele>549.444617</ele>
        <time>2026-08-21T07:56:37.011Z</time>
      </trkpt>
      <trkpt lat="46.155866" lon="12.393275">
        <ele>546.508426</ele>
        <time>2026-08-21T07:56:43.074Z</time>
      </trkpt>
      <trkpt lat="46.155768" lon="12.394202">
        <ele>544.278729</ele>
        <time>2026-08-21T07:56:50.117Z</time>
      </trkpt>
      <trkpt lat="46.155654" lon="12.394676">
        <ele>543.151372</ele>
        <time>2026-08-21T07:56:54.077Z</time>
      </trkpt>
      <trkpt lat="46.156317" lon="12.395855">
        <ele>540.381335</ele>
        <time>2026-08-21T07:57:07.428Z</time>
      </trkpt>
      <trkpt lat="46.156900" lon="12.397334">
        <ele>540.706578</ele>
        <time>2026-08-21T07:57:26.946Z</time>
      </trkpt>
      <trkpt lat="46.157318" lon="12.398315">
        <ele>540.953067</ele>
        <time>2026-08-21T07:57:44.818Z</time>
      </trkpt>
      <trkpt lat="46.157331" lon="12.398404">
        <ele>540.975060</ele>
        <time>2026-08-21T07:57:46.521Z</time>
      </trkpt>
      <trkpt lat="46.157316" lon="12.398498">
        <ele>540.998385</ele>
        <time>2026-08-21T07:57:48.149Z</time>
      </trkpt>
      <trkpt lat="46.157273" lon="12.398590">
        <ele>541.025221</ele>
        <time>2026-08-21T07:57:50.156Z</time>
      </trkpt>
      <trkpt lat="46.156931" lon="12.399194">
        <ele>541.213856</ele>
        <time>2026-08-21T07:58:01.770Z</time>
      </trkpt>
      <trkpt lat="46.156815" lon="12.399310">
        <ele>541.263116</ele>
        <time>2026-08-21T07:58:03.608Z</time>
      </trkpt>
      <trkpt lat="46.156743" lon="12.399345">
        <ele>541.289636</ele>
        <time>2026-08-21T07:58:04.499Z</time>
      </trkpt>
      <trkpt lat="46.156517" lon="12.399347">
        <ele>541.368530</ele>
        <time>2026-08-21T07:58:06.700Z</time>
      </trkpt>
      <trkpt lat="46.156354" lon="12.399295">
        <ele>541.426803</ele>
        <time>2026-08-21T07:58:08.110Z</time>
      </trkpt>
      <trkpt lat="46.156113" lon="12.399092">
        <ele>540.668869</ele>
        <time>2026-08-21T07:58:10.342Z</time>
      </trkpt>
      <trkpt lat="46.155999" lon="12.398954">
        <ele>540.077406</ele>
        <time>2026-08-21T07:58:11.512Z</time>
      </trkpt>
      <trkpt lat="46.155700" lon="12.398471">
        <ele>538.293530</ele>
        <time>2026-08-21T07:58:14.905Z</time>
      </trkpt>
      <trkpt lat="46.155513" lon="12.398253">
        <ele>537.337964</ele>
        <time>2026-08-21T07:58:16.669Z</time>
      </trkpt>
      <trkpt lat="46.155374" lon="12.398159">
        <ele>536.727733</ele>
        <time>2026-08-21T07:58:17.817Z</time>
      </trkpt>
      <trkpt lat="46.155126" lon="12.398062">
        <ele>535.706246</ele>
        <time>2026-08-21T07:58:19.766Z</time>
      </trkpt>
      <trkpt lat="46.154503" lon="12.397976">
        <ele>534.420349</ele>
        <time>2026-08-21T07:58:24.813Z</time>
      </trkpt>
      <trkpt lat="46.154312" lon="12.398007">
        <ele>534.501808</ele>
        <time>2026-08-21T07:58:26.586Z</time>
      </trkpt>
      <trkpt lat="46.154164" lon="12.398096">
        <ele>534.569757</ele>
        <time>2026-08-21T07:58:28.196Z</time>
      </trkpt>
      <trkpt lat="46.154090" lon="12.398190">
        <ele>534.611532</ele>
        <time>2026-08-21T07:58:29.284Z</time>
      </trkpt>
      <trkpt lat="46.153924" lon="12.398546">
        <ele>534.737522</ele>
        <time>2026-08-21T07:58:33.376Z</time>
      </trkpt>
      <trkpt lat="46.153823" lon="12.398651">
        <ele>534.790272</ele>
        <time>2026-08-21T07:58:35.361Z</time>
      </trkpt>
      <trkpt lat="46.153430" lon="12.398797">
        <ele>534.962258</ele>
        <time>2026-08-21T07:58:42.742Z</time>
      </trkpt>
      <trkpt lat="46.153282" lon="12.398884">
        <ele>535.029984</ele>
        <time>2026-08-21T07:58:46.477Z</time>
      </trkpt>
      <trkpt lat="46.152981" lon="12.399326">
        <ele>536.241521</ele>
        <time>2026-08-21T07:58:58.026Z</time>
      </trkpt>
      <trkpt lat="46.152706" lon="12.399622">
        <ele>537.418289</ele>
        <time>2026-08-21T07:59:07.117Z</time>
      </trkpt>
      <trkpt lat="46.152617" lon="12.399730">
        <ele>537.817148</ele>
        <time>2026-08-21T07:59:10.080Z</time>
      </trkpt>
      <trkpt lat="46.152435" lon="12.400080">
        <ele>538.857162</ele>
        <time>2026-08-21T07:59:17.408Z</time>
      </trkpt>
      <trkpt lat="46.152329" lon="12.400185">
        <ele>539.298175</ele>
        <time>2026-08-21T07:59:20.310Z</time>
      </trkpt>
      <trkpt lat="46.151321" lon="12.400853">
        <ele>542.505511</ele>
        <time>2026-08-21T07:59:42.384Z</time>
      </trkpt>
      <trkpt lat="46.150568" lon="12.401138">
        <ele>544.320786</ele>
        <time>2026-08-21T07:59:53.584Z</time>
      </trkpt>
      <trkpt lat="46.150449" lon="12.401147">
        <ele>544.598662</ele>
        <time>2026-08-21T07:59:55.978Z</time>
      </trkpt>
      <trkpt lat="46.149957" lon="12.401123">
        <ele>546.358873</ele>
        <time>2026-08-21T08:00:09.940Z</time>
      </trkpt>
      <trkpt lat="46.149875" lon="12.401099">
        <ele>546.932852</ele>
        <time>2026-08-21T08:00:12.623Z</time>
      </trkpt>
      <trkpt lat="46.149810" lon="12.401080">
        <ele>547.387813</ele>
        <time>2026-08-21T08:00:14.729Z</time>
      </trkpt>
      <trkpt lat="46.149755" lon="12.401100">
        <ele>547.776909</ele>
        <time>2026-08-21T08:00:16.596Z</time>
      </trkpt>
      <trkpt lat="46.149735" lon="12.401136">
        <ele>547.996219</ele>
        <time>2026-08-21T08:00:17.696Z</time>
      </trkpt>
      <trkpt lat="46.149810" lon="12.401212">
        <ele>548.624854</ele>
        <time>2026-08-21T08:00:20.345Z</time>
      </trkpt>
      <trkpt lat="46.150176" lon="12.401317">
        <ele>551.184776</ele>
        <time>2026-08-21T08:00:32.014Z</time>
      </trkpt>
      <trkpt lat="46.150319" lon="12.401419">
        <ele>552.279011</ele>
        <time>2026-08-21T08:00:37.419Z</time>
      </trkpt>
      <trkpt lat="46.150634" lon="12.401781">
        <ele>555.041158</ele>
        <time>2026-08-21T08:00:52.819Z</time>
      </trkpt>
      <trkpt lat="46.150653" lon="12.401832">
        <ele>555.316358</ele>
        <time>2026-08-21T08:00:54.508Z</time>
      </trkpt>
      <trkpt lat="46.150646" lon="12.401908">
        <ele>555.680724</ele>
        <time>2026-08-21T08:00:56.795Z</time>
      </trkpt>
      <trkpt lat="46.150577" lon="12.401960">
        <ele>556.214702</ele>
        <time>2026-08-21T08:01:00.124Z</time>
      </trkpt>
      <trkpt lat="46.150287" lon="12.402037">
        <ele>558.317178</ele>
        <time>2026-08-21T08:01:12.909Z</time>
      </trkpt>
      <trkpt lat="46.149652" lon="12.402381">
        <ele>563.763278</ele>
        <time>2026-08-21T08:01:41.355Z</time>
      </trkpt>
      <trkpt lat="46.149624" lon="12.402485">
        <ele>564.383958</ele>
        <time>2026-08-21T08:01:44.406Z</time>
      </trkpt>
      <trkpt lat="46.149655" lon="12.402588">
        <ele>565.008659</ele>
        <time>2026-08-21T08:01:47.417Z</time>
      </trkpt>
      <trkpt lat="46.150017" lon="12.402772">
        <ele>568.090347</ele>
        <time>2026-08-21T08:02:01.371Z</time>
      </trkpt>
      <trkpt lat="46.150052" lon="12.402878">
        <ele>568.743546</ele>
        <time>2026-08-21T08:02:04.136Z</time>
      </trkpt>
      <trkpt lat="46.150045" lon="12.402954">
        <ele>569.170034</ele>
        <time>2026-08-21T08:02:05.892Z</time>
      </trkpt>
      <trkpt lat="46.150005" lon="12.403023">
        <ele>569.670520</ele>
        <time>2026-08-21T08:02:07.943Z</time>
      </trkpt>
      <trkpt lat="46.149928" lon="12.403031">
        <ele>570.290404</ele>
        <time>2026-08-21T08:02:10.441Z</time>
      </trkpt>
      <trkpt lat="46.149519" lon="12.402946">
        <ele>573.635043</ele>
        <time>2026-08-21T08:02:23.619Z</time>
      </trkpt>
      <trkpt lat="46.149242" lon="12.402955">
        <ele>575.902292</ele>
        <time>2026-08-21T08:02:32.296Z</time>
      </trkpt>
      <trkpt lat="46.148973" lon="12.403054">
        <ele>578.173924</ele>
        <time>2026-08-21T08:02:41.155Z</time>
      </trkpt>
      <trkpt lat="46.148854" lon="12.403145">
        <ele>579.275905</ele>
        <time>2026-08-21T08:02:45.696Z</time>
      </trkpt>
      <trkpt lat="46.148666" lon="12.403380">
        <ele>581.310967</ele>
        <time>2026-08-21T08:02:54.738Z</time>
      </trkpt>
      <trkpt lat="46.148542" lon="12.403680">
        <ele>583.291379</ele>
        <time>2026-08-21T08:03:04.370Z</time>
      </trkpt>
      <trkpt lat="46.148491" lon="12.404031">
        <ele>585.324515</ele>
        <time>2026-08-21T08:03:15.181Z</time>
      </trkpt>
      <trkpt lat="46.148493" lon="12.404267">
        <ele>586.662517</ele>
        <time>2026-08-21T08:03:22.846Z</time>
      </trkpt>
      <trkpt lat="46.148602" lon="12.405361">
        <ele>595.302941</ele>
        <time>2026-08-21T08:04:03.248Z</time>
      </trkpt>
      <trkpt lat="46.148493" lon="12.406222">
        <ele>602.229513</ele>
        <time>2026-08-21T08:04:35.834Z</time>
      </trkpt>
      <trkpt lat="46.148395" lon="12.406589">
        <ele>605.342140</ele>
        <time>2026-08-21T08:04:48.479Z</time>
      </trkpt>
      <trkpt lat="46.148288" lon="12.406761">
        <ele>607.171542</ele>
        <time>2026-08-21T08:04:55.121Z</time>
      </trkpt>
      <trkpt lat="46.147964" lon="12.407044">
        <ele>610.321663</ele>
        <time>2026-08-21T08:05:09.538Z</time>
      </trkpt>
      <trkpt lat="46.147845" lon="12.407045">
        <ele>611.283482</ele>
        <time>2026-08-21T08:05:13.927Z</time>
      </trkpt>
      <trkpt lat="46.147540" lon="12.406768">
        <ele>614.195977</ele>
        <time>2026-08-21T08:05:26.266Z</time>
      </trkpt>
      <trkpt lat="46.147386" lon="12.406736">
        <ele>615.453495</ele>
        <time>2026-08-21T08:05:31.477Z</time>
      </trkpt>
      <trkpt lat="46.147246" lon="12.406768">
        <ele>616.599128</ele>
        <time>2026-08-21T08:05:36.336Z</time>
      </trkpt>
      <trkpt lat="46.147096" lon="12.406871">
        <ele>617.941682</ele>
        <time>2026-08-21T08:05:42.242Z</time>
      </trkpt>
      <trkpt lat="46.146750" lon="12.407265">
        <ele>621.503687</ele>
        <time>2026-08-21T08:05:58.304Z</time>
      </trkpt>
      <trkpt lat="46.146659" lon="12.407413">
        <ele>622.765392</ele>
        <time>2026-08-21T08:06:03.653Z</time>
      </trkpt>
      <trkpt lat="46.146614" lon="12.407560">
        <ele>623.896728</ele>
        <time>2026-08-21T08:06:08.190Z</time>
      </trkpt>
      <trkpt lat="46.146608" lon="12.407728">
        <ele>625.080950</ele>
        <time>2026-08-21T08:06:13.063Z</time>
      </trkpt>
      <trkpt lat="46.146666" lon="12.407950">
        <ele>626.751166</ele>
        <time>2026-08-21T08:06:20.264Z</time>
      </trkpt>
      <trkpt lat="46.146730" lon="12.408054">
        <ele>627.730389</ele>
        <time>2026-08-21T08:06:24.577Z</time>
      </trkpt>
      <trkpt lat="46.146866" lon="12.408153">
        <ele>629.278057</ele>
        <time>2026-08-21T08:06:31.360Z</time>
      </trkpt>
      <trkpt lat="46.147354" lon="12.408141">
        <ele>634.237274</ele>
        <time>2026-08-21T08:06:54.210Z</time>
      </trkpt>
      <trkpt lat="46.147399" lon="12.408176">
        <ele>634.756669</ele>
        <time>2026-08-21T08:06:56.659Z</time>
      </trkpt>
      <trkpt lat="46.147415" lon="12.408258">
        <ele>635.356364</ele>
        <time>2026-08-21T08:06:59.585Z</time>
      </trkpt>
      <trkpt lat="46.147404" lon="12.408338">
        <ele>635.930508</ele>
        <time>2026-08-21T08:07:02.340Z</time>
      </trkpt>
      <trkpt lat="46.147371" lon="12.408381">
        <ele>636.382236</ele>
        <time>2026-08-21T08:07:04.477Z</time>
      </trkpt>
      <trkpt lat="46.146975" lon="12.408645">
        <ele>640.810604</ele>
        <time>2026-08-21T08:07:24.550Z</time>
      </trkpt>
      <trkpt lat="46.146704" lon="12.409441">
        <ele>647.009126</ele>
        <time>2026-08-21T08:07:53.444Z</time>
      </trkpt>
      <trkpt lat="46.146607" lon="12.409772">
        <ele>649.520876</ele>
        <time>2026-08-21T08:08:05.738Z</time>
      </trkpt>
      <trkpt lat="46.146588" lon="12.409911">
        <ele>650.511056</ele>
        <time>2026-08-21T08:08:10.703Z</time>
      </trkpt>
      <trkpt lat="46.146584" lon="12.410224">
        <ele>652.698946</ele>
        <time>2026-08-21T08:08:21.609Z</time>
      </trkpt>
      <trkpt lat="46.146610" lon="12.410373">
        <ele>653.772810</ele>
        <time>2026-08-21T08:08:26.654Z</time>
      </trkpt>
      <trkpt lat="46.146799" lon="12.410996">
        <ele>658.480815</ele>
        <time>2026-08-21T08:08:45.076Z</time>
      </trkpt>
      <trkpt lat="46.146856" lon="12.411109">
        <ele>658.977804</ele>
        <time>2026-08-21T08:08:48.319Z</time>
      </trkpt>
      <trkpt lat="46.147116" lon="12.411380">
        <ele>660.623675</ele>
        <time>2026-08-21T08:08:57.833Z</time>
      </trkpt>
      <trkpt lat="46.147246" lon="12.411390">
        <ele>661.291790</ele>
        <time>2026-08-21T08:09:01.127Z</time>
      </trkpt>
      <trkpt lat="46.147358" lon="12.411226">
        <ele>662.110568</ele>
        <time>2026-08-21T08:09:04.860Z</time>
      </trkpt>
      <trkpt lat="46.147803" lon="12.410386">
        <ele>665.870295</ele>
        <time>2026-08-21T08:09:22.738Z</time>
      </trkpt>
      <trkpt lat="46.147947" lon="12.410164">
        <ele>666.951577</ele>
        <time>2026-08-21T08:09:27.596Z</time>
      </trkpt>
      <trkpt lat="46.148011" lon="12.410116">
        <ele>667.321721</ele>
        <time>2026-08-21T08:09:29.211Z</time>
      </trkpt>
      <trkpt lat="46.148112" lon="12.410100">
        <ele>667.927189</ele>
        <time>2026-08-21T08:09:31.785Z</time>
      </trkpt>
      <trkpt lat="46.148179" lon="12.410117">
        <ele>668.440727</ele>
        <time>2026-08-21T08:09:33.657Z</time>
      </trkpt>
      <trkpt lat="46.148256" lon="12.410215">
        <ele>669.215689</ele>
        <time>2026-08-21T08:09:36.676Z</time>
      </trkpt>
      <trkpt lat="46.148284" lon="12.410377">
        <ele>670.088902</ele>
        <time>2026-08-21T08:09:40.248Z</time>
      </trkpt>
      <trkpt lat="46.148253" lon="12.410547">
        <ele>671.008268</ele>
        <time>2026-08-21T08:09:44.242Z</time>
      </trkpt>
      <trkpt lat="46.147784" lon="12.411650">
        <ele>677.776714</ele>
        <time>2026-08-21T08:10:20.679Z</time>
      </trkpt>
      <trkpt lat="46.147376" lon="12.412305">
        <ele>682.239175</ele>
        <time>2026-08-21T08:10:44.711Z</time>
      </trkpt>
      <trkpt lat="46.147311" lon="12.412461">
        <ele>683.070885</ele>
        <time>2026-08-21T08:10:49.261Z</time>
      </trkpt>
      <trkpt lat="46.147154" lon="12.413085">
        <ele>686.104029</ele>
        <time>2026-08-21T08:11:04.396Z</time>
      </trkpt>
      <trkpt lat="46.147156" lon="12.413231">
        <ele>686.771212</ele>
        <time>2026-08-21T08:11:07.596Z</time>
      </trkpt>
      <trkpt lat="46.147183" lon="12.413297">
        <ele>687.121402</ele>
        <time>2026-08-21T08:11:09.268Z</time>
      </trkpt>
      <trkpt lat="46.147220" lon="12.413338">
        <ele>687.429018</ele>
        <time>2026-08-21T08:11:10.662Z</time>
      </trkpt>
      <trkpt lat="46.147314" lon="12.413324">
        <ele>688.052210</ele>
        <time>2026-08-21T08:11:13.644Z</time>
      </trkpt>
      <trkpt lat="46.147374" lon="12.413221">
        <ele>688.667042</ele>
        <time>2026-08-21T08:11:16.465Z</time>
      </trkpt>
      <trkpt lat="46.147442" lon="12.412705">
        <ele>691.066832</ele>
        <time>2026-08-21T08:11:27.234Z</time>
      </trkpt>
      <trkpt lat="46.147486" lon="12.412651">
        <ele>691.447706</ele>
        <time>2026-08-21T08:11:28.844Z</time>
      </trkpt>
      <trkpt lat="46.147554" lon="12.412646">
        <ele>691.896726</ele>
        <time>2026-08-21T08:11:30.839Z</time>
      </trkpt>
      <trkpt lat="46.147595" lon="12.412670">
        <ele>692.188497</ele>
        <time>2026-08-21T08:11:32.157Z</time>
      </trkpt>
      <trkpt lat="46.147617" lon="12.412730">
        <ele>692.498651</ele>
        <time>2026-08-21T08:11:33.459Z</time>
      </trkpt>
      <trkpt lat="46.147617" lon="12.412806">
        <ele>692.845881</ele>
        <time>2026-08-21T08:11:35.025Z</time>
      </trkpt>
      <trkpt lat="46.147423" lon="12.413606">
        <ele>698.894842</ele>
        <time>2026-08-21T08:11:53.952Z</time>
      </trkpt>
      <trkpt lat="46.147419" lon="12.413851">
        <ele>700.688788</ele>
        <time>2026-08-21T08:12:00.933Z</time>
      </trkpt>
      <trkpt lat="46.147540" lon="12.414678">
        <ele>706.876111</ele>
        <time>2026-08-21T08:12:31.680Z</time>
      </trkpt>
      <trkpt lat="46.147784" lon="12.415485">
        <ele>713.353099</ele>
        <time>2026-08-21T08:13:08.170Z</time>
      </trkpt>
      <trkpt lat="46.148015" lon="12.415981">
        <ele>717.841813</ele>
        <time>2026-08-21T08:13:29.082Z</time>
      </trkpt>
      <trkpt lat="46.148029" lon="12.416110">
        <ele>718.822486</ele>
        <time>2026-08-21T08:13:33.408Z</time>
      </trkpt>
      <trkpt lat="46.147982" lon="12.416231">
        <ele>719.864351</ele>
        <time>2026-08-21T08:13:38.022Z</time>
      </trkpt>
      <trkpt lat="46.147786" lon="12.416471">
        <ele>722.650734</ele>
        <time>2026-08-21T08:13:50.250Z</time>
      </trkpt>
      <trkpt lat="46.147723" lon="12.416498">
        <ele>723.363178</ele>
        <time>2026-08-21T08:13:53.236Z</time>
      </trkpt>
      <trkpt lat="46.147630" lon="12.416490">
        <ele>724.373167</ele>
        <time>2026-08-21T08:13:57.475Z</time>
      </trkpt>
      <trkpt lat="46.147428" lon="12.416361">
        <ele>726.767780</ele>
        <time>2026-08-21T08:14:06.974Z</time>
      </trkpt>
      <trkpt lat="46.147307" lon="12.416349">
        <ele>728.082617</ele>
        <time>2026-08-21T08:14:11.857Z</time>
      </trkpt>
      <trkpt lat="46.147225" lon="12.416433">
        <ele>729.172690</ele>
        <time>2026-08-21T08:14:15.805Z</time>
      </trkpt>
      <trkpt lat="46.146988" lon="12.417006">
        <ele>733.819059</ele>
        <time>2026-08-21T08:14:32.652Z</time>
      </trkpt>
      <trkpt lat="46.146339" lon="12.418000">
        <ele>742.621440</ele>
        <time>2026-08-21T08:15:12.936Z</time>
      </trkpt>
      <trkpt lat="46.146070" lon="12.418376">
        <ele>746.104706</ele>
        <time>2026-08-21T08:15:29.145Z</time>
      </trkpt>
      <trkpt lat="46.145461" lon="12.418793">
        <ele>752.401472</ele>
        <time>2026-08-21T08:15:57.685Z</time>
      </trkpt>
      <trkpt lat="46.145238" lon="12.418884">
        <ele>754.571388</ele>
        <time>2026-08-21T08:16:07.528Z</time>
      </trkpt>
      <trkpt lat="46.145025" lon="12.418774">
        <ele>756.689641</ele>
        <time>2026-08-21T08:16:17.103Z</time>
      </trkpt>
      <trkpt lat="46.144936" lon="12.418785">
        <ele>757.526045</ele>
        <time>2026-08-21T08:16:20.897Z</time>
      </trkpt>
      <trkpt lat="46.144854" lon="12.418915">
        <ele>758.666568</ele>
        <time>2026-08-21T08:16:26.067Z</time>
      </trkpt>
      <trkpt lat="46.144853" lon="12.419053">
        <ele>759.561879</ele>
        <time>2026-08-21T08:16:30.224Z</time>
      </trkpt>
      <trkpt lat="46.145149" lon="12.419481">
        <ele>763.485055</ele>
        <time>2026-08-21T08:16:47.674Z</time>
      </trkpt>
      <trkpt lat="46.145296" lon="12.420046">
        <ele>767.069999</ele>
        <time>2026-08-21T08:17:04.540Z</time>
      </trkpt>
      <trkpt lat="46.145407" lon="12.420243">
        <ele>768.472170</ele>
        <time>2026-08-21T08:17:11.791Z</time>
      </trkpt>
      <trkpt lat="46.145542" lon="12.420342">
        <ele>769.679066</ele>
        <time>2026-08-21T08:17:17.767Z</time>
      </trkpt>
      <trkpt lat="46.145614" lon="12.420360">
        <ele>770.261468</ele>
        <time>2026-08-21T08:17:20.516Z</time>
      </trkpt>
      <trkpt lat="46.145951" lon="12.420380">
        <ele>772.949708</ele>
        <time>2026-08-21T08:17:31.875Z</time>
      </trkpt>
      <trkpt lat="46.146260" lon="12.420405">
        <ele>775.416379</ele>
        <time>2026-08-21T08:17:41.662Z</time>
      </trkpt>
      <trkpt lat="46.146323" lon="12.420478">
        <ele>776.060289</ele>
        <time>2026-08-21T08:17:44.199Z</time>
      </trkpt>
      <trkpt lat="46.146328" lon="12.420499">
        <ele>776.182906</ele>
        <time>2026-08-21T08:17:44.751Z</time>
      </trkpt>
      <trkpt lat="46.146351" lon="12.420597">
        <ele>776.754262</ele>
        <time>2026-08-21T08:17:47.362Z</time>
      </trkpt>
      <trkpt lat="46.146324" lon="12.420705">
        <ele>777.388269</ele>
        <time>2026-08-21T08:17:50.501Z</time>
      </trkpt>
      <trkpt lat="46.146150" lon="12.420846">
        <ele>778.978704</ele>
        <time>2026-08-21T08:17:58.269Z</time>
      </trkpt>
      <trkpt lat="46.146118" lon="12.420770">
        <ele>779.469796</ele>
        <time>2026-08-21T08:18:00.654Z</time>
      </trkpt>
      <trkpt lat="46.146150" lon="12.420846">
        <ele>779.964908</ele>
        <time>2026-08-21T08:18:03.346Z</time>
      </trkpt>
      <trkpt lat="46.146026" lon="12.420934">
        <ele>781.076169</ele>
        <time>2026-08-21T08:18:08.936Z</time>
      </trkpt>
      <trkpt lat="46.145881" lon="12.420984">
        <ele>782.275112</ele>
        <time>2026-08-21T08:18:15.489Z</time>
      </trkpt>
      <trkpt lat="46.145567" lon="12.420926">
        <ele>784.820972</ele>
        <time>2026-08-21T08:18:29.462Z</time>
      </trkpt>
      <trkpt lat="46.145495" lon="12.420992">
        <ele>785.506922</ele>
        <time>2026-08-21T08:18:33.059Z</time>
      </trkpt>
      <trkpt lat="46.145478" lon="12.421057">
        <ele>785.894041</ele>
        <time>2026-08-21T08:18:35.273Z</time>
      </trkpt>
      <trkpt lat="46.145502" lon="12.421256">
        <ele>787.019525</ele>
        <time>2026-08-21T08:18:41.084Z</time>
      </trkpt>
      <trkpt lat="46.145603" lon="12.421478">
        <ele>788.499340</ele>
        <time>2026-08-21T08:18:48.845Z</time>
      </trkpt>
      <trkpt lat="46.145873" lon="12.421842">
        <ele>791.470613</ele>
        <time>2026-08-21T08:19:04.145Z</time>
      </trkpt>
      <trkpt lat="46.145870" lon="12.421939">
        <ele>792.011622</ele>
        <time>2026-08-21T08:19:06.729Z</time>
      </trkpt>
      <trkpt lat="46.145829" lon="12.422014">
        <ele>792.543934</ele>
        <time>2026-08-21T08:19:08.894Z</time>
      </trkpt>
      <trkpt lat="46.145577" lon="12.422054">
        <ele>794.339452</ele>
        <time>2026-08-21T08:19:16.383Z</time>
      </trkpt>
      <trkpt lat="46.145507" lon="12.422048">
        <ele>794.675336</ele>
        <time>2026-08-21T08:19:17.712Z</time>
      </trkpt>
      <trkpt lat="46.145395" lon="12.421975">
        <ele>795.263968</ele>
        <time>2026-08-21T08:19:19.523Z</time>
      </trkpt>
      <trkpt lat="46.145229" lon="12.421661">
        <ele>796.574719</ele>
        <time>2026-08-21T08:19:23.869Z</time>
      </trkpt>
      <trkpt lat="46.144687" lon="12.421096">
        <ele>799.777150</ele>
        <time>2026-08-21T08:19:37.865Z</time>
      </trkpt>
      <trkpt lat="46.144557" lon="12.421031">
        <ele>800.436143</ele>
        <time>2026-08-21T08:19:41.476Z</time>
      </trkpt>
      <trkpt lat="46.144465" lon="12.421110">
        <ele>800.948905</ele>
        <time>2026-08-21T08:19:44.556Z</time>
      </trkpt>
      <trkpt lat="46.144280" lon="12.421518">
        <ele>802.567106</ele>
        <time>2026-08-21T08:19:55.692Z</time>
      </trkpt>
      <trkpt lat="46.144194" lon="12.422020">
        <ele>805.987048</ele>
        <time>2026-08-21T08:20:10.780Z</time>
      </trkpt>
      <trkpt lat="46.144204" lon="12.422939">
        <ele>812.118140</ele>
        <time>2026-08-21T08:20:43.834Z</time>
      </trkpt>
      <trkpt lat="46.144158" lon="12.423072">
        <ele>813.109738</ele>
        <time>2026-08-21T08:20:49.153Z</time>
      </trkpt>
      <trkpt lat="46.144090" lon="12.423125">
        <ele>813.853798</ele>
        <time>2026-08-21T08:20:53.092Z</time>
      </trkpt>
      <trkpt lat="46.143160" lon="12.423296">
        <ele>821.880528</ele>
        <time>2026-08-21T08:21:29.899Z</time>
      </trkpt>
      <trkpt lat="46.143009" lon="12.423282">
        <ele>822.846459</ele>
        <time>2026-08-21T08:21:34.367Z</time>
      </trkpt>
      <trkpt lat="46.142310" lon="12.422756">
        <ele>827.878779</ele>
        <time>2026-08-21T08:21:57.303Z</time>
      </trkpt>
      <trkpt lat="46.142037" lon="12.422668">
        <ele>829.664476</ele>
        <time>2026-08-21T08:22:05.857Z</time>
      </trkpt>
      <trkpt lat="46.141884" lon="12.422648">
        <ele>830.645185</ele>
        <time>2026-08-21T08:22:10.373Z</time>
      </trkpt>
      <trkpt lat="46.141357" lon="12.422702">
        <ele>834.617617</ele>
        <time>2026-08-21T08:22:27.204Z</time>
      </trkpt>
      <trkpt lat="46.140932" lon="12.422631">
        <ele>837.973474</ele>
        <time>2026-08-21T08:22:42.182Z</time>
      </trkpt>
      <trkpt lat="46.140534" lon="12.422702">
        <ele>841.119049</ele>
        <time>2026-08-21T08:22:57.232Z</time>
      </trkpt>
      <trkpt lat="46.140099" lon="12.422576">
        <ele>844.599126</ele>
        <time>2026-08-21T08:23:15.271Z</time>
      </trkpt>
      <trkpt lat="46.139763" lon="12.422557">
        <ele>848.225606</ele>
        <time>2026-08-21T08:23:29.779Z</time>
      </trkpt>
      <trkpt lat="46.139144" lon="12.422591">
        <ele>855.857304</ele>
        <time>2026-08-21T08:23:59.290Z</time>
      </trkpt>
      <trkpt lat="46.138937" lon="12.422673">
        <ele>858.501904</ele>
        <time>2026-08-21T08:24:10.527Z</time>
      </trkpt>
      <trkpt lat="46.138661" lon="12.422859">
        <ele>862.254732</ele>
        <time>2026-08-21T08:24:27.192Z</time>
      </trkpt>
      <trkpt lat="46.137979" lon="12.423620">
        <ele>872.809370</ele>
        <time>2026-08-21T08:25:20.473Z</time>
      </trkpt>
      <trkpt lat="46.137867" lon="12.423802">
        <ele>874.860924</ele>
        <time>2026-08-21T08:25:29.625Z</time>
      </trkpt>
      <trkpt lat="46.137791" lon="12.424051">
        <ele>877.154153</ele>
        <time>2026-08-21T08:25:39.761Z</time>
      </trkpt>
      <trkpt lat="46.137759" lon="12.424448">
        <ele>880.522766</ele>
        <time>2026-08-21T08:25:53.998Z</time>
      </trkpt>
      <trkpt lat="46.137734" lon="12.424540">
        <ele>881.355668</ele>
        <time>2026-08-21T08:25:57.541Z</time>
      </trkpt>
      <trkpt lat="46.137685" lon="12.424584">
        <ele>882.057630</ele>
        <time>2026-08-21T08:26:00.294Z</time>
      </trkpt>
      <trkpt lat="46.137631" lon="12.424560">
        <ele>882.744896</ele>
        <time>2026-08-21T08:26:03.020Z</time>
      </trkpt>
      <trkpt lat="46.137586" lon="12.424485">
        <ele>883.581066</ele>
        <time>2026-08-21T08:26:06.419Z</time>
      </trkpt>
      <trkpt lat="46.137465" lon="12.424263">
        <ele>885.961638</ele>
        <time>2026-08-21T08:26:15.515Z</time>
      </trkpt>
      <trkpt lat="46.137402" lon="12.424195">
        <ele>886.918552</ele>
        <time>2026-08-21T08:26:19.215Z</time>
      </trkpt>
      <trkpt lat="46.137338" lon="12.424178">
        <ele>887.710086</ele>
        <time>2026-08-21T08:26:22.072Z</time>
      </trkpt>
      <trkpt lat="46.137240" lon="12.424244">
        <ele>889.025508</ele>
        <time>2026-08-21T08:26:26.992Z</time>
      </trkpt>
      <trkpt lat="46.136766" lon="12.424941">
        <ele>894.785335</ele>
        <time>2026-08-21T08:26:50.798Z</time>
      </trkpt>
      <trkpt lat="46.136643" lon="12.425049">
        <ele>895.975674</ele>
        <time>2026-08-21T08:26:55.383Z</time>
      </trkpt>
      <trkpt lat="46.136524" lon="12.425055">
        <ele>896.960107</ele>
        <time>2026-08-21T08:26:59.778Z</time>
      </trkpt>
      <trkpt lat="46.136312" lon="12.424935">
        <ele>898.842821</ele>
        <time>2026-08-21T08:27:08.560Z</time>
      </trkpt>
      <trkpt lat="46.136200" lon="12.424921">
        <ele>899.772248</ele>
        <time>2026-08-21T08:27:12.917Z</time>
      </trkpt>
      <trkpt lat="46.135708" lon="12.425052">
        <ele>903.908516</ele>
        <time>2026-08-21T08:27:32.781Z</time>
      </trkpt>
      <trkpt lat="46.135634" lon="12.425097">
        <ele>904.551474</ele>
        <time>2026-08-21T08:27:36.109Z</time>
      </trkpt>
      <trkpt lat="46.135535" lon="12.425200">
        <ele>905.429427</ele>
        <time>2026-08-21T08:27:41.149Z</time>
      </trkpt>
      <trkpt lat="46.135456" lon="12.425417">
        <ele>906.651337</ele>
        <time>2026-08-21T08:27:48.003Z</time>
      </trkpt>
      <trkpt lat="46.135365" lon="12.426107">
        <ele>910.152631</ele>
        <time>2026-08-21T08:28:06.580Z</time>
      </trkpt>
      <trkpt lat="46.135269" lon="12.426262">
        <ele>911.188925</ele>
        <time>2026-08-21T08:28:12.015Z</time>
      </trkpt>
      <trkpt lat="46.135173" lon="12.426333">
        <ele>911.964924</ele>
        <time>2026-08-21T08:28:16.109Z</time>
      </trkpt>
      <trkpt lat="46.135063" lon="12.426367">
        <ele>912.774169</ele>
        <time>2026-08-21T08:28:20.296Z</time>
      </trkpt>
      <trkpt lat="46.134945" lon="12.426306">
        <ele>913.675836</ele>
        <time>2026-08-21T08:28:24.684Z</time>
      </trkpt>
      <trkpt lat="46.134855" lon="12.425962">
        <ele>915.508792</ele>
        <time>2026-08-21T08:28:32.867Z</time>
      </trkpt>
      <trkpt lat="46.134777" lon="12.425830">
        <ele>916.373552</ele>
        <time>2026-08-21T08:28:36.448Z</time>
      </trkpt>
      <trkpt lat="46.134648" lon="12.425808">
        <ele>917.307986</ele>
        <time>2026-08-21T08:28:40.069Z</time>
      </trkpt>
      <trkpt lat="46.134364" lon="12.425855">
        <ele>918.173856</ele>
        <time>2026-08-21T08:28:47.128Z</time>
      </trkpt>
      <trkpt lat="46.134235" lon="12.425843">
        <ele>918.554187</ele>
        <time>2026-08-21T08:28:49.803Z</time>
      </trkpt>
      <trkpt lat="46.134070" lon="12.425800">
        <ele>919.047502</ele>
        <time>2026-08-21T08:28:52.752Z</time>
      </trkpt>
      <trkpt lat="46.133423" lon="12.425262">
        <ele>921.244527</ele>
        <time>2026-08-21T08:29:06.809Z</time>
      </trkpt>
      <trkpt lat="46.133268" lon="12.425134">
        <ele>921.769962</ele>
        <time>2026-08-21T08:29:10.308Z</time>
      </trkpt>
      <trkpt lat="46.133175" lon="12.425078">
        <ele>922.066453</ele>
        <time>2026-08-21T08:29:12.284Z</time>
      </trkpt>
      <trkpt lat="46.132971" lon="12.425061">
        <ele>922.651890</ele>
        <time>2026-08-21T08:29:16.342Z</time>
      </trkpt>
      <trkpt lat="46.132432" lon="12.425281">
        <ele>923.290053</ele>
        <time>2026-08-21T08:29:27.985Z</time>
      </trkpt>
      <trkpt lat="46.132154" lon="12.425277">
        <ele>923.606788</ele>
        <time>2026-08-21T08:29:33.834Z</time>
      </trkpt>
      <trkpt lat="46.132059" lon="12.425210">
        <ele>923.727254</ele>
        <time>2026-08-21T08:29:35.791Z</time>
      </trkpt>
      <trkpt lat="46.131319" lon="12.424440">
        <ele>924.906197</ele>
        <time>2026-08-21T08:29:44.784Z</time>
      </trkpt>
      <trkpt lat="46.131101" lon="12.424322">
        <ele>925.661291</ele>
        <time>2026-08-21T08:29:47.230Z</time>
      </trkpt>
      <trkpt lat="46.130934" lon="12.424297">
        <ele>926.205791</ele>
        <time>2026-08-21T08:29:49.661Z</time>
      </trkpt>
      <trkpt lat="46.130854" lon="12.424305">
        <ele>926.465859</ele>
        <time>2026-08-21T08:29:51.005Z</time>
      </trkpt>
      <trkpt lat="46.130696" lon="12.424392">
        <ele>927.014304</ele>
        <time>2026-08-21T08:29:54.515Z</time>
      </trkpt>
      <trkpt lat="46.130413" lon="12.424686">
        <ele>928.145211</ele>
        <time>2026-08-21T08:30:04.969Z</time>
      </trkpt>
      <trkpt lat="46.130332" lon="12.424812">
        <ele>928.531475</ele>
        <time>2026-08-21T08:30:09.079Z</time>
      </trkpt>
      <trkpt lat="46.130075" lon="12.425389">
        <ele>930.073036</ele>
        <time>2026-08-21T08:30:23.676Z</time>
      </trkpt>
      <trkpt lat="46.130015" lon="12.425471">
        <ele>930.341045</ele>
        <time>2026-08-21T08:30:26.098Z</time>
      </trkpt>
      <trkpt lat="46.129962" lon="12.425512">
        <ele>930.516745</ele>
        <time>2026-08-21T08:30:27.826Z</time>
      </trkpt>
      <trkpt lat="46.129668" lon="12.425590">
        <ele>929.906874</ele>
        <time>2026-08-21T08:30:35.104Z</time>
      </trkpt>
      <trkpt lat="46.129561" lon="12.425488">
        <ele>929.645237</ele>
        <time>2026-08-21T08:30:37.646Z</time>
      </trkpt>
      <trkpt lat="46.129530" lon="12.425413">
        <ele>929.521765</ele>
        <time>2026-08-21T08:30:38.749Z</time>
      </trkpt>
      <trkpt lat="46.129533" lon="12.425338">
        <ele>929.415545</ele>
        <time>2026-08-21T08:30:39.475Z</time>
      </trkpt>
      <trkpt lat="46.129680" lon="12.424645">
        <ele>928.390833</ele>
        <time>2026-08-21T08:30:44.114Z</time>
      </trkpt>
      <trkpt lat="46.129691" lon="12.424416">
        <ele>928.066270</ele>
        <time>2026-08-21T08:30:45.301Z</time>
      </trkpt>
      <trkpt lat="46.129663" lon="12.423777">
        <ele>927.160977</ele>
        <time>2026-08-21T08:30:48.407Z</time>
      </trkpt>
      <trkpt lat="46.129616" lon="12.423430">
        <ele>926.590718</ele>
        <time>2026-08-21T08:30:50.139Z</time>
      </trkpt>
      <trkpt lat="46.129607" lon="12.423364">
        <ele>926.461044</ele>
        <time>2026-08-21T08:30:50.477Z</time>
      </trkpt>
      <trkpt lat="46.129561" lon="12.423202">
        <ele>926.123546</ele>
        <time>2026-08-21T08:30:51.367Z</time>
      </trkpt>
      <trkpt lat="46.129502" lon="12.423128">
        <ele>925.906092</ele>
        <time>2026-08-21T08:30:51.954Z</time>
      </trkpt>
      <trkpt lat="46.129398" lon="12.423124">
        <ele>925.616695</ele>
        <time>2026-08-21T08:30:52.748Z</time>
      </trkpt>
      <trkpt lat="46.129275" lon="12.423136">
        <ele>925.273767</ele>
        <time>2026-08-21T08:30:53.721Z</time>
      </trkpt>
      <trkpt lat="46.128730" lon="12.423304">
        <ele>923.723543</ele>
        <time>2026-08-21T08:30:58.354Z</time>
      </trkpt>
      <trkpt lat="46.128567" lon="12.423310">
        <ele>923.269982</ele>
        <time>2026-08-21T08:30:59.867Z</time>
      </trkpt>
      <trkpt lat="46.128375" lon="12.423264">
        <ele>922.728587</ele>
        <time>2026-08-21T08:31:01.951Z</time>
      </trkpt>
      <trkpt lat="46.127839" lon="12.423056">
        <ele>921.981167</ele>
        <time>2026-08-21T08:31:10.619Z</time>
      </trkpt>
      <trkpt lat="46.126879" lon="12.422643">
        <ele>922.523582</ele>
        <time>2026-08-21T08:31:24.833Z</time>
      </trkpt>
      <trkpt lat="46.126769" lon="12.422565">
        <ele>922.589947</ele>
        <time>2026-08-21T08:31:26.501Z</time>
      </trkpt>
      <trkpt lat="46.126686" lon="12.422431">
        <ele>922.657389</ele>
        <time>2026-08-21T08:31:28.271Z</time>
      </trkpt>
      <trkpt lat="46.126571" lon="12.422128">
        <ele>922.787028</ele>
        <time>2026-08-21T08:31:31.413Z</time>
      </trkpt>
      <trkpt lat="46.126301" lon="12.421416">
        <ele>922.890178</ele>
        <time>2026-08-21T08:31:38.162Z</time>
      </trkpt>
      <trkpt lat="46.126171" lon="12.420993">
        <ele>922.932495</ele>
        <time>2026-08-21T08:31:41.557Z</time>
      </trkpt>
      <trkpt lat="46.126085" lon="12.420697">
        <ele>922.961847</ele>
        <time>2026-08-21T08:31:43.858Z</time>
      </trkpt>
      <trkpt lat="46.125930" lon="12.420149">
        <ele>923.015975</ele>
        <time>2026-08-21T08:31:48.581Z</time>
      </trkpt>
      <trkpt lat="46.125857" lon="12.419890">
        <ele>923.041545</ele>
        <time>2026-08-21T08:31:51.084Z</time>
      </trkpt>
      <trkpt lat="46.125783" lon="12.419528">
        <ele>923.262981</ele>
        <time>2026-08-21T08:31:55.094Z</time>
      </trkpt>
      <trkpt lat="46.125823" lon="12.418696">
        <ele>924.399100</ele>
        <time>2026-08-21T08:32:04.488Z</time>
      </trkpt>
      <trkpt lat="46.125875" lon="12.418662">
        <ele>924.511311</ele>
        <time>2026-08-21T08:32:05.380Z</time>
      </trkpt>
      <trkpt lat="46.125897" lon="12.418591">
        <ele>924.617257</ele>
        <time>2026-08-21T08:32:06.310Z</time>
      </trkpt>
      <trkpt lat="46.125883" lon="12.418519">
        <ele>924.719126</ele>
        <time>2026-08-21T08:32:07.203Z</time>
      </trkpt>
      <trkpt lat="46.125842" lon="12.418475">
        <ele>924.819559</ele>
        <time>2026-08-21T08:32:08.023Z</time>
      </trkpt>
      <trkpt lat="46.125788" lon="12.418479">
        <ele>924.925837</ele>
        <time>2026-08-21T08:32:09.002Z</time>
      </trkpt>
      <trkpt lat="46.125231" lon="12.415408">
        <ele>931.053181</ele>
        <time>2026-08-21T08:32:55.017Z</time>
      </trkpt>
      <trkpt lat="46.124848" lon="12.414838">
        <ele>933.053990</ele>
        <time>2026-08-21T08:33:09.018Z</time>
      </trkpt>
      <trkpt lat="46.124591" lon="12.414539">
        <ele>934.745711</ele>
        <time>2026-08-21T08:33:18.175Z</time>
      </trkpt>
      <trkpt lat="46.124354" lon="12.414431">
        <ele>936.019279</ele>
        <time>2026-08-21T08:33:25.372Z</time>
      </trkpt>
      <trkpt lat="46.124107" lon="12.414385">
        <ele>937.295455</ele>
        <time>2026-08-21T08:33:32.954Z</time>
      </trkpt>
      <trkpt lat="46.123973" lon="12.414310">
        <ele>938.031953</ele>
        <time>2026-08-21T08:33:37.503Z</time>
      </trkpt>
      <trkpt lat="46.123410" lon="12.413866">
        <ele>941.319721</ele>
        <time>2026-08-21T08:33:58.317Z</time>
      </trkpt>
      <trkpt lat="46.123166" lon="12.413597">
        <ele>941.980313</ele>
        <time>2026-08-21T08:34:06.078Z</time>
      </trkpt>
      <trkpt lat="46.122769" lon="12.413473">
        <ele>942.395456</ele>
        <time>2026-08-21T08:34:13.382Z</time>
      </trkpt>
      <trkpt lat="46.122611" lon="12.413353">
        <ele>942.577944</ele>
        <time>2026-08-21T08:34:16.075Z</time>
      </trkpt>
      <trkpt lat="46.122503" lon="12.413205">
        <ele>942.730177</ele>
        <time>2026-08-21T08:34:18.090Z</time>
      </trkpt>
      <trkpt lat="46.122107" lon="12.412540">
        <ele>943.351235</ele>
        <time>2026-08-21T08:34:24.598Z</time>
      </trkpt>
      <trkpt lat="46.121385" lon="12.411882">
        <ele>943.186272</ele>
        <time>2026-08-21T08:34:32.225Z</time>
      </trkpt>
      <trkpt lat="46.121046" lon="12.411488">
        <ele>942.901687</ele>
        <time>2026-08-21T08:34:36.570Z</time>
      </trkpt>
      <trkpt lat="46.120088" lon="12.409843">
        <ele>943.908209</ele>
        <time>2026-08-21T08:34:55.326Z</time>
      </trkpt>
      <trkpt lat="46.119937" lon="12.409624">
        <ele>944.337164</ele>
        <time>2026-08-21T08:34:58.956Z</time>
      </trkpt>
      <trkpt lat="46.119601" lon="12.409282">
        <ele>945.160983</ele>
        <time>2026-08-21T08:35:07.334Z</time>
      </trkpt>
      <trkpt lat="46.119483" lon="12.409128">
        <ele>945.479763</ele>
        <time>2026-08-21T08:35:11.067Z</time>
      </trkpt>
      <trkpt lat="46.119442" lon="12.408970">
        <ele>945.714045</ele>
        <time>2026-08-21T08:35:13.880Z</time>
      </trkpt>
      <trkpt lat="46.119454" lon="12.408533">
        <ele>946.792687</ele>
        <time>2026-08-21T08:35:22.088Z</time>
      </trkpt>
      <trkpt lat="46.119372" lon="12.408295">
        <ele>947.736471</ele>
        <time>2026-08-21T08:35:27.520Z</time>
      </trkpt>
      <trkpt lat="46.119288" lon="12.408194">
        <ele>948.296661</ele>
        <time>2026-08-21T08:35:30.555Z</time>
      </trkpt>
      <trkpt lat="46.118769" lon="12.407787">
        <ele>951.322889</ele>
        <time>2026-08-21T08:35:45.937Z</time>
      </trkpt>
      <trkpt lat="46.117911" lon="12.406647">
        <ele>955.680547</ele>
        <time>2026-08-21T08:36:22.766Z</time>
      </trkpt>
      <trkpt lat="46.117832" lon="12.406612">
        <ele>955.772274</ele>
        <time>2026-08-21T08:36:25.151Z</time>
      </trkpt>
      <trkpt lat="46.117735" lon="12.406624">
        <ele>955.880333</ele>
        <time>2026-08-21T08:36:27.654Z</time>
      </trkpt>
      <trkpt lat="46.117469" lon="12.406751">
        <ele>956.191327</ele>
        <time>2026-08-21T08:36:33.799Z</time>
      </trkpt>
      <trkpt lat="46.117056" lon="12.407035">
        <ele>956.699147</ele>
        <time>2026-08-21T08:36:40.199Z</time>
      </trkpt>
      <trkpt lat="46.116960" lon="12.407063">
        <ele>956.807857</ele>
        <time>2026-08-21T08:36:41.119Z</time>
      </trkpt>
      <trkpt lat="46.116855" lon="12.407037">
        <ele>956.926106</ele>
        <time>2026-08-21T08:36:42.058Z</time>
      </trkpt>
      <trkpt lat="46.116675" lon="12.406880">
        <ele>957.159574</ele>
        <time>2026-08-21T08:36:43.750Z</time>
      </trkpt>
      <trkpt lat="46.116584" lon="12.406754">
        <ele>956.684967</ele>
        <time>2026-08-21T08:36:44.712Z</time>
      </trkpt>
      <trkpt lat="46.116492" lon="12.406547">
        <ele>955.216712</ele>
        <time>2026-08-21T08:36:45.950Z</time>
      </trkpt>
      <trkpt lat="46.116477" lon="12.406380">
        <ele>954.211199</ele>
        <time>2026-08-21T08:36:46.773Z</time>
      </trkpt>
      <trkpt lat="46.116569" lon="12.405744">
        <ele>950.331763</ele>
        <time>2026-08-21T08:36:49.861Z</time>
      </trkpt>
      <trkpt lat="46.116594" lon="12.405392">
        <ele>948.218929</ele>
        <time>2026-08-21T08:36:51.533Z</time>
      </trkpt>
      <trkpt lat="46.116536" lon="12.405093">
        <ele>946.364980</ele>
        <time>2026-08-21T08:36:53.005Z</time>
      </trkpt>
      <trkpt lat="46.116508" lon="12.405021">
        <ele>945.872025</ele>
        <time>2026-08-21T08:36:53.400Z</time>
      </trkpt>
      <trkpt lat="46.116409" lon="12.404904">
        <ele>944.769618</ele>
        <time>2026-08-21T08:36:54.277Z</time>
      </trkpt>
      <trkpt lat="46.116279" lon="12.404832">
        <ele>943.570115</ele>
        <time>2026-08-21T08:36:55.232Z</time>
      </trkpt>
      <trkpt lat="46.114809" lon="12.404303">
        <ele>931.641201</ele>
        <time>2026-08-21T08:37:05.909Z</time>
      </trkpt>
      <trkpt lat="46.114634" lon="12.404213">
        <ele>930.200862</ele>
        <time>2026-08-21T08:37:07.253Z</time>
      </trkpt>
      <trkpt lat="46.114495" lon="12.404004">
        <ele>928.644314</ele>
        <time>2026-08-21T08:37:08.712Z</time>
      </trkpt>
      <trkpt lat="46.114320" lon="12.403495">
        <ele>926.553361</ele>
        <time>2026-08-21T08:37:11.579Z</time>
      </trkpt>
      <trkpt lat="46.114250" lon="12.403145">
        <ele>925.451721</ele>
        <time>2026-08-21T08:37:13.450Z</time>
      </trkpt>
      <trkpt lat="46.114170" lon="12.402509">
        <ele>923.496923</ele>
        <time>2026-08-21T08:37:16.805Z</time>
      </trkpt>
      <trkpt lat="46.114132" lon="12.402211">
        <ele>922.580590</ele>
        <time>2026-08-21T08:37:18.403Z</time>
      </trkpt>
      <trkpt lat="46.114071" lon="12.402204">
        <ele>922.313636</ele>
        <time>2026-08-21T08:37:18.877Z</time>
      </trkpt>
      <trkpt lat="46.113992" lon="12.402272">
        <ele>921.912305</ele>
        <time>2026-08-21T08:37:19.593Z</time>
      </trkpt>
      <trkpt lat="46.113742" lon="12.402291">
        <ele>920.820162</ele>
        <time>2026-08-21T08:37:21.628Z</time>
      </trkpt>
      <trkpt lat="46.113333" lon="12.402279">
        <ele>920.713130</ele>
        <time>2026-08-21T08:37:25.386Z</time>
      </trkpt>
      <trkpt lat="46.113266" lon="12.402276">
        <ele>920.959911</ele>
        <time>2026-08-21T08:37:26.171Z</time>
      </trkpt>
      <trkpt lat="46.113218" lon="12.402324">
        <ele>921.174935</ele>
        <time>2026-08-21T08:37:26.871Z</time>
      </trkpt>
      <trkpt lat="46.113206" lon="12.402452">
        <ele>921.504587</ele>
        <time>2026-08-21T08:37:28.187Z</time>
      </trkpt>
      <trkpt lat="46.113073" lon="12.402703">
        <ele>922.310884</ele>
        <time>2026-08-21T08:37:31.962Z</time>
      </trkpt>
      <trkpt lat="46.113001" lon="12.402968">
        <ele>923.037301</ele>
        <time>2026-08-21T08:37:36.105Z</time>
      </trkpt>
      <trkpt lat="46.112975" lon="12.403265">
        <ele>923.801319</ele>
        <time>2026-08-21T08:37:41.193Z</time>
      </trkpt>
      <trkpt lat="46.113027" lon="12.403884">
        <ele>925.392677</ele>
        <time>2026-08-21T08:37:54.742Z</time>
      </trkpt>
      <trkpt lat="46.113037" lon="12.404302">
        <ele>926.460123</ele>
        <time>2026-08-21T08:38:05.641Z</time>
      </trkpt>
      <trkpt lat="46.112808" lon="12.406133">
        <ele>937.599656</ele>
        <time>2026-08-21T08:39:00.473Z</time>
      </trkpt>
      <trkpt lat="46.112744" lon="12.406407">
        <ele>939.353660</ele>
        <time>2026-08-21T08:39:08.574Z</time>
      </trkpt>
      <trkpt lat="46.112656" lon="12.406614">
        <ele>940.826717</ele>
        <time>2026-08-21T08:39:15.123Z</time>
      </trkpt>
      <trkpt lat="46.112576" lon="12.406715">
        <ele>941.757036</ele>
        <time>2026-08-21T08:39:19.147Z</time>
      </trkpt>
      <trkpt lat="46.112136" lon="12.407042">
        <ele>944.821016</ele>
        <time>2026-08-21T08:39:36.922Z</time>
      </trkpt>
      <trkpt lat="46.112042" lon="12.407151">
        <ele>945.522733</ele>
        <time>2026-08-21T08:39:41.041Z</time>
      </trkpt>
      <trkpt lat="46.111743" lon="12.407688">
        <ele>948.300841</ele>
        <time>2026-08-21T08:39:56.202Z</time>
      </trkpt>
      <trkpt lat="46.111654" lon="12.407781">
        <ele>948.940257</ele>
        <time>2026-08-21T08:39:59.477Z</time>
      </trkpt>
      <trkpt lat="46.111616" lon="12.407814">
        <ele>949.198325</ele>
        <time>2026-08-21T08:40:00.823Z</time>
      </trkpt>
      <trkpt lat="46.111542" lon="12.407884">
        <ele>949.713195</ele>
        <time>2026-08-21T08:40:03.422Z</time>
      </trkpt>
      <trkpt lat="46.111453" lon="12.407973">
        <ele>950.343282</ele>
        <time>2026-08-21T08:40:06.623Z</time>
      </trkpt>
      <trkpt lat="46.111277" lon="12.408081">
        <ele>951.456098</ele>
        <time>2026-08-21T08:40:12.147Z</time>
      </trkpt>
      <trkpt lat="46.111052" lon="12.408139">
        <ele>952.763453</ele>
        <time>2026-08-21T08:40:18.486Z</time>
      </trkpt>
      <trkpt lat="46.110819" lon="12.408166">
        <ele>952.003369</ele>
        <time>2026-08-21T08:40:23.618Z</time>
      </trkpt>
      <trkpt lat="46.110644" lon="12.408128">
        <ele>951.427912</ele>
        <time>2026-08-21T08:40:26.304Z</time>
      </trkpt>
      <trkpt lat="46.110187" lon="12.407894">
        <ele>949.851041</ele>
        <time>2026-08-21T08:40:30.487Z</time>
      </trkpt>
      <trkpt lat="46.109996" lon="12.407811">
        <ele>949.202396</ele>
        <time>2026-08-21T08:40:31.995Z</time>
      </trkpt>
      <trkpt lat="46.109715" lon="12.407744">
        <ele>948.276272</ele>
        <time>2026-08-21T08:40:34.066Z</time>
      </trkpt>
      <trkpt lat="46.109606" lon="12.407747">
        <ele>947.921774</ele>
        <time>2026-08-21T08:40:34.841Z</time>
      </trkpt>
      <trkpt lat="46.109517" lon="12.407788">
        <ele>947.617972</ele>
        <time>2026-08-21T08:40:35.501Z</time>
      </trkpt>
      <trkpt lat="46.109375" lon="12.408031">
        <ele>946.876786</ele>
        <time>2026-08-21T08:40:37.048Z</time>
      </trkpt>
      <trkpt lat="46.109338" lon="12.408232">
        <ele>945.864952</ele>
        <time>2026-08-21T08:40:38.047Z</time>
      </trkpt>
      <trkpt lat="46.109365" lon="12.408823">
        <ele>942.983254</ele>
        <time>2026-08-21T08:40:40.873Z</time>
      </trkpt>
      <trkpt lat="46.109358" lon="12.409537">
        <ele>939.508999</ele>
        <time>2026-08-21T08:40:44.319Z</time>
      </trkpt>
      <trkpt lat="46.109291" lon="12.409989">
        <ele>937.260125</ele>
        <time>2026-08-21T08:40:46.629Z</time>
      </trkpt>
      <trkpt lat="46.109233" lon="12.410235">
        <ele>935.995911</ele>
        <time>2026-08-21T08:40:47.987Z</time>
      </trkpt>
      <trkpt lat="46.109141" lon="12.410626">
        <ele>934.268182</ele>
        <time>2026-08-21T08:40:50.306Z</time>
      </trkpt>
      <trkpt lat="46.109099" lon="12.411032">
        <ele>934.064366</ele>
        <time>2026-08-21T08:40:52.870Z</time>
      </trkpt>
      <trkpt lat="46.109127" lon="12.411340">
        <ele>933.910130</ele>
        <time>2026-08-21T08:40:55.097Z</time>
      </trkpt>
      <trkpt lat="46.109220" lon="12.411692">
        <ele>933.723097</ele>
        <time>2026-08-21T08:40:58.121Z</time>
      </trkpt>
      <trkpt lat="46.109391" lon="12.411879">
        <ele>933.569413</ele>
        <time>2026-08-21T08:41:00.845Z</time>
      </trkpt>
      <trkpt lat="46.109879" lon="12.412218">
        <ele>933.181501</ele>
        <time>2026-08-21T08:41:08.509Z</time>
      </trkpt>
      <trkpt lat="46.110159" lon="12.412609">
        <ele>932.774642</ele>
        <time>2026-08-21T08:41:13.953Z</time>
      </trkpt>
      <trkpt lat="46.110662" lon="12.413573">
        <ele>931.477369</ele>
        <time>2026-08-21T08:41:21.796Z</time>
      </trkpt>
      <trkpt lat="46.111331" lon="12.414672">
        <ele>929.983450</ele>
        <time>2026-08-21T08:41:30.275Z</time>
      </trkpt>
      <trkpt lat="46.111379" lon="12.414820">
        <ele>929.851250</ele>
        <time>2026-08-21T08:41:31.260Z</time>
      </trkpt>
      <trkpt lat="46.111376" lon="12.414962">
        <ele>929.736306</ele>
        <time>2026-08-21T08:41:32.125Z</time>
      </trkpt>
      <trkpt lat="46.111128" lon="12.415564">
        <ele>929.169728</ele>
        <time>2026-08-21T08:41:36.342Z</time>
      </trkpt>
      <trkpt lat="46.111037" lon="12.416010">
        <ele>928.793570</ele>
        <time>2026-08-21T08:41:39.091Z</time>
      </trkpt>
      <trkpt lat="46.110998" lon="12.416294">
        <ele>928.559324</ele>
        <time>2026-08-21T08:41:40.832Z</time>
      </trkpt>
      <trkpt lat="46.111044" lon="12.417354">
        <ele>929.702462</ele>
        <time>2026-08-21T08:41:53.562Z</time>
      </trkpt>
      <trkpt lat="46.110983" lon="12.417609">
        <ele>930.516727</ele>
        <time>2026-08-21T08:41:58.676Z</time>
      </trkpt>
      <trkpt lat="46.110852" lon="12.417979">
        <ele>931.770811</ele>
        <time>2026-08-21T08:42:06.557Z</time>
      </trkpt>
      <trkpt lat="46.110712" lon="12.418063">
        <ele>932.431018</ele>
        <time>2026-08-21T08:42:10.804Z</time>
      </trkpt>
      <trkpt lat="46.110526" lon="12.417989">
        <ele>933.271123</ele>
        <time>2026-08-21T08:42:16.542Z</time>
      </trkpt>
      <trkpt lat="46.110470" lon="12.417817">
        <ele>933.844723</ele>
        <time>2026-08-21T08:42:20.463Z</time>
      </trkpt>
      <trkpt lat="46.110393" lon="12.417259">
        <ele>935.562131</ele>
        <time>2026-08-21T08:42:33.068Z</time>
      </trkpt>
      <trkpt lat="46.110258" lon="12.416668">
        <ele>937.737283</ele>
        <time>2026-08-21T08:42:47.064Z</time>
      </trkpt>
      <trkpt lat="46.109835" lon="12.415158">
        <ele>943.635612</ele>
        <time>2026-08-21T08:43:14.573Z</time>
      </trkpt>
      <trkpt lat="46.109742" lon="12.414963">
        <ele>944.492817</ele>
        <time>2026-08-21T08:43:19.466Z</time>
      </trkpt>
      <trkpt lat="46.109616" lon="12.414831">
        <ele>945.306334</ele>
        <time>2026-08-21T08:43:24.359Z</time>
      </trkpt>
      <trkpt lat="46.109162" lon="12.414522">
        <ele>950.649727</ele>
        <time>2026-08-21T08:43:42.261Z</time>
      </trkpt>
      <trkpt lat="46.108376" lon="12.414045">
        <ele>959.806324</ele>
        <time>2026-08-21T08:44:24.355Z</time>
      </trkpt>
      <trkpt lat="46.107791" lon="12.413909">
        <ele>966.374844</ele>
        <time>2026-08-21T08:44:58.299Z</time>
      </trkpt>
      <trkpt lat="46.107471" lon="12.413756">
        <ele>970.489972</ele>
        <time>2026-08-21T08:45:17.422Z</time>
      </trkpt>
      <trkpt lat="46.107343" lon="12.413645">
        <ele>972.313068</ele>
        <time>2026-08-21T08:45:25.935Z</time>
      </trkpt>
      <trkpt lat="46.107156" lon="12.413406">
        <ele>975.362907</ele>
        <time>2026-08-21T08:45:40.136Z</time>
      </trkpt>
      <trkpt lat="46.106795" lon="12.412634">
        <ele>983.243504</ele>
        <time>2026-08-21T08:46:13.674Z</time>
      </trkpt>
      <trkpt lat="46.106327" lon="12.411412">
        <ele>992.230307</ele>
        <time>2026-08-21T08:46:50.840Z</time>
      </trkpt>
      <trkpt lat="46.106026" lon="12.411029">
        <ele>995.487895</ele>
        <time>2026-08-21T08:47:03.875Z</time>
      </trkpt>
      <trkpt lat="46.105963" lon="12.410729">
        <ele>997.251690</ele>
        <time>2026-08-21T08:47:11.237Z</time>
      </trkpt>
      <trkpt lat="46.105929" lon="12.410264">
        <ele>999.882698</ele>
        <time>2026-08-21T08:47:22.876Z</time>
      </trkpt>
      <trkpt lat="46.105829" lon="12.410022">
        <ele>1001.553579</ele>
        <time>2026-08-21T08:47:30.310Z</time>
      </trkpt>
      <trkpt lat="46.105746" lon="12.409923">
        <ele>1002.726458</ele>
        <time>2026-08-21T08:47:34.586Z</time>
      </trkpt>
      <trkpt lat="46.105497" lon="12.409892">
        <ele>1005.448083</ele>
        <time>2026-08-21T08:47:45.323Z</time>
      </trkpt>
      <trkpt lat="46.104672" lon="12.410083">
        <ele>1014.547114</ele>
        <time>2026-08-21T08:48:27.914Z</time>
      </trkpt>
      <trkpt lat="46.104493" lon="12.410045">
        <ele>1016.517378</ele>
        <time>2026-08-21T08:48:37.890Z</time>
      </trkpt>
      <trkpt lat="46.104309" lon="12.409951">
        <ele>1018.643072</ele>
        <time>2026-08-21T08:48:48.236Z</time>
      </trkpt>
      <trkpt lat="46.103616" lon="12.409414">
        <ele>1025.641281</ele>
        <time>2026-08-21T08:49:22.647Z</time>
      </trkpt>
      <trkpt lat="46.103471" lon="12.409383">
        <ele>1026.846667</ele>
        <time>2026-08-21T08:49:28.089Z</time>
      </trkpt>
      <trkpt lat="46.102917" lon="12.409365">
        <ele>1031.403451</ele>
        <time>2026-08-21T08:49:47.437Z</time>
      </trkpt>
      <trkpt lat="46.101788" lon="12.409284">
        <ele>1038.258030</ele>
        <time>2026-08-21T08:50:25.295Z</time>
      </trkpt>
      <trkpt lat="46.101685" lon="12.409292">
        <ele>1038.700637</ele>
        <time>2026-08-21T08:50:28.563Z</time>
      </trkpt>
      <trkpt lat="46.101561" lon="12.409358">
        <ele>1039.267791</ele>
        <time>2026-08-21T08:50:32.524Z</time>
      </trkpt>
      <trkpt lat="46.101431" lon="12.409492">
        <ele>1039.953440</ele>
        <time>2026-08-21T08:50:37.072Z</time>
      </trkpt>
      <trkpt lat="46.100241" lon="12.411533">
        <ele>1044.045114</ele>
        <time>2026-08-21T08:51:08.526Z</time>
      </trkpt>
      <trkpt lat="46.100090" lon="12.411663">
        <ele>1044.165967</ele>
        <time>2026-08-21T08:51:10.242Z</time>
      </trkpt>
      <trkpt lat="46.099905" lon="12.411743">
        <ele>1044.298694</ele>
        <time>2026-08-21T08:51:12.089Z</time>
      </trkpt>
      <trkpt lat="46.099674" lon="12.411777">
        <ele>1044.458265</ele>
        <time>2026-08-21T08:51:14.432Z</time>
      </trkpt>
      <trkpt lat="46.099368" lon="12.411716">
        <ele>1044.619566</ele>
        <time>2026-08-21T08:51:17.791Z</time>
      </trkpt>
      <trkpt lat="46.099118" lon="12.411596">
        <ele>1044.725035</ele>
        <time>2026-08-21T08:51:20.987Z</time>
      </trkpt>
      <trkpt lat="46.098900" lon="12.411373">
        <ele>1044.832020</ele>
        <time>2026-08-21T08:51:24.789Z</time>
      </trkpt>
      <trkpt lat="46.098291" lon="12.410387">
        <ele>1045.198526</ele>
        <time>2026-08-21T08:51:39.419Z</time>
      </trkpt>
      <trkpt lat="46.098095" lon="12.409936">
        <ele>1044.815603</ele>
        <time>2026-08-21T08:51:44.663Z</time>
      </trkpt>
      <trkpt lat="46.097595" lon="12.408406">
        <ele>1042.085115</ele>
        <time>2026-08-21T08:51:54.414Z</time>
      </trkpt>
      <trkpt lat="46.097513" lon="12.408265">
        <ele>1041.788037</ele>
        <time>2026-08-21T08:51:55.396Z</time>
      </trkpt>
      <trkpt lat="46.097410" lon="12.408193">
        <ele>1041.521561</ele>
        <time>2026-08-21T08:51:56.279Z</time>
      </trkpt>
      <trkpt lat="46.097116" lon="12.408114">
        <ele>1040.740427</ele>
        <time>2026-08-21T08:51:58.637Z</time>
      </trkpt>
      <trkpt lat="46.096668" lon="12.408092">
        <ele>1039.350379</ele>
        <time>2026-08-21T08:52:02.293Z</time>
      </trkpt>
      <trkpt lat="46.096475" lon="12.408113">
        <ele>1038.750187</ele>
        <time>2026-08-21T08:52:03.931Z</time>
      </trkpt>
      <trkpt lat="46.096261" lon="12.408184">
        <ele>1038.069238</ele>
        <time>2026-08-21T08:52:05.793Z</time>
      </trkpt>
      <trkpt lat="46.095462" lon="12.408537">
        <ele>1035.466208</ele>
        <time>2026-08-21T08:52:12.848Z</time>
      </trkpt>
      <trkpt lat="46.094271" lon="12.409277">
        <ele>1029.613354</ele>
        <time>2026-08-21T08:52:22.661Z</time>
      </trkpt>
      <trkpt lat="46.093514" lon="12.409504">
        <ele>1025.754906</ele>
        <time>2026-08-21T08:52:28.565Z</time>
      </trkpt>
      <trkpt lat="46.093239" lon="12.409790">
        <ele>1023.777404</ele>
        <time>2026-08-21T08:52:31.144Z</time>
      </trkpt>
      <trkpt lat="46.092615" lon="12.410791">
        <ele>1018.333447</ele>
        <time>2026-08-21T08:52:38.067Z</time>
      </trkpt>
      <trkpt lat="46.092496" lon="12.410980">
        <ele>1017.300943</ele>
        <time>2026-08-21T08:52:39.334Z</time>
      </trkpt>
      <trkpt lat="46.092286" lon="12.411190">
        <ele>1015.477159</ele>
        <time>2026-08-21T08:52:41.132Z</time>
      </trkpt>
      <trkpt lat="46.091571" lon="12.411399">
        <ele>1009.915573</ele>
        <time>2026-08-21T08:52:46.189Z</time>
      </trkpt>
      <trkpt lat="46.090989" lon="12.411548">
        <ele>1005.409376</ele>
        <time>2026-08-21T08:52:50.351Z</time>
      </trkpt>
      <trkpt lat="46.090117" lon="12.411763">
        <ele>1002.079531</ele>
        <time>2026-08-21T08:52:57.036Z</time>
      </trkpt>
      <trkpt lat="46.090003" lon="12.411790">
        <ele>1001.864260</ele>
        <time>2026-08-21T08:52:58.096Z</time>
      </trkpt>
      <trkpt lat="46.089856" lon="12.411791">
        <ele>1001.590341</ele>
        <time>2026-08-21T08:52:59.596Z</time>
      </trkpt>
      <trkpt lat="46.089742" lon="12.411745">
        <ele>1001.369756</ele>
        <time>2026-08-21T08:53:00.960Z</time>
      </trkpt>
      <trkpt lat="46.089254" lon="12.411437">
        <ele>1000.377132</ele>
        <time>2026-08-21T08:53:08.487Z</time>
      </trkpt>
      <trkpt lat="46.089085" lon="12.411381">
        <ele>1000.054014</ele>
        <time>2026-08-21T08:53:11.153Z</time>
      </trkpt>
      <trkpt lat="46.088957" lon="12.411393">
        <ele>999.800174</ele>
        <time>2026-08-21T08:53:13.108Z</time>
      </trkpt>
      <trkpt lat="46.088295" lon="12.411776">
        <ele>997.345023</ele>
        <time>2026-08-21T08:53:20.481Z</time>
      </trkpt>
      <trkpt lat="46.087113" lon="12.412214">
        <ele>993.204036</ele>
        <time>2026-08-21T08:53:29.528Z</time>
      </trkpt>
      <trkpt lat="46.086532" lon="12.412412">
        <ele>991.395481</ele>
        <time>2026-08-21T08:53:33.885Z</time>
      </trkpt>
      <trkpt lat="46.086273" lon="12.412454">
        <ele>990.605930</ele>
        <time>2026-08-21T08:53:35.876Z</time>
      </trkpt>
      <trkpt lat="46.086178" lon="12.412435">
        <ele>990.315385</ele>
        <time>2026-08-21T08:53:36.636Z</time>
      </trkpt>
      <trkpt lat="46.085970" lon="12.412313">
        <ele>989.635134</ele>
        <time>2026-08-21T08:53:38.531Z</time>
      </trkpt>
      <trkpt lat="46.085323" lon="12.411349">
        <ele>989.287078</ele>
        <time>2026-08-21T08:53:54.445Z</time>
      </trkpt>
      <trkpt lat="46.085242" lon="12.411229">
        <ele>989.566773</ele>
        <time>2026-08-21T08:53:57.270Z</time>
      </trkpt>
      <trkpt lat="46.085126" lon="12.411139">
        <ele>989.884014</ele>
        <time>2026-08-21T08:54:00.311Z</time>
      </trkpt>
      <trkpt lat="46.084909" lon="12.411085">
        <ele>990.414336</ele>
        <time>2026-08-21T08:54:05.092Z</time>
      </trkpt>
      <trkpt lat="46.084772" lon="12.411145">
        <ele>990.759156</ele>
        <time>2026-08-21T08:54:08.170Z</time>
      </trkpt>
      <trkpt lat="46.084649" lon="12.411293">
        <ele>991.144980</ele>
        <time>2026-08-21T08:54:11.668Z</time>
      </trkpt>
      <trkpt lat="46.084563" lon="12.411503">
        <ele>991.552337</ele>
        <time>2026-08-21T08:54:15.342Z</time>
      </trkpt>
      <trkpt lat="46.084531" lon="12.411651">
        <ele>991.811285</ele>
        <time>2026-08-21T08:54:17.700Z</time>
      </trkpt>
      <trkpt lat="46.084424" lon="12.412361">
        <ele>993.131817</ele>
        <time>2026-08-21T08:54:27.233Z</time>
      </trkpt>
      <trkpt lat="46.084332" lon="12.412617">
        <ele>993.716312</ele>
        <time>2026-08-21T08:54:30.660Z</time>
      </trkpt>
      <trkpt lat="46.084096" lon="12.412958">
        <ele>994.692868</ele>
        <time>2026-08-21T08:54:37.124Z</time>
      </trkpt>
      <trkpt lat="46.082708" lon="12.414098">
        <ele>999.846289</ele>
        <time>2026-08-21T08:55:13.152Z</time>
      </trkpt>
      <trkpt lat="46.082063" lon="12.414627">
        <ele>1002.680180</ele>
        <time>2026-08-21T08:55:30.843Z</time>
      </trkpt>
      <trkpt lat="46.081863" lon="12.414746">
        <ele>1003.506456</ele>
        <time>2026-08-21T08:55:36.261Z</time>
      </trkpt>
      <trkpt lat="46.081081" lon="12.414885">
        <ele>1006.930251</ele>
        <time>2026-08-21T08:55:57.134Z</time>
      </trkpt>
      <trkpt lat="46.080380" lon="12.414940">
        <ele>1010.207545</ele>
        <time>2026-08-21T08:56:16.706Z</time>
      </trkpt>
      <trkpt lat="46.080237" lon="12.414924">
        <ele>1010.877114</ele>
        <time>2026-08-21T08:56:20.610Z</time>
      </trkpt>
      <trkpt lat="46.080030" lon="12.414836">
        <ele>1011.884584</ele>
        <time>2026-08-21T08:56:26.446Z</time>
      </trkpt>
      <trkpt lat="46.079524" lon="12.414429">
        <ele>1013.679149</ele>
        <time>2026-08-21T08:56:41.794Z</time>
      </trkpt>
      <trkpt lat="46.079340" lon="12.414345">
        <ele>1014.048396</ele>
        <time>2026-08-21T08:56:46.483Z</time>
      </trkpt>
      <trkpt lat="46.078966" lon="12.414250">
        <ele>1014.774934</ele>
        <time>2026-08-21T08:56:55.002Z</time>
      </trkpt>
      <trkpt lat="46.078505" lon="12.414239">
        <ele>1015.657014</ele>
        <time>2026-08-21T08:57:03.475Z</time>
      </trkpt>
      <trkpt lat="46.077947" lon="12.414180">
        <ele>1015.973765</ele>
        <time>2026-08-21T08:57:08.878Z</time>
      </trkpt>
      <trkpt lat="46.077760" lon="12.414101">
        <ele>1015.172753</ele>
        <time>2026-08-21T08:57:10.463Z</time>
      </trkpt>
      <trkpt lat="46.077622" lon="12.413992">
        <ele>1014.525922</ele>
        <time>2026-08-21T08:57:11.692Z</time>
      </trkpt>
      <trkpt lat="46.077494" lon="12.413839">
        <ele>1013.842417</ele>
        <time>2026-08-21T08:57:12.962Z</time>
      </trkpt>
      <trkpt lat="46.077287" lon="12.413471">
        <ele>1012.491438</ele>
        <time>2026-08-21T08:57:15.419Z</time>
      </trkpt>
      <trkpt lat="46.076999" lon="12.412956">
        <ele>1010.605157</ele>
        <time>2026-08-21T08:57:18.811Z</time>
      </trkpt>
      <trkpt lat="46.076651" lon="12.412414">
        <ele>1008.706132</ele>
        <time>2026-08-21T08:57:22.632Z</time>
      </trkpt>
      <trkpt lat="46.075676" lon="12.411144">
        <ele>1005.181884</ele>
        <time>2026-08-21T08:57:33.598Z</time>
      </trkpt>
      <trkpt lat="46.075405" lon="12.410867">
        <ele>1004.290912</ele>
        <time>2026-08-21T08:57:36.806Z</time>
      </trkpt>
      <trkpt lat="46.075087" lon="12.410642">
        <ele>1004.276814</ele>
        <time>2026-08-21T08:57:40.473Z</time>
      </trkpt>
      <trkpt lat="46.073427" lon="12.409621">
        <ele>1004.592784</ele>
        <time>2026-08-21T08:58:04.039Z</time>
      </trkpt>
      <trkpt lat="46.066780" lon="12.405633">
        <ele>1010.773573</ele>
        <time>2026-08-21T08:59:49.392Z</time>
      </trkpt>
      <trkpt lat="46.066465" lon="12.405444">
        <ele>1011.206037</ele>
        <time>2026-08-21T08:59:54.432Z</time>
      </trkpt>
      <trkpt lat="46.065814" lon="12.405053">
        <ele>1012.099932</ele>
        <time>2026-08-21T09:00:06.123Z</time>
      </trkpt>
      <trkpt lat="46.065514" lon="12.404874">
        <ele>1012.511467</ele>
        <time>2026-08-21T09:00:11.705Z</time>
      </trkpt>
      <trkpt lat="46.065036" lon="12.404601">
        <ele>1013.066899</ele>
        <time>2026-08-21T09:00:20.162Z</time>
      </trkpt>
      <trkpt lat="46.064736" lon="12.404417">
        <ele>1013.409587</ele>
        <time>2026-08-21T09:00:25.297Z</time>
      </trkpt>
      <trkpt lat="46.064438" lon="12.404241">
        <ele>1013.748087</ele>
        <time>2026-08-21T09:00:30.287Z</time>
      </trkpt>
      <trkpt lat="46.064097" lon="12.404039">
        <ele>1014.135598</ele>
        <time>2026-08-21T09:00:35.576Z</time>
      </trkpt>
      <trkpt lat="46.062902" lon="12.403322">
        <ele>1015.304157</ele>
        <time>2026-08-21T09:00:53.276Z</time>
      </trkpt>
      <trkpt lat="46.061297" lon="12.402358">
        <ele>1016.605547</ele>
        <time>2026-08-21T09:01:20.067Z</time>
      </trkpt>
      <trkpt lat="46.059582" lon="12.401319">
        <ele>1018.269532</ele>
        <time>2026-08-21T09:01:43.598Z</time>
      </trkpt>
      <trkpt lat="46.059268" lon="12.401128">
        <ele>1018.651766</ele>
        <time>2026-08-21T09:01:49.697Z</time>
      </trkpt>
      <trkpt lat="46.059072" lon="12.401010">
        <ele>1018.889990</ele>
        <time>2026-08-21T09:01:53.710Z</time>
      </trkpt>
      <trkpt lat="46.059043" lon="12.400990">
        <ele>1018.926046</ele>
        <time>2026-08-21T09:01:54.270Z</time>
      </trkpt>
      <trkpt lat="46.058158" lon="12.400411">
        <ele>1021.534137</ele>
        <time>2026-08-21T09:02:12.846Z</time>
      </trkpt>
      <trkpt lat="46.058053" lon="12.400360">
        <ele>1021.892700</ele>
        <time>2026-08-21T09:02:15.293Z</time>
      </trkpt>
      <trkpt lat="46.057923" lon="12.400331">
        <ele>1022.318392</ele>
        <time>2026-08-21T09:02:18.419Z</time>
      </trkpt>
      <trkpt lat="46.057516" lon="12.400323">
        <ele>1023.635572</ele>
        <time>2026-08-21T09:02:28.419Z</time>
      </trkpt>
      <trkpt lat="46.056593" lon="12.400431">
        <ele>1026.993157</ele>
        <time>2026-08-21T09:02:51.253Z</time>
      </trkpt>
      <trkpt lat="46.056075" lon="12.400547">
        <ele>1029.071971</ele>
        <time>2026-08-21T09:03:04.859Z</time>
      </trkpt>
      <trkpt lat="46.055082" lon="12.400885">
        <ele>1032.958940</ele>
        <time>2026-08-21T09:03:29.127Z</time>
      </trkpt>
      <trkpt lat="46.054838" lon="12.400911">
        <ele>1033.767304</ele>
        <time>2026-08-21T09:03:34.791Z</time>
      </trkpt>
      <trkpt lat="46.054151" lon="12.400890">
        <ele>1036.037625</ele>
        <time>2026-08-21T09:03:50.885Z</time>
      </trkpt>
      <trkpt lat="46.052629" lon="12.400758">
        <ele>1040.518585</ele>
        <time>2026-08-21T09:04:22.508Z</time>
      </trkpt>
      <trkpt lat="46.052067" lon="12.400636">
        <ele>1042.044208</ele>
        <time>2026-08-21T09:04:33.318Z</time>
      </trkpt>
      <trkpt lat="46.051959" lon="12.400594">
        <ele>1042.344490</ele>
        <time>2026-08-21T09:04:35.527Z</time>
      </trkpt>
      <trkpt lat="46.051808" lon="12.400479">
        <ele>1042.802961</ele>
        <time>2026-08-21T09:04:38.937Z</time>
      </trkpt>
      <trkpt lat="46.051122" lon="12.399859">
        <ele>1046.393521</ele>
        <time>2026-08-21T09:04:56.823Z</time>
      </trkpt>
      <trkpt lat="46.050278" lon="12.399278">
        <ele>1050.646601</ele>
        <time>2026-08-21T09:05:23.677Z</time>
      </trkpt>
      <trkpt lat="46.050078" lon="12.398998">
        <ele>1052.433573</ele>
        <time>2026-08-21T09:05:32.565Z</time>
      </trkpt>
      <trkpt lat="46.049161" lon="12.398155">
        <ele>1060.582151</ele>
        <time>2026-08-21T09:06:12.334Z</time>
      </trkpt>
      <trkpt lat="46.048550" lon="12.397694">
        <ele>1065.312371</ele>
        <time>2026-08-21T09:06:39.033Z</time>
      </trkpt>
      <trkpt lat="46.048412" lon="12.397724">
        <ele>1065.965044</ele>
        <time>2026-08-21T09:06:44.295Z</time>
      </trkpt>
      <trkpt lat="46.048312" lon="12.397908">
        <ele>1066.723584</ele>
        <time>2026-08-21T09:06:50.271Z</time>
      </trkpt>
      <trkpt lat="46.048243" lon="12.398857">
        <ele>1069.820697</ele>
        <time>2026-08-21T09:07:12.765Z</time>
      </trkpt>
      <trkpt lat="46.048095" lon="12.400155">
        <ele>1072.361037</ele>
        <time>2026-08-21T09:07:26.823Z</time>
      </trkpt>
      <trkpt lat="46.048108" lon="12.400707">
        <ele>1071.313994</ele>
        <time>2026-08-21T09:07:29.899Z</time>
      </trkpt>
      <trkpt lat="46.048087" lon="12.401266">
        <ele>1070.252731</ele>
        <time>2026-08-21T09:07:32.904Z</time>
      </trkpt>
      <trkpt lat="46.048018" lon="12.401489">
        <ele>1069.789876</ele>
        <time>2026-08-21T09:07:34.202Z</time>
      </trkpt>
      <trkpt lat="46.047837" lon="12.401786">
        <ele>1069.040599</ele>
        <time>2026-08-21T09:07:36.280Z</time>
      </trkpt>
      <trkpt lat="46.047612" lon="12.401944">
        <ele>1068.356931</ele>
        <time>2026-08-21T09:07:38.234Z</time>
      </trkpt>
      <trkpt lat="46.047275" lon="12.402033">
        <ele>1067.866994</ele>
        <time>2026-08-21T09:07:41.046Z</time>
      </trkpt>
      <trkpt lat="46.046522" lon="12.402076">
        <ele>1067.189363</ele>
        <time>2026-08-21T09:07:48.669Z</time>
      </trkpt>
      <trkpt lat="46.045889" lon="12.402055">
        <ele>1066.620017</ele>
        <time>2026-08-21T09:07:56.347Z</time>
      </trkpt>
      <trkpt lat="46.045231" lon="12.401807">
        <ele>1067.333413</ele>
        <time>2026-08-21T09:08:05.207Z</time>
      </trkpt>
      <trkpt lat="46.045063" lon="12.401716">
        <ele>1067.636843</ele>
        <time>2026-08-21T09:08:07.874Z</time>
      </trkpt>
      <trkpt lat="46.043890" lon="12.400782">
        <ele>1070.462114</ele>
        <time>2026-08-21T09:08:33.753Z</time>
      </trkpt>
      <trkpt lat="46.043604" lon="12.400513">
        <ele>1071.860820</ele>
        <time>2026-08-21T09:08:41.908Z</time>
      </trkpt>
      <trkpt lat="46.043186" lon="12.400058">
        <ele>1074.006246</ele>
        <time>2026-08-21T09:08:55.316Z</time>
      </trkpt>
      <trkpt lat="46.042778" lon="12.399581">
        <ele>1076.157995</ele>
        <time>2026-08-21T09:09:09.759Z</time>
      </trkpt>
      <trkpt lat="46.042142" lon="12.398735">
        <ele>1080.280732</ele>
        <time>2026-08-21T09:09:34.166Z</time>
      </trkpt>
      <trkpt lat="46.041936" lon="12.398496">
        <ele>1081.585188</ele>
        <time>2026-08-21T09:09:41.743Z</time>
      </trkpt>
      <trkpt lat="46.041657" lon="12.398034">
        <ele>1083.681566</ele>
        <time>2026-08-21T09:09:52.785Z</time>
      </trkpt>
      <trkpt lat="46.041407" lon="12.397549">
        <ele>1085.750110</ele>
        <time>2026-08-21T09:10:03.868Z</time>
      </trkpt>
      <trkpt lat="46.041189" lon="12.397164">
        <ele>1087.647063</ele>
        <time>2026-08-21T09:10:13.674Z</time>
      </trkpt>
      <trkpt lat="46.041135" lon="12.397063">
        <ele>1088.133807</ele>
        <time>2026-08-21T09:10:16.338Z</time>
      </trkpt>
      <trkpt lat="46.041063" lon="12.396938">
        <ele>1088.753968</ele>
        <time>2026-08-21T09:10:19.859Z</time>
      </trkpt>
      <trkpt lat="46.040825" lon="12.396694">
        <ele>1090.360684</ele>
        <time>2026-08-21T09:10:29.889Z</time>
      </trkpt>
      <trkpt lat="46.040247" lon="12.396278">
        <ele>1093.914536</ele>
        <time>2026-08-21T09:10:49.567Z</time>
      </trkpt>
      <trkpt lat="46.039910" lon="12.395977">
        <ele>1095.972331</ele>
        <time>2026-08-21T09:11:00.676Z</time>
      </trkpt>
      <trkpt lat="46.039746" lon="12.395910">
        <ele>1096.657145</ele>
        <time>2026-08-21T09:11:05.210Z</time>
      </trkpt>
      <trkpt lat="46.039640" lon="12.395926">
        <ele>1097.085307</ele>
        <time>2026-08-21T09:11:08.037Z</time>
      </trkpt>
      <trkpt lat="46.039588" lon="12.395984">
        <ele>1097.349501</ele>
        <time>2026-08-21T09:11:09.550Z</time>
      </trkpt>
      <trkpt lat="46.039454" lon="12.396355">
        <ele>1098.515756</ele>
        <time>2026-08-21T09:11:16.463Z</time>
      </trkpt>
      <trkpt lat="46.039383" lon="12.396890">
        <ele>1100.034702</ele>
        <time>2026-08-21T09:11:24.868Z</time>
      </trkpt>
      <trkpt lat="46.039321" lon="12.397646">
        <ele>1102.157582</ele>
        <time>2026-08-21T09:11:35.749Z</time>
      </trkpt>
      <trkpt lat="46.039342" lon="12.398277">
        <ele>1104.092676</ele>
        <time>2026-08-21T09:11:48.307Z</time>
      </trkpt>
      <trkpt lat="46.039057" lon="12.399513">
        <ele>1108.321762</ele>
        <time>2026-08-21T09:12:16.008Z</time>
      </trkpt>
      <trkpt lat="46.039090" lon="12.400110">
        <ele>1110.266442</ele>
        <time>2026-08-21T09:12:28.013Z</time>
      </trkpt>
      <trkpt lat="46.039164" lon="12.400623">
        <ele>1111.246142</ele>
        <time>2026-08-21T09:12:35.951Z</time>
      </trkpt>
      <trkpt lat="46.039164" lon="12.400767">
        <ele>1111.224586</ele>
        <time>2026-08-21T09:12:37.875Z</time>
      </trkpt>
      <trkpt lat="46.039126" lon="12.400957">
        <ele>1111.194988</ele>
        <time>2026-08-21T09:12:39.993Z</time>
      </trkpt>
      <trkpt lat="46.038856" lon="12.401554">
        <ele>1111.088330</ele>
        <time>2026-08-21T09:12:45.123Z</time>
      </trkpt>
      <trkpt lat="46.038566" lon="12.402285">
        <ele>1110.962296</ele>
        <time>2026-08-21T09:12:50.207Z</time>
      </trkpt>
      <trkpt lat="46.038157" lon="12.402960">
        <ele>1111.442991</ele>
        <time>2026-08-21T09:12:55.690Z</time>
      </trkpt>
      <trkpt lat="46.037963" lon="12.403191">
        <ele>1111.927729</ele>
        <time>2026-08-21T09:12:58.467Z</time>
      </trkpt>
      <trkpt lat="46.037516" lon="12.403687">
        <ele>1113.014392</ele>
        <time>2026-08-21T09:13:07.767Z</time>
      </trkpt>
      <trkpt lat="46.037145" lon="12.404016">
        <ele>1113.853435</ele>
        <time>2026-08-21T09:13:18.456Z</time>
      </trkpt>
      <trkpt lat="46.036932" lon="12.404331">
        <ele>1114.519809</ele>
        <time>2026-08-21T09:13:28.138Z</time>
      </trkpt>
      <trkpt lat="46.036506" lon="12.404794">
        <ele>1116.471841</ele>
        <time>2026-08-21T09:13:44.919Z</time>
      </trkpt>
      <trkpt lat="46.036164" lon="12.405299">
        <ele>1118.263327</ele>
        <time>2026-08-21T09:13:57.959Z</time>
      </trkpt>
      <trkpt lat="46.036065" lon="12.405371">
        <ele>1118.668995</ele>
        <time>2026-08-21T09:14:00.792Z</time>
      </trkpt>
      <trkpt lat="46.035895" lon="12.405432">
        <ele>1119.309838</ele>
        <time>2026-08-21T09:14:04.900Z</time>
      </trkpt>
      <trkpt lat="46.035362" lon="12.405499">
        <ele>1120.575600</ele>
        <time>2026-08-21T09:14:14.344Z</time>
      </trkpt>
      <trkpt lat="46.035256" lon="12.405546">
        <ele>1120.140538</ele>
        <time>2026-08-21T09:14:15.454Z</time>
      </trkpt>
      <trkpt lat="46.035250" lon="12.405552">
        <ele>1120.111886</ele>
        <time>2026-08-21T09:14:15.520Z</time>
      </trkpt>
      <trkpt lat="46.035102" lon="12.405683">
        <ele>1119.430475</ele>
        <time>2026-08-21T09:14:17.034Z</time>
      </trkpt>
      <trkpt lat="46.035065" lon="12.405726">
        <ele>1119.243986</ele>
        <time>2026-08-21T09:14:17.427Z</time>
      </trkpt>
      <trkpt lat="46.035026" lon="12.405854">
        <ele>1118.863317</ele>
        <time>2026-08-21T09:14:18.204Z</time>
      </trkpt>
      <trkpt lat="46.035008" lon="12.405964">
        <ele>1118.555552</ele>
        <time>2026-08-21T09:14:18.817Z</time>
      </trkpt>
      <trkpt lat="46.034885" lon="12.406754">
        <ele>1116.350751</ele>
        <time>2026-08-21T09:14:23.103Z</time>
      </trkpt>
      <trkpt lat="46.034816" lon="12.406984">
        <ele>1115.668423</ele>
        <time>2026-08-21T09:14:24.408Z</time>
      </trkpt>
      <trkpt lat="46.034394" lon="12.408359">
        <ele>1110.029827</ele>
        <time>2026-08-21T09:14:31.892Z</time>
      </trkpt>
      <trkpt lat="46.034289" lon="12.408570">
        <ele>1108.848775</ele>
        <time>2026-08-21T09:14:33.177Z</time>
      </trkpt>
      <trkpt lat="46.034139" lon="12.408754">
        <ele>1107.557678</ele>
        <time>2026-08-21T09:14:34.575Z</time>
      </trkpt>
      <trkpt lat="46.033319" lon="12.409658">
        <ele>1101.203565</ele>
        <time>2026-08-21T09:14:42.132Z</time>
      </trkpt>
      <trkpt lat="46.032742" lon="12.410481">
        <ele>1097.571242</ele>
        <time>2026-08-21T09:14:48.440Z</time>
      </trkpt>
      <trkpt lat="46.032505" lon="12.410736">
        <ele>1096.247987</ele>
        <time>2026-08-21T09:14:50.874Z</time>
      </trkpt>
      <trkpt lat="46.031428" lon="12.411367">
        <ele>1089.161063</ele>
        <time>2026-08-21T09:14:59.767Z</time>
      </trkpt>
      <trkpt lat="46.031165" lon="12.411496">
        <ele>1087.136520</ele>
        <time>2026-08-21T09:15:01.753Z</time>
      </trkpt>
      <trkpt lat="46.030588" lon="12.411472">
        <ele>1082.930192</ele>
        <time>2026-08-21T09:15:05.767Z</time>
      </trkpt>
      <trkpt lat="46.030136" lon="12.411454">
        <ele>1079.078957</ele>
        <time>2026-08-21T09:15:08.888Z</time>
      </trkpt>
      <trkpt lat="46.029942" lon="12.411532">
        <ele>1076.984898</ele>
        <time>2026-08-21T09:15:10.275Z</time>
      </trkpt>
      <trkpt lat="46.029758" lon="12.411721">
        <ele>1074.635286</ele>
        <time>2026-08-21T09:15:11.819Z</time>
      </trkpt>
      <trkpt lat="46.029652" lon="12.411820">
        <ele>1073.321830</ele>
        <time>2026-08-21T09:15:12.683Z</time>
      </trkpt>
      <trkpt lat="46.028183" lon="12.412804">
        <ele>1057.300748</ele>
        <time>2026-08-21T09:15:23.767Z</time>
      </trkpt>
      <trkpt lat="46.027140" lon="12.413441">
        <ele>1047.204077</ele>
        <time>2026-08-21T09:15:31.666Z</time>
      </trkpt>
      <trkpt lat="46.026890" lon="12.413670">
        <ele>1045.288624</ele>
        <time>2026-08-21T09:15:33.842Z</time>
      </trkpt>
      <trkpt lat="46.026511" lon="12.414241">
        <ele>1042.554577</ele>
        <time>2026-08-21T09:15:37.995Z</time>
      </trkpt>
      <trkpt lat="46.026252" lon="12.414522">
        <ele>1040.938167</ele>
        <time>2026-08-21T09:15:40.561Z</time>
      </trkpt>
      <trkpt lat="46.026060" lon="12.414649">
        <ele>1039.884962</ele>
        <time>2026-08-21T09:15:42.279Z</time>
      </trkpt>
      <trkpt lat="46.025913" lon="12.414674">
        <ele>1039.147098</ele>
        <time>2026-08-21T09:15:43.507Z</time>
      </trkpt>
      <trkpt lat="46.024481" lon="12.414592">
        <ele>1030.981122</ele>
        <time>2026-08-21T09:15:54.184Z</time>
      </trkpt>
      <trkpt lat="46.024295" lon="12.414453">
        <ele>1029.732801</ele>
        <time>2026-08-21T09:15:55.677Z</time>
      </trkpt>
      <trkpt lat="46.024006" lon="12.414108">
        <ele>1027.496634</ele>
        <time>2026-08-21T09:15:58.351Z</time>
      </trkpt>
      <trkpt lat="46.023935" lon="12.414069">
        <ele>1027.043956</ele>
        <time>2026-08-21T09:15:58.900Z</time>
      </trkpt>
      <trkpt lat="46.023584" lon="12.414017">
        <ele>1025.272002</ele>
        <time>2026-08-21T09:16:01.451Z</time>
      </trkpt>
      <trkpt lat="46.023438" lon="12.414026">
        <ele>1024.582599</ele>
        <time>2026-08-21T09:16:02.525Z</time>
      </trkpt>
      <trkpt lat="46.023063" lon="12.414129">
        <ele>1022.781604</ele>
        <time>2026-08-21T09:16:05.451Z</time>
      </trkpt>
      <trkpt lat="46.022420" lon="12.414448">
        <ele>1019.573229</ele>
        <time>2026-08-21T09:16:10.944Z</time>
      </trkpt>
      <trkpt lat="46.022301" lon="12.414483">
        <ele>1019.000244</ele>
        <time>2026-08-21T09:16:11.914Z</time>
      </trkpt>
      <trkpt lat="46.021972" lon="12.414483">
        <ele>1017.201135</ele>
        <time>2026-08-21T09:16:14.489Z</time>
      </trkpt>
      <trkpt lat="46.021798" lon="12.414349">
        <ele>1015.883608</ele>
        <time>2026-08-21T09:16:15.981Z</time>
      </trkpt>
      <trkpt lat="46.021699" lon="12.414229">
        <ele>1015.019578</ele>
        <time>2026-08-21T09:16:16.927Z</time>
      </trkpt>
      <trkpt lat="46.021659" lon="12.414134">
        <ele>1014.504453</ele>
        <time>2026-08-21T09:16:17.486Z</time>
      </trkpt>
      <trkpt lat="46.021590" lon="12.413627">
        <ele>1012.108985</ele>
        <time>2026-08-21T09:16:20.061Z</time>
      </trkpt>
      <trkpt lat="46.021464" lon="12.413322">
        <ele>1010.463482</ele>
        <time>2026-08-21T09:16:21.802Z</time>
      </trkpt>
      <trkpt lat="46.021411" lon="12.412986">
        <ele>1008.865897</ele>
        <time>2026-08-21T09:16:23.475Z</time>
      </trkpt>
      <trkpt lat="46.021417" lon="12.412730">
        <ele>1007.678254</ele>
        <time>2026-08-21T09:16:24.713Z</time>
      </trkpt>
      <trkpt lat="46.021444" lon="12.412531">
        <ele>1006.738124</ele>
        <time>2026-08-21T09:16:25.716Z</time>
      </trkpt>
      <trkpt lat="46.021528" lon="12.412225">
        <ele>1005.086519</ele>
        <time>2026-08-21T09:16:27.374Z</time>
      </trkpt>
      <trkpt lat="46.021519" lon="12.412139">
        <ele>1004.621354</ele>
        <time>2026-08-21T09:16:27.815Z</time>
      </trkpt>
      <trkpt lat="46.021243" lon="12.411447">
        <ele>1000.353093</ele>
        <time>2026-08-21T09:16:31.861Z</time>
      </trkpt>
      <trkpt lat="46.021163" lon="12.411096">
        <ele>998.377217</ele>
        <time>2026-08-21T09:16:33.713Z</time>
      </trkpt>
      <trkpt lat="46.021166" lon="12.410914">
        <ele>997.403509</ele>
        <time>2026-08-21T09:16:34.615Z</time>
      </trkpt>
      <trkpt lat="46.021286" lon="12.410482">
        <ele>994.914928</ele>
        <time>2026-08-21T09:16:36.879Z</time>
      </trkpt>
      <trkpt lat="46.021404" lon="12.409495">
        <ele>989.287695</ele>
        <time>2026-08-21T09:16:41.685Z</time>
      </trkpt>
      <trkpt lat="46.021379" lon="12.409066">
        <ele>986.747379</ele>
        <time>2026-08-21T09:16:43.775Z</time>
      </trkpt>
      <trkpt lat="46.021271" lon="12.408615">
        <ele>983.932337</ele>
        <time>2026-08-21T09:16:46.083Z</time>
      </trkpt>
      <trkpt lat="46.021031" lon="12.407915">
        <ele>979.325743</ele>
        <time>2026-08-21T09:16:49.891Z</time>
      </trkpt>
      <trkpt lat="46.020990" lon="12.407609">
        <ele>977.486797</ele>
        <time>2026-08-21T09:16:51.425Z</time>
      </trkpt>
      <trkpt lat="46.020695" lon="12.406761">
        <ele>971.578602</ele>
        <time>2026-08-21T09:16:56.202Z</time>
      </trkpt>
      <trkpt lat="46.020663" lon="12.406355">
        <ele>969.017407</ele>
        <time>2026-08-21T09:16:58.189Z</time>
      </trkpt>
      <trkpt lat="46.020589" lon="12.406088">
        <ele>967.215440</ele>
        <time>2026-08-21T09:16:59.570Z</time>
      </trkpt>
      <trkpt lat="46.020480" lon="12.405909">
        <ele>965.723143</ele>
        <time>2026-08-21T09:17:00.709Z</time>
      </trkpt>
      <trkpt lat="46.020356" lon="12.405803">
        <ele>964.421487</ele>
        <time>2026-08-21T09:17:01.702Z</time>
      </trkpt>
      <trkpt lat="46.020180" lon="12.405732">
        <ele>962.771634</ele>
        <time>2026-08-21T09:17:02.943Z</time>
      </trkpt>
      <trkpt lat="46.020083" lon="12.405629">
        <ele>961.683754</ele>
        <time>2026-08-21T09:17:03.765Z</time>
      </trkpt>
      <trkpt lat="46.019975" lon="12.405372">
        <ele>959.587048</ele>
        <time>2026-08-21T09:17:05.183Z</time>
      </trkpt>
      <trkpt lat="46.019901" lon="12.404854">
        <ele>955.446135</ele>
        <time>2026-08-21T09:17:07.685Z</time>
      </trkpt>
      <trkpt lat="46.019905" lon="12.404717">
        <ele>954.372468</ele>
        <time>2026-08-21T09:17:08.335Z</time>
      </trkpt>
      <trkpt lat="46.019944" lon="12.404532">
        <ele>952.858626</ele>
        <time>2026-08-21T09:17:09.251Z</time>
      </trkpt>
      <trkpt lat="46.020024" lon="12.404382">
        <ele>951.377680</ele>
        <time>2026-08-21T09:17:10.148Z</time>
      </trkpt>
      <trkpt lat="46.020257" lon="12.404247">
        <ele>948.545726</ele>
        <time>2026-08-21T09:17:11.860Z</time>
      </trkpt>
      <trkpt lat="46.020359" lon="12.404155">
        <ele>947.188618</ele>
        <time>2026-08-21T09:17:12.685Z</time>
      </trkpt>
      <trkpt lat="46.020398" lon="12.403987">
        <ele>945.801617</ele>
        <time>2026-08-21T09:17:13.522Z</time>
      </trkpt>
      <trkpt lat="46.020346" lon="12.403860">
        <ele>944.647212</ele>
        <time>2026-08-21T09:17:14.218Z</time>
      </trkpt>
      <trkpt lat="46.019858" lon="12.403496">
        <ele>938.439412</ele>
        <time>2026-08-21T09:17:17.935Z</time>
      </trkpt>
      <trkpt lat="46.019774" lon="12.403357">
        <ele>936.988476</ele>
        <time>2026-08-21T09:17:18.795Z</time>
      </trkpt>
      <trkpt lat="46.019739" lon="12.403047">
        <ele>934.515430</ele>
        <time>2026-08-21T09:17:20.261Z</time>
      </trkpt>
      <trkpt lat="46.019752" lon="12.402343">
        <ele>928.970056</ele>
        <time>2026-08-21T09:17:23.583Z</time>
      </trkpt>
      <trkpt lat="46.019726" lon="12.402065">
        <ele>926.761272</ele>
        <time>2026-08-21T09:17:24.907Z</time>
      </trkpt>
      <trkpt lat="46.019616" lon="12.401689">
        <ele>923.548559</ele>
        <time>2026-08-21T09:17:26.835Z</time>
      </trkpt>
      <trkpt lat="46.019553" lon="12.401608">
        <ele>922.590885</ele>
        <time>2026-08-21T09:17:27.410Z</time>
      </trkpt>
      <trkpt lat="46.019404" lon="12.401528">
        <ele>920.787708</ele>
        <time>2026-08-21T09:17:28.493Z</time>
      </trkpt>
      <trkpt lat="46.019067" lon="12.401438">
        <ele>917.892788</ele>
        <time>2026-08-21T09:17:30.851Z</time>
      </trkpt>
      <trkpt lat="46.018955" lon="12.401453">
        <ele>917.027837</ele>
        <time>2026-08-21T09:17:31.632Z</time>
      </trkpt>
      <trkpt lat="46.018577" lon="12.401700">
        <ele>913.835927</ele>
        <time>2026-08-21T09:17:34.593Z</time>
      </trkpt>
      <trkpt lat="46.018409" lon="12.401722">
        <ele>912.538746</ele>
        <time>2026-08-21T09:17:35.836Z</time>
      </trkpt>
      <trkpt lat="46.018349" lon="12.401688">
        <ele>912.042934</ele>
        <time>2026-08-21T09:17:36.312Z</time>
      </trkpt>
      <trkpt lat="46.018283" lon="12.401598">
        <ele>911.343982</ele>
        <time>2026-08-21T09:17:36.972Z</time>
      </trkpt>
      <trkpt lat="46.018255" lon="12.401509">
        <ele>910.822236</ele>
        <time>2026-08-21T09:17:37.464Z</time>
      </trkpt>
      <trkpt lat="46.018291" lon="12.401288">
        <ele>909.610091</ele>
        <time>2026-08-21T09:17:38.604Z</time>
      </trkpt>
      <trkpt lat="46.018379" lon="12.401173">
        <ele>908.696307</ele>
        <time>2026-08-21T09:17:39.461Z</time>
      </trkpt>
      <trkpt lat="46.018832" lon="12.400928">
        <ele>905.163979</ele>
        <time>2026-08-21T09:17:42.957Z</time>
      </trkpt>
      <trkpt lat="46.019510" lon="12.400732">
        <ele>900.699501</ele>
        <time>2026-08-21T09:17:47.931Z</time>
      </trkpt>
      <trkpt lat="46.019682" lon="12.400654">
        <ele>899.535316</ele>
        <time>2026-08-21T09:17:49.214Z</time>
      </trkpt>
      <trkpt lat="46.019894" lon="12.400485">
        <ele>897.970940</ele>
        <time>2026-08-21T09:17:50.946Z</time>
      </trkpt>
      <trkpt lat="46.020860" lon="12.399431">
        <ele>891.065457</ele>
        <time>2026-08-21T09:18:00.031Z</time>
      </trkpt>
      <trkpt lat="46.021020" lon="12.399409">
        <ele>890.244868</ele>
        <time>2026-08-21T09:18:01.296Z</time>
      </trkpt>
      <trkpt lat="46.021205" lon="12.399625">
        <ele>889.028934</ele>
        <time>2026-08-21T09:18:03.148Z</time>
      </trkpt>
      <trkpt lat="46.021452" lon="12.399809">
        <ele>887.609158</ele>
        <time>2026-08-21T09:18:05.306Z</time>
      </trkpt>
      <trkpt lat="46.021980" lon="12.399875">
        <ele>884.508498</ele>
        <time>2026-08-21T09:18:09.311Z</time>
      </trkpt>
      <trkpt lat="46.022190" lon="12.399798">
        <ele>882.437608</ele>
        <time>2026-08-21T09:18:10.857Z</time>
      </trkpt>
      <trkpt lat="46.022325" lon="12.399515">
        <ele>880.159213</ele>
        <time>2026-08-21T09:18:12.525Z</time>
      </trkpt>
      <trkpt lat="46.022416" lon="12.399007">
        <ele>876.677852</ele>
        <time>2026-08-21T09:18:15.029Z</time>
      </trkpt>
      <trkpt lat="46.022541" lon="12.398684">
        <ele>874.224082</ele>
        <time>2026-08-21T09:18:16.782Z</time>
      </trkpt>
      <trkpt lat="46.023047" lon="12.397736">
        <ele>865.745476</ele>
        <time>2026-08-21T09:18:22.425Z</time>
      </trkpt>
      <trkpt lat="46.023086" lon="12.397633">
        <ele>864.741408</ele>
        <time>2026-08-21T09:18:22.975Z</time>
      </trkpt>
      <trkpt lat="46.023093" lon="12.397526">
        <ele>863.821596</ele>
        <time>2026-08-21T09:18:23.482Z</time>
      </trkpt>
      <trkpt lat="46.023041" lon="12.397311">
        <ele>861.873094</ele>
        <time>2026-08-21T09:18:24.553Z</time>
      </trkpt>
      <trkpt lat="46.022822" lon="12.396920">
        <ele>857.573743</ele>
        <time>2026-08-21T09:18:26.923Z</time>
      </trkpt>
      <trkpt lat="46.022622" lon="12.396649">
        <ele>854.189040</ele>
        <time>2026-08-21T09:18:28.778Z</time>
      </trkpt>
      <trkpt lat="46.022170" lon="12.395801">
        <ele>844.923935</ele>
        <time>2026-08-21T09:18:33.765Z</time>
      </trkpt>
      <trkpt lat="46.021593" lon="12.395092">
        <ele>834.446770</ele>
        <time>2026-08-21T09:18:38.803Z</time>
      </trkpt>
      <trkpt lat="46.021373" lon="12.394721">
        <ele>829.767231</ele>
        <time>2026-08-21T09:18:41.054Z</time>
      </trkpt>
      <trkpt lat="46.021143" lon="12.394242">
        <ele>824.181302</ele>
        <time>2026-08-21T09:18:43.754Z</time>
      </trkpt>
      <trkpt lat="46.020888" lon="12.393533">
        <ele>818.283407</ele>
        <time>2026-08-21T09:18:47.504Z</time>
      </trkpt>
      <trkpt lat="46.020460" lon="12.392709">
        <ele>812.166342</ele>
        <time>2026-08-21T09:18:52.484Z</time>
      </trkpt>
      <trkpt lat="46.020213" lon="12.392316">
        <ele>809.015295</ele>
        <time>2026-08-21T09:18:55.175Z</time>
      </trkpt>
      <trkpt lat="46.019897" lon="12.391568">
        <ele>804.168497</ele>
        <time>2026-08-21T09:18:59.717Z</time>
      </trkpt>
      <trkpt lat="46.019539" lon="12.390815">
        <ele>799.742132</ele>
        <time>2026-08-21T09:19:04.263Z</time>
      </trkpt>
      <trkpt lat="46.018807" lon="12.389439">
        <ele>791.450779</ele>
        <time>2026-08-21T09:19:12.812Z</time>
      </trkpt>
      <trkpt lat="46.018574" lon="12.389177">
        <ele>789.515116</ele>
        <time>2026-08-21T09:19:14.969Z</time>
      </trkpt>
      <trkpt lat="46.018149" lon="12.388869">
        <ele>786.399762</ele>
        <time>2026-08-21T09:19:18.477Z</time>
      </trkpt>
      <trkpt lat="46.018007" lon="12.388652">
        <ele>785.044000</ele>
        <time>2026-08-21T09:19:20.020Z</time>
      </trkpt>
      <trkpt lat="46.017846" lon="12.388229">
        <ele>782.850653</ele>
        <time>2026-08-21T09:19:22.522Z</time>
      </trkpt>
      <trkpt lat="46.017459" lon="12.387107">
        <ele>774.485341</ele>
        <time>2026-08-21T09:19:28.684Z</time>
      </trkpt>
      <trkpt lat="46.017330" lon="12.386842">
        <ele>772.092039</ele>
        <time>2026-08-21T09:19:30.210Z</time>
      </trkpt>
      <trkpt lat="46.017145" lon="12.386569">
        <ele>769.271138</ele>
        <time>2026-08-21T09:19:31.998Z</time>
      </trkpt>
      <trkpt lat="46.016150" lon="12.385452">
        <ele>754.302643</ele>
        <time>2026-08-21T09:19:40.469Z</time>
      </trkpt>
      <trkpt lat="46.015712" lon="12.384898">
        <ele>746.613175</ele>
        <time>2026-08-21T09:19:44.363Z</time>
      </trkpt>
      <trkpt lat="46.015317" lon="12.384221">
        <ele>738.517718</ele>
        <time>2026-08-21T09:19:48.483Z</time>
      </trkpt>
      <trkpt lat="46.015189" lon="12.384051">
        <ele>736.624954</ele>
        <time>2026-08-21T09:19:49.659Z</time>
      </trkpt>
      <trkpt lat="46.014876" lon="12.383747">
        <ele>732.521157</ele>
        <time>2026-08-21T09:19:52.222Z</time>
      </trkpt>
      <trkpt lat="46.014725" lon="12.383488">
        <ele>729.968430</ele>
        <time>2026-08-21T09:19:53.822Z</time>
      </trkpt>
      <trkpt lat="46.014491" lon="12.382707">
        <ele>723.547601</ele>
        <time>2026-08-21T09:19:57.879Z</time>
      </trkpt>
      <trkpt lat="46.014158" lon="12.382071">
        <ele>717.691968</ele>
        <time>2026-08-21T09:20:01.717Z</time>
      </trkpt>
      <trkpt lat="46.013524" lon="12.381088">
        <ele>708.660749</ele>
        <time>2026-08-21T09:20:08.086Z</time>
      </trkpt>
      <trkpt lat="46.013314" lon="12.380840">
        <ele>706.028006</ele>
        <time>2026-08-21T09:20:09.936Z</time>
      </trkpt>
      <trkpt lat="46.012973" lon="12.380565">
        <ele>702.239352</ele>
        <time>2026-08-21T09:20:12.645Z</time>
      </trkpt>
      <trkpt lat="46.012697" lon="12.380246">
        <ele>700.003956</ele>
        <time>2026-08-21T09:20:15.196Z</time>
      </trkpt>
      <trkpt lat="46.012449" lon="12.379781">
        <ele>697.777733</ele>
        <time>2026-08-21T09:20:18.303Z</time>
      </trkpt>
      <trkpt lat="46.012399" lon="12.379636">
        <ele>697.163019</ele>
        <time>2026-08-21T09:20:19.197Z</time>
      </trkpt>
      <trkpt lat="46.012359" lon="12.379395">
        <ele>696.222140</ele>
        <time>2026-08-21T09:20:20.606Z</time>
      </trkpt>
      <trkpt lat="46.012301" lon="12.378626">
        <ele>693.284975</ele>
        <time>2026-08-21T09:20:24.961Z</time>
      </trkpt>
      <trkpt lat="46.012251" lon="12.378434">
        <ele>692.506356</ele>
        <time>2026-08-21T09:20:26.054Z</time>
      </trkpt>
      <trkpt lat="46.012020" lon="12.377979">
        <ele>689.094772</ele>
        <time>2026-08-21T09:20:28.892Z</time>
      </trkpt>
      <trkpt lat="46.011936" lon="12.377851">
        <ele>687.796369</ele>
        <time>2026-08-21T09:20:29.740Z</time>
      </trkpt>
      <trkpt lat="46.011836" lon="12.377759">
        <ele>686.536563</ele>
        <time>2026-08-21T09:20:30.551Z</time>
      </trkpt>
      <trkpt lat="46.011311" lon="12.377377">
        <ele>680.291914</ele>
        <time>2026-08-21T09:20:34.513Z</time>
      </trkpt>
      <trkpt lat="46.011182" lon="12.377231">
        <ele>678.550013</ele>
        <time>2026-08-21T09:20:35.609Z</time>
      </trkpt>
      <trkpt lat="46.011095" lon="12.377084">
        <ele>677.126028</ele>
        <time>2026-08-21T09:20:36.510Z</time>
      </trkpt>
      <trkpt lat="46.011012" lon="12.376874">
        <ele>675.344524</ele>
        <time>2026-08-21T09:20:37.632Z</time>
      </trkpt>
      <trkpt lat="46.010967" lon="12.376645">
        <ele>673.589811</ele>
        <time>2026-08-21T09:20:38.745Z</time>
      </trkpt>
      <trkpt lat="46.010965" lon="12.376380">
        <ele>671.994995</ele>
        <time>2026-08-21T09:20:39.993Z</time>
      </trkpt>
      <trkpt lat="46.010981" lon="12.376149">
        <ele>670.906767</ele>
        <time>2026-08-21T09:20:41.094Z</time>
      </trkpt>
      <trkpt lat="46.011085" lon="12.375469">
        <ele>667.642765</ele>
        <time>2026-08-21T09:20:44.528Z</time>
      </trkpt>
      <trkpt lat="46.011117" lon="12.374901">
        <ele>664.971416</ele>
        <time>2026-08-21T09:20:47.563Z</time>
      </trkpt>
      <trkpt lat="46.011172" lon="12.374650">
        <ele>663.737636</ele>
        <time>2026-08-21T09:20:49.007Z</time>
      </trkpt>
      <trkpt lat="46.011277" lon="12.374373">
        <ele>662.258339</ele>
        <time>2026-08-21T09:20:50.744Z</time>
      </trkpt>
      <trkpt lat="46.011387" lon="12.374204">
        <ele>661.172597</ele>
        <time>2026-08-21T09:20:51.988Z</time>
      </trkpt>
      <trkpt lat="46.011690" lon="12.373864">
        <ele>658.469468</ele>
        <time>2026-08-21T09:20:54.869Z</time>
      </trkpt>
      <trkpt lat="46.012035" lon="12.373638">
        <ele>655.762845</ele>
        <time>2026-08-21T09:20:57.666Z</time>
      </trkpt>
      <trkpt lat="46.012229" lon="12.373462">
        <ele>654.125442</ele>
        <time>2026-08-21T09:20:59.333Z</time>
      </trkpt>
      <trkpt lat="46.012395" lon="12.372941">
        <ele>651.282634</ele>
        <time>2026-08-21T09:21:02.143Z</time>
      </trkpt>
      <trkpt lat="46.012560" lon="12.372645">
        <ele>649.400270</ele>
        <time>2026-08-21T09:21:03.986Z</time>
      </trkpt>
      <trkpt lat="46.012951" lon="12.372383">
        <ele>645.994339</ele>
        <time>2026-08-21T09:21:06.968Z</time>
      </trkpt>
      <trkpt lat="46.013105" lon="12.372222">
        <ele>644.298720</ele>
        <time>2026-08-21T09:21:08.278Z</time>
      </trkpt>
      <trkpt lat="46.013229" lon="12.372036">
        <ele>642.703347</ele>
        <time>2026-08-21T09:21:09.516Z</time>
      </trkpt>
      <trkpt lat="46.013513" lon="12.371367">
        <ele>637.851657</ele>
        <time>2026-08-21T09:21:13.284Z</time>
      </trkpt>
      <trkpt lat="46.013751" lon="12.370572">
        <ele>632.494862</ele>
        <time>2026-08-21T09:21:17.506Z</time>
      </trkpt>
      <trkpt lat="46.013786" lon="12.370320">
        <ele>631.015611</ele>
        <time>2026-08-21T09:21:18.771Z</time>
      </trkpt>
      <trkpt lat="46.013746" lon="12.370178">
        <ele>630.216030</ele>
        <time>2026-08-21T09:21:19.530Z</time>
      </trkpt>
      <trkpt lat="46.013683" lon="12.370111">
        <ele>629.627576</ele>
        <time>2026-08-21T09:21:20.085Z</time>
      </trkpt>
      <trkpt lat="46.013587" lon="12.370094">
        <ele>628.900855</ele>
        <time>2026-08-21T09:21:20.782Z</time>
      </trkpt>
      <trkpt lat="46.013489" lon="12.370169">
        <ele>628.067000</ele>
        <time>2026-08-21T09:21:21.580Z</time>
      </trkpt>
      <trkpt lat="46.013303" lon="12.370930">
        <ele>623.857372</ele>
        <time>2026-08-21T09:21:25.638Z</time>
      </trkpt>
      <trkpt lat="46.013168" lon="12.371218">
        <ele>622.044310</ele>
        <time>2026-08-21T09:21:27.378Z</time>
      </trkpt>
      <trkpt lat="46.012985" lon="12.371492">
        <ele>620.060715</ele>
        <time>2026-08-21T09:21:29.273Z</time>
      </trkpt>
      <trkpt lat="46.012648" lon="12.371726">
        <ele>616.616337</ele>
        <time>2026-08-21T09:21:31.917Z</time>
      </trkpt>
      <trkpt lat="46.012414" lon="12.371838">
        <ele>613.381284</ele>
        <time>2026-08-21T09:21:33.628Z</time>
      </trkpt>
      <trkpt lat="46.012264" lon="12.371868">
        <ele>611.394514</ele>
        <time>2026-08-21T09:21:34.663Z</time>
      </trkpt>
      <trkpt lat="46.012185" lon="12.371818">
        <ele>610.262392</ele>
        <time>2026-08-21T09:21:35.251Z</time>
      </trkpt>
      <trkpt lat="46.012136" lon="12.371724">
        <ele>609.191515</ele>
        <time>2026-08-21T09:21:35.802Z</time>
      </trkpt>
      <trkpt lat="46.012124" lon="12.371627">
        <ele>608.293802</ele>
        <time>2026-08-21T09:21:36.258Z</time>
      </trkpt>
      <trkpt lat="46.012171" lon="12.371469">
        <ele>606.727715</ele>
        <time>2026-08-21T09:21:37.053Z</time>
      </trkpt>
      <trkpt lat="46.012598" lon="12.370992">
        <ele>599.637599</ele>
        <time>2026-08-21T09:21:40.622Z</time>
      </trkpt>
      <trkpt lat="46.012686" lon="12.370744">
        <ele>597.100158</ele>
        <time>2026-08-21T09:21:41.897Z</time>
      </trkpt>
      <trkpt lat="46.012681" lon="12.370506">
        <ele>594.930685</ele>
        <time>2026-08-21T09:21:42.990Z</time>
      </trkpt>
      <trkpt lat="46.012498" lon="12.370184">
        <ele>591.787634</ele>
        <time>2026-08-21T09:21:44.914Z</time>
      </trkpt>
      <trkpt lat="46.012458" lon="12.369911">
        <ele>589.735390</ele>
        <time>2026-08-21T09:21:46.216Z</time>
      </trkpt>
      <trkpt lat="46.012482" lon="12.369768">
        <ele>588.653280</ele>
        <time>2026-08-21T09:21:46.906Z</time>
      </trkpt>
      <trkpt lat="46.012571" lon="12.369611">
        <ele>587.162618</ele>
        <time>2026-08-21T09:21:47.856Z</time>
      </trkpt>
      <trkpt lat="46.012695" lon="12.369543">
        <ele>585.757312</ele>
        <time>2026-08-21T09:21:48.754Z</time>
      </trkpt>
      <trkpt lat="46.012908" lon="12.369354">
        <ele>583.107482</ele>
        <time>2026-08-21T09:21:50.465Z</time>
      </trkpt>
      <trkpt lat="46.013200" lon="12.368746">
        <ele>577.670251</ele>
        <time>2026-08-21T09:21:54.139Z</time>
      </trkpt>
      <trkpt lat="46.013777" lon="12.368065">
        <ele>571.677122</ele>
        <time>2026-08-21T09:21:59.568Z</time>
      </trkpt>
      <trkpt lat="46.014118" lon="12.367538">
        <ele>568.158079</ele>
        <time>2026-08-21T09:22:03.015Z</time>
      </trkpt>
      <trkpt lat="46.014288" lon="12.367213">
        <ele>566.170280</ele>
        <time>2026-08-21T09:22:04.965Z</time>
      </trkpt>
      <trkpt lat="46.014439" lon="12.366622">
        <ele>563.093727</ele>
        <time>2026-08-21T09:22:08.109Z</time>
      </trkpt>
      <trkpt lat="46.014504" lon="12.366450">
        <ele>562.720067</ele>
        <time>2026-08-21T09:22:09.203Z</time>
      </trkpt>
      <trkpt lat="46.014601" lon="12.366280">
        <ele>562.591609</ele>
        <time>2026-08-21T09:22:10.631Z</time>
      </trkpt>
      <trkpt lat="46.014689" lon="12.366188">
        <ele>562.500184</ele>
        <time>2026-08-21T09:22:12.015Z</time>
      </trkpt>
      <trkpt lat="46.015124" lon="12.365904">
        <ele>562.098645</ele>
        <time>2026-08-21T09:22:23.640Z</time>
      </trkpt>
      <trkpt lat="46.015204" lon="12.365892">
        <ele>562.031025</ele>
        <time>2026-08-21T09:22:25.427Z</time>
      </trkpt>
      <trkpt lat="46.015312" lon="12.365952">
        <ele>561.933706</ele>
        <time>2026-08-21T09:22:27.852Z</time>
      </trkpt>
      <trkpt lat="46.015642" lon="12.366669">
        <ele>561.431507</ele>
        <time>2026-08-21T09:22:36.949Z</time>
      </trkpt>
      <trkpt lat="46.015739" lon="12.366728">
        <ele>561.342983</ele>
        <time>2026-08-21T09:22:37.831Z</time>
      </trkpt>
      <trkpt lat="46.015832" lon="12.366720">
        <ele>560.932803</ele>
        <time>2026-08-21T09:22:38.576Z</time>
      </trkpt>
      <trkpt lat="46.015901" lon="12.366671">
        <ele>559.910577</ele>
        <time>2026-08-21T09:22:39.157Z</time>
      </trkpt>
      <trkpt lat="46.015970" lon="12.366544">
        <ele>558.422703</ele>
        <time>2026-08-21T09:22:39.972Z</time>
      </trkpt>
      <trkpt lat="46.016031" lon="12.366241">
        <ele>555.511746</ele>
        <time>2026-08-21T09:22:41.508Z</time>
      </trkpt>
      <trkpt lat="46.016054" lon="12.365749">
        <ele>550.961687</ele>
        <time>2026-08-21T09:22:43.801Z</time>
      </trkpt>
      <trkpt lat="46.016157" lon="12.364813">
        <ele>542.217273</ele>
        <time>2026-08-21T09:22:48.107Z</time>
      </trkpt>
      <trkpt lat="46.016214" lon="12.363608">
        <ele>531.079594</ele>
        <time>2026-08-21T09:22:53.655Z</time>
      </trkpt>
      <trkpt lat="46.016324" lon="12.363088">
        <ele>526.069231</ele>
        <time>2026-08-21T09:22:56.195Z</time>
      </trkpt>
      <trkpt lat="46.016343" lon="12.362903">
        <ele>524.345509</ele>
        <time>2026-08-21T09:22:57.075Z</time>
      </trkpt>
      <trkpt lat="46.016337" lon="12.362691">
        <ele>522.389848</ele>
        <time>2026-08-21T09:22:58.071Z</time>
      </trkpt>
      <trkpt lat="46.016293" lon="12.362525">
        <ele>520.752136</ele>
        <time>2026-08-21T09:22:58.908Z</time>
      </trkpt>
      <trkpt lat="46.016277" lon="12.362398">
        <ele>519.562448</ele>
        <time>2026-08-21T09:22:59.518Z</time>
      </trkpt>
      <trkpt lat="46.016174" lon="12.361571">
        <ele>512.201020</ele>
        <time>2026-08-21T09:23:03.477Z</time>
      </trkpt>
      <trkpt lat="46.016030" lon="12.361069">
        <ele>508.323532</ele>
        <time>2026-08-21T09:23:06.034Z</time>
      </trkpt>
      <trkpt lat="46.015739" lon="12.360384">
        <ele>502.590859</ele>
        <time>2026-08-21T09:23:09.814Z</time>
      </trkpt>
      <trkpt lat="46.015730" lon="12.360264">
        <ele>501.729189</ele>
        <time>2026-08-21T09:23:10.386Z</time>
      </trkpt>
      <trkpt lat="46.015752" lon="12.360125">
        <ele>500.711412</ele>
        <time>2026-08-21T09:23:11.056Z</time>
      </trkpt>
      <trkpt lat="46.015949" lon="12.359561">
        <ele>496.204372</ele>
        <time>2026-08-21T09:23:14.065Z</time>
      </trkpt>
      <trkpt lat="46.015979" lon="12.359419">
        <ele>495.144755</ele>
        <time>2026-08-21T09:23:14.799Z</time>
      </trkpt>
      <trkpt lat="46.016067" lon="12.358530">
        <ele>493.203243</ele>
        <time>2026-08-21T09:23:19.694Z</time>
      </trkpt>
      <trkpt lat="46.016305" lon="12.358231">
        <ele>492.262653</ele>
        <time>2026-08-21T09:23:22.522Z</time>
      </trkpt>
      <trkpt lat="46.016540" lon="12.358112">
        <ele>491.520814</ele>
        <time>2026-08-21T09:23:24.841Z</time>
      </trkpt>
      <trkpt lat="46.016723" lon="12.357974">
        <ele>490.905635</ele>
        <time>2026-08-21T09:23:26.913Z</time>
      </trkpt>
      <trkpt lat="46.016844" lon="12.357832">
        <ele>490.440789</ele>
        <time>2026-08-21T09:23:28.580Z</time>
      </trkpt>
      <trkpt lat="46.016913" lon="12.357677">
        <ele>490.060034</ele>
        <time>2026-08-21T09:23:30.130Z</time>
      </trkpt>
      <trkpt lat="46.016925" lon="12.357627">
        <ele>489.950630</ele>
        <time>2026-08-21T09:23:30.599Z</time>
      </trkpt>
      <trkpt lat="46.016958" lon="12.357384">
        <ele>489.052099</ele>
        <time>2026-08-21T09:23:32.703Z</time>
      </trkpt>
      <trkpt lat="46.016958" lon="12.357369">
        <ele>488.969183</ele>
        <time>2026-08-21T09:23:32.823Z</time>
      </trkpt>
      <trkpt lat="46.016907" lon="12.357141">
        <ele>487.645081</ele>
        <time>2026-08-21T09:23:34.495Z</time>
      </trkpt>
      <trkpt lat="46.016572" lon="12.356485">
        <ele>483.143934</ele>
        <time>2026-08-21T09:23:38.896Z</time>
      </trkpt>
      <trkpt lat="46.016485" lon="12.356405">
        <ele>482.322261</ele>
        <time>2026-08-21T09:23:39.637Z</time>
      </trkpt>
      <trkpt lat="46.016414" lon="12.356339">
        <ele>481.649572</ele>
        <time>2026-08-21T09:23:40.235Z</time>
      </trkpt>
      <trkpt lat="46.015506" lon="12.356463">
        <ele>473.183633</ele>
        <time>2026-08-21T09:23:46.393Z</time>
      </trkpt>
      <trkpt lat="46.014863" lon="12.356798">
        <ele>460.924662</ele>
        <time>2026-08-21T09:23:50.864Z</time>
      </trkpt>
      <trkpt lat="46.014338" lon="12.357178">
        <ele>450.390317</ele>
        <time>2026-08-21T09:23:54.700Z</time>
      </trkpt>
      <trkpt lat="46.014267" lon="12.357196">
        <ele>449.097859</ele>
        <time>2026-08-21T09:23:55.170Z</time>
      </trkpt>
      <trkpt lat="46.014097" lon="12.357131">
        <ele>445.944501</ele>
        <time>2026-08-21T09:23:56.323Z</time>
      </trkpt>
      <trkpt lat="46.013810" lon="12.356796">
        <ele>441.047491</ele>
        <time>2026-08-21T09:23:58.765Z</time>
      </trkpt>
      <trkpt lat="46.013747" lon="12.356616">
        <ele>439.682444</ele>
        <time>2026-08-21T09:23:59.700Z</time>
      </trkpt>
      <trkpt lat="46.013717" lon="12.356399">
        <ele>438.184044</ele>
        <time>2026-08-21T09:24:00.742Z</time>
      </trkpt>
      <trkpt lat="46.013709" lon="12.355233">
        <ele>430.287281</ele>
        <time>2026-08-21T09:24:06.465Z</time>
      </trkpt>
      <trkpt lat="46.013635" lon="12.354594">
        <ele>425.900095</ele>
        <time>2026-08-21T09:24:09.780Z</time>
      </trkpt>
      <trkpt lat="46.013899" lon="12.353631">
        <ele>421.812742</ele>
        <time>2026-08-21T09:24:15.080Z</time>
      </trkpt>
      <trkpt lat="46.013924" lon="12.353261">
        <ele>420.397429</ele>
        <time>2026-08-21T09:24:17.034Z</time>
      </trkpt>
      <trkpt lat="46.014040" lon="12.352652">
        <ele>417.993224</ele>
        <time>2026-08-21T09:24:20.407Z</time>
      </trkpt>
      <trkpt lat="46.014402" lon="12.351597">
        <ele>412.521794</ele>
        <time>2026-08-21T09:24:26.469Z</time>
      </trkpt>
      <trkpt lat="46.014566" lon="12.350819">
        <ele>408.027667</ele>
        <time>2026-08-21T09:24:30.457Z</time>
      </trkpt>
      <trkpt lat="46.014574" lon="12.350665">
        <ele>407.174057</ele>
        <time>2026-08-21T09:24:31.208Z</time>
      </trkpt>
      <trkpt lat="46.014543" lon="12.350555">
        <ele>406.517878</ele>
        <time>2026-08-21T09:24:31.788Z</time>
      </trkpt>
      <trkpt lat="46.014418" lon="12.350445">
        <ele>405.351891</ele>
        <time>2026-08-21T09:24:32.802Z</time>
      </trkpt>
      <trkpt lat="46.014331" lon="12.350478">
        <ele>404.635817</ele>
        <time>2026-08-21T09:24:33.426Z</time>
      </trkpt>
      <trkpt lat="46.014278" lon="12.350535">
        <ele>404.109304</ele>
        <time>2026-08-21T09:24:33.886Z</time>
      </trkpt>
      <trkpt lat="46.013816" lon="12.351952">
        <ele>395.078577</ele>
        <time>2026-08-21T09:24:41.393Z</time>
      </trkpt>
      <trkpt lat="46.013738" lon="12.352104">
        <ele>393.967370</ele>
        <time>2026-08-21T09:24:42.340Z</time>
      </trkpt>
      <trkpt lat="46.013635" lon="12.352136">
        <ele>393.075289</ele>
        <time>2026-08-21T09:24:43.094Z</time>
      </trkpt>
      <trkpt lat="46.013564" lon="12.352090">
        <ele>392.416147</ele>
        <time>2026-08-21T09:24:43.654Z</time>
      </trkpt>
      <trkpt lat="46.013489" lon="12.351949">
        <ele>391.371892</ele>
        <time>2026-08-21T09:24:44.539Z</time>
      </trkpt>
      <trkpt lat="46.013509" lon="12.351785">
        <ele>390.392875</ele>
        <time>2026-08-21T09:24:45.361Z</time>
      </trkpt>
      <trkpt lat="46.013626" lon="12.351349">
        <ele>387.644633</ele>
        <time>2026-08-21T09:24:47.663Z</time>
      </trkpt>
      <trkpt lat="46.013768" lon="12.350358">
        <ele>382.188534</ele>
        <time>2026-08-21T09:24:52.591Z</time>
      </trkpt>
      <trkpt lat="46.013766" lon="12.350088">
        <ele>380.776224</ele>
        <time>2026-08-21T09:24:53.910Z</time>
      </trkpt>
      <trkpt lat="46.013695" lon="12.349690">
        <ele>378.626911</ele>
        <time>2026-08-21T09:24:55.921Z</time>
      </trkpt>
      <trkpt lat="46.013663" lon="12.349578">
        <ele>377.993458</ele>
        <time>2026-08-21T09:24:56.525Z</time>
      </trkpt>
      <trkpt lat="46.013471" lon="12.348985">
        <ele>374.571254</ele>
        <time>2026-08-21T09:24:59.789Z</time>
      </trkpt>
      <trkpt lat="46.013450" lon="12.348776">
        <ele>373.466696</ele>
        <time>2026-08-21T09:25:00.849Z</time>
      </trkpt>
      <trkpt lat="46.013450" lon="12.348181">
        <ele>370.729231</ele>
        <time>2026-08-21T09:25:03.875Z</time>
      </trkpt>
      <trkpt lat="46.013484" lon="12.347825">
        <ele>369.160889</ele>
        <time>2026-08-21T09:25:05.725Z</time>
      </trkpt>
      <trkpt lat="46.013514" lon="12.347581">
        <ele>368.079422</ele>
        <time>2026-08-21T09:25:06.995Z</time>
      </trkpt>
      <trkpt lat="46.013491" lon="12.347406">
        <ele>367.302100</ele>
        <time>2026-08-21T09:25:07.907Z</time>
      </trkpt>
      <trkpt lat="46.013214" lon="12.346742">
        <ele>363.921515</ele>
        <time>2026-08-21T09:25:11.903Z</time>
      </trkpt>
      <trkpt lat="46.013183" lon="12.346676">
        <ele>363.573772</ele>
        <time>2026-08-21T09:25:12.313Z</time>
      </trkpt>
      <trkpt lat="46.013153" lon="12.346599">
        <ele>363.188443</ele>
        <time>2026-08-21T09:25:12.768Z</time>
      </trkpt>
      <trkpt lat="46.013049" lon="12.346343">
        <ele>361.894038</ele>
        <time>2026-08-21T09:25:14.269Z</time>
      </trkpt>
      <trkpt lat="46.012968" lon="12.346173">
        <ele>360.848860</ele>
        <time>2026-08-21T09:25:15.295Z</time>
      </trkpt>
      <trkpt lat="46.012855" lon="12.346028">
        <ele>359.465192</ele>
        <time>2026-08-21T09:25:16.366Z</time>
      </trkpt>
      <trkpt lat="46.012713" lon="12.345908">
        <ele>357.960036</ele>
        <time>2026-08-21T09:25:17.519Z</time>
      </trkpt>
      <trkpt lat="46.012555" lon="12.345835">
        <ele>356.443133</ele>
        <time>2026-08-21T09:25:18.669Z</time>
      </trkpt>
      <trkpt lat="46.012425" lon="12.345818">
        <ele>355.249838</ele>
        <time>2026-08-21T09:25:19.567Z</time>
      </trkpt>
      <trkpt lat="46.012145" lon="12.345864">
        <ele>352.673593</ele>
        <time>2026-08-21T09:25:21.493Z</time>
      </trkpt>
      <trkpt lat="46.011966" lon="12.345942">
        <ele>350.963960</ele>
        <time>2026-08-21T09:25:22.773Z</time>
      </trkpt>
      <trkpt lat="46.011672" lon="12.346178">
        <ele>347.886894</ele>
        <time>2026-08-21T09:25:25.079Z</time>
      </trkpt>
      <trkpt lat="46.011390" lon="12.346358">
        <ele>345.067020</ele>
        <time>2026-08-21T09:25:27.217Z</time>
      </trkpt>
      <trkpt lat="46.011288" lon="12.346388">
        <ele>344.348471</ele>
        <time>2026-08-21T09:25:27.944Z</time>
      </trkpt>
      <trkpt lat="46.011180" lon="12.346374">
        <ele>343.662767</ele>
        <time>2026-08-21T09:25:28.709Z</time>
      </trkpt>
      <trkpt lat="46.011107" lon="12.346316">
        <ele>343.135533</ele>
        <time>2026-08-21T09:25:29.295Z</time>
      </trkpt>
      <trkpt lat="46.011036" lon="12.346208">
        <ele>342.482425</ele>
        <time>2026-08-21T09:25:30.029Z</time>
      </trkpt>
      <trkpt lat="46.011018" lon="12.346062">
        <ele>341.831195</ele>
        <time>2026-08-21T09:25:30.766Z</time>
      </trkpt>
      <trkpt lat="46.011064" lon="12.345651">
        <ele>340.002869</ele>
        <time>2026-08-21T09:25:32.868Z</time>
      </trkpt>
      <trkpt lat="46.011068" lon="12.345415">
        <ele>338.966092</ele>
        <time>2026-08-21T09:25:34.085Z</time>
      </trkpt>
      <trkpt lat="46.011028" lon="12.345202">
        <ele>337.997041</ele>
        <time>2026-08-21T09:25:35.250Z</time>
      </trkpt>
      <trkpt lat="46.010977" lon="12.345056">
        <ele>337.279301</ele>
        <time>2026-08-21T09:25:36.137Z</time>
      </trkpt>
      <trkpt lat="46.010914" lon="12.344962">
        <ele>336.705595</ele>
        <time>2026-08-21T09:25:36.853Z</time>
      </trkpt>
      <trkpt lat="46.010805" lon="12.344880">
        <ele>335.927918</ele>
        <time>2026-08-21T09:25:37.821Z</time>
      </trkpt>
      <trkpt lat="46.010592" lon="12.344878">
        <ele>334.580977</ele>
        <time>2026-08-21T09:25:39.478Z</time>
      </trkpt>
      <trkpt lat="46.010364" lon="12.344956">
        <ele>333.116506</ele>
        <time>2026-08-21T09:25:41.243Z</time>
      </trkpt>
      <trkpt lat="46.009773" lon="12.344820">
        <ele>329.497306</ele>
        <time>2026-08-21T09:25:45.517Z</time>
      </trkpt>
      <trkpt lat="46.008971" lon="12.344902">
        <ele>324.635310</ele>
        <time>2026-08-21T09:25:51.278Z</time>
      </trkpt>
      <trkpt lat="46.008746" lon="12.344824">
        <ele>323.235826</ele>
        <time>2026-08-21T09:25:53.063Z</time>
      </trkpt>
      <trkpt lat="46.008649" lon="12.344741">
        <ele>322.581042</ele>
        <time>2026-08-21T09:25:53.947Z</time>
      </trkpt>
      <trkpt lat="46.008450" lon="12.344308">
        <ele>321.286943</ele>
        <time>2026-08-21T09:25:56.798Z</time>
      </trkpt>
      <trkpt lat="46.008406" lon="12.344109">
        <ele>320.766421</ele>
        <time>2026-08-21T09:25:57.949Z</time>
      </trkpt>
      <trkpt lat="46.008471" lon="12.343951">
        <ele>320.308720</ele>
        <time>2026-08-21T09:25:58.977Z</time>
      </trkpt>
      <trkpt lat="46.008773" lon="12.343728">
        <ele>319.090760</ele>
        <time>2026-08-21T09:26:01.866Z</time>
      </trkpt>
      <trkpt lat="46.008842" lon="12.343551">
        <ele>318.584863</ele>
        <time>2026-08-21T09:26:03.211Z</time>
      </trkpt>
      <trkpt lat="46.008842" lon="12.343447">
        <ele>318.325651</ele>
        <time>2026-08-21T09:26:03.872Z</time>
      </trkpt>
      <trkpt lat="46.008710" lon="12.342991">
        <ele>317.094345</ele>
        <time>2026-08-21T09:26:06.773Z</time>
      </trkpt>
      <trkpt lat="46.008640" lon="12.342700">
        <ele>316.326780</ele>
        <time>2026-08-21T09:26:08.434Z</time>
      </trkpt>
      <trkpt lat="46.008640" lon="12.342595">
        <ele>316.012736</ele>
        <time>2026-08-21T09:26:08.981Z</time>
      </trkpt>
      <trkpt lat="46.008748" lon="12.341681">
        <ele>312.512235</ele>
        <time>2026-08-21T09:26:13.674Z</time>
      </trkpt>
      <trkpt lat="46.008759" lon="12.341593">
        <ele>312.174643</ele>
        <time>2026-08-21T09:26:14.127Z</time>
      </trkpt>
      <trkpt lat="46.008897" lon="12.340391">
        <ele>307.574775</ele>
        <time>2026-08-21T09:26:20.445Z</time>
      </trkpt>
      <trkpt lat="46.008901" lon="12.340219">
        <ele>306.925007</ele>
        <time>2026-08-21T09:26:21.326Z</time>
      </trkpt>
      <trkpt lat="46.008872" lon="12.340026">
        <ele>306.171681</ele>
        <time>2026-08-21T09:26:22.329Z</time>
      </trkpt>
      <trkpt lat="46.008806" lon="12.339876">
        <ele>305.476400</ele>
        <time>2026-08-21T09:26:23.230Z</time>
      </trkpt>
      <trkpt lat="46.008737" lon="12.339804">
        <ele>304.995984</ele>
        <time>2026-08-21T09:26:23.856Z</time>
      </trkpt>
      <trkpt lat="46.008532" lon="12.339680">
        <ele>303.742421</ele>
        <time>2026-08-21T09:26:25.518Z</time>
      </trkpt>
      <trkpt lat="46.008363" lon="12.339627">
        <ele>302.767321</ele>
        <time>2026-08-21T09:26:26.818Z</time>
      </trkpt>
      <trkpt lat="46.007776" lon="12.339600">
        <ele>299.456343</ele>
        <time>2026-08-21T09:26:31.243Z</time>
      </trkpt>
      <trkpt lat="46.007660" lon="12.339563">
        <ele>298.786521</ele>
        <time>2026-08-21T09:26:32.122Z</time>
      </trkpt>
      <trkpt lat="46.007496" lon="12.339446">
        <ele>297.754668</ele>
        <time>2026-08-21T09:26:33.467Z</time>
      </trkpt>
      <trkpt lat="46.007374" lon="12.339340">
        <ele>296.951341</ele>
        <time>2026-08-21T09:26:34.497Z</time>
      </trkpt>
      <trkpt lat="46.007207" lon="12.339099">
        <ele>295.440930</ele>
        <time>2026-08-21T09:26:36.208Z</time>
      </trkpt>
      <trkpt lat="46.007100" lon="12.338999">
        <ele>294.519502</ele>
        <time>2026-08-21T09:26:37.138Z</time>
      </trkpt>
      <trkpt lat="46.006949" lon="12.339060">
        <ele>293.386692</ele>
        <time>2026-08-21T09:26:38.284Z</time>
      </trkpt>
      <trkpt lat="46.006869" lon="12.339092">
        <ele>292.786956</ele>
        <time>2026-08-21T09:26:38.888Z</time>
      </trkpt>
      <trkpt lat="46.006861" lon="12.339096">
        <ele>292.725786</ele>
        <time>2026-08-21T09:26:38.949Z</time>
      </trkpt>
      <trkpt lat="46.006327" lon="12.339335">
        <ele>288.686570</ele>
        <time>2026-08-21T09:26:42.993Z</time>
      </trkpt>
      <trkpt lat="46.006122" lon="12.339375">
        <ele>287.192296</ele>
        <time>2026-08-21T09:26:44.456Z</time>
      </trkpt>
      <trkpt lat="46.005827" lon="12.339486">
        <ele>284.989909</ele>
        <time>2026-08-21T09:26:46.593Z</time>
      </trkpt>
      <trkpt lat="46.005193" lon="12.339945">
        <ele>279.513428</ele>
        <time>2026-08-21T09:26:51.597Z</time>
      </trkpt>
      <trkpt lat="46.005086" lon="12.339990">
        <ele>278.625058</ele>
        <time>2026-08-21T09:26:52.383Z</time>
      </trkpt>
      <trkpt lat="46.004885" lon="12.340000">
        <ele>277.022240</ele>
        <time>2026-08-21T09:26:53.800Z</time>
      </trkpt>
      <trkpt lat="46.004509" lon="12.339968">
        <ele>274.020492</ele>
        <time>2026-08-21T09:26:56.462Z</time>
      </trkpt>
      <trkpt lat="46.004169" lon="12.340036">
        <ele>271.284854</ele>
        <time>2026-08-21T09:26:58.884Z</time>
      </trkpt>
      <trkpt lat="46.003589" lon="12.340180">
        <ele>266.903578</ele>
        <time>2026-08-21T09:27:03.065Z</time>
      </trkpt>
      <trkpt lat="46.003079" lon="12.340166">
        <ele>263.378240</ele>
        <time>2026-08-21T09:27:06.714Z</time>
      </trkpt>
      <trkpt lat="46.002566" lon="12.340100">
        <ele>259.818679</ele>
        <time>2026-08-21T09:27:10.416Z</time>
      </trkpt>
      <trkpt lat="46.002434" lon="12.340052">
        <ele>258.877751</ele>
        <time>2026-08-21T09:27:11.402Z</time>
      </trkpt>
      <trkpt lat="46.001951" lon="12.339797">
        <ele>255.520731</ele>
        <time>2026-08-21T09:27:15.162Z</time>
      </trkpt>
      <trkpt lat="46.001808" lon="12.339772">
        <ele>254.694038</ele>
        <time>2026-08-21T09:27:16.231Z</time>
      </trkpt>
      <trkpt lat="46.001659" lon="12.339756">
        <ele>253.836565</ele>
        <time>2026-08-21T09:27:17.347Z</time>
      </trkpt>
      <trkpt lat="46.001345" lon="12.339728">
        <ele>252.031094</ele>
        <time>2026-08-21T09:27:19.726Z</time>
      </trkpt>
      <trkpt lat="46.001262" lon="12.339722">
        <ele>251.554164</ele>
        <time>2026-08-21T09:27:20.344Z</time>
      </trkpt>
      <trkpt lat="46.001248" lon="12.339721">
        <ele>251.473721</ele>
        <time>2026-08-21T09:27:20.451Z</time>
      </trkpt>
      <trkpt lat="46.001179" lon="12.339721">
        <ele>251.077736</ele>
        <time>2026-08-21T09:27:20.974Z</time>
      </trkpt>
      <trkpt lat="46.000826" lon="12.339720">
        <ele>249.051897</ele>
        <time>2026-08-21T09:27:23.613Z</time>
      </trkpt>
      <trkpt lat="46.000749" lon="12.339754">
        <ele>248.589681</ele>
        <time>2026-08-21T09:27:24.212Z</time>
      </trkpt>
      <trkpt lat="46.000684" lon="12.339897">
        <ele>247.908407</ele>
        <time>2026-08-21T09:27:25.091Z</time>
      </trkpt>
      <trkpt lat="46.000626" lon="12.340146">
        <ele>246.861439</ele>
        <time>2026-08-21T09:27:26.428Z</time>
      </trkpt>
      <trkpt lat="46.000546" lon="12.340474">
        <ele>245.298050</ele>
        <time>2026-08-21T09:27:28.179Z</time>
      </trkpt>
      <trkpt lat="46.000492" lon="12.340601">
        <ele>244.552693</ele>
        <time>2026-08-21T09:27:28.921Z</time>
      </trkpt>
      <trkpt lat="46.000391" lon="12.340727">
        <ele>243.589622</ele>
        <time>2026-08-21T09:27:29.887Z</time>
      </trkpt>
      <trkpt lat="46.000139" lon="12.340926">
        <ele>241.518433</ele>
        <time>2026-08-21T09:27:31.946Z</time>
      </trkpt>
      <trkpt lat="45.999892" lon="12.340968">
        <ele>239.726174</ele>
        <time>2026-08-21T09:27:33.721Z</time>
      </trkpt>
      <trkpt lat="45.999858" lon="12.340957">
        <ele>239.475059</ele>
        <time>2026-08-21T09:27:33.976Z</time>
      </trkpt>
      <trkpt lat="45.999503" lon="12.340817">
        <ele>236.822668</ele>
        <time>2026-08-21T09:27:36.575Z</time>
      </trkpt>
      <trkpt lat="45.999314" lon="12.340688">
        <ele>235.315401</ele>
        <time>2026-08-21T09:27:38.052Z</time>
      </trkpt>
      <trkpt lat="45.999242" lon="12.340611">
        <ele>234.669061</ele>
        <time>2026-08-21T09:27:38.689Z</time>
      </trkpt>
      <trkpt lat="45.998982" lon="12.340122">
        <ele>231.643453</ele>
        <time>2026-08-21T09:27:41.743Z</time>
      </trkpt>
      <trkpt lat="45.998864" lon="12.340012">
        <ele>230.665975</ele>
        <time>2026-08-21T09:27:42.759Z</time>
      </trkpt>
      <trkpt lat="45.998804" lon="12.339975">
        <ele>230.212120</ele>
        <time>2026-08-21T09:27:43.226Z</time>
      </trkpt>
      <trkpt lat="45.998552" lon="12.339996">
        <ele>228.457002</ele>
        <time>2026-08-21T09:27:45.066Z</time>
      </trkpt>
      <trkpt lat="45.998145" lon="12.340196">
        <ele>225.466741</ele>
        <time>2026-08-21T09:27:48.191Z</time>
      </trkpt>
      <trkpt lat="45.997907" lon="12.340249">
        <ele>223.792215</ele>
        <time>2026-08-21T09:27:49.928Z</time>
      </trkpt>
      <trkpt lat="45.995434" lon="12.340578">
        <ele>206.284655</ele>
        <time>2026-08-21T09:28:07.669Z</time>
      </trkpt>
      <trkpt lat="45.995268" lon="12.340645">
        <ele>205.357690</ele>
        <time>2026-08-21T09:28:08.897Z</time>
      </trkpt>
      <trkpt lat="45.995155" lon="12.340740">
        <ele>204.654079</ele>
        <time>2026-08-21T09:28:09.836Z</time>
      </trkpt>
      <trkpt lat="45.995079" lon="12.340833">
        <ele>204.117741</ele>
        <time>2026-08-21T09:28:10.550Z</time>
      </trkpt>
      <trkpt lat="45.995011" lon="12.341030">
        <ele>203.296053</ele>
        <time>2026-08-21T09:28:11.661Z</time>
      </trkpt>
      <trkpt lat="45.995017" lon="12.341233">
        <ele>202.537093</ele>
        <time>2026-08-21T09:28:12.695Z</time>
      </trkpt>
      <trkpt lat="45.995066" lon="12.341350">
        <ele>202.026788</ele>
        <time>2026-08-21T09:28:13.399Z</time>
      </trkpt>
      <trkpt lat="45.995396" lon="12.341829">
        <ele>199.506954</ele>
        <time>2026-08-21T09:28:17.007Z</time>
      </trkpt>
      <trkpt lat="45.995454" lon="12.341945">
        <ele>198.973102</ele>
        <time>2026-08-21T09:28:17.831Z</time>
      </trkpt>
      <trkpt lat="45.995498" lon="12.342194">
        <ele>198.013393</ele>
        <time>2026-08-21T09:28:19.347Z</time>
      </trkpt>
      <trkpt lat="45.995475" lon="12.342438">
        <ele>197.159951</ele>
        <time>2026-08-21T09:28:20.849Z</time>
      </trkpt>
      <trkpt lat="45.995369" lon="12.342660">
        <ele>196.235748</ele>
        <time>2026-08-21T09:28:22.501Z</time>
      </trkpt>
      <trkpt lat="45.995294" lon="12.342730">
        <ele>195.794312</ele>
        <time>2026-08-21T09:28:23.266Z</time>
      </trkpt>
      <trkpt lat="45.995101" lon="12.342819">
        <ele>194.793461</ele>
        <time>2026-08-21T09:28:24.920Z</time>
      </trkpt>
      <trkpt lat="45.995046" lon="12.342840">
        <ele>194.512449</ele>
        <time>2026-08-21T09:28:25.388Z</time>
      </trkpt>
      <trkpt lat="45.994840" lon="12.342804">
        <ele>193.487643</ele>
        <time>2026-08-21T09:28:27.030Z</time>
      </trkpt>
      <trkpt lat="45.994710" lon="12.342710">
        <ele>192.769184</ele>
        <time>2026-08-21T09:28:28.143Z</time>
      </trkpt>
      <trkpt lat="45.993907" lon="12.341877">
        <ele>187.556542</ele>
        <time>2026-08-21T09:28:35.247Z</time>
      </trkpt>
      <trkpt lat="45.993786" lon="12.341806">
        <ele>186.728168</ele>
        <time>2026-08-21T09:28:36.153Z</time>
      </trkpt>
      <trkpt lat="45.993580" lon="12.341772">
        <ele>185.413664</ele>
        <time>2026-08-21T09:28:37.600Z</time>
      </trkpt>
      <trkpt lat="45.993484" lon="12.341790">
        <ele>184.799926</ele>
        <time>2026-08-21T09:28:38.284Z</time>
      </trkpt>
      <trkpt lat="45.993310" lon="12.341886">
        <ele>183.618587</ele>
        <time>2026-08-21T09:28:39.610Z</time>
      </trkpt>
      <trkpt lat="45.992909" lon="12.342197">
        <ele>180.730888</ele>
        <time>2026-08-21T09:28:42.934Z</time>
      </trkpt>
      <trkpt lat="45.992061" lon="12.342853">
        <ele>176.033574</ele>
        <time>2026-08-21T09:28:50.388Z</time>
      </trkpt>
      <trkpt lat="45.991012" lon="12.343651">
        <ele>172.043136</ele>
        <time>2026-08-21T09:29:00.127Z</time>
      </trkpt>
      <trkpt lat="45.990780" lon="12.343780">
        <ele>171.319557</ele>
        <time>2026-08-21T09:29:02.165Z</time>
      </trkpt>
      <trkpt lat="45.990584" lon="12.343888">
        <ele>170.831240</ele>
        <time>2026-08-21T09:29:03.903Z</time>
      </trkpt>
      <trkpt lat="45.990321" lon="12.343995">
        <ele>170.195332</ele>
        <time>2026-08-21T09:29:06.226Z</time>
      </trkpt>
      <trkpt lat="45.989493" lon="12.344207">
        <ele>168.238551</ele>
        <time>2026-08-21T09:29:13.542Z</time>
      </trkpt>
      <trkpt lat="45.989159" lon="12.344231">
        <ele>167.460454</ele>
        <time>2026-08-21T09:29:16.408Z</time>
      </trkpt>
      <trkpt lat="45.988955" lon="12.344209">
        <ele>167.347875</ele>
        <time>2026-08-21T09:29:18.190Z</time>
      </trkpt>
      <trkpt lat="45.988353" lon="12.343873">
        <ele>167.198488</ele>
        <time>2026-08-21T09:29:24.043Z</time>
      </trkpt>
      <trkpt lat="45.987838" lon="12.343475">
        <ele>167.063246</ele>
        <time>2026-08-21T09:29:31.272Z</time>
      </trkpt>
      <trkpt lat="45.987750" lon="12.343340">
        <ele>167.033488</ele>
        <time>2026-08-21T09:29:33.319Z</time>
      </trkpt>
      <trkpt lat="45.987616" lon="12.342868">
        <ele>167.217641</ele>
        <time>2026-08-21T09:29:39.733Z</time>
      </trkpt>
      <trkpt lat="45.987606" lon="12.342651">
        <ele>167.640119</ele>
        <time>2026-08-21T09:29:42.733Z</time>
      </trkpt>
      <trkpt lat="45.987642" lon="12.341660">
        <ele>169.567904</ele>
        <time>2026-08-21T09:29:57.869Z</time>
      </trkpt>
      <trkpt lat="45.987608" lon="12.340995">
        <ele>170.863251</ele>
        <time>2026-08-21T09:30:08.567Z</time>
      </trkpt>
      <trkpt lat="45.987516" lon="12.340322">
        <ele>172.151488</ele>
        <time>2026-08-21T09:30:18.408Z</time>
      </trkpt>
      <trkpt lat="45.987513" lon="12.340002">
        <ele>172.632195</ele>
        <time>2026-08-21T09:30:22.765Z</time>
      </trkpt>
      <trkpt lat="45.987605" lon="12.339054">
        <ele>174.069983</ele>
        <time>2026-08-21T09:30:35.917Z</time>
      </trkpt>
      <trkpt lat="45.987602" lon="12.338663">
        <ele>174.657329</ele>
        <time>2026-08-21T09:30:41.113Z</time>
      </trkpt>
      <trkpt lat="45.987587" lon="12.338575">
        <ele>174.793431</ele>
        <time>2026-08-21T09:30:42.294Z</time>
      </trkpt>
      <trkpt lat="45.987172" lon="12.336098">
        <ele>175.795686</ele>
        <time>2026-08-21T09:31:11.143Z</time>
      </trkpt>
      <trkpt lat="45.986969" lon="12.334904">
        <ele>173.433613</ele>
        <time>2026-08-21T09:31:18.211Z</time>
      </trkpt>
      <trkpt lat="45.986963" lon="12.334775">
        <ele>172.779621</ele>
        <time>2026-08-21T09:31:18.891Z</time>
      </trkpt>
      <trkpt lat="45.987020" lon="12.334320">
        <ele>170.440947</ele>
        <time>2026-08-21T09:31:21.282Z</time>
      </trkpt>
      <trkpt lat="45.987033" lon="12.333755">
        <ele>167.581396</ele>
        <time>2026-08-21T09:31:24.073Z</time>
      </trkpt>
      <trkpt lat="45.987252" lon="12.333148">
        <ele>164.121702</ele>
        <time>2026-08-21T09:31:27.334Z</time>
      </trkpt>
      <trkpt lat="45.987304" lon="12.332923">
        <ele>162.922264</ele>
        <time>2026-08-21T09:31:28.454Z</time>
      </trkpt>
      <trkpt lat="45.987256" lon="12.331872">
        <ele>155.734764</ele>
        <time>2026-08-21T09:31:33.429Z</time>
      </trkpt>
      <trkpt lat="45.987213" lon="12.331656">
        <ele>154.181082</ele>
        <time>2026-08-21T09:31:34.492Z</time>
      </trkpt>
      <trkpt lat="45.987147" lon="12.331478">
        <ele>152.785963</ele>
        <time>2026-08-21T09:31:35.451Z</time>
      </trkpt>
      <trkpt lat="45.987068" lon="12.331244">
        <ele>150.987014</ele>
        <time>2026-08-21T09:31:36.681Z</time>
      </trkpt>
      <trkpt lat="45.987053" lon="12.330988">
        <ele>149.210548</ele>
        <time>2026-08-21T09:31:37.904Z</time>
      </trkpt>
      <trkpt lat="45.987106" lon="12.330825">
        <ele>147.966129</ele>
        <time>2026-08-21T09:31:38.768Z</time>
      </trkpt>
      <trkpt lat="45.987450" lon="12.330167">
        <ele>143.508108</ele>
        <time>2026-08-21T09:31:42.848Z</time>
      </trkpt>
      <trkpt lat="45.987496" lon="12.330038">
        <ele>143.003213</ele>
        <time>2026-08-21T09:31:43.594Z</time>
      </trkpt>
      <trkpt lat="45.987511" lon="12.329894">
        <ele>142.496185</ele>
        <time>2026-08-21T09:31:44.355Z</time>
      </trkpt>
      <trkpt lat="45.987469" lon="12.329606">
        <ele>141.471486</ele>
        <time>2026-08-21T09:31:45.897Z</time>
      </trkpt>
      <trkpt lat="45.987414" lon="12.329490">
        <ele>140.982476</ele>
        <time>2026-08-21T09:31:46.639Z</time>
      </trkpt>
      <trkpt lat="45.987152" lon="12.329165">
        <ele>139.249050</ele>
        <time>2026-08-21T09:31:49.292Z</time>
      </trkpt>
      <trkpt lat="45.987091" lon="12.329095">
        <ele>138.858064</ele>
        <time>2026-08-21T09:31:49.898Z</time>
      </trkpt>
      <trkpt lat="45.986827" lon="12.328772">
        <ele>137.121548</ele>
        <time>2026-08-21T09:31:52.650Z</time>
      </trkpt>
      <trkpt lat="45.986400" lon="12.328266">
        <ele>134.923560</ele>
        <time>2026-08-21T09:31:57.050Z</time>
      </trkpt>
      <trkpt lat="45.986238" lon="12.328076">
        <ele>134.306152</ele>
        <time>2026-08-21T09:31:58.745Z</time>
      </trkpt>
      <trkpt lat="45.986231" lon="12.328069">
        <ele>134.280969</ele>
        <time>2026-08-21T09:31:58.813Z</time>
      </trkpt>
      <trkpt lat="45.986071" lon="12.327926">
        <ele>133.724534</ele>
        <time>2026-08-21T09:32:00.339Z</time>
      </trkpt>
      <trkpt lat="45.986034" lon="12.327874">
        <ele>133.571747</ele>
        <time>2026-08-21T09:32:00.755Z</time>
      </trkpt>
      <trkpt lat="45.986010" lon="12.327866">
        <ele>133.498965</ele>
        <time>2026-08-21T09:32:00.957Z</time>
      </trkpt>
      <trkpt lat="45.985935" lon="12.327638">
        <ele>132.981123</ele>
        <time>2026-08-21T09:32:02.387Z</time>
      </trkpt>
      <trkpt lat="45.985900" lon="12.327490">
        <ele>132.660193</ele>
        <time>2026-08-21T09:32:03.279Z</time>
      </trkpt>
      <trkpt lat="45.985884" lon="12.327322">
        <ele>132.312095</ele>
        <time>2026-08-21T09:32:04.258Z</time>
      </trkpt>
      <trkpt lat="45.985868" lon="12.327157">
        <ele>131.970098</ele>
        <time>2026-08-21T09:32:05.228Z</time>
      </trkpt>
      <trkpt lat="45.985787" lon="12.326310">
        <ele>130.318723</ele>
        <time>2026-08-21T09:32:10.235Z</time>
      </trkpt>
      <trkpt lat="45.985759" lon="12.326022">
        <ele>130.004521</ele>
        <time>2026-08-21T09:32:11.980Z</time>
      </trkpt>
      <trkpt lat="45.985674" lon="12.325136">
        <ele>129.038157</ele>
        <time>2026-08-21T09:32:17.565Z</time>
      </trkpt>
      <trkpt lat="45.985658" lon="12.324970">
        <ele>128.857085</ele>
        <time>2026-08-21T09:32:18.637Z</time>
      </trkpt>
      <trkpt lat="45.985646" lon="12.324818">
        <ele>128.691799</ele>
        <time>2026-08-21T09:32:20.056Z</time>
      </trkpt>
      <trkpt lat="45.985640" lon="12.324709">
        <ele>128.573660</ele>
        <time>2026-08-21T09:32:20.772Z</time>
      </trkpt>
      <trkpt lat="45.985632" lon="12.324570">
        <ele>128.422962</ele>
        <time>2026-08-21T09:32:21.684Z</time>
      </trkpt>
      <trkpt lat="45.985630" lon="12.324017">
        <ele>127.825462</ele>
        <time>2026-08-21T09:32:25.336Z</time>
      </trkpt>
      <trkpt lat="45.985825" lon="12.321893">
        <ele>126.952615</ele>
        <time>2026-08-21T09:32:40.844Z</time>
      </trkpt>
      <trkpt lat="45.985843" lon="12.321736">
        <ele>126.897271</ele>
        <time>2026-08-21T09:32:42.160Z</time>
      </trkpt>
      <trkpt lat="45.985875" lon="12.321438">
        <ele>126.792394</ele>
        <time>2026-08-21T09:32:44.615Z</time>
      </trkpt>
      <trkpt lat="45.985904" lon="12.321187">
        <ele>126.727054</ele>
        <time>2026-08-21T09:32:46.683Z</time>
      </trkpt>
      <trkpt lat="45.985908" lon="12.321151">
        <ele>126.723289</ele>
        <time>2026-08-21T09:32:46.982Z</time>
      </trkpt>
      <trkpt lat="45.986112" lon="12.320630">
        <ele>126.661521</ele>
        <time>2026-08-21T09:32:51.902Z</time>
      </trkpt>
      <trkpt lat="45.986153" lon="12.320565">
        <ele>126.652454</ele>
        <time>2026-08-21T09:32:52.634Z</time>
      </trkpt>
      <trkpt lat="45.986193" lon="12.320460">
        <ele>126.640086</ele>
        <time>2026-08-21T09:32:53.641Z</time>
      </trkpt>
      <trkpt lat="45.986210" lon="12.320222">
        <ele>126.615374</ele>
        <time>2026-08-21T09:32:55.652Z</time>
      </trkpt>
      <trkpt lat="45.986177" lon="12.320083">
        <ele>126.600203</ele>
        <time>2026-08-21T09:32:56.845Z</time>
      </trkpt>
      <trkpt lat="45.986096" lon="12.319442">
        <ele>126.532911</ele>
        <time>2026-08-21T09:33:01.952Z</time>
      </trkpt>
      <trkpt lat="45.986107" lon="12.319262">
        <ele>126.514248</ele>
        <time>2026-08-21T09:33:03.300Z</time>
      </trkpt>
      <trkpt lat="45.986218" lon="12.318728">
        <ele>126.506967</ele>
        <time>2026-08-21T09:33:07.482Z</time>
      </trkpt>
      <trkpt lat="45.986376" lon="12.318207">
        <ele>126.679041</ele>
        <time>2026-08-21T09:33:11.927Z</time>
      </trkpt>
      <trkpt lat="45.986485" lon="12.317880">
        <ele>126.788825</ele>
        <time>2026-08-21T09:33:15.056Z</time>
      </trkpt>
      <trkpt lat="45.986500" lon="12.317832">
        <ele>126.804756</ele>
        <time>2026-08-21T09:33:15.490Z</time>
      </trkpt>
      <trkpt lat="45.986604" lon="12.317583">
        <ele>126.892698</ele>
        <time>2026-08-21T09:33:18.124Z</time>
      </trkpt>
      <trkpt lat="45.986647" lon="12.317485">
        <ele>126.927782</ele>
        <time>2026-08-21T09:33:19.201Z</time>
      </trkpt>
      <trkpt lat="45.986713" lon="12.317331">
        <ele>126.982551</ele>
        <time>2026-08-21T09:33:20.913Z</time>
      </trkpt>
      <trkpt lat="45.986740" lon="12.317270">
        <ele>127.004444</ele>
        <time>2026-08-21T09:33:21.577Z</time>
      </trkpt>
      <trkpt lat="45.986773" lon="12.317197">
        <ele>127.030806</ele>
        <time>2026-08-21T09:33:22.434Z</time>
      </trkpt>
      <trkpt lat="45.986864" lon="12.317000">
        <ele>127.102413</ele>
        <time>2026-08-21T09:33:24.807Z</time>
      </trkpt>
      <trkpt lat="45.986880" lon="12.316966">
        <ele>127.114843</ele>
        <time>2026-08-21T09:33:25.233Z</time>
      </trkpt>
      <trkpt lat="45.987165" lon="12.316329">
        <ele>127.577395</ele>
        <time>2026-08-21T09:33:33.539Z</time>
      </trkpt>
      <trkpt lat="45.987370" lon="12.315771">
        <ele>128.257402</ele>
        <time>2026-08-21T09:33:41.012Z</time>
      </trkpt>
      <trkpt lat="45.987543" lon="12.315120">
        <ele>129.008285</ele>
        <time>2026-08-21T09:33:49.547Z</time>
      </trkpt>
      <trkpt lat="45.987704" lon="12.314457">
        <ele>129.764914</ele>
        <time>2026-08-21T09:33:58.045Z</time>
      </trkpt>
      <trkpt lat="45.987802" lon="12.314077">
        <ele>130.105620</ele>
        <time>2026-08-21T09:34:02.746Z</time>
      </trkpt>
      <trkpt lat="45.987836" lon="12.313946">
        <ele>130.165754</ele>
        <time>2026-08-21T09:34:04.367Z</time>
      </trkpt>
      <trkpt lat="45.987870" lon="12.313826">
        <ele>130.221482</ele>
        <time>2026-08-21T09:34:05.879Z</time>
      </trkpt>
      <trkpt lat="45.988002" lon="12.313270">
        <ele>130.474144</ele>
        <time>2026-08-21T09:34:12.449Z</time>
      </trkpt>
      <trkpt lat="45.988042" lon="12.313104">
        <ele>130.549698</ele>
        <time>2026-08-21T09:34:14.239Z</time>
      </trkpt>
      <trkpt lat="45.988128" lon="12.312685">
        <ele>130.737572</ele>
        <time>2026-08-21T09:34:18.343Z</time>
      </trkpt>
      <trkpt lat="45.988192" lon="12.312125">
        <ele>130.981617</ele>
        <time>2026-08-21T09:34:23.070Z</time>
      </trkpt>
      <trkpt lat="45.988236" lon="12.311220">
        <ele>130.878561</ele>
        <time>2026-08-21T09:34:29.870Z</time>
      </trkpt>
      <trkpt lat="45.988267" lon="12.310391">
        <ele>130.423033</ele>
        <time>2026-08-21T09:34:35.594Z</time>
      </trkpt>
      <trkpt lat="45.988294" lon="12.309812">
        <ele>130.104623</ele>
        <time>2026-08-21T09:34:39.331Z</time>
      </trkpt>
      <trkpt lat="45.988299" lon="12.309703">
        <ele>130.044685</ele>
        <time>2026-08-21T09:34:40.029Z</time>
      </trkpt>
      <trkpt lat="45.988303" lon="12.309632">
        <ele>130.005599</ele>
        <time>2026-08-21T09:34:40.500Z</time>
      </trkpt>
      <trkpt lat="45.988324" lon="12.309296">
        <ele>129.820493</ele>
        <time>2026-08-21T09:34:42.765Z</time>
      </trkpt>
      <trkpt lat="45.988328" lon="12.309229">
        <ele>129.783595</ele>
        <time>2026-08-21T09:34:43.228Z</time>
      </trkpt>
      <trkpt lat="45.988359" lon="12.308502">
        <ele>129.786289</ele>
        <time>2026-08-21T09:34:48.825Z</time>
      </trkpt>
      <trkpt lat="45.988360" lon="12.308483">
        <ele>129.787829</ele>
        <time>2026-08-21T09:34:48.983Z</time>
      </trkpt>
      <trkpt lat="45.988400" lon="12.308156">
        <ele>129.814661</ele>
        <time>2026-08-21T09:34:51.939Z</time>
      </trkpt>
      <trkpt lat="45.988407" lon="12.308132">
        <ele>129.816764</ele>
        <time>2026-08-21T09:34:52.179Z</time>
      </trkpt>
      <trkpt lat="45.988570" lon="12.307772">
        <ele>129.851489</ele>
        <time>2026-08-21T09:34:56.229Z</time>
      </trkpt>
      <trkpt lat="45.989291" lon="12.307101">
        <ele>129.962658</ele>
        <time>2026-08-21T09:35:07.734Z</time>
      </trkpt>
      <trkpt lat="45.989353" lon="12.307035">
        <ele>129.985120</ele>
        <time>2026-08-21T09:35:08.837Z</time>
      </trkpt>
      <trkpt lat="45.989992" lon="12.306301">
        <ele>130.223259</ele>
        <time>2026-08-21T09:35:18.935Z</time>
      </trkpt>
      <trkpt lat="45.990774" lon="12.305404">
        <ele>130.601264</ele>
        <time>2026-08-21T09:35:31.034Z</time>
      </trkpt>
      <trkpt lat="45.990817" lon="12.305352">
        <ele>130.647956</ele>
        <time>2026-08-21T09:35:31.893Z</time>
      </trkpt>
      <trkpt lat="45.990899" lon="12.305262">
        <ele>130.733686</ele>
        <time>2026-08-21T09:35:33.502Z</time>
      </trkpt>
      <trkpt lat="45.990984" lon="12.305158">
        <ele>130.826434</ele>
        <time>2026-08-21T09:35:35.318Z</time>
      </trkpt>
      <trkpt lat="45.991031" lon="12.305102">
        <ele>130.877159</ele>
        <time>2026-08-21T09:35:36.321Z</time>
      </trkpt>
      <trkpt lat="45.991076" lon="12.305051">
        <ele>130.924776</ele>
        <time>2026-08-21T09:35:37.304Z</time>
      </trkpt>
      <trkpt lat="45.991343" lon="12.304748">
        <ele>131.207446</ele>
        <time>2026-08-21T09:35:42.997Z</time>
      </trkpt>
      <trkpt lat="45.991485" lon="12.304586">
        <ele>131.358085</ele>
        <time>2026-08-21T09:35:45.891Z</time>
      </trkpt>
      <trkpt lat="45.991509" lon="12.304506">
        <ele>131.408417</ele>
        <time>2026-08-21T09:35:46.835Z</time>
      </trkpt>
      <trkpt lat="45.991490" lon="12.304411">
        <ele>131.465517</ele>
        <time>2026-08-21T09:35:47.894Z</time>
      </trkpt>
      <trkpt lat="45.991406" lon="12.304157">
        <ele>131.628001</ele>
        <time>2026-08-21T09:35:50.798Z</time>
      </trkpt>
      <trkpt lat="45.991282" lon="12.303575">
        <ele>131.958164</ele>
        <time>2026-08-21T09:35:56.787Z</time>
      </trkpt>
      <trkpt lat="45.991259" lon="12.303471">
        <ele>131.939456</ele>
        <time>2026-08-21T09:35:57.730Z</time>
      </trkpt>
      <trkpt lat="45.991172" lon="12.303064">
        <ele>131.866466</ele>
        <time>2026-08-21T09:36:01.130Z</time>
      </trkpt>
      <trkpt lat="45.991035" lon="12.302418">
        <ele>131.750692</ele>
        <time>2026-08-21T09:36:05.968Z</time>
      </trkpt>
      <trkpt lat="45.990996" lon="12.302237">
        <ele>131.718209</ele>
        <time>2026-08-21T09:36:07.243Z</time>
      </trkpt>
      <trkpt lat="45.990927" lon="12.301914">
        <ele>131.660286</ele>
        <time>2026-08-21T09:36:09.488Z</time>
      </trkpt>
      <trkpt lat="45.990914" lon="12.301853">
        <ele>131.649349</ele>
        <time>2026-08-21T09:36:09.914Z</time>
      </trkpt>
      <trkpt lat="45.990762" lon="12.301140">
        <ele>131.521511</ele>
        <time>2026-08-21T09:36:15.629Z</time>
      </trkpt>
      <trkpt lat="45.990673" lon="12.300719">
        <ele>131.744126</ele>
        <time>2026-08-21T09:36:19.825Z</time>
      </trkpt>
      <trkpt lat="45.990623" lon="12.300484">
        <ele>131.873424</ele>
        <time>2026-08-21T09:36:22.477Z</time>
      </trkpt>
      <trkpt lat="45.990614" lon="12.300444">
        <ele>131.895544</ele>
        <time>2026-08-21T09:36:22.942Z</time>
      </trkpt>
      <trkpt lat="45.990584" lon="12.300301">
        <ele>131.974129</ele>
        <time>2026-08-21T09:36:24.523Z</time>
      </trkpt>
      <trkpt lat="45.990527" lon="12.300037">
        <ele>132.119568</ele>
        <time>2026-08-21T09:36:27.562Z</time>
      </trkpt>
      <trkpt lat="45.990400" lon="12.299441">
        <ele>132.447534</ele>
        <time>2026-08-21T09:36:34.244Z</time>
      </trkpt>
      <trkpt lat="45.990367" lon="12.299301">
        <ele>132.525310</ele>
        <time>2026-08-21T09:36:35.829Z</time>
      </trkpt>
      <trkpt lat="45.990362" lon="12.299282">
        <ele>132.535998</ele>
        <time>2026-08-21T09:36:36.038Z</time>
      </trkpt>
      <trkpt lat="45.990333" lon="12.299156">
        <ele>132.605828</ele>
        <time>2026-08-21T09:36:37.432Z</time>
      </trkpt>
      <trkpt lat="45.990212" lon="12.298631">
        <ele>132.888157</ele>
        <time>2026-08-21T09:36:43.092Z</time>
      </trkpt>
      <trkpt lat="45.990184" lon="12.298490">
        <ele>132.922315</ele>
        <time>2026-08-21T09:36:44.479Z</time>
      </trkpt>
      <trkpt lat="45.990316" lon="12.298425">
        <ele>132.969088</ele>
        <time>2026-08-21T09:36:46.298Z</time>
      </trkpt>
      <trkpt lat="45.990703" lon="12.298238">
        <ele>133.105949</ele>
        <time>2026-08-21T09:36:51.335Z</time>
      </trkpt>
      <trkpt lat="45.990842" lon="12.298173">
        <ele>133.154947</ele>
        <time>2026-08-21T09:36:53.034Z</time>
      </trkpt>
      <trkpt lat="45.991574" lon="12.297833">
        <ele>133.412817</ele>
        <time>2026-08-21T09:37:01.988Z</time>
      </trkpt>
      <trkpt lat="45.992056" lon="12.297532">
        <ele>133.886196</ele>
        <time>2026-08-21T09:37:09.592Z</time>
      </trkpt>
      <trkpt lat="45.992498" lon="12.297156">
        <ele>134.547032</ele>
        <time>2026-08-21T09:37:17.996Z</time>
      </trkpt>
      <trkpt lat="45.992549" lon="12.297109">
        <ele>134.624977</ele>
        <time>2026-08-21T09:37:19.034Z</time>
      </trkpt>
      <trkpt lat="45.993644" lon="12.296121">
        <ele>136.469641</ele>
        <time>2026-08-21T09:37:40.677Z</time>
      </trkpt>
      <trkpt lat="45.993954" lon="12.295843">
        <ele>137.113983</ele>
        <time>2026-08-21T09:37:46.725Z</time>
      </trkpt>
      <trkpt lat="45.994354" lon="12.295482">
        <ele>137.946879</ele>
        <time>2026-08-21T09:37:54.557Z</time>
      </trkpt>
      <trkpt lat="45.994377" lon="12.295461">
        <ele>137.994929</ele>
        <time>2026-08-21T09:37:55.033Z</time>
      </trkpt>
      <trkpt lat="45.994566" lon="12.295289">
        <ele>138.389404</ele>
        <time>2026-08-21T09:37:58.884Z</time>
      </trkpt>
      <trkpt lat="45.994630" lon="12.295230">
        <ele>138.523480</ele>
        <time>2026-08-21T09:38:00.175Z</time>
      </trkpt>
      <trkpt lat="45.994681" lon="12.295180">
        <ele>138.632339</ele>
        <time>2026-08-21T09:38:01.245Z</time>
      </trkpt>
      <trkpt lat="45.994627" lon="12.295096">
        <ele>138.772603</ele>
        <time>2026-08-21T09:38:02.691Z</time>
      </trkpt>
      <trkpt lat="45.994575" lon="12.295016">
        <ele>138.906875</ele>
        <time>2026-08-21T09:38:04.136Z</time>
      </trkpt>
      <trkpt lat="45.994476" lon="12.294865">
        <ele>139.274108</ele>
        <time>2026-08-21T09:38:07.074Z</time>
      </trkpt>
      <trkpt lat="45.994455" lon="12.294832">
        <ele>139.361694</ele>
        <time>2026-08-21T09:38:07.726Z</time>
      </trkpt>
      <trkpt lat="45.994259" lon="12.294531">
        <ele>140.169122</ele>
        <time>2026-08-21T09:38:14.025Z</time>
      </trkpt>
      <trkpt lat="45.994194" lon="12.294431">
        <ele>140.437146</ele>
        <time>2026-08-21T09:38:16.038Z</time>
      </trkpt>
      <trkpt lat="45.994141" lon="12.294280">
        <ele>140.768257</ele>
        <time>2026-08-21T09:38:18.759Z</time>
      </trkpt>
      <trkpt lat="45.994010" lon="12.293908">
        <ele>141.584522</ele>
        <time>2026-08-21T09:38:25.512Z</time>
      </trkpt>
      <trkpt lat="45.993866" lon="12.293496">
        <ele>142.487181</ele>
        <time>2026-08-21T09:38:32.573Z</time>
      </trkpt>
      <trkpt lat="45.993820" lon="12.293366">
        <ele>142.772717</ele>
        <time>2026-08-21T09:38:34.764Z</time>
      </trkpt>
      <trkpt lat="45.993586" lon="12.293495">
        <ele>143.478632</ele>
        <time>2026-08-21T09:38:39.914Z</time>
      </trkpt>
      <trkpt lat="45.993550" lon="12.293384">
        <ele>143.718388</ele>
        <time>2026-08-21T09:38:41.732Z</time>
      </trkpt>
      <trkpt lat="45.993491" lon="12.293205">
        <ele>144.097137</ele>
        <time>2026-08-21T09:38:44.483Z</time>
      </trkpt>
      <trkpt lat="45.993181" lon="12.292245">
        <ele>145.888651</ele>
        <time>2026-08-21T09:38:57.653Z</time>
      </trkpt>
      <trkpt lat="45.992727" lon="12.290863">
        <ele>148.528608</ele>
        <time>2026-08-21T09:39:17.890Z</time>
      </trkpt>
      <trkpt lat="45.992602" lon="12.290482">
        <ele>149.928460</ele>
        <time>2026-08-21T09:39:24.886Z</time>
      </trkpt>
      <trkpt lat="45.992453" lon="12.289919">
        <ele>151.930054</ele>
        <time>2026-08-21T09:39:35.547Z</time>
      </trkpt>
      <trkpt lat="45.992426" lon="12.289784">
        <ele>152.396785</ele>
        <time>2026-08-21T09:39:38.178Z</time>
      </trkpt>
      <trkpt lat="45.992275" lon="12.288991">
        <ele>155.128572</ele>
        <time>2026-08-21T09:39:54.953Z</time>
      </trkpt>
      <trkpt lat="45.992295" lon="12.288867">
        <ele>155.551500</ele>
        <time>2026-08-21T09:39:57.689Z</time>
      </trkpt>
      <trkpt lat="45.992505" lon="12.288645">
        <ele>156.797484</ele>
        <time>2026-08-21T09:40:05.795Z</time>
      </trkpt>
      <trkpt lat="45.992621" lon="12.288408">
        <ele>158.161137</ele>
        <time>2026-08-21T09:40:12.156Z</time>
      </trkpt>
      <trkpt lat="45.992670" lon="12.288192">
        <ele>159.325317</ele>
        <time>2026-08-21T09:40:17.211Z</time>
      </trkpt>
      <trkpt lat="45.992683" lon="12.287649">
        <ele>162.109033</ele>
        <time>2026-08-21T09:40:29.600Z</time>
      </trkpt>
      <trkpt lat="45.992650" lon="12.286861">
        <ele>166.153685</ele>
        <time>2026-08-21T09:40:49.352Z</time>
      </trkpt>
      <trkpt lat="45.992559" lon="12.285966">
        <ele>170.845146</ele>
        <time>2026-08-21T09:41:14.552Z</time>
      </trkpt>
      <trkpt lat="45.992475" lon="12.285393">
        <ele>174.186778</ele>
        <time>2026-08-21T09:41:29.721Z</time>
      </trkpt>
      <trkpt lat="45.992484" lon="12.284955">
        <ele>176.687176</ele>
        <time>2026-08-21T09:41:41.940Z</time>
      </trkpt>
      <trkpt lat="45.992455" lon="12.284837">
        <ele>177.401391</ele>
        <time>2026-08-21T09:41:45.468Z</time>
      </trkpt>
      <trkpt lat="45.992379" lon="12.284755">
        <ele>178.181501</ele>
        <time>2026-08-21T09:41:49.580Z</time>
      </trkpt>
      <trkpt lat="45.992311" lon="12.284690">
        <ele>178.851942</ele>
        <time>2026-08-21T09:41:52.909Z</time>
      </trkpt>
      <trkpt lat="45.992095" lon="12.284487">
        <ele>180.970689</ele>
        <time>2026-08-21T09:42:03.694Z</time>
      </trkpt>
      <trkpt lat="45.991470" lon="12.283896">
        <ele>186.278272</ele>
        <time>2026-08-21T09:42:30.282Z</time>
      </trkpt>
      <trkpt lat="45.991046" lon="12.283801">
        <ele>188.370771</ele>
        <time>2026-08-21T09:42:42.856Z</time>
      </trkpt>
      <trkpt lat="45.990930" lon="12.283740">
        <ele>188.973006</ele>
        <time>2026-08-21T09:42:46.354Z</time>
      </trkpt>
      <trkpt lat="45.990892" lon="12.283631">
        <ele>189.386181</ele>
        <time>2026-08-21T09:42:48.617Z</time>
      </trkpt>
      <trkpt lat="45.990949" lon="12.283570">
        <ele>189.732549</ele>
        <time>2026-08-21T09:42:50.450Z</time>
      </trkpt>
      <trkpt lat="45.991380" lon="12.283665">
        <ele>191.858783</ele>
        <time>2026-08-21T09:43:00.543Z</time>
      </trkpt>
      <trkpt lat="45.991897" lon="12.283844">
        <ele>194.530891</ele>
        <time>2026-08-21T09:43:11.812Z</time>
      </trkpt>
      <trkpt lat="45.991989" lon="12.283814">
        <ele>195.049387</ele>
        <time>2026-08-21T09:43:13.950Z</time>
      </trkpt>
      <trkpt lat="45.991984" lon="12.283719">
        <ele>195.413209</ele>
        <time>2026-08-21T09:43:15.521Z</time>
      </trkpt>
      <trkpt lat="45.991821" lon="12.283587">
        <ele>196.441213</ele>
        <time>2026-08-21T09:43:20.371Z</time>
      </trkpt>
      <trkpt lat="45.991330" lon="12.283355">
        <ele>199.281710</ele>
        <time>2026-08-21T09:43:36.324Z</time>
      </trkpt>
      <trkpt lat="45.991051" lon="12.283168">
        <ele>200.973362</ele>
        <time>2026-08-21T09:43:46.828Z</time>
      </trkpt>
      <trkpt lat="45.990810" lon="12.282866">
        <ele>202.729724</ele>
        <time>2026-08-21T09:43:57.753Z</time>
      </trkpt>
      <trkpt lat="45.990527" lon="12.282423">
        <ele>205.155337</ele>
        <time>2026-08-21T09:44:10.896Z</time>
      </trkpt>
      <trkpt lat="45.990492" lon="12.282325">
        <ele>205.617012</ele>
        <time>2026-08-21T09:44:13.208Z</time>
      </trkpt>
      <trkpt lat="45.990539" lon="12.282243">
        <ele>206.062402</ele>
        <time>2026-08-21T09:44:15.416Z</time>
      </trkpt>
      <trkpt lat="45.990623" lon="12.282260">
        <ele>206.573944</ele>
        <time>2026-08-21T09:44:17.998Z</time>
      </trkpt>
      <trkpt lat="45.991029" lon="12.282718">
        <ele>209.684703</ele>
        <time>2026-08-21T09:44:33.356Z</time>
      </trkpt>
      <trkpt lat="45.991158" lon="12.282785">
        <ele>210.511732</ele>
        <time>2026-08-21T09:44:37.746Z</time>
      </trkpt>
      <trkpt lat="45.991341" lon="12.282814">
        <ele>211.621977</ele>
        <time>2026-08-21T09:44:43.400Z</time>
      </trkpt>
      <trkpt lat="45.991944" lon="12.282775">
        <ele>215.645799</ele>
        <time>2026-08-21T09:45:01.281Z</time>
      </trkpt>
      <trkpt lat="45.992030" lon="12.282727">
        <ele>216.507359</ele>
        <time>2026-08-21T09:45:04.237Z</time>
      </trkpt>
      <trkpt lat="45.992053" lon="12.282647">
        <ele>217.069203</ele>
        <time>2026-08-21T09:45:06.249Z</time>
      </trkpt>
      <trkpt lat="45.992030" lon="12.282577">
        <ele>217.571697</ele>
        <time>2026-08-21T09:45:08.171Z</time>
      </trkpt>
      <trkpt lat="45.991980" lon="12.282536">
        <ele>218.109192</ele>
        <time>2026-08-21T09:45:10.082Z</time>
      </trkpt>
      <trkpt lat="45.991352" lon="12.282443">
        <ele>224.005972</ele>
        <time>2026-08-21T09:45:36.368Z</time>
      </trkpt>
      <trkpt lat="45.991220" lon="12.282355">
        <ele>225.364747</ele>
        <time>2026-08-21T09:45:43.106Z</time>
      </trkpt>
      <trkpt lat="45.991150" lon="12.282250">
        <ele>226.309097</ele>
        <time>2026-08-21T09:45:47.903Z</time>
      </trkpt>
      <trkpt lat="45.991031" lon="12.281903">
        <ele>228.820330</ele>
        <time>2026-08-21T09:46:00.316Z</time>
      </trkpt>
      <trkpt lat="45.990617" lon="12.281330">
        <ele>235.207256</ele>
        <time>2026-08-21T09:46:28.292Z</time>
      </trkpt>
      <trkpt lat="45.990530" lon="12.281110">
        <ele>237.445041</ele>
        <time>2026-08-21T09:46:37.639Z</time>
      </trkpt>
      <trkpt lat="45.990410" lon="12.280960">
        <ele>239.467305</ele>
        <time>2026-08-21T09:46:46.340Z</time>
      </trkpt>
      <trkpt lat="45.990145" lon="12.280821">
        <ele>243.055997</ele>
        <time>2026-08-21T09:47:02.103Z</time>
      </trkpt>
      <trkpt lat="45.989989" lon="12.280692">
        <ele>245.345157</ele>
        <time>2026-08-21T09:47:12.037Z</time>
      </trkpt>
      <trkpt lat="45.989767" lon="12.280352">
        <ele>249.469802</ele>
        <time>2026-08-21T09:47:29.713Z</time>
      </trkpt>
      <trkpt lat="45.989393" lon="12.280193">
        <ele>254.401245</ele>
        <time>2026-08-21T09:47:50.849Z</time>
      </trkpt>
      <trkpt lat="45.989178" lon="12.279904">
        <ele>257.522854</ele>
        <time>2026-08-21T09:48:06.457Z</time>
      </trkpt>
      <trkpt lat="45.988838" lon="12.279297">
        <ele>263.271157</ele>
        <time>2026-08-21T09:48:34.063Z</time>
      </trkpt>
      <trkpt lat="45.988574" lon="12.278947">
        <ele>267.079830</ele>
        <time>2026-08-21T09:48:50.770Z</time>
      </trkpt>
      <trkpt lat="45.988374" lon="12.278801">
        <ele>269.459425</ele>
        <time>2026-08-21T09:49:00.374Z</time>
      </trkpt>
      <trkpt lat="45.987695" lon="12.278523">
        <ele>274.865942</ele>
        <time>2026-08-21T09:49:25.778Z</time>
      </trkpt>
      <trkpt lat="45.987669" lon="12.278415">
        <ele>275.222948</ele>
        <time>2026-08-21T09:49:28.352Z</time>
      </trkpt>
      <trkpt lat="45.987702" lon="12.278360">
        <ele>275.449924</ele>
        <time>2026-08-21T09:49:29.961Z</time>
      </trkpt>
      <trkpt lat="45.988008" lon="12.278487">
        <ele>276.881559</ele>
        <time>2026-08-21T09:49:39.670Z</time>
      </trkpt>
      <trkpt lat="45.988058" lon="12.278441">
        <ele>277.148325</ele>
        <time>2026-08-21T09:49:41.312Z</time>
      </trkpt>
      <trkpt lat="45.988018" lon="12.278348">
        <ele>277.489955</ele>
        <time>2026-08-21T09:49:43.152Z</time>
      </trkpt>
      <trkpt lat="45.987871" lon="12.278273">
        <ele>278.191067</ele>
        <time>2026-08-21T09:49:46.643Z</time>
      </trkpt>
      <trkpt lat="45.987645" lon="12.278244">
        <ele>279.211050</ele>
        <time>2026-08-21T09:49:51.145Z</time>
      </trkpt>
      <trkpt lat="45.987518" lon="12.278312">
        <ele>279.820190</ele>
        <time>2026-08-21T09:49:53.424Z</time>
      </trkpt>
      <trkpt lat="45.987310" lon="12.278555">
        <ele>281.024505</ele>
        <time>2026-08-21T09:49:57.933Z</time>
      </trkpt>
      <trkpt lat="45.987250" lon="12.278552">
        <ele>281.294390</ele>
        <time>2026-08-21T09:49:59.117Z</time>
      </trkpt>
      <trkpt lat="45.987234" lon="12.278506">
        <ele>281.445740</ele>
        <time>2026-08-21T09:49:59.745Z</time>
      </trkpt>
      <trkpt lat="45.987248" lon="12.278423">
        <ele>281.642653</ele>
        <time>2026-08-21T09:50:00.628Z</time>
      </trkpt>
      <trkpt lat="45.987453" lon="12.278146">
        <ele>282.575673</ele>
        <time>2026-08-21T09:50:05.686Z</time>
      </trkpt>
      <trkpt lat="45.987588" lon="12.277994">
        <ele>283.144406</ele>
        <time>2026-08-21T09:50:08.876Z</time>
      </trkpt>
      <trkpt lat="45.987616" lon="12.277922">
        <ele>283.334632</ele>
        <time>2026-08-21T09:50:10.094Z</time>
      </trkpt>
      <trkpt lat="45.987638" lon="12.277769">
        <ele>283.694843</ele>
        <time>2026-08-21T09:50:12.128Z</time>
      </trkpt>
      <trkpt lat="45.987611" lon="12.276512">
        <ele>286.594206</ele>
        <time>2026-08-21T09:50:31.257Z</time>
      </trkpt>
      <trkpt lat="45.987659" lon="12.276385">
        <ele>286.927516</ele>
        <time>2026-08-21T09:50:34.255Z</time>
      </trkpt>
      <trkpt lat="45.987724" lon="12.276383">
        <ele>287.143243</ele>
        <time>2026-08-21T09:50:36.329Z</time>
      </trkpt>
      <trkpt lat="45.988556" lon="12.277154">
        <ele>293.594121</ele>
        <time>2026-08-21T09:51:08.383Z</time>
      </trkpt>
      <trkpt lat="45.988619" lon="12.277166">
        <ele>294.024756</ele>
        <time>2026-08-21T09:51:10.378Z</time>
      </trkpt>
      <trkpt lat="45.988673" lon="12.277093">
        <ele>294.526782</ele>
        <time>2026-08-21T09:51:12.920Z</time>
      </trkpt>
      <trkpt lat="45.988459" lon="12.276548">
        <ele>297.474192</ele>
        <time>2026-08-21T09:51:28.043Z</time>
      </trkpt>
      <trkpt lat="45.988322" lon="12.275750">
        <ele>301.258405</ele>
        <time>2026-08-21T09:51:50.371Z</time>
      </trkpt>
      <trkpt lat="45.988319" lon="12.275618">
        <ele>301.850000</ele>
        <time>2026-08-21T09:51:54.061Z</time>
      </trkpt>
      <trkpt lat="45.988356" lon="12.275503">
        <ele>302.417679</ele>
        <time>2026-08-21T09:51:57.491Z</time>
      </trkpt>
      <trkpt lat="45.988396" lon="12.275464">
        <ele>302.729159</ele>
        <time>2026-08-21T09:51:59.416Z</time>
      </trkpt>
      <trkpt lat="45.988857" lon="12.275161">
        <ele>305.996455</ele>
        <time>2026-08-21T09:52:18.867Z</time>
      </trkpt>
      <trkpt lat="45.988982" lon="12.275010">
        <ele>307.048557</ele>
        <time>2026-08-21T09:52:23.748Z</time>
      </trkpt>
      <trkpt lat="45.989066" lon="12.274858">
        <ele>307.918523</ele>
        <time>2026-08-21T09:52:27.009Z</time>
      </trkpt>
      <trkpt lat="45.989296" lon="12.274608">
        <ele>309.776674</ele>
        <time>2026-08-21T09:52:33.918Z</time>
      </trkpt>
      <trkpt lat="45.989319" lon="12.274519">
        <ele>310.202015</ele>
        <time>2026-08-21T09:52:35.707Z</time>
      </trkpt>
      <trkpt lat="45.989313" lon="12.274422">
        <ele>310.638227</ele>
        <time>2026-08-21T09:52:37.374Z</time>
      </trkpt>
      <trkpt lat="45.989284" lon="12.274351">
        <ele>311.007142</ele>
        <time>2026-08-21T09:52:39.039Z</time>
      </trkpt>
      <trkpt lat="45.989186" lon="12.274310">
        <ele>311.494583</ele>
        <time>2026-08-21T09:52:41.579Z</time>
      </trkpt>
      <trkpt lat="45.988829" lon="12.274461">
        <ele>313.064537</ele>
        <time>2026-08-21T09:52:50.716Z</time>
      </trkpt>
      <trkpt lat="45.988712" lon="12.274472">
        <ele>313.559237</ele>
        <time>2026-08-21T09:52:53.138Z</time>
      </trkpt>
      <trkpt lat="45.988626" lon="12.274408">
        <ele>313.967724</ele>
        <time>2026-08-21T09:52:55.166Z</time>
      </trkpt>
      <trkpt lat="45.988585" lon="12.274320">
        <ele>314.278329</ele>
        <time>2026-08-21T09:52:56.875Z</time>
      </trkpt>
      <trkpt lat="45.988509" lon="12.273992">
        <ele>315.291925</ele>
        <time>2026-08-21T09:53:01.636Z</time>
      </trkpt>
      <trkpt lat="45.988495" lon="12.273822">
        <ele>315.793772</ele>
        <time>2026-08-21T09:53:04.098Z</time>
      </trkpt>
      <trkpt lat="45.988470" lon="12.273208">
        <ele>317.596813</ele>
        <time>2026-08-21T09:53:14.243Z</time>
      </trkpt>
      <trkpt lat="45.988436" lon="12.273008">
        <ele>318.200412</ele>
        <time>2026-08-21T09:53:18.843Z</time>
      </trkpt>
      <trkpt lat="45.987933" lon="12.271762">
        <ele>324.916428</ele>
        <time>2026-08-21T09:53:53.705Z</time>
      </trkpt>
      <trkpt lat="45.987903" lon="12.271635">
        <ele>325.577037</ele>
        <time>2026-08-21T09:53:56.807Z</time>
      </trkpt>
      <trkpt lat="45.987932" lon="12.271541">
        <ele>326.083553</ele>
        <time>2026-08-21T09:53:59.197Z</time>
      </trkpt>
      <trkpt lat="45.987962" lon="12.271520">
        <ele>326.320009</ele>
        <time>2026-08-21T09:54:00.334Z</time>
      </trkpt>
      <trkpt lat="45.988022" lon="12.271550">
        <ele>326.770222</ele>
        <time>2026-08-21T09:54:02.505Z</time>
      </trkpt>
      <trkpt lat="45.988187" lon="12.271796">
        <ele>328.454118</ele>
        <time>2026-08-21T09:54:10.861Z</time>
      </trkpt>
      <trkpt lat="45.989506" lon="12.272933">
        <ele>340.142540</ele>
        <time>2026-08-21T09:55:08.579Z</time>
      </trkpt>
      <trkpt lat="45.989675" lon="12.273178">
        <ele>342.014163</ele>
        <time>2026-08-21T09:55:16.812Z</time>
      </trkpt>
      <trkpt lat="45.989739" lon="12.273157">
        <ele>342.526349</ele>
        <time>2026-08-21T09:55:19.097Z</time>
      </trkpt>
      <trkpt lat="45.989772" lon="12.273065">
        <ele>343.087646</ele>
        <time>2026-08-21T09:55:21.773Z</time>
      </trkpt>
      <trkpt lat="45.989754" lon="12.272969">
        <ele>343.626701</ele>
        <time>2026-08-21T09:55:24.230Z</time>
      </trkpt>
      <trkpt lat="45.989343" lon="12.272427">
        <ele>347.929600</ele>
        <time>2026-08-21T09:55:45.085Z</time>
      </trkpt>
      <trkpt lat="45.989285" lon="12.272240">
        <ele>349.018545</ele>
        <time>2026-08-21T09:55:50.234Z</time>
      </trkpt>
      <trkpt lat="45.989273" lon="12.271965">
        <ele>350.483728</ele>
        <time>2026-08-21T09:55:56.992Z</time>
      </trkpt>
      <trkpt lat="45.989254" lon="12.271729">
        <ele>351.747046</ele>
        <time>2026-08-21T09:56:02.769Z</time>
      </trkpt>
      <trkpt lat="45.989097" lon="12.271064">
        <ele>355.481736</ele>
        <time>2026-08-21T09:56:19.714Z</time>
      </trkpt>
      <trkpt lat="45.989098" lon="12.270870">
        <ele>356.513356</ele>
        <time>2026-08-21T09:56:24.831Z</time>
      </trkpt>
      <trkpt lat="45.989209" lon="12.270372">
        <ele>359.294385</ele>
        <time>2026-08-21T09:56:39.289Z</time>
      </trkpt>
      <trkpt lat="45.989205" lon="12.270200">
        <ele>360.480539</ele>
        <time>2026-08-21T09:56:43.884Z</time>
      </trkpt>
      <trkpt lat="45.989185" lon="12.270112">
        <ele>361.121079</ele>
        <time>2026-08-21T09:56:46.247Z</time>
      </trkpt>
      <trkpt lat="45.988841" lon="12.269382">
        <ele>367.223341</ele>
        <time>2026-08-21T09:57:08.811Z</time>
      </trkpt>
      <trkpt lat="45.988807" lon="12.269208">
        <ele>368.473807</ele>
        <time>2026-08-21T09:57:13.671Z</time>
      </trkpt>
      <trkpt lat="45.988759" lon="12.268401">
        <ele>374.077221</ele>
        <time>2026-08-21T09:57:38.476Z</time>
      </trkpt>
      <trkpt lat="45.988739" lon="12.268320">
        <ele>374.671930</ele>
        <time>2026-08-21T09:57:41.637Z</time>
      </trkpt>
      <trkpt lat="45.988250" lon="12.267467">
        <ele>383.978717</ele>
        <time>2026-08-21T09:58:26.276Z</time>
      </trkpt>
      <trkpt lat="45.988026" lon="12.267191">
        <ele>387.867490</ele>
        <time>2026-08-21T09:58:44.236Z</time>
      </trkpt>
      <trkpt lat="45.987642" lon="12.266852">
        <ele>393.808437</ele>
        <time>2026-08-21T09:59:10.826Z</time>
      </trkpt>
      <trkpt lat="45.987476" lon="12.266793">
        <ele>396.063399</ele>
        <time>2026-08-21T09:59:20.475Z</time>
      </trkpt>
      <trkpt lat="45.986995" lon="12.266727">
        <ele>401.463597</ele>
        <time>2026-08-21T09:59:45.025Z</time>
      </trkpt>
      <trkpt lat="45.986883" lon="12.266784">
        <ele>402.012892</ele>
        <time>2026-08-21T09:59:49.670Z</time>
      </trkpt>
      <trkpt lat="45.986778" lon="12.266883">
        <ele>402.593302</ele>
        <time>2026-08-21T09:59:54.309Z</time>
      </trkpt>
      <trkpt lat="45.986446" lon="12.267322">
        <ele>404.677962</ele>
        <time>2026-08-21T10:00:08.593Z</time>
      </trkpt>
      <trkpt lat="45.986278" lon="12.267398">
        <ele>405.492237</ele>
        <time>2026-08-21T10:00:13.166Z</time>
      </trkpt>
      <trkpt lat="45.985980" lon="12.267443">
        <ele>406.877704</ele>
        <time>2026-08-21T10:00:19.645Z</time>
      </trkpt>
      <trkpt lat="45.985881" lon="12.267496">
        <ele>407.366108</ele>
        <time>2026-08-21T10:00:21.525Z</time>
      </trkpt>
      <trkpt lat="45.985796" lon="12.267571">
        <ele>407.827119</ele>
        <time>2026-08-21T10:00:23.118Z</time>
      </trkpt>
      <trkpt lat="45.985608" lon="12.267832">
        <ele>409.034930</ele>
        <time>2026-08-21T10:00:26.279Z</time>
      </trkpt>
      <trkpt lat="45.985325" lon="12.267805">
        <ele>408.367614</ele>
        <time>2026-08-21T10:00:28.839Z</time>
      </trkpt>
      <trkpt lat="45.985231" lon="12.267753">
        <ele>407.988641</ele>
        <time>2026-08-21T10:00:29.681Z</time>
      </trkpt>
      <trkpt lat="45.985130" lon="12.267631">
        <ele>407.492426</ele>
        <time>2026-08-21T10:00:30.750Z</time>
      </trkpt>
      <trkpt lat="45.984978" lon="12.267328">
        <ele>406.515225</ele>
        <time>2026-08-21T10:00:32.772Z</time>
      </trkpt>
      <trkpt lat="45.984772" lon="12.266593">
        <ele>404.442858</ele>
        <time>2026-08-21T10:00:36.921Z</time>
      </trkpt>
      <trkpt lat="45.984528" lon="12.266234">
        <ele>403.129714</ele>
        <time>2026-08-21T10:00:39.496Z</time>
      </trkpt>
      <trkpt lat="45.984527" lon="12.266127">
        <ele>402.849899</ele>
        <time>2026-08-21T10:00:40.052Z</time>
      </trkpt>
      <trkpt lat="45.984723" lon="12.265522">
        <ele>399.575690</ele>
        <time>2026-08-21T10:00:43.703Z</time>
      </trkpt>
      <trkpt lat="45.984660" lon="12.265173">
        <ele>397.590140</ele>
        <time>2026-08-21T10:00:45.592Z</time>
      </trkpt>
      <trkpt lat="45.984612" lon="12.264609">
        <ele>394.461279</ele>
        <time>2026-08-21T10:00:48.409Z</time>
      </trkpt>
      <trkpt lat="45.984575" lon="12.264456">
        <ele>393.569222</ele>
        <time>2026-08-21T10:00:49.206Z</time>
      </trkpt>
      <trkpt lat="45.984525" lon="12.264348">
        <ele>392.854611</ele>
        <time>2026-08-21T10:00:49.836Z</time>
      </trkpt>
      <trkpt lat="45.984437" lon="12.264256">
        <ele>391.992654</ele>
        <time>2026-08-21T10:00:50.590Z</time>
      </trkpt>
      <trkpt lat="45.984356" lon="12.264247">
        <ele>391.348845</ele>
        <time>2026-08-21T10:00:51.150Z</time>
      </trkpt>
      <trkpt lat="45.984230" lon="12.264311">
        <ele>390.289968</ele>
        <time>2026-08-21T10:00:52.064Z</time>
      </trkpt>
      <trkpt lat="45.984003" lon="12.264416">
        <ele>388.400431</ele>
        <time>2026-08-21T10:00:53.689Z</time>
      </trkpt>
      <trkpt lat="45.983804" lon="12.264416">
        <ele>386.026092</ele>
        <time>2026-08-21T10:00:55.030Z</time>
      </trkpt>
      <trkpt lat="45.983691" lon="12.264368">
        <ele>384.564326</ele>
        <time>2026-08-21T10:00:55.828Z</time>
      </trkpt>
      <trkpt lat="45.983266" lon="12.263389">
        <ele>374.612565</ele>
        <time>2026-08-21T10:01:01.167Z</time>
      </trkpt>
      <trkpt lat="45.983205" lon="12.263294">
        <ele>373.497423</ele>
        <time>2026-08-21T10:01:01.769Z</time>
      </trkpt>
      <trkpt lat="45.983132" lon="12.263260">
        <ele>372.545474</ele>
        <time>2026-08-21T10:01:02.292Z</time>
      </trkpt>
      <trkpt lat="45.983052" lon="12.263319">
        <ele>371.430186</ele>
        <time>2026-08-21T10:01:02.901Z</time>
      </trkpt>
      <trkpt lat="45.983034" lon="12.263449">
        <ele>370.287405</ele>
        <time>2026-08-21T10:01:03.525Z</time>
      </trkpt>
      <trkpt lat="45.983187" lon="12.264229">
        <ele>364.301430</ele>
        <time>2026-08-21T10:01:07.361Z</time>
      </trkpt>
      <trkpt lat="45.983181" lon="12.264345">
        <ele>363.682219</ele>
        <time>2026-08-21T10:01:07.923Z</time>
      </trkpt>
      <trkpt lat="45.983153" lon="12.264424">
        <ele>363.210133</ele>
        <time>2026-08-21T10:01:08.349Z</time>
      </trkpt>
      <trkpt lat="45.983047" lon="12.264509">
        <ele>362.280528</ele>
        <time>2026-08-21T10:01:09.206Z</time>
      </trkpt>
      <trkpt lat="45.982549" lon="12.264363">
        <ele>358.387064</ele>
        <time>2026-08-21T10:01:12.875Z</time>
      </trkpt>
      <trkpt lat="45.982496" lon="12.264276">
        <ele>357.771152</ele>
        <time>2026-08-21T10:01:13.465Z</time>
      </trkpt>
      <trkpt lat="45.982487" lon="12.264132">
        <ele>357.001495</ele>
        <time>2026-08-21T10:01:14.209Z</time>
      </trkpt>
      <trkpt lat="45.982520" lon="12.264057">
        <ele>356.528934</ele>
        <time>2026-08-21T10:01:14.661Z</time>
      </trkpt>
      <trkpt lat="45.982655" lon="12.263895">
        <ele>355.182344</ele>
        <time>2026-08-21T10:01:15.956Z</time>
      </trkpt>
      <trkpt lat="45.982756" lon="12.263693">
        <ele>353.857586</ele>
        <time>2026-08-21T10:01:17.213Z</time>
      </trkpt>
      <trkpt lat="45.982793" lon="12.263545">
        <ele>353.020295</ele>
        <time>2026-08-21T10:01:18.011Z</time>
      </trkpt>
      <trkpt lat="45.982850" lon="12.262977">
        <ele>349.677296</ele>
        <time>2026-08-21T10:01:20.896Z</time>
      </trkpt>
      <trkpt lat="45.982830" lon="12.262854">
        <ele>348.915733</ele>
        <time>2026-08-21T10:01:21.530Z</time>
      </trkpt>
      <trkpt lat="45.982708" lon="12.262729">
        <ele>347.616404</ele>
        <time>2026-08-21T10:01:22.605Z</time>
      </trkpt>
      <trkpt lat="45.981970" lon="12.262594">
        <ele>341.162008</ele>
        <time>2026-08-21T10:01:27.799Z</time>
      </trkpt>
      <trkpt lat="45.981869" lon="12.262536">
        <ele>340.218543</ele>
        <time>2026-08-21T10:01:28.545Z</time>
      </trkpt>
      <trkpt lat="45.981840" lon="12.262519">
        <ele>339.946866</ele>
        <time>2026-08-21T10:01:28.755Z</time>
      </trkpt>
      <trkpt lat="45.981757" lon="12.262361">
        <ele>338.752750</ele>
        <time>2026-08-21T10:01:29.691Z</time>
      </trkpt>
      <trkpt lat="45.981702" lon="12.261916">
        <ele>336.165036</ele>
        <time>2026-08-21T10:01:31.829Z</time>
      </trkpt>
      <trkpt lat="45.981675" lon="12.261840">
        <ele>335.790059</ele>
        <time>2026-08-21T10:01:32.233Z</time>
      </trkpt>
      <trkpt lat="45.981578" lon="12.261739">
        <ele>335.033141</ele>
        <time>2026-08-21T10:01:33.059Z</time>
      </trkpt>
      <trkpt lat="45.981337" lon="12.261651">
        <ele>333.461260</ele>
        <time>2026-08-21T10:01:34.777Z</time>
      </trkpt>
      <trkpt lat="45.981093" lon="12.261091">
        <ele>330.557501</ele>
        <time>2026-08-21T10:01:38.019Z</time>
      </trkpt>
      <trkpt lat="45.981032" lon="12.260308">
        <ele>327.096134</ele>
        <time>2026-08-21T10:01:42.083Z</time>
      </trkpt>
      <trkpt lat="45.981019" lon="12.260020">
        <ele>325.828247</ele>
        <time>2026-08-21T10:01:43.703Z</time>
      </trkpt>
      <trkpt lat="45.981034" lon="12.259781">
        <ele>325.187112</ele>
        <time>2026-08-21T10:01:45.226Z</time>
      </trkpt>
      <trkpt lat="45.981048" lon="12.259700">
        <ele>325.210276</ele>
        <time>2026-08-21T10:01:45.824Z</time>
      </trkpt>
      <trkpt lat="45.981374" lon="12.258957">
        <ele>325.454129</ele>
        <time>2026-08-21T10:01:58.849Z</time>
      </trkpt>
      <trkpt lat="45.981442" lon="12.258872">
        <ele>325.490099</ele>
        <time>2026-08-21T10:02:01.223Z</time>
      </trkpt>
      <trkpt lat="45.981497" lon="12.258845">
        <ele>325.513307</ele>
        <time>2026-08-21T10:02:02.507Z</time>
      </trkpt>
      <trkpt lat="45.982033" lon="12.258817">
        <ele>325.727503</ele>
        <time>2026-08-21T10:02:10.729Z</time>
      </trkpt>
      <trkpt lat="45.982161" lon="12.258764">
        <ele>325.780695</ele>
        <time>2026-08-21T10:02:11.920Z</time>
      </trkpt>
      <trkpt lat="45.982314" lon="12.258596">
        <ele>325.857551</ele>
        <time>2026-08-21T10:02:13.730Z</time>
      </trkpt>
      <trkpt lat="45.982332" lon="12.258463">
        <ele>325.738096</ele>
        <time>2026-08-21T10:02:15.054Z</time>
      </trkpt>
      <trkpt lat="45.982317" lon="12.258350">
        <ele>325.418989</ele>
        <time>2026-08-21T10:02:15.894Z</time>
      </trkpt>
      <trkpt lat="45.981891" lon="12.257694">
        <ele>322.928475</ele>
        <time>2026-08-21T10:02:21.182Z</time>
      </trkpt>
      <trkpt lat="45.981897" lon="12.257509">
        <ele>322.414761</ele>
        <time>2026-08-21T10:02:22.205Z</time>
      </trkpt>
      <trkpt lat="45.982021" lon="12.257300">
        <ele>321.652471</ele>
        <time>2026-08-21T10:02:23.633Z</time>
      </trkpt>
      <trkpt lat="45.982054" lon="12.257187">
        <ele>321.312476</ele>
        <time>2026-08-21T10:02:24.260Z</time>
      </trkpt>
      <trkpt lat="45.982028" lon="12.257040">
        <ele>320.891725</ele>
        <time>2026-08-21T10:02:25.013Z</time>
      </trkpt>
      <trkpt lat="45.981808" lon="12.256863">
        <ele>319.885615</ele>
        <time>2026-08-21T10:02:26.829Z</time>
      </trkpt>
      <trkpt lat="45.981747" lon="12.256745">
        <ele>319.477665</ele>
        <time>2026-08-21T10:02:27.589Z</time>
      </trkpt>
      <trkpt lat="45.981746" lon="12.256603">
        <ele>319.083762</ele>
        <time>2026-08-21T10:02:28.309Z</time>
      </trkpt>
      <trkpt lat="45.981842" lon="12.256287">
        <ele>317.748146</ele>
        <time>2026-08-21T10:02:30.133Z</time>
      </trkpt>
      <trkpt lat="45.981828" lon="12.256161">
        <ele>317.160516</ele>
        <time>2026-08-21T10:02:30.848Z</time>
      </trkpt>
      <trkpt lat="45.981777" lon="12.256107">
        <ele>316.740894</ele>
        <time>2026-08-21T10:02:31.329Z</time>
      </trkpt>
      <trkpt lat="45.981652" lon="12.256083">
        <ele>315.905138</ele>
        <time>2026-08-21T10:02:32.276Z</time>
      </trkpt>
      <trkpt lat="45.981304" lon="12.256281">
        <ele>313.425115</ele>
        <time>2026-08-21T10:02:34.942Z</time>
      </trkpt>
      <trkpt lat="45.981200" lon="12.256292">
        <ele>312.734015</ele>
        <time>2026-08-21T10:02:35.678Z</time>
      </trkpt>
      <trkpt lat="45.981144" lon="12.256253">
        <ele>312.321709</ele>
        <time>2026-08-21T10:02:36.121Z</time>
      </trkpt>
      <trkpt lat="45.980803" lon="12.255408">
        <ele>307.821612</ele>
        <time>2026-08-21T10:02:41.000Z</time>
      </trkpt>
      <trkpt lat="45.980799" lon="12.255173">
        <ele>306.741141</ele>
        <time>2026-08-21T10:02:42.170Z</time>
      </trkpt>
      <trkpt lat="45.980859" lon="12.254910">
        <ele>305.530348</ele>
        <time>2026-08-21T10:02:43.555Z</time>
      </trkpt>
      <trkpt lat="45.981255" lon="12.254402">
        <ele>302.191085</ele>
        <time>2026-08-21T10:02:47.436Z</time>
      </trkpt>
      <trkpt lat="45.981436" lon="12.254193">
        <ele>300.730348</ele>
        <time>2026-08-21T10:02:49.114Z</time>
      </trkpt>
      <trkpt lat="45.981476" lon="12.254109">
        <ele>300.284937</ele>
        <time>2026-08-21T10:02:49.643Z</time>
      </trkpt>
      <trkpt lat="45.981786" lon="12.253045">
        <ele>295.417142</ele>
        <time>2026-08-21T10:02:55.496Z</time>
      </trkpt>
      <trkpt lat="45.982214" lon="12.252594">
        <ele>294.780046</ele>
        <time>2026-08-21T10:02:59.400Z</time>
      </trkpt>
      <trkpt lat="45.982375" lon="12.252019">
        <ele>294.262687</ele>
        <time>2026-08-21T10:03:03.163Z</time>
      </trkpt>
      <trkpt lat="45.982539" lon="12.251685">
        <ele>293.921379</ele>
        <time>2026-08-21T10:03:07.273Z</time>
      </trkpt>
      <trkpt lat="45.982649" lon="12.251496">
        <ele>293.715633</ele>
        <time>2026-08-21T10:03:10.340Z</time>
      </trkpt>
      <trkpt lat="45.982833" lon="12.251272">
        <ele>293.426185</ele>
        <time>2026-08-21T10:03:15.980Z</time>
      </trkpt>
      <trkpt lat="45.983285" lon="12.250875">
        <ele>294.680958</ele>
        <time>2026-08-21T10:03:29.767Z</time>
      </trkpt>
      <trkpt lat="45.983366" lon="12.250756">
        <ele>295.058456</ele>
        <time>2026-08-21T10:03:32.803Z</time>
      </trkpt>
      <trkpt lat="45.983392" lon="12.250670">
        <ele>295.270991</ele>
        <time>2026-08-21T10:03:34.596Z</time>
      </trkpt>
      <trkpt lat="45.983388" lon="12.250550">
        <ele>295.543242</ele>
        <time>2026-08-21T10:03:36.756Z</time>
      </trkpt>
      <trkpt lat="45.983324" lon="12.250325">
        <ele>296.094191</ele>
        <time>2026-08-21T10:03:41.316Z</time>
      </trkpt>
      <trkpt lat="45.984568" lon="12.249347">
        <ele>300.865061</ele>
        <time>2026-08-21T10:04:09.600Z</time>
      </trkpt>
      <trkpt lat="45.984857" lon="12.249183">
        <ele>301.974775</ele>
        <time>2026-08-21T10:04:15.201Z</time>
      </trkpt>
      <trkpt lat="45.985453" lon="12.248929">
        <ele>304.195174</ele>
        <time>2026-08-21T10:04:28.639Z</time>
      </trkpt>
      <trkpt lat="45.985738" lon="12.248698">
        <ele>305.363594</ele>
        <time>2026-08-21T10:04:37.656Z</time>
      </trkpt>
      <trkpt lat="45.986017" lon="12.248674">
        <ele>306.940482</ele>
        <time>2026-08-21T10:04:47.080Z</time>
      </trkpt>
      <trkpt lat="45.986341" lon="12.248732">
        <ele>308.980722</ele>
        <time>2026-08-21T10:04:59.396Z</time>
      </trkpt>
      <trkpt lat="45.986413" lon="12.248780">
        <ele>309.476568</ele>
        <time>2026-08-21T10:05:02.418Z</time>
      </trkpt>
      <trkpt lat="45.986856" lon="12.249276">
        <ele>312.983865</ele>
        <time>2026-08-21T10:05:23.024Z</time>
      </trkpt>
      <trkpt lat="45.986979" lon="12.249448">
        <ele>314.055535</ele>
        <time>2026-08-21T10:05:29.168Z</time>
      </trkpt>
      <trkpt lat="45.987035" lon="12.249462">
        <ele>314.410713</ele>
        <time>2026-08-21T10:05:31.158Z</time>
      </trkpt>
      <trkpt lat="45.987155" lon="12.249386">
        <ele>315.229972</ele>
        <time>2026-08-21T10:05:35.475Z</time>
      </trkpt>
      <trkpt lat="45.987297" lon="12.249158">
        <ele>316.559392</ele>
        <time>2026-08-21T10:05:41.523Z</time>
      </trkpt>
      <trkpt lat="45.987421" lon="12.248898">
        <ele>316.343432</ele>
        <time>2026-08-21T10:05:46.634Z</time>
      </trkpt>
      <trkpt lat="45.987627" lon="12.248576">
        <ele>315.502924</ele>
        <time>2026-08-21T10:05:51.552Z</time>
      </trkpt>
      <trkpt lat="45.987791" lon="12.248450">
        <ele>314.989140</ele>
        <time>2026-08-21T10:05:53.436Z</time>
      </trkpt>
      <trkpt lat="45.987917" lon="12.248396">
        <ele>314.625803</ele>
        <time>2026-08-21T10:05:54.535Z</time>
      </trkpt>
      <trkpt lat="45.988064" lon="12.248428">
        <ele>314.214918</ele>
        <time>2026-08-21T10:05:55.717Z</time>
      </trkpt>
      <trkpt lat="45.988577" lon="12.248774">
        <ele>312.649183</ele>
        <time>2026-08-21T10:05:59.925Z</time>
      </trkpt>
      <trkpt lat="45.988741" lon="12.248924">
        <ele>312.112157</ele>
        <time>2026-08-21T10:06:01.307Z</time>
      </trkpt>
      <trkpt lat="45.988911" lon="12.249175">
        <ele>310.142770</ele>
        <time>2026-08-21T10:06:03.011Z</time>
      </trkpt>
      <trkpt lat="45.989172" lon="12.249699">
        <ele>305.079394</ele>
        <time>2026-08-21T10:06:06.113Z</time>
      </trkpt>
      <trkpt lat="45.989725" lon="12.250521">
        <ele>296.093692</ele>
        <time>2026-08-21T10:06:11.511Z</time>
      </trkpt>
      <trkpt lat="45.990122" lon="12.251015">
        <ele>289.693196</ele>
        <time>2026-08-21T10:06:15.018Z</time>
      </trkpt>
      <trkpt lat="45.990307" lon="12.251173">
        <ele>286.427768</ele>
        <time>2026-08-21T10:06:16.436Z</time>
      </trkpt>
      <trkpt lat="45.990449" lon="12.251251">
        <ele>284.120607</ele>
        <time>2026-08-21T10:06:17.442Z</time>
      </trkpt>
      <trkpt lat="45.990660" lon="12.251257">
        <ele>280.917061</ele>
        <time>2026-08-21T10:06:18.830Z</time>
      </trkpt>
      <trkpt lat="45.991049" lon="12.251217">
        <ele>274.997099</ele>
        <time>2026-08-21T10:06:21.404Z</time>
      </trkpt>
      <trkpt lat="45.991102" lon="12.251193">
        <ele>274.153697</ele>
        <time>2026-08-21T10:06:21.771Z</time>
      </trkpt>
      <trkpt lat="45.991134" lon="12.251140">
        <ele>273.413163</ele>
        <time>2026-08-21T10:06:22.092Z</time>
      </trkpt>
      <trkpt lat="45.991200" lon="12.251035">
        <ele>271.919845</ele>
        <time>2026-08-21T10:06:23.004Z</time>
      </trkpt>
      <trkpt lat="45.991229" lon="12.250836">
        <ele>269.775441</ele>
        <time>2026-08-21T10:06:24.324Z</time>
      </trkpt>
      <trkpt lat="45.991227" lon="12.250312">
        <ele>264.249048</ele>
        <time>2026-08-21T10:06:27.735Z</time>
      </trkpt>
      <trkpt lat="45.991268" lon="12.250253">
        <ele>263.653322</ele>
        <time>2026-08-21T10:06:28.281Z</time>
      </trkpt>
      <trkpt lat="45.991332" lon="12.250247">
        <ele>263.002991</ele>
        <time>2026-08-21T10:06:28.883Z</time>
      </trkpt>
      <trkpt lat="45.991475" lon="12.250368">
        <ele>261.320976</ele>
        <time>2026-08-21T10:06:30.459Z</time>
      </trkpt>
      <trkpt lat="45.991645" lon="12.250319">
        <ele>259.562961</ele>
        <time>2026-08-21T10:06:32.118Z</time>
      </trkpt>
      <trkpt lat="45.991691" lon="12.250306">
        <ele>259.087618</ele>
        <time>2026-08-21T10:06:32.564Z</time>
      </trkpt>
      <trkpt lat="45.991825" lon="12.250303">
        <ele>257.728702</ele>
        <time>2026-08-21T10:06:33.863Z</time>
      </trkpt>
      <trkpt lat="45.992435" lon="12.250551">
        <ele>251.301328</ele>
        <time>2026-08-21T10:06:40.136Z</time>
      </trkpt>
      <trkpt lat="45.992667" lon="12.250616">
        <ele>248.904710</ele>
        <time>2026-08-21T10:06:42.494Z</time>
      </trkpt>
      <trkpt lat="45.992858" lon="12.250623">
        <ele>246.967354</ele>
        <time>2026-08-21T10:06:44.403Z</time>
      </trkpt>
      <trkpt lat="45.993129" lon="12.250476">
        <ele>244.757609</ele>
        <time>2026-08-21T10:06:47.319Z</time>
      </trkpt>
      <trkpt lat="45.993358" lon="12.250302">
        <ele>243.107335</ele>
        <time>2026-08-21T10:06:49.947Z</time>
      </trkpt>
      <trkpt lat="45.993553" lon="12.250084">
        <ele>241.533799</ele>
        <time>2026-08-21T10:06:52.466Z</time>
      </trkpt>
      <trkpt lat="45.993988" lon="12.249498">
        <ele>237.736825</ele>
        <time>2026-08-21T10:06:58.655Z</time>
      </trkpt>
      <trkpt lat="45.993379" lon="12.248441">
        <ele>233.240074</ele>
        <time>2026-08-21T10:07:05.920Z</time>
      </trkpt>
      <trkpt lat="45.993249" lon="12.248033">
        <ele>232.349878</ele>
        <time>2026-08-21T10:07:08.419Z</time>
      </trkpt>
      <trkpt lat="45.993219" lon="12.247769">
        <ele>231.819348</ele>
        <time>2026-08-21T10:07:09.944Z</time>
      </trkpt>
      <trkpt lat="45.993158" lon="12.247514">
        <ele>231.284485</ele>
        <time>2026-08-21T10:07:11.528Z</time>
      </trkpt>
      <trkpt lat="45.992875" lon="12.246873">
        <ele>229.778257</ele>
        <time>2026-08-21T10:07:16.307Z</time>
      </trkpt>
      <trkpt lat="45.992717" lon="12.246882">
        <ele>229.386411</ele>
        <time>2026-08-21T10:07:17.845Z</time>
      </trkpt>
      <trkpt lat="45.992599" lon="12.246844">
        <ele>229.366255</ele>
        <time>2026-08-21T10:07:19.055Z</time>
      </trkpt>
      <trkpt lat="45.992343" lon="12.246712">
        <ele>229.320927</ele>
        <time>2026-08-21T10:07:21.883Z</time>
      </trkpt>
      <trkpt lat="45.991965" lon="12.246434">
        <ele>229.250169</ele>
        <time>2026-08-21T10:07:26.665Z</time>
      </trkpt>
      <trkpt lat="45.991360" lon="12.245943">
        <ele>229.134394</ele>
        <time>2026-08-21T10:07:35.443Z</time>
      </trkpt>
      <trkpt lat="45.990968" lon="12.245493">
        <ele>229.251659</ele>
        <time>2026-08-21T10:07:41.783Z</time>
      </trkpt>
      <trkpt lat="45.989963" lon="12.244174">
        <ele>230.178547</ele>
        <time>2026-08-21T10:08:00.409Z</time>
      </trkpt>
      <trkpt lat="45.989546" lon="12.243586">
        <ele>230.937274</ele>
        <time>2026-08-21T10:08:09.944Z</time>
      </trkpt>
      <trkpt lat="45.988902" lon="12.242510">
        <ele>232.541902</ele>
        <time>2026-08-21T10:08:27.625Z</time>
      </trkpt>
      <trkpt lat="45.988359" lon="12.241532">
        <ele>234.157621</ele>
        <time>2026-08-21T10:08:42.696Z</time>
      </trkpt>
      <trkpt lat="45.988067" lon="12.241061">
        <ele>235.071455</ele>
        <time>2026-08-21T10:08:50.281Z</time>
      </trkpt>
      <trkpt lat="45.987941" lon="12.240914">
        <ele>235.409406</ele>
        <time>2026-08-21T10:08:53.075Z</time>
      </trkpt>
      <trkpt lat="45.987988" lon="12.240868">
        <ele>235.527832</ele>
        <time>2026-08-21T10:08:56.976Z</time>
      </trkpt>
      <trkpt lat="45.988096" lon="12.241015">
        <ele>235.837551</ele>
        <time>2026-08-21T10:09:07.309Z</time>
      </trkpt>
      <trkpt lat="45.987988" lon="12.240868">
        <ele>236.147269</ele>
        <time>2026-08-21T10:09:17.642Z</time>
      </trkpt>
      <trkpt lat="45.987941" lon="12.240914">
        <ele>236.265695</ele>
        <time>2026-08-21T10:09:21.638Z</time>
      </trkpt>
      <trkpt lat="45.987852" lon="12.240810">
        <ele>236.504559</ele>
        <time>2026-08-21T10:09:23.814Z</time>
      </trkpt>
      <trkpt lat="45.987589" lon="12.240621">
        <ele>237.153088</ele>
        <time>2026-08-21T10:09:29.984Z</time>
      </trkpt>
      <trkpt lat="45.987239" lon="12.240290">
        <ele>238.270534</ele>
        <time>2026-08-21T10:09:40.193Z</time>
      </trkpt>
      <trkpt lat="45.987065" lon="12.240045">
        <ele>238.920038</ele>
        <time>2026-08-21T10:09:46.267Z</time>
      </trkpt>
      <trkpt lat="45.986821" lon="12.239667">
        <ele>239.876575</ele>
        <time>2026-08-21T10:09:54.654Z</time>
      </trkpt>
      <trkpt lat="45.986592" lon="12.239256">
        <ele>240.853276</ele>
        <time>2026-08-21T10:10:02.300Z</time>
      </trkpt>
      <trkpt lat="45.986063" lon="12.238089">
        <ele>241.678867</ele>
        <time>2026-08-21T10:10:15.726Z</time>
      </trkpt>
      <trkpt lat="45.985374" lon="12.236871">
        <ele>241.486483</ele>
        <time>2026-08-21T10:10:25.882Z</time>
      </trkpt>
      <trkpt lat="45.985152" lon="12.236490">
        <ele>242.291608</ele>
        <time>2026-08-21T10:10:30.563Z</time>
      </trkpt>
      <trkpt lat="45.984889" lon="12.236045">
        <ele>243.592783</ele>
        <time>2026-08-21T10:10:38.111Z</time>
      </trkpt>
      <trkpt lat="45.984724" lon="12.235758">
        <ele>244.422451</ele>
        <time>2026-08-21T10:10:44.000Z</time>
      </trkpt>
      <trkpt lat="45.983513" lon="12.233996">
        <ele>252.336553</ele>
        <time>2026-08-21T10:11:32.415Z</time>
      </trkpt>
      <trkpt lat="45.982968" lon="12.233272">
        <ele>256.817260</ele>
        <time>2026-08-21T10:11:56.914Z</time>
      </trkpt>
      <trkpt lat="45.982501" lon="12.232919">
        <ele>260.444980</ele>
        <time>2026-08-21T10:12:15.520Z</time>
      </trkpt>
      <trkpt lat="45.981870" lon="12.232059">
        <ele>266.912541</ele>
        <time>2026-08-21T10:12:48.461Z</time>
      </trkpt>
      <trkpt lat="45.981647" lon="12.231820">
        <ele>268.981756</ele>
        <time>2026-08-21T10:12:59.344Z</time>
      </trkpt>
      <trkpt lat="45.981393" lon="12.231685">
        <ele>270.996804</ele>
        <time>2026-08-21T10:13:08.679Z</time>
      </trkpt>
      <trkpt lat="45.981064" lon="12.231571">
        <ele>272.330323</ele>
        <time>2026-08-21T10:13:19.290Z</time>
      </trkpt>
      <trkpt lat="45.980822" lon="12.231293">
        <ele>273.288268</ele>
        <time>2026-08-21T10:13:27.638Z</time>
      </trkpt>
      <trkpt lat="45.980320" lon="12.230463">
        <ele>275.653773</ele>
        <time>2026-08-21T10:13:45.151Z</time>
      </trkpt>
      <trkpt lat="45.979966" lon="12.229942">
        <ele>276.912327</ele>
        <time>2026-08-21T10:13:50.834Z</time>
      </trkpt>
      <trkpt lat="45.979939" lon="12.229865">
        <ele>276.759004</ele>
        <time>2026-08-21T10:13:51.379Z</time>
      </trkpt>
      <trkpt lat="45.979896" lon="12.229741">
        <ele>276.512646</ele>
        <time>2026-08-21T10:13:52.268Z</time>
      </trkpt>
      <trkpt lat="45.979875" lon="12.229506">
        <ele>276.091443</ele>
        <time>2026-08-21T10:13:53.744Z</time>
      </trkpt>
      <trkpt lat="45.979905" lon="12.229351">
        <ele>275.805410</ele>
        <time>2026-08-21T10:13:54.679Z</time>
      </trkpt>
      <trkpt lat="45.979900" lon="12.229184">
        <ele>275.508257</ele>
        <time>2026-08-21T10:13:55.637Z</time>
      </trkpt>
      <trkpt lat="45.979868" lon="12.229049">
        <ele>275.254688</ele>
        <time>2026-08-21T10:13:56.454Z</time>
      </trkpt>
      <trkpt lat="45.979797" lon="12.228896">
        <ele>274.927628</ele>
        <time>2026-08-21T10:13:57.544Z</time>
      </trkpt>
      <trkpt lat="45.979374" lon="12.228291">
        <ele>273.401943</ele>
        <time>2026-08-21T10:14:02.395Z</time>
      </trkpt>
      <trkpt lat="45.979218" lon="12.227860">
        <ele>272.538040</ele>
        <time>2026-08-21T10:14:04.990Z</time>
      </trkpt>
      <trkpt lat="45.979162" lon="12.227687">
        <ele>272.063426</ele>
        <time>2026-08-21T10:14:06.031Z</time>
      </trkpt>
      <trkpt lat="45.978731" lon="12.225893">
        <ele>266.874323</ele>
        <time>2026-08-21T10:14:16.537Z</time>
      </trkpt>
      <trkpt lat="45.978712" lon="12.225809">
        <ele>266.632831</ele>
        <time>2026-08-21T10:14:17.024Z</time>
      </trkpt>
      <trkpt lat="45.978655" lon="12.225566">
        <ele>265.931711</ele>
        <time>2026-08-21T10:14:18.423Z</time>
      </trkpt>
      <trkpt lat="45.978392" lon="12.224379">
        <ele>261.241741</ele>
        <time>2026-08-21T10:14:24.920Z</time>
      </trkpt>
      <trkpt lat="45.977932" lon="12.222552">
        <ele>253.789581</ele>
        <time>2026-08-21T10:14:34.719Z</time>
      </trkpt>
      <trkpt lat="45.977593" lon="12.221017">
        <ele>248.433639</ele>
        <time>2026-08-21T10:14:43.283Z</time>
      </trkpt>
      <trkpt lat="45.977430" lon="12.220277">
        <ele>245.969199</ele>
        <time>2026-08-21T10:14:47.565Z</time>
      </trkpt>
      <trkpt lat="45.977263" lon="12.219136">
        <ele>242.788046</ele>
        <time>2026-08-21T10:14:53.873Z</time>
      </trkpt>
      <trkpt lat="45.977043" lon="12.217013">
        <ele>237.077263</ele>
        <time>2026-08-21T10:15:05.609Z</time>
      </trkpt>
      <trkpt lat="45.976959" lon="12.216170">
        <ele>234.888262</ele>
        <time>2026-08-21T10:15:10.261Z</time>
      </trkpt>
      <trkpt lat="45.976954" lon="12.215946">
        <ele>234.312197</ele>
        <time>2026-08-21T10:15:11.484Z</time>
      </trkpt>
      <trkpt lat="45.976975" lon="12.215767">
        <ele>233.845586</ele>
        <time>2026-08-21T10:15:12.483Z</time>
      </trkpt>
      <trkpt lat="45.977011" lon="12.215621">
        <ele>233.447387</ele>
        <time>2026-08-21T10:15:13.334Z</time>
      </trkpt>
      <trkpt lat="45.977127" lon="12.215378">
        <ele>232.718687</ele>
        <time>2026-08-21T10:15:14.964Z</time>
      </trkpt>
      <trkpt lat="45.977336" lon="12.215177">
        <ele>232.058422</ele>
        <time>2026-08-21T10:15:16.986Z</time>
      </trkpt>
      <trkpt lat="45.979972" lon="12.213343">
        <ele>225.522868</ele>
        <time>2026-08-21T10:15:41.957Z</time>
      </trkpt>
      <trkpt lat="45.980049" lon="12.213290">
        <ele>225.368696</ele>
        <time>2026-08-21T10:15:42.792Z</time>
      </trkpt>
      <trkpt lat="45.980170" lon="12.213208">
        <ele>225.127119</ele>
        <time>2026-08-21T10:15:44.127Z</time>
      </trkpt>
      <trkpt lat="45.981643" lon="12.212165">
        <ele>225.309474</ele>
        <time>2026-08-21T10:16:05.009Z</time>
      </trkpt>
      <trkpt lat="45.983374" lon="12.210921">
        <ele>227.543662</ele>
        <time>2026-08-21T10:16:35.786Z</time>
      </trkpt>
      <trkpt lat="45.983495" lon="12.210755">
        <ele>227.764741</ele>
        <time>2026-08-21T10:16:38.597Z</time>
      </trkpt>
      <trkpt lat="45.983585" lon="12.210519">
        <ele>228.021301</ele>
        <time>2026-08-21T10:16:41.948Z</time>
      </trkpt>
      <trkpt lat="45.983598" lon="12.210390">
        <ele>228.146225</ele>
        <time>2026-08-21T10:16:43.588Z</time>
      </trkpt>
      <trkpt lat="45.983597" lon="12.210113">
        <ele>228.411699</ele>
        <time>2026-08-21T10:16:47.058Z</time>
      </trkpt>
      <trkpt lat="45.983567" lon="12.209916">
        <ele>228.604979</ele>
        <time>2026-08-21T10:16:49.557Z</time>
      </trkpt>
      <trkpt lat="45.983327" lon="12.209351">
        <ele>229.239625</ele>
        <time>2026-08-21T10:16:57.659Z</time>
      </trkpt>
      <trkpt lat="45.983215" lon="12.208990">
        <ele>229.618519</ele>
        <time>2026-08-21T10:17:02.025Z</time>
      </trkpt>
      <trkpt lat="45.982955" lon="12.208070">
        <ele>230.331893</ele>
        <time>2026-08-21T10:17:12.249Z</time>
      </trkpt>
      <trkpt lat="45.982294" lon="12.205770">
        <ele>230.750074</ele>
        <time>2026-08-21T10:17:33.134Z</time>
      </trkpt>
      <trkpt lat="45.981900" lon="12.204406">
        <ele>230.901280</ele>
        <time>2026-08-21T10:17:46.244Z</time>
      </trkpt>
      <trkpt lat="45.981306" lon="12.202241">
        <ele>230.692726</ele>
        <time>2026-08-21T10:18:05.390Z</time>
      </trkpt>
      <trkpt lat="45.981006" lon="12.201464">
        <ele>230.504191</ele>
        <time>2026-08-21T10:18:11.847Z</time>
      </trkpt>
      <trkpt lat="45.979398" lon="12.197812">
        <ele>228.432076</ele>
        <time>2026-08-21T10:18:42.355Z</time>
      </trkpt>
      <trkpt lat="45.979379" lon="12.197769">
        <ele>228.407269</ele>
        <time>2026-08-21T10:18:42.709Z</time>
      </trkpt>
      <trkpt lat="45.979341" lon="12.197687">
        <ele>228.359286</ele>
        <time>2026-08-21T10:18:43.408Z</time>
      </trkpt>
      <trkpt lat="45.978843" lon="12.196542">
        <ele>227.751082</ele>
        <time>2026-08-21T10:18:53.038Z</time>
      </trkpt>
      <trkpt lat="45.978215" lon="12.194549">
        <ele>226.979147</ele>
        <time>2026-08-21T10:19:09.165Z</time>
      </trkpt>
      <trkpt lat="45.977796" lon="12.193149">
        <ele>226.802687</ele>
        <time>2026-08-21T10:19:25.679Z</time>
      </trkpt>
      <trkpt lat="45.977717" lon="12.192887">
        <ele>226.771053</ele>
        <time>2026-08-21T10:19:28.776Z</time>
      </trkpt>
      <trkpt lat="45.977676" lon="12.192750">
        <ele>226.754531</ele>
        <time>2026-08-21T10:19:30.371Z</time>
      </trkpt>
      <trkpt lat="45.976984" lon="12.190444">
        <ele>227.195002</ele>
        <time>2026-08-21T10:19:59.040Z</time>
      </trkpt>
      <trkpt lat="45.976937" lon="12.190290">
        <ele>227.241671</ele>
        <time>2026-08-21T10:20:01.231Z</time>
      </trkpt>
      <trkpt lat="45.976577" lon="12.189177">
        <ele>227.702374</ele>
        <time>2026-08-21T10:20:18.227Z</time>
      </trkpt>
      <trkpt lat="45.976099" lon="12.188024">
        <ele>228.319570</ele>
        <time>2026-08-21T10:20:36.000Z</time>
      </trkpt>
      <trkpt lat="45.975600" lon="12.186818">
        <ele>228.747383</ele>
        <time>2026-08-21T10:20:51.337Z</time>
      </trkpt>
      <trkpt lat="45.975392" lon="12.186317">
        <ele>228.860328</ele>
        <time>2026-08-21T10:20:57.649Z</time>
      </trkpt>
      <trkpt lat="45.975236" lon="12.185849">
        <ele>228.960781</ele>
        <time>2026-08-21T10:21:03.715Z</time>
      </trkpt>
      <trkpt lat="45.975110" lon="12.185313">
        <ele>229.070290</ele>
        <time>2026-08-21T10:21:10.913Z</time>
      </trkpt>
      <trkpt lat="45.975003" lon="12.184581">
        <ele>229.778472</ele>
        <time>2026-08-21T10:21:21.393Z</time>
      </trkpt>
      <trkpt lat="45.974837" lon="12.183438">
        <ele>231.024106</ele>
        <time>2026-08-21T10:21:39.230Z</time>
      </trkpt>
      <trkpt lat="45.974797" lon="12.183159">
        <ele>231.327997</ele>
        <time>2026-08-21T10:21:43.496Z</time>
      </trkpt>
      <trkpt lat="45.974866" lon="12.183097">
        <ele>231.452863</ele>
        <time>2026-08-21T10:21:45.280Z</time>
      </trkpt>
      <trkpt lat="45.974910" lon="12.182960">
        <ele>231.613859</ele>
        <time>2026-08-21T10:21:47.517Z</time>
      </trkpt>
      <trkpt lat="45.974920" lon="12.182889">
        <ele>231.691138</ele>
        <time>2026-08-21T10:21:48.382Z</time>
      </trkpt>
      <trkpt lat="45.975200" lon="12.180954">
        <ele>234.300188</ele>
        <time>2026-08-21T10:22:12.053Z</time>
      </trkpt>
      <trkpt lat="45.975268" lon="12.180646">
        <ele>234.733496</ele>
        <time>2026-08-21T10:22:16.232Z</time>
      </trkpt>
      <trkpt lat="45.975377" lon="12.180405">
        <ele>235.119036</ele>
        <time>2026-08-21T10:22:20.112Z</time>
      </trkpt>
      <trkpt lat="45.975768" lon="12.179832">
        <ele>236.813610</ele>
        <time>2026-08-21T10:22:31.555Z</time>
      </trkpt>
      <trkpt lat="45.976054" lon="12.179260">
        <ele>238.425874</ele>
        <time>2026-08-21T10:22:42.334Z</time>
      </trkpt>
      <trkpt lat="45.976271" lon="12.178631">
        <ele>240.032596</ele>
        <time>2026-08-21T10:22:53.560Z</time>
      </trkpt>
      <trkpt lat="45.976337" lon="12.178316">
        <ele>240.785356</ele>
        <time>2026-08-21T10:22:59.096Z</time>
      </trkpt>
      <trkpt lat="45.976392" lon="12.177721">
        <ele>242.494596</ele>
        <time>2026-08-21T10:23:09.602Z</time>
      </trkpt>
      <trkpt lat="45.976439" lon="12.177572">
        <ele>243.006281</ele>
        <time>2026-08-21T10:23:12.540Z</time>
      </trkpt>
      <trkpt lat="45.976558" lon="12.177396">
        <ele>243.774150</ele>
        <time>2026-08-21T10:23:17.003Z</time>
      </trkpt>
      <trkpt lat="45.976684" lon="12.177304">
        <ele>244.409926</ele>
        <time>2026-08-21T10:23:20.722Z</time>
      </trkpt>
      <trkpt lat="45.977342" lon="12.176977">
        <ele>247.542325</ele>
        <time>2026-08-21T10:23:39.389Z</time>
      </trkpt>
      <trkpt lat="45.977447" lon="12.176942">
        <ele>248.027304</ele>
        <time>2026-08-21T10:23:42.280Z</time>
      </trkpt>
      <trkpt lat="45.977794" lon="12.176913">
        <ele>249.604446</ele>
        <time>2026-08-21T10:23:51.637Z</time>
      </trkpt>
      <trkpt lat="45.977889" lon="12.176811">
        <ele>250.165214</ele>
        <time>2026-08-21T10:23:54.880Z</time>
      </trkpt>
      <trkpt lat="45.978286" lon="12.176386">
        <ele>252.506171</ele>
        <time>2026-08-21T10:24:08.732Z</time>
      </trkpt>
      <trkpt lat="45.978474" lon="12.176023">
        <ele>253.994587</ele>
        <time>2026-08-21T10:24:17.121Z</time>
      </trkpt>
      <trkpt lat="45.978576" lon="12.175738">
        <ele>255.048546</ele>
        <time>2026-08-21T10:24:22.846Z</time>
      </trkpt>
      <trkpt lat="45.978900" lon="12.175511">
        <ele>256.753418</ele>
        <time>2026-08-21T10:24:32.387Z</time>
      </trkpt>
      <trkpt lat="45.978893" lon="12.175456">
        <ele>256.937248</ele>
        <time>2026-08-21T10:24:33.400Z</time>
      </trkpt>
      <trkpt lat="45.979030" lon="12.175392">
        <ele>257.618694</ele>
        <time>2026-08-21T10:24:37.915Z</time>
      </trkpt>
      <trkpt lat="45.979217" lon="12.175178">
        <ele>258.774359</ele>
        <time>2026-08-21T10:24:45.499Z</time>
      </trkpt>
      <trkpt lat="45.979273" lon="12.174944">
        <ele>259.610811</ele>
        <time>2026-08-21T10:24:51.020Z</time>
      </trkpt>
      <trkpt lat="45.979451" lon="12.174911">
        <ele>260.483680</ele>
        <time>2026-08-21T10:24:56.038Z</time>
      </trkpt>
      <trkpt lat="45.980278" lon="12.174565">
        <ele>264.672390</ele>
        <time>2026-08-21T10:25:19.221Z</time>
      </trkpt>
      <trkpt lat="45.981575" lon="12.174047">
        <ele>271.521242</ele>
        <time>2026-08-21T10:25:57.696Z</time>
      </trkpt>
      <trkpt lat="45.982371" lon="12.173723">
        <ele>275.807528</ele>
        <time>2026-08-21T10:26:21.080Z</time>
      </trkpt>
      <trkpt lat="45.983862" lon="12.173118">
        <ele>284.199271</ele>
        <time>2026-08-21T10:27:05.669Z</time>
      </trkpt>
      <trkpt lat="45.984160" lon="12.173027">
        <ele>285.885999</ele>
        <time>2026-08-21T10:27:14.964Z</time>
      </trkpt>
      <trkpt lat="45.985443" lon="12.172674">
        <ele>294.301782</ele>
        <time>2026-08-21T10:27:57.030Z</time>
      </trkpt>
      <trkpt lat="45.986079" lon="12.172352">
        <ele>298.807665</ele>
        <time>2026-08-21T10:28:20.183Z</time>
      </trkpt>
      <trkpt lat="45.986378" lon="12.172288">
        <ele>300.981541</ele>
        <time>2026-08-21T10:28:30.682Z</time>
      </trkpt>
      <trkpt lat="45.986895" lon="12.172241">
        <ele>304.706899</ele>
        <time>2026-08-21T10:28:48.543Z</time>
      </trkpt>
      <trkpt lat="45.987394" lon="12.172237">
        <ele>308.295458</ele>
        <time>2026-08-21T10:29:05.865Z</time>
      </trkpt>
      <trkpt lat="45.987874" lon="12.172355">
        <ele>312.264047</ele>
        <time>2026-08-21T10:29:23.672Z</time>
      </trkpt>
      <trkpt lat="45.988168" lon="12.172472">
        <ele>315.092658</ele>
        <time>2026-08-21T10:29:34.809Z</time>
      </trkpt>
      <trkpt lat="45.988513" lon="12.172477">
        <ele>318.292060</ele>
        <time>2026-08-21T10:29:48.109Z</time>
      </trkpt>
      <trkpt lat="45.988776" lon="12.172466">
        <ele>320.731931</ele>
        <time>2026-08-21T10:29:59.516Z</time>
      </trkpt>
      <trkpt lat="45.989389" lon="12.172354">
        <ele>326.461997</ele>
        <time>2026-08-21T10:30:30.761Z</time>
      </trkpt>
      <trkpt lat="45.990230" lon="12.172491">
        <ele>332.469230</ele>
        <time>2026-08-21T10:31:05.781Z</time>
      </trkpt>
      <trkpt lat="45.990302" lon="12.172464">
        <ele>332.988579</ele>
        <time>2026-08-21T10:31:08.342Z</time>
      </trkpt>
      <trkpt lat="45.990323" lon="12.172411">
        <ele>333.284472</ele>
        <time>2026-08-21T10:31:09.870Z</time>
      </trkpt>
      <trkpt lat="45.990296" lon="12.172294">
        <ele>333.882365</ele>
        <time>2026-08-21T10:31:12.668Z</time>
      </trkpt>
      <trkpt lat="45.990257" lon="12.172258">
        <ele>334.205766</ele>
        <time>2026-08-21T10:31:14.212Z</time>
      </trkpt>
      <trkpt lat="45.989820" lon="12.172136">
        <ele>337.312950</ele>
        <time>2026-08-21T10:31:26.502Z</time>
      </trkpt>
      <trkpt lat="45.988908" lon="12.171749">
        <ele>342.822163</ele>
        <time>2026-08-21T10:31:46.807Z</time>
      </trkpt>
      <trkpt lat="45.988853" lon="12.171669">
        <ele>343.232141</ele>
        <time>2026-08-21T10:31:48.980Z</time>
      </trkpt>
      <trkpt lat="45.988850" lon="12.171616">
        <ele>343.425850</ele>
        <time>2026-08-21T10:31:50.015Z</time>
      </trkpt>
      <trkpt lat="45.988881" lon="12.171526">
        <ele>343.791779</ele>
        <time>2026-08-21T10:31:52.091Z</time>
      </trkpt>
      <trkpt lat="45.988946" lon="12.171501">
        <ele>344.144531</ele>
        <time>2026-08-21T10:31:54.131Z</time>
      </trkpt>
      <trkpt lat="45.989023" lon="12.171512">
        <ele>344.550224</ele>
        <time>2026-08-21T10:31:56.482Z</time>
      </trkpt>
      <trkpt lat="45.989726" lon="12.171883">
        <ele>348.475996</ele>
        <time>2026-08-21T10:32:21.774Z</time>
      </trkpt>
      <trkpt lat="45.989912" lon="12.171943">
        <ele>349.467365</ele>
        <time>2026-08-21T10:32:28.718Z</time>
      </trkpt>
      <trkpt lat="45.990393" lon="12.171985">
        <ele>351.961524</ele>
        <time>2026-08-21T10:32:44.273Z</time>
      </trkpt>
      <trkpt lat="45.990826" lon="12.172204">
        <ele>354.337009</ele>
        <time>2026-08-21T10:32:56.737Z</time>
      </trkpt>
      <trkpt lat="45.991213" lon="12.172277">
        <ele>356.357189</ele>
        <time>2026-08-21T10:33:06.123Z</time>
      </trkpt>
      <trkpt lat="45.991338" lon="12.172334">
        <ele>357.035863</ele>
        <time>2026-08-21T10:33:09.405Z</time>
      </trkpt>
      <trkpt lat="45.991465" lon="12.172469">
        <ele>357.853027</ele>
        <time>2026-08-21T10:33:13.410Z</time>
      </trkpt>
      <trkpt lat="45.991744" lon="12.172882">
        <ele>359.759850</ele>
        <time>2026-08-21T10:33:23.853Z</time>
      </trkpt>
      <trkpt lat="45.991855" lon="12.172965">
        <ele>360.346906</ele>
        <time>2026-08-21T10:33:27.071Z</time>
      </trkpt>
      <trkpt lat="45.992073" lon="12.173028">
        <ele>361.390454</ele>
        <time>2026-08-21T10:33:33.127Z</time>
      </trkpt>
      <trkpt lat="45.992182" lon="12.173094">
        <ele>361.945442</ele>
        <time>2026-08-21T10:33:36.542Z</time>
      </trkpt>
      <trkpt lat="45.992560" lon="12.173380">
        <ele>363.949662</ele>
        <time>2026-08-21T10:33:49.692Z</time>
      </trkpt>
      <trkpt lat="45.993041" lon="12.173926">
        <ele>366.813700</ele>
        <time>2026-08-21T10:34:05.890Z</time>
      </trkpt>
      <trkpt lat="45.993093" lon="12.173951">
        <ele>367.058445</ele>
        <time>2026-08-21T10:34:07.183Z</time>
      </trkpt>
      <trkpt lat="45.993140" lon="12.173933">
        <ele>367.275562</ele>
        <time>2026-08-21T10:34:08.343Z</time>
      </trkpt>
      <trkpt lat="45.993185" lon="12.173833">
        <ele>367.645085</ele>
        <time>2026-08-21T10:34:10.276Z</time>
      </trkpt>
      <trkpt lat="45.993143" lon="12.173726">
        <ele>368.026247</ele>
        <time>2026-08-21T10:34:12.186Z</time>
      </trkpt>
      <trkpt lat="45.992577" lon="12.173057">
        <ele>371.295737</ele>
        <time>2026-08-21T10:34:27.854Z</time>
      </trkpt>
      <trkpt lat="45.992066" lon="12.172630">
        <ele>373.933497</ele>
        <time>2026-08-21T10:34:42.962Z</time>
      </trkpt>
      <trkpt lat="45.992047" lon="12.172574">
        <ele>374.126787</ele>
        <time>2026-08-21T10:34:44.300Z</time>
      </trkpt>
      <trkpt lat="45.992068" lon="12.172497">
        <ele>374.383347</ele>
        <time>2026-08-21T10:34:46.144Z</time>
      </trkpt>
      <trkpt lat="45.992140" lon="12.172496">
        <ele>374.785216</ele>
        <time>2026-08-21T10:34:48.531Z</time>
      </trkpt>
      <trkpt lat="45.992600" lon="12.172827">
        <ele>379.539474</ele>
        <time>2026-08-21T10:35:08.739Z</time>
      </trkpt>
      <trkpt lat="45.992723" lon="12.172886">
        <ele>380.738027</ele>
        <time>2026-08-21T10:35:14.120Z</time>
      </trkpt>
      <trkpt lat="45.992854" lon="12.172881">
        <ele>381.949483</ele>
        <time>2026-08-21T10:35:19.553Z</time>
      </trkpt>
      <trkpt lat="45.993434" lon="12.172680">
        <ele>387.464512</ele>
        <time>2026-08-21T10:35:46.057Z</time>
      </trkpt>
      <trkpt lat="45.993505" lon="12.172694">
        <ele>388.127002</ele>
        <time>2026-08-21T10:35:49.431Z</time>
      </trkpt>
      <trkpt lat="45.993795" lon="12.172882">
        <ele>391.067265</ele>
        <time>2026-08-21T10:36:04.357Z</time>
      </trkpt>
      <trkpt lat="45.993966" lon="12.172948">
        <ele>393.133788</ele>
        <time>2026-08-21T10:36:12.635Z</time>
      </trkpt>
      <trkpt lat="45.994022" lon="12.172957">
        <ele>393.809480</ele>
        <time>2026-08-21T10:36:15.282Z</time>
      </trkpt>
      <trkpt lat="45.994655" lon="12.173041">
        <ele>401.432234</ele>
        <time>2026-08-21T10:36:45.413Z</time>
      </trkpt>
      <trkpt lat="45.994911" lon="12.173023">
        <ele>404.505696</ele>
        <time>2026-08-21T10:36:58.330Z</time>
      </trkpt>
      <trkpt lat="45.996274" lon="12.172332">
        <ele>420.563347</ele>
        <time>2026-08-21T10:38:17.697Z</time>
      </trkpt>
      <trkpt lat="45.996467" lon="12.172272">
        <ele>422.597066</ele>
        <time>2026-08-21T10:38:27.487Z</time>
      </trkpt>
      <trkpt lat="45.997799" lon="12.172607">
        <ele>432.683249</ele>
        <time>2026-08-21T10:39:16.444Z</time>
      </trkpt>
      <trkpt lat="45.997876" lon="12.172712">
        <ele>432.964511</ele>
        <time>2026-08-21T10:39:18.435Z</time>
      </trkpt>
      <trkpt lat="45.997904" lon="12.172843">
        <ele>433.217001</ele>
        <time>2026-08-21T10:39:20.018Z</time>
      </trkpt>
      <trkpt lat="45.997884" lon="12.172971">
        <ele>433.458690</ele>
        <time>2026-08-21T10:39:21.370Z</time>
      </trkpt>
      <trkpt lat="45.997824" lon="12.173054">
        <ele>433.679358</ele>
        <time>2026-08-21T10:39:22.580Z</time>
      </trkpt>
      <trkpt lat="45.997658" lon="12.173114">
        <ele>434.133225</ele>
        <time>2026-08-21T10:39:24.791Z</time>
      </trkpt>
      <trkpt lat="45.997158" lon="12.173141">
        <ele>435.460066</ele>
        <time>2026-08-21T10:39:29.924Z</time>
      </trkpt>
      <trkpt lat="45.996847" lon="12.173301">
        <ele>436.764475</ele>
        <time>2026-08-21T10:39:33.385Z</time>
      </trkpt>
      <trkpt lat="45.996635" lon="12.173486">
        <ele>438.733782</ele>
        <time>2026-08-21T10:39:37.315Z</time>
      </trkpt>
      <trkpt lat="45.996406" lon="12.173837">
        <ele>441.390994</ele>
        <time>2026-08-21T10:39:45.262Z</time>
      </trkpt>
      <trkpt lat="45.996374" lon="12.173947">
        <ele>442.049090</ele>
        <time>2026-08-21T10:39:47.933Z</time>
      </trkpt>
      <trkpt lat="45.996416" lon="12.174012">
        <ele>442.538957</ele>
        <time>2026-08-21T10:39:50.037Z</time>
      </trkpt>
      <trkpt lat="45.996478" lon="12.173975">
        <ele>443.072103</ele>
        <time>2026-08-21T10:39:52.558Z</time>
      </trkpt>
      <trkpt lat="45.996681" lon="12.173701">
        <ele>445.282648</ele>
        <time>2026-08-21T10:40:04.584Z</time>
      </trkpt>
      <trkpt lat="45.996949" lon="12.173584">
        <ele>447.507264</ele>
        <time>2026-08-21T10:40:18.985Z</time>
      </trkpt>
      <trkpt lat="45.997244" lon="12.173593">
        <ele>449.851128</ele>
        <time>2026-08-21T10:40:35.628Z</time>
      </trkpt>
      <trkpt lat="45.997524" lon="12.173747">
        <ele>454.130258</ele>
        <time>2026-08-21T10:40:53.952Z</time>
      </trkpt>
      <trkpt lat="45.997782" lon="12.173737">
        <ele>458.314506</ele>
        <time>2026-08-21T10:41:10.473Z</time>
      </trkpt>
      <trkpt lat="45.998676" lon="12.173372">
        <ele>473.379831</ele>
        <time>2026-08-21T10:42:14.969Z</time>
      </trkpt>
      <trkpt lat="45.999062" lon="12.173290">
        <ele>479.649885</ele>
        <time>2026-08-21T10:42:41.591Z</time>
      </trkpt>
      <trkpt lat="45.999268" lon="12.173190">
        <ele>481.743769</ele>
        <time>2026-08-21T10:42:55.371Z</time>
      </trkpt>
      <trkpt lat="46.000042" lon="12.172679">
        <ele>489.945240</ele>
        <time>2026-08-21T10:43:35.864Z</time>
      </trkpt>
      <trkpt lat="46.000156" lon="12.172493">
        <ele>491.604847</ele>
        <time>2026-08-21T10:43:40.947Z</time>
      </trkpt>
      <trkpt lat="46.000163" lon="12.172399">
        <ele>492.237372</ele>
        <time>2026-08-21T10:43:42.637Z</time>
      </trkpt>
      <trkpt lat="46.000127" lon="12.172306">
        <ele>492.949690</ele>
        <time>2026-08-21T10:43:44.547Z</time>
      </trkpt>
      <trkpt lat="45.999375" lon="12.171883">
        <ele>501.019980</ele>
        <time>2026-08-21T10:44:05.007Z</time>
      </trkpt>
      <trkpt lat="45.999342" lon="12.171798">
        <ele>501.721452</ele>
        <time>2026-08-21T10:44:06.923Z</time>
      </trkpt>
      <trkpt lat="45.999387" lon="12.171707">
        <ele>502.526142</ele>
        <time>2026-08-21T10:44:09.237Z</time>
      </trkpt>
      <trkpt lat="45.999442" lon="12.171712">
        <ele>503.097644</ele>
        <time>2026-08-21T10:44:11.013Z</time>
      </trkpt>
      <trkpt lat="45.999645" lon="12.171851">
        <ele>505.428828</ele>
        <time>2026-08-21T10:44:19.295Z</time>
      </trkpt>
      <trkpt lat="45.999849" lon="12.171902">
        <ele>507.576033</ele>
        <time>2026-08-21T10:44:28.450Z</time>
      </trkpt>
      <trkpt lat="46.000243" lon="12.171889">
        <ele>511.663002</ele>
        <time>2026-08-21T10:44:49.746Z</time>
      </trkpt>
      <trkpt lat="46.000768" lon="12.171796">
        <ele>517.521433</ele>
        <time>2026-08-21T10:45:25.546Z</time>
      </trkpt>
      <trkpt lat="46.001129" lon="12.171880">
        <ele>522.195634</ele>
        <time>2026-08-21T10:45:52.931Z</time>
      </trkpt>
      <trkpt lat="46.001553" lon="12.172047">
        <ele>527.814398</ele>
        <time>2026-08-21T10:46:19.634Z</time>
      </trkpt>
      <trkpt lat="46.001682" lon="12.172057">
        <ele>529.465669</ele>
        <time>2026-08-21T10:46:26.318Z</time>
      </trkpt>
      <trkpt lat="46.002110" lon="12.171912">
        <ele>535.085824</ele>
        <time>2026-08-21T10:46:46.274Z</time>
      </trkpt>
      <trkpt lat="46.002224" lon="12.171962">
        <ele>536.609101</ele>
        <time>2026-08-21T10:46:50.974Z</time>
      </trkpt>
      <trkpt lat="46.002263" lon="12.172040">
        <ele>537.462401</ele>
        <time>2026-08-21T10:46:53.373Z</time>
      </trkpt>
      <trkpt lat="46.002280" lon="12.172149">
        <ele>538.454283</ele>
        <time>2026-08-21T10:46:56.088Z</time>
      </trkpt>
      <trkpt lat="46.002232" lon="12.172303">
        <ele>538.945664</ele>
        <time>2026-08-21T10:46:59.835Z</time>
      </trkpt>
      <trkpt lat="46.002173" lon="12.172394">
        <ele>539.265715</ele>
        <time>2026-08-21T10:47:02.471Z</time>
      </trkpt>
      <trkpt lat="46.001756" lon="12.172815">
        <ele>541.150926</ele>
        <time>2026-08-21T10:47:13.156Z</time>
      </trkpt>
      <trkpt lat="46.001573" lon="12.172953">
        <ele>541.915586</ele>
        <time>2026-08-21T10:47:15.075Z</time>
      </trkpt>
      <trkpt lat="46.001103" lon="12.173003">
        <ele>543.659988</ele>
        <time>2026-08-21T10:47:20.292Z</time>
      </trkpt>
      <trkpt lat="46.000961" lon="12.173050">
        <ele>544.199300</ele>
        <time>2026-08-21T10:47:23.425Z</time>
      </trkpt>
      <trkpt lat="46.000511" lon="12.173352">
        <ele>548.653563</ele>
        <time>2026-08-21T10:47:38.979Z</time>
      </trkpt>
      <trkpt lat="46.000486" lon="12.173396">
        <ele>549.252578</ele>
        <time>2026-08-21T10:47:40.641Z</time>
      </trkpt>
      <trkpt lat="46.000507" lon="12.173465">
        <ele>550.046420</ele>
        <time>2026-08-21T10:47:42.822Z</time>
      </trkpt>
      <trkpt lat="46.000562" lon="12.173471">
        <ele>550.883164</ele>
        <time>2026-08-21T10:47:45.129Z</time>
      </trkpt>
      <trkpt lat="46.000833" lon="12.173282">
        <ele>555.451280</ele>
        <time>2026-08-21T10:48:00.155Z</time>
      </trkpt>
      <trkpt lat="46.001017" lon="12.173232">
        <ele>558.291861</ele>
        <time>2026-08-21T10:48:10.811Z</time>
      </trkpt>
      <trkpt lat="46.001194" lon="12.173266">
        <ele>561.000756</ele>
        <time>2026-08-21T10:48:21.740Z</time>
      </trkpt>
      <trkpt lat="46.001511" lon="12.173455">
        <ele>566.205768</ele>
        <time>2026-08-21T10:48:45.495Z</time>
      </trkpt>
      <trkpt lat="46.001700" lon="12.173509">
        <ele>569.128828</ele>
        <time>2026-08-21T10:49:01.035Z</time>
      </trkpt>
      <trkpt lat="46.001814" lon="12.173482">
        <ele>570.881460</ele>
        <time>2026-08-21T10:49:10.864Z</time>
      </trkpt>
      <trkpt lat="46.002293" lon="12.173225">
        <ele>582.314758</ele>
        <time>2026-08-21T10:49:54.486Z</time>
      </trkpt>
      <trkpt lat="46.002481" lon="12.173190">
        <ele>586.908307</ele>
        <time>2026-08-21T10:50:10.725Z</time>
      </trkpt>
      <trkpt lat="46.002679" lon="12.173248">
        <ele>591.804557</ele>
        <time>2026-08-21T10:50:28.080Z</time>
      </trkpt>
      <trkpt lat="46.003164" lon="12.173567">
        <ele>604.725562</ele>
        <time>2026-08-21T10:51:13.524Z</time>
      </trkpt>
      <trkpt lat="46.003465" lon="12.173575">
        <ele>612.020634</ele>
        <time>2026-08-21T10:51:39.089Z</time>
      </trkpt>
      <trkpt lat="46.003752" lon="12.173432">
        <ele>617.559751</ele>
        <time>2026-08-21T10:52:03.024Z</time>
      </trkpt>
      <trkpt lat="46.003861" lon="12.173281">
        <ele>619.213935</ele>
        <time>2026-08-21T10:52:13.500Z</time>
      </trkpt>
      <trkpt lat="46.004120" lon="12.172588">
        <ele>625.191444</ele>
        <time>2026-08-21T10:52:42.264Z</time>
      </trkpt>
      <trkpt lat="46.004323" lon="12.171977">
        <ele>630.336068</ele>
        <time>2026-08-21T10:52:57.932Z</time>
      </trkpt>
      <trkpt lat="46.004421" lon="12.171514">
        <ele>634.012576</ele>
        <time>2026-08-21T10:53:06.993Z</time>
      </trkpt>
      <trkpt lat="46.004431" lon="12.171285">
        <ele>635.746370</ele>
        <time>2026-08-21T10:53:11.551Z</time>
      </trkpt>
      <trkpt lat="46.004410" lon="12.171183">
        <ele>636.245605</ele>
        <time>2026-08-21T10:53:13.749Z</time>
      </trkpt>
      <trkpt lat="46.004284" lon="12.170911">
        <ele>637.779825</ele>
        <time>2026-08-21T10:53:20.552Z</time>
      </trkpt>
      <trkpt lat="46.004137" lon="12.170751">
        <ele>639.024825</ele>
        <time>2026-08-21T10:53:26.307Z</time>
      </trkpt>
      <trkpt lat="46.004132" lon="12.170662">
        <ele>639.443838</ele>
        <time>2026-08-21T10:53:28.300Z</time>
      </trkpt>
      <trkpt lat="46.004160" lon="12.170638">
        <ele>639.663992</ele>
        <time>2026-08-21T10:53:29.402Z</time>
      </trkpt>
      <trkpt lat="46.004212" lon="12.170651">
        <ele>640.020556</ele>
        <time>2026-08-21T10:53:31.211Z</time>
      </trkpt>
      <trkpt lat="46.004416" lon="12.170885">
        <ele>641.782724</ele>
        <time>2026-08-21T10:53:40.263Z</time>
      </trkpt>
      <trkpt lat="46.004505" lon="12.171010">
        <ele>642.622731</ele>
        <time>2026-08-21T10:53:44.666Z</time>
      </trkpt>
      <trkpt lat="46.004589" lon="12.171231">
        <ele>643.804923</ele>
        <time>2026-08-21T10:53:50.772Z</time>
      </trkpt>
      <trkpt lat="46.004615" lon="12.171626">
        <ele>645.666824</ele>
        <time>2026-08-21T10:54:00.037Z</time>
      </trkpt>
      <trkpt lat="46.004558" lon="12.172332">
        <ele>649.822333</ele>
        <time>2026-08-21T10:54:17.367Z</time>
      </trkpt>
      <trkpt lat="46.004569" lon="12.172418">
        <ele>650.533465</ele>
        <time>2026-08-21T10:54:19.570Z</time>
      </trkpt>
      <trkpt lat="46.004620" lon="12.172422">
        <ele>651.131448</ele>
        <time>2026-08-21T10:54:21.385Z</time>
      </trkpt>
      <trkpt lat="46.004656" lon="12.172350">
        <ele>651.852892</ele>
        <time>2026-08-21T10:54:23.679Z</time>
      </trkpt>
      <trkpt lat="46.004807" lon="12.171476">
        <ele>659.177023</ele>
        <time>2026-08-21T10:54:49.804Z</time>
      </trkpt>
      <trkpt lat="46.004780" lon="12.171095">
        <ele>662.291482</ele>
        <time>2026-08-21T10:55:04.677Z</time>
      </trkpt>
      <trkpt lat="46.004714" lon="12.170836">
        <ele>664.534998</ele>
        <time>2026-08-21T10:55:16.611Z</time>
      </trkpt>
      <trkpt lat="46.004366" lon="12.170379">
        <ele>670.008684</ele>
        <time>2026-08-21T10:55:48.660Z</time>
      </trkpt>
      <trkpt lat="46.004112" lon="12.169975">
        <ele>674.276116</ele>
        <time>2026-08-21T10:56:14.297Z</time>
      </trkpt>
      <trkpt lat="46.004064" lon="12.169927">
        <ele>674.935037</ele>
        <time>2026-08-21T10:56:17.422Z</time>
      </trkpt>
      <trkpt lat="46.003947" lon="12.169894">
        <ele>676.279234</ele>
        <time>2026-08-21T10:56:23.269Z</time>
      </trkpt>
      <trkpt lat="46.003796" lon="12.169862">
        <ele>678.000033</ele>
        <time>2026-08-21T10:56:28.815Z</time>
      </trkpt>
      <trkpt lat="46.003646" lon="12.169752">
        <ele>679.897978</ele>
        <time>2026-08-21T10:56:34.714Z</time>
      </trkpt>
      <trkpt lat="46.003619" lon="12.169670">
        <ele>680.608652</ele>
        <time>2026-08-21T10:56:37.050Z</time>
      </trkpt>
      <trkpt lat="46.003635" lon="12.169590">
        <ele>681.260620</ele>
        <time>2026-08-21T10:56:39.547Z</time>
      </trkpt>
      <trkpt lat="46.003690" lon="12.169524">
        <ele>682.067888</ele>
        <time>2026-08-21T10:56:42.186Z</time>
      </trkpt>
      <trkpt lat="46.003790" lon="12.169509">
        <ele>683.201443</ele>
        <time>2026-08-21T10:56:47.217Z</time>
      </trkpt>
      <trkpt lat="46.003923" lon="12.169607">
        <ele>684.885948</ele>
        <time>2026-08-21T10:56:54.368Z</time>
      </trkpt>
      <trkpt lat="46.004005" lon="12.169705">
        <ele>686.087505</ele>
        <time>2026-08-21T10:56:59.370Z</time>
      </trkpt>
      <trkpt lat="46.004300" lon="12.170069">
        <ele>689.986275</ele>
        <time>2026-08-21T10:57:16.029Z</time>
      </trkpt>
      <trkpt lat="46.004341" lon="12.170120">
        <ele>690.361358</ele>
        <time>2026-08-21T10:57:18.297Z</time>
      </trkpt>
      <trkpt lat="46.004391" lon="12.170120">
        <ele>690.707477</ele>
        <time>2026-08-21T10:57:20.195Z</time>
      </trkpt>
      <trkpt lat="46.004431" lon="12.170063">
        <ele>691.097077</ele>
        <time>2026-08-21T10:57:21.508Z</time>
      </trkpt>
      <trkpt lat="46.004435" lon="12.169945">
        <ele>691.665132</ele>
        <time>2026-08-21T10:57:24.459Z</time>
      </trkpt>
      <trkpt lat="46.004398" lon="12.169859">
        <ele>692.151544</ele>
        <time>2026-08-21T10:57:26.059Z</time>
      </trkpt>
      <trkpt lat="46.004282" lon="12.169738">
        <ele>693.143160</ele>
        <time>2026-08-21T10:57:29.593Z</time>
      </trkpt>
      <trkpt lat="46.004078" lon="12.169523">
        <ele>694.893285</ele>
        <time>2026-08-21T10:57:34.584Z</time>
      </trkpt>
      <trkpt lat="46.004021" lon="12.169489">
        <ele>695.320389</ele>
        <time>2026-08-21T10:57:35.603Z</time>
      </trkpt>
      <trkpt lat="46.003916" lon="12.169435">
        <ele>696.092224</ele>
        <time>2026-08-21T10:57:39.045Z</time>
      </trkpt>
      <trkpt lat="46.003764" lon="12.169339">
        <ele>697.241227</ele>
        <time>2026-08-21T10:57:45.176Z</time>
      </trkpt>
      <trkpt lat="46.003728" lon="12.169270">
        <ele>697.656173</ele>
        <time>2026-08-21T10:57:48.119Z</time>
      </trkpt>
      <trkpt lat="46.003728" lon="12.169193">
        <ele>698.026417</ele>
        <time>2026-08-21T10:57:50.908Z</time>
      </trkpt>
      <trkpt lat="46.003790" lon="12.169159">
        <ele>698.485688</ele>
        <time>2026-08-21T10:57:54.313Z</time>
      </trkpt>
      <trkpt lat="46.003985" lon="12.169219">
        <ele>699.866039</ele>
        <time>2026-08-21T10:58:04.498Z</time>
      </trkpt>
      <trkpt lat="46.004022" lon="12.169231">
        <ele>700.128586</ele>
        <time>2026-08-21T10:58:06.182Z</time>
      </trkpt>
      <trkpt lat="46.004182" lon="12.169285">
        <ele>701.266196</ele>
        <time>2026-08-21T10:58:13.404Z</time>
      </trkpt>
      <trkpt lat="46.004419" lon="12.169424">
        <ele>701.510135</ele>
        <time>2026-08-21T10:58:22.225Z</time>
      </trkpt>
      <trkpt lat="46.004471" lon="12.169404">
        <ele>701.466262</ele>
        <time>2026-08-21T10:58:23.295Z</time>
      </trkpt>
      <trkpt lat="46.004481" lon="12.169318">
        <ele>701.416892</ele>
        <time>2026-08-21T10:58:24.419Z</time>
      </trkpt>
      <trkpt lat="46.004441" lon="12.169251">
        <ele>701.366871</ele>
        <time>2026-08-21T10:58:25.230Z</time>
      </trkpt>
      <trkpt lat="46.004077" lon="12.169118">
        <ele>701.060757</ele>
        <time>2026-08-21T10:58:28.711Z</time>
      </trkpt>
      <trkpt lat="46.004047" lon="12.169105">
        <ele>701.035220</ele>
        <time>2026-08-21T10:58:29.036Z</time>
      </trkpt>
      <trkpt lat="46.003867" lon="12.169020">
        <ele>700.880805</ele>
        <time>2026-08-21T10:58:30.561Z</time>
      </trkpt>
      <trkpt lat="46.003833" lon="12.168932">
        <ele>700.823791</ele>
        <time>2026-08-21T10:58:31.087Z</time>
      </trkpt>
      <trkpt lat="46.003877" lon="12.168875">
        <ele>700.775542</ele>
        <time>2026-08-21T10:58:31.537Z</time>
      </trkpt>
      <trkpt lat="46.004043" lon="12.168974">
        <ele>700.629080</ele>
        <time>2026-08-21T10:58:32.893Z</time>
      </trkpt>
      <trkpt lat="46.004200" lon="12.169065">
        <ele>700.491123</ele>
        <time>2026-08-21T10:58:34.159Z</time>
      </trkpt>
      <trkpt lat="46.004511" lon="12.169172">
        <ele>700.230479</ele>
        <time>2026-08-21T10:58:36.588Z</time>
      </trkpt>
      <trkpt lat="46.004598" lon="12.169234">
        <ele>700.225445</ele>
        <time>2026-08-21T10:58:37.405Z</time>
      </trkpt>
      <trkpt lat="46.004647" lon="12.169366">
        <ele>700.257875</ele>
        <time>2026-08-21T10:58:38.223Z</time>
      </trkpt>
      <trkpt lat="46.004649" lon="12.169720">
        <ele>700.334582</ele>
        <time>2026-08-21T10:58:40.167Z</time>
      </trkpt>
      <trkpt lat="46.004571" lon="12.169940">
        <ele>700.388103</ele>
        <time>2026-08-21T10:58:41.569Z</time>
      </trkpt>
      <trkpt lat="46.004587" lon="12.170013">
        <ele>700.404689</ele>
        <time>2026-08-21T10:58:42.057Z</time>
      </trkpt>
      <trkpt lat="46.004619" lon="12.170035">
        <ele>700.415751</ele>
        <time>2026-08-21T10:58:42.348Z</time>
      </trkpt>
      <trkpt lat="46.004667" lon="12.170010">
        <ele>700.431675</ele>
        <time>2026-08-21T10:58:42.741Z</time>
      </trkpt>
      <trkpt lat="46.004733" lon="12.169812">
        <ele>700.479262</ele>
        <time>2026-08-21T10:58:44.355Z</time>
      </trkpt>
      <trkpt lat="46.004821" lon="12.169731">
        <ele>700.511844</ele>
        <time>2026-08-21T10:58:46.340Z</time>
      </trkpt>
      <trkpt lat="46.005267" lon="12.169705">
        <ele>700.651088</ele>
        <time>2026-08-21T10:58:55.750Z</time>
      </trkpt>
      <trkpt lat="46.005922" lon="12.169695">
        <ele>700.295518</ele>
        <time>2026-08-21T10:59:15.750Z</time>
      </trkpt>
      <trkpt lat="46.006352" lon="12.169547">
        <ele>699.569692</ele>
        <time>2026-08-21T10:59:22.836Z</time>
      </trkpt>
      <trkpt lat="46.006830" lon="12.169407">
        <ele>698.768883</ele>
        <time>2026-08-21T10:59:26.819Z</time>
      </trkpt>
      <trkpt lat="46.006935" lon="12.169375">
        <ele>698.592684</ele>
        <time>2026-08-21T10:59:27.625Z</time>
      </trkpt>
      <trkpt lat="46.007243" lon="12.169280">
        <ele>698.075565</ele>
        <time>2026-08-21T10:59:29.932Z</time>
      </trkpt>
      <trkpt lat="46.008049" lon="12.169046">
        <ele>693.172836</ele>
        <time>2026-08-21T10:59:35.792Z</time>
      </trkpt>
      <trkpt lat="46.008502" lon="12.168881">
        <ele>689.899429</ele>
        <time>2026-08-21T10:59:39.130Z</time>
      </trkpt>
      <trkpt lat="46.009048" lon="12.168570">
        <ele>685.786056</ele>
        <time>2026-08-21T10:59:43.341Z</time>
      </trkpt>
      <trkpt lat="46.010170" lon="12.168189">
        <ele>679.303923</ele>
        <time>2026-08-21T10:59:51.728Z</time>
      </trkpt>
      <trkpt lat="46.010557" lon="12.168046">
        <ele>677.099474</ele>
        <time>2026-08-21T10:59:54.758Z</time>
      </trkpt>
      <trkpt lat="46.011167" lon="12.167693">
        <ele>674.068233</ele>
        <time>2026-08-21T10:59:59.990Z</time>
      </trkpt>
      <trkpt lat="46.011495" lon="12.167582">
        <ele>672.819077</ele>
        <time>2026-08-21T11:00:02.769Z</time>
      </trkpt>
      <trkpt lat="46.012281" lon="12.167604">
        <ele>669.904525</ele>
        <time>2026-08-21T11:00:09.017Z</time>
      </trkpt>
      <trkpt lat="46.012487" lon="12.167566">
        <ele>669.134563</ele>
        <time>2026-08-21T11:00:10.615Z</time>
      </trkpt>
      <trkpt lat="46.013496" lon="12.167271">
        <ele>666.440382</ele>
        <time>2026-08-21T11:00:18.623Z</time>
      </trkpt>
      <trkpt lat="46.013641" lon="12.167228">
        <ele>666.078099</ele>
        <time>2026-08-21T11:00:19.856Z</time>
      </trkpt>
      <trkpt lat="46.013825" lon="12.167207">
        <ele>665.626413</ele>
        <time>2026-08-21T11:00:21.465Z</time>
      </trkpt>
      <trkpt lat="46.014636" lon="12.167137">
        <ele>664.277287</ele>
        <time>2026-08-21T11:00:30.282Z</time>
      </trkpt>
      <trkpt lat="46.014922" lon="12.167171">
        <ele>664.347362</ele>
        <time>2026-08-21T11:00:34.817Z</time>
      </trkpt>
      <trkpt lat="46.015149" lon="12.167159">
        <ele>664.402829</ele>
        <time>2026-08-21T11:00:38.468Z</time>
      </trkpt>
      <trkpt lat="46.016708" lon="12.166756">
        <ele>663.757178</ele>
        <time>2026-08-21T11:00:58.131Z</time>
      </trkpt>
      <trkpt lat="46.017142" lon="12.166619">
        <ele>663.011236</ele>
        <time>2026-08-21T11:01:02.562Z</time>
      </trkpt>
      <trkpt lat="46.017507" lon="12.166292">
        <ele>662.289523</ele>
        <time>2026-08-21T11:01:06.383Z</time>
      </trkpt>
      <trkpt lat="46.017633" lon="12.166186">
        <ele>662.044528</ele>
        <time>2026-08-21T11:01:07.579Z</time>
      </trkpt>
      <trkpt lat="46.017984" lon="12.166113">
        <ele>660.804039</ele>
        <time>2026-08-21T11:01:10.347Z</time>
      </trkpt>
      <trkpt lat="46.018130" lon="12.166035">
        <ele>659.653321</ele>
        <time>2026-08-21T11:01:11.517Z</time>
      </trkpt>
      <trkpt lat="46.018312" lon="12.165896">
        <ele>658.130995</ele>
        <time>2026-08-21T11:01:13.038Z</time>
      </trkpt>
      <trkpt lat="46.019186" lon="12.165071">
        <ele>650.408764</ele>
        <time>2026-08-21T11:01:20.403Z</time>
      </trkpt>
      <trkpt lat="46.019530" lon="12.164677">
        <ele>646.953077</ele>
        <time>2026-08-21T11:01:23.430Z</time>
      </trkpt>
      <trkpt lat="46.019949" lon="12.164256">
        <ele>642.516957</ele>
        <time>2026-08-21T11:01:26.958Z</time>
      </trkpt>
      <trkpt lat="46.020390" lon="12.163692">
        <ele>637.395822</ele>
        <time>2026-08-21T11:01:31.056Z</time>
      </trkpt>
      <trkpt lat="46.021657" lon="12.163277">
        <ele>628.003190</ele>
        <time>2026-08-21T11:01:40.374Z</time>
      </trkpt>
      <trkpt lat="46.022122" lon="12.163052">
        <ele>624.960152</ele>
        <time>2026-08-21T11:01:44.052Z</time>
      </trkpt>
      <trkpt lat="46.022342" lon="12.162989">
        <ele>623.568689</ele>
        <time>2026-08-21T11:01:45.735Z</time>
      </trkpt>
      <trkpt lat="46.022439" lon="12.162963">
        <ele>622.956628</ele>
        <time>2026-08-21T11:01:46.475Z</time>
      </trkpt>
      <trkpt lat="46.022840" lon="12.162862">
        <ele>620.322842</ele>
        <time>2026-08-21T11:01:49.503Z</time>
      </trkpt>
      <trkpt lat="46.023466" lon="12.162565">
        <ele>615.845694</ele>
        <time>2026-08-21T11:01:54.258Z</time>
      </trkpt>
      <trkpt lat="46.024057" lon="12.162155">
        <ele>611.389609</ele>
        <time>2026-08-21T11:01:58.905Z</time>
      </trkpt>
      <trkpt lat="46.024236" lon="12.162070">
        <ele>610.109294</ele>
        <time>2026-08-21T11:02:00.234Z</time>
      </trkpt>
      <trkpt lat="46.024372" lon="12.162046">
        <ele>609.227799</ele>
        <time>2026-08-21T11:02:01.220Z</time>
      </trkpt>
      <trkpt lat="46.024715" lon="12.162058">
        <ele>607.548180</ele>
        <time>2026-08-21T11:02:03.720Z</time>
      </trkpt>
      <trkpt lat="46.025302" lon="12.162094">
        <ele>604.671975</ele>
        <time>2026-08-21T11:02:08.274Z</time>
      </trkpt>
      <trkpt lat="46.025434" lon="12.162141">
        <ele>604.006327</ele>
        <time>2026-08-21T11:02:09.389Z</time>
      </trkpt>
      <trkpt lat="46.026105" lon="12.162619">
        <ele>600.239687</ele>
        <time>2026-08-21T11:02:15.314Z</time>
      </trkpt>
      <trkpt lat="46.026214" lon="12.162651">
        <ele>599.428287</ele>
        <time>2026-08-21T11:02:16.156Z</time>
      </trkpt>
      <trkpt lat="46.026699" lon="12.162584">
        <ele>595.874443</ele>
        <time>2026-08-21T11:02:19.715Z</time>
      </trkpt>
      <trkpt lat="46.027284" lon="12.162675">
        <ele>591.582615</ele>
        <time>2026-08-21T11:02:23.831Z</time>
      </trkpt>
      <trkpt lat="46.027794" lon="12.162679">
        <ele>587.862601</ele>
        <time>2026-08-21T11:02:27.388Z</time>
      </trkpt>
      <trkpt lat="46.028319" lon="12.162753">
        <ele>584.482419</ele>
        <time>2026-08-21T11:02:31.117Z</time>
      </trkpt>
      <trkpt lat="46.028583" lon="12.162818">
        <ele>582.796249</ele>
        <time>2026-08-21T11:02:33.029Z</time>
      </trkpt>
      <trkpt lat="46.029118" lon="12.163164">
        <ele>579.104090</ele>
        <time>2026-08-21T11:02:37.360Z</time>
      </trkpt>
      <trkpt lat="46.029363" lon="12.163276">
        <ele>577.485821</ele>
        <time>2026-08-21T11:02:39.331Z</time>
      </trkpt>
      <trkpt lat="46.029564" lon="12.163329">
        <ele>576.199358</ele>
        <time>2026-08-21T11:02:40.913Z</time>
      </trkpt>
      <trkpt lat="46.029866" lon="12.163332">
        <ele>574.958562</ele>
        <time>2026-08-21T11:02:43.227Z</time>
      </trkpt>
      <trkpt lat="46.030180" lon="12.163337">
        <ele>573.703599</ele>
        <time>2026-08-21T11:02:45.646Z</time>
      </trkpt>
      <trkpt lat="46.031489" lon="12.163547">
        <ele>568.286590</ele>
        <time>2026-08-21T11:02:56.127Z</time>
      </trkpt>
      <trkpt lat="46.031886" lon="12.163535">
        <ele>566.191352</ele>
        <time>2026-08-21T11:02:59.150Z</time>
      </trkpt>
      <trkpt lat="46.032396" lon="12.163447">
        <ele>563.481088</ele>
        <time>2026-08-21T11:03:03.046Z</time>
      </trkpt>
      <trkpt lat="46.032815" lon="12.163259">
        <ele>561.165447</ele>
        <time>2026-08-21T11:03:06.287Z</time>
      </trkpt>
      <trkpt lat="46.032925" lon="12.163268">
        <ele>560.584094</ele>
        <time>2026-08-21T11:03:07.086Z</time>
      </trkpt>
      <trkpt lat="46.033016" lon="12.163322">
        <ele>560.064781</ele>
        <time>2026-08-21T11:03:07.795Z</time>
      </trkpt>
      <trkpt lat="46.033289" lon="12.163570">
        <ele>558.148159</ele>
        <time>2026-08-21T11:03:10.129Z</time>
      </trkpt>
      <trkpt lat="46.033344" lon="12.163594">
        <ele>557.784180</ele>
        <time>2026-08-21T11:03:10.546Z</time>
      </trkpt>
      <trkpt lat="46.033409" lon="12.163563">
        <ele>557.350520</ele>
        <time>2026-08-21T11:03:11.034Z</time>
      </trkpt>
      <trkpt lat="46.033698" lon="12.163170">
        <ele>554.833300</ele>
        <time>2026-08-21T11:03:13.866Z</time>
      </trkpt>
      <trkpt lat="46.033918" lon="12.162885">
        <ele>552.959304</ele>
        <time>2026-08-21T11:03:15.966Z</time>
      </trkpt>
      <trkpt lat="46.034162" lon="12.162844">
        <ele>551.403437</ele>
        <time>2026-08-21T11:03:17.714Z</time>
      </trkpt>
      <trkpt lat="46.034251" lon="12.162789">
        <ele>550.790066</ele>
        <time>2026-08-21T11:03:18.401Z</time>
      </trkpt>
      <trkpt lat="46.034363" lon="12.162656">
        <ele>549.870734</ele>
        <time>2026-08-21T11:03:19.443Z</time>
      </trkpt>
      <trkpt lat="46.034426" lon="12.162517">
        <ele>549.140842</ele>
        <time>2026-08-21T11:03:20.292Z</time>
      </trkpt>
      <trkpt lat="46.034497" lon="12.162086">
        <ele>547.942381</ele>
        <time>2026-08-21T11:03:22.707Z</time>
      </trkpt>
      <trkpt lat="46.034564" lon="12.161975">
        <ele>547.870455</ele>
        <time>2026-08-21T11:03:23.597Z</time>
      </trkpt>
      <trkpt lat="46.034663" lon="12.161970">
        <ele>547.800678</ele>
        <time>2026-08-21T11:03:24.491Z</time>
      </trkpt>
      <trkpt lat="46.035077" lon="12.162112">
        <ele>547.500911</ele>
        <time>2026-08-21T11:03:29.159Z</time>
      </trkpt>
      <trkpt lat="46.035155" lon="12.162159">
        <ele>547.441356</ele>
        <time>2026-08-21T11:03:30.382Z</time>
      </trkpt>
      <trkpt lat="46.035221" lon="12.162244">
        <ele>547.378996</ele>
        <time>2026-08-21T11:03:31.730Z</time>
      </trkpt>
      <trkpt lat="46.035281" lon="12.162443">
        <ele>547.272905</ele>
        <time>2026-08-21T11:03:34.176Z</time>
      </trkpt>
      <trkpt lat="46.035272" lon="12.162930">
        <ele>547.034681</ele>
        <time>2026-08-21T11:03:40.276Z</time>
      </trkpt>
      <trkpt lat="46.035300" lon="12.163139">
        <ele>546.930596</ele>
        <time>2026-08-21T11:03:43.097Z</time>
      </trkpt>
      <trkpt lat="46.035878" lon="12.164546">
        <ele>544.278814</ele>
        <time>2026-08-21T11:03:53.835Z</time>
      </trkpt>
      <trkpt lat="46.035894" lon="12.164647">
        <ele>544.081093</ele>
        <time>2026-08-21T11:03:54.371Z</time>
      </trkpt>
      <trkpt lat="46.035883" lon="12.164767">
        <ele>543.850076</ele>
        <time>2026-08-21T11:03:55.001Z</time>
      </trkpt>
      <trkpt lat="46.035737" lon="12.165326">
        <ele>542.710173</ele>
        <time>2026-08-21T11:03:58.152Z</time>
      </trkpt>
      <trkpt lat="46.035736" lon="12.165659">
        <ele>542.074610</ele>
        <time>2026-08-21T11:03:59.952Z</time>
      </trkpt>
      <trkpt lat="46.035776" lon="12.165940">
        <ele>540.977787</ele>
        <time>2026-08-21T11:04:01.539Z</time>
      </trkpt>
      <trkpt lat="46.035756" lon="12.166237">
        <ele>539.355171</ele>
        <time>2026-08-21T11:04:03.162Z</time>
      </trkpt>
      <trkpt lat="46.035567" lon="12.166668">
        <ele>536.583035</ele>
        <time>2026-08-21T11:04:05.753Z</time>
      </trkpt>
      <trkpt lat="46.035238" lon="12.167292">
        <ele>532.322115</ele>
        <time>2026-08-21T11:04:09.591Z</time>
      </trkpt>
      <trkpt lat="46.035223" lon="12.167388">
        <ele>531.787018</ele>
        <time>2026-08-21T11:04:10.066Z</time>
      </trkpt>
      <trkpt lat="46.035255" lon="12.167430">
        <ele>531.447912</ele>
        <time>2026-08-21T11:04:10.362Z</time>
      </trkpt>
      <trkpt lat="46.035294" lon="12.167416">
        <ele>531.133077</ele>
        <time>2026-08-21T11:04:10.644Z</time>
      </trkpt>
      <trkpt lat="46.035715" lon="12.166904">
        <ele>526.804437</ele>
        <time>2026-08-21T11:04:14.404Z</time>
      </trkpt>
      <trkpt lat="46.035770" lon="12.166894">
        <ele>526.364161</ele>
        <time>2026-08-21T11:04:14.780Z</time>
      </trkpt>
      <trkpt lat="46.035850" lon="12.166958">
        <ele>525.637392</ele>
        <time>2026-08-21T11:04:15.399Z</time>
      </trkpt>
      <trkpt lat="46.035989" lon="12.167067">
        <ele>524.380476</ele>
        <time>2026-08-21T11:04:16.471Z</time>
      </trkpt>
      <trkpt lat="46.036022" lon="12.167106">
        <ele>524.041472</ele>
        <time>2026-08-21T11:04:16.757Z</time>
      </trkpt>
      <trkpt lat="46.036307" lon="12.167358">
        <ele>521.385598</ele>
        <time>2026-08-21T11:04:19.009Z</time>
      </trkpt>
      <trkpt lat="46.036479" lon="12.167552">
        <ele>519.650647</ele>
        <time>2026-08-21T11:04:20.514Z</time>
      </trkpt>
      <trkpt lat="46.036567" lon="12.167621">
        <ele>518.854923</ele>
        <time>2026-08-21T11:04:21.212Z</time>
      </trkpt>
      <trkpt lat="46.036583" lon="12.167634">
        <ele>518.709031</ele>
        <time>2026-08-21T11:04:21.346Z</time>
      </trkpt>
      <trkpt lat="46.036703" lon="12.167654">
        <ele>517.749632</ele>
        <time>2026-08-21T11:04:22.209Z</time>
      </trkpt>
      <trkpt lat="46.036805" lon="12.167583">
        <ele>516.849928</ele>
        <time>2026-08-21T11:04:23.057Z</time>
      </trkpt>
      <trkpt lat="46.037082" lon="12.167120">
        <ele>513.480092</ele>
        <time>2026-08-21T11:04:26.427Z</time>
      </trkpt>
      <trkpt lat="46.037511" lon="12.166524">
        <ele>514.620715</ele>
        <time>2026-08-21T11:04:35.232Z</time>
      </trkpt>
      <trkpt lat="46.037944" lon="12.165881">
        <ele>515.849576</ele>
        <time>2026-08-21T11:04:49.138Z</time>
      </trkpt>
      <trkpt lat="46.038024" lon="12.165716">
        <ele>516.125655</ele>
        <time>2026-08-21T11:04:52.655Z</time>
      </trkpt>
      <trkpt lat="46.038105" lon="12.165433">
        <ele>516.545562</ele>
        <time>2026-08-21T11:04:57.541Z</time>
      </trkpt>
      <trkpt lat="46.038164" lon="12.164900">
        <ele>517.796274</ele>
        <time>2026-08-21T11:05:05.630Z</time>
      </trkpt>
      <trkpt lat="46.038203" lon="12.164402">
        <ele>519.730771</ele>
        <time>2026-08-21T11:05:14.985Z</time>
      </trkpt>
      <trkpt lat="46.038194" lon="12.164228">
        <ele>520.404281</ele>
        <time>2026-08-21T11:05:18.347Z</time>
      </trkpt>
      <trkpt lat="46.037899" lon="12.163759">
        <ele>522.847283</ele>
        <time>2026-08-21T11:05:32.053Z</time>
      </trkpt>
      <trkpt lat="46.037923" lon="12.163639">
        <ele>523.329332</ele>
        <time>2026-08-21T11:05:34.950Z</time>
      </trkpt>
      <trkpt lat="46.037974" lon="12.163606">
        <ele>523.640217</ele>
        <time>2026-08-21T11:05:36.837Z</time>
      </trkpt>
      <trkpt lat="46.038013" lon="12.163624">
        <ele>523.867939</ele>
        <time>2026-08-21T11:05:38.355Z</time>
      </trkpt>
      <trkpt lat="46.038495" lon="12.164225">
        <ele>527.467922</ele>
        <time>2026-08-21T11:05:58.387Z</time>
      </trkpt>
      <trkpt lat="46.038568" lon="12.164425">
        <ele>528.458591</ele>
        <time>2026-08-21T11:06:03.709Z</time>
      </trkpt>
      <trkpt lat="46.038671" lon="12.164952">
        <ele>530.858910</ele>
        <time>2026-08-21T11:06:17.420Z</time>
      </trkpt>
      <trkpt lat="46.038688" lon="12.165142">
        <ele>531.698802</ele>
        <time>2026-08-21T11:06:21.711Z</time>
      </trkpt>
      <trkpt lat="46.038666" lon="12.165339">
        <ele>532.573599</ele>
        <time>2026-08-21T11:06:26.103Z</time>
      </trkpt>
      <trkpt lat="46.038476" lon="12.166017">
        <ele>535.779185</ele>
        <time>2026-08-21T11:06:41.870Z</time>
      </trkpt>
      <trkpt lat="46.038506" lon="12.166148">
        <ele>536.383966</ele>
        <time>2026-08-21T11:06:44.826Z</time>
      </trkpt>
      <trkpt lat="46.038582" lon="12.166176">
        <ele>536.879412</ele>
        <time>2026-08-21T11:06:47.302Z</time>
      </trkpt>
      <trkpt lat="46.038649" lon="12.166098">
        <ele>537.423474</ele>
        <time>2026-08-21T11:06:49.960Z</time>
      </trkpt>
      <trkpt lat="46.038642" lon="12.165856">
        <ele>538.471254</ele>
        <time>2026-08-21T11:06:55.158Z</time>
      </trkpt>
      <trkpt lat="46.038661" lon="12.165740">
        <ele>538.932018</ele>
        <time>2026-08-21T11:06:57.725Z</time>
      </trkpt>
      <trkpt lat="46.038939" lon="12.165029">
        <ele>542.086733</ele>
        <time>2026-08-21T11:07:15.003Z</time>
      </trkpt>
      <trkpt lat="46.039022" lon="12.164850">
        <ele>542.918916</ele>
        <time>2026-08-21T11:07:19.388Z</time>
      </trkpt>
      <trkpt lat="46.039059" lon="12.164726">
        <ele>543.440700</ele>
        <time>2026-08-21T11:07:22.085Z</time>
      </trkpt>
      <trkpt lat="46.039064" lon="12.164611">
        <ele>543.886152</ele>
        <time>2026-08-21T11:07:24.362Z</time>
      </trkpt>
      <trkpt lat="46.039050" lon="12.164471">
        <ele>544.432967</ele>
        <time>2026-08-21T11:07:27.081Z</time>
      </trkpt>
      <trkpt lat="46.039005" lon="12.164333">
        <ele>545.022395</ele>
        <time>2026-08-21T11:07:29.905Z</time>
      </trkpt>
      <trkpt lat="46.038359" lon="12.163102">
        <ele>551.762119</ele>
        <time>2026-08-21T11:08:01.199Z</time>
      </trkpt>
      <trkpt lat="46.038327" lon="12.162974">
        <ele>552.444304</ele>
        <time>2026-08-21T11:08:04.557Z</time>
      </trkpt>
      <trkpt lat="46.038326" lon="12.162772">
        <ele>553.457218</ele>
        <time>2026-08-21T11:08:09.575Z</time>
      </trkpt>
      <trkpt lat="46.038371" lon="12.162638">
        <ele>554.203629</ele>
        <time>2026-08-21T11:08:13.331Z</time>
      </trkpt>
      <trkpt lat="46.038691" lon="12.162193">
        <ele>557.416398</ele>
        <time>2026-08-21T11:08:30.364Z</time>
      </trkpt>
      <trkpt lat="46.038852" lon="12.162606">
        <ele>559.791491</ele>
        <time>2026-08-21T11:08:44.046Z</time>
      </trkpt>
      <trkpt lat="46.038977" lon="12.162926">
        <ele>561.535908</ele>
        <time>2026-08-21T11:08:54.445Z</time>
      </trkpt>
      <trkpt lat="46.039180" lon="12.163285">
        <ele>562.985640</ele>
        <time>2026-08-21T11:09:05.765Z</time>
      </trkpt>
      <trkpt lat="46.039492" lon="12.162858">
        <ele>564.926675</ele>
        <time>2026-08-21T11:09:16.316Z</time>
      </trkpt>
      <trkpt lat="46.039536" lon="12.162790">
        <ele>565.217728</ele>
        <time>2026-08-21T11:09:17.700Z</time>
      </trkpt>
      <trkpt lat="46.039614" lon="12.162676">
        <ele>565.718891</ele>
        <time>2026-08-21T11:09:19.729Z</time>
      </trkpt>
      <trkpt lat="46.039536" lon="12.162790">
        <ele>566.220053</ele>
        <time>2026-08-21T11:09:21.843Z</time>
      </trkpt>
      <trkpt lat="46.039492" lon="12.162858">
        <ele>566.511106</ele>
        <time>2026-08-21T11:09:23.046Z</time>
      </trkpt>
      <trkpt lat="46.039180" lon="12.163285">
        <ele>568.452141</ele>
        <time>2026-08-21T11:09:31.506Z</time>
      </trkpt>
      <trkpt lat="46.039711" lon="12.164156">
        <ele>573.347857</ele>
        <time>2026-08-21T11:09:51.999Z</time>
      </trkpt>
      <trkpt lat="46.039771" lon="12.164211">
        <ele>573.825205</ele>
        <time>2026-08-21T11:09:54.247Z</time>
      </trkpt>
      <trkpt lat="46.039911" lon="12.164252">
        <ele>574.784127</ele>
        <time>2026-08-21T11:09:59.157Z</time>
      </trkpt>
      <trkpt lat="46.040057" lon="12.164214">
        <ele>575.779968</ele>
        <time>2026-08-21T11:10:04.617Z</time>
      </trkpt>
      <trkpt lat="46.040496" lon="12.163798">
        <ele>579.306934</ele>
        <time>2026-08-21T11:10:24.796Z</time>
      </trkpt>
      <trkpt lat="46.040573" lon="12.163791">
        <ele>579.824799</ele>
        <time>2026-08-21T11:10:27.863Z</time>
      </trkpt>
      <trkpt lat="46.040664" lon="12.163783">
        <ele>580.436741</ele>
        <time>2026-08-21T11:10:31.527Z</time>
      </trkpt>
      <trkpt lat="46.040812" lon="12.163877">
        <ele>581.522401</ele>
        <time>2026-08-21T11:10:38.097Z</time>
      </trkpt>
      <trkpt lat="46.041227" lon="12.163552">
        <ele>585.673044</ele>
        <time>2026-08-21T11:10:56.993Z</time>
      </trkpt>
      <trkpt lat="46.041837" lon="12.163365">
        <ele>591.168894</ele>
        <time>2026-08-21T11:11:22.110Z</time>
      </trkpt>
      <trkpt lat="46.042367" lon="12.163253">
        <ele>595.889383</ele>
        <time>2026-08-21T11:11:43.337Z</time>
      </trkpt>
      <trkpt lat="46.042420" lon="12.163264">
        <ele>596.361256</ele>
        <time>2026-08-21T11:11:45.570Z</time>
      </trkpt>
      <trkpt lat="46.042448" lon="12.163315">
        <ele>596.759001</ele>
        <time>2026-08-21T11:11:47.360Z</time>
      </trkpt>
      <trkpt lat="46.042462" lon="12.163449">
        <ele>597.591144</ele>
        <time>2026-08-21T11:11:51.183Z</time>
      </trkpt>
      <trkpt lat="46.042052" lon="12.164177">
        <ele>603.430834</ele>
        <time>2026-08-21T11:12:18.260Z</time>
      </trkpt>
      <trkpt lat="46.042017" lon="12.164276">
        <ele>604.122898</ele>
        <time>2026-08-21T11:12:21.421Z</time>
      </trkpt>
      <trkpt lat="46.041769" lon="12.164988">
        <ele>609.085130</ele>
        <time>2026-08-21T11:12:43.947Z</time>
      </trkpt>
      <trkpt lat="46.041817" lon="12.165112">
        <ele>609.969537</ele>
        <time>2026-08-21T11:12:47.815Z</time>
      </trkpt>
      <trkpt lat="46.041917" lon="12.165148">
        <ele>610.894533</ele>
        <time>2026-08-21T11:12:51.816Z</time>
      </trkpt>
      <trkpt lat="46.042487" lon="12.164771">
        <ele>616.755406</ele>
        <time>2026-08-21T11:13:16.951Z</time>
      </trkpt>
      <trkpt lat="46.043035" lon="12.164316">
        <ele>622.875290</ele>
        <time>2026-08-21T11:13:43.516Z</time>
      </trkpt>
      <trkpt lat="46.043125" lon="12.164347">
        <ele>623.770654</ele>
        <time>2026-08-21T11:13:47.484Z</time>
      </trkpt>
      <trkpt lat="46.043150" lon="12.164431">
        <ele>624.384480</ele>
        <time>2026-08-21T11:13:50.248Z</time>
      </trkpt>
      <trkpt lat="46.043116" lon="12.164565">
        <ele>625.342685</ele>
        <time>2026-08-21T11:13:54.520Z</time>
      </trkpt>
      <trkpt lat="46.042908" lon="12.164860">
        <ele>628.166832</ele>
        <time>2026-08-21T11:14:07.346Z</time>
      </trkpt>
      <trkpt lat="46.042725" lon="12.165315">
        <ele>631.760292</ele>
        <time>2026-08-21T11:14:23.918Z</time>
      </trkpt>
      <trkpt lat="46.042687" lon="12.165761">
        <ele>635.028440</ele>
        <time>2026-08-21T11:14:38.777Z</time>
      </trkpt>
      <trkpt lat="46.042743" lon="12.166203">
        <ele>638.296261</ele>
        <time>2026-08-21T11:14:54.441Z</time>
      </trkpt>
      <trkpt lat="46.042880" lon="12.166745">
        <ele>642.491512</ele>
        <time>2026-08-21T11:15:14.908Z</time>
      </trkpt>
      <trkpt lat="46.043433" lon="12.167838">
        <ele>650.884199</ele>
        <time>2026-08-21T11:15:54.986Z</time>
      </trkpt>
      <trkpt lat="46.043725" lon="12.168424">
        <ele>653.132219</ele>
        <time>2026-08-21T11:16:10.848Z</time>
      </trkpt>
      <trkpt lat="46.044104" lon="12.169595">
        <ele>657.158647</ele>
        <time>2026-08-21T11:16:28.811Z</time>
      </trkpt>
      <trkpt lat="46.044369" lon="12.170161">
        <ele>658.757379</ele>
        <time>2026-08-21T11:16:35.949Z</time>
      </trkpt>
      <trkpt lat="46.044672" lon="12.170729">
        <ele>660.152247</ele>
        <time>2026-08-21T11:16:44.208Z</time>
      </trkpt>
      <trkpt lat="46.045353" lon="12.171123">
        <ele>662.210911</ele>
        <time>2026-08-21T11:17:00.062Z</time>
      </trkpt>
      <trkpt lat="46.045612" lon="12.171240">
        <ele>663.039582</ele>
        <time>2026-08-21T11:17:07.054Z</time>
      </trkpt>
      <trkpt lat="46.046336" lon="12.171755">
        <ele>668.346008</ele>
        <time>2026-08-21T11:17:31.347Z</time>
      </trkpt>
      <trkpt lat="46.047026" lon="12.172209">
        <ele>673.331158</ele>
        <time>2026-08-21T11:17:58.706Z</time>
      </trkpt>
      <trkpt lat="46.047342" lon="12.172395">
        <ele>675.793958</ele>
        <time>2026-08-21T11:18:11.681Z</time>
      </trkpt>
      <trkpt lat="46.047441" lon="12.172543">
        <ele>676.978933</ele>
        <time>2026-08-21T11:18:17.228Z</time>
      </trkpt>
      <trkpt lat="46.047491" lon="12.172708">
        <ele>678.016864</ele>
        <time>2026-08-21T11:18:22.124Z</time>
      </trkpt>
      <trkpt lat="46.047493" lon="12.172907">
        <ele>679.164213</ele>
        <time>2026-08-21T11:18:27.534Z</time>
      </trkpt>
      <trkpt lat="46.046980" lon="12.173822">
        <ele>685.945202</ele>
        <time>2026-08-21T11:18:59.607Z</time>
      </trkpt>
      <trkpt lat="46.046762" lon="12.174143">
        <ele>688.534294</ele>
        <time>2026-08-21T11:19:11.614Z</time>
      </trkpt>
      <trkpt lat="46.046513" lon="12.174410">
        <ele>691.122695</ele>
        <time>2026-08-21T11:19:23.357Z</time>
      </trkpt>
      <trkpt lat="46.045895" lon="12.174786">
        <ele>696.734719</ele>
        <time>2026-08-21T11:19:48.920Z</time>
      </trkpt>
      <trkpt lat="46.045728" lon="12.174971">
        <ele>698.497008</ele>
        <time>2026-08-21T11:19:57.021Z</time>
      </trkpt>
      <trkpt lat="46.045467" lon="12.175415">
        <ele>701.875438</ele>
        <time>2026-08-21T11:20:12.805Z</time>
      </trkpt>
      <trkpt lat="46.044495" lon="12.176286">
        <ele>711.085686</ele>
        <time>2026-08-21T11:20:57.761Z</time>
      </trkpt>
      <trkpt lat="46.043556" lon="12.178101">
        <ele>722.540960</ele>
        <time>2026-08-21T11:21:54.007Z</time>
      </trkpt>
      <trkpt lat="46.042428" lon="12.179724">
        <ele>732.088940</ele>
        <time>2026-08-21T11:22:41.890Z</time>
      </trkpt>
      <trkpt lat="46.042239" lon="12.180836">
        <ele>736.246044</ele>
        <time>2026-08-21T11:23:03.789Z</time>
      </trkpt>
      <trkpt lat="46.042032" lon="12.181754">
        <ele>739.728718</ele>
        <time>2026-08-21T11:23:22.958Z</time>
      </trkpt>
      <trkpt lat="46.042015" lon="12.182050">
        <ele>740.685855</ele>
        <time>2026-08-21T11:23:29.058Z</time>
      </trkpt>
      <trkpt lat="46.042051" lon="12.182380">
        <ele>741.762352</ele>
        <time>2026-08-21T11:23:35.928Z</time>
      </trkpt>
      <trkpt lat="46.042272" lon="12.183679">
        <ele>746.072349</ele>
        <time>2026-08-21T11:24:03.063Z</time>
      </trkpt>
      <trkpt lat="46.042385" lon="12.184179">
        <ele>747.766872</ele>
        <time>2026-08-21T11:24:11.958Z</time>
      </trkpt>
      <trkpt lat="46.042515" lon="12.184365">
        <ele>747.718420</ele>
        <time>2026-08-21T11:24:15.653Z</time>
      </trkpt>
      <trkpt lat="46.042679" lon="12.184485">
        <ele>747.496250</ele>
        <time>2026-08-21T11:24:18.768Z</time>
      </trkpt>
      <trkpt lat="46.043160" lon="12.184709">
        <ele>746.885680</ele>
        <time>2026-08-21T11:24:24.065Z</time>
      </trkpt>
      <trkpt lat="46.043278" lon="12.184750">
        <ele>746.739068</ele>
        <time>2026-08-21T11:24:25.140Z</time>
      </trkpt>
      <trkpt lat="46.043537" lon="12.184910">
        <ele>746.398691</ele>
        <time>2026-08-21T11:24:27.508Z</time>
      </trkpt>
      <trkpt lat="46.044005" lon="12.185313">
        <ele>745.740146</ele>
        <time>2026-08-21T11:24:31.782Z</time>
      </trkpt>
      <trkpt lat="46.044080" lon="12.185428">
        <ele>745.313959</ele>
        <time>2026-08-21T11:24:32.623Z</time>
      </trkpt>
      <trkpt lat="46.044115" lon="12.185550">
        <ele>744.940357</ele>
        <time>2026-08-21T11:24:33.326Z</time>
      </trkpt>
      <trkpt lat="46.044137" lon="12.185750">
        <ele>744.367274</ele>
        <time>2026-08-21T11:24:34.399Z</time>
      </trkpt>
      <trkpt lat="46.044103" lon="12.185863">
        <ele>744.018718</ele>
        <time>2026-08-21T11:24:35.059Z</time>
      </trkpt>
      <trkpt lat="46.043970" lon="12.186063">
        <ele>743.234847</ele>
        <time>2026-08-21T11:24:36.521Z</time>
      </trkpt>
      <trkpt lat="46.043756" lon="12.186198">
        <ele>742.282314</ele>
        <time>2026-08-21T11:24:38.313Z</time>
      </trkpt>
      <trkpt lat="46.043602" lon="12.186396">
        <ele>741.440720</ele>
        <time>2026-08-21T11:24:39.914Z</time>
      </trkpt>
      <trkpt lat="46.043556" lon="12.186571">
        <ele>740.911123</ele>
        <time>2026-08-21T11:24:40.930Z</time>
      </trkpt>
      <trkpt lat="46.043549" lon="12.186758">
        <ele>740.381120</ele>
        <time>2026-08-21T11:24:41.953Z</time>
      </trkpt>
      <trkpt lat="46.043634" lon="12.187523">
        <ele>738.233931</ele>
        <time>2026-08-21T11:24:46.155Z</time>
      </trkpt>
      <trkpt lat="46.043610" lon="12.187765">
        <ele>737.692177</ele>
        <time>2026-08-21T11:24:47.507Z</time>
      </trkpt>
      <trkpt lat="46.043530" lon="12.187995">
        <ele>737.122047</ele>
        <time>2026-08-21T11:24:48.944Z</time>
      </trkpt>
      <trkpt lat="46.043317" lon="12.188204">
        <ele>736.299237</ele>
        <time>2026-08-21T11:24:51.039Z</time>
      </trkpt>
      <trkpt lat="46.042055" lon="12.189823">
        <ele>730.018854</ele>
        <time>2026-08-21T11:25:04.967Z</time>
      </trkpt>
      <trkpt lat="46.041746" lon="12.189994">
        <ele>728.427840</ele>
        <time>2026-08-21T11:25:07.538Z</time>
      </trkpt>
      <trkpt lat="46.041535" lon="12.190179">
        <ele>727.240613</ele>
        <time>2026-08-21T11:25:09.424Z</time>
      </trkpt>
      <trkpt lat="46.040056" lon="12.191998">
        <ele>716.403309</ele>
        <time>2026-08-21T11:25:23.458Z</time>
      </trkpt>
      <trkpt lat="46.039903" lon="12.192341">
        <ele>714.711549</ele>
        <time>2026-08-21T11:25:25.507Z</time>
      </trkpt>
      <trkpt lat="46.039887" lon="12.192800">
        <ele>713.416941</ele>
        <time>2026-08-21T11:25:27.857Z</time>
      </trkpt>
      <trkpt lat="46.040044" lon="12.194457">
        <ele>715.839637</ele>
        <time>2026-08-21T11:25:40.332Z</time>
      </trkpt>
      <trkpt lat="46.039963" lon="12.195507">
        <ele>719.609556</ele>
        <time>2026-08-21T11:26:08.854Z</time>
      </trkpt>
      <trkpt lat="46.039891" lon="12.195696">
        <ele>721.875804</ele>
        <time>2026-08-21T11:26:16.630Z</time>
      </trkpt>
      <trkpt lat="46.039778" lon="12.195837">
        <ele>724.139646</ele>
        <time>2026-08-21T11:26:25.123Z</time>
      </trkpt>
      <trkpt lat="46.039651" lon="12.196167">
        <ele>728.106002</ele>
        <time>2026-08-21T11:26:41.548Z</time>
      </trkpt>
      <trkpt lat="46.039595" lon="12.196698">
        <ele>733.751848</ele>
        <time>2026-08-21T11:27:06.426Z</time>
      </trkpt>
      <trkpt lat="46.039727" lon="12.197735">
        <ele>744.802274</ele>
        <time>2026-08-21T11:27:59.137Z</time>
      </trkpt>
      <trkpt lat="46.040055" lon="12.198798">
        <ele>756.359121</ele>
        <time>2026-08-21T11:28:53.692Z</time>
      </trkpt>
      <trkpt lat="46.040056" lon="12.199123">
        <ele>759.587900</ele>
        <time>2026-08-21T11:29:06.721Z</time>
      </trkpt>
      <trkpt lat="46.039913" lon="12.199409">
        <ele>763.089544</ele>
        <time>2026-08-21T11:29:19.711Z</time>
      </trkpt>
      <trkpt lat="46.039431" lon="12.199587">
        <ele>770.145913</ele>
        <time>2026-08-21T11:29:42.304Z</time>
      </trkpt>
      <trkpt lat="46.039093" lon="12.200029">
        <ele>774.746382</ele>
        <time>2026-08-21T11:30:00.805Z</time>
      </trkpt>
      <trkpt lat="46.038948" lon="12.200476">
        <ele>778.198078</ele>
        <time>2026-08-21T11:30:14.679Z</time>
      </trkpt>
      <trkpt lat="46.038933" lon="12.200668">
        <ele>779.549748</ele>
        <time>2026-08-21T11:30:20.282Z</time>
      </trkpt>
      <trkpt lat="46.038879" lon="12.201192">
        <ele>783.255715</ele>
        <time>2026-08-21T11:30:35.912Z</time>
      </trkpt>
      <trkpt lat="46.038961" lon="12.201666">
        <ele>786.673139</ele>
        <time>2026-08-21T11:30:51.278Z</time>
      </trkpt>
      <trkpt lat="46.039178" lon="12.202075">
        <ele>790.840476</ele>
        <time>2026-08-21T11:31:09.128Z</time>
      </trkpt>
      <trkpt lat="46.039430" lon="12.202553">
        <ele>796.141591</ele>
        <time>2026-08-21T11:31:31.534Z</time>
      </trkpt>
      <trkpt lat="46.039522" lon="12.202787">
        <ele>798.516699</ele>
        <time>2026-08-21T11:31:41.771Z</time>
      </trkpt>
      <trkpt lat="46.039564" lon="12.203097">
        <ele>801.306223</ele>
        <time>2026-08-21T11:31:53.855Z</time>
      </trkpt>
      <trkpt lat="46.039536" lon="12.203682">
        <ele>806.485103</ele>
        <time>2026-08-21T11:32:16.228Z</time>
      </trkpt>
      <trkpt lat="46.039583" lon="12.204441">
        <ele>812.725689</ele>
        <time>2026-08-21T11:32:45.037Z</time>
      </trkpt>
      <trkpt lat="46.039663" lon="12.204720">
        <ele>814.802172</ele>
        <time>2026-08-21T11:32:55.922Z</time>
      </trkpt>
      <trkpt lat="46.040066" lon="12.205202">
        <ele>819.992700</ele>
        <time>2026-08-21T11:33:21.592Z</time>
      </trkpt>
      <trkpt lat="46.040180" lon="12.205335">
        <ele>821.446384</ele>
        <time>2026-08-21T11:33:28.307Z</time>
      </trkpt>
      <trkpt lat="46.040923" lon="12.206266">
        <ele>829.464605</ele>
        <time>2026-08-21T11:34:04.080Z</time>
      </trkpt>
      <trkpt lat="46.041156" lon="12.206773">
        <ele>830.587843</ele>
        <time>2026-08-21T11:34:14.163Z</time>
      </trkpt>
      <trkpt lat="46.041502" lon="12.207528">
        <ele>832.259081</ele>
        <time>2026-08-21T11:34:24.430Z</time>
      </trkpt>
      <trkpt lat="46.041598" lon="12.207740">
        <ele>832.726668</ele>
        <time>2026-08-21T11:34:26.420Z</time>
      </trkpt>
      <trkpt lat="46.041702" lon="12.207880">
        <ele>833.105462</ele>
        <time>2026-08-21T11:34:27.957Z</time>
      </trkpt>
      <trkpt lat="46.042133" lon="12.208173">
        <ele>834.302529</ele>
        <time>2026-08-21T11:34:33.161Z</time>
      </trkpt>
      <trkpt lat="46.042349" lon="12.208412">
        <ele>834.959535</ele>
        <time>2026-08-21T11:34:37.514Z</time>
      </trkpt>
      <trkpt lat="46.042794" lon="12.208800">
        <ele>836.214301</ele>
        <time>2026-08-21T11:34:48.951Z</time>
      </trkpt>
      <trkpt lat="46.042922" lon="12.208909">
        <ele>836.572983</ele>
        <time>2026-08-21T11:34:52.607Z</time>
      </trkpt>
      <trkpt lat="46.043024" lon="12.209165">
        <ele>837.067237</ele>
        <time>2026-08-21T11:34:57.674Z</time>
      </trkpt>
      <trkpt lat="46.043239" lon="12.209919">
        <ele>837.849255</ele>
        <time>2026-08-21T11:35:11.205Z</time>
      </trkpt>
      <trkpt lat="46.043319" lon="12.210067">
        <ele>837.782621</ele>
        <time>2026-08-21T11:35:14.141Z</time>
      </trkpt>
      <trkpt lat="46.043564" lon="12.210325">
        <ele>837.627314</ele>
        <time>2026-08-21T11:35:20.360Z</time>
      </trkpt>
      <trkpt lat="46.044321" lon="12.211648">
        <ele>836.902191</ele>
        <time>2026-08-21T11:35:30.784Z</time>
      </trkpt>
      <trkpt lat="46.044419" lon="12.211955">
        <ele>835.669426</ele>
        <time>2026-08-21T11:35:32.547Z</time>
      </trkpt>
      <trkpt lat="46.044917" lon="12.214147">
        <ele>827.209632</ele>
        <time>2026-08-21T11:35:44.344Z</time>
      </trkpt>
      <trkpt lat="46.045246" lon="12.215799">
        <ele>820.053467</ele>
        <time>2026-08-21T11:35:53.162Z</time>
      </trkpt>
      <trkpt lat="46.045616" lon="12.217530">
        <ele>813.006115</ele>
        <time>2026-08-21T11:36:02.272Z</time>
      </trkpt>
      <trkpt lat="46.045657" lon="12.217885">
        <ele>811.680867</ele>
        <time>2026-08-21T11:36:04.142Z</time>
      </trkpt>
      <trkpt lat="46.045635" lon="12.218144">
        <ele>810.719994</ele>
        <time>2026-08-21T11:36:05.503Z</time>
      </trkpt>
      <trkpt lat="46.045535" lon="12.218526">
        <ele>809.216567</ele>
        <time>2026-08-21T11:36:07.657Z</time>
      </trkpt>
      <trkpt lat="46.045438" lon="12.218779">
        <ele>808.152214</ele>
        <time>2026-08-21T11:36:09.209Z</time>
      </trkpt>
      <trkpt lat="46.045424" lon="12.218956">
        <ele>807.496197</ele>
        <time>2026-08-21T11:36:10.182Z</time>
      </trkpt>
      <trkpt lat="46.045444" lon="12.219171">
        <ele>806.975381</ele>
        <time>2026-08-21T11:36:11.389Z</time>
      </trkpt>
      <trkpt lat="46.045282" lon="12.219627">
        <ele>806.047517</ele>
        <time>2026-08-21T11:36:14.245Z</time>
      </trkpt>
      <trkpt lat="46.045300" lon="12.219869">
        <ele>805.606669</ele>
        <time>2026-08-21T11:36:15.610Z</time>
      </trkpt>
      <trkpt lat="46.045349" lon="12.220038">
        <ele>805.274923</ele>
        <time>2026-08-21T11:36:16.644Z</time>
      </trkpt>
      <trkpt lat="46.045449" lon="12.220164">
        <ele>804.928242</ele>
        <time>2026-08-21T11:36:17.725Z</time>
      </trkpt>
      <trkpt lat="46.045753" lon="12.220318">
        <ele>804.087305</ele>
        <time>2026-08-21T11:36:20.313Z</time>
      </trkpt>
      <trkpt lat="46.046063" lon="12.220391">
        <ele>803.267587</ele>
        <time>2026-08-21T11:36:22.836Z</time>
      </trkpt>
      <trkpt lat="46.046217" lon="12.220246">
        <ele>802.787496</ele>
        <time>2026-08-21T11:36:24.337Z</time>
      </trkpt>
      <trkpt lat="46.046634" lon="12.219289">
        <ele>805.859416</ele>
        <time>2026-08-21T11:36:38.593Z</time>
      </trkpt>
      <trkpt lat="46.046777" lon="12.219051">
        <ele>806.901769</ele>
        <time>2026-08-21T11:36:45.474Z</time>
      </trkpt>
      <trkpt lat="46.046862" lon="12.218982">
        <ele>807.367221</ele>
        <time>2026-08-21T11:36:48.851Z</time>
      </trkpt>
      <trkpt lat="46.046940" lon="12.219040">
        <ele>807.785979</ele>
        <time>2026-08-21T11:36:52.095Z</time>
      </trkpt>
      <trkpt lat="46.046984" lon="12.219157">
        <ele>808.226610</ele>
        <time>2026-08-21T11:36:55.668Z</time>
      </trkpt>
      <trkpt lat="46.047201" lon="12.220586">
        <ele>812.791071</ele>
        <time>2026-08-21T11:37:33.841Z</time>
      </trkpt>
      <trkpt lat="46.047290" lon="12.220941">
        <ele>813.860876</ele>
        <time>2026-08-21T11:37:41.822Z</time>
      </trkpt>
      <trkpt lat="46.047235" lon="12.221300">
        <ele>814.902884</ele>
        <time>2026-08-21T11:37:47.973Z</time>
      </trkpt>
      <trkpt lat="46.047044" lon="12.221521">
        <ele>815.903240</ele>
        <time>2026-08-21T11:37:52.957Z</time>
      </trkpt>
      <trkpt lat="46.046626" lon="12.221612">
        <ele>817.629572</ele>
        <time>2026-08-21T11:37:59.230Z</time>
      </trkpt>
      <trkpt lat="46.046565" lon="12.221639">
        <ele>817.890163</ele>
        <time>2026-08-21T11:38:00.059Z</time>
      </trkpt>
      <trkpt lat="46.046413" lon="12.221861">
        <ele>818.760275</ele>
        <time>2026-08-21T11:38:03.158Z</time>
      </trkpt>
      <trkpt lat="46.046141" lon="12.222390">
        <ele>820.540003</ele>
        <time>2026-08-21T11:38:11.585Z</time>
      </trkpt>
      <trkpt lat="46.046111" lon="12.222535">
        <ele>820.949033</ele>
        <time>2026-08-21T11:38:13.898Z</time>
      </trkpt>
      <trkpt lat="46.046152" lon="12.222677">
        <ele>821.364799</ele>
        <time>2026-08-21T11:38:16.421Z</time>
      </trkpt>
      <trkpt lat="46.046469" lon="12.222867">
        <ele>822.702050</ele>
        <time>2026-08-21T11:38:25.408Z</time>
      </trkpt>
      <trkpt lat="46.046510" lon="12.222980">
        <ele>823.046748</ele>
        <time>2026-08-21T11:38:27.945Z</time>
      </trkpt>
      <trkpt lat="46.046537" lon="12.223053">
        <ele>823.270362</ele>
        <time>2026-08-21T11:38:29.623Z</time>
      </trkpt>
      <trkpt lat="46.046626" lon="12.223490">
        <ele>824.501523</ele>
        <time>2026-08-21T11:38:39.185Z</time>
      </trkpt>
      <trkpt lat="46.046822" lon="12.223797">
        <ele>825.598331</ele>
        <time>2026-08-21T11:38:48.356Z</time>
      </trkpt>
      <trkpt lat="46.047563" lon="12.224637">
        <ele>828.500981</ele>
        <time>2026-08-21T11:39:15.491Z</time>
      </trkpt>
      <trkpt lat="46.047747" lon="12.224780">
        <ele>829.144588</ele>
        <time>2026-08-21T11:39:19.522Z</time>
      </trkpt>
      <trkpt lat="46.047990" lon="12.224963">
        <ele>829.988703</ele>
        <time>2026-08-21T11:39:24.027Z</time>
      </trkpt>
      <trkpt lat="46.048612" lon="12.225125">
        <ele>830.130759</ele>
        <time>2026-08-21T11:39:30.540Z</time>
      </trkpt>
      <trkpt lat="46.049008" lon="12.225115">
        <ele>828.947022</ele>
        <time>2026-08-21T11:39:33.816Z</time>
      </trkpt>
      <trkpt lat="46.049217" lon="12.225265">
        <ele>828.249163</ele>
        <time>2026-08-21T11:39:35.614Z</time>
      </trkpt>
      <trkpt lat="46.050921" lon="12.226822">
        <ele>820.312283</ele>
        <time>2026-08-21T11:39:51.388Z</time>
      </trkpt>
      <trkpt lat="46.051064" lon="12.227027">
        <ele>819.373835</ele>
        <time>2026-08-21T11:39:52.908Z</time>
      </trkpt>
      <trkpt lat="46.051217" lon="12.227413">
        <ele>817.938604</ele>
        <time>2026-08-21T11:39:55.206Z</time>
      </trkpt>
      <trkpt lat="46.051386" lon="12.227615">
        <ele>816.699745</ele>
        <time>2026-08-21T11:39:56.823Z</time>
      </trkpt>
      <trkpt lat="46.051713" lon="12.227848">
        <ele>813.974631</ele>
        <time>2026-08-21T11:39:59.468Z</time>
      </trkpt>
      <trkpt lat="46.052380" lon="12.228035">
        <ele>808.898565</ele>
        <time>2026-08-21T11:40:04.283Z</time>
      </trkpt>
      <trkpt lat="46.053349" lon="12.228335">
        <ele>803.515666</ele>
        <time>2026-08-21T11:40:11.206Z</time>
      </trkpt>
      <trkpt lat="46.053634" lon="12.228508">
        <ele>803.196486</ele>
        <time>2026-08-21T11:40:13.533Z</time>
      </trkpt>
      <trkpt lat="46.053756" lon="12.228556">
        <ele>803.065962</ele>
        <time>2026-08-21T11:40:14.560Z</time>
      </trkpt>
      <trkpt lat="46.053876" lon="12.228542">
        <ele>802.941706</ele>
        <time>2026-08-21T11:40:15.622Z</time>
      </trkpt>
      <trkpt lat="46.054040" lon="12.228460">
        <ele>802.762544</ele>
        <time>2026-08-21T11:40:17.373Z</time>
      </trkpt>
      <trkpt lat="46.053876" lon="12.228542">
        <ele>802.583381</ele>
        <time>2026-08-21T11:40:19.885Z</time>
      </trkpt>
      <trkpt lat="46.053756" lon="12.228556">
        <ele>802.459125</ele>
        <time>2026-08-21T11:40:22.056Z</time>
      </trkpt>
      <trkpt lat="46.053634" lon="12.228508">
        <ele>802.328601</ele>
        <time>2026-08-21T11:40:24.837Z</time>
      </trkpt>
      <trkpt lat="46.053349" lon="12.228335">
        <ele>802.009422</ele>
        <time>2026-08-21T11:40:33.493Z</time>
      </trkpt>
      <trkpt lat="46.052380" lon="12.228035">
        <ele>809.204771</ele>
        <time>2026-08-21T11:41:13.270Z</time>
      </trkpt>
      <trkpt lat="46.051713" lon="12.227848">
        <ele>814.285674</ele>
        <time>2026-08-21T11:41:38.518Z</time>
      </trkpt>
      <trkpt lat="46.051386" lon="12.227615">
        <ele>816.498184</ele>
        <time>2026-08-21T11:41:50.495Z</time>
      </trkpt>
      <trkpt lat="46.051217" lon="12.227413">
        <ele>817.605031</ele>
        <time>2026-08-21T11:41:57.193Z</time>
      </trkpt>
      <trkpt lat="46.051064" lon="12.227027">
        <ele>819.160132</ele>
        <time>2026-08-21T11:42:06.203Z</time>
      </trkpt>
      <trkpt lat="46.050921" lon="12.226822">
        <ele>820.176959</ele>
        <time>2026-08-21T11:42:11.848Z</time>
      </trkpt>
      <trkpt lat="46.049217" lon="12.225265">
        <ele>828.469457</ele>
        <time>2026-08-21T11:43:01.543Z</time>
      </trkpt>
      <trkpt lat="46.049008" lon="12.225115">
        <ele>829.268432</ele>
        <time>2026-08-21T11:43:07.515Z</time>
      </trkpt>
      <trkpt lat="46.048612" lon="12.225125">
        <ele>830.623687</ele>
        <time>2026-08-21T11:43:15.887Z</time>
      </trkpt>
      <trkpt lat="46.047990" lon="12.224963">
        <ele>829.683467</ele>
        <time>2026-08-21T11:43:24.701Z</time>
      </trkpt>
      <trkpt lat="46.047747" lon="12.224780">
        <ele>829.256751</ele>
        <time>2026-08-21T11:43:27.247Z</time>
      </trkpt>
      <trkpt lat="46.047563" lon="12.224637">
        <ele>828.931395</ele>
        <time>2026-08-21T11:43:29.041Z</time>
      </trkpt>
      <trkpt lat="46.046822" lon="12.223797">
        <ele>827.840743</ele>
        <time>2026-08-21T11:43:36.234Z</time>
      </trkpt>
      <trkpt lat="46.046626" lon="12.223490">
        <ele>827.824987</ele>
        <time>2026-08-21T11:43:38.617Z</time>
      </trkpt>
      <trkpt lat="46.046537" lon="12.223053">
        <ele>827.807784</ele>
        <time>2026-08-21T11:43:41.615Z</time>
      </trkpt>
      <trkpt lat="46.046510" lon="12.222980">
        <ele>827.804659</ele>
        <time>2026-08-21T11:43:42.235Z</time>
      </trkpt>
      <trkpt lat="46.046537" lon="12.223053">
        <ele>827.801535</ele>
        <time>2026-08-21T11:43:42.989Z</time>
      </trkpt>
      <trkpt lat="46.046626" lon="12.223490">
        <ele>827.784332</ele>
        <time>2026-08-21T11:43:47.985Z</time>
      </trkpt>
      <trkpt lat="46.046822" lon="12.223797">
        <ele>827.768575</ele>
        <time>2026-08-21T11:43:54.165Z</time>
      </trkpt>
      <trkpt lat="46.047563" lon="12.224637">
        <ele>828.938280</ele>
        <time>2026-08-21T11:44:19.352Z</time>
      </trkpt>
      <trkpt lat="46.047747" lon="12.224780">
        <ele>829.280905</ele>
        <time>2026-08-21T11:44:23.383Z</time>
      </trkpt>
      <trkpt lat="46.047990" lon="12.224963">
        <ele>829.730270</ele>
        <time>2026-08-21T11:44:27.888Z</time>
      </trkpt>
      <trkpt lat="46.048612" lon="12.225125">
        <ele>830.576336</ele>
        <time>2026-08-21T11:44:34.401Z</time>
      </trkpt>
      <trkpt lat="46.049008" lon="12.225115">
        <ele>829.235379</ele>
        <time>2026-08-21T11:44:37.676Z</time>
      </trkpt>
      <trkpt lat="46.049217" lon="12.225265">
        <ele>828.444832</ele>
        <time>2026-08-21T11:44:39.475Z</time>
      </trkpt>
      <trkpt lat="46.050921" lon="12.226822">
        <ele>820.184664</ele>
        <time>2026-08-21T11:44:55.248Z</time>
      </trkpt>
      <trkpt lat="46.051064" lon="12.227027">
        <ele>819.176603</ele>
        <time>2026-08-21T11:44:56.769Z</time>
      </trkpt>
      <trkpt lat="46.051217" lon="12.227413">
        <ele>817.634909</ele>
        <time>2026-08-21T11:44:59.067Z</time>
      </trkpt>
      <trkpt lat="46.051386" lon="12.227615">
        <ele>816.537604</ele>
        <time>2026-08-21T11:45:00.683Z</time>
      </trkpt>
      <trkpt lat="46.051713" lon="12.227848">
        <ele>814.045231</ele>
        <time>2026-08-21T11:45:03.329Z</time>
      </trkpt>
      <trkpt lat="46.052380" lon="12.228035">
        <ele>808.155872</ele>
        <time>2026-08-21T11:45:08.144Z</time>
      </trkpt>
      <trkpt lat="46.053349" lon="12.228335">
        <ele>799.438662</ele>
        <time>2026-08-21T11:45:14.996Z</time>
      </trkpt>
      <trkpt lat="46.053634" lon="12.228508">
        <ele>796.035273</ele>
        <time>2026-08-21T11:45:17.100Z</time>
      </trkpt>
      <trkpt lat="46.053756" lon="12.228556">
        <ele>794.643505</ele>
        <time>2026-08-21T11:45:17.959Z</time>
      </trkpt>
      <trkpt lat="46.053876" lon="12.228542">
        <ele>793.318574</ele>
        <time>2026-08-21T11:45:18.776Z</time>
      </trkpt>
      <trkpt lat="46.054097" lon="12.228431">
        <ele>790.742941</ele>
        <time>2026-08-21T11:45:20.367Z</time>
      </trkpt>
      <trkpt lat="46.054428" lon="12.228510">
        <ele>787.050630</ele>
        <time>2026-08-21T11:45:22.638Z</time>
      </trkpt>
      <trkpt lat="46.055348" lon="12.228393">
        <ele>777.665847</ele>
        <time>2026-08-21T11:45:28.926Z</time>
      </trkpt>
      <trkpt lat="46.055407" lon="12.228453">
        <ele>777.055650</ele>
        <time>2026-08-21T11:45:29.417Z</time>
      </trkpt>
      <trkpt lat="46.055400" lon="12.228594">
        <ele>776.226719</ele>
        <time>2026-08-21T11:45:30.097Z</time>
      </trkpt>
      <trkpt lat="46.055003" lon="12.228826">
        <ele>772.606720</ele>
        <time>2026-08-21T11:45:33.106Z</time>
      </trkpt>
      <trkpt lat="46.054864" lon="12.228872">
        <ele>771.401598</ele>
        <time>2026-08-21T11:45:34.124Z</time>
      </trkpt>
      <trkpt lat="46.054825" lon="12.228991">
        <ele>770.629877</ele>
        <time>2026-08-21T11:45:34.782Z</time>
      </trkpt>
      <trkpt lat="46.054850" lon="12.229044">
        <ele>770.254086</ele>
        <time>2026-08-21T11:45:35.096Z</time>
      </trkpt>
      <trkpt lat="46.054905" lon="12.229062">
        <ele>769.777503</ele>
        <time>2026-08-21T11:45:35.507Z</time>
      </trkpt>
      <trkpt lat="46.055102" lon="12.228943">
        <ele>767.972514</ele>
        <time>2026-08-21T11:45:37.046Z</time>
      </trkpt>
      <trkpt lat="46.055518" lon="12.228811">
        <ele>764.260259</ele>
        <time>2026-08-21T11:45:40.119Z</time>
      </trkpt>
      <trkpt lat="46.055711" lon="12.228569">
        <ele>761.735011</ele>
        <time>2026-08-21T11:45:41.972Z</time>
      </trkpt>
      <trkpt lat="46.055816" lon="12.228375">
        <ele>760.049785</ele>
        <time>2026-08-21T11:45:43.197Z</time>
      </trkpt>
      <trkpt lat="46.055891" lon="12.228313">
        <ele>759.196328</ele>
        <time>2026-08-21T11:45:43.808Z</time>
      </trkpt>
      <trkpt lat="46.055978" lon="12.228291">
        <ele>758.324468</ele>
        <time>2026-08-21T11:45:44.440Z</time>
      </trkpt>
      <trkpt lat="46.056077" lon="12.228314">
        <ele>757.334664</ele>
        <time>2026-08-21T11:45:45.147Z</time>
      </trkpt>
      <trkpt lat="46.056485" lon="12.228683">
        <ele>752.580018</ele>
        <time>2026-08-21T11:45:48.475Z</time>
      </trkpt>
      <trkpt lat="46.056594" lon="12.228631">
        <ele>751.446701</ele>
        <time>2026-08-21T11:45:49.252Z</time>
      </trkpt>
      <trkpt lat="46.056764" lon="12.228397">
        <ele>749.126210</ele>
        <time>2026-08-21T11:45:50.827Z</time>
      </trkpt>
      <trkpt lat="46.056941" lon="12.228334">
        <ele>747.326617</ele>
        <time>2026-08-21T11:45:52.042Z</time>
      </trkpt>
      <trkpt lat="46.057039" lon="12.228353">
        <ele>746.018270</ele>
        <time>2026-08-21T11:45:52.700Z</time>
      </trkpt>
      <trkpt lat="46.057099" lon="12.228465">
        <ele>744.706562</ele>
        <time>2026-08-21T11:45:53.353Z</time>
      </trkpt>
      <trkpt lat="46.057180" lon="12.228867">
        <ele>740.825865</ele>
        <time>2026-08-21T11:45:55.285Z</time>
      </trkpt>
      <trkpt lat="46.057621" lon="12.229482">
        <ele>732.627381</ele>
        <time>2026-08-21T11:45:59.377Z</time>
      </trkpt>
      <trkpt lat="46.057771" lon="12.229631">
        <ele>730.193534</ele>
        <time>2026-08-21T11:46:00.591Z</time>
      </trkpt>
      <trkpt lat="46.058517" lon="12.230037">
        <ele>720.807654</ele>
        <time>2026-08-21T11:46:05.977Z</time>
      </trkpt>
      <trkpt lat="46.058547" lon="12.230168">
        <ele>719.964255</ele>
        <time>2026-08-21T11:46:06.641Z</time>
      </trkpt>
      <trkpt lat="46.058433" lon="12.230198">
        <ele>718.943246</ele>
        <time>2026-08-21T11:46:07.448Z</time>
      </trkpt>
      <trkpt lat="46.058278" lon="12.230109">
        <ele>717.473202</ele>
        <time>2026-08-21T11:46:08.629Z</time>
      </trkpt>
      <trkpt lat="46.057854" lon="12.230151">
        <ele>713.728724</ele>
        <time>2026-08-21T11:46:11.667Z</time>
      </trkpt>
      <trkpt lat="46.057275" lon="12.229966">
        <ele>708.503541</ele>
        <time>2026-08-21T11:46:15.888Z</time>
      </trkpt>
      <trkpt lat="46.056947" lon="12.229739">
        <ele>705.301816</ele>
        <time>2026-08-21T11:46:18.452Z</time>
      </trkpt>
      <trkpt lat="46.056887" lon="12.229781">
        <ele>704.715259</ele>
        <time>2026-08-21T11:46:18.917Z</time>
      </trkpt>
      <trkpt lat="46.056923" lon="12.229894">
        <ele>703.956526</ele>
        <time>2026-08-21T11:46:19.523Z</time>
      </trkpt>
      <trkpt lat="46.057771" lon="12.230891">
        <ele>694.332814</ele>
        <time>2026-08-21T11:46:27.149Z</time>
      </trkpt>
      <trkpt lat="46.058027" lon="12.231398">
        <ele>690.374905</ele>
        <time>2026-08-21T11:46:30.167Z</time>
      </trkpt>
      <trkpt lat="46.058147" lon="12.231500">
        <ele>689.001896</ele>
        <time>2026-08-21T11:46:31.129Z</time>
      </trkpt>
      <trkpt lat="46.058511" lon="12.231541">
        <ele>685.403694</ele>
        <time>2026-08-21T11:46:33.665Z</time>
      </trkpt>
      <trkpt lat="46.058588" lon="12.231649">
        <ele>684.344760</ele>
        <time>2026-08-21T11:46:34.414Z</time>
      </trkpt>
      <trkpt lat="46.059012" lon="12.232777">
        <ele>675.571717</ele>
        <time>2026-08-21T11:46:40.544Z</time>
      </trkpt>
      <trkpt lat="46.059501" lon="12.233696">
        <ele>666.644479</ele>
        <time>2026-08-21T11:46:46.028Z</time>
      </trkpt>
      <trkpt lat="46.059697" lon="12.233954">
        <ele>663.604672</ele>
        <time>2026-08-21T11:46:47.839Z</time>
      </trkpt>
      <trkpt lat="46.059862" lon="12.234065">
        <ele>661.519490</ele>
        <time>2026-08-21T11:46:49.078Z</time>
      </trkpt>
      <trkpt lat="46.060182" lon="12.234054">
        <ele>657.854054</ele>
        <time>2026-08-21T11:46:51.251Z</time>
      </trkpt>
      <trkpt lat="46.060319" lon="12.234144">
        <ele>656.129926</ele>
        <time>2026-08-21T11:46:52.270Z</time>
      </trkpt>
      <trkpt lat="46.060618" lon="12.234801">
        <ele>649.298910</ele>
        <time>2026-08-21T11:46:55.939Z</time>
      </trkpt>
      <trkpt lat="46.061125" lon="12.235081">
        <ele>642.003166</ele>
        <time>2026-08-21T11:46:59.563Z</time>
      </trkpt>
      <trkpt lat="46.061066" lon="12.235236">
        <ele>640.354789</ele>
        <time>2026-08-21T11:47:00.383Z</time>
      </trkpt>
      <trkpt lat="46.060570" lon="12.235284">
        <ele>633.674947</ele>
        <time>2026-08-21T11:47:03.694Z</time>
      </trkpt>
      <trkpt lat="46.060480" lon="12.235447">
        <ele>631.732693</ele>
        <time>2026-08-21T11:47:04.661Z</time>
      </trkpt>
      <trkpt lat="46.060773" lon="12.235815">
        <ele>627.287841</ele>
        <time>2026-08-21T11:47:07.275Z</time>
      </trkpt>
      <trkpt lat="46.061000" lon="12.236287">
        <ele>623.536177</ele>
        <time>2026-08-21T11:47:09.976Z</time>
      </trkpt>
      <trkpt lat="46.061269" lon="12.236404">
        <ele>620.890818</ele>
        <time>2026-08-21T11:47:11.899Z</time>
      </trkpt>
      <trkpt lat="46.061291" lon="12.236429">
        <ele>620.627053</ele>
        <time>2026-08-21T11:47:12.099Z</time>
      </trkpt>
      <trkpt lat="46.061339" lon="12.236484">
        <ele>620.049722</ele>
        <time>2026-08-21T11:47:12.521Z</time>
      </trkpt>
      <trkpt lat="46.061227" lon="12.236693">
        <ele>618.324620</ele>
        <time>2026-08-21T11:47:13.821Z</time>
      </trkpt>
      <trkpt lat="46.060893" lon="12.237684">
        <ele>611.634870</ele>
        <time>2026-08-21T11:47:19.373Z</time>
      </trkpt>
      <trkpt lat="46.060898" lon="12.237976">
        <ele>610.651694</ele>
        <time>2026-08-21T11:47:20.834Z</time>
      </trkpt>
      <trkpt lat="46.060993" lon="12.238308">
        <ele>609.442887</ele>
        <time>2026-08-21T11:47:22.661Z</time>
      </trkpt>
      <trkpt lat="46.061105" lon="12.238546">
        <ele>608.474924</ele>
        <time>2026-08-21T11:47:24.733Z</time>
      </trkpt>
      <trkpt lat="46.061178" lon="12.238679">
        <ele>607.904122</ele>
        <time>2026-08-21T11:47:25.626Z</time>
      </trkpt>
      <trkpt lat="46.061266" lon="12.238730">
        <ele>607.444018</ele>
        <time>2026-08-21T11:47:26.331Z</time>
      </trkpt>
      <trkpt lat="46.062071" lon="12.238779">
        <ele>603.535552</ele>
        <time>2026-08-21T11:47:32.722Z</time>
      </trkpt>
      <trkpt lat="46.062389" lon="12.239025">
        <ele>602.877058</ele>
        <time>2026-08-21T11:47:35.643Z</time>
      </trkpt>
      <trkpt lat="46.062522" lon="12.239094">
        <ele>602.641353</ele>
        <time>2026-08-21T11:47:36.977Z</time>
      </trkpt>
      <trkpt lat="46.062566" lon="12.239150">
        <ele>602.543470</ele>
        <time>2026-08-21T11:47:37.508Z</time>
      </trkpt>
      <trkpt lat="46.062608" lon="12.239317">
        <ele>602.337949</ele>
        <time>2026-08-21T11:47:38.793Z</time>
      </trkpt>
      <trkpt lat="46.062702" lon="12.239354">
        <ele>602.175466</ele>
        <time>2026-08-21T11:47:39.906Z</time>
      </trkpt>
      <trkpt lat="46.063067" lon="12.239150">
        <ele>601.522675</ele>
        <time>2026-08-21T11:47:44.327Z</time>
      </trkpt>
      <trkpt lat="46.063245" lon="12.239156">
        <ele>601.225784</ele>
        <time>2026-08-21T11:47:46.226Z</time>
      </trkpt>
      <trkpt lat="46.063305" lon="12.239205">
        <ele>601.110790</ele>
        <time>2026-08-21T11:47:46.900Z</time>
      </trkpt>
      <trkpt lat="46.063588" lon="12.239674">
        <ele>600.355701</ele>
        <time>2026-08-21T11:47:50.619Z</time>
      </trkpt>
      <trkpt lat="46.063648" lon="12.239684">
        <ele>600.192880</ele>
        <time>2026-08-21T11:47:51.094Z</time>
      </trkpt>
      <trkpt lat="46.063769" lon="12.239635">
        <ele>599.854065</ele>
        <time>2026-08-21T11:47:52.134Z</time>
      </trkpt>
      <trkpt lat="46.063926" lon="12.239707">
        <ele>599.409926</ele>
        <time>2026-08-21T11:47:53.582Z</time>
      </trkpt>
      <trkpt lat="46.064027" lon="12.239657">
        <ele>599.122044</ele>
        <time>2026-08-21T11:47:54.607Z</time>
      </trkpt>
      <trkpt lat="46.064163" lon="12.239452">
        <ele>598.591539</ele>
        <time>2026-08-21T11:47:56.501Z</time>
      </trkpt>
      <trkpt lat="46.064237" lon="12.239423">
        <ele>598.384812</ele>
        <time>2026-08-21T11:47:57.205Z</time>
      </trkpt>
      <trkpt lat="46.064314" lon="12.239438">
        <ele>598.175354</ele>
        <time>2026-08-21T11:47:57.914Z</time>
      </trkpt>
      <trkpt lat="46.064378" lon="12.239493">
        <ele>597.974485</ele>
        <time>2026-08-21T11:47:58.572Z</time>
      </trkpt>
      <trkpt lat="46.064523" lon="12.239715">
        <ele>597.404216</ele>
        <time>2026-08-21T11:48:00.409Z</time>
      </trkpt>
      <trkpt lat="46.064709" lon="12.239881">
        <ele>596.814461</ele>
        <time>2026-08-21T11:48:02.206Z</time>
      </trkpt>
      <trkpt lat="46.064769" lon="12.239976">
        <ele>596.574181</ele>
        <time>2026-08-21T11:48:02.907Z</time>
      </trkpt>
      <trkpt lat="46.064768" lon="12.240105">
        <ele>596.332883</ele>
        <time>2026-08-21T11:48:03.606Z</time>
      </trkpt>
      <trkpt lat="46.064659" lon="12.240314">
        <ele>595.843848</ele>
        <time>2026-08-21T11:48:04.997Z</time>
      </trkpt>
      <trkpt lat="46.064663" lon="12.240419">
        <ele>595.647159</ele>
        <time>2026-08-21T11:48:05.562Z</time>
      </trkpt>
      <trkpt lat="46.064706" lon="12.240499">
        <ele>595.255188</ele>
        <time>2026-08-21T11:48:06.105Z</time>
      </trkpt>
      <trkpt lat="46.064780" lon="12.240513">
        <ele>594.769764</ele>
        <time>2026-08-21T11:48:06.682Z</time>
      </trkpt>
      <trkpt lat="46.065139" lon="12.240408">
        <ele>592.387240</ele>
        <time>2026-08-21T11:48:09.476Z</time>
      </trkpt>
      <trkpt lat="46.065466" lon="12.240437">
        <ele>590.256414</ele>
        <time>2026-08-21T11:48:11.866Z</time>
      </trkpt>
      <trkpt lat="46.065572" lon="12.240484">
        <ele>589.535104</ele>
        <time>2026-08-21T11:48:12.664Z</time>
      </trkpt>
      <trkpt lat="46.066397" lon="12.241233">
        <ele>583.052030</ele>
        <time>2026-08-21T11:48:19.551Z</time>
      </trkpt>
      <trkpt lat="46.066482" lon="12.241385">
        <ele>581.995397</ele>
        <time>2026-08-21T11:48:20.512Z</time>
      </trkpt>
      <trkpt lat="46.066505" lon="12.241514">
        <ele>581.274513</ele>
        <time>2026-08-21T11:48:21.174Z</time>
      </trkpt>
      <trkpt lat="46.066523" lon="12.241637">
        <ele>580.594142</ele>
        <time>2026-08-21T11:48:21.793Z</time>
      </trkpt>
      <trkpt lat="46.066574" lon="12.242030">
        <ele>578.430187</ele>
        <time>2026-08-21T11:48:23.768Z</time>
      </trkpt>
      <trkpt lat="46.066550" lon="12.242190">
        <ele>577.544198</ele>
        <time>2026-08-21T11:48:24.574Z</time>
      </trkpt>
      <trkpt lat="46.066188" lon="12.242911">
        <ele>572.727278</ele>
        <time>2026-08-21T11:48:28.993Z</time>
      </trkpt>
      <trkpt lat="46.066172" lon="12.243045">
        <ele>571.991352</ele>
        <time>2026-08-21T11:48:29.658Z</time>
      </trkpt>
      <trkpt lat="46.066216" lon="12.243137">
        <ele>571.386572</ele>
        <time>2026-08-21T11:48:30.196Z</time>
      </trkpt>
      <trkpt lat="46.066464" lon="12.243258">
        <ele>569.423321</ele>
        <time>2026-08-21T11:48:32.023Z</time>
      </trkpt>
      <trkpt lat="46.066763" lon="12.243211">
        <ele>567.428988</ele>
        <time>2026-08-21T11:48:34.130Z</time>
      </trkpt>
      <trkpt lat="46.067066" lon="12.243162">
        <ele>565.407282</ele>
        <time>2026-08-21T11:48:36.275Z</time>
      </trkpt>
      <trkpt lat="46.067237" lon="12.243211">
        <ele>564.251242</ele>
        <time>2026-08-21T11:48:37.508Z</time>
      </trkpt>
      <trkpt lat="46.067297" lon="12.243248">
        <ele>563.818516</ele>
        <time>2026-08-21T11:48:37.966Z</time>
      </trkpt>
      <trkpt lat="46.067298" lon="12.243347">
        <ele>563.363022</ele>
        <time>2026-08-21T11:48:38.452Z</time>
      </trkpt>
      <trkpt lat="46.067118" lon="12.243422">
        <ele>562.120625</ele>
        <time>2026-08-21T11:48:39.800Z</time>
      </trkpt>
      <trkpt lat="46.067027" lon="12.243558">
        <ele>561.251407</ele>
        <time>2026-08-21T11:48:40.773Z</time>
      </trkpt>
      <trkpt lat="46.066877" lon="12.244665">
        <ele>558.048990</ele>
        <time>2026-08-21T11:48:46.779Z</time>
      </trkpt>
      <trkpt lat="46.066877" lon="12.244749">
        <ele>558.070152</ele>
        <time>2026-08-21T11:48:47.283Z</time>
      </trkpt>
      <trkpt lat="46.066916" lon="12.245017">
        <ele>558.139139</ele>
        <time>2026-08-21T11:48:48.983Z</time>
      </trkpt>
      <trkpt lat="46.066950" lon="12.245070">
        <ele>558.157324</ele>
        <time>2026-08-21T11:48:49.511Z</time>
      </trkpt>
      <trkpt lat="46.067008" lon="12.245095">
        <ele>558.179306</ele>
        <time>2026-08-21T11:48:50.061Z</time>
      </trkpt>
      <trkpt lat="46.067151" lon="12.245057">
        <ele>558.232106</ele>
        <time>2026-08-21T11:48:51.559Z</time>
      </trkpt>
      <trkpt lat="46.067380" lon="12.245074">
        <ele>558.315369</ele>
        <time>2026-08-21T11:48:54.512Z</time>
      </trkpt>
      <trkpt lat="46.068080" lon="12.245371">
        <ele>558.580330</ele>
        <time>2026-08-21T11:49:10.226Z</time>
      </trkpt>
      <trkpt lat="46.068463" lon="12.245415">
        <ele>560.409513</ele>
        <time>2026-08-21T11:49:20.302Z</time>
      </trkpt>
      <trkpt lat="46.069849" lon="12.245804">
        <ele>568.088794</ele>
        <time>2026-08-21T11:50:06.354Z</time>
      </trkpt>
      <trkpt lat="46.070020" lon="12.245727">
        <ele>568.583302</ele>
        <time>2026-08-21T11:50:11.266Z</time>
      </trkpt>
      <trkpt lat="46.070181" lon="12.245522">
        <ele>568.930038</ele>
        <time>2026-08-21T11:50:16.469Z</time>
      </trkpt>
      <trkpt lat="46.070343" lon="12.245414">
        <ele>569.218128</ele>
        <time>2026-08-21T11:50:20.304Z</time>
      </trkpt>
      <trkpt lat="46.070563" lon="12.245355">
        <ele>569.579314</ele>
        <time>2026-08-21T11:50:24.788Z</time>
      </trkpt>
      <trkpt lat="46.070821" lon="12.245333">
        <ele>569.996468</ele>
        <time>2026-08-21T11:50:29.408Z</time>
      </trkpt>
      <trkpt lat="46.071295" lon="12.245146">
        <ele>570.789669</ele>
        <time>2026-08-21T11:50:36.282Z</time>
      </trkpt>
      <trkpt lat="46.071415" lon="12.245160">
        <ele>570.983989</ele>
        <time>2026-08-21T11:50:37.520Z</time>
      </trkpt>
      <trkpt lat="46.071528" lon="12.245206">
        <ele>571.173511</ele>
        <time>2026-08-21T11:50:38.635Z</time>
      </trkpt>
      <trkpt lat="46.071984" lon="12.245318">
        <ele>568.675490</ele>
        <time>2026-08-21T11:50:42.469Z</time>
      </trkpt>
      <trkpt lat="46.072050" lon="12.245439">
        <ele>567.968848</ele>
        <time>2026-08-21T11:50:43.304Z</time>
      </trkpt>
      <trkpt lat="46.072071" lon="12.245724">
        <ele>566.653071</ele>
        <time>2026-08-21T11:50:44.818Z</time>
      </trkpt>
      <trkpt lat="46.072099" lon="12.245830">
        <ele>566.132350</ele>
        <time>2026-08-21T11:50:45.412Z</time>
      </trkpt>
      <trkpt lat="46.072158" lon="12.245908">
        <ele>565.602567</ele>
        <time>2026-08-21T11:50:46.016Z</time>
      </trkpt>
      <trkpt lat="46.072212" lon="12.245926">
        <ele>565.235789</ele>
        <time>2026-08-21T11:50:46.433Z</time>
      </trkpt>
      <trkpt lat="46.072236" lon="12.245934">
        <ele>565.072777</ele>
        <time>2026-08-21T11:50:46.616Z</time>
      </trkpt>
      <trkpt lat="46.073099" lon="12.245828">
        <ele>559.292689</ele>
        <time>2026-08-21T11:50:52.673Z</time>
      </trkpt>
      <trkpt lat="46.073578" lon="12.245560">
        <ele>551.792060</ele>
        <time>2026-08-21T11:50:56.086Z</time>
      </trkpt>
      <trkpt lat="46.073658" lon="12.245465">
        <ele>550.278984</ele>
        <time>2026-08-21T11:50:56.778Z</time>
      </trkpt>
      <trkpt lat="46.073746" lon="12.245262">
        <ele>547.854840</ele>
        <time>2026-08-21T11:50:57.882Z</time>
      </trkpt>
      <trkpt lat="46.073978" lon="12.244701">
        <ele>541.240747</ele>
        <time>2026-08-21T11:51:00.885Z</time>
      </trkpt>
      <trkpt lat="46.074407" lon="12.244160">
        <ele>532.943092</ele>
        <time>2026-08-21T11:51:04.642Z</time>
      </trkpt>
      <trkpt lat="46.074804" lon="12.243854">
        <ele>527.111023</ele>
        <time>2026-08-21T11:51:07.625Z</time>
      </trkpt>
      <trkpt lat="46.074943" lon="12.243465">
        <ele>523.178614</ele>
        <time>2026-08-21T11:51:09.672Z</time>
      </trkpt>
      <trkpt lat="46.075017" lon="12.243396">
        <ele>522.036896</ele>
        <time>2026-08-21T11:51:10.267Z</time>
      </trkpt>
      <trkpt lat="46.075361" lon="12.243384">
        <ele>517.579182</ele>
        <time>2026-08-21T11:51:12.589Z</time>
      </trkpt>
      <trkpt lat="46.075682" lon="12.243267">
        <ele>513.289861</ele>
        <time>2026-08-21T11:51:14.830Z</time>
      </trkpt>
      <trkpt lat="46.075886" lon="12.243255">
        <ele>510.644907</ele>
        <time>2026-08-21T11:51:16.217Z</time>
      </trkpt>
      <trkpt lat="46.076076" lon="12.243258">
        <ele>508.719521</ele>
        <time>2026-08-21T11:51:17.516Z</time>
      </trkpt>
      <trkpt lat="46.076331" lon="12.243326">
        <ele>506.457811</ele>
        <time>2026-08-21T11:51:19.305Z</time>
      </trkpt>
      <trkpt lat="46.076550" lon="12.243282">
        <ele>504.529346</ele>
        <time>2026-08-21T11:51:20.842Z</time>
      </trkpt>
      <trkpt lat="46.076717" lon="12.243319">
        <ele>503.055757</ele>
        <time>2026-08-21T11:51:22.024Z</time>
      </trkpt>
      <trkpt lat="46.076917" lon="12.243208">
        <ele>501.186652</ele>
        <time>2026-08-21T11:51:23.540Z</time>
      </trkpt>
      <trkpt lat="46.077161" lon="12.243123">
        <ele>498.997358</ele>
        <time>2026-08-21T11:51:25.314Z</time>
      </trkpt>
      <trkpt lat="46.078244" lon="12.243029">
        <ele>491.144058</ele>
        <time>2026-08-21T11:51:33.014Z</time>
      </trkpt>
      <trkpt lat="46.078347" lon="12.242976">
        <ele>490.523726</ele>
        <time>2026-08-21T11:51:33.813Z</time>
      </trkpt>
      <trkpt lat="46.078538" lon="12.242762">
        <ele>489.151617</ele>
        <time>2026-08-21T11:51:35.581Z</time>
      </trkpt>
      <trkpt lat="46.078593" lon="12.242629">
        <ele>488.542381</ele>
        <time>2026-08-21T11:51:36.382Z</time>
      </trkpt>
      <trkpt lat="46.078698" lon="12.242222">
        <ele>486.833836</ele>
        <time>2026-08-21T11:51:38.655Z</time>
      </trkpt>
      <trkpt lat="46.078770" lon="12.242101">
        <ele>486.206586</ele>
        <time>2026-08-21T11:51:39.503Z</time>
      </trkpt>
      <trkpt lat="46.078855" lon="12.242020">
        <ele>485.628641</ele>
        <time>2026-08-21T11:51:40.293Z</time>
      </trkpt>
      <trkpt lat="46.078952" lon="12.241975">
        <ele>485.050656</ele>
        <time>2026-08-21T11:51:41.089Z</time>
      </trkpt>
      <trkpt lat="46.079553" lon="12.242004">
        <ele>482.291338</ele>
        <time>2026-08-21T11:51:45.955Z</time>
      </trkpt>
      <trkpt lat="46.080205" lon="12.241744">
        <ele>479.543408</ele>
        <time>2026-08-21T11:51:51.607Z</time>
      </trkpt>
      <trkpt lat="46.081056" lon="12.241518">
        <ele>475.851691</ele>
        <time>2026-08-21T11:51:58.098Z</time>
      </trkpt>
      <trkpt lat="46.081211" lon="12.241364">
        <ele>474.861996</ele>
        <time>2026-08-21T11:51:59.467Z</time>
      </trkpt>
      <trkpt lat="46.081261" lon="12.241220">
        <ele>474.274732</ele>
        <time>2026-08-21T11:52:00.272Z</time>
      </trkpt>
      <trkpt lat="46.081351" lon="12.240683">
        <ele>472.260038</ele>
        <time>2026-08-21T11:52:03.052Z</time>
      </trkpt>
      <trkpt lat="46.081426" lon="12.240481">
        <ele>471.424486</ele>
        <time>2026-08-21T11:52:04.217Z</time>
      </trkpt>
      <trkpt lat="46.081518" lon="12.240321">
        <ele>470.666583</ele>
        <time>2026-08-21T11:52:05.276Z</time>
      </trkpt>
      <trkpt lat="46.081610" lon="12.240234">
        <ele>470.088120</ele>
        <time>2026-08-21T11:52:06.093Z</time>
      </trkpt>
      <trkpt lat="46.082518" lon="12.239852">
        <ele>465.820900</ele>
        <time>2026-08-21T11:52:13.491Z</time>
      </trkpt>
      <trkpt lat="46.082970" lon="12.239435">
        <ele>463.967386</ele>
        <time>2026-08-21T11:52:17.949Z</time>
      </trkpt>
      <trkpt lat="46.083349" lon="12.239381">
        <ele>462.651927</ele>
        <time>2026-08-21T11:52:21.029Z</time>
      </trkpt>
      <trkpt lat="46.083650" lon="12.239244">
        <ele>461.561683</ele>
        <time>2026-08-21T11:52:23.550Z</time>
      </trkpt>
      <trkpt lat="46.083923" lon="12.239004">
        <ele>460.470229</ele>
        <time>2026-08-21T11:52:26.091Z</time>
      </trkpt>
      <trkpt lat="46.084397" lon="12.238369">
        <ele>458.293009</ele>
        <time>2026-08-21T11:52:31.204Z</time>
      </trkpt>
      <trkpt lat="46.084505" lon="12.238289">
        <ele>457.884443</ele>
        <time>2026-08-21T11:52:32.156Z</time>
      </trkpt>
      <trkpt lat="46.085316" lon="12.238361">
        <ele>455.150346</ele>
        <time>2026-08-21T11:52:38.736Z</time>
      </trkpt>
      <trkpt lat="46.085451" lon="12.238376">
        <ele>454.701516</ele>
        <time>2026-08-21T11:52:39.867Z</time>
      </trkpt>
      <trkpt lat="46.085533" lon="12.238384">
        <ele>454.433767</ele>
        <time>2026-08-21T11:52:40.553Z</time>
      </trkpt>
      <trkpt lat="46.085855" lon="12.238416">
        <ele>453.382272</ele>
        <time>2026-08-21T11:52:43.287Z</time>
      </trkpt>
      <trkpt lat="46.085931" lon="12.238393">
        <ele>453.129285</ele>
        <time>2026-08-21T11:52:43.947Z</time>
      </trkpt>
      <trkpt lat="46.086087" lon="12.238272">
        <ele>452.552196</ele>
        <time>2026-08-21T11:52:45.418Z</time>
      </trkpt>
      <trkpt lat="46.086378" lon="12.237730">
        <ele>451.003480</ele>
        <time>2026-08-21T11:52:49.202Z</time>
      </trkpt>
      <trkpt lat="46.086694" lon="12.237044">
        <ele>449.142740</ele>
        <time>2026-08-21T11:52:53.773Z</time>
      </trkpt>
      <trkpt lat="46.086859" lon="12.236716">
        <ele>448.039576</ele>
        <time>2026-08-21T11:52:56.008Z</time>
      </trkpt>
      <trkpt lat="46.087160" lon="12.236545">
        <ele>446.744693</ele>
        <time>2026-08-21T11:52:58.558Z</time>
      </trkpt>
      <trkpt lat="46.087835" lon="12.236274">
        <ele>443.940257</ele>
        <time>2026-08-21T11:53:03.963Z</time>
      </trkpt>
      <trkpt lat="46.088030" lon="12.236077">
        <ele>442.987264</ele>
        <time>2026-08-21T11:53:05.829Z</time>
      </trkpt>
      <trkpt lat="46.088306" lon="12.235570">
        <ele>441.264563</ele>
        <time>2026-08-21T11:53:09.306Z</time>
      </trkpt>
      <trkpt lat="46.088955" lon="12.234991">
        <ele>438.521723</ele>
        <time>2026-08-21T11:53:15.258Z</time>
      </trkpt>
      <trkpt lat="46.089176" lon="12.234713">
        <ele>437.467687</ele>
        <time>2026-08-21T11:53:17.626Z</time>
      </trkpt>
      <trkpt lat="46.089473" lon="12.234272">
        <ele>435.935505</ele>
        <time>2026-08-21T11:53:21.111Z</time>
      </trkpt>
      <trkpt lat="46.089640" lon="12.234139">
        <ele>435.269603</ele>
        <time>2026-08-21T11:53:22.676Z</time>
      </trkpt>
      <trkpt lat="46.090066" lon="12.233989">
        <ele>433.924100</ele>
        <time>2026-08-21T11:53:26.291Z</time>
      </trkpt>
      <trkpt lat="46.090256" lon="12.233861">
        <ele>433.280633</ele>
        <time>2026-08-21T11:53:28.016Z</time>
      </trkpt>
      <trkpt lat="46.090402" lon="12.233653">
        <ele>432.650886</ele>
        <time>2026-08-21T11:53:29.700Z</time>
      </trkpt>
      <trkpt lat="46.091099" lon="12.232011">
        <ele>428.665317</ele>
        <time>2026-08-21T11:53:40.556Z</time>
      </trkpt>
      <trkpt lat="46.091206" lon="12.231803">
        <ele>428.160875</ele>
        <time>2026-08-21T11:53:42.043Z</time>
      </trkpt>
      <trkpt lat="46.091320" lon="12.231682">
        <ele>427.763297</ele>
        <time>2026-08-21T11:53:43.211Z</time>
      </trkpt>
      <trkpt lat="46.091834" lon="12.231361">
        <ele>426.190068</ele>
        <time>2026-08-21T11:53:47.824Z</time>
      </trkpt>
      <trkpt lat="46.092180" lon="12.230964">
        <ele>424.948158</ele>
        <time>2026-08-21T11:53:51.476Z</time>
      </trkpt>
      <trkpt lat="46.092556" lon="12.229985">
        <ele>424.266717</ele>
        <time>2026-08-21T11:53:58.316Z</time>
      </trkpt>
      <trkpt lat="46.092616" lon="12.229722">
        <ele>424.122370</ele>
        <time>2026-08-21T11:54:00.218Z</time>
      </trkpt>
      <trkpt lat="46.092621" lon="12.229538">
        <ele>424.026366</ele>
        <time>2026-08-21T11:54:01.543Z</time>
      </trkpt>
      <trkpt lat="46.092512" lon="12.229090">
        <ele>423.778838</ele>
        <time>2026-08-21T11:54:05.364Z</time>
      </trkpt>
      <trkpt lat="46.092481" lon="12.228835">
        <ele>423.643863</ele>
        <time>2026-08-21T11:54:07.827Z</time>
      </trkpt>
      <trkpt lat="46.092539" lon="12.228562">
        <ele>423.495002</ele>
        <time>2026-08-21T11:54:10.789Z</time>
      </trkpt>
      <trkpt lat="46.092600" lon="12.228450">
        <ele>423.470475</ele>
        <time>2026-08-21T11:54:12.390Z</time>
      </trkpt>
      <trkpt lat="46.092741" lon="12.228292">
        <ele>423.497405</ele>
        <time>2026-08-21T11:54:15.454Z</time>
      </trkpt>
      <trkpt lat="46.092794" lon="12.228259">
        <ele>423.506111</ele>
        <time>2026-08-21T11:54:16.446Z</time>
      </trkpt>
      <trkpt lat="46.092907" lon="12.228270">
        <ele>423.523192</ele>
        <time>2026-08-21T11:54:18.531Z</time>
      </trkpt>
      <trkpt lat="46.093789" lon="12.228855">
        <ele>423.669603</ele>
        <time>2026-08-21T11:54:33.246Z</time>
      </trkpt>
      <trkpt lat="46.093935" lon="12.229071">
        <ele>423.701149</ele>
        <time>2026-08-21T11:54:35.315Z</time>
      </trkpt>
      <trkpt lat="46.094269" lon="12.229732">
        <ele>422.454440</ele>
        <time>2026-08-21T11:54:40.060Z</time>
      </trkpt>
      <trkpt lat="46.094650" lon="12.230022">
        <ele>420.894236</ele>
        <time>2026-08-21T11:54:43.430Z</time>
      </trkpt>
      <trkpt lat="46.095013" lon="12.230352">
        <ele>419.340206</ele>
        <time>2026-08-21T11:54:46.739Z</time>
      </trkpt>
      <trkpt lat="46.095308" lon="12.230606">
        <ele>418.095921</ele>
        <time>2026-08-21T11:54:49.356Z</time>
      </trkpt>
      <trkpt lat="46.095377" lon="12.230648">
        <ele>417.824689</ele>
        <time>2026-08-21T11:54:49.925Z</time>
      </trkpt>
      <trkpt lat="46.095463" lon="12.230604">
        <ele>417.494220</ele>
        <time>2026-08-21T11:54:50.628Z</time>
      </trkpt>
      <trkpt lat="46.095643" lon="12.230354">
        <ele>416.653513</ele>
        <time>2026-08-21T11:54:52.556Z</time>
      </trkpt>
      <trkpt lat="46.098252" lon="12.227448">
        <ele>407.559992</ele>
        <time>2026-08-21T11:55:19.635Z</time>
      </trkpt>
      <trkpt lat="46.098442" lon="12.227240">
        <ele>407.622464</ele>
        <time>2026-08-21T11:55:22.434Z</time>
      </trkpt>
      <trkpt lat="46.099200" lon="12.226397">
        <ele>410.622686</ele>
        <time>2026-08-21T11:55:40.242Z</time>
      </trkpt>
      <trkpt lat="46.099335" lon="12.226246">
        <ele>411.158170</ele>
        <time>2026-08-21T11:55:44.703Z</time>
      </trkpt>
      <trkpt lat="46.099717" lon="12.226049">
        <ele>412.429730</ele>
        <time>2026-08-21T11:55:56.453Z</time>
      </trkpt>
      <trkpt lat="46.099824" lon="12.225943">
        <ele>412.836606</ele>
        <time>2026-08-21T11:56:00.637Z</time>
      </trkpt>
      <trkpt lat="46.100020" lon="12.225483">
        <ele>415.410544</ele>
        <time>2026-08-21T11:56:14.042Z</time>
      </trkpt>
      <trkpt lat="46.100239" lon="12.225101">
        <ele>417.858119</ele>
        <time>2026-08-21T11:56:27.434Z</time>
      </trkpt>
      <trkpt lat="46.100355" lon="12.224965">
        <ele>418.922750</ele>
        <time>2026-08-21T11:56:33.434Z</time>
      </trkpt>
      <trkpt lat="46.100933" lon="12.224627">
        <ele>423.364484</ele>
        <time>2026-08-21T11:56:57.333Z</time>
      </trkpt>
      <trkpt lat="46.101430" lon="12.224383">
        <ele>425.736277</ele>
        <time>2026-08-21T11:57:14.373Z</time>
      </trkpt>
      <trkpt lat="46.101869" lon="12.224208">
        <ele>425.778904</ele>
        <time>2026-08-21T11:57:23.813Z</time>
      </trkpt>
      <trkpt lat="46.102306" lon="12.224239">
        <ele>425.819852</ele>
        <time>2026-08-21T11:57:28.082Z</time>
      </trkpt>
      <trkpt lat="46.102406" lon="12.224218">
        <ele>425.829310</ele>
        <time>2026-08-21T11:57:28.939Z</time>
      </trkpt>
      <trkpt lat="46.102620" lon="12.224066">
        <ele>425.851635</ele>
        <time>2026-08-21T11:57:30.873Z</time>
      </trkpt>
      <trkpt lat="46.103000" lon="12.223598">
        <ele>425.345750</ele>
        <time>2026-08-21T11:57:34.787Z</time>
      </trkpt>
      <trkpt lat="46.103246" lon="12.223376">
        <ele>424.121549</ele>
        <time>2026-08-21T11:57:37.027Z</time>
      </trkpt>
      <trkpt lat="46.103742" lon="12.222786">
        <ele>421.409245</ele>
        <time>2026-08-21T11:57:41.995Z</time>
      </trkpt>
      <trkpt lat="46.103915" lon="12.222713">
        <ele>420.648826</ele>
        <time>2026-08-21T11:57:43.415Z</time>
      </trkpt>
      <trkpt lat="46.104333" lon="12.222646">
        <ele>418.874579</ele>
        <time>2026-08-21T11:57:46.706Z</time>
      </trkpt>
      <trkpt lat="46.104916" lon="12.222182">
        <ele>415.007026</ele>
        <time>2026-08-21T11:57:51.746Z</time>
      </trkpt>
      <trkpt lat="46.105002" lon="12.222024">
        <ele>414.140996</ele>
        <time>2026-08-21T11:57:52.770Z</time>
      </trkpt>
      <trkpt lat="46.105019" lon="12.221871">
        <ele>413.472941</ele>
        <time>2026-08-21T11:57:53.554Z</time>
      </trkpt>
      <trkpt lat="46.104635" lon="12.220724">
        <ele>407.981480</ele>
        <time>2026-08-21T11:57:59.869Z</time>
      </trkpt>
      <trkpt lat="46.104611" lon="12.220561">
        <ele>407.263052</ele>
        <time>2026-08-21T11:58:00.685Z</time>
      </trkpt>
      <trkpt lat="46.104639" lon="12.220354">
        <ele>406.616596</ele>
        <time>2026-08-21T11:58:01.724Z</time>
      </trkpt>
      <trkpt lat="46.105155" lon="12.219487">
        <ele>403.393143</ele>
        <time>2026-08-21T11:58:07.509Z</time>
      </trkpt>
      <trkpt lat="46.105246" lon="12.219291">
        <ele>402.727680</ele>
        <time>2026-08-21T11:58:08.777Z</time>
      </trkpt>
      <trkpt lat="46.105543" lon="12.218052">
        <ele>400.056223</ele>
        <time>2026-08-21T11:58:17.421Z</time>
      </trkpt>
      <trkpt lat="46.105651" lon="12.217514">
        <ele>400.593496</ele>
        <time>2026-08-21T11:58:23.029Z</time>
      </trkpt>
      <trkpt lat="46.105705" lon="12.217175">
        <ele>400.927153</ele>
        <time>2026-08-21T11:58:27.408Z</time>
      </trkpt>
      <trkpt lat="46.105750" lon="12.217030">
        <ele>401.079542</ele>
        <time>2026-08-21T11:58:29.452Z</time>
      </trkpt>
      <trkpt lat="46.105856" lon="12.216633">
        <ele>401.487626</ele>
        <time>2026-08-21T11:58:35.764Z</time>
      </trkpt>
      <trkpt lat="46.105973" lon="12.216389">
        <ele>401.772205</ele>
        <time>2026-08-21T11:58:40.401Z</time>
      </trkpt>
      <trkpt lat="46.106020" lon="12.216300">
        <ele>401.879522</ele>
        <time>2026-08-21T11:58:41.790Z</time>
      </trkpt>
      <trkpt lat="46.106654" lon="12.216807">
        <ele>402.704077</ele>
        <time>2026-08-21T11:58:57.199Z</time>
      </trkpt>
      <trkpt lat="46.106704" lon="12.216898">
        <ele>402.782246</ele>
        <time>2026-08-21T11:58:58.483Z</time>
      </trkpt>
      <trkpt lat="46.107264" lon="12.217242">
        <ele>403.373273</ele>
        <time>2026-08-21T11:59:08.565Z</time>
      </trkpt>
      <trkpt lat="46.107745" lon="12.217671">
        <ele>403.922408</ele>
        <time>2026-08-21T11:59:15.744Z</time>
      </trkpt>
      <trkpt lat="46.107947" lon="12.217972">
        <ele>403.843331</ele>
        <time>2026-08-21T11:59:18.851Z</time>
      </trkpt>
      <trkpt lat="46.108159" lon="12.218534">
        <ele>403.379091</ele>
        <time>2026-08-21T11:59:23.431Z</time>
      </trkpt>
      <trkpt lat="46.108215" lon="12.218576">
        <ele>403.313033</ele>
        <time>2026-08-21T11:59:24.045Z</time>
      </trkpt>
      <trkpt lat="46.108318" lon="12.218528">
        <ele>403.199748</ele>
        <time>2026-08-21T11:59:25.103Z</time>
      </trkpt>
      <trkpt lat="46.108531" lon="12.218291">
        <ele>402.918204</ele>
        <time>2026-08-21T11:59:27.658Z</time>
      </trkpt>
      <trkpt lat="46.108734" lon="12.218176">
        <ele>402.689949</ele>
        <time>2026-08-21T11:59:29.681Z</time>
      </trkpt>
      <trkpt lat="46.108893" lon="12.218150">
        <ele>402.522476</ele>
        <time>2026-08-21T11:59:31.134Z</time>
      </trkpt>
      <trkpt lat="46.109363" lon="12.218179">
        <ele>402.166838</ele>
        <time>2026-08-21T11:59:35.350Z</time>
      </trkpt>
      <trkpt lat="46.109802" lon="12.217878">
        <ele>402.247110</ele>
        <time>2026-08-21T11:59:39.789Z</time>
      </trkpt>
      <trkpt lat="46.110068" lon="12.217944">
        <ele>402.291683</ele>
        <time>2026-08-21T11:59:42.345Z</time>
      </trkpt>
      <trkpt lat="46.110296" lon="12.218048">
        <ele>402.331174</ele>
        <time>2026-08-21T11:59:44.798Z</time>
      </trkpt>
      <trkpt lat="46.111054" lon="12.218977">
        <ele>403.701900</ele>
        <time>2026-08-21T12:00:03.287Z</time>
      </trkpt>
      <trkpt lat="46.111531" lon="12.219377">
        <ele>405.983055</ele>
        <time>2026-08-21T12:00:18.208Z</time>
      </trkpt>
      <trkpt lat="46.111839" lon="12.219409">
        <ele>407.259753</ele>
        <time>2026-08-21T12:00:26.822Z</time>
      </trkpt>
      <trkpt lat="46.112182" lon="12.219388">
        <ele>408.679133</ele>
        <time>2026-08-21T12:00:36.655Z</time>
      </trkpt>
      <trkpt lat="46.112292" lon="12.219417">
        <ele>409.141451</ele>
        <time>2026-08-21T12:00:39.821Z</time>
      </trkpt>
      <trkpt lat="46.112384" lon="12.219537">
        <ele>409.654260</ele>
        <time>2026-08-21T12:00:43.305Z</time>
      </trkpt>
      <trkpt lat="46.112563" lon="12.219878">
        <ele>410.403904</ele>
        <time>2026-08-21T12:00:51.143Z</time>
      </trkpt>
      <trkpt lat="46.112893" lon="12.220509">
        <ele>411.588852</ele>
        <time>2026-08-21T12:01:03.222Z</time>
      </trkpt>
      <trkpt lat="46.113107" lon="12.220866">
        <ele>412.296377</ele>
        <time>2026-08-21T12:01:08.970Z</time>
      </trkpt>
      <trkpt lat="46.113264" lon="12.221003">
        <ele>412.693178</ele>
        <time>2026-08-21T12:01:12.026Z</time>
      </trkpt>
      <trkpt lat="46.113354" lon="12.221042">
        <ele>412.896396</ele>
        <time>2026-08-21T12:01:13.508Z</time>
      </trkpt>
      <trkpt lat="46.113533" lon="12.221072">
        <ele>413.286089</ele>
        <time>2026-08-21T12:01:16.209Z</time>
      </trkpt>
      <trkpt lat="46.114298" lon="12.221060">
        <ele>412.139140</ele>
        <time>2026-08-21T12:01:24.718Z</time>
      </trkpt>
      <trkpt lat="46.115081" lon="12.221410">
        <ele>409.665097</ele>
        <time>2026-08-21T12:01:31.346Z</time>
      </trkpt>
      <trkpt lat="46.115415" lon="12.221536">
        <ele>408.623146</ele>
        <time>2026-08-21T12:01:33.883Z</time>
      </trkpt>
      <trkpt lat="46.115906" lon="12.221651">
        <ele>407.200751</ele>
        <time>2026-08-21T12:01:37.476Z</time>
      </trkpt>
      <trkpt lat="46.116203" lon="12.221858">
        <ele>406.269579</ele>
        <time>2026-08-21T12:01:39.892Z</time>
      </trkpt>
      <trkpt lat="46.116423" lon="12.222048">
        <ele>405.545719</ele>
        <time>2026-08-21T12:01:41.841Z</time>
      </trkpt>
      <trkpt lat="46.116740" lon="12.222281">
        <ele>404.541352</ele>
        <time>2026-08-21T12:01:44.809Z</time>
      </trkpt>
      <trkpt lat="46.117009" lon="12.222523">
        <ele>403.646391</ele>
        <time>2026-08-21T12:01:48.905Z</time>
      </trkpt>
      <trkpt lat="46.117144" lon="12.222694">
        <ele>403.492541</ele>
        <time>2026-08-21T12:01:52.571Z</time>
      </trkpt>
      <trkpt lat="46.117224" lon="12.222741">
        <ele>403.933748</ele>
        <time>2026-08-21T12:01:54.679Z</time>
      </trkpt>
      <trkpt lat="46.117563" lon="12.222649">
        <ele>405.695653</ele>
        <time>2026-08-21T12:02:04.743Z</time>
      </trkpt>
      <trkpt lat="46.117735" lon="12.222682">
        <ele>406.581924</ele>
        <time>2026-08-21T12:02:10.358Z</time>
      </trkpt>
      <trkpt lat="46.117901" lon="12.222851">
        <ele>407.619686</ele>
        <time>2026-08-21T12:02:17.280Z</time>
      </trkpt>
      <trkpt lat="46.118247" lon="12.223351">
        <ele>410.121129</ele>
        <time>2026-08-21T12:02:33.924Z</time>
      </trkpt>
      <trkpt lat="46.118795" lon="12.224023">
        <ele>413.299922</ele>
        <time>2026-08-21T12:02:54.773Z</time>
      </trkpt>
      <trkpt lat="46.119933" lon="12.224962">
        <ele>417.528376</ele>
        <time>2026-08-21T12:03:22.347Z</time>
      </trkpt>
      <trkpt lat="46.120188" lon="12.225310">
        <ele>418.549840</ele>
        <time>2026-08-21T12:03:28.738Z</time>
      </trkpt>
      <trkpt lat="46.120271" lon="12.225488">
        <ele>418.899063</ele>
        <time>2026-08-21T12:03:31.365Z</time>
      </trkpt>
      <trkpt lat="46.120316" lon="12.225736">
        <ele>419.316375</ele>
        <time>2026-08-21T12:03:34.448Z</time>
      </trkpt>
      <trkpt lat="46.120364" lon="12.226552">
        <ele>420.649480</ele>
        <time>2026-08-21T12:03:44.252Z</time>
      </trkpt>
      <trkpt lat="46.120891" lon="12.227165">
        <ele>422.239308</ele>
        <time>2026-08-21T12:03:56.717Z</time>
      </trkpt>
      <trkpt lat="46.121183" lon="12.227425">
        <ele>423.860859</ele>
        <time>2026-08-21T12:04:04.675Z</time>
      </trkpt>
      <trkpt lat="46.121784" lon="12.227765">
        <ele>427.555475</ele>
        <time>2026-08-21T12:04:24.178Z</time>
      </trkpt>
      <trkpt lat="46.121812" lon="12.227772">
        <ele>427.718112</ele>
        <time>2026-08-21T12:04:25.178Z</time>
      </trkpt>
      <trkpt lat="46.122120" lon="12.227852">
        <ele>429.509190</ele>
        <time>2026-08-21T12:04:36.168Z</time>
      </trkpt>
      <trkpt lat="46.122297" lon="12.227859">
        <ele>430.522573</ele>
        <time>2026-08-21T12:04:42.400Z</time>
      </trkpt>
      <trkpt lat="46.122354" lon="12.227810">
        <ele>430.902313</ele>
        <time>2026-08-21T12:04:44.725Z</time>
      </trkpt>
      <trkpt lat="46.122658" lon="12.227230">
        <ele>433.503625</ele>
        <time>2026-08-21T12:05:01.896Z</time>
      </trkpt>
      <trkpt lat="46.122900" lon="12.227002">
        <ele>434.696379</ele>
        <time>2026-08-21T12:05:11.089Z</time>
      </trkpt>
      <trkpt lat="46.123291" lon="12.226662">
        <ele>436.580354</ele>
        <time>2026-08-21T12:05:24.000Z</time>
      </trkpt>
      <trkpt lat="46.123403" lon="12.226603">
        <ele>437.072397</ele>
        <time>2026-08-21T12:05:26.925Z</time>
      </trkpt>
      <trkpt lat="46.123506" lon="12.226635">
        <ele>437.507197</ele>
        <time>2026-08-21T12:05:29.377Z</time>
      </trkpt>
      <trkpt lat="46.123586" lon="12.226728">
        <ele>437.931170</ele>
        <time>2026-08-21T12:05:31.656Z</time>
      </trkpt>
      <trkpt lat="46.123971" lon="12.227672">
        <ele>439.876282</ele>
        <time>2026-08-21T12:05:45.325Z</time>
      </trkpt>
      <trkpt lat="46.124163" lon="12.228067">
        <ele>439.372264</ele>
        <time>2026-08-21T12:05:49.111Z</time>
      </trkpt>
      <trkpt lat="46.124277" lon="12.228222">
        <ele>439.136159</ele>
        <time>2026-08-21T12:05:50.611Z</time>
      </trkpt>
      <trkpt lat="46.124471" lon="12.228374">
        <ele>438.803414</ele>
        <time>2026-08-21T12:05:52.588Z</time>
      </trkpt>
      <trkpt lat="46.124575" lon="12.228428">
        <ele>438.636815</ele>
        <time>2026-08-21T12:05:53.552Z</time>
      </trkpt>
      <trkpt lat="46.124643" lon="12.228502">
        <ele>438.508435</ele>
        <time>2026-08-21T12:05:54.286Z</time>
      </trkpt>
      <trkpt lat="46.124826" lon="12.229129">
        <ele>437.797712</ele>
        <time>2026-08-21T12:05:58.181Z</time>
      </trkpt>
      <trkpt lat="46.124847" lon="12.229210">
        <ele>437.707367</ele>
        <time>2026-08-21T12:05:58.653Z</time>
      </trkpt>
      <trkpt lat="46.124952" lon="12.229668">
        <ele>436.790482</ele>
        <time>2026-08-21T12:06:01.265Z</time>
      </trkpt>
      <trkpt lat="46.125047" lon="12.229838">
        <ele>436.225411</ele>
        <time>2026-08-21T12:06:02.423Z</time>
      </trkpt>
      <trkpt lat="46.125231" lon="12.230174">
        <ele>435.117333</ele>
        <time>2026-08-21T12:06:04.669Z</time>
      </trkpt>
      <trkpt lat="46.125415" lon="12.230544">
        <ele>433.938964</ele>
        <time>2026-08-21T12:06:07.115Z</time>
      </trkpt>
      <trkpt lat="46.125596" lon="12.230881">
        <ele>432.835755</ele>
        <time>2026-08-21T12:06:09.463Z</time>
      </trkpt>
      <trkpt lat="46.125659" lon="12.231009">
        <ele>432.429524</ele>
        <time>2026-08-21T12:06:10.330Z</time>
      </trkpt>
      <trkpt lat="46.125206" lon="12.231633">
        <ele>430.302269</ele>
        <time>2026-08-21T12:06:15.368Z</time>
      </trkpt>
      <trkpt lat="46.124629" lon="12.232732">
        <ele>427.847389</ele>
        <time>2026-08-21T12:06:23.565Z</time>
      </trkpt>
      <trkpt lat="46.124308" lon="12.233231">
        <ele>426.635164</ele>
        <time>2026-08-21T12:06:27.577Z</time>
      </trkpt>
      <trkpt lat="46.124185" lon="12.233371">
        <ele>426.232685</ele>
        <time>2026-08-21T12:06:28.895Z</time>
      </trkpt>
      <trkpt lat="46.123995" lon="12.233504">
        <ele>425.746891</ele>
        <time>2026-08-21T12:06:30.675Z</time>
      </trkpt>
      <trkpt lat="46.123841" lon="12.233585">
        <ele>425.378079</ele>
        <time>2026-08-21T12:06:32.071Z</time>
      </trkpt>
      <trkpt lat="46.123770" lon="12.233622">
        <ele>425.208226</ele>
        <time>2026-08-21T12:06:32.713Z</time>
      </trkpt>
      <trkpt lat="46.123469" lon="12.233728">
        <ele>424.511084</ele>
        <time>2026-08-21T12:06:35.347Z</time>
      </trkpt>
      <trkpt lat="46.123306" lon="12.233842">
        <ele>424.103510</ele>
        <time>2026-08-21T12:06:36.847Z</time>
      </trkpt>
      <trkpt lat="46.122979" lon="12.234244">
        <ele>423.136877</ele>
        <time>2026-08-21T12:06:40.377Z</time>
      </trkpt>
      <trkpt lat="46.122551" lon="12.234768">
        <ele>422.214351</ele>
        <time>2026-08-21T12:06:45.250Z</time>
      </trkpt>
      <trkpt lat="46.122186" lon="12.235225">
        <ele>422.763703</ele>
        <time>2026-08-21T12:06:51.258Z</time>
      </trkpt>
      <trkpt lat="46.121964" lon="12.235520">
        <ele>423.106782</ele>
        <time>2026-08-21T12:06:55.890Z</time>
      </trkpt>
      <trkpt lat="46.121794" lon="12.235713">
        <ele>423.352679</ele>
        <time>2026-08-21T12:06:59.603Z</time>
      </trkpt>
      <trkpt lat="46.121570" lon="12.235956">
        <ele>423.671253</ele>
        <time>2026-08-21T12:07:04.943Z</time>
      </trkpt>
      <trkpt lat="46.121468" lon="12.236088">
        <ele>423.827008</ele>
        <time>2026-08-21T12:07:07.759Z</time>
      </trkpt>
      <trkpt lat="46.121118" lon="12.237053">
        <ele>425.211148</ele>
        <time>2026-08-21T12:07:24.775Z</time>
      </trkpt>
      <trkpt lat="46.120994" lon="12.237221">
        <ele>425.592686</ele>
        <time>2026-08-21T12:07:28.354Z</time>
      </trkpt>
      <trkpt lat="46.120720" lon="12.237464">
        <ele>426.314086</ele>
        <time>2026-08-21T12:07:34.399Z</time>
      </trkpt>
      <trkpt lat="46.120623" lon="12.237521">
        <ele>426.549008</ele>
        <time>2026-08-21T12:07:36.283Z</time>
      </trkpt>
      <trkpt lat="46.120418" lon="12.237642">
        <ele>427.045807</ele>
        <time>2026-08-21T12:07:40.182Z</time>
      </trkpt>
      <trkpt lat="46.120194" lon="12.237730">
        <ele>427.566522</ele>
        <time>2026-08-21T12:07:44.124Z</time>
      </trkpt>
      <trkpt lat="46.119879" lon="12.237747">
        <ele>428.281274</ele>
        <time>2026-08-21T12:07:49.377Z</time>
      </trkpt>
      <trkpt lat="46.119684" lon="12.237679">
        <ele>428.767977</ele>
        <time>2026-08-21T12:07:52.640Z</time>
      </trkpt>
      <trkpt lat="46.119380" lon="12.237493">
        <ele>429.569081</ele>
        <time>2026-08-21T12:07:58.063Z</time>
      </trkpt>
      <trkpt lat="46.119255" lon="12.237446">
        <ele>429.882467</ele>
        <time>2026-08-21T12:08:00.263Z</time>
      </trkpt>
      <trkpt lat="46.118991" lon="12.237415">
        <ele>430.525062</ele>
        <time>2026-08-21T12:08:05.040Z</time>
      </trkpt>
      <trkpt lat="46.118795" lon="12.237427">
        <ele>431.000995</ele>
        <time>2026-08-21T12:08:08.784Z</time>
      </trkpt>
      <trkpt lat="46.118629" lon="12.237459">
        <ele>431.407299</ele>
        <time>2026-08-21T12:08:12.229Z</time>
      </trkpt>
      <trkpt lat="46.118332" lon="12.237581">
        <ele>432.156475</ele>
        <time>2026-08-21T12:08:19.137Z</time>
      </trkpt>
      <trkpt lat="46.117747" lon="12.237954">
        <ele>434.811673</ele>
        <time>2026-08-21T12:08:35.137Z</time>
      </trkpt>
      <trkpt lat="46.117587" lon="12.238106">
        <ele>435.716441</ele>
        <time>2026-08-21T12:08:40.327Z</time>
      </trkpt>
      <trkpt lat="46.116959" lon="12.238951">
        <ele>439.772180</ele>
        <time>2026-08-21T12:09:04.913Z</time>
      </trkpt>
      <trkpt lat="46.116821" lon="12.239036">
        <ele>440.480841</ele>
        <time>2026-08-21T12:09:09.275Z</time>
      </trkpt>
      <trkpt lat="46.116326" lon="12.239167">
        <ele>442.767865</ele>
        <time>2026-08-21T12:09:23.377Z</time>
      </trkpt>
      <trkpt lat="46.116138" lon="12.239317">
        <ele>443.732476</ele>
        <time>2026-08-21T12:09:29.339Z</time>
      </trkpt>
      <trkpt lat="46.116033" lon="12.239456">
        <ele>444.372337</ele>
        <time>2026-08-21T12:09:33.287Z</time>
      </trkpt>
      <trkpt lat="46.115606" lon="12.240772">
        <ele>448.894784</ele>
        <time>2026-08-21T12:09:59.879Z</time>
      </trkpt>
      <trkpt lat="46.115558" lon="12.240878">
        <ele>449.152522</ele>
        <time>2026-08-21T12:10:01.850Z</time>
      </trkpt>
      <trkpt lat="46.115259" lon="12.241295">
        <ele>449.573655</ele>
        <time>2026-08-21T12:10:10.277Z</time>
      </trkpt>
      <trkpt lat="46.115169" lon="12.241528">
        <ele>449.760888</ele>
        <time>2026-08-21T12:10:13.522Z</time>
      </trkpt>
      <trkpt lat="46.115296" lon="12.241570">
        <ele>449.892826</ele>
        <time>2026-08-21T12:10:15.623Z</time>
      </trkpt>
      <trkpt lat="46.115803" lon="12.241578">
        <ele>450.406253</ele>
        <time>2026-08-21T12:10:22.349Z</time>
      </trkpt>
      <trkpt lat="46.115994" lon="12.241632">
        <ele>450.603342</ele>
        <time>2026-08-21T12:10:24.398Z</time>
      </trkpt>
      <trkpt lat="46.116114" lon="12.241741">
        <ele>450.746938</ele>
        <time>2026-08-21T12:10:25.797Z</time>
      </trkpt>
      <trkpt lat="46.116650" lon="12.242397">
        <ele>450.509632</ele>
        <time>2026-08-21T12:10:32.558Z</time>
      </trkpt>
      <trkpt lat="46.117627" lon="12.243096">
        <ele>449.615919</ele>
        <time>2026-08-21T12:10:43.860Z</time>
      </trkpt>
      <trkpt lat="46.117956" lon="12.243332">
        <ele>449.088146</ele>
        <time>2026-08-21T12:10:47.565Z</time>
      </trkpt>
      <trkpt lat="46.118664" lon="12.243923">
        <ele>447.372445</ele>
        <time>2026-08-21T12:10:54.840Z</time>
      </trkpt>
      <trkpt lat="46.118702" lon="12.243946">
        <ele>447.286010</ele>
        <time>2026-08-21T12:10:55.186Z</time>
      </trkpt>
      <trkpt lat="46.119146" lon="12.244203">
        <ele>446.282561</ele>
        <time>2026-08-21T12:10:59.082Z</time>
      </trkpt>
      <trkpt lat="46.119288" lon="12.244285">
        <ele>445.961744</ele>
        <time>2026-08-21T12:11:00.321Z</time>
      </trkpt>
      <trkpt lat="46.119880" lon="12.244718">
        <ele>445.231505</ele>
        <time>2026-08-21T12:11:05.921Z</time>
      </trkpt>
      <trkpt lat="46.120162" lon="12.244976">
        <ele>444.945808</ele>
        <time>2026-08-21T12:11:08.994Z</time>
      </trkpt>
      <trkpt lat="46.120480" lon="12.245372">
        <ele>444.586400</ele>
        <time>2026-08-21T12:11:13.251Z</time>
      </trkpt>
      <trkpt lat="46.121759" lon="12.246974">
        <ele>447.151654</ele>
        <time>2026-08-21T12:11:40.510Z</time>
      </trkpt>
      <trkpt lat="46.121567" lon="12.247338">
        <ele>447.957062</ele>
        <time>2026-08-21T12:11:47.445Z</time>
      </trkpt>
      <trkpt lat="46.121095" lon="12.248232">
        <ele>452.893575</ele>
        <time>2026-08-21T12:12:10.263Z</time>
      </trkpt>
      <trkpt lat="46.119961" lon="12.250383">
        <ele>470.760229</ele>
        <time>2026-08-21T12:13:34.078Z</time>
      </trkpt>
      <trkpt lat="46.119925" lon="12.250450">
        <ele>471.436680</ele>
        <time>2026-08-21T12:13:37.270Z</time>
      </trkpt>
      <trkpt lat="46.119377" lon="12.251517">
        <ele>482.033419</ele>
        <time>2026-08-21T12:14:24.202Z</time>
      </trkpt>
      <trkpt lat="46.119253" lon="12.251862">
        <ele>485.135839</ele>
        <time>2026-08-21T12:14:38.204Z</time>
      </trkpt>
      <trkpt lat="46.119084" lon="12.252513">
        <ele>490.844143</ele>
        <time>2026-08-21T12:15:02.374Z</time>
      </trkpt>
      <trkpt lat="46.119000" lon="12.253046">
        <ele>495.332591</ele>
        <time>2026-08-21T12:15:20.590Z</time>
      </trkpt>
      <trkpt lat="46.119022" lon="12.253332">
        <ele>497.695509</ele>
        <time>2026-08-21T12:15:30.221Z</time>
      </trkpt>
      <trkpt lat="46.119029" lon="12.253364">
        <ele>497.971053</ele>
        <time>2026-08-21T12:15:31.329Z</time>
      </trkpt>
      <trkpt lat="46.119131" lon="12.253817">
        <ele>501.882214</ele>
        <time>2026-08-21T12:15:47.939Z</time>
      </trkpt>
      <trkpt lat="46.119142" lon="12.254421">
        <ele>506.840790</ele>
        <time>2026-08-21T12:16:10.054Z</time>
      </trkpt>
      <trkpt lat="46.119126" lon="12.254715">
        <ele>509.246749</ele>
        <time>2026-08-21T12:16:20.454Z</time>
      </trkpt>
      <trkpt lat="46.119087" lon="12.254744">
        <ele>509.763161</ele>
        <time>2026-08-21T12:16:22.669Z</time>
      </trkpt>
      <trkpt lat="46.118458" lon="12.254423">
        <ele>517.615980</ele>
        <time>2026-08-21T12:16:55.146Z</time>
      </trkpt>
      <trkpt lat="46.117976" lon="12.254177">
        <ele>523.633619</ele>
        <time>2026-08-21T12:17:20.672Z</time>
      </trkpt>
      <trkpt lat="46.117525" lon="12.253885">
        <ele>529.535824</ele>
        <time>2026-08-21T12:17:45.178Z</time>
      </trkpt>
      <trkpt lat="46.117271" lon="12.253807">
        <ele>532.728309</ele>
        <time>2026-08-21T12:17:57.725Z</time>
      </trkpt>
      <trkpt lat="46.116670" lon="12.253729">
        <ele>540.146481</ele>
        <time>2026-08-21T12:18:28.809Z</time>
      </trkpt>
      <trkpt lat="46.115722" lon="12.253740">
        <ele>551.954932</ele>
        <time>2026-08-21T12:19:19.006Z</time>
      </trkpt>
      <trkpt lat="46.115460" lon="12.253715">
        <ele>555.416778</ele>
        <time>2026-08-21T12:19:32.791Z</time>
      </trkpt>
      <trkpt lat="46.115327" lon="12.253689">
        <ele>557.186323</ele>
        <time>2026-08-21T12:19:39.911Z</time>
      </trkpt>
      <trkpt lat="46.114970" lon="12.253518">
        <ele>562.145818</ele>
        <time>2026-08-21T12:19:59.992Z</time>
      </trkpt>
      <trkpt lat="46.114831" lon="12.253539">
        <ele>563.988465</ele>
        <time>2026-08-21T12:20:07.574Z</time>
      </trkpt>
      <trkpt lat="46.114558" lon="12.253710">
        <ele>567.912458</ele>
        <time>2026-08-21T12:20:23.954Z</time>
      </trkpt>
      <trkpt lat="46.114461" lon="12.253713">
        <ele>569.191633</ele>
        <time>2026-08-21T12:20:29.396Z</time>
      </trkpt>
      <trkpt lat="46.114134" lon="12.253567">
        <ele>573.703107</ele>
        <time>2026-08-21T12:20:49.122Z</time>
      </trkpt>
      <trkpt lat="46.113960" lon="12.253549">
        <ele>575.991429</ele>
        <time>2026-08-21T12:20:59.183Z</time>
      </trkpt>
      <trkpt lat="46.113792" lon="12.253685">
        <ele>578.518480</ele>
        <time>2026-08-21T12:21:10.114Z</time>
      </trkpt>
      <trkpt lat="46.113337" lon="12.254303">
        <ele>586.716352</ele>
        <time>2026-08-21T12:21:44.348Z</time>
      </trkpt>
      <trkpt lat="46.113240" lon="12.254367">
        <ele>588.115540</ele>
        <time>2026-08-21T12:21:49.927Z</time>
      </trkpt>
      <trkpt lat="46.113096" lon="12.254365">
        <ele>590.004560</ele>
        <time>2026-08-21T12:21:57.514Z</time>
      </trkpt>
      <trkpt lat="46.112431" lon="12.254160">
        <ele>598.750626</ele>
        <time>2026-08-21T12:22:32.933Z</time>
      </trkpt>
      <trkpt lat="46.112371" lon="12.254172">
        <ele>599.473899</ele>
        <time>2026-08-21T12:22:36.052Z</time>
      </trkpt>
      <trkpt lat="46.112327" lon="12.254232">
        <ele>600.196869</ele>
        <time>2026-08-21T12:22:39.189Z</time>
      </trkpt>
      <trkpt lat="46.112314" lon="12.254330">
        <ele>601.022792</ele>
        <time>2026-08-21T12:22:42.790Z</time>
      </trkpt>
      <trkpt lat="46.112348" lon="12.254417">
        <ele>601.849490</ele>
        <time>2026-08-21T12:22:46.457Z</time>
      </trkpt>
      <trkpt lat="46.112891" lon="12.255035">
        <ele>610.108168</ele>
        <time>2026-08-21T12:23:23.133Z</time>
      </trkpt>
      <trkpt lat="46.113091" lon="12.255333">
        <ele>613.541453</ele>
        <time>2026-08-21T12:23:37.421Z</time>
      </trkpt>
      <trkpt lat="46.113322" lon="12.255528">
        <ele>616.737248</ele>
        <time>2026-08-21T12:23:50.348Z</time>
      </trkpt>
      <trkpt lat="46.113390" lon="12.255639">
        <ele>617.963396</ele>
        <time>2026-08-21T12:23:55.036Z</time>
      </trkpt>
      <trkpt lat="46.113385" lon="12.255739">
        <ele>618.730557</ele>
        <time>2026-08-21T12:23:58.137Z</time>
      </trkpt>
      <trkpt lat="46.113348" lon="12.255784">
        <ele>619.199255</ele>
        <time>2026-08-21T12:24:00.316Z</time>
      </trkpt>
      <trkpt lat="46.113299" lon="12.255786">
        <ele>619.673993</ele>
        <time>2026-08-21T12:24:02.529Z</time>
      </trkpt>
      <trkpt lat="46.113106" lon="12.255621">
        <ele>621.846742</ele>
        <time>2026-08-21T12:24:12.158Z</time>
      </trkpt>
      <trkpt lat="46.112710" lon="12.255379">
        <ele>626.011832</ele>
        <time>2026-08-21T12:24:30.348Z</time>
      </trkpt>
      <trkpt lat="46.112661" lon="12.255387">
        <ele>626.489410</ele>
        <time>2026-08-21T12:24:32.286Z</time>
      </trkpt>
      <trkpt lat="46.112623" lon="12.255433">
        <ele>626.969844</ele>
        <time>2026-08-21T12:24:34.290Z</time>
      </trkpt>
      <trkpt lat="46.112610" lon="12.255502">
        <ele>627.449901</ele>
        <time>2026-08-21T12:24:36.254Z</time>
      </trkpt>
      <trkpt lat="46.112625" lon="12.255571">
        <ele>627.935399</ele>
        <time>2026-08-21T12:24:38.116Z</time>
      </trkpt>
      <trkpt lat="46.112665" lon="12.255615">
        <ele>628.422568</ele>
        <time>2026-08-21T12:24:40.047Z</time>
      </trkpt>
      <trkpt lat="46.112933" lon="12.255724">
        <ele>631.119253</ele>
        <time>2026-08-21T12:24:50.720Z</time>
      </trkpt>
      <trkpt lat="46.113065" lon="12.255810">
        <ele>632.521971</ele>
        <time>2026-08-21T12:24:56.585Z</time>
      </trkpt>
      <trkpt lat="46.113577" lon="12.256565">
        <ele>640.365719</ele>
        <time>2026-08-21T12:25:29.773Z</time>
      </trkpt>
      <trkpt lat="46.113855" lon="12.257241">
        <ele>646.707089</ele>
        <time>2026-08-21T12:25:57.358Z</time>
      </trkpt>
      <trkpt lat="46.114171" lon="12.257771">
        <ele>652.347044</ele>
        <time>2026-08-21T12:26:22.349Z</time>
      </trkpt>
      <trkpt lat="46.114301" lon="12.258049">
        <ele>655.052494</ele>
        <time>2026-08-21T12:26:34.361Z</time>
      </trkpt>
      <trkpt lat="46.114750" lon="12.259009">
        <ele>665.033355</ele>
        <time>2026-08-21T12:27:15.293Z</time>
      </trkpt>
      <trkpt lat="46.115027" lon="12.259538">
        <ele>670.831839</ele>
        <time>2026-08-21T12:27:40.642Z</time>
      </trkpt>
      <trkpt lat="46.115208" lon="12.259987">
        <ele>675.374699</ele>
        <time>2026-08-21T12:28:00.510Z</time>
      </trkpt>
      <trkpt lat="46.115416" lon="12.260870">
        <ele>683.011360</ele>
        <time>2026-08-21T12:28:33.468Z</time>
      </trkpt>
      <trkpt lat="46.115409" lon="12.260960">
        <ele>683.701101</ele>
        <time>2026-08-21T12:28:36.510Z</time>
      </trkpt>
      <trkpt lat="46.115368" lon="12.261027">
        <ele>684.381751</ele>
        <time>2026-08-21T12:28:39.418Z</time>
      </trkpt>
      <trkpt lat="46.115271" lon="12.261034">
        <ele>685.448786</ele>
        <time>2026-08-21T12:28:44.121Z</time>
      </trkpt>
      <trkpt lat="46.114762" lon="12.260153">
        <ele>694.183391</ele>
        <time>2026-08-21T12:29:22.407Z</time>
      </trkpt>
      <trkpt lat="46.114638" lon="12.259993">
        <ele>696.011204</ele>
        <time>2026-08-21T12:29:29.809Z</time>
      </trkpt>
      <trkpt lat="46.114415" lon="12.259846">
        <ele>698.704903</ele>
        <time>2026-08-21T12:29:40.279Z</time>
      </trkpt>
      <trkpt lat="46.113594" lon="12.259482">
        <ele>705.687367</ele>
        <time>2026-08-21T12:30:15.007Z</time>
      </trkpt>
      <trkpt lat="46.113422" lon="12.259291">
        <ele>707.412607</ele>
        <time>2026-08-21T12:30:23.137Z</time>
      </trkpt>
      <trkpt lat="46.113096" lon="12.258745">
        <ele>711.383055</ele>
        <time>2026-08-21T12:30:40.550Z</time>
      </trkpt>
      <trkpt lat="46.112691" lon="12.258287">
        <ele>715.490330</ele>
        <time>2026-08-21T12:30:56.648Z</time>
      </trkpt>
      <trkpt lat="46.112551" lon="12.258062">
        <ele>717.171044</ele>
        <time>2026-08-21T12:31:03.192Z</time>
      </trkpt>
      <trkpt lat="46.112490" lon="12.258041">
        <ele>717.673935</ele>
        <time>2026-08-21T12:31:05.204Z</time>
      </trkpt>
      <trkpt lat="46.112431" lon="12.258074">
        <ele>718.181371</ele>
        <time>2026-08-21T12:31:07.234Z</time>
      </trkpt>
      <trkpt lat="46.112392" lon="12.258195">
        <ele>718.923166</ele>
        <time>2026-08-21T12:31:10.337Z</time>
      </trkpt>
      <trkpt lat="46.112411" lon="12.258281">
        <ele>719.424937</ele>
        <time>2026-08-21T12:31:12.459Z</time>
      </trkpt>
      <trkpt lat="46.112729" lon="12.258704">
        <ele>722.893656</ele>
        <time>2026-08-21T12:31:28.222Z</time>
      </trkpt>
      <trkpt lat="46.112861" lon="12.258961">
        <ele>724.671720</ele>
        <time>2026-08-21T12:31:37.155Z</time>
      </trkpt>
      <trkpt lat="46.113064" lon="12.259780">
        <ele>730.337731</ele>
        <time>2026-08-21T12:32:03.762Z</time>
      </trkpt>
      <trkpt lat="46.113167" lon="12.260102">
        <ele>733.387019</ele>
        <time>2026-08-21T12:32:15.588Z</time>
      </trkpt>
      <trkpt lat="46.113621" lon="12.261103">
        <ele>743.672631</ele>
        <time>2026-08-21T12:32:59.478Z</time>
      </trkpt>
      <trkpt lat="46.113637" lon="12.261236">
        <ele>744.833327</ele>
        <time>2026-08-21T12:33:04.667Z</time>
      </trkpt>
      <trkpt lat="46.113623" lon="12.261710">
        <ele>748.912726</ele>
        <time>2026-08-21T12:33:23.240Z</time>
      </trkpt>
      <trkpt lat="46.113644" lon="12.261898">
        <ele>750.539241</ele>
        <time>2026-08-21T12:33:30.817Z</time>
      </trkpt>
      <trkpt lat="46.113706" lon="12.262145">
        <ele>752.701196</ele>
        <time>2026-08-21T12:33:41.187Z</time>
      </trkpt>
      <trkpt lat="46.113909" lon="12.262494">
        <ele>756.450580</ele>
        <time>2026-08-21T12:33:59.192Z</time>
      </trkpt>
      <trkpt lat="46.114252" lon="12.263232">
        <ele>763.762969</ele>
        <time>2026-08-21T12:34:33.028Z</time>
      </trkpt>
      <trkpt lat="46.114702" lon="12.264434">
        <ele>774.818799</ele>
        <time>2026-08-21T12:35:11.330Z</time>
      </trkpt>
      <trkpt lat="46.114819" lon="12.264842">
        <ele>778.250187</ele>
        <time>2026-08-21T12:35:24.513Z</time>
      </trkpt>
      <trkpt lat="46.114881" lon="12.265126">
        <ele>780.564167</ele>
        <time>2026-08-21T12:35:34.075Z</time>
      </trkpt>
      <trkpt lat="46.114875" lon="12.265258">
        <ele>781.592213</ele>
        <time>2026-08-21T12:35:38.587Z</time>
      </trkpt>
      <trkpt lat="46.114837" lon="12.265358">
        <ele>782.478473</ele>
        <time>2026-08-21T12:35:42.303Z</time>
      </trkpt>
      <trkpt lat="46.114804" lon="12.265381">
        <ele>782.889349</ele>
        <time>2026-08-21T12:35:44.070Z</time>
      </trkpt>
      <trkpt lat="46.114685" lon="12.265386">
        <ele>784.224008</ele>
        <time>2026-08-21T12:35:49.996Z</time>
      </trkpt>
      <trkpt lat="46.113968" lon="12.265099">
        <ele>792.702189</ele>
        <time>2026-08-21T12:36:28.076Z</time>
      </trkpt>
      <trkpt lat="46.113660" lon="12.264887">
        <ele>797.221835</ele>
        <time>2026-08-21T12:36:49.165Z</time>
      </trkpt>
      <trkpt lat="46.113097" lon="12.264401">
        <ele>805.911180</ele>
        <time>2026-08-21T12:37:26.387Z</time>
      </trkpt>
      <trkpt lat="46.112736" lon="12.264173">
        <ele>811.130356</ele>
        <time>2026-08-21T12:37:46.707Z</time>
      </trkpt>
      <trkpt lat="46.112269" lon="12.264039">
        <ele>817.238546</ele>
        <time>2026-08-21T12:38:11.930Z</time>
      </trkpt>
      <trkpt lat="46.111264" lon="12.264131">
        <ele>829.110498</ele>
        <time>2026-08-21T12:39:04.135Z</time>
      </trkpt>
      <trkpt lat="46.111049" lon="12.264071">
        <ele>831.692170</ele>
        <time>2026-08-21T12:39:14.461Z</time>
      </trkpt>
      <trkpt lat="46.110971" lon="12.263997">
        <ele>832.792792</ele>
        <time>2026-08-21T12:39:18.766Z</time>
      </trkpt>
      <trkpt lat="46.110920" lon="12.263874">
        <ele>833.964153</ele>
        <time>2026-08-21T12:39:23.241Z</time>
      </trkpt>
      <trkpt lat="46.110897" lon="12.263348">
        <ele>838.317195</ele>
        <time>2026-08-21T12:39:39.705Z</time>
      </trkpt>
      <trkpt lat="46.110851" lon="12.263135">
        <ele>840.198489</ele>
        <time>2026-08-21T12:39:46.774Z</time>
      </trkpt>
      <trkpt lat="46.110796" lon="12.263013">
        <ele>841.425669</ele>
        <time>2026-08-21T12:39:51.425Z</time>
      </trkpt>
      <trkpt lat="46.110690" lon="12.262902">
        <ele>843.018963</ele>
        <time>2026-08-21T12:39:57.507Z</time>
      </trkpt>
      <trkpt lat="46.110449" lon="12.262803">
        <ele>846.066976</ele>
        <time>2026-08-21T12:40:09.465Z</time>
      </trkpt>
      <trkpt lat="46.110207" lon="12.262771">
        <ele>849.022938</ele>
        <time>2026-08-21T12:40:21.519Z</time>
      </trkpt>
      <trkpt lat="46.109704" lon="12.263141">
        <ele>855.890942</ele>
        <time>2026-08-21T12:40:52.147Z</time>
      </trkpt>
      <trkpt lat="46.109506" lon="12.263159">
        <ele>858.304136</ele>
        <time>2026-08-21T12:41:03.621Z</time>
      </trkpt>
      <trkpt lat="46.109383" lon="12.263076">
        <ele>860.077937</ele>
        <time>2026-08-21T12:41:11.582Z</time>
      </trkpt>
      <trkpt lat="46.108909" lon="12.262622">
        <ele>867.681171</ele>
        <time>2026-08-21T12:41:45.084Z</time>
      </trkpt>
      <trkpt lat="46.108626" lon="12.262172">
        <ele>873.309762</ele>
        <time>2026-08-21T12:42:08.437Z</time>
      </trkpt>
      <trkpt lat="46.108552" lon="12.262137">
        <ele>874.350414</ele>
        <time>2026-08-21T12:42:12.662Z</time>
      </trkpt>
      <trkpt lat="46.108091" lon="12.262079">
        <ele>880.534046</ele>
        <time>2026-08-21T12:42:37.045Z</time>
      </trkpt>
      <trkpt lat="46.107133" lon="12.261970">
        <ele>891.908558</ele>
        <time>2026-08-21T12:43:26.020Z</time>
      </trkpt>
      <trkpt lat="46.106533" lon="12.261794">
        <ele>898.960582</ele>
        <time>2026-08-21T12:43:56.241Z</time>
      </trkpt>
      <trkpt lat="46.106384" lon="12.261853">
        <ele>900.740202</ele>
        <time>2026-08-21T12:44:03.481Z</time>
      </trkpt>
      <trkpt lat="46.106290" lon="12.262032">
        <ele>902.533325</ele>
        <time>2026-08-21T12:44:10.595Z</time>
      </trkpt>
      <trkpt lat="46.106290" lon="12.262202">
        <ele>903.781933</ele>
        <time>2026-08-21T12:44:15.890Z</time>
      </trkpt>
      <trkpt lat="46.106368" lon="12.262526">
        <ele>905.813865</ele>
        <time>2026-08-21T12:44:26.194Z</time>
      </trkpt>
      <trkpt lat="46.106576" lon="12.262940">
        <ele>908.842844</ele>
        <time>2026-08-21T12:44:41.064Z</time>
      </trkpt>
      <trkpt lat="46.106704" lon="12.263348">
        <ele>911.495935</ele>
        <time>2026-08-21T12:44:53.740Z</time>
      </trkpt>
      <trkpt lat="46.106827" lon="12.263522">
        <ele>912.968108</ele>
        <time>2026-08-21T12:45:00.513Z</time>
      </trkpt>
      <trkpt lat="46.107064" lon="12.263699">
        <ele>915.248642</ele>
        <time>2026-08-21T12:45:10.289Z</time>
      </trkpt>
      <trkpt lat="46.107158" lon="12.263802">
        <ele>916.257366</ele>
        <time>2026-08-21T12:45:14.424Z</time>
      </trkpt>
      <trkpt lat="46.107297" lon="12.264188">
        <ele>918.834212</ele>
        <time>2026-08-21T12:45:24.678Z</time>
      </trkpt>
      <trkpt lat="46.108435" lon="12.267784">
        <ele>937.361757</ele>
        <time>2026-08-21T12:46:53.663Z</time>
      </trkpt>
      <trkpt lat="46.108442" lon="12.268097">
        <ele>938.931752</ele>
        <time>2026-08-21T12:47:01.194Z</time>
      </trkpt>
      <trkpt lat="46.108371" lon="12.268406">
        <ele>940.563740</ele>
        <time>2026-08-21T12:47:09.281Z</time>
      </trkpt>
      <trkpt lat="46.108233" lon="12.268663">
        <ele>942.193425</ele>
        <time>2026-08-21T12:47:17.773Z</time>
      </trkpt>
      <trkpt lat="46.108046" lon="12.268880">
        <ele>944.060620</ele>
        <time>2026-08-21T12:47:27.105Z</time>
      </trkpt>
      <trkpt lat="46.107812" lon="12.269004">
        <ele>946.507065</ele>
        <time>2026-08-21T12:47:37.291Z</time>
      </trkpt>
      <trkpt lat="46.107635" lon="12.269049">
        <ele>948.270841</ele>
        <time>2026-08-21T12:47:44.857Z</time>
      </trkpt>
      <trkpt lat="46.106407" lon="12.269182">
        <ele>960.355812</ele>
        <time>2026-08-21T12:48:40.208Z</time>
      </trkpt>
      <trkpt lat="46.106049" lon="12.269176">
        <ele>963.871608</ele>
        <time>2026-08-21T12:48:56.534Z</time>
      </trkpt>
      <trkpt lat="46.105828" lon="12.269067">
        <ele>966.165692</ele>
        <time>2026-08-21T12:49:07.051Z</time>
      </trkpt>
      <trkpt lat="46.104958" lon="12.268455">
        <ele>975.673070</ele>
        <time>2026-08-21T12:49:49.517Z</time>
      </trkpt>
      <trkpt lat="46.104341" lon="12.268036">
        <ele>981.133344</ele>
        <time>2026-08-21T12:50:17.671Z</time>
      </trkpt>
      <trkpt lat="46.103957" lon="12.267882">
        <ele>983.660792</ele>
        <time>2026-08-21T12:50:32.264Z</time>
      </trkpt>
      <trkpt lat="46.103770" lon="12.267849">
        <ele>984.855461</ele>
        <time>2026-08-21T12:50:38.566Z</time>
      </trkpt>
      <trkpt lat="46.103563" lon="12.267868">
        <ele>986.170768</ele>
        <time>2026-08-21T12:50:45.086Z</time>
      </trkpt>
      <trkpt lat="46.103428" lon="12.267938">
        <ele>987.080490</ele>
        <time>2026-08-21T12:50:49.284Z</time>
      </trkpt>
      <trkpt lat="46.103346" lon="12.268045">
        <ele>987.781716</ele>
        <time>2026-08-21T12:50:52.285Z</time>
      </trkpt>
      <trkpt lat="46.102243" lon="12.269718">
        <ele>994.523650</ele>
        <time>2026-08-21T12:51:27.135Z</time>
      </trkpt>
      <trkpt lat="46.102090" lon="12.270014">
        <ele>995.423560</ele>
        <time>2026-08-21T12:51:32.978Z</time>
      </trkpt>
      <trkpt lat="46.101926" lon="12.270597">
        <ele>997.031032</ele>
        <time>2026-08-21T12:51:43.663Z</time>
      </trkpt>
      <trkpt lat="46.101630" lon="12.272431">
        <ele>1002.588433</ele>
        <time>2026-08-21T12:52:18.929Z</time>
      </trkpt>
      <trkpt lat="46.101526" lon="12.272730">
        <ele>1003.575683</ele>
        <time>2026-08-21T12:52:24.789Z</time>
      </trkpt>
      <trkpt lat="46.101348" lon="12.272979">
        <ele>1004.510479</ele>
        <time>2026-08-21T12:52:30.853Z</time>
      </trkpt>
      <trkpt lat="46.099450" lon="12.274379">
        <ele>1009.687677</ele>
        <time>2026-08-21T12:53:14.345Z</time>
      </trkpt>
      <trkpt lat="46.099212" lon="12.274525">
        <ele>1009.856452</ele>
        <time>2026-08-21T12:53:18.915Z</time>
      </trkpt>
      <trkpt lat="46.098412" lon="12.274801">
        <ele>1010.393228</ele>
        <time>2026-08-21T12:53:30.676Z</time>
      </trkpt>
      <trkpt lat="46.097845" lon="12.274909">
        <ele>1010.587389</ele>
        <time>2026-08-21T12:53:35.679Z</time>
      </trkpt>
      <trkpt lat="46.097836" lon="12.275004">
        <ele>1010.587389</ele>
        <time>2026-08-21T12:53:36.223Z</time>
      </trkpt>
      <trkpt lat="46.097118" lon="12.275604">
        <ele>1010.587389</ele>
        <time>2026-08-21T12:53:42.650Z</time>
      </trkpt>
      <trkpt lat="46.096398" lon="12.276256">
        <ele>1010.587389</ele>
        <time>2026-08-21T12:53:49.227Z</time>
      </trkpt>
    </trkseg>
  </trk>
</gpx>