<?xml version='1.0' encoding='UTF-8'?>
<gpx version="1.1" creator="https://www.komoot.de" xmlns="http://www.topografix.com/GPX/1/1" xmlns:xsi="http://www.w3.org/2001/XMLSchema-instance" xsi:schemaLocation="http://www.topografix.com/GPX/1/1 http://www.topografix.com/GPX/1/1/gpx.xsd">
  <metadata>
    <name>The Ride Etappe 3 !</name>
    <author>
      <link href="https://www.komoot.de">
        <text>komoot</text>
        <type>text/html</type>
      </link>
    </author>
  </metadata>
  <wpt lat="46.179881" lon="12.307040">
    <name>Let op! Start fietspad</name>
    <desc></desc>
    <sym>Flag, Blue</sym>
  </wpt>
  <wpt lat="46.200394" lon="12.302190">
    <name>Via Regia Cycle Path</name>
    <sym>Flag, Blue</sym>
  </wpt>
  <wpt lat="46.200488" lon="12.302109">
    <name>Einde fietspad</name>
    <desc></desc>
    <sym>Flag, Blue</sym>
  </wpt>
  <wpt lat="46.211685" lon="12.300570">
    <name>Let op! links fietspad op</name>
    <desc></desc>
    <sym>Flag, Blue</sym>
  </wpt>
  <wpt lat="46.258206" lon="12.299911">
    <name>Let op! Draai op drukke weg</name>
    <desc></desc>
    <sym>Flag, Blue</sym>
  </wpt>
  <wpt lat="46.263644" lon="12.298309">
    <name>Let Op! Tunnel 878 meter</name>
    <desc></desc>
    <sym>Flag, Blue</sym>
  </wpt>
  <wpt lat="46.335900" lon="12.228409">
    <name>Let op! Tunnel 134 meter</name>
    <desc></desc>
    <sym>Flag, Blue</sym>
  </wpt>
  <wpt lat="46.341078" lon="12.206541">
    <name>Let op! Tunnel 560 meter</name>
    <desc></desc>
    <sym>Flag, Blue</sym>
  </wpt>
  <wpt lat="46.346089" lon="12.187446">
    <name>VP 1</name>
    <sym>Flag, Blue</sym>
  </wpt>
  <wpt lat="46.383024" lon="12.132785">
    <name>Links aanhouden.</name>
    <sym>Flag, Blue</sym>
  </wpt>
  <wpt lat="46.418734" lon="12.094415">
    <name>Public Water Fountain</name>
    <sym>Drinking Water</sym>
  </wpt>
  <wpt lat="46.421020" lon="12.105540">
    <name>Staulanza Pass</name>
    <sym>Flag, Blue</sym>
  </wpt>
  <wpt lat="46.445133" lon="12.025316">
    <name>Let op! Tunnels</name>
    <desc></desc>
    <sym>Flag, Blue</sym>
  </wpt>
  <wpt lat="46.483211" lon="11.951956">
    <name>VP 2</name>
    <sym>Flag, Blue</sym>
  </wpt>
  <trk>
    <name>The Ride Etappe 3 !</name>
    <type>racebike</type>
    <trkseg>
      <trkpt lat="46.097659" lon="12.274918">
        <ele>1011.803322</ele>
        <time>2026-08-21T06:59:21.080Z</time>
      </trkpt>
      <trkpt lat="46.097845" lon="12.274909">
        <ele>1011.803322</ele>
        <time>2026-08-21T06:59:22.621Z</time>
      </trkpt>
      <trkpt lat="46.098412" lon="12.274801">
        <ele>1011.803322</ele>
        <time>2026-08-21T06:59:27.116Z</time>
      </trkpt>
      <trkpt lat="46.099212" lon="12.274525">
        <ele>1010.477745</ele>
        <time>2026-08-21T06:59:32.975Z</time>
      </trkpt>
      <trkpt lat="46.099450" lon="12.274379">
        <ele>1009.974511</ele>
        <time>2026-08-21T06:59:34.707Z</time>
      </trkpt>
      <trkpt lat="46.101348" lon="12.272979">
        <ele>1004.246063</ele>
        <time>2026-08-21T06:59:48.076Z</time>
      </trkpt>
      <trkpt lat="46.101526" lon="12.272730">
        <ele>1003.455723</ele>
        <time>2026-08-21T06:59:49.533Z</time>
      </trkpt>
      <trkpt lat="46.101630" lon="12.272431">
        <ele>1002.716485</ele>
        <time>2026-08-21T06:59:50.881Z</time>
      </trkpt>
      <trkpt lat="46.101926" lon="12.270597">
        <ele>997.206626</ele>
        <time>2026-08-21T06:59:58.332Z</time>
      </trkpt>
      <trkpt lat="46.102090" lon="12.270014">
        <ele>995.349390</ele>
        <time>2026-08-21T07:00:00.893Z</time>
      </trkpt>
      <trkpt lat="46.102243" lon="12.269718">
        <ele>994.357216</ele>
        <time>2026-08-21T07:00:02.434Z</time>
      </trkpt>
      <trkpt lat="46.102475" lon="12.269366">
        <ele>993.137686</ele>
        <time>2026-08-21T07:00:04.508Z</time>
      </trkpt>
      <trkpt lat="46.103346" lon="12.268045">
        <ele>988.560156</ele>
        <time>2026-08-21T07:00:12.227Z</time>
      </trkpt>
      <trkpt lat="46.103428" lon="12.267938">
        <ele>987.899969</ele>
        <time>2026-08-21T07:00:12.856Z</time>
      </trkpt>
      <trkpt lat="46.103563" lon="12.267868">
        <ele>986.818215</ele>
        <time>2026-08-21T07:00:13.659Z</time>
      </trkpt>
      <trkpt lat="46.103770" lon="12.267849">
        <ele>985.254178</ele>
        <time>2026-08-21T07:00:14.795Z</time>
      </trkpt>
      <trkpt lat="46.103957" lon="12.267882">
        <ele>983.833592</ele>
        <time>2026-08-21T07:00:15.817Z</time>
      </trkpt>
      <trkpt lat="46.104341" lon="12.268036">
        <ele>980.828192</ele>
        <time>2026-08-21T07:00:17.939Z</time>
      </trkpt>
      <trkpt lat="46.104958" lon="12.268455">
        <ele>975.685796</ele>
        <time>2026-08-21T07:00:21.495Z</time>
      </trkpt>
      <trkpt lat="46.105828" lon="12.269067">
        <ele>966.201416</ele>
        <time>2026-08-21T07:00:26.495Z</time>
      </trkpt>
      <trkpt lat="46.106049" lon="12.269176">
        <ele>963.843490</ele>
        <time>2026-08-21T07:00:27.697Z</time>
      </trkpt>
      <trkpt lat="46.106407" lon="12.269182">
        <ele>960.229089</ele>
        <time>2026-08-21T07:00:29.537Z</time>
      </trkpt>
      <trkpt lat="46.107635" lon="12.269049">
        <ele>948.502715</ele>
        <time>2026-08-21T07:00:35.880Z</time>
      </trkpt>
      <trkpt lat="46.107812" lon="12.269004">
        <ele>946.832441</ele>
        <time>2026-08-21T07:00:36.817Z</time>
      </trkpt>
      <trkpt lat="46.108046" lon="12.268880">
        <ele>944.515689</ele>
        <time>2026-08-21T07:00:38.118Z</time>
      </trkpt>
      <trkpt lat="46.108233" lon="12.268663">
        <ele>942.285237</ele>
        <time>2026-08-21T07:00:39.382Z</time>
      </trkpt>
      <trkpt lat="46.108371" lon="12.268406">
        <ele>940.190812</ele>
        <time>2026-08-21T07:00:40.572Z</time>
      </trkpt>
      <trkpt lat="46.108442" lon="12.268097">
        <ele>938.595519</ele>
        <time>2026-08-21T07:00:41.782Z</time>
      </trkpt>
      <trkpt lat="46.108435" lon="12.267784">
        <ele>937.119490</ele>
        <time>2026-08-21T07:00:42.948Z</time>
      </trkpt>
      <trkpt lat="46.107297" lon="12.264188">
        <ele>918.586093</ele>
        <time>2026-08-21T07:00:57.893Z</time>
      </trkpt>
      <trkpt lat="46.107158" lon="12.263802">
        <ele>916.557675</ele>
        <time>2026-08-21T07:00:59.519Z</time>
      </trkpt>
      <trkpt lat="46.107064" lon="12.263699">
        <ele>915.763638</ele>
        <time>2026-08-21T07:01:00.156Z</time>
      </trkpt>
      <trkpt lat="46.106827" lon="12.263522">
        <ele>913.313936</ele>
        <time>2026-08-21T07:01:01.578Z</time>
      </trkpt>
      <trkpt lat="46.106704" lon="12.263348">
        <ele>911.700625</ele>
        <time>2026-08-21T07:01:02.481Z</time>
      </trkpt>
      <trkpt lat="46.106576" lon="12.262940">
        <ele>908.793180</ele>
        <time>2026-08-21T07:01:04.105Z</time>
      </trkpt>
      <trkpt lat="46.106368" lon="12.262526">
        <ele>905.473811</ele>
        <time>2026-08-21T07:01:05.947Z</time>
      </trkpt>
      <trkpt lat="46.106290" lon="12.262202">
        <ele>903.247077</ele>
        <time>2026-08-21T07:01:07.179Z</time>
      </trkpt>
      <trkpt lat="46.106290" lon="12.262032">
        <ele>902.143370</ele>
        <time>2026-08-21T07:01:07.785Z</time>
      </trkpt>
      <trkpt lat="46.106384" lon="12.261853">
        <ele>900.685505</ele>
        <time>2026-08-21T07:01:08.586Z</time>
      </trkpt>
      <trkpt lat="46.106533" lon="12.261794">
        <ele>899.238618</ele>
        <time>2026-08-21T07:01:09.375Z</time>
      </trkpt>
      <trkpt lat="46.107133" lon="12.261970">
        <ele>892.015632</ele>
        <time>2026-08-21T07:01:12.490Z</time>
      </trkpt>
      <trkpt lat="46.108091" lon="12.262079">
        <ele>880.482979</ele>
        <time>2026-08-21T07:01:17.359Z</time>
      </trkpt>
      <trkpt lat="46.108552" lon="12.262137">
        <ele>874.631695</ele>
        <time>2026-08-21T07:01:19.694Z</time>
      </trkpt>
      <trkpt lat="46.108626" lon="12.262172">
        <ele>873.574998</ele>
        <time>2026-08-21T07:01:20.089Z</time>
      </trkpt>
      <trkpt lat="46.108909" lon="12.262622">
        <ele>867.859620</ele>
        <time>2026-08-21T07:01:22.204Z</time>
      </trkpt>
      <trkpt lat="46.109383" lon="12.263076">
        <ele>860.139152</ele>
        <time>2026-08-21T07:01:25.046Z</time>
      </trkpt>
      <trkpt lat="46.109506" lon="12.263159">
        <ele>858.296581</ele>
        <time>2026-08-21T07:01:25.721Z</time>
      </trkpt>
      <trkpt lat="46.109704" lon="12.263141">
        <ele>855.604624</ele>
        <time>2026-08-21T07:01:26.713Z</time>
      </trkpt>
      <trkpt lat="46.110207" lon="12.262771">
        <ele>848.653677</ele>
        <time>2026-08-21T07:01:29.556Z</time>
      </trkpt>
      <trkpt lat="46.110449" lon="12.262803">
        <ele>845.838213</ele>
        <time>2026-08-21T07:01:30.790Z</time>
      </trkpt>
      <trkpt lat="46.110690" lon="12.262902">
        <ele>842.935073</ele>
        <time>2026-08-21T07:01:32.070Z</time>
      </trkpt>
      <trkpt lat="46.110796" lon="12.263013">
        <ele>841.417510</ele>
        <time>2026-08-21T07:01:32.741Z</time>
      </trkpt>
      <trkpt lat="46.110851" lon="12.263135">
        <ele>840.248658</ele>
        <time>2026-08-21T07:01:33.260Z</time>
      </trkpt>
      <trkpt lat="46.110897" lon="12.263348">
        <ele>838.456783</ele>
        <time>2026-08-21T07:01:34.053Z</time>
      </trkpt>
      <trkpt lat="46.110920" lon="12.263874">
        <ele>834.223627</ele>
        <time>2026-08-21T07:01:35.933Z</time>
      </trkpt>
      <trkpt lat="46.110971" lon="12.263997">
        <ele>833.072496</ele>
        <time>2026-08-21T07:01:36.443Z</time>
      </trkpt>
      <trkpt lat="46.111049" lon="12.264071">
        <ele>831.990883</ele>
        <time>2026-08-21T07:01:36.924Z</time>
      </trkpt>
      <trkpt lat="46.111264" lon="12.264131">
        <ele>829.321265</ele>
        <time>2026-08-21T07:01:38.045Z</time>
      </trkpt>
      <trkpt lat="46.112269" lon="12.264039">
        <ele>817.038720</ele>
        <time>2026-08-21T07:01:43.137Z</time>
      </trkpt>
      <trkpt lat="46.112736" lon="12.264173">
        <ele>811.231171</ele>
        <time>2026-08-21T07:01:45.544Z</time>
      </trkpt>
      <trkpt lat="46.113097" lon="12.264401">
        <ele>806.112148</ele>
        <time>2026-08-21T07:01:47.536Z</time>
      </trkpt>
      <trkpt lat="46.113660" lon="12.264887">
        <ele>797.415804</ele>
        <time>2026-08-21T07:01:50.823Z</time>
      </trkpt>
      <trkpt lat="46.113968" lon="12.265099">
        <ele>792.892517</ele>
        <time>2026-08-21T07:01:52.518Z</time>
      </trkpt>
      <trkpt lat="46.114685" lon="12.265386">
        <ele>783.665725</ele>
        <time>2026-08-21T07:01:56.286Z</time>
      </trkpt>
      <trkpt lat="46.114804" lon="12.265381">
        <ele>782.405467</ele>
        <time>2026-08-21T07:01:56.891Z</time>
      </trkpt>
      <trkpt lat="46.114837" lon="12.265358">
        <ele>782.017495</ele>
        <time>2026-08-21T07:01:57.079Z</time>
      </trkpt>
      <trkpt lat="46.114875" lon="12.265258">
        <ele>781.180641</ele>
        <time>2026-08-21T07:01:57.484Z</time>
      </trkpt>
      <trkpt lat="46.114881" lon="12.265126">
        <ele>780.209903</ele>
        <time>2026-08-21T07:01:57.950Z</time>
      </trkpt>
      <trkpt lat="46.114819" lon="12.264842">
        <ele>778.024918</ele>
        <time>2026-08-21T07:01:59.008Z</time>
      </trkpt>
      <trkpt lat="46.114702" lon="12.264434">
        <ele>774.784814</ele>
        <time>2026-08-21T07:02:00.597Z</time>
      </trkpt>
      <trkpt lat="46.114252" lon="12.263232">
        <ele>764.293552</ele>
        <time>2026-08-21T07:02:05.551Z</time>
      </trkpt>
      <trkpt lat="46.113909" lon="12.262494">
        <ele>756.499367</ele>
        <time>2026-08-21T07:02:08.644Z</time>
      </trkpt>
      <trkpt lat="46.113706" lon="12.262145">
        <ele>752.502946</ele>
        <time>2026-08-21T07:02:10.229Z</time>
      </trkpt>
      <trkpt lat="46.113644" lon="12.261898">
        <ele>750.198545</ele>
        <time>2026-08-21T07:02:11.137Z</time>
      </trkpt>
      <trkpt lat="46.113623" lon="12.261710">
        <ele>748.528097</ele>
        <time>2026-08-21T07:02:11.801Z</time>
      </trkpt>
      <trkpt lat="46.113637" lon="12.261236">
        <ele>744.368201</ele>
        <time>2026-08-21T07:02:13.450Z</time>
      </trkpt>
      <trkpt lat="46.113621" lon="12.261103">
        <ele>743.292652</ele>
        <time>2026-08-21T07:02:13.917Z</time>
      </trkpt>
      <trkpt lat="46.113167" lon="12.260102">
        <ele>733.761577</ele>
        <time>2026-08-21T07:02:18.102Z</time>
      </trkpt>
      <trkpt lat="46.113064" lon="12.259780">
        <ele>730.935980</ele>
        <time>2026-08-21T07:02:19.356Z</time>
      </trkpt>
      <trkpt lat="46.112861" lon="12.258961">
        <ele>724.005741</ele>
        <time>2026-08-21T07:02:22.471Z</time>
      </trkpt>
      <trkpt lat="46.112729" lon="12.258704">
        <ele>722.277012</ele>
        <time>2026-08-21T07:02:23.631Z</time>
      </trkpt>
      <trkpt lat="46.112411" lon="12.258281">
        <ele>719.111213</ele>
        <time>2026-08-21T07:02:25.936Z</time>
      </trkpt>
      <trkpt lat="46.112392" lon="12.258195">
        <ele>718.653261</ele>
        <time>2026-08-21T07:02:26.276Z</time>
      </trkpt>
      <trkpt lat="46.112431" lon="12.258074">
        <ele>717.976247</ele>
        <time>2026-08-21T07:02:26.778Z</time>
      </trkpt>
      <trkpt lat="46.112490" lon="12.258041">
        <ele>717.513125</ele>
        <time>2026-08-21T07:02:27.120Z</time>
      </trkpt>
      <trkpt lat="46.112551" lon="12.258062">
        <ele>717.054151</ele>
        <time>2026-08-21T07:02:27.463Z</time>
      </trkpt>
      <trkpt lat="46.112691" lon="12.258287">
        <ele>715.520212</ele>
        <time>2026-08-21T07:02:28.617Z</time>
      </trkpt>
      <trkpt lat="46.113096" lon="12.258745">
        <ele>711.753905</ele>
        <time>2026-08-21T07:02:31.448Z</time>
      </trkpt>
      <trkpt lat="46.113422" lon="12.259291">
        <ele>707.634593</ele>
        <time>2026-08-21T07:02:34.131Z</time>
      </trkpt>
      <trkpt lat="46.113594" lon="12.259482">
        <ele>705.745880</ele>
        <time>2026-08-21T07:02:35.279Z</time>
      </trkpt>
      <trkpt lat="46.114415" lon="12.259846">
        <ele>698.272328</ele>
        <time>2026-08-21T07:02:39.776Z</time>
      </trkpt>
      <trkpt lat="46.114638" lon="12.259993">
        <ele>696.138948</ele>
        <time>2026-08-21T07:02:41.043Z</time>
      </trkpt>
      <trkpt lat="46.114762" lon="12.260153">
        <ele>694.621524</ele>
        <time>2026-08-21T07:02:41.903Z</time>
      </trkpt>
      <trkpt lat="46.115271" lon="12.261034">
        <ele>685.389320</ele>
        <time>2026-08-21T07:02:45.962Z</time>
      </trkpt>
      <trkpt lat="46.115368" lon="12.261027">
        <ele>684.261498</ele>
        <time>2026-08-21T07:02:46.456Z</time>
      </trkpt>
      <trkpt lat="46.115409" lon="12.260960">
        <ele>683.542072</ele>
        <time>2026-08-21T07:02:46.773Z</time>
      </trkpt>
      <trkpt lat="46.115416" lon="12.260870">
        <ele>682.813037</ele>
        <time>2026-08-21T07:02:47.092Z</time>
      </trkpt>
      <trkpt lat="46.115208" lon="12.259987">
        <ele>675.305795</ele>
        <time>2026-08-21T07:02:50.366Z</time>
      </trkpt>
      <trkpt lat="46.115027" lon="12.259538">
        <ele>670.890410</ele>
        <time>2026-08-21T07:02:52.177Z</time>
      </trkpt>
      <trkpt lat="46.114750" lon="12.259009">
        <ele>665.120839</ele>
        <time>2026-08-21T07:02:54.485Z</time>
      </trkpt>
      <trkpt lat="46.114171" lon="12.257771">
        <ele>652.123952</ele>
        <time>2026-08-21T07:02:59.727Z</time>
      </trkpt>
      <trkpt lat="46.113855" lon="12.257241">
        <ele>646.679599</ele>
        <time>2026-08-21T07:03:02.181Z</time>
      </trkpt>
      <trkpt lat="46.113577" lon="12.256565">
        <ele>640.650342</ele>
        <time>2026-08-21T07:03:04.943Z</time>
      </trkpt>
      <trkpt lat="46.113065" lon="12.255810">
        <ele>632.548552</ele>
        <time>2026-08-21T07:03:08.711Z</time>
      </trkpt>
      <trkpt lat="46.112933" lon="12.255724">
        <ele>631.004871</ele>
        <time>2026-08-21T07:03:09.465Z</time>
      </trkpt>
      <trkpt lat="46.112665" lon="12.255615">
        <ele>628.234994</ele>
        <time>2026-08-21T07:03:10.933Z</time>
      </trkpt>
      <trkpt lat="46.112625" lon="12.255571">
        <ele>627.734602</ele>
        <time>2026-08-21T07:03:11.199Z</time>
      </trkpt>
      <trkpt lat="46.112610" lon="12.255502">
        <ele>627.235927</ele>
        <time>2026-08-21T07:03:11.467Z</time>
      </trkpt>
      <trkpt lat="46.112623" lon="12.255433">
        <ele>626.742840</ele>
        <time>2026-08-21T07:03:11.729Z</time>
      </trkpt>
      <trkpt lat="46.112661" lon="12.255387">
        <ele>626.249367</ele>
        <time>2026-08-21T07:03:11.988Z</time>
      </trkpt>
      <trkpt lat="46.112710" lon="12.255379">
        <ele>625.758826</ele>
        <time>2026-08-21T07:03:12.248Z</time>
      </trkpt>
      <trkpt lat="46.113106" lon="12.255621">
        <ele>621.480689</ele>
        <time>2026-08-21T07:03:14.481Z</time>
      </trkpt>
      <trkpt lat="46.113299" lon="12.255786">
        <ele>619.248968</ele>
        <time>2026-08-21T07:03:15.641Z</time>
      </trkpt>
      <trkpt lat="46.113348" lon="12.255784">
        <ele>618.761344</ele>
        <time>2026-08-21T07:03:15.893Z</time>
      </trkpt>
      <trkpt lat="46.113385" lon="12.255739">
        <ele>618.279925</ele>
        <time>2026-08-21T07:03:16.145Z</time>
      </trkpt>
      <trkpt lat="46.113390" lon="12.255639">
        <ele>617.588538</ele>
        <time>2026-08-21T07:03:16.505Z</time>
      </trkpt>
      <trkpt lat="46.113322" lon="12.255528">
        <ele>616.567032</ele>
        <time>2026-08-21T07:03:17.033Z</time>
      </trkpt>
      <trkpt lat="46.113091" lon="12.255333">
        <ele>613.904608</ele>
        <time>2026-08-21T07:03:18.398Z</time>
      </trkpt>
      <trkpt lat="46.112891" lon="12.255035">
        <ele>610.416536</ele>
        <time>2026-08-21T07:03:19.859Z</time>
      </trkpt>
      <trkpt lat="46.112348" lon="12.254417">
        <ele>601.870832</ele>
        <time>2026-08-21T07:03:23.348Z</time>
      </trkpt>
      <trkpt lat="46.112314" lon="12.254330">
        <ele>601.015401</ele>
        <time>2026-08-21T07:03:23.696Z</time>
      </trkpt>
      <trkpt lat="46.112327" lon="12.254232">
        <ele>600.160774</ele>
        <time>2026-08-21T07:03:24.045Z</time>
      </trkpt>
      <trkpt lat="46.112371" lon="12.254172">
        <ele>599.412678</ele>
        <time>2026-08-21T07:03:24.352Z</time>
      </trkpt>
      <trkpt lat="46.112431" lon="12.254160">
        <ele>598.664267</ele>
        <time>2026-08-21T07:03:24.659Z</time>
      </trkpt>
      <trkpt lat="46.113096" lon="12.254365">
        <ele>590.171080</ele>
        <time>2026-08-21T07:03:28.094Z</time>
      </trkpt>
      <trkpt lat="46.113240" lon="12.254367">
        <ele>588.250793</ele>
        <time>2026-08-21T07:03:28.822Z</time>
      </trkpt>
      <trkpt lat="46.113337" lon="12.254303">
        <ele>586.828446</ele>
        <time>2026-08-21T07:03:29.359Z</time>
      </trkpt>
      <trkpt lat="46.113792" lon="12.253685">
        <ele>578.494881</ele>
        <time>2026-08-21T07:03:32.501Z</time>
      </trkpt>
      <trkpt lat="46.113960" lon="12.253549">
        <ele>575.926002</ele>
        <time>2026-08-21T07:03:33.470Z</time>
      </trkpt>
      <trkpt lat="46.114134" lon="12.253567">
        <ele>573.599804</ele>
        <time>2026-08-21T07:03:34.343Z</time>
      </trkpt>
      <trkpt lat="46.114461" lon="12.253713">
        <ele>569.035269</ele>
        <time>2026-08-21T07:03:36.054Z</time>
      </trkpt>
      <trkpt lat="46.114558" lon="12.253710">
        <ele>567.741505</ele>
        <time>2026-08-21T07:03:36.540Z</time>
      </trkpt>
      <trkpt lat="46.114831" lon="12.253539">
        <ele>563.877552</ele>
        <time>2026-08-21T07:03:38.034Z</time>
      </trkpt>
      <trkpt lat="46.114970" lon="12.253518">
        <ele>562.067278</ele>
        <time>2026-08-21T07:03:38.740Z</time>
      </trkpt>
      <trkpt lat="46.115327" lon="12.253689">
        <ele>557.194915</ele>
        <time>2026-08-21T07:03:40.633Z</time>
      </trkpt>
      <trkpt lat="46.115460" lon="12.253715">
        <ele>555.456458</ele>
        <time>2026-08-21T07:03:41.313Z</time>
      </trkpt>
      <trkpt lat="46.115722" lon="12.253740">
        <ele>552.055432</ele>
        <time>2026-08-21T07:03:42.635Z</time>
      </trkpt>
      <trkpt lat="46.116670" lon="12.253729">
        <ele>540.071580</ele>
        <time>2026-08-21T07:03:47.422Z</time>
      </trkpt>
      <trkpt lat="46.117271" lon="12.253807">
        <ele>532.785967</ele>
        <time>2026-08-21T07:03:50.476Z</time>
      </trkpt>
      <trkpt lat="46.117525" lon="12.253885">
        <ele>529.650531</ele>
        <time>2026-08-21T07:03:51.798Z</time>
      </trkpt>
      <trkpt lat="46.117976" lon="12.254177">
        <ele>523.682032</ele>
        <time>2026-08-21T07:03:54.315Z</time>
      </trkpt>
      <trkpt lat="46.118458" lon="12.254423">
        <ele>517.619194</ele>
        <time>2026-08-21T07:03:56.909Z</time>
      </trkpt>
      <trkpt lat="46.119087" lon="12.254744">
        <ele>509.744435</ele>
        <time>2026-08-21T07:04:00.307Z</time>
      </trkpt>
      <trkpt lat="46.119126" lon="12.254715">
        <ele>509.226580</ele>
        <time>2026-08-21T07:04:00.533Z</time>
      </trkpt>
      <trkpt lat="46.119142" lon="12.254421">
        <ele>506.813898</ele>
        <time>2026-08-21T07:04:01.569Z</time>
      </trkpt>
      <trkpt lat="46.119131" lon="12.253817">
        <ele>501.870734</ele>
        <time>2026-08-21T07:04:03.680Z</time>
      </trkpt>
      <trkpt lat="46.119022" lon="12.253332">
        <ele>497.675876</ele>
        <time>2026-08-21T07:04:05.474Z</time>
      </trkpt>
      <trkpt lat="46.119000" lon="12.253046">
        <ele>495.305744</ele>
        <time>2026-08-21T07:04:06.492Z</time>
      </trkpt>
      <trkpt lat="46.119084" lon="12.252513">
        <ele>490.803592</ele>
        <time>2026-08-21T07:04:08.427Z</time>
      </trkpt>
      <trkpt lat="46.119253" lon="12.251862">
        <ele>485.077862</ele>
        <time>2026-08-21T07:04:10.875Z</time>
      </trkpt>
      <trkpt lat="46.119377" lon="12.251517">
        <ele>481.876951</ele>
        <time>2026-08-21T07:04:12.233Z</time>
      </trkpt>
      <trkpt lat="46.119925" lon="12.250450">
        <ele>471.512548</ele>
        <time>2026-08-21T07:04:16.897Z</time>
      </trkpt>
      <trkpt lat="46.119961" lon="12.250383">
        <ele>470.859431</ele>
        <time>2026-08-21T07:04:17.196Z</time>
      </trkpt>
      <trkpt lat="46.121095" lon="12.248232">
        <ele>453.090208</ele>
        <time>2026-08-21T07:04:26.846Z</time>
      </trkpt>
      <trkpt lat="46.121567" lon="12.247338">
        <ele>447.132147</ele>
        <time>2026-08-21T07:04:31.153Z</time>
      </trkpt>
      <trkpt lat="46.121759" lon="12.246974">
        <ele>445.355752</ele>
        <time>2026-08-21T07:04:32.998Z</time>
      </trkpt>
      <trkpt lat="46.121869" lon="12.246783">
        <ele>444.667543</ele>
        <time>2026-08-21T07:04:34.027Z</time>
      </trkpt>
      <trkpt lat="46.122033" lon="12.246472">
        <ele>443.584565</ele>
        <time>2026-08-21T07:04:35.642Z</time>
      </trkpt>
      <trkpt lat="46.123329" lon="12.243978">
        <ele>435.599276</ele>
        <time>2026-08-21T07:04:48.393Z</time>
      </trkpt>
      <trkpt lat="46.123418" lon="12.243805">
        <ele>435.101482</ele>
        <time>2026-08-21T07:04:49.294Z</time>
      </trkpt>
      <trkpt lat="46.123530" lon="12.243590">
        <ele>434.480058</ele>
        <time>2026-08-21T07:04:50.435Z</time>
      </trkpt>
      <trkpt lat="46.123667" lon="12.243332">
        <ele>433.729111</ele>
        <time>2026-08-21T07:04:51.832Z</time>
      </trkpt>
      <trkpt lat="46.123884" lon="12.242926">
        <ele>432.717850</ele>
        <time>2026-08-21T07:04:54.076Z</time>
      </trkpt>
      <trkpt lat="46.123985" lon="12.242611">
        <ele>432.331853</ele>
        <time>2026-08-21T07:04:55.638Z</time>
      </trkpt>
      <trkpt lat="46.124012" lon="12.242323">
        <ele>432.008638</ele>
        <time>2026-08-21T07:04:56.955Z</time>
      </trkpt>
      <trkpt lat="46.124026" lon="12.241564">
        <ele>431.164219</ele>
        <time>2026-08-21T07:05:00.533Z</time>
      </trkpt>
      <trkpt lat="46.124033" lon="12.240211">
        <ele>429.923698</ele>
        <time>2026-08-21T07:05:07.384Z</time>
      </trkpt>
      <trkpt lat="46.124090" lon="12.239744">
        <ele>429.814619</ele>
        <time>2026-08-21T07:05:09.932Z</time>
      </trkpt>
      <trkpt lat="46.124161" lon="12.239427">
        <ele>429.737985</ele>
        <time>2026-08-21T07:05:11.767Z</time>
      </trkpt>
      <trkpt lat="46.124367" lon="12.238730">
        <ele>429.563684</ele>
        <time>2026-08-21T07:05:16.111Z</time>
      </trkpt>
      <trkpt lat="46.124465" lon="12.238517">
        <ele>429.504874</ele>
        <time>2026-08-21T07:05:17.757Z</time>
      </trkpt>
      <trkpt lat="46.124617" lon="12.238285">
        <ele>429.431437</ele>
        <time>2026-08-21T07:05:19.930Z</time>
      </trkpt>
      <trkpt lat="46.124997" lon="12.237827">
        <ele>429.228743</ele>
        <time>2026-08-21T07:05:24.880Z</time>
      </trkpt>
      <trkpt lat="46.125189" lon="12.237667">
        <ele>429.133196</ele>
        <time>2026-08-21T07:05:26.877Z</time>
      </trkpt>
      <trkpt lat="46.125386" lon="12.237456">
        <ele>429.027468</ele>
        <time>2026-08-21T07:05:28.916Z</time>
      </trkpt>
      <trkpt lat="46.125694" lon="12.236952">
        <ele>428.826781</ele>
        <time>2026-08-21T07:05:32.646Z</time>
      </trkpt>
      <trkpt lat="46.125877" lon="12.236660">
        <ele>428.709202</ele>
        <time>2026-08-21T07:05:34.749Z</time>
      </trkpt>
      <trkpt lat="46.126116" lon="12.236203">
        <ele>428.349952</ele>
        <time>2026-08-21T07:05:37.544Z</time>
      </trkpt>
      <trkpt lat="46.126373" lon="12.235521">
        <ele>427.588074</ele>
        <time>2026-08-21T07:05:41.057Z</time>
      </trkpt>
      <trkpt lat="46.126572" lon="12.234778">
        <ele>426.806316</ele>
        <time>2026-08-21T07:05:44.618Z</time>
      </trkpt>
      <trkpt lat="46.126624" lon="12.234535">
        <ele>426.556719</ele>
        <time>2026-08-21T07:05:45.842Z</time>
      </trkpt>
      <trkpt lat="46.126705" lon="12.233766">
        <ele>426.552967</ele>
        <time>2026-08-21T07:05:50.090Z</time>
      </trkpt>
      <trkpt lat="46.127250" lon="12.234073">
        <ele>427.970266</ele>
        <time>2026-08-21T07:05:56.829Z</time>
      </trkpt>
      <trkpt lat="46.127683" lon="12.234526">
        <ele>429.265913</ele>
        <time>2026-08-21T07:06:04.977Z</time>
      </trkpt>
      <trkpt lat="46.128534" lon="12.235552">
        <ele>434.807225</ele>
        <time>2026-08-21T07:06:28.994Z</time>
      </trkpt>
      <trkpt lat="46.128834" lon="12.235826">
        <ele>437.281025</ele>
        <time>2026-08-21T07:06:38.431Z</time>
      </trkpt>
      <trkpt lat="46.129001" lon="12.235888">
        <ele>438.482495</ele>
        <time>2026-08-21T07:06:43.360Z</time>
      </trkpt>
      <trkpt lat="46.129448" lon="12.235972">
        <ele>441.623268</ele>
        <time>2026-08-21T07:06:57.227Z</time>
      </trkpt>
      <trkpt lat="46.130462" lon="12.236004">
        <ele>445.698248</ele>
        <time>2026-08-21T07:07:24.745Z</time>
      </trkpt>
      <trkpt lat="46.130792" lon="12.236113">
        <ele>446.824841</ele>
        <time>2026-08-21T07:07:30.451Z</time>
      </trkpt>
      <trkpt lat="46.131507" lon="12.236033">
        <ele>448.340018</ele>
        <time>2026-08-21T07:07:36.044Z</time>
      </trkpt>
      <trkpt lat="46.131988" lon="12.235800">
        <ele>444.433993</ele>
        <time>2026-08-21T07:07:38.827Z</time>
      </trkpt>
      <trkpt lat="46.132283" lon="12.235746">
        <ele>442.144754</ele>
        <time>2026-08-21T07:07:40.392Z</time>
      </trkpt>
      <trkpt lat="46.132400" lon="12.235772">
        <ele>441.233419</ele>
        <time>2026-08-21T07:07:41.013Z</time>
      </trkpt>
      <trkpt lat="46.133262" lon="12.235962">
        <ele>434.407011</ele>
        <time>2026-08-21T07:07:45.497Z</time>
      </trkpt>
      <trkpt lat="46.134273" lon="12.236520">
        <ele>424.448525</ele>
        <time>2026-08-21T07:07:51.049Z</time>
      </trkpt>
      <trkpt lat="46.134675" lon="12.236756">
        <ele>420.455723</ele>
        <time>2026-08-21T07:07:53.340Z</time>
      </trkpt>
      <trkpt lat="46.135090" lon="12.237117">
        <ele>418.145961</ele>
        <time>2026-08-21T07:07:55.987Z</time>
      </trkpt>
      <trkpt lat="46.135258" lon="12.237226">
        <ele>417.875550</ele>
        <time>2026-08-21T07:07:57.052Z</time>
      </trkpt>
      <trkpt lat="46.136010" lon="12.237616">
        <ele>416.702457</ele>
        <time>2026-08-21T07:08:02.643Z</time>
      </trkpt>
      <trkpt lat="46.136675" lon="12.237895">
        <ele>416.432043</ele>
        <time>2026-08-21T07:08:12.719Z</time>
      </trkpt>
      <trkpt lat="46.136744" lon="12.237923">
        <ele>416.671861</ele>
        <time>2026-08-21T07:08:13.963Z</time>
      </trkpt>
      <trkpt lat="46.137052" lon="12.237982">
        <ele>417.711426</ele>
        <time>2026-08-21T07:08:19.930Z</time>
      </trkpt>
      <trkpt lat="46.137245" lon="12.237901">
        <ele>418.383930</ele>
        <time>2026-08-21T07:08:24.107Z</time>
      </trkpt>
      <trkpt lat="46.137623" lon="12.237581">
        <ele>419.850211</ele>
        <time>2026-08-21T07:08:32.986Z</time>
      </trkpt>
      <trkpt lat="46.137771" lon="12.237557">
        <ele>420.348515</ele>
        <time>2026-08-21T07:08:35.746Z</time>
      </trkpt>
      <trkpt lat="46.137914" lon="12.237646">
        <ele>420.869570</ele>
        <time>2026-08-21T07:08:38.460Z</time>
      </trkpt>
      <trkpt lat="46.138394" lon="12.238224">
        <ele>421.564967</ele>
        <time>2026-08-21T07:08:47.380Z</time>
      </trkpt>
      <trkpt lat="46.139020" lon="12.238958">
        <ele>420.604805</ele>
        <time>2026-08-21T07:08:53.517Z</time>
      </trkpt>
      <trkpt lat="46.140189" lon="12.240469">
        <ele>416.493549</ele>
        <time>2026-08-21T07:09:02.802Z</time>
      </trkpt>
      <trkpt lat="46.141384" lon="12.242070">
        <ele>410.830422</ele>
        <time>2026-08-21T07:09:12.450Z</time>
      </trkpt>
      <trkpt lat="46.142383" lon="12.243642">
        <ele>406.650209</ele>
        <time>2026-08-21T07:09:21.641Z</time>
      </trkpt>
      <trkpt lat="46.143309" lon="12.244743">
        <ele>404.318156</ele>
        <time>2026-08-21T07:09:29.894Z</time>
      </trkpt>
      <trkpt lat="46.144897" lon="12.246593">
        <ele>400.082528</ele>
        <time>2026-08-21T07:09:43.359Z</time>
      </trkpt>
      <trkpt lat="46.144936" lon="12.246715">
        <ele>399.722377</ele>
        <time>2026-08-21T07:09:43.951Z</time>
      </trkpt>
      <trkpt lat="46.144945" lon="12.247229">
        <ele>398.344164</ele>
        <time>2026-08-21T07:09:46.193Z</time>
      </trkpt>
      <trkpt lat="46.144972" lon="12.247382">
        <ele>397.920955</ele>
        <time>2026-08-21T07:09:46.855Z</time>
      </trkpt>
      <trkpt lat="46.145346" lon="12.247835">
        <ele>396.032012</ele>
        <time>2026-08-21T07:09:49.755Z</time>
      </trkpt>
      <trkpt lat="46.145774" lon="12.248226">
        <ele>394.072331</ele>
        <time>2026-08-21T07:09:52.652Z</time>
      </trkpt>
      <trkpt lat="46.146887" lon="12.249008">
        <ele>387.922500</ele>
        <time>2026-08-21T07:09:59.507Z</time>
      </trkpt>
      <trkpt lat="46.148642" lon="12.250041">
        <ele>379.748955</ele>
        <time>2026-08-21T07:10:10.348Z</time>
      </trkpt>
      <trkpt lat="46.148735" lon="12.250188">
        <ele>379.236114</ele>
        <time>2026-08-21T07:10:11.196Z</time>
      </trkpt>
      <trkpt lat="46.148734" lon="12.250305">
        <ele>378.934680</ele>
        <time>2026-08-21T07:10:11.700Z</time>
      </trkpt>
      <trkpt lat="46.148685" lon="12.250553">
        <ele>378.270317</ele>
        <time>2026-08-21T07:10:12.822Z</time>
      </trkpt>
      <trkpt lat="46.148695" lon="12.250612">
        <ele>378.113840</ele>
        <time>2026-08-21T07:10:13.092Z</time>
      </trkpt>
      <trkpt lat="46.148748" lon="12.250651">
        <ele>377.892626</ele>
        <time>2026-08-21T07:10:13.474Z</time>
      </trkpt>
      <trkpt lat="46.148741" lon="12.250908">
        <ele>377.251277</ele>
        <time>2026-08-21T07:10:14.633Z</time>
      </trkpt>
      <trkpt lat="46.148802" lon="12.251148">
        <ele>377.090995</ele>
        <time>2026-08-21T07:10:15.812Z</time>
      </trkpt>
      <trkpt lat="46.148893" lon="12.251380">
        <ele>376.923839</ele>
        <time>2026-08-21T07:10:17.079Z</time>
      </trkpt>
      <trkpt lat="46.149953" lon="12.253126">
        <ele>375.610887</ele>
        <time>2026-08-21T07:10:29.753Z</time>
      </trkpt>
      <trkpt lat="46.150241" lon="12.253756">
        <ele>375.554139</ele>
        <time>2026-08-21T07:10:34.307Z</time>
      </trkpt>
      <trkpt lat="46.150386" lon="12.253989">
        <ele>375.530591</ele>
        <time>2026-08-21T07:10:36.095Z</time>
      </trkpt>
      <trkpt lat="46.150497" lon="12.254079">
        <ele>375.516775</ele>
        <time>2026-08-21T07:10:37.200Z</time>
      </trkpt>
      <trkpt lat="46.150582" lon="12.254336">
        <ele>375.495364</ele>
        <time>2026-08-21T07:10:39.018Z</time>
      </trkpt>
      <trkpt lat="46.150688" lon="12.254735">
        <ele>375.463237</ele>
        <time>2026-08-21T07:10:41.916Z</time>
      </trkpt>
      <trkpt lat="46.150767" lon="12.255023">
        <ele>375.439949</ele>
        <time>2026-08-21T07:10:43.927Z</time>
      </trkpt>
      <trkpt lat="46.150856" lon="12.255181">
        <ele>375.402735</ele>
        <time>2026-08-21T07:10:45.188Z</time>
      </trkpt>
      <trkpt lat="46.150895" lon="12.255279">
        <ele>375.376482</ele>
        <time>2026-08-21T07:10:45.880Z</time>
      </trkpt>
      <trkpt lat="46.150904" lon="12.255382">
        <ele>375.352367</ele>
        <time>2026-08-21T07:10:46.496Z</time>
      </trkpt>
      <trkpt lat="46.150864" lon="12.255535">
        <ele>375.314380</ele>
        <time>2026-08-21T07:10:47.476Z</time>
      </trkpt>
      <trkpt lat="46.150892" lon="12.255638">
        <ele>375.288677</ele>
        <time>2026-08-21T07:10:48.119Z</time>
      </trkpt>
      <trkpt lat="46.150889" lon="12.255870">
        <ele>375.234777</ele>
        <time>2026-08-21T07:10:49.458Z</time>
      </trkpt>
      <trkpt lat="46.150861" lon="12.256110">
        <ele>375.178242</ele>
        <time>2026-08-21T07:10:50.846Z</time>
      </trkpt>
      <trkpt lat="46.151162" lon="12.258458">
        <ele>374.413141</ele>
        <time>2026-08-21T07:11:03.901Z</time>
      </trkpt>
      <trkpt lat="46.151184" lon="12.258619">
        <ele>374.336541</ele>
        <time>2026-08-21T07:11:04.756Z</time>
      </trkpt>
      <trkpt lat="46.151430" lon="12.260507">
        <ele>373.535342</ele>
        <time>2026-08-21T07:11:14.865Z</time>
      </trkpt>
      <trkpt lat="46.151483" lon="12.260884">
        <ele>373.450928</ele>
        <time>2026-08-21T07:11:16.970Z</time>
      </trkpt>
      <trkpt lat="46.151510" lon="12.261082">
        <ele>373.406646</ele>
        <time>2026-08-21T07:11:18.088Z</time>
      </trkpt>
      <trkpt lat="46.151621" lon="12.261511">
        <ele>373.306156</ele>
        <time>2026-08-21T07:11:20.678Z</time>
      </trkpt>
      <trkpt lat="46.151698" lon="12.261706">
        <ele>373.256903</ele>
        <time>2026-08-21T07:11:21.974Z</time>
      </trkpt>
      <trkpt lat="46.151857" lon="12.261982">
        <ele>373.178133</ele>
        <time>2026-08-21T07:11:24.088Z</time>
      </trkpt>
      <trkpt lat="46.152637" lon="12.263025">
        <ele>373.428936</ele>
        <time>2026-08-21T07:11:33.883Z</time>
      </trkpt>
      <trkpt lat="46.152830" lon="12.263290">
        <ele>373.581759</ele>
        <time>2026-08-21T07:11:36.569Z</time>
      </trkpt>
      <trkpt lat="46.152935" lon="12.263428">
        <ele>373.663230</ele>
        <time>2026-08-21T07:11:38.041Z</time>
      </trkpt>
      <trkpt lat="46.152989" lon="12.263502">
        <ele>373.705949</ele>
        <time>2026-08-21T07:11:38.811Z</time>
      </trkpt>
      <trkpt lat="46.153696" lon="12.264431">
        <ele>374.595772</ele>
        <time>2026-08-21T07:11:49.589Z</time>
      </trkpt>
      <trkpt lat="46.154008" lon="12.264732">
        <ele>375.237928</ele>
        <time>2026-08-21T07:11:54.339Z</time>
      </trkpt>
      <trkpt lat="46.154832" lon="12.265302">
        <ele>376.801510</ele>
        <time>2026-08-21T07:12:06.102Z</time>
      </trkpt>
      <trkpt lat="46.155058" lon="12.265463">
        <ele>377.381685</ele>
        <time>2026-08-21T07:12:09.666Z</time>
      </trkpt>
      <trkpt lat="46.155474" lon="12.265678">
        <ele>379.689341</ele>
        <time>2026-08-21T07:12:16.801Z</time>
      </trkpt>
      <trkpt lat="46.155394" lon="12.265788">
        <ele>380.266344</ele>
        <time>2026-08-21T07:12:18.769Z</time>
      </trkpt>
      <trkpt lat="46.155319" lon="12.265822">
        <ele>380.676901</ele>
        <time>2026-08-21T07:12:20.204Z</time>
      </trkpt>
      <trkpt lat="46.155016" lon="12.265651">
        <ele>382.375988</ele>
        <time>2026-08-21T07:12:26.744Z</time>
      </trkpt>
      <trkpt lat="46.154885" lon="12.265639">
        <ele>383.061530</ele>
        <time>2026-08-21T07:12:29.617Z</time>
      </trkpt>
      <trkpt lat="46.154235" lon="12.265941">
        <ele>386.706463</ele>
        <time>2026-08-21T07:12:47.225Z</time>
      </trkpt>
      <trkpt lat="46.154180" lon="12.266025">
        <ele>387.570335</ele>
        <time>2026-08-21T07:12:49.576Z</time>
      </trkpt>
      <trkpt lat="46.154227" lon="12.266123">
        <ele>388.461186</ele>
        <time>2026-08-21T07:12:52.043Z</time>
      </trkpt>
      <trkpt lat="46.155272" lon="12.266929">
        <ele>401.244257</ele>
        <time>2026-08-21T07:13:32.820Z</time>
      </trkpt>
      <trkpt lat="46.155619" lon="12.267331">
        <ele>406.064521</ele>
        <time>2026-08-21T07:13:50.720Z</time>
      </trkpt>
      <trkpt lat="46.155772" lon="12.267602">
        <ele>409.292006</ele>
        <time>2026-08-21T07:14:00.978Z</time>
      </trkpt>
      <trkpt lat="46.155815" lon="12.267754">
        <ele>410.807729</ele>
        <time>2026-08-21T07:14:05.868Z</time>
      </trkpt>
      <trkpt lat="46.155826" lon="12.267888">
        <ele>412.053430</ele>
        <time>2026-08-21T07:14:09.874Z</time>
      </trkpt>
      <trkpt lat="46.155817" lon="12.268026">
        <ele>413.333035</ele>
        <time>2026-08-21T07:14:14.053Z</time>
      </trkpt>
      <trkpt lat="46.155760" lon="12.268234">
        <ele>415.398026</ele>
        <time>2026-08-21T07:14:20.792Z</time>
      </trkpt>
      <trkpt lat="46.155628" lon="12.268458">
        <ele>418.112968</ele>
        <time>2026-08-21T07:14:29.617Z</time>
      </trkpt>
      <trkpt lat="46.155455" lon="12.268622">
        <ele>420.871218</ele>
        <time>2026-08-21T07:14:38.651Z</time>
      </trkpt>
      <trkpt lat="46.155316" lon="12.268709">
        <ele>422.890302</ele>
        <time>2026-08-21T07:14:45.156Z</time>
      </trkpt>
      <trkpt lat="46.155134" lon="12.268775">
        <ele>425.391191</ele>
        <time>2026-08-21T07:14:53.050Z</time>
      </trkpt>
      <trkpt lat="46.154507" lon="12.268814">
        <ele>432.595696</ele>
        <time>2026-08-21T07:15:17.227Z</time>
      </trkpt>
      <trkpt lat="46.154269" lon="12.268977">
        <ele>435.042190</ele>
        <time>2026-08-21T07:15:26.468Z</time>
      </trkpt>
      <trkpt lat="46.153785" lon="12.268955">
        <ele>439.539428</ele>
        <time>2026-08-21T07:15:41.934Z</time>
      </trkpt>
      <trkpt lat="46.153417" lon="12.268908">
        <ele>442.970472</ele>
        <time>2026-08-21T07:15:52.603Z</time>
      </trkpt>
      <trkpt lat="46.153080" lon="12.268865">
        <ele>446.112465</ele>
        <time>2026-08-21T07:16:01.596Z</time>
      </trkpt>
      <trkpt lat="46.151860" lon="12.268438">
        <ele>452.703927</ele>
        <time>2026-08-21T07:16:28.874Z</time>
      </trkpt>
      <trkpt lat="46.151797" lon="12.268456">
        <ele>453.028977</ele>
        <time>2026-08-21T07:16:29.947Z</time>
      </trkpt>
      <trkpt lat="46.151738" lon="12.268534">
        <ele>453.433908</ele>
        <time>2026-08-21T07:16:31.351Z</time>
      </trkpt>
      <trkpt lat="46.151715" lon="12.268672">
        <ele>453.931577</ele>
        <time>2026-08-21T07:16:32.938Z</time>
      </trkpt>
      <trkpt lat="46.151750" lon="12.268783">
        <ele>454.359190</ele>
        <time>2026-08-21T07:16:34.329Z</time>
      </trkpt>
      <trkpt lat="46.152693" lon="12.269478">
        <ele>459.580132</ele>
        <time>2026-08-21T07:16:54.042Z</time>
      </trkpt>
      <trkpt lat="46.152848" lon="12.269651">
        <ele>460.537403</ele>
        <time>2026-08-21T07:16:58.486Z</time>
      </trkpt>
      <trkpt lat="46.152901" lon="12.269754">
        <ele>460.971669</ele>
        <time>2026-08-21T07:17:00.548Z</time>
      </trkpt>
      <trkpt lat="46.153017" lon="12.270151">
        <ele>462.429992</ele>
        <time>2026-08-21T07:17:07.652Z</time>
      </trkpt>
      <trkpt lat="46.153040" lon="12.270417">
        <ele>463.337281</ele>
        <time>2026-08-21T07:17:12.051Z</time>
      </trkpt>
      <trkpt lat="46.153022" lon="12.270650">
        <ele>464.130780</ele>
        <time>2026-08-21T07:17:15.754Z</time>
      </trkpt>
      <trkpt lat="46.152928" lon="12.271000">
        <ele>464.847580</ele>
        <time>2026-08-21T07:17:21.342Z</time>
      </trkpt>
      <trkpt lat="46.153144" lon="12.271687">
        <ele>465.785093</ele>
        <time>2026-08-21T07:17:31.009Z</time>
      </trkpt>
      <trkpt lat="46.153196" lon="12.271767">
        <ele>465.921415</ele>
        <time>2026-08-21T07:17:32.155Z</time>
      </trkpt>
      <trkpt lat="46.153275" lon="12.271791">
        <ele>466.066231</ele>
        <time>2026-08-21T07:17:33.360Z</time>
      </trkpt>
      <trkpt lat="46.153651" lon="12.271748">
        <ele>466.742823</ele>
        <time>2026-08-21T07:17:37.487Z</time>
      </trkpt>
      <trkpt lat="46.155518" lon="12.271432">
        <ele>465.899618</ele>
        <time>2026-08-21T07:17:50.626Z</time>
      </trkpt>
      <trkpt lat="46.155775" lon="12.271430">
        <ele>465.537919</ele>
        <time>2026-08-21T07:17:52.368Z</time>
      </trkpt>
      <trkpt lat="46.156142" lon="12.271515">
        <ele>465.071474</ele>
        <time>2026-08-21T07:17:54.843Z</time>
      </trkpt>
      <trkpt lat="46.157738" lon="12.272047">
        <ele>463.398413</ele>
        <time>2026-08-21T07:18:06.468Z</time>
      </trkpt>
      <trkpt lat="46.158026" lon="12.272254">
        <ele>463.498199</ele>
        <time>2026-08-21T07:18:10.342Z</time>
      </trkpt>
      <trkpt lat="46.158708" lon="12.272983">
        <ele>463.812183</ele>
        <time>2026-08-21T07:18:20.697Z</time>
      </trkpt>
      <trkpt lat="46.158876" lon="12.273056">
        <ele>463.877098</ele>
        <time>2026-08-21T07:18:22.604Z</time>
      </trkpt>
      <trkpt lat="46.159063" lon="12.273062">
        <ele>463.946306</ele>
        <time>2026-08-21T07:18:24.405Z</time>
      </trkpt>
      <trkpt lat="46.160515" lon="12.272818">
        <ele>463.013294</ele>
        <time>2026-08-21T07:18:34.827Z</time>
      </trkpt>
      <trkpt lat="46.160576" lon="12.272826">
        <ele>462.959588</ele>
        <time>2026-08-21T07:18:35.332Z</time>
      </trkpt>
      <trkpt lat="46.160666" lon="12.272891">
        <ele>462.871352</ele>
        <time>2026-08-21T07:18:36.173Z</time>
      </trkpt>
      <trkpt lat="46.161140" lon="12.273526">
        <ele>461.836488</ele>
        <time>2026-08-21T07:18:41.660Z</time>
      </trkpt>
      <trkpt lat="46.161649" lon="12.273981">
        <ele>459.852534</ele>
        <time>2026-08-21T07:18:45.676Z</time>
      </trkpt>
      <trkpt lat="46.161877" lon="12.274122">
        <ele>459.030553</ele>
        <time>2026-08-21T07:18:47.143Z</time>
      </trkpt>
      <trkpt lat="46.162151" lon="12.274211">
        <ele>458.099829</ele>
        <time>2026-08-21T07:18:48.732Z</time>
      </trkpt>
      <trkpt lat="46.162323" lon="12.274223">
        <ele>457.529161</ele>
        <time>2026-08-21T07:18:49.683Z</time>
      </trkpt>
      <trkpt lat="46.162645" lon="12.274187">
        <ele>456.449992</ele>
        <time>2026-08-21T07:18:51.450Z</time>
      </trkpt>
      <trkpt lat="46.162829" lon="12.274198">
        <ele>455.737885</ele>
        <time>2026-08-21T07:18:52.465Z</time>
      </trkpt>
      <trkpt lat="46.163001" lon="12.274250">
        <ele>455.058366</ele>
        <time>2026-08-21T07:18:53.462Z</time>
      </trkpt>
      <trkpt lat="46.163212" lon="12.274346">
        <ele>454.202914</ele>
        <time>2026-08-21T07:18:54.774Z</time>
      </trkpt>
      <trkpt lat="46.163491" lon="12.274537">
        <ele>453.008939</ele>
        <time>2026-08-21T07:18:56.680Z</time>
      </trkpt>
      <trkpt lat="46.163613" lon="12.274720">
        <ele>452.328678</ele>
        <time>2026-08-21T07:18:57.721Z</time>
      </trkpt>
      <trkpt lat="46.163683" lon="12.274906">
        <ele>451.761748</ele>
        <time>2026-08-21T07:18:58.581Z</time>
      </trkpt>
      <trkpt lat="46.163797" lon="12.275327">
        <ele>450.551130</ele>
        <time>2026-08-21T07:19:00.478Z</time>
      </trkpt>
      <trkpt lat="46.163865" lon="12.275483">
        <ele>450.057480</ele>
        <time>2026-08-21T07:19:01.267Z</time>
      </trkpt>
      <trkpt lat="46.164014" lon="12.275722">
        <ele>449.200115</ele>
        <time>2026-08-21T07:19:02.682Z</time>
      </trkpt>
      <trkpt lat="46.164170" lon="12.275887">
        <ele>448.460294</ele>
        <time>2026-08-21T07:19:03.910Z</time>
      </trkpt>
      <trkpt lat="46.164336" lon="12.275989">
        <ele>447.770102</ele>
        <time>2026-08-21T07:19:05.032Z</time>
      </trkpt>
      <trkpt lat="46.164771" lon="12.276177">
        <ele>446.032945</ele>
        <time>2026-08-21T07:19:07.668Z</time>
      </trkpt>
      <trkpt lat="46.164874" lon="12.276312">
        <ele>445.500751</ele>
        <time>2026-08-21T07:19:08.442Z</time>
      </trkpt>
      <trkpt lat="46.165352" lon="12.277585">
        <ele>441.777535</ele>
        <time>2026-08-21T07:19:14.326Z</time>
      </trkpt>
      <trkpt lat="46.165447" lon="12.278015">
        <ele>440.715905</ele>
        <time>2026-08-21T07:19:16.162Z</time>
      </trkpt>
      <trkpt lat="46.165525" lon="12.278563">
        <ele>439.400001</ele>
        <time>2026-08-21T07:19:18.431Z</time>
      </trkpt>
      <trkpt lat="46.165587" lon="12.278731">
        <ele>438.952245</ele>
        <time>2026-08-21T07:19:19.202Z</time>
      </trkpt>
      <trkpt lat="46.165709" lon="12.278805">
        <ele>438.502835</ele>
        <time>2026-08-21T07:19:19.974Z</time>
      </trkpt>
      <trkpt lat="46.165841" lon="12.278753">
        <ele>438.038152</ele>
        <time>2026-08-21T07:19:20.784Z</time>
      </trkpt>
      <trkpt lat="46.166527" lon="12.278072">
        <ele>435.826696</ele>
        <time>2026-08-21T07:19:26.260Z</time>
      </trkpt>
      <trkpt lat="46.166679" lon="12.277958">
        <ele>435.509086</ele>
        <time>2026-08-21T07:19:27.459Z</time>
      </trkpt>
      <trkpt lat="46.167049" lon="12.277759">
        <ele>434.776940</ele>
        <time>2026-08-21T07:19:30.441Z</time>
      </trkpt>
      <trkpt lat="46.167196" lon="12.277729">
        <ele>434.501647</ele>
        <time>2026-08-21T07:19:31.456Z</time>
      </trkpt>
      <trkpt lat="46.167749" lon="12.277734">
        <ele>433.476193</ele>
        <time>2026-08-21T07:19:35.137Z</time>
      </trkpt>
      <trkpt lat="46.167827" lon="12.277727">
        <ele>433.331278</ele>
        <time>2026-08-21T07:19:35.668Z</time>
      </trkpt>
      <trkpt lat="46.167872" lon="12.277697">
        <ele>433.239370</ele>
        <time>2026-08-21T07:19:35.994Z</time>
      </trkpt>
      <trkpt lat="46.167916" lon="12.277647">
        <ele>433.008769</ele>
        <time>2026-08-21T07:19:36.362Z</time>
      </trkpt>
      <trkpt lat="46.168008" lon="12.277487">
        <ele>432.390986</ele>
        <time>2026-08-21T07:19:37.280Z</time>
      </trkpt>
      <trkpt lat="46.168037" lon="12.277442">
        <ele>432.208380</ele>
        <time>2026-08-21T07:19:37.545Z</time>
      </trkpt>
      <trkpt lat="46.168058" lon="12.277408">
        <ele>432.073043</ele>
        <time>2026-08-21T07:19:37.741Z</time>
      </trkpt>
      <trkpt lat="46.168081" lon="12.277369">
        <ele>431.920871</ele>
        <time>2026-08-21T07:19:37.960Z</time>
      </trkpt>
      <trkpt lat="46.168217" lon="12.277174">
        <ele>431.098745</ele>
        <time>2026-08-21T07:19:39.111Z</time>
      </trkpt>
      <trkpt lat="46.168402" lon="12.277074">
        <ele>430.251405</ele>
        <time>2026-08-21T07:19:40.272Z</time>
      </trkpt>
      <trkpt lat="46.168520" lon="12.277012">
        <ele>429.712774</ele>
        <time>2026-08-21T07:19:41.002Z</time>
      </trkpt>
      <trkpt lat="46.168610" lon="12.276963">
        <ele>429.300188</ele>
        <time>2026-08-21T07:19:41.551Z</time>
      </trkpt>
      <trkpt lat="46.169326" lon="12.276599">
        <ele>426.044109</ele>
        <time>2026-08-21T07:19:45.778Z</time>
      </trkpt>
      <trkpt lat="46.169410" lon="12.276581">
        <ele>425.679844</ele>
        <time>2026-08-21T07:19:46.262Z</time>
      </trkpt>
      <trkpt lat="46.169563" lon="12.276654">
        <ele>424.831658</ele>
        <time>2026-08-21T07:19:47.169Z</time>
      </trkpt>
      <trkpt lat="46.169641" lon="12.276820">
        <ele>424.058604</ele>
        <time>2026-08-21T07:19:47.950Z</time>
      </trkpt>
      <trkpt lat="46.169769" lon="12.277218">
        <ele>422.367537</ele>
        <time>2026-08-21T07:19:49.641Z</time>
      </trkpt>
      <trkpt lat="46.169817" lon="12.277357">
        <ele>421.768982</ele>
        <time>2026-08-21T07:19:50.238Z</time>
      </trkpt>
      <trkpt lat="46.169939" lon="12.277703">
        <ele>420.272749</ele>
        <time>2026-08-21T07:19:51.722Z</time>
      </trkpt>
      <trkpt lat="46.170128" lon="12.278240">
        <ele>417.951442</ele>
        <time>2026-08-21T07:19:54.009Z</time>
      </trkpt>
      <trkpt lat="46.170239" lon="12.278550">
        <ele>416.606590</ele>
        <time>2026-08-21T07:19:55.344Z</time>
      </trkpt>
      <trkpt lat="46.170678" lon="12.279775">
        <ele>411.216610</ele>
        <time>2026-08-21T07:20:00.790Z</time>
      </trkpt>
      <trkpt lat="46.170823" lon="12.280223">
        <ele>409.277198</ele>
        <time>2026-08-21T07:20:02.720Z</time>
      </trkpt>
      <trkpt lat="46.170916" lon="12.281273">
        <ele>405.231085</ele>
        <time>2026-08-21T07:20:06.690Z</time>
      </trkpt>
      <trkpt lat="46.171131" lon="12.281778">
        <ele>404.154761</ele>
        <time>2026-08-21T07:20:08.921Z</time>
      </trkpt>
      <trkpt lat="46.171176" lon="12.281867">
        <ele>403.954680</ele>
        <time>2026-08-21T07:20:09.332Z</time>
      </trkpt>
      <trkpt lat="46.171292" lon="12.282101">
        <ele>403.432180</ele>
        <time>2026-08-21T07:20:10.427Z</time>
      </trkpt>
      <trkpt lat="46.171820" lon="12.283042">
        <ele>401.233221</ele>
        <time>2026-08-21T07:20:15.863Z</time>
      </trkpt>
      <trkpt lat="46.171852" lon="12.283216">
        <ele>400.906351</ele>
        <time>2026-08-21T07:20:17.584Z</time>
      </trkpt>
      <trkpt lat="46.171853" lon="12.283357">
        <ele>400.650334</ele>
        <time>2026-08-21T07:20:19.161Z</time>
      </trkpt>
      <trkpt lat="46.171792" lon="12.283561">
        <ele>401.440980</ele>
        <time>2026-08-21T07:20:22.174Z</time>
      </trkpt>
      <trkpt lat="46.171641" lon="12.283733">
        <ele>402.612816</ele>
        <time>2026-08-21T07:20:26.387Z</time>
      </trkpt>
      <trkpt lat="46.171599" lon="12.283848">
        <ele>403.161398</ele>
        <time>2026-08-21T07:20:28.452Z</time>
      </trkpt>
      <trkpt lat="46.171556" lon="12.284183">
        <ele>404.598990</ele>
        <time>2026-08-21T07:20:34.317Z</time>
      </trkpt>
      <trkpt lat="46.171402" lon="12.284643">
        <ele>406.754853</ele>
        <time>2026-08-21T07:20:44.026Z</time>
      </trkpt>
      <trkpt lat="46.171380" lon="12.284905">
        <ele>407.868450</ele>
        <time>2026-08-21T07:20:49.360Z</time>
      </trkpt>
      <trkpt lat="46.171414" lon="12.285264">
        <ele>409.397337</ele>
        <time>2026-08-21T07:20:56.186Z</time>
      </trkpt>
      <trkpt lat="46.171518" lon="12.285868">
        <ele>412.092229</ele>
        <time>2026-08-21T07:21:07.017Z</time>
      </trkpt>
      <trkpt lat="46.171643" lon="12.286293">
        <ele>414.332879</ele>
        <time>2026-08-21T07:21:14.924Z</time>
      </trkpt>
      <trkpt lat="46.171696" lon="12.286557">
        <ele>415.666706</ele>
        <time>2026-08-21T07:21:19.609Z</time>
      </trkpt>
      <trkpt lat="46.171706" lon="12.286853">
        <ele>417.104776</ele>
        <time>2026-08-21T07:21:24.659Z</time>
      </trkpt>
      <trkpt lat="46.171658" lon="12.287233">
        <ele>418.979180</ele>
        <time>2026-08-21T07:21:31.346Z</time>
      </trkpt>
      <trkpt lat="46.171590" lon="12.287564">
        <ele>420.654573</ele>
        <time>2026-08-21T07:21:37.429Z</time>
      </trkpt>
      <trkpt lat="46.171271" lon="12.288605">
        <ele>426.010777</ele>
        <time>2026-08-21T07:21:58.679Z</time>
      </trkpt>
      <trkpt lat="46.171046" lon="12.289339">
        <ele>429.580649</ele>
        <time>2026-08-21T07:22:14.607Z</time>
      </trkpt>
      <trkpt lat="46.170728" lon="12.290434">
        <ele>434.861407</ele>
        <time>2026-08-21T07:22:34.495Z</time>
      </trkpt>
      <trkpt lat="46.170629" lon="12.290978">
        <ele>435.892936</ele>
        <time>2026-08-21T07:22:40.905Z</time>
      </trkpt>
      <trkpt lat="46.170537" lon="12.291245">
        <ele>436.032446</ele>
        <time>2026-08-21T07:22:43.656Z</time>
      </trkpt>
      <trkpt lat="46.170406" lon="12.291410">
        <ele>436.149872</ele>
        <time>2026-08-21T07:22:45.869Z</time>
      </trkpt>
      <trkpt lat="46.170341" lon="12.291439">
        <ele>436.195828</ele>
        <time>2026-08-21T07:22:46.796Z</time>
      </trkpt>
      <trkpt lat="46.170524" lon="12.291890">
        <ele>436.440356</ele>
        <time>2026-08-21T07:22:50.071Z</time>
      </trkpt>
      <trkpt lat="46.170591" lon="12.292143">
        <ele>436.567069</ele>
        <time>2026-08-21T07:22:51.546Z</time>
      </trkpt>
      <trkpt lat="46.170633" lon="12.292419">
        <ele>436.699263</ele>
        <time>2026-08-21T07:22:53.008Z</time>
      </trkpt>
      <trkpt lat="46.170651" lon="12.292583">
        <ele>436.776940</ele>
        <time>2026-08-21T07:22:53.789Z</time>
      </trkpt>
      <trkpt lat="46.170661" lon="12.292755">
        <ele>436.857685</ele>
        <time>2026-08-21T07:22:54.593Z</time>
      </trkpt>
      <trkpt lat="46.170707" lon="12.293083">
        <ele>436.659468</ele>
        <time>2026-08-21T07:22:56.055Z</time>
      </trkpt>
      <trkpt lat="46.170765" lon="12.293259">
        <ele>436.341664</ele>
        <time>2026-08-21T07:22:56.911Z</time>
      </trkpt>
      <trkpt lat="46.170989" lon="12.293712">
        <ele>435.434081</ele>
        <time>2026-08-21T07:22:59.543Z</time>
      </trkpt>
      <trkpt lat="46.171332" lon="12.294310">
        <ele>434.168030</ele>
        <time>2026-08-21T07:23:03.005Z</time>
      </trkpt>
      <trkpt lat="46.171416" lon="12.294530">
        <ele>433.758413</ele>
        <time>2026-08-21T07:23:04.080Z</time>
      </trkpt>
      <trkpt lat="46.171486" lon="12.294861">
        <ele>433.194119</ele>
        <time>2026-08-21T07:23:05.533Z</time>
      </trkpt>
      <trkpt lat="46.171632" lon="12.295884">
        <ele>431.137469</ele>
        <time>2026-08-21T07:23:09.973Z</time>
      </trkpt>
      <trkpt lat="46.171670" lon="12.296291">
        <ele>430.272041</ele>
        <time>2026-08-21T07:23:11.813Z</time>
      </trkpt>
      <trkpt lat="46.171668" lon="12.297067">
        <ele>428.636771</ele>
        <time>2026-08-21T07:23:15.346Z</time>
      </trkpt>
      <trkpt lat="46.171667" lon="12.297525">
        <ele>427.671627</ele>
        <time>2026-08-21T07:23:17.218Z</time>
      </trkpt>
      <trkpt lat="46.171722" lon="12.297987">
        <ele>425.921555</ele>
        <time>2026-08-21T07:23:19.082Z</time>
      </trkpt>
      <trkpt lat="46.171838" lon="12.298542">
        <ele>422.985653</ele>
        <time>2026-08-21T07:23:21.385Z</time>
      </trkpt>
      <trkpt lat="46.172024" lon="12.298776">
        <ele>421.181621</ele>
        <time>2026-08-21T07:23:22.730Z</time>
      </trkpt>
      <trkpt lat="46.172168" lon="12.298926">
        <ele>419.883151</ele>
        <time>2026-08-21T07:23:23.685Z</time>
      </trkpt>
      <trkpt lat="46.172603" lon="12.299375">
        <ele>415.972882</ele>
        <time>2026-08-21T07:23:26.472Z</time>
      </trkpt>
      <trkpt lat="46.172827" lon="12.299623">
        <ele>413.909114</ele>
        <time>2026-08-21T07:23:27.905Z</time>
      </trkpt>
      <trkpt lat="46.172903" lon="12.299790">
        <ele>412.899559</ele>
        <time>2026-08-21T07:23:28.608Z</time>
      </trkpt>
      <trkpt lat="46.172909" lon="12.300019">
        <ele>411.741838</ele>
        <time>2026-08-21T07:23:29.429Z</time>
      </trkpt>
      <trkpt lat="46.172922" lon="12.300168">
        <ele>410.983148</ele>
        <time>2026-08-21T07:23:29.971Z</time>
      </trkpt>
      <trkpt lat="46.172963" lon="12.300252">
        <ele>410.463965</ele>
        <time>2026-08-21T07:23:30.341Z</time>
      </trkpt>
      <trkpt lat="46.173028" lon="12.300312">
        <ele>409.901164</ele>
        <time>2026-08-21T07:23:30.742Z</time>
      </trkpt>
      <trkpt lat="46.173152" lon="12.300334">
        <ele>408.989735</ele>
        <time>2026-08-21T07:23:31.391Z</time>
      </trkpt>
      <trkpt lat="46.173262" lon="12.300302">
        <ele>408.171122</ele>
        <time>2026-08-21T07:23:31.980Z</time>
      </trkpt>
      <trkpt lat="46.173464" lon="12.300246">
        <ele>406.670545</ele>
        <time>2026-08-21T07:23:33.048Z</time>
      </trkpt>
      <trkpt lat="46.173666" lon="12.300349">
        <ele>405.107710</ele>
        <time>2026-08-21T07:23:34.202Z</time>
      </trkpt>
      <trkpt lat="46.173681" lon="12.300408">
        <ele>404.790196</ele>
        <time>2026-08-21T07:23:34.444Z</time>
      </trkpt>
      <trkpt lat="46.173809" lon="12.300686">
        <ele>403.103665</ele>
        <time>2026-08-21T07:23:35.755Z</time>
      </trkpt>
      <trkpt lat="46.173960" lon="12.301101">
        <ele>400.924814</ele>
        <time>2026-08-21T07:23:37.679Z</time>
      </trkpt>
      <trkpt lat="46.173979" lon="12.301379">
        <ele>400.749915</ele>
        <time>2026-08-21T07:23:38.997Z</time>
      </trkpt>
      <trkpt lat="46.173971" lon="12.301568">
        <ele>400.631363</ele>
        <time>2026-08-21T07:23:40.135Z</time>
      </trkpt>
      <trkpt lat="46.173953" lon="12.301886">
        <ele>400.431602</ele>
        <time>2026-08-21T07:23:42.377Z</time>
      </trkpt>
      <trkpt lat="46.173934" lon="12.302191">
        <ele>400.239873</ele>
        <time>2026-08-21T07:23:44.304Z</time>
      </trkpt>
      <trkpt lat="46.173922" lon="12.302510">
        <ele>400.039855</ele>
        <time>2026-08-21T07:23:46.144Z</time>
      </trkpt>
      <trkpt lat="46.173916" lon="12.302754">
        <ele>399.886992</ele>
        <time>2026-08-21T07:23:47.635Z</time>
      </trkpt>
      <trkpt lat="46.173888" lon="12.303291">
        <ele>399.549829</ele>
        <time>2026-08-21T07:23:50.908Z</time>
      </trkpt>
      <trkpt lat="46.173765" lon="12.303769">
        <ele>399.254287</ele>
        <time>2026-08-21T07:23:53.529Z</time>
      </trkpt>
      <trkpt lat="46.173651" lon="12.303951">
        <ele>399.139080</ele>
        <time>2026-08-21T07:23:54.766Z</time>
      </trkpt>
      <trkpt lat="46.173118" lon="12.304432">
        <ele>398.712989</ele>
        <time>2026-08-21T07:23:59.308Z</time>
      </trkpt>
      <trkpt lat="46.173037" lon="12.304563">
        <ele>398.630542</ele>
        <time>2026-08-21T07:24:00.175Z</time>
      </trkpt>
      <trkpt lat="46.172798" lon="12.305150">
        <ele>398.310868</ele>
        <time>2026-08-21T07:24:03.898Z</time>
      </trkpt>
      <trkpt lat="46.172503" lon="12.305852">
        <ele>397.531884</ele>
        <time>2026-08-21T07:24:09.259Z</time>
      </trkpt>
      <trkpt lat="46.172455" lon="12.305964">
        <ele>397.335369</ele>
        <time>2026-08-21T07:24:10.173Z</time>
      </trkpt>
      <trkpt lat="46.172180" lon="12.306493">
        <ele>396.348468</ele>
        <time>2026-08-21T07:24:13.433Z</time>
      </trkpt>
      <trkpt lat="46.171997" lon="12.306805">
        <ele>395.738432</ele>
        <time>2026-08-21T07:24:15.194Z</time>
      </trkpt>
      <trkpt lat="46.171725" lon="12.307205">
        <ele>394.902013</ele>
        <time>2026-08-21T07:24:17.602Z</time>
      </trkpt>
      <trkpt lat="46.171680" lon="12.307267">
        <ele>394.768010</ele>
        <time>2026-08-21T07:24:17.999Z</time>
      </trkpt>
      <trkpt lat="46.171729" lon="12.307409">
        <ele>394.531300</ele>
        <time>2026-08-21T07:24:18.664Z</time>
      </trkpt>
      <trkpt lat="46.171787" lon="12.307455">
        <ele>394.388732</ele>
        <time>2026-08-21T07:24:19.065Z</time>
      </trkpt>
      <trkpt lat="46.171885" lon="12.307455">
        <ele>394.086176</ele>
        <time>2026-08-21T07:24:19.646Z</time>
      </trkpt>
      <trkpt lat="46.171996" lon="12.307412">
        <ele>393.413469</ele>
        <time>2026-08-21T07:24:20.306Z</time>
      </trkpt>
      <trkpt lat="46.172117" lon="12.307307">
        <ele>392.587157</ele>
        <time>2026-08-21T07:24:21.105Z</time>
      </trkpt>
      <trkpt lat="46.172363" lon="12.306736">
        <ele>389.861258</ele>
        <time>2026-08-21T07:24:23.646Z</time>
      </trkpt>
      <trkpt lat="46.172541" lon="12.306465">
        <ele>388.347237</ele>
        <time>2026-08-21T07:24:25.007Z</time>
      </trkpt>
      <trkpt lat="46.172615" lon="12.306409">
        <ele>387.858207</ele>
        <time>2026-08-21T07:24:25.456Z</time>
      </trkpt>
      <trkpt lat="46.173177" lon="12.305979">
        <ele>384.135346</ele>
        <time>2026-08-21T07:24:28.952Z</time>
      </trkpt>
      <trkpt lat="46.173343" lon="12.305903">
        <ele>383.346818</ele>
        <time>2026-08-21T07:24:29.928Z</time>
      </trkpt>
      <trkpt lat="46.173499" lon="12.305895">
        <ele>382.792652</ele>
        <time>2026-08-21T07:24:30.806Z</time>
      </trkpt>
      <trkpt lat="46.173535" lon="12.305906">
        <ele>382.662019</ele>
        <time>2026-08-21T07:24:31.011Z</time>
      </trkpt>
      <trkpt lat="46.173567" lon="12.305915">
        <ele>382.546281</ele>
        <time>2026-08-21T07:24:31.200Z</time>
      </trkpt>
      <trkpt lat="46.173793" lon="12.306009">
        <ele>381.711341</ele>
        <time>2026-08-21T07:24:32.554Z</time>
      </trkpt>
      <trkpt lat="46.173962" lon="12.306134">
        <ele>381.037256</ele>
        <time>2026-08-21T07:24:33.675Z</time>
      </trkpt>
      <trkpt lat="46.174089" lon="12.306227">
        <ele>380.531738</ele>
        <time>2026-08-21T07:24:34.521Z</time>
      </trkpt>
      <trkpt lat="46.174326" lon="12.306367">
        <ele>379.622693</ele>
        <time>2026-08-21T07:24:36.070Z</time>
      </trkpt>
      <trkpt lat="46.174366" lon="12.306096">
        <ele>378.941520</ele>
        <time>2026-08-21T07:24:37.273Z</time>
      </trkpt>
      <trkpt lat="46.174416" lon="12.305673">
        <ele>377.886606</ele>
        <time>2026-08-21T07:24:39.222Z</time>
      </trkpt>
      <trkpt lat="46.174469" lon="12.305553">
        <ele>377.536711</ele>
        <time>2026-08-21T07:24:39.875Z</time>
      </trkpt>
      <trkpt lat="46.174541" lon="12.305487">
        <ele>377.285362</ele>
        <time>2026-08-21T07:24:40.445Z</time>
      </trkpt>
      <trkpt lat="46.175183" lon="12.305154">
        <ele>376.359392</ele>
        <time>2026-08-21T07:24:45.143Z</time>
      </trkpt>
      <trkpt lat="46.175604" lon="12.304903">
        <ele>375.741133</ele>
        <time>2026-08-21T07:24:48.225Z</time>
      </trkpt>
      <trkpt lat="46.175818" lon="12.304878">
        <ele>375.449697</ele>
        <time>2026-08-21T07:24:49.721Z</time>
      </trkpt>
      <trkpt lat="46.175948" lon="12.304899">
        <ele>375.272132</ele>
        <time>2026-08-21T07:24:50.653Z</time>
      </trkpt>
      <trkpt lat="46.175950" lon="12.304899">
        <ele>375.269417</ele>
        <time>2026-08-21T07:24:50.672Z</time>
      </trkpt>
      <trkpt lat="46.176142" lon="12.305011">
        <ele>374.988334</ele>
        <time>2026-08-21T07:24:52.197Z</time>
      </trkpt>
      <trkpt lat="46.176704" lon="12.305578">
        <ele>375.367758</ele>
        <time>2026-08-21T07:24:58.188Z</time>
      </trkpt>
      <trkpt lat="46.177035" lon="12.305781">
        <ele>375.661436</ele>
        <time>2026-08-21T07:25:01.673Z</time>
      </trkpt>
      <trkpt lat="46.177339" lon="12.305918">
        <ele>375.921506</ele>
        <time>2026-08-21T07:25:05.176Z</time>
      </trkpt>
      <trkpt lat="46.177540" lon="12.306028">
        <ele>376.097044</ele>
        <time>2026-08-21T07:25:07.842Z</time>
      </trkpt>
      <trkpt lat="46.177674" lon="12.306153">
        <ele>376.227320</ele>
        <time>2026-08-21T07:25:10.005Z</time>
      </trkpt>
      <trkpt lat="46.177909" lon="12.306658">
        <ele>377.337543</ele>
        <time>2026-08-21T07:25:16.592Z</time>
      </trkpt>
      <trkpt lat="46.178089" lon="12.306872">
        <ele>378.171047</ele>
        <time>2026-08-21T07:25:20.768Z</time>
      </trkpt>
      <trkpt lat="46.178215" lon="12.306924">
        <ele>378.639533</ele>
        <time>2026-08-21T07:25:23.181Z</time>
      </trkpt>
      <trkpt lat="46.178778" lon="12.306903">
        <ele>380.652951</ele>
        <time>2026-08-21T07:25:34.016Z</time>
      </trkpt>
      <trkpt lat="46.178965" lon="12.306924">
        <ele>381.323502</ele>
        <time>2026-08-21T07:25:37.678Z</time>
      </trkpt>
      <trkpt lat="46.179236" lon="12.307030">
        <ele>382.327240</ele>
        <time>2026-08-21T07:25:42.961Z</time>
      </trkpt>
      <trkpt lat="46.179342" lon="12.307095">
        <ele>382.738938</ele>
        <time>2026-08-21T07:25:45.055Z</time>
      </trkpt>
      <trkpt lat="46.179406" lon="12.307181">
        <ele>382.849426</ele>
        <time>2026-08-21T07:25:46.608Z</time>
      </trkpt>
      <trkpt lat="46.179426" lon="12.307172">
        <ele>382.869634</ele>
        <time>2026-08-21T07:25:46.979Z</time>
      </trkpt>
      <trkpt lat="46.179474" lon="12.307149">
        <ele>382.918419</ele>
        <time>2026-08-21T07:25:47.833Z</time>
      </trkpt>
      <trkpt lat="46.179881" lon="12.307040">
        <ele>383.317720</ele>
        <time>2026-08-21T07:25:54.088Z</time>
      </trkpt>
      <trkpt lat="46.179901" lon="12.307035">
        <ele>383.337300</ele>
        <time>2026-08-21T07:25:54.359Z</time>
      </trkpt>
      <trkpt lat="46.179939" lon="12.307050">
        <ele>383.375301</ele>
        <time>2026-08-21T07:25:54.863Z</time>
      </trkpt>
      <trkpt lat="46.179970" lon="12.307002">
        <ele>383.419142</ele>
        <time>2026-08-21T07:25:55.445Z</time>
      </trkpt>
      <trkpt lat="46.180466" lon="12.306812">
        <ele>383.914147</ele>
        <time>2026-08-21T07:26:00.756Z</time>
      </trkpt>
      <trkpt lat="46.181421" lon="12.306472">
        <ele>384.309535</ele>
        <time>2026-08-21T07:26:07.992Z</time>
      </trkpt>
      <trkpt lat="46.181781" lon="12.306395">
        <ele>384.110440</ele>
        <time>2026-08-21T07:26:10.519Z</time>
      </trkpt>
      <trkpt lat="46.181938" lon="12.306458">
        <ele>384.021296</ele>
        <time>2026-08-21T07:26:11.699Z</time>
      </trkpt>
      <trkpt lat="46.181969" lon="12.306479">
        <ele>384.002564</ele>
        <time>2026-08-21T07:26:11.971Z</time>
      </trkpt>
      <trkpt lat="46.182611" lon="12.306419">
        <ele>383.650608</ele>
        <time>2026-08-21T07:26:17.110Z</time>
      </trkpt>
      <trkpt lat="46.183151" lon="12.306286">
        <ele>383.899844</ele>
        <time>2026-08-21T07:26:22.630Z</time>
      </trkpt>
      <trkpt lat="46.183676" lon="12.306312">
        <ele>384.514421</ele>
        <time>2026-08-21T07:26:29.069Z</time>
      </trkpt>
      <trkpt lat="46.184088" lon="12.306224">
        <ele>385.001677</ele>
        <time>2026-08-21T07:26:34.999Z</time>
      </trkpt>
      <trkpt lat="46.184441" lon="12.306202">
        <ele>385.415049</ele>
        <time>2026-08-21T07:26:39.952Z</time>
      </trkpt>
      <trkpt lat="46.184668" lon="12.306244">
        <ele>385.611359</ele>
        <time>2026-08-21T07:26:42.652Z</time>
      </trkpt>
      <trkpt lat="46.184831" lon="12.306505">
        <ele>385.509965</ele>
        <time>2026-08-21T07:26:44.970Z</time>
      </trkpt>
      <trkpt lat="46.184895" lon="12.306566">
        <ele>385.478017</ele>
        <time>2026-08-21T07:26:45.574Z</time>
      </trkpt>
      <trkpt lat="46.184932" lon="12.306601">
        <ele>385.459589</ele>
        <time>2026-08-21T07:26:45.914Z</time>
      </trkpt>
      <trkpt lat="46.185093" lon="12.306649">
        <ele>385.391093</ele>
        <time>2026-08-21T07:26:47.081Z</time>
      </trkpt>
      <trkpt lat="46.185295" lon="12.306650">
        <ele>385.306929</ele>
        <time>2026-08-21T07:26:48.452Z</time>
      </trkpt>
      <trkpt lat="46.185536" lon="12.306591">
        <ele>385.205084</ele>
        <time>2026-08-21T07:26:50.357Z</time>
      </trkpt>
      <trkpt lat="46.185708" lon="12.306486">
        <ele>385.127282</ele>
        <time>2026-08-21T07:26:51.851Z</time>
      </trkpt>
      <trkpt lat="46.185794" lon="12.306434">
        <ele>385.088437</ele>
        <time>2026-08-21T07:26:52.597Z</time>
      </trkpt>
      <trkpt lat="46.185874" lon="12.306321">
        <ele>385.041816</ele>
        <time>2026-08-21T07:26:53.370Z</time>
      </trkpt>
      <trkpt lat="46.186020" lon="12.305958">
        <ele>384.920719</ele>
        <time>2026-08-21T07:26:55.433Z</time>
      </trkpt>
      <trkpt lat="46.186114" lon="12.305799">
        <ele>384.900807</ele>
        <time>2026-08-21T07:26:58.322Z</time>
      </trkpt>
      <trkpt lat="46.186246" lon="12.305815">
        <ele>384.955441</ele>
        <time>2026-08-21T07:27:01.018Z</time>
      </trkpt>
      <trkpt lat="46.186305" lon="12.305877">
        <ele>384.985534</ele>
        <time>2026-08-21T07:27:02.638Z</time>
      </trkpt>
      <trkpt lat="46.186453" lon="12.305828">
        <ele>385.048158</ele>
        <time>2026-08-21T07:27:05.048Z</time>
      </trkpt>
      <trkpt lat="46.186704" lon="12.305549">
        <ele>385.178786</ele>
        <time>2026-08-21T07:27:10.761Z</time>
      </trkpt>
      <trkpt lat="46.186878" lon="12.305260">
        <ele>385.288147</ele>
        <time>2026-08-21T07:27:16.345Z</time>
      </trkpt>
      <trkpt lat="46.186959" lon="12.305029">
        <ele>385.362084</ele>
        <time>2026-08-21T07:27:20.560Z</time>
      </trkpt>
      <trkpt lat="46.187218" lon="12.303225">
        <ele>385.665248</ele>
        <time>2026-08-21T07:27:42.253Z</time>
      </trkpt>
      <trkpt lat="46.187283" lon="12.302901">
        <ele>385.680732</ele>
        <time>2026-08-21T07:27:45.607Z</time>
      </trkpt>
      <trkpt lat="46.187648" lon="12.301768">
        <ele>385.738097</ele>
        <time>2026-08-21T07:27:59.645Z</time>
      </trkpt>
      <trkpt lat="46.187802" lon="12.301480">
        <ele>386.082127</ele>
        <time>2026-08-21T07:28:04.528Z</time>
      </trkpt>
      <trkpt lat="46.187883" lon="12.301397">
        <ele>386.254612</ele>
        <time>2026-08-21T07:28:06.495Z</time>
      </trkpt>
      <trkpt lat="46.187976" lon="12.301255">
        <ele>386.489647</ele>
        <time>2026-08-21T07:28:09.421Z</time>
      </trkpt>
      <trkpt lat="46.188084" lon="12.301237">
        <ele>386.678467</ele>
        <time>2026-08-21T07:28:11.753Z</time>
      </trkpt>
      <trkpt lat="46.188156" lon="12.301164">
        <ele>386.831247</ele>
        <time>2026-08-21T07:28:13.705Z</time>
      </trkpt>
      <trkpt lat="46.188265" lon="12.300917">
        <ele>387.183441</ele>
        <time>2026-08-21T07:28:18.168Z</time>
      </trkpt>
      <trkpt lat="46.188556" lon="12.300595">
        <ele>387.820102</ele>
        <time>2026-08-21T07:28:26.618Z</time>
      </trkpt>
      <trkpt lat="46.188865" lon="12.300477">
        <ele>388.375214</ele>
        <time>2026-08-21T07:28:34.183Z</time>
      </trkpt>
      <trkpt lat="46.189157" lon="12.300179">
        <ele>388.781578</ele>
        <time>2026-08-21T07:28:41.829Z</time>
      </trkpt>
      <trkpt lat="46.189425" lon="12.300021">
        <ele>388.457356</ele>
        <time>2026-08-21T07:28:46.999Z</time>
      </trkpt>
      <trkpt lat="46.189435" lon="12.300017">
        <ele>388.445733</ele>
        <time>2026-08-21T07:28:47.177Z</time>
      </trkpt>
      <trkpt lat="46.189425" lon="12.300021">
        <ele>388.434111</ele>
        <time>2026-08-21T07:28:47.356Z</time>
      </trkpt>
      <trkpt lat="46.189157" lon="12.300179">
        <ele>388.109888</ele>
        <time>2026-08-21T07:28:51.882Z</time>
      </trkpt>
      <trkpt lat="46.188865" lon="12.300477">
        <ele>387.709429</ele>
        <time>2026-08-21T07:28:56.770Z</time>
      </trkpt>
      <trkpt lat="46.188556" lon="12.300595">
        <ele>387.351431</ele>
        <time>2026-08-21T07:29:00.882Z</time>
      </trkpt>
      <trkpt lat="46.188265" lon="12.300917">
        <ele>386.940841</ele>
        <time>2026-08-21T07:29:05.672Z</time>
      </trkpt>
      <trkpt lat="46.188156" lon="12.301164">
        <ele>386.764822</ele>
        <time>2026-08-21T07:29:08.399Z</time>
      </trkpt>
      <trkpt lat="46.188084" lon="12.301237">
        <ele>386.702958</ele>
        <time>2026-08-21T07:29:09.572Z</time>
      </trkpt>
      <trkpt lat="46.187976" lon="12.301255">
        <ele>386.626500</ele>
        <time>2026-08-21T07:29:11.050Z</time>
      </trkpt>
      <trkpt lat="46.187883" lon="12.301397">
        <ele>386.531328</ele>
        <time>2026-08-21T07:29:12.896Z</time>
      </trkpt>
      <trkpt lat="46.187802" lon="12.301480">
        <ele>386.461485</ele>
        <time>2026-08-21T07:29:14.321Z</time>
      </trkpt>
      <trkpt lat="46.187648" lon="12.301768">
        <ele>386.284308</ele>
        <time>2026-08-21T07:29:18.018Z</time>
      </trkpt>
      <trkpt lat="46.187283" lon="12.302901">
        <ele>385.675872</ele>
        <time>2026-08-21T07:29:32.866Z</time>
      </trkpt>
      <trkpt lat="46.187218" lon="12.303225">
        <ele>385.549656</ele>
        <time>2026-08-21T07:29:37.491Z</time>
      </trkpt>
      <trkpt lat="46.186959" lon="12.305029">
        <ele>385.110508</ele>
        <time>2026-08-21T07:29:58.375Z</time>
      </trkpt>
      <trkpt lat="46.186878" lon="12.305260">
        <ele>385.048787</ele>
        <time>2026-08-21T07:30:00.695Z</time>
      </trkpt>
      <trkpt lat="46.186704" lon="12.305549">
        <ele>384.980769</ele>
        <time>2026-08-21T07:30:04.348Z</time>
      </trkpt>
      <trkpt lat="46.186453" lon="12.305828">
        <ele>385.142810</ele>
        <time>2026-08-21T07:30:09.280Z</time>
      </trkpt>
      <trkpt lat="46.186305" lon="12.305877">
        <ele>385.220494</ele>
        <time>2026-08-21T07:30:11.934Z</time>
      </trkpt>
      <trkpt lat="46.186246" lon="12.305815">
        <ele>385.257824</ele>
        <time>2026-08-21T07:30:13.576Z</time>
      </trkpt>
      <trkpt lat="46.186114" lon="12.305799">
        <ele>385.325596</ele>
        <time>2026-08-21T07:30:16.843Z</time>
      </trkpt>
      <trkpt lat="46.186020" lon="12.305958">
        <ele>385.399655</ele>
        <time>2026-08-21T07:30:20.440Z</time>
      </trkpt>
      <trkpt lat="46.185874" lon="12.306321">
        <ele>385.548356</ele>
        <time>2026-08-21T07:30:23.928Z</time>
      </trkpt>
      <trkpt lat="46.185794" lon="12.306434">
        <ele>385.605604</ele>
        <time>2026-08-21T07:30:25.405Z</time>
      </trkpt>
      <trkpt lat="46.185708" lon="12.306486">
        <ele>385.653304</ele>
        <time>2026-08-21T07:30:26.457Z</time>
      </trkpt>
      <trkpt lat="46.185536" lon="12.306591">
        <ele>385.748841</ele>
        <time>2026-08-21T07:30:28.652Z</time>
      </trkpt>
      <trkpt lat="46.185295" lon="12.306650">
        <ele>385.873901</ele>
        <time>2026-08-21T07:30:31.517Z</time>
      </trkpt>
      <trkpt lat="46.185093" lon="12.306649">
        <ele>385.793491</ele>
        <time>2026-08-21T07:30:34.295Z</time>
      </trkpt>
      <trkpt lat="46.184932" lon="12.306601">
        <ele>385.706173</ele>
        <time>2026-08-21T07:30:36.144Z</time>
      </trkpt>
      <trkpt lat="46.184895" lon="12.306566">
        <ele>385.682681</ele>
        <time>2026-08-21T07:30:36.524Z</time>
      </trkpt>
      <trkpt lat="46.184932" lon="12.306601">
        <ele>385.659188</ele>
        <time>2026-08-21T07:30:36.927Z</time>
      </trkpt>
      <trkpt lat="46.185093" lon="12.306649">
        <ele>385.571870</ele>
        <time>2026-08-21T07:30:38.133Z</time>
      </trkpt>
      <trkpt lat="46.185295" lon="12.306650">
        <ele>385.464576</ele>
        <time>2026-08-21T07:30:39.466Z</time>
      </trkpt>
      <trkpt lat="46.185536" lon="12.306591">
        <ele>385.334742</ele>
        <time>2026-08-21T07:30:41.210Z</time>
      </trkpt>
      <trkpt lat="46.185708" lon="12.306486">
        <ele>385.235559</ele>
        <time>2026-08-21T07:30:42.551Z</time>
      </trkpt>
      <trkpt lat="46.185794" lon="12.306434">
        <ele>385.186039</ele>
        <time>2026-08-21T07:30:43.236Z</time>
      </trkpt>
      <trkpt lat="46.185874" lon="12.306321">
        <ele>385.126605</ele>
        <time>2026-08-21T07:30:43.987Z</time>
      </trkpt>
      <trkpt lat="46.186020" lon="12.305958">
        <ele>384.972229</ele>
        <time>2026-08-21T07:30:46.043Z</time>
      </trkpt>
      <trkpt lat="46.186114" lon="12.305799">
        <ele>384.957803</ele>
        <time>2026-08-21T07:30:48.932Z</time>
      </trkpt>
      <trkpt lat="46.186246" lon="12.305815">
        <ele>385.008207</ele>
        <time>2026-08-21T07:30:51.628Z</time>
      </trkpt>
      <trkpt lat="46.186305" lon="12.305877">
        <ele>385.035970</ele>
        <time>2026-08-21T07:30:53.249Z</time>
      </trkpt>
      <trkpt lat="46.186453" lon="12.305828">
        <ele>385.093746</ele>
        <time>2026-08-21T07:30:55.659Z</time>
      </trkpt>
      <trkpt lat="46.186704" lon="12.305549">
        <ele>385.214260</ele>
        <time>2026-08-21T07:31:01.371Z</time>
      </trkpt>
      <trkpt lat="46.186878" lon="12.305260">
        <ele>385.315154</ele>
        <time>2026-08-21T07:31:06.955Z</time>
      </trkpt>
      <trkpt lat="46.186959" lon="12.305029">
        <ele>385.383367</ele>
        <time>2026-08-21T07:31:11.171Z</time>
      </trkpt>
      <trkpt lat="46.187218" lon="12.303225">
        <ele>385.656228</ele>
        <time>2026-08-21T07:31:32.864Z</time>
      </trkpt>
      <trkpt lat="46.187283" lon="12.302901">
        <ele>385.670333</ele>
        <time>2026-08-21T07:31:36.218Z</time>
      </trkpt>
      <trkpt lat="46.187648" lon="12.301768">
        <ele>385.722588</ele>
        <time>2026-08-21T07:31:50.255Z</time>
      </trkpt>
      <trkpt lat="46.187802" lon="12.301480">
        <ele>386.098485</ele>
        <time>2026-08-21T07:31:55.139Z</time>
      </trkpt>
      <trkpt lat="46.187883" lon="12.301397">
        <ele>386.270522</ele>
        <time>2026-08-21T07:31:57.105Z</time>
      </trkpt>
      <trkpt lat="46.187976" lon="12.301255">
        <ele>386.504948</ele>
        <time>2026-08-21T07:32:00.031Z</time>
      </trkpt>
      <trkpt lat="46.188084" lon="12.301237">
        <ele>386.693279</ele>
        <time>2026-08-21T07:32:02.363Z</time>
      </trkpt>
      <trkpt lat="46.188156" lon="12.301164">
        <ele>386.845663</ele>
        <time>2026-08-21T07:32:04.315Z</time>
      </trkpt>
      <trkpt lat="46.188265" lon="12.300917">
        <ele>387.196944</ele>
        <time>2026-08-21T07:32:08.778Z</time>
      </trkpt>
      <trkpt lat="46.188556" lon="12.300595">
        <ele>387.831955</ele>
        <time>2026-08-21T07:32:17.230Z</time>
      </trkpt>
      <trkpt lat="46.188865" lon="12.300477">
        <ele>388.385628</ele>
        <time>2026-08-21T07:32:24.739Z</time>
      </trkpt>
      <trkpt lat="46.189157" lon="12.300179">
        <ele>388.940872</ele>
        <time>2026-08-21T07:32:32.152Z</time>
      </trkpt>
      <trkpt lat="46.189425" lon="12.300021">
        <ele>389.246794</ele>
        <time>2026-08-21T07:32:37.453Z</time>
      </trkpt>
      <trkpt lat="46.189435" lon="12.300017">
        <ele>389.257761</ele>
        <time>2026-08-21T07:32:37.639Z</time>
      </trkpt>
      <trkpt lat="46.189614" lon="12.299952">
        <ele>389.452826</ele>
        <time>2026-08-21T07:32:40.849Z</time>
      </trkpt>
      <trkpt lat="46.190743" lon="12.298936">
        <ele>390.893800</ele>
        <time>2026-08-21T07:33:05.594Z</time>
      </trkpt>
      <trkpt lat="46.191127" lon="12.298749">
        <ele>391.450674</ele>
        <time>2026-08-21T07:33:14.000Z</time>
      </trkpt>
      <trkpt lat="46.191511" lon="12.298562">
        <ele>392.007549</ele>
        <time>2026-08-21T07:33:22.492Z</time>
      </trkpt>
      <trkpt lat="46.192373" lon="12.298285">
        <ele>393.211309</ele>
        <time>2026-08-21T07:33:40.904Z</time>
      </trkpt>
      <trkpt lat="46.193299" lon="12.298089">
        <ele>392.899207</ele>
        <time>2026-08-21T07:33:56.526Z</time>
      </trkpt>
      <trkpt lat="46.193577" lon="12.297979">
        <ele>392.803085</ele>
        <time>2026-08-21T07:34:00.331Z</time>
      </trkpt>
      <trkpt lat="46.193801" lon="12.297842">
        <ele>392.721966</ele>
        <time>2026-08-21T07:34:03.781Z</time>
      </trkpt>
      <trkpt lat="46.193967" lon="12.297700">
        <ele>392.657631</ele>
        <time>2026-08-21T07:34:06.538Z</time>
      </trkpt>
      <trkpt lat="46.194414" lon="12.297379">
        <ele>394.335792</ele>
        <time>2026-08-21T07:34:14.190Z</time>
      </trkpt>
      <trkpt lat="46.194570" lon="12.297383">
        <ele>395.068942</ele>
        <time>2026-08-21T07:34:17.564Z</time>
      </trkpt>
      <trkpt lat="46.194725" lon="12.297541">
        <ele>395.960336</ele>
        <time>2026-08-21T07:34:22.276Z</time>
      </trkpt>
      <trkpt lat="46.194840" lon="12.297551">
        <ele>396.501692</ele>
        <time>2026-08-21T07:34:25.750Z</time>
      </trkpt>
      <trkpt lat="46.195179" lon="12.297548">
        <ele>398.094661</ele>
        <time>2026-08-21T07:34:37.639Z</time>
      </trkpt>
      <trkpt lat="46.195330" lon="12.297779">
        <ele>399.128092</ele>
        <time>2026-08-21T07:34:44.125Z</time>
      </trkpt>
      <trkpt lat="46.195540" lon="12.298222">
        <ele>400.874498</ele>
        <time>2026-08-21T07:34:54.660Z</time>
      </trkpt>
      <trkpt lat="46.195750" lon="12.298516">
        <ele>402.499634</ele>
        <time>2026-08-21T07:35:02.078Z</time>
      </trkpt>
      <trkpt lat="46.196041" lon="12.298746">
        <ele>404.388892</ele>
        <time>2026-08-21T07:35:11.484Z</time>
      </trkpt>
      <trkpt lat="46.196463" lon="12.299241">
        <ele>407.484934</ele>
        <time>2026-08-21T07:35:22.515Z</time>
      </trkpt>
      <trkpt lat="46.196814" lon="12.299524">
        <ele>409.774358</ele>
        <time>2026-08-21T07:35:29.549Z</time>
      </trkpt>
      <trkpt lat="46.197229" lon="12.300042">
        <ele>411.993590</ele>
        <time>2026-08-21T07:35:41.673Z</time>
      </trkpt>
      <trkpt lat="46.197289" lon="12.300211">
        <ele>412.316048</ele>
        <time>2026-08-21T07:35:45.184Z</time>
      </trkpt>
      <trkpt lat="46.197522" lon="12.300439">
        <ele>413.006291</ele>
        <time>2026-08-21T07:35:50.070Z</time>
      </trkpt>
      <trkpt lat="46.197519" lon="12.300504">
        <ele>413.116889</ele>
        <time>2026-08-21T07:35:50.445Z</time>
      </trkpt>
      <trkpt lat="46.197618" lon="12.300612">
        <ele>413.421161</ele>
        <time>2026-08-21T07:35:52.341Z</time>
      </trkpt>
      <trkpt lat="46.197736" lon="12.300563">
        <ele>413.722304</ele>
        <time>2026-08-21T07:35:54.693Z</time>
      </trkpt>
      <trkpt lat="46.197927" lon="12.300662">
        <ele>414.220017</ele>
        <time>2026-08-21T07:36:00.360Z</time>
      </trkpt>
      <trkpt lat="46.198151" lon="12.300923">
        <ele>414.925849</ele>
        <time>2026-08-21T07:36:08.194Z</time>
      </trkpt>
      <trkpt lat="46.198259" lon="12.301182">
        <ele>415.439184</ele>
        <time>2026-08-21T07:36:10.832Z</time>
      </trkpt>
      <trkpt lat="46.198353" lon="12.301331">
        <ele>415.542714</ele>
        <time>2026-08-21T07:36:20.514Z</time>
      </trkpt>
      <trkpt lat="46.198381" lon="12.301464">
        <ele>414.844685</ele>
        <time>2026-08-21T07:36:21.057Z</time>
      </trkpt>
      <trkpt lat="46.198466" lon="12.301636">
        <ele>413.783502</ele>
        <time>2026-08-21T07:36:21.812Z</time>
      </trkpt>
      <trkpt lat="46.198529" lon="12.301728">
        <ele>413.133679</ele>
        <time>2026-08-21T07:36:22.267Z</time>
      </trkpt>
      <trkpt lat="46.198589" lon="12.301764">
        <ele>412.662374</ele>
        <time>2026-08-21T07:36:22.611Z</time>
      </trkpt>
      <trkpt lat="46.198725" lon="12.301825">
        <ele>411.629329</ele>
        <time>2026-08-21T07:36:23.342Z</time>
      </trkpt>
      <trkpt lat="46.198850" lon="12.301837">
        <ele>410.720533</ele>
        <time>2026-08-21T07:36:23.985Z</time>
      </trkpt>
      <trkpt lat="46.199574" lon="12.301694">
        <ele>405.419517</ele>
        <time>2026-08-21T07:36:27.871Z</time>
      </trkpt>
      <trkpt lat="46.199645" lon="12.301716">
        <ele>404.892744</ele>
        <time>2026-08-21T07:36:28.256Z</time>
      </trkpt>
      <trkpt lat="46.199726" lon="12.301793">
        <ele>404.189355</ele>
        <time>2026-08-21T07:36:28.749Z</time>
      </trkpt>
      <trkpt lat="46.199944" lon="12.302109">
        <ele>402.463735</ele>
        <time>2026-08-21T07:36:30.326Z</time>
      </trkpt>
      <trkpt lat="46.200317" lon="12.302198">
        <ele>401.670579</ele>
        <time>2026-08-21T07:36:32.384Z</time>
      </trkpt>
      <trkpt lat="46.200350" lon="12.302159">
        <ele>401.581133</ele>
        <time>2026-08-21T07:36:32.633Z</time>
      </trkpt>
      <trkpt lat="46.200390" lon="12.302126">
        <ele>401.484495</ele>
        <time>2026-08-21T07:36:32.936Z</time>
      </trkpt>
      <trkpt lat="46.200488" lon="12.302109">
        <ele>401.277414</ele>
        <time>2026-08-21T07:36:33.619Z</time>
      </trkpt>
      <trkpt lat="46.200559" lon="12.302097">
        <ele>401.127440</ele>
        <time>2026-08-21T07:36:34.293Z</time>
      </trkpt>
      <trkpt lat="46.200708" lon="12.302017">
        <ele>400.793950</ele>
        <time>2026-08-21T07:36:35.955Z</time>
      </trkpt>
      <trkpt lat="46.200934" lon="12.301960">
        <ele>400.312631</ele>
        <time>2026-08-21T07:36:37.848Z</time>
      </trkpt>
      <trkpt lat="46.201601" lon="12.301739">
        <ele>398.936330</ele>
        <time>2026-08-21T07:36:45.016Z</time>
      </trkpt>
      <trkpt lat="46.201806" lon="12.301671">
        <ele>399.654440</ele>
        <time>2026-08-21T07:36:47.926Z</time>
      </trkpt>
      <trkpt lat="46.202118" lon="12.301631">
        <ele>400.723843</ele>
        <time>2026-08-21T07:36:52.823Z</time>
      </trkpt>
      <trkpt lat="46.202464" lon="12.301719">
        <ele>401.923305</ele>
        <time>2026-08-21T07:36:58.771Z</time>
      </trkpt>
      <trkpt lat="46.203075" lon="12.301780">
        <ele>404.014330</ele>
        <time>2026-08-21T07:37:10.376Z</time>
      </trkpt>
      <trkpt lat="46.203688" lon="12.301811">
        <ele>406.422679</ele>
        <time>2026-08-21T07:37:23.041Z</time>
      </trkpt>
      <trkpt lat="46.204067" lon="12.301724">
        <ele>408.118277</ele>
        <time>2026-08-21T07:37:30.949Z</time>
      </trkpt>
      <trkpt lat="46.204346" lon="12.301772">
        <ele>409.359735</ele>
        <time>2026-08-21T07:37:36.824Z</time>
      </trkpt>
      <trkpt lat="46.204637" lon="12.301729">
        <ele>410.652212</ele>
        <time>2026-08-21T07:37:42.575Z</time>
      </trkpt>
      <trkpt lat="46.205088" lon="12.301810">
        <ele>412.660272</ele>
        <time>2026-08-21T07:37:51.119Z</time>
      </trkpt>
      <trkpt lat="46.205203" lon="12.301871">
        <ele>413.076024</ele>
        <time>2026-08-21T07:37:53.328Z</time>
      </trkpt>
      <trkpt lat="46.205229" lon="12.301926">
        <ele>413.160187</ele>
        <time>2026-08-21T07:37:54.101Z</time>
      </trkpt>
      <trkpt lat="46.205272" lon="12.301946">
        <ele>413.242662</ele>
        <time>2026-08-21T07:37:54.934Z</time>
      </trkpt>
      <trkpt lat="46.205287" lon="12.301944">
        <ele>413.270166</ele>
        <time>2026-08-21T07:37:55.201Z</time>
      </trkpt>
      <trkpt lat="46.205322" lon="12.301915">
        <ele>413.343829</ele>
        <time>2026-08-21T07:37:55.845Z</time>
      </trkpt>
      <trkpt lat="46.205341" lon="12.301851">
        <ele>413.431824</ele>
        <time>2026-08-21T07:37:56.621Z</time>
      </trkpt>
      <trkpt lat="46.205432" lon="12.301780">
        <ele>413.620645</ele>
        <time>2026-08-21T07:37:58.341Z</time>
      </trkpt>
      <trkpt lat="46.205469" lon="12.301762">
        <ele>413.691925</ele>
        <time>2026-08-21T07:37:58.928Z</time>
      </trkpt>
      <trkpt lat="46.205678" lon="12.301765">
        <ele>414.073532</ele>
        <time>2026-08-21T07:38:02.110Z</time>
      </trkpt>
      <trkpt lat="46.206994" lon="12.301942">
        <ele>416.351150</ele>
        <time>2026-08-21T07:38:16.986Z</time>
      </trkpt>
      <trkpt lat="46.207757" lon="12.302088">
        <ele>416.871144</ele>
        <time>2026-08-21T07:38:25.518Z</time>
      </trkpt>
      <trkpt lat="46.207905" lon="12.302192">
        <ele>416.982331</ele>
        <time>2026-08-21T07:38:27.254Z</time>
      </trkpt>
      <trkpt lat="46.207912" lon="12.302271">
        <ele>417.019569</ele>
        <time>2026-08-21T07:38:27.839Z</time>
      </trkpt>
      <trkpt lat="46.207950" lon="12.302332">
        <ele>417.057943</ele>
        <time>2026-08-21T07:38:28.394Z</time>
      </trkpt>
      <trkpt lat="46.207977" lon="12.302349">
        <ele>417.077841</ele>
        <time>2026-08-21T07:38:28.667Z</time>
      </trkpt>
      <trkpt lat="46.208006" lon="12.302353">
        <ele>417.097523</ele>
        <time>2026-08-21T07:38:28.973Z</time>
      </trkpt>
      <trkpt lat="46.208065" lon="12.302317">
        <ele>417.140793</ele>
        <time>2026-08-21T07:38:29.605Z</time>
      </trkpt>
      <trkpt lat="46.208092" lon="12.302256">
        <ele>417.174648</ele>
        <time>2026-08-21T07:38:30.051Z</time>
      </trkpt>
      <trkpt lat="46.208095" lon="12.302241">
        <ele>417.181948</ele>
        <time>2026-08-21T07:38:30.150Z</time>
      </trkpt>
      <trkpt lat="46.208321" lon="12.302060">
        <ele>417.356521</ele>
        <time>2026-08-21T07:38:32.737Z</time>
      </trkpt>
      <trkpt lat="46.208547" lon="12.301904">
        <ele>417.603013</ele>
        <time>2026-08-21T07:38:35.298Z</time>
      </trkpt>
      <trkpt lat="46.209075" lon="12.301656">
        <ele>418.721548</ele>
        <time>2026-08-21T07:38:40.467Z</time>
      </trkpt>
      <trkpt lat="46.209618" lon="12.301442">
        <ele>419.855475</ele>
        <time>2026-08-21T07:38:47.272Z</time>
      </trkpt>
      <trkpt lat="46.209904" lon="12.301342">
        <ele>420.448301</ele>
        <time>2026-08-21T07:38:52.010Z</time>
      </trkpt>
      <trkpt lat="46.210344" lon="12.301187">
        <ele>421.463194</ele>
        <time>2026-08-21T07:39:01.421Z</time>
      </trkpt>
      <trkpt lat="46.210409" lon="12.301182">
        <ele>421.648027</ele>
        <time>2026-08-21T07:39:02.857Z</time>
      </trkpt>
      <trkpt lat="46.210649" lon="12.301066">
        <ele>422.366630</ele>
        <time>2026-08-21T07:39:08.093Z</time>
      </trkpt>
      <trkpt lat="46.211220" lon="12.300824">
        <ele>424.056311</ele>
        <time>2026-08-21T07:39:20.096Z</time>
      </trkpt>
      <trkpt lat="46.211349" lon="12.300790">
        <ele>424.428656</ele>
        <time>2026-08-21T07:39:21.747Z</time>
      </trkpt>
      <trkpt lat="46.211388" lon="12.300767">
        <ele>424.548266</ele>
        <time>2026-08-21T07:39:22.167Z</time>
      </trkpt>
      <trkpt lat="46.211685" lon="12.300570">
        <ele>425.476211</ele>
        <time>2026-08-21T07:39:25.841Z</time>
      </trkpt>
      <trkpt lat="46.211945" lon="12.300506">
        <ele>426.215508</ele>
        <time>2026-08-21T07:39:28.777Z</time>
      </trkpt>
      <trkpt lat="46.211957" lon="12.300442">
        <ele>426.175100</ele>
        <time>2026-08-21T07:39:29.084Z</time>
      </trkpt>
      <trkpt lat="46.212211" lon="12.300003">
        <ele>425.826381</ele>
        <time>2026-08-21T07:39:32.225Z</time>
      </trkpt>
      <trkpt lat="46.212263" lon="12.299957">
        <ele>425.772689</ele>
        <time>2026-08-21T07:39:32.609Z</time>
      </trkpt>
      <trkpt lat="46.212408" lon="12.299943">
        <ele>425.644710</ele>
        <time>2026-08-21T07:39:33.607Z</time>
      </trkpt>
      <trkpt lat="46.212633" lon="12.299951">
        <ele>425.446505</ele>
        <time>2026-08-21T07:39:35.210Z</time>
      </trkpt>
      <trkpt lat="46.212820" lon="12.299872">
        <ele>425.274932</ele>
        <time>2026-08-21T07:39:36.552Z</time>
      </trkpt>
      <trkpt lat="46.213093" lon="12.299876">
        <ele>425.034504</ele>
        <time>2026-08-21T07:39:38.359Z</time>
      </trkpt>
      <trkpt lat="46.213163" lon="12.299857">
        <ele>424.971780</ele>
        <time>2026-08-21T07:39:38.873Z</time>
      </trkpt>
      <trkpt lat="46.213302" lon="12.299744">
        <ele>424.831331</ele>
        <time>2026-08-21T07:39:40.307Z</time>
      </trkpt>
      <trkpt lat="46.213559" lon="12.299707">
        <ele>424.569432</ele>
        <time>2026-08-21T07:39:43.144Z</time>
      </trkpt>
      <trkpt lat="46.216472" lon="12.299891">
        <ele>418.498965</ele>
        <time>2026-08-21T07:40:02.080Z</time>
      </trkpt>
      <trkpt lat="46.217097" lon="12.300160">
        <ele>416.956606</ele>
        <time>2026-08-21T07:40:06.085Z</time>
      </trkpt>
      <trkpt lat="46.217100" lon="12.300266">
        <ele>416.829304</ele>
        <time>2026-08-21T07:40:06.572Z</time>
      </trkpt>
      <trkpt lat="46.218041" lon="12.300579">
        <ele>415.154738</ele>
        <time>2026-08-21T07:40:12.930Z</time>
      </trkpt>
      <trkpt lat="46.218625" lon="12.300713">
        <ele>414.129267</ele>
        <time>2026-08-21T07:40:17.217Z</time>
      </trkpt>
      <trkpt lat="46.218872" lon="12.300683">
        <ele>413.773163</ele>
        <time>2026-08-21T07:40:18.970Z</time>
      </trkpt>
      <trkpt lat="46.219110" lon="12.300533">
        <ele>413.550439</ele>
        <time>2026-08-21T07:40:20.862Z</time>
      </trkpt>
      <trkpt lat="46.219581" lon="12.300224">
        <ele>413.106739</ele>
        <time>2026-08-21T07:40:24.703Z</time>
      </trkpt>
      <trkpt lat="46.219709" lon="12.300185">
        <ele>412.994527</ele>
        <time>2026-08-21T07:40:25.686Z</time>
      </trkpt>
      <trkpt lat="46.219850" lon="12.300206">
        <ele>412.872936</ele>
        <time>2026-08-21T07:40:26.750Z</time>
      </trkpt>
      <trkpt lat="46.220774" lon="12.300574">
        <ele>412.073450</ele>
        <time>2026-08-21T07:40:34.197Z</time>
      </trkpt>
      <trkpt lat="46.221021" lon="12.300661">
        <ele>411.875009</ele>
        <time>2026-08-21T07:40:36.269Z</time>
      </trkpt>
      <trkpt lat="46.222316" lon="12.300915">
        <ele>410.841832</ele>
        <time>2026-08-21T07:40:46.027Z</time>
      </trkpt>
      <trkpt lat="46.222774" lon="12.301029">
        <ele>410.370198</ele>
        <time>2026-08-21T07:40:49.361Z</time>
      </trkpt>
      <trkpt lat="46.223996" lon="12.301311">
        <ele>409.114369</ele>
        <time>2026-08-21T07:40:58.300Z</time>
      </trkpt>
      <trkpt lat="46.224557" lon="12.301382">
        <ele>408.881371</ele>
        <time>2026-08-21T07:41:02.628Z</time>
      </trkpt>
      <trkpt lat="46.225835" lon="12.301408">
        <ele>408.416336</ele>
        <time>2026-08-21T07:41:13.288Z</time>
      </trkpt>
      <trkpt lat="46.226779" lon="12.301427">
        <ele>409.963802</ele>
        <time>2026-08-21T07:41:23.054Z</time>
      </trkpt>
      <trkpt lat="46.226838" lon="12.301428">
        <ele>410.060516</ele>
        <time>2026-08-21T07:41:23.849Z</time>
      </trkpt>
      <trkpt lat="46.227219" lon="12.301434">
        <ele>410.685052</ele>
        <time>2026-08-21T07:41:29.302Z</time>
      </trkpt>
      <trkpt lat="46.227540" lon="12.301461">
        <ele>411.212095</ele>
        <time>2026-08-21T07:41:34.549Z</time>
      </trkpt>
      <trkpt lat="46.227813" lon="12.301520">
        <ele>412.020009</ele>
        <time>2026-08-21T07:41:39.523Z</time>
      </trkpt>
      <trkpt lat="46.229160" lon="12.301882">
        <ele>416.896472</ele>
        <time>2026-08-21T07:42:05.480Z</time>
      </trkpt>
      <trkpt lat="46.229830" lon="12.302142">
        <ele>418.486641</ele>
        <time>2026-08-21T07:42:15.054Z</time>
      </trkpt>
      <trkpt lat="46.230125" lon="12.302359">
        <ele>419.018630</ele>
        <time>2026-08-21T07:42:18.830Z</time>
      </trkpt>
      <trkpt lat="46.230589" lon="12.302599">
        <ele>419.810687</ele>
        <time>2026-08-21T07:42:23.863Z</time>
      </trkpt>
      <trkpt lat="46.230677" lon="12.302645">
        <ele>419.961087</ele>
        <time>2026-08-21T07:42:24.928Z</time>
      </trkpt>
      <trkpt lat="46.230910" lon="12.302802">
        <ele>420.374256</ele>
        <time>2026-08-21T07:42:28.167Z</time>
      </trkpt>
      <trkpt lat="46.231322" lon="12.303161">
        <ele>420.959216</ele>
        <time>2026-08-21T07:42:35.097Z</time>
      </trkpt>
      <trkpt lat="46.231871" lon="12.303539">
        <ele>421.563937</ele>
        <time>2026-08-21T07:42:43.852Z</time>
      </trkpt>
      <trkpt lat="46.232079" lon="12.303663">
        <ele>421.787683</ele>
        <time>2026-08-21T07:42:46.928Z</time>
      </trkpt>
      <trkpt lat="46.233222" lon="12.304161">
        <ele>421.835416</ele>
        <time>2026-08-21T07:42:56.070Z</time>
      </trkpt>
      <trkpt lat="46.233691" lon="12.304443">
        <ele>421.259473</ele>
        <time>2026-08-21T07:42:59.236Z</time>
      </trkpt>
      <trkpt lat="46.233916" lon="12.304646">
        <ele>420.958748</ele>
        <time>2026-08-21T07:43:01.291Z</time>
      </trkpt>
      <trkpt lat="46.234142" lon="12.304854">
        <ele>420.654973</ele>
        <time>2026-08-21T07:43:03.350Z</time>
      </trkpt>
      <trkpt lat="46.234365" lon="12.305157">
        <ele>420.270713</ele>
        <time>2026-08-21T07:43:05.779Z</time>
      </trkpt>
      <trkpt lat="46.234490" lon="12.305419">
        <ele>419.923242</ele>
        <time>2026-08-21T07:43:07.923Z</time>
      </trkpt>
      <trkpt lat="46.234603" lon="12.305823">
        <ele>419.447494</ele>
        <time>2026-08-21T07:43:10.381Z</time>
      </trkpt>
      <trkpt lat="46.234661" lon="12.305965">
        <ele>419.267460</ele>
        <time>2026-08-21T07:43:11.191Z</time>
      </trkpt>
      <trkpt lat="46.234766" lon="12.306110">
        <ele>419.038284</ele>
        <time>2026-08-21T07:43:12.235Z</time>
      </trkpt>
      <trkpt lat="46.235016" lon="12.306249">
        <ele>418.615536</ele>
        <time>2026-08-21T07:43:14.140Z</time>
      </trkpt>
      <trkpt lat="46.235195" lon="12.306331">
        <ele>418.319177</ele>
        <time>2026-08-21T07:43:15.459Z</time>
      </trkpt>
      <trkpt lat="46.235622" lon="12.306531">
        <ele>417.610759</ele>
        <time>2026-08-21T07:43:18.163Z</time>
      </trkpt>
      <trkpt lat="46.236676" lon="12.307016">
        <ele>415.580686</ele>
        <time>2026-08-21T07:43:24.782Z</time>
      </trkpt>
      <trkpt lat="46.236872" lon="12.307055">
        <ele>415.216176</ele>
        <time>2026-08-21T07:43:26.295Z</time>
      </trkpt>
      <trkpt lat="46.238398" lon="12.307262">
        <ele>415.199424</ele>
        <time>2026-08-21T07:43:42.723Z</time>
      </trkpt>
      <trkpt lat="46.239585" lon="12.307394">
        <ele>416.332092</ele>
        <time>2026-08-21T07:43:57.186Z</time>
      </trkpt>
      <trkpt lat="46.240156" lon="12.307520">
        <ele>416.893596</ele>
        <time>2026-08-21T07:44:03.756Z</time>
      </trkpt>
      <trkpt lat="46.241404" lon="12.307941">
        <ele>418.461749</ele>
        <time>2026-08-21T07:44:17.099Z</time>
      </trkpt>
      <trkpt lat="46.241956" lon="12.308128">
        <ele>419.409447</ele>
        <time>2026-08-21T07:44:24.982Z</time>
      </trkpt>
      <trkpt lat="46.242327" lon="12.308163">
        <ele>420.030921</ele>
        <time>2026-08-21T07:44:30.735Z</time>
      </trkpt>
      <trkpt lat="46.242377" lon="12.308167">
        <ele>420.114628</ele>
        <time>2026-08-21T07:44:31.457Z</time>
      </trkpt>
      <trkpt lat="46.242434" lon="12.308253">
        <ele>420.252334</ele>
        <time>2026-08-21T07:44:32.600Z</time>
      </trkpt>
      <trkpt lat="46.242372" lon="12.308393">
        <ele>420.444523</ele>
        <time>2026-08-21T07:44:34.120Z</time>
      </trkpt>
      <trkpt lat="46.242386" lon="12.308453">
        <ele>420.517729</ele>
        <time>2026-08-21T07:44:34.641Z</time>
      </trkpt>
      <trkpt lat="46.242358" lon="12.308643">
        <ele>420.712465</ele>
        <time>2026-08-21T07:44:36.322Z</time>
      </trkpt>
      <trkpt lat="46.242192" lon="12.308957">
        <ele>420.862199</ele>
        <time>2026-08-21T07:44:39.709Z</time>
      </trkpt>
      <trkpt lat="46.242055" lon="12.309135">
        <ele>420.963093</ele>
        <time>2026-08-21T07:44:41.983Z</time>
      </trkpt>
      <trkpt lat="46.242010" lon="12.309119">
        <ele>420.988478</ele>
        <time>2026-08-21T07:44:42.516Z</time>
      </trkpt>
      <trkpt lat="46.241952" lon="12.309039">
        <ele>421.032387</ele>
        <time>2026-08-21T07:44:43.502Z</time>
      </trkpt>
      <trkpt lat="46.242232" lon="12.308589">
        <ele>421.261713</ele>
        <time>2026-08-21T07:44:48.097Z</time>
      </trkpt>
      <trkpt lat="46.244125" lon="12.304874">
        <ele>420.711284</ele>
        <time>2026-08-21T07:45:13.298Z</time>
      </trkpt>
      <trkpt lat="46.244296" lon="12.304540">
        <ele>420.696508</ele>
        <time>2026-08-21T07:45:15.954Z</time>
      </trkpt>
      <trkpt lat="46.244557" lon="12.304174">
        <ele>420.677815</ele>
        <time>2026-08-21T07:45:19.361Z</time>
      </trkpt>
      <trkpt lat="46.244801" lon="12.303953">
        <ele>420.663012</ele>
        <time>2026-08-21T07:45:22.104Z</time>
      </trkpt>
      <trkpt lat="46.245014" lon="12.303827">
        <ele>420.651180</ele>
        <time>2026-08-21T07:45:24.333Z</time>
      </trkpt>
      <trkpt lat="46.246009" lon="12.303588">
        <ele>421.146964</ele>
        <time>2026-08-21T07:45:34.161Z</time>
      </trkpt>
      <trkpt lat="46.248786" lon="12.303064">
        <ele>422.731791</ele>
        <time>2026-08-21T07:46:03.705Z</time>
      </trkpt>
      <trkpt lat="46.248891" lon="12.303008">
        <ele>422.765547</ele>
        <time>2026-08-21T07:46:04.736Z</time>
      </trkpt>
      <trkpt lat="46.249036" lon="12.302928">
        <ele>422.812357</ele>
        <time>2026-08-21T07:46:06.140Z</time>
      </trkpt>
      <trkpt lat="46.249126" lon="12.302789">
        <ele>422.852074</ele>
        <time>2026-08-21T07:46:07.310Z</time>
      </trkpt>
      <trkpt lat="46.249173" lon="12.302786">
        <ele>422.866264</ele>
        <time>2026-08-21T07:46:07.730Z</time>
      </trkpt>
      <trkpt lat="46.249221" lon="12.302727">
        <ele>422.885265</ele>
        <time>2026-08-21T07:46:08.276Z</time>
      </trkpt>
      <trkpt lat="46.249231" lon="12.302661">
        <ele>422.899358</ele>
        <time>2026-08-21T07:46:08.693Z</time>
      </trkpt>
      <trkpt lat="46.249177" lon="12.302553">
        <ele>422.927156</ele>
        <time>2026-08-21T07:46:09.487Z</time>
      </trkpt>
      <trkpt lat="46.249116" lon="12.302354">
        <ele>422.972558</ele>
        <time>2026-08-21T07:46:10.780Z</time>
      </trkpt>
      <trkpt lat="46.248958" lon="12.300778">
        <ele>423.391951</ele>
        <time>2026-08-21T07:46:21.403Z</time>
      </trkpt>
      <trkpt lat="46.248948" lon="12.300674">
        <ele>423.434525</ele>
        <time>2026-08-21T07:46:22.179Z</time>
      </trkpt>
      <trkpt lat="46.249718" lon="12.300503">
        <ele>423.891292</ele>
        <time>2026-08-21T07:46:30.441Z</time>
      </trkpt>
      <trkpt lat="46.249671" lon="12.300009">
        <ele>424.093474</ele>
        <time>2026-08-21T07:46:34.170Z</time>
      </trkpt>
      <trkpt lat="46.249675" lon="12.299778">
        <ele>424.187164</ele>
        <time>2026-08-21T07:46:35.896Z</time>
      </trkpt>
      <trkpt lat="46.249728" lon="12.299588">
        <ele>424.269957</ele>
        <time>2026-08-21T07:46:37.382Z</time>
      </trkpt>
      <trkpt lat="46.249843" lon="12.299435">
        <ele>424.354010</ele>
        <time>2026-08-21T07:46:38.963Z</time>
      </trkpt>
      <trkpt lat="46.250321" lon="12.299047">
        <ele>424.648854</ele>
        <time>2026-08-21T07:46:44.125Z</time>
      </trkpt>
      <trkpt lat="46.250524" lon="12.298935">
        <ele>424.765721</ele>
        <time>2026-08-21T07:46:46.262Z</time>
      </trkpt>
      <trkpt lat="46.250791" lon="12.298907">
        <ele>424.909714</ele>
        <time>2026-08-21T07:46:48.962Z</time>
      </trkpt>
      <trkpt lat="46.251562" lon="12.298998">
        <ele>425.387805</ele>
        <time>2026-08-21T07:46:57.055Z</time>
      </trkpt>
      <trkpt lat="46.253222" lon="12.299187">
        <ele>426.890545</ele>
        <time>2026-08-21T07:47:15.710Z</time>
      </trkpt>
      <trkpt lat="46.253538" lon="12.299225">
        <ele>427.175055</ele>
        <time>2026-08-21T07:47:19.289Z</time>
      </trkpt>
      <trkpt lat="46.254539" lon="12.299333">
        <ele>428.075699</ele>
        <time>2026-08-21T07:47:30.321Z</time>
      </trkpt>
      <trkpt lat="46.255244" lon="12.299442">
        <ele>428.689557</ele>
        <time>2026-08-21T07:47:38.163Z</time>
      </trkpt>
      <trkpt lat="46.256174" lon="12.299570">
        <ele>429.449934</ele>
        <time>2026-08-21T07:47:48.350Z</time>
      </trkpt>
      <trkpt lat="46.256846" lon="12.299854">
        <ele>430.046919</ele>
        <time>2026-08-21T07:47:55.764Z</time>
      </trkpt>
      <trkpt lat="46.256938" lon="12.299963">
        <ele>430.174940</ele>
        <time>2026-08-21T07:47:57.037Z</time>
      </trkpt>
      <trkpt lat="46.256957" lon="12.300052">
        <ele>430.244268</ele>
        <time>2026-08-21T07:47:57.738Z</time>
      </trkpt>
      <trkpt lat="46.257044" lon="12.300116">
        <ele>430.349338</ele>
        <time>2026-08-21T07:47:58.787Z</time>
      </trkpt>
      <trkpt lat="46.257101" lon="12.300089">
        <ele>430.413903</ele>
        <time>2026-08-21T07:47:59.449Z</time>
      </trkpt>
      <trkpt lat="46.257137" lon="12.300022">
        <ele>430.477058</ele>
        <time>2026-08-21T07:48:00.083Z</time>
      </trkpt>
      <trkpt lat="46.257143" lon="12.299938">
        <ele>430.539911</ele>
        <time>2026-08-21T07:48:00.719Z</time>
      </trkpt>
      <trkpt lat="46.257087" lon="12.299833">
        <ele>430.638609</ele>
        <time>2026-08-21T07:48:01.710Z</time>
      </trkpt>
      <trkpt lat="46.257060" lon="12.299752">
        <ele>430.705536</ele>
        <time>2026-08-21T07:48:02.398Z</time>
      </trkpt>
      <trkpt lat="46.257099" lon="12.299604">
        <ele>430.823420</ele>
        <time>2026-08-21T07:48:03.552Z</time>
      </trkpt>
      <trkpt lat="46.257139" lon="12.299545">
        <ele>430.884921</ele>
        <time>2026-08-21T07:48:04.167Z</time>
      </trkpt>
      <trkpt lat="46.257205" lon="12.299514">
        <ele>430.959620</ele>
        <time>2026-08-21T07:48:04.883Z</time>
      </trkpt>
      <trkpt lat="46.257263" lon="12.299528">
        <ele>431.022918</ele>
        <time>2026-08-21T07:48:05.493Z</time>
      </trkpt>
      <trkpt lat="46.257996" lon="12.299878">
        <ele>431.853851</ele>
        <time>2026-08-21T07:48:14.586Z</time>
      </trkpt>
      <trkpt lat="46.258206" lon="12.299911">
        <ele>432.348062</ele>
        <time>2026-08-21T07:48:17.570Z</time>
      </trkpt>
      <trkpt lat="46.258355" lon="12.299935">
        <ele>432.715016</ele>
        <time>2026-08-21T07:48:19.722Z</time>
      </trkpt>
      <trkpt lat="46.258553" lon="12.299800">
        <ele>433.250801</ele>
        <time>2026-08-21T07:48:22.885Z</time>
      </trkpt>
      <trkpt lat="46.258904" lon="12.299876">
        <ele>434.119499</ele>
        <time>2026-08-21T07:48:27.804Z</time>
      </trkpt>
      <trkpt lat="46.259010" lon="12.299898">
        <ele>434.381607</ele>
        <time>2026-08-21T07:48:29.207Z</time>
      </trkpt>
      <trkpt lat="46.259214" lon="12.299942">
        <ele>434.886449</ele>
        <time>2026-08-21T07:48:31.880Z</time>
      </trkpt>
      <trkpt lat="46.259577" lon="12.300080">
        <ele>435.805124</ele>
        <time>2026-08-21T07:48:37.956Z</time>
      </trkpt>
      <trkpt lat="46.260294" lon="12.300411">
        <ele>438.773535</ele>
        <time>2026-08-21T07:48:52.073Z</time>
      </trkpt>
      <trkpt lat="46.260597" lon="12.300600">
        <ele>440.243649</ele>
        <time>2026-08-21T07:48:57.946Z</time>
      </trkpt>
      <trkpt lat="46.261055" lon="12.301069">
        <ele>442.743759</ele>
        <time>2026-08-21T07:49:08.059Z</time>
      </trkpt>
      <trkpt lat="46.261937" lon="12.301658">
        <ele>449.328020</ele>
        <time>2026-08-21T07:49:31.836Z</time>
      </trkpt>
      <trkpt lat="46.261970" lon="12.301353">
        <ele>451.049425</ele>
        <time>2026-08-21T07:49:37.723Z</time>
      </trkpt>
      <trkpt lat="46.261930" lon="12.301199">
        <ele>451.966744</ele>
        <time>2026-08-21T07:49:41.101Z</time>
      </trkpt>
      <trkpt lat="46.261873" lon="12.301108">
        <ele>452.651453</ele>
        <time>2026-08-21T07:49:43.729Z</time>
      </trkpt>
      <trkpt lat="46.261521" lon="12.300787">
        <ele>456.007611</ele>
        <time>2026-08-21T07:49:57.381Z</time>
      </trkpt>
      <trkpt lat="46.261325" lon="12.300452">
        <ele>458.454731</ele>
        <time>2026-08-21T07:50:07.678Z</time>
      </trkpt>
      <trkpt lat="46.261271" lon="12.300254">
        <ele>459.541860</ele>
        <time>2026-08-21T07:50:12.612Z</time>
      </trkpt>
      <trkpt lat="46.261261" lon="12.300054">
        <ele>460.528381</ele>
        <time>2026-08-21T07:50:16.896Z</time>
      </trkpt>
      <trkpt lat="46.261294" lon="12.299788">
        <ele>461.857937</ele>
        <time>2026-08-21T07:50:22.354Z</time>
      </trkpt>
      <trkpt lat="46.261688" lon="12.298689">
        <ele>467.948420</ele>
        <time>2026-08-21T07:50:43.477Z</time>
      </trkpt>
      <trkpt lat="46.261936" lon="12.297999">
        <ele>471.752872</ele>
        <time>2026-08-21T07:50:55.710Z</time>
      </trkpt>
      <trkpt lat="46.262318" lon="12.298291">
        <ele>474.462898</ele>
        <time>2026-08-21T07:51:06.736Z</time>
      </trkpt>
      <trkpt lat="46.262468" lon="12.298124">
        <ele>475.650173</ele>
        <time>2026-08-21T07:51:11.047Z</time>
      </trkpt>
      <trkpt lat="46.262645" lon="12.298049">
        <ele>476.807026</ele>
        <time>2026-08-21T07:51:15.353Z</time>
      </trkpt>
      <trkpt lat="46.262755" lon="12.298056">
        <ele>477.497646</ele>
        <time>2026-08-21T07:51:18.074Z</time>
      </trkpt>
      <trkpt lat="46.262919" lon="12.298133">
        <ele>478.579137</ele>
        <time>2026-08-21T07:51:22.508Z</time>
      </trkpt>
      <trkpt lat="46.263218" lon="12.298358">
        <ele>480.693169</ele>
        <time>2026-08-21T07:51:31.331Z</time>
      </trkpt>
      <trkpt lat="46.263377" lon="12.298495">
        <ele>481.853997</ele>
        <time>2026-08-21T07:51:36.352Z</time>
      </trkpt>
      <trkpt lat="46.263518" lon="12.298685">
        <ele>482.991464</ele>
        <time>2026-08-21T07:51:41.468Z</time>
      </trkpt>
      <trkpt lat="46.263629" lon="12.298987">
        <ele>483.911996</ele>
        <time>2026-08-21T07:51:47.012Z</time>
      </trkpt>
      <trkpt lat="46.263668" lon="12.299245">
        <ele>484.622781</ele>
        <time>2026-08-21T07:51:50.519Z</time>
      </trkpt>
      <trkpt lat="46.263719" lon="12.299632">
        <ele>485.683105</ele>
        <time>2026-08-21T07:51:55.400Z</time>
      </trkpt>
      <trkpt lat="46.263811" lon="12.299912">
        <ele>486.517475</ele>
        <time>2026-08-21T07:51:59.959Z</time>
      </trkpt>
      <trkpt lat="46.263954" lon="12.300172">
        <ele>487.411667</ele>
        <time>2026-08-21T07:52:04.203Z</time>
      </trkpt>
      <trkpt lat="46.264067" lon="12.300380">
        <ele>488.123639</ele>
        <time>2026-08-21T07:52:06.989Z</time>
      </trkpt>
      <trkpt lat="46.264125" lon="12.300408">
        <ele>488.361677</ele>
        <time>2026-08-21T07:52:07.815Z</time>
      </trkpt>
      <trkpt lat="46.264195" lon="12.300377">
        <ele>488.646674</ele>
        <time>2026-08-21T07:52:08.676Z</time>
      </trkpt>
      <trkpt lat="46.264185" lon="12.300312">
        <ele>488.825892</ele>
        <time>2026-08-21T07:52:09.179Z</time>
      </trkpt>
      <trkpt lat="46.264150" lon="12.300085">
        <ele>489.451843</ele>
        <time>2026-08-21T07:52:10.616Z</time>
      </trkpt>
      <trkpt lat="46.264073" lon="12.299385">
        <ele>491.086490</ele>
        <time>2026-08-21T07:52:17.144Z</time>
      </trkpt>
      <trkpt lat="46.264016" lon="12.299202">
        <ele>491.527207</ele>
        <time>2026-08-21T07:52:19.100Z</time>
      </trkpt>
      <trkpt lat="46.263786" lon="12.298737">
        <ele>492.782633</ele>
        <time>2026-08-21T07:52:25.273Z</time>
      </trkpt>
      <trkpt lat="46.263754" lon="12.298667">
        <ele>492.966898</ele>
        <time>2026-08-21T07:52:26.126Z</time>
      </trkpt>
      <trkpt lat="46.263644" lon="12.298309">
        <ele>493.827114</ele>
        <time>2026-08-21T07:52:30.806Z</time>
      </trkpt>
      <trkpt lat="46.263629" lon="12.298029">
        <ele>494.443766</ele>
        <time>2026-08-21T07:52:34.127Z</time>
      </trkpt>
      <trkpt lat="46.264067" lon="12.289525">
        <ele>523.362495</ele>
        <time>2026-08-21T07:54:39.291Z</time>
      </trkpt>
      <trkpt lat="46.264111" lon="12.287004">
        <ele>528.896187</ele>
        <time>2026-08-21T07:55:09.142Z</time>
      </trkpt>
      <trkpt lat="46.264110" lon="12.286845">
        <ele>528.970515</ele>
        <time>2026-08-21T07:55:10.140Z</time>
      </trkpt>
      <trkpt lat="46.264098" lon="12.286451">
        <ele>529.154868</ele>
        <time>2026-08-21T07:55:12.373Z</time>
      </trkpt>
      <trkpt lat="46.264031" lon="12.286115">
        <ele>529.318334</ele>
        <time>2026-08-21T07:55:14.296Z</time>
      </trkpt>
      <trkpt lat="46.263599" lon="12.285149">
        <ele>529.856132</ele>
        <time>2026-08-21T07:55:20.891Z</time>
      </trkpt>
      <trkpt lat="46.263474" lon="12.284700">
        <ele>530.167826</ele>
        <time>2026-08-21T07:55:24.634Z</time>
      </trkpt>
      <trkpt lat="46.263395" lon="12.284260">
        <ele>531.065361</ele>
        <time>2026-08-21T07:55:28.849Z</time>
      </trkpt>
      <trkpt lat="46.263297" lon="12.283938">
        <ele>531.759982</ele>
        <time>2026-08-21T07:55:32.490Z</time>
      </trkpt>
      <trkpt lat="46.263115" lon="12.283527">
        <ele>532.723635</ele>
        <time>2026-08-21T07:55:38.185Z</time>
      </trkpt>
      <trkpt lat="46.263045" lon="12.283202">
        <ele>533.395724</ele>
        <time>2026-08-21T07:55:42.285Z</time>
      </trkpt>
      <trkpt lat="46.263037" lon="12.283018">
        <ele>533.759726</ele>
        <time>2026-08-21T07:55:44.477Z</time>
      </trkpt>
      <trkpt lat="46.263055" lon="12.282064">
        <ele>535.930786</ele>
        <time>2026-08-21T07:55:55.779Z</time>
      </trkpt>
      <trkpt lat="46.263056" lon="12.281976">
        <ele>536.214945</ele>
        <time>2026-08-21T07:55:56.871Z</time>
      </trkpt>
      <trkpt lat="46.263229" lon="12.280433">
        <ele>541.261822</ele>
        <time>2026-08-21T07:56:18.513Z</time>
      </trkpt>
      <trkpt lat="46.263248" lon="12.279731">
        <ele>543.530058</ele>
        <time>2026-08-21T07:56:29.303Z</time>
      </trkpt>
      <trkpt lat="46.263254" lon="12.278353">
        <ele>549.270312</ele>
        <time>2026-08-21T07:56:50.371Z</time>
      </trkpt>
      <trkpt lat="46.263265" lon="12.277852">
        <ele>551.364971</ele>
        <time>2026-08-21T07:56:58.151Z</time>
      </trkpt>
      <trkpt lat="46.263362" lon="12.277446">
        <ele>553.160036</ele>
        <time>2026-08-21T07:57:05.351Z</time>
      </trkpt>
      <trkpt lat="46.263603" lon="12.276919">
        <ele>555.767138</ele>
        <time>2026-08-21T07:57:16.883Z</time>
      </trkpt>
      <trkpt lat="46.263825" lon="12.276404">
        <ele>558.240023</ele>
        <time>2026-08-21T07:57:29.356Z</time>
      </trkpt>
      <trkpt lat="46.263991" lon="12.276201">
        <ele>559.521163</ele>
        <time>2026-08-21T07:57:35.899Z</time>
      </trkpt>
      <trkpt lat="46.264362" lon="12.275956">
        <ele>561.924819</ele>
        <time>2026-08-21T07:57:42.688Z</time>
      </trkpt>
      <trkpt lat="46.264695" lon="12.275734">
        <ele>564.085834</ele>
        <time>2026-08-21T07:57:49.097Z</time>
      </trkpt>
      <trkpt lat="46.264903" lon="12.275507">
        <ele>566.010570</ele>
        <time>2026-08-21T07:57:54.284Z</time>
      </trkpt>
      <trkpt lat="46.264998" lon="12.275343">
        <ele>567.491718</ele>
        <time>2026-08-21T07:57:57.086Z</time>
      </trkpt>
      <trkpt lat="46.265202" lon="12.274951">
        <ele>570.888250</ele>
        <time>2026-08-21T07:58:04.896Z</time>
      </trkpt>
      <trkpt lat="46.265426" lon="12.274641">
        <ele>573.992470</ele>
        <time>2026-08-21T07:58:14.947Z</time>
      </trkpt>
      <trkpt lat="46.265722" lon="12.274326">
        <ele>577.672133</ele>
        <time>2026-08-21T07:58:28.973Z</time>
      </trkpt>
      <trkpt lat="46.265898" lon="12.274234">
        <ele>579.546029</ele>
        <time>2026-08-21T07:58:37.232Z</time>
      </trkpt>
      <trkpt lat="46.266102" lon="12.274255">
        <ele>581.593925</ele>
        <time>2026-08-21T07:58:47.282Z</time>
      </trkpt>
      <trkpt lat="46.266293" lon="12.274396">
        <ele>583.517722</ele>
        <time>2026-08-21T07:58:57.643Z</time>
      </trkpt>
      <trkpt lat="46.266357" lon="12.274517">
        <ele>584.218445</ele>
        <time>2026-08-21T07:59:02.182Z</time>
      </trkpt>
      <trkpt lat="46.266407" lon="12.274701">
        <ele>585.127748</ele>
        <time>2026-08-21T07:59:07.350Z</time>
      </trkpt>
      <trkpt lat="46.266449" lon="12.274821">
        <ele>585.746368</ele>
        <time>2026-08-21T07:59:10.694Z</time>
      </trkpt>
      <trkpt lat="46.266522" lon="12.274879">
        <ele>586.300479</ele>
        <time>2026-08-21T07:59:13.736Z</time>
      </trkpt>
      <trkpt lat="46.266623" lon="12.274861">
        <ele>586.977518</ele>
        <time>2026-08-21T07:59:17.408Z</time>
      </trkpt>
      <trkpt lat="46.266685" lon="12.274777">
        <ele>587.542677</ele>
        <time>2026-08-21T07:59:20.341Z</time>
      </trkpt>
      <trkpt lat="46.266705" lon="12.274661">
        <ele>588.092536</ele>
        <time>2026-08-21T07:59:23.091Z</time>
      </trkpt>
      <trkpt lat="46.266801" lon="12.274467">
        <ele>589.189829</ele>
        <time>2026-08-21T07:59:27.964Z</time>
      </trkpt>
      <trkpt lat="46.266883" lon="12.274230">
        <ele>590.408755</ele>
        <time>2026-08-21T07:59:32.239Z</time>
      </trkpt>
      <trkpt lat="46.266926" lon="12.273932">
        <ele>591.808872</ele>
        <time>2026-08-21T07:59:35.601Z</time>
      </trkpt>
      <trkpt lat="46.267162" lon="12.272998">
        <ele>593.681757</ele>
        <time>2026-08-21T07:59:40.821Z</time>
      </trkpt>
      <trkpt lat="46.267225" lon="12.272831">
        <ele>592.794091</ele>
        <time>2026-08-21T07:59:41.742Z</time>
      </trkpt>
      <trkpt lat="46.267483" lon="12.272412">
        <ele>590.176029</ele>
        <time>2026-08-21T07:59:44.083Z</time>
      </trkpt>
      <trkpt lat="46.267599" lon="12.272123">
        <ele>588.616793</ele>
        <time>2026-08-21T07:59:45.334Z</time>
      </trkpt>
      <trkpt lat="46.267775" lon="12.271782">
        <ele>586.631220</ele>
        <time>2026-08-21T07:59:46.878Z</time>
      </trkpt>
      <trkpt lat="46.267797" lon="12.271664">
        <ele>586.060985</ele>
        <time>2026-08-21T07:59:47.315Z</time>
      </trkpt>
      <trkpt lat="46.267758" lon="12.271032">
        <ele>583.100479</ele>
        <time>2026-08-21T07:59:49.529Z</time>
      </trkpt>
      <trkpt lat="46.268035" lon="12.269778">
        <ele>580.621718</ele>
        <time>2026-08-21T07:59:54.132Z</time>
      </trkpt>
      <trkpt lat="46.268290" lon="12.269003">
        <ele>579.085352</ele>
        <time>2026-08-21T08:00:01.935Z</time>
      </trkpt>
      <trkpt lat="46.268321" lon="12.268678">
        <ele>578.498095</ele>
        <time>2026-08-21T08:00:09.259Z</time>
      </trkpt>
      <trkpt lat="46.268694" lon="12.268076">
        <ele>582.487625</ele>
        <time>2026-08-21T08:00:32.790Z</time>
      </trkpt>
      <trkpt lat="46.268784" lon="12.267782">
        <ele>584.533375</ele>
        <time>2026-08-21T08:00:42.786Z</time>
      </trkpt>
      <trkpt lat="46.268806" lon="12.267210">
        <ele>588.178291</ele>
        <time>2026-08-21T08:00:59.971Z</time>
      </trkpt>
      <trkpt lat="46.268896" lon="12.266593">
        <ele>592.190325</ele>
        <time>2026-08-21T08:01:13.115Z</time>
      </trkpt>
      <trkpt lat="46.268856" lon="12.265880">
        <ele>594.283899</ele>
        <time>2026-08-21T08:01:19.839Z</time>
      </trkpt>
      <trkpt lat="46.268963" lon="12.265428">
        <ele>593.477627</ele>
        <time>2026-08-21T08:01:21.801Z</time>
      </trkpt>
      <trkpt lat="46.269046" lon="12.265286">
        <ele>593.163809</ele>
        <time>2026-08-21T08:01:22.518Z</time>
      </trkpt>
      <trkpt lat="46.269079" lon="12.265148">
        <ele>592.917383</ele>
        <time>2026-08-21T08:01:23.074Z</time>
      </trkpt>
      <trkpt lat="46.268992" lon="12.264586">
        <ele>591.945475</ele>
        <time>2026-08-21T08:01:25.243Z</time>
      </trkpt>
      <trkpt lat="46.268994" lon="12.264306">
        <ele>591.472929</ele>
        <time>2026-08-21T08:01:26.302Z</time>
      </trkpt>
      <trkpt lat="46.269022" lon="12.264038">
        <ele>591.015522</ele>
        <time>2026-08-21T08:01:27.357Z</time>
      </trkpt>
      <trkpt lat="46.268914" lon="12.263379">
        <ele>591.071438</ele>
        <time>2026-08-21T08:01:30.704Z</time>
      </trkpt>
      <trkpt lat="46.269032" lon="12.262629">
        <ele>592.678878</ele>
        <time>2026-08-21T08:01:40.113Z</time>
      </trkpt>
      <trkpt lat="46.269556" lon="12.262168">
        <ele>594.532944</ele>
        <time>2026-08-21T08:01:55.020Z</time>
      </trkpt>
      <trkpt lat="46.269838" lon="12.261756">
        <ele>595.744594</ele>
        <time>2026-08-21T08:02:03.289Z</time>
      </trkpt>
      <trkpt lat="46.270044" lon="12.261228">
        <ele>596.165871</ele>
        <time>2026-08-21T08:02:08.844Z</time>
      </trkpt>
      <trkpt lat="46.270290" lon="12.260761">
        <ele>596.502810</ele>
        <time>2026-08-21T08:02:11.607Z</time>
      </trkpt>
      <trkpt lat="46.270331" lon="12.260287">
        <ele>596.776941</ele>
        <time>2026-08-21T08:02:13.657Z</time>
      </trkpt>
      <trkpt lat="46.270394" lon="12.259941">
        <ele>596.982270</ele>
        <time>2026-08-21T08:02:15.296Z</time>
      </trkpt>
      <trkpt lat="46.270384" lon="12.259329">
        <ele>597.333571</ele>
        <time>2026-08-21T08:02:20.157Z</time>
      </trkpt>
      <trkpt lat="46.270513" lon="12.258769">
        <ele>599.537382</ele>
        <time>2026-08-21T08:02:29.024Z</time>
      </trkpt>
      <trkpt lat="46.270477" lon="12.257910">
        <ele>602.793735</ele>
        <time>2026-08-21T08:02:46.998Z</time>
      </trkpt>
      <trkpt lat="46.270676" lon="12.256558">
        <ele>607.499856</ele>
        <time>2026-08-21T08:03:09.461Z</time>
      </trkpt>
      <trkpt lat="46.270693" lon="12.255723">
        <ele>608.686553</ele>
        <time>2026-08-21T08:03:13.865Z</time>
      </trkpt>
      <trkpt lat="46.270611" lon="12.255213">
        <ele>609.430388</ele>
        <time>2026-08-21T08:03:16.378Z</time>
      </trkpt>
      <trkpt lat="46.270649" lon="12.254538">
        <ele>610.392454</ele>
        <time>2026-08-21T08:03:22.830Z</time>
      </trkpt>
      <trkpt lat="46.270717" lon="12.254240">
        <ele>610.838255</ele>
        <time>2026-08-21T08:03:27.822Z</time>
      </trkpt>
      <trkpt lat="46.270788" lon="12.254087">
        <ele>611.336632</ele>
        <time>2026-08-21T08:03:30.718Z</time>
      </trkpt>
      <trkpt lat="46.270929" lon="12.253957">
        <ele>612.051375</ele>
        <time>2026-08-21T08:03:34.274Z</time>
      </trkpt>
      <trkpt lat="46.271044" lon="12.253929">
        <ele>612.549884</ele>
        <time>2026-08-21T08:03:36.537Z</time>
      </trkpt>
      <trkpt lat="46.271457" lon="12.253948">
        <ele>614.316245</ele>
        <time>2026-08-21T08:03:45.089Z</time>
      </trkpt>
      <trkpt lat="46.271536" lon="12.253880">
        <ele>614.709206</ele>
        <time>2026-08-21T08:03:46.894Z</time>
      </trkpt>
      <trkpt lat="46.271705" lon="12.253737">
        <ele>615.546137</ele>
        <time>2026-08-21T08:03:51.393Z</time>
      </trkpt>
      <trkpt lat="46.271874" lon="12.253267">
        <ele>617.111588</ele>
        <time>2026-08-21T08:03:59.597Z</time>
      </trkpt>
      <trkpt lat="46.271883" lon="12.253120">
        <ele>617.547653</ele>
        <time>2026-08-21T08:04:02.269Z</time>
      </trkpt>
      <trkpt lat="46.271837" lon="12.252664">
        <ele>618.299250</ele>
        <time>2026-08-21T08:04:08.159Z</time>
      </trkpt>
      <trkpt lat="46.271850" lon="12.252595">
        <ele>618.130952</ele>
        <time>2026-08-21T08:04:08.661Z</time>
      </trkpt>
      <trkpt lat="46.271889" lon="12.252542">
        <ele>617.948786</ele>
        <time>2026-08-21T08:04:09.205Z</time>
      </trkpt>
      <trkpt lat="46.271988" lon="12.252510">
        <ele>617.603439</ele>
        <time>2026-08-21T08:04:10.044Z</time>
      </trkpt>
      <trkpt lat="46.272247" lon="12.252515">
        <ele>616.721618</ele>
        <time>2026-08-21T08:04:11.671Z</time>
      </trkpt>
      <trkpt lat="46.272578" lon="12.252343">
        <ele>615.524269</ele>
        <time>2026-08-21T08:04:13.789Z</time>
      </trkpt>
      <trkpt lat="46.272856" lon="12.252394">
        <ele>614.570263</ele>
        <time>2026-08-21T08:04:15.381Z</time>
      </trkpt>
      <trkpt lat="46.272991" lon="12.252319">
        <ele>614.077945</ele>
        <time>2026-08-21T08:04:16.188Z</time>
      </trkpt>
      <trkpt lat="46.273071" lon="12.252165">
        <ele>613.624618</ele>
        <time>2026-08-21T08:04:16.926Z</time>
      </trkpt>
      <trkpt lat="46.273099" lon="12.251852">
        <ele>612.881922</ele>
        <time>2026-08-21T08:04:18.108Z</time>
      </trkpt>
      <trkpt lat="46.273278" lon="12.251367">
        <ele>611.462683</ele>
        <time>2026-08-21T08:04:20.107Z</time>
      </trkpt>
      <trkpt lat="46.273303" lon="12.251195">
        <ele>610.988635</ele>
        <time>2026-08-21T08:04:20.736Z</time>
      </trkpt>
      <trkpt lat="46.273339" lon="12.250402">
        <ele>608.845221</ele>
        <time>2026-08-21T08:04:23.632Z</time>
      </trkpt>
      <trkpt lat="46.273384" lon="12.250198">
        <ele>608.267673</ele>
        <time>2026-08-21T08:04:24.458Z</time>
      </trkpt>
      <trkpt lat="46.273473" lon="12.250101">
        <ele>607.832881</ele>
        <time>2026-08-21T08:04:25.110Z</time>
      </trkpt>
      <trkpt lat="46.274130" lon="12.249562">
        <ele>605.632589</ele>
        <time>2026-08-21T08:04:34.336Z</time>
      </trkpt>
      <trkpt lat="46.274270" lon="12.249308">
        <ele>605.962831</ele>
        <time>2026-08-21T08:04:39.462Z</time>
      </trkpt>
      <trkpt lat="46.274356" lon="12.249251">
        <ele>606.101950</ele>
        <time>2026-08-21T08:04:41.719Z</time>
      </trkpt>
      <trkpt lat="46.274687" lon="12.249371">
        <ele>606.603792</ele>
        <time>2026-08-21T08:04:49.634Z</time>
      </trkpt>
      <trkpt lat="46.274784" lon="12.249375">
        <ele>606.746505</ele>
        <time>2026-08-21T08:04:51.600Z</time>
      </trkpt>
      <trkpt lat="46.275085" lon="12.249310">
        <ele>607.194081</ele>
        <time>2026-08-21T08:04:56.814Z</time>
      </trkpt>
      <trkpt lat="46.275593" lon="12.249306">
        <ele>607.941192</ele>
        <time>2026-08-21T08:05:00.735Z</time>
      </trkpt>
      <trkpt lat="46.275822" lon="12.249242">
        <ele>606.768506</ele>
        <time>2026-08-21T08:05:02.074Z</time>
      </trkpt>
      <trkpt lat="46.276044" lon="12.248997">
        <ele>604.226962</ele>
        <time>2026-08-21T08:05:03.586Z</time>
      </trkpt>
      <trkpt lat="46.276124" lon="12.248829">
        <ele>602.943423</ele>
        <time>2026-08-21T08:05:04.327Z</time>
      </trkpt>
      <trkpt lat="46.276219" lon="12.248716">
        <ele>601.823956</ele>
        <time>2026-08-21T08:05:04.960Z</time>
      </trkpt>
      <trkpt lat="46.276518" lon="12.248468">
        <ele>598.686780</ele>
        <time>2026-08-21T08:05:06.715Z</time>
      </trkpt>
      <trkpt lat="46.276735" lon="12.248348">
        <ele>596.572169</ele>
        <time>2026-08-21T08:05:07.883Z</time>
      </trkpt>
      <trkpt lat="46.276919" lon="12.248155">
        <ele>594.503461</ele>
        <time>2026-08-21T08:05:09.031Z</time>
      </trkpt>
      <trkpt lat="46.277292" lon="12.247906">
        <ele>591.175531</ele>
        <time>2026-08-21T08:05:11.125Z</time>
      </trkpt>
      <trkpt lat="46.277496" lon="12.247631">
        <ele>589.751600</ele>
        <time>2026-08-21T08:05:12.576Z</time>
      </trkpt>
      <trkpt lat="46.277744" lon="12.247206">
        <ele>587.788326</ele>
        <time>2026-08-21T08:05:14.651Z</time>
      </trkpt>
      <trkpt lat="46.277972" lon="12.246874">
        <ele>586.136349</ele>
        <time>2026-08-21T08:05:16.541Z</time>
      </trkpt>
      <trkpt lat="46.278288" lon="12.246248">
        <ele>583.400193</ele>
        <time>2026-08-21T08:05:20.379Z</time>
      </trkpt>
      <trkpt lat="46.278415" lon="12.246103">
        <ele>582.574000</ele>
        <time>2026-08-21T08:05:21.689Z</time>
      </trkpt>
      <trkpt lat="46.278733" lon="12.245842">
        <ele>581.899893</ele>
        <time>2026-08-21T08:05:24.402Z</time>
      </trkpt>
      <trkpt lat="46.278915" lon="12.245641">
        <ele>581.501810</ele>
        <time>2026-08-21T08:05:25.920Z</time>
      </trkpt>
      <trkpt lat="46.279103" lon="12.245419">
        <ele>581.079900</ele>
        <time>2026-08-21T08:05:27.563Z</time>
      </trkpt>
      <trkpt lat="46.279601" lon="12.244712">
        <ele>579.866860</ele>
        <time>2026-08-21T08:05:32.451Z</time>
      </trkpt>
      <trkpt lat="46.280108" lon="12.244536">
        <ele>578.643953</ele>
        <time>2026-08-21T08:05:35.649Z</time>
      </trkpt>
      <trkpt lat="46.280456" lon="12.244460">
        <ele>577.579847</ele>
        <time>2026-08-21T08:05:37.795Z</time>
      </trkpt>
      <trkpt lat="46.280658" lon="12.244435">
        <ele>576.966865</ele>
        <time>2026-08-21T08:05:39.066Z</time>
      </trkpt>
      <trkpt lat="46.280902" lon="12.244458">
        <ele>576.227561</ele>
        <time>2026-08-21T08:05:40.633Z</time>
      </trkpt>
      <trkpt lat="46.280982" lon="12.244427">
        <ele>575.977154</ele>
        <time>2026-08-21T08:05:41.170Z</time>
      </trkpt>
      <trkpt lat="46.281690" lon="12.243435">
        <ele>573.501266</ele>
        <time>2026-08-21T08:05:47.014Z</time>
      </trkpt>
      <trkpt lat="46.281852" lon="12.243257">
        <ele>573.211487</ele>
        <time>2026-08-21T08:05:48.220Z</time>
      </trkpt>
      <trkpt lat="46.282360" lon="12.242587">
        <ele>572.232282</ele>
        <time>2026-08-21T08:05:52.732Z</time>
      </trkpt>
      <trkpt lat="46.282687" lon="12.242152">
        <ele>571.599496</ele>
        <time>2026-08-21T08:05:57.138Z</time>
      </trkpt>
      <trkpt lat="46.282839" lon="12.241998">
        <ele>571.482546</ele>
        <time>2026-08-21T08:05:59.311Z</time>
      </trkpt>
      <trkpt lat="46.283611" lon="12.241355">
        <ele>573.757240</ele>
        <time>2026-08-21T08:06:12.184Z</time>
      </trkpt>
      <trkpt lat="46.284421" lon="12.240990">
        <ele>575.923680</ele>
        <time>2026-08-21T08:06:25.812Z</time>
      </trkpt>
      <trkpt lat="46.284934" lon="12.240835">
        <ele>578.611005</ele>
        <time>2026-08-21T08:06:35.447Z</time>
      </trkpt>
      <trkpt lat="46.285496" lon="12.240943">
        <ele>581.583532</ele>
        <time>2026-08-21T08:06:48.130Z</time>
      </trkpt>
      <trkpt lat="46.285747" lon="12.240943">
        <ele>582.899565</ele>
        <time>2026-08-21T08:06:54.353Z</time>
      </trkpt>
      <trkpt lat="46.286459" lon="12.240715">
        <ele>586.495404</ele>
        <time>2026-08-21T08:07:12.362Z</time>
      </trkpt>
      <trkpt lat="46.287792" lon="12.240224">
        <ele>592.455672</ele>
        <time>2026-08-21T08:07:39.600Z</time>
      </trkpt>
      <trkpt lat="46.288013" lon="12.240176">
        <ele>593.177762</ele>
        <time>2026-08-21T08:07:42.669Z</time>
      </trkpt>
      <trkpt lat="46.288738" lon="12.240282">
        <ele>592.778363</ele>
        <time>2026-08-21T08:07:50.193Z</time>
      </trkpt>
      <trkpt lat="46.290155" lon="12.240016">
        <ele>591.907741</ele>
        <time>2026-08-21T08:07:59.530Z</time>
      </trkpt>
      <trkpt lat="46.290511" lon="12.239977">
        <ele>591.635791</ele>
        <time>2026-08-21T08:08:01.742Z</time>
      </trkpt>
      <trkpt lat="46.291076" lon="12.240077">
        <ele>591.202208</ele>
        <time>2026-08-21T08:08:05.693Z</time>
      </trkpt>
      <trkpt lat="46.291264" lon="12.240082">
        <ele>591.058980</ele>
        <time>2026-08-21T08:08:07.350Z</time>
      </trkpt>
      <trkpt lat="46.291381" lon="12.240021">
        <ele>590.964250</ele>
        <time>2026-08-21T08:08:08.652Z</time>
      </trkpt>
      <trkpt lat="46.291462" lon="12.240020">
        <ele>590.902548</ele>
        <time>2026-08-21T08:08:09.639Z</time>
      </trkpt>
      <trkpt lat="46.291869" lon="12.240092">
        <ele>592.759535</ele>
        <time>2026-08-21T08:08:16.100Z</time>
      </trkpt>
      <trkpt lat="46.292881" lon="12.240101">
        <ele>598.438462</ele>
        <time>2026-08-21T08:08:42.088Z</time>
      </trkpt>
      <trkpt lat="46.293002" lon="12.240106">
        <ele>599.117729</ele>
        <time>2026-08-21T08:08:45.505Z</time>
      </trkpt>
      <trkpt lat="46.293692" lon="12.240105">
        <ele>602.969732</ele>
        <time>2026-08-21T08:09:02.542Z</time>
      </trkpt>
      <trkpt lat="46.293852" lon="12.240111">
        <ele>603.859130</ele>
        <time>2026-08-21T08:09:06.198Z</time>
      </trkpt>
      <trkpt lat="46.294016" lon="12.240048">
        <ele>604.802014</ele>
        <time>2026-08-21T08:09:10.033Z</time>
      </trkpt>
      <trkpt lat="46.294510" lon="12.239553">
        <ele>608.140837</ele>
        <time>2026-08-21T08:09:23.063Z</time>
      </trkpt>
      <trkpt lat="46.294850" lon="12.239358">
        <ele>610.173115</ele>
        <time>2026-08-21T08:09:30.419Z</time>
      </trkpt>
      <trkpt lat="46.294997" lon="12.239185">
        <ele>611.184859</ele>
        <time>2026-08-21T08:09:33.964Z</time>
      </trkpt>
      <trkpt lat="46.295166" lon="12.238855">
        <ele>612.537391</ele>
        <time>2026-08-21T08:09:39.781Z</time>
      </trkpt>
      <trkpt lat="46.295290" lon="12.238669">
        <ele>613.388442</ele>
        <time>2026-08-21T08:09:43.750Z</time>
      </trkpt>
      <trkpt lat="46.295607" lon="12.238408">
        <ele>615.126465</ele>
        <time>2026-08-21T08:09:52.134Z</time>
      </trkpt>
      <trkpt lat="46.295672" lon="12.238304">
        <ele>615.588221</ele>
        <time>2026-08-21T08:09:54.378Z</time>
      </trkpt>
      <trkpt lat="46.295692" lon="12.238132">
        <ele>616.162529</ele>
        <time>2026-08-21T08:09:57.177Z</time>
      </trkpt>
      <trkpt lat="46.295650" lon="12.237937">
        <ele>616.835079</ele>
        <time>2026-08-21T08:10:00.426Z</time>
      </trkpt>
      <trkpt lat="46.295405" lon="12.237543">
        <ele>618.580432</ele>
        <time>2026-08-21T08:10:07.905Z</time>
      </trkpt>
      <trkpt lat="46.295315" lon="12.237343">
        <ele>619.366330</ele>
        <time>2026-08-21T08:10:10.733Z</time>
      </trkpt>
      <trkpt lat="46.295131" lon="12.236623">
        <ele>619.878673</ele>
        <time>2026-08-21T08:10:18.305Z</time>
      </trkpt>
      <trkpt lat="46.295133" lon="12.236430">
        <ele>619.977202</ele>
        <time>2026-08-21T08:10:19.815Z</time>
      </trkpt>
      <trkpt lat="46.295192" lon="12.236318">
        <ele>620.049093</ele>
        <time>2026-08-21T08:10:20.759Z</time>
      </trkpt>
      <trkpt lat="46.295604" lon="12.235927">
        <ele>620.413069</ele>
        <time>2026-08-21T08:10:25.089Z</time>
      </trkpt>
      <trkpt lat="46.296113" lon="12.235305">
        <ele>620.892143</ele>
        <time>2026-08-21T08:10:30.124Z</time>
      </trkpt>
      <trkpt lat="46.296513" lon="12.234400">
        <ele>621.334324</ele>
        <time>2026-08-21T08:10:35.793Z</time>
      </trkpt>
      <trkpt lat="46.296707" lon="12.233887">
        <ele>621.575025</ele>
        <time>2026-08-21T08:10:39.856Z</time>
      </trkpt>
      <trkpt lat="46.297080" lon="12.232721">
        <ele>622.676785</ele>
        <time>2026-08-21T08:10:52.912Z</time>
      </trkpt>
      <trkpt lat="46.297147" lon="12.232574">
        <ele>622.962537</ele>
        <time>2026-08-21T08:10:54.890Z</time>
      </trkpt>
      <trkpt lat="46.297247" lon="12.232460">
        <ele>623.261490</ele>
        <time>2026-08-21T08:10:56.953Z</time>
      </trkpt>
      <trkpt lat="46.297429" lon="12.232383">
        <ele>623.706806</ele>
        <time>2026-08-21T08:11:00.093Z</time>
      </trkpt>
      <trkpt lat="46.297878" lon="12.232336">
        <ele>624.764044</ele>
        <time>2026-08-21T08:11:07.309Z</time>
      </trkpt>
      <trkpt lat="46.298612" lon="12.232063">
        <ele>626.548906</ele>
        <time>2026-08-21T08:11:17.321Z</time>
      </trkpt>
      <trkpt lat="46.298892" lon="12.231997">
        <ele>627.223343</ele>
        <time>2026-08-21T08:11:20.231Z</time>
      </trkpt>
      <trkpt lat="46.299157" lon="12.231980">
        <ele>627.853967</ele>
        <time>2026-08-21T08:11:22.966Z</time>
      </trkpt>
      <trkpt lat="46.299550" lon="12.231851">
        <ele>628.812003</ele>
        <time>2026-08-21T08:11:28.504Z</time>
      </trkpt>
      <trkpt lat="46.299909" lon="12.231432">
        <ele>629.908387</ele>
        <time>2026-08-21T08:11:36.724Z</time>
      </trkpt>
      <trkpt lat="46.300017" lon="12.231375">
        <ele>630.181680</ele>
        <time>2026-08-21T08:11:38.960Z</time>
      </trkpt>
      <trkpt lat="46.300652" lon="12.231420">
        <ele>631.238003</ele>
        <time>2026-08-21T08:11:50.795Z</time>
      </trkpt>
      <trkpt lat="46.300792" lon="12.231396">
        <ele>631.454340</ele>
        <time>2026-08-21T08:11:53.124Z</time>
      </trkpt>
      <trkpt lat="46.300909" lon="12.231304">
        <ele>631.658664</ele>
        <time>2026-08-21T08:11:55.157Z</time>
      </trkpt>
      <trkpt lat="46.301398" lon="12.230688">
        <ele>632.653437</ele>
        <time>2026-08-21T08:12:01.929Z</time>
      </trkpt>
      <trkpt lat="46.301769" lon="12.229519">
        <ele>634.014134</ele>
        <time>2026-08-21T08:12:08.017Z</time>
      </trkpt>
      <trkpt lat="46.302002" lon="12.228603">
        <ele>635.045136</ele>
        <time>2026-08-21T08:12:16.075Z</time>
      </trkpt>
      <trkpt lat="46.302062" lon="12.228391">
        <ele>635.287117</ele>
        <time>2026-08-21T08:12:18.872Z</time>
      </trkpt>
      <trkpt lat="46.302173" lon="12.228231">
        <ele>635.526615</ele>
        <time>2026-08-21T08:12:21.943Z</time>
      </trkpt>
      <trkpt lat="46.302294" lon="12.228132">
        <ele>635.739115</ele>
        <time>2026-08-21T08:12:24.878Z</time>
      </trkpt>
      <trkpt lat="46.302928" lon="12.227813">
        <ele>637.579681</ele>
        <time>2026-08-21T08:12:38.777Z</time>
      </trkpt>
      <trkpt lat="46.303152" lon="12.227605">
        <ele>638.378239</ele>
        <time>2026-08-21T08:12:43.694Z</time>
      </trkpt>
      <trkpt lat="46.303415" lon="12.227225">
        <ele>639.493275</ele>
        <time>2026-08-21T08:12:50.134Z</time>
      </trkpt>
      <trkpt lat="46.303538" lon="12.226877">
        <ele>640.303599</ele>
        <time>2026-08-21T08:12:54.011Z</time>
      </trkpt>
      <trkpt lat="46.303788" lon="12.225359">
        <ele>641.384202</ele>
        <time>2026-08-21T08:13:03.748Z</time>
      </trkpt>
      <trkpt lat="46.303833" lon="12.224995">
        <ele>641.407578</ele>
        <time>2026-08-21T08:13:06.360Z</time>
      </trkpt>
      <trkpt lat="46.303891" lon="12.224668">
        <ele>641.428921</ele>
        <time>2026-08-21T08:13:08.734Z</time>
      </trkpt>
      <trkpt lat="46.304002" lon="12.224338">
        <ele>641.452123</ele>
        <time>2026-08-21T08:13:11.154Z</time>
      </trkpt>
      <trkpt lat="46.304239" lon="12.224114">
        <ele>641.478024</ele>
        <time>2026-08-21T08:13:13.458Z</time>
      </trkpt>
      <trkpt lat="46.304598" lon="12.223946">
        <ele>641.000212</ele>
        <time>2026-08-21T08:13:16.162Z</time>
      </trkpt>
      <trkpt lat="46.304867" lon="12.223899">
        <ele>640.622029</ele>
        <time>2026-08-21T08:13:18.032Z</time>
      </trkpt>
      <trkpt lat="46.305726" lon="12.223886">
        <ele>639.423010</ele>
        <time>2026-08-21T08:13:23.784Z</time>
      </trkpt>
      <trkpt lat="46.306296" lon="12.223967">
        <ele>638.841460</ele>
        <time>2026-08-21T08:13:27.648Z</time>
      </trkpt>
      <trkpt lat="46.306961" lon="12.224187">
        <ele>638.487187</ele>
        <time>2026-08-21T08:13:33.073Z</time>
      </trkpt>
      <trkpt lat="46.307312" lon="12.224234">
        <ele>638.304116</ele>
        <time>2026-08-21T08:13:36.327Z</time>
      </trkpt>
      <trkpt lat="46.307964" lon="12.224245">
        <ele>638.411541</ele>
        <time>2026-08-21T08:13:41.837Z</time>
      </trkpt>
      <trkpt lat="46.308177" lon="12.224327">
        <ele>639.016674</ele>
        <time>2026-08-21T08:13:43.542Z</time>
      </trkpt>
      <trkpt lat="46.308843" lon="12.224673">
        <ele>640.959408</ele>
        <time>2026-08-21T08:13:51.405Z</time>
      </trkpt>
      <trkpt lat="46.309234" lon="12.224694">
        <ele>642.033666</ele>
        <time>2026-08-21T08:13:58.974Z</time>
      </trkpt>
      <trkpt lat="46.309666" lon="12.224926">
        <ele>643.503377</ele>
        <time>2026-08-21T08:14:11.443Z</time>
      </trkpt>
      <trkpt lat="46.310517" lon="12.226355">
        <ele>649.341705</ele>
        <time>2026-08-21T08:14:45.212Z</time>
      </trkpt>
      <trkpt lat="46.310881" lon="12.226728">
        <ele>650.891842</ele>
        <time>2026-08-21T08:14:48.316Z</time>
      </trkpt>
      <trkpt lat="46.311325" lon="12.226906">
        <ele>649.949727</ele>
        <time>2026-08-21T08:14:50.962Z</time>
      </trkpt>
      <trkpt lat="46.311496" lon="12.226921">
        <ele>649.599404</ele>
        <time>2026-08-21T08:14:51.910Z</time>
      </trkpt>
      <trkpt lat="46.311869" lon="12.226848">
        <ele>648.829710</ele>
        <time>2026-08-21T08:14:54.017Z</time>
      </trkpt>
      <trkpt lat="46.312237" lon="12.226792">
        <ele>648.073032</ele>
        <time>2026-08-21T08:14:56.393Z</time>
      </trkpt>
      <trkpt lat="46.312485" lon="12.226869">
        <ele>647.554360</ele>
        <time>2026-08-21T08:14:59.512Z</time>
      </trkpt>
      <trkpt lat="46.313483" lon="12.227509">
        <ele>648.550765</ele>
        <time>2026-08-21T08:15:15.307Z</time>
      </trkpt>
      <trkpt lat="46.314231" lon="12.227712">
        <ele>649.467396</ele>
        <time>2026-08-21T08:15:22.494Z</time>
      </trkpt>
      <trkpt lat="46.314648" lon="12.227882">
        <ele>650.908253</ele>
        <time>2026-08-21T08:15:26.708Z</time>
      </trkpt>
      <trkpt lat="46.315109" lon="12.228181">
        <ele>652.709634</ele>
        <time>2026-08-21T08:15:34.233Z</time>
      </trkpt>
      <trkpt lat="46.315872" lon="12.229189">
        <ele>656.582907</ele>
        <time>2026-08-21T08:15:57.755Z</time>
      </trkpt>
      <trkpt lat="46.316316" lon="12.229615">
        <ele>659.268987</ele>
        <time>2026-08-21T08:16:10.019Z</time>
      </trkpt>
      <trkpt lat="46.317320" lon="12.230287">
        <ele>664.846932</ele>
        <time>2026-08-21T08:16:31.731Z</time>
      </trkpt>
      <trkpt lat="46.318011" lon="12.230733">
        <ele>668.595682</ele>
        <time>2026-08-21T08:16:47.185Z</time>
      </trkpt>
      <trkpt lat="46.318615" lon="12.231503">
        <ele>672.580236</ele>
        <time>2026-08-21T08:17:05.019Z</time>
      </trkpt>
      <trkpt lat="46.319022" lon="12.232214">
        <ele>675.333644</ele>
        <time>2026-08-21T08:17:17.503Z</time>
      </trkpt>
      <trkpt lat="46.319135" lon="12.232496">
        <ele>676.201773</ele>
        <time>2026-08-21T08:17:22.002Z</time>
      </trkpt>
      <trkpt lat="46.319447" lon="12.233223">
        <ele>678.480880</ele>
        <time>2026-08-21T08:17:33.485Z</time>
      </trkpt>
      <trkpt lat="46.319601" lon="12.233542">
        <ele>679.517232</ele>
        <time>2026-08-21T08:17:38.707Z</time>
      </trkpt>
      <trkpt lat="46.319874" lon="12.233871">
        <ele>680.860655</ele>
        <time>2026-08-21T08:17:43.855Z</time>
      </trkpt>
      <trkpt lat="46.320109" lon="12.234072">
        <ele>681.253535</ele>
        <time>2026-08-21T08:17:47.091Z</time>
      </trkpt>
      <trkpt lat="46.320365" lon="12.234177">
        <ele>681.636534</ele>
        <time>2026-08-21T08:17:50.268Z</time>
      </trkpt>
      <trkpt lat="46.320717" lon="12.234297">
        <ele>682.157074</ele>
        <time>2026-08-21T08:17:54.002Z</time>
      </trkpt>
      <trkpt lat="46.320957" lon="12.234342">
        <ele>682.505427</ele>
        <time>2026-08-21T08:17:56.646Z</time>
      </trkpt>
      <trkpt lat="46.321185" lon="12.234309">
        <ele>682.835257</ele>
        <time>2026-08-21T08:17:59.312Z</time>
      </trkpt>
      <trkpt lat="46.321415" lon="12.234189">
        <ele>683.187167</ele>
        <time>2026-08-21T08:18:02.378Z</time>
      </trkpt>
      <trkpt lat="46.321649" lon="12.234129">
        <ele>683.699145</ele>
        <time>2026-08-21T08:18:04.569Z</time>
      </trkpt>
      <trkpt lat="46.322409" lon="12.234052">
        <ele>686.757014</ele>
        <time>2026-08-21T08:18:16.592Z</time>
      </trkpt>
      <trkpt lat="46.322489" lon="12.234029">
        <ele>687.084377</ele>
        <time>2026-08-21T08:18:18.256Z</time>
      </trkpt>
      <trkpt lat="46.322719" lon="12.233907">
        <ele>688.067517</ele>
        <time>2026-08-21T08:18:23.748Z</time>
      </trkpt>
      <trkpt lat="46.323348" lon="12.233280">
        <ele>691.463744</ele>
        <time>2026-08-21T08:18:40.852Z</time>
      </trkpt>
      <trkpt lat="46.323758" lon="12.232665">
        <ele>695.471436</ele>
        <time>2026-08-21T08:18:54.321Z</time>
      </trkpt>
      <trkpt lat="46.324156" lon="12.232283">
        <ele>698.713109</ele>
        <time>2026-08-21T08:19:05.626Z</time>
      </trkpt>
      <trkpt lat="46.324893" lon="12.231860">
        <ele>704.828481</ele>
        <time>2026-08-21T08:19:27.791Z</time>
      </trkpt>
      <trkpt lat="46.325042" lon="12.231848">
        <ele>706.445104</ele>
        <time>2026-08-21T08:19:32.579Z</time>
      </trkpt>
      <trkpt lat="46.325251" lon="12.231923">
        <ele>708.777701</ele>
        <time>2026-08-21T08:19:39.766Z</time>
      </trkpt>
      <trkpt lat="46.325476" lon="12.232132">
        <ele>711.673508</ele>
        <time>2026-08-21T08:19:49.304Z</time>
      </trkpt>
      <trkpt lat="46.326014" lon="12.232907">
        <ele>719.894264</ele>
        <time>2026-08-21T08:20:19.161Z</time>
      </trkpt>
      <trkpt lat="46.326537" lon="12.233565">
        <ele>726.197915</ele>
        <time>2026-08-21T08:20:44.297Z</time>
      </trkpt>
      <trkpt lat="46.326837" lon="12.233688">
        <ele>728.771900</ele>
        <time>2026-08-21T08:20:53.883Z</time>
      </trkpt>
      <trkpt lat="46.327468" lon="12.233700">
        <ele>733.981541</ele>
        <time>2026-08-21T08:21:09.991Z</time>
      </trkpt>
      <trkpt lat="46.327952" lon="12.233556">
        <ele>737.963730</ele>
        <time>2026-08-21T08:21:20.260Z</time>
      </trkpt>
      <trkpt lat="46.328611" lon="12.233216">
        <ele>743.090321</ele>
        <time>2026-08-21T08:21:38.028Z</time>
      </trkpt>
      <trkpt lat="46.328949" lon="12.233142">
        <ele>745.595389</ele>
        <time>2026-08-21T08:21:48.698Z</time>
      </trkpt>
      <trkpt lat="46.329207" lon="12.233167">
        <ele>747.490285</ele>
        <time>2026-08-21T08:21:56.670Z</time>
      </trkpt>
      <trkpt lat="46.329562" lon="12.233278">
        <ele>750.151731</ele>
        <time>2026-08-21T08:22:06.973Z</time>
      </trkpt>
      <trkpt lat="46.329935" lon="12.233302">
        <ele>751.673543</ele>
        <time>2026-08-21T08:22:16.213Z</time>
      </trkpt>
      <trkpt lat="46.330179" lon="12.233257">
        <ele>752.603742</ele>
        <time>2026-08-21T08:22:21.274Z</time>
      </trkpt>
      <trkpt lat="46.331316" lon="12.232625">
        <ele>757.190881</ele>
        <time>2026-08-21T08:22:38.879Z</time>
      </trkpt>
      <trkpt lat="46.331590" lon="12.232569">
        <ele>757.562126</ele>
        <time>2026-08-21T08:22:42.756Z</time>
      </trkpt>
      <trkpt lat="46.332049" lon="12.232655">
        <ele>758.183060</ele>
        <time>2026-08-21T08:22:48.893Z</time>
      </trkpt>
      <trkpt lat="46.332251" lon="12.232660">
        <ele>758.454106</ele>
        <time>2026-08-21T08:22:50.853Z</time>
      </trkpt>
      <trkpt lat="46.332376" lon="12.232621">
        <ele>758.625655</ele>
        <time>2026-08-21T08:22:51.957Z</time>
      </trkpt>
      <trkpt lat="46.332550" lon="12.232429">
        <ele>758.919132</ele>
        <time>2026-08-21T08:22:54.445Z</time>
      </trkpt>
      <trkpt lat="46.332694" lon="12.232148">
        <ele>759.243295</ele>
        <time>2026-08-21T08:22:57.611Z</time>
      </trkpt>
      <trkpt lat="46.332741" lon="12.231948">
        <ele>759.439000</ele>
        <time>2026-08-21T08:22:59.264Z</time>
      </trkpt>
      <trkpt lat="46.332751" lon="12.231802">
        <ele>759.574910</ele>
        <time>2026-08-21T08:23:00.222Z</time>
      </trkpt>
      <trkpt lat="46.332750" lon="12.231279">
        <ele>761.593474</ele>
        <time>2026-08-21T08:23:03.466Z</time>
      </trkpt>
      <trkpt lat="46.332833" lon="12.231066">
        <ele>762.566516</ele>
        <time>2026-08-21T08:23:05.494Z</time>
      </trkpt>
      <trkpt lat="46.333035" lon="12.230833">
        <ele>764.054456</ele>
        <time>2026-08-21T08:23:10.276Z</time>
      </trkpt>
      <trkpt lat="46.333692" lon="12.230236">
        <ele>768.523436</ele>
        <time>2026-08-21T08:23:35.682Z</time>
      </trkpt>
      <trkpt lat="46.333898" lon="12.230156">
        <ele>769.752324</ele>
        <time>2026-08-21T08:23:41.597Z</time>
      </trkpt>
      <trkpt lat="46.334277" lon="12.230117">
        <ele>772.792020</ele>
        <time>2026-08-21T08:23:51.209Z</time>
      </trkpt>
      <trkpt lat="46.334425" lon="12.229969">
        <ele>774.272459</ele>
        <time>2026-08-21T08:23:55.691Z</time>
      </trkpt>
      <trkpt lat="46.334700" lon="12.229375">
        <ele>778.337091</ele>
        <time>2026-08-21T08:24:07.787Z</time>
      </trkpt>
      <trkpt lat="46.334818" lon="12.229191">
        <ele>779.764342</ele>
        <time>2026-08-21T08:24:11.784Z</time>
      </trkpt>
      <trkpt lat="46.334983" lon="12.229012">
        <ele>781.461298</ele>
        <time>2026-08-21T08:24:17.761Z</time>
      </trkpt>
      <trkpt lat="46.335444" lon="12.228643">
        <ele>785.964617</ele>
        <time>2026-08-21T08:24:33.990Z</time>
      </trkpt>
      <trkpt lat="46.335677" lon="12.228494">
        <ele>788.401128</ele>
        <time>2026-08-21T08:24:45.570Z</time>
      </trkpt>
      <trkpt lat="46.335900" lon="12.228409">
        <ele>790.607025</ele>
        <time>2026-08-21T08:24:57.425Z</time>
      </trkpt>
      <trkpt lat="46.335967" lon="12.228401">
        <ele>791.250134</ele>
        <time>2026-08-21T08:25:01.152Z</time>
      </trkpt>
      <trkpt lat="46.336635" lon="12.228407">
        <ele>797.640473</ele>
        <time>2026-08-21T08:25:26.189Z</time>
      </trkpt>
      <trkpt lat="46.337091" lon="12.228260">
        <ele>801.977815</ele>
        <time>2026-08-21T08:25:35.168Z</time>
      </trkpt>
      <trkpt lat="46.337279" lon="12.228122">
        <ele>802.102157</ele>
        <time>2026-08-21T08:25:36.739Z</time>
      </trkpt>
      <trkpt lat="46.337624" lon="12.227700">
        <ele>802.368561</ele>
        <time>2026-08-21T08:25:39.804Z</time>
      </trkpt>
      <trkpt lat="46.337908" lon="12.226928">
        <ele>802.724858</ele>
        <time>2026-08-21T08:25:43.328Z</time>
      </trkpt>
      <trkpt lat="46.338147" lon="12.226427">
        <ele>802.972894</ele>
        <time>2026-08-21T08:25:48.444Z</time>
      </trkpt>
      <trkpt lat="46.338433" lon="12.225965">
        <ele>805.217043</ele>
        <time>2026-08-21T08:26:00.398Z</time>
      </trkpt>
      <trkpt lat="46.338800" lon="12.225529">
        <ele>808.351709</ele>
        <time>2026-08-21T08:26:13.422Z</time>
      </trkpt>
      <trkpt lat="46.338870" lon="12.225482">
        <ele>808.861248</ele>
        <time>2026-08-21T08:26:15.545Z</time>
      </trkpt>
      <trkpt lat="46.338972" lon="12.225320">
        <ele>809.860911</ele>
        <time>2026-08-21T08:26:19.534Z</time>
      </trkpt>
      <trkpt lat="46.339034" lon="12.224852">
        <ele>812.033641</ele>
        <time>2026-08-21T08:26:28.006Z</time>
      </trkpt>
      <trkpt lat="46.339060" lon="12.224732">
        <ele>812.607080</ele>
        <time>2026-08-21T08:26:30.323Z</time>
      </trkpt>
      <trkpt lat="46.339116" lon="12.224614">
        <ele>813.259940</ele>
        <time>2026-08-21T08:26:32.855Z</time>
      </trkpt>
      <trkpt lat="46.339411" lon="12.224418">
        <ele>815.226350</ele>
        <time>2026-08-21T08:26:41.795Z</time>
      </trkpt>
      <trkpt lat="46.339522" lon="12.224262">
        <ele>815.882297</ele>
        <time>2026-08-21T08:26:46.031Z</time>
      </trkpt>
      <trkpt lat="46.339612" lon="12.224007">
        <ele>816.720856</ele>
        <time>2026-08-21T08:26:50.439Z</time>
      </trkpt>
      <trkpt lat="46.339684" lon="12.223658">
        <ele>817.787387</ele>
        <time>2026-08-21T08:26:55.481Z</time>
      </trkpt>
      <trkpt lat="46.339718" lon="12.223318">
        <ele>818.793304</ele>
        <time>2026-08-21T08:27:00.215Z</time>
      </trkpt>
      <trkpt lat="46.339729" lon="12.223141">
        <ele>819.313659</ele>
        <time>2026-08-21T08:27:02.533Z</time>
      </trkpt>
      <trkpt lat="46.339862" lon="12.221143">
        <ele>822.474952</ele>
        <time>2026-08-21T08:27:22.632Z</time>
      </trkpt>
      <trkpt lat="46.339947" lon="12.219869">
        <ele>822.387267</ele>
        <time>2026-08-21T08:27:29.514Z</time>
      </trkpt>
      <trkpt lat="46.340462" lon="12.218197">
        <ele>819.234696</ele>
        <time>2026-08-21T08:27:37.232Z</time>
      </trkpt>
      <trkpt lat="46.340505" lon="12.217928">
        <ele>818.623778</ele>
        <time>2026-08-21T08:27:38.357Z</time>
      </trkpt>
      <trkpt lat="46.340521" lon="12.214495">
        <ele>810.431717</ele>
        <time>2026-08-21T08:27:52.535Z</time>
      </trkpt>
      <trkpt lat="46.340522" lon="12.213700">
        <ele>808.694476</ele>
        <time>2026-08-21T08:27:55.773Z</time>
      </trkpt>
      <trkpt lat="46.340553" lon="12.213506">
        <ele>808.266022</ele>
        <time>2026-08-21T08:27:56.593Z</time>
      </trkpt>
      <trkpt lat="46.340796" lon="12.212573">
        <ele>806.120436</ele>
        <time>2026-08-21T08:28:00.728Z</time>
      </trkpt>
      <trkpt lat="46.340819" lon="12.212381">
        <ele>805.701150</ele>
        <time>2026-08-21T08:28:01.575Z</time>
      </trkpt>
      <trkpt lat="46.340786" lon="12.211455">
        <ele>804.191081</ele>
        <time>2026-08-21T08:28:05.835Z</time>
      </trkpt>
      <trkpt lat="46.340758" lon="12.211239">
        <ele>803.972890</ele>
        <time>2026-08-21T08:28:06.872Z</time>
      </trkpt>
      <trkpt lat="46.340393" lon="12.210181">
        <ele>802.798662</ele>
        <time>2026-08-21T08:28:12.514Z</time>
      </trkpt>
      <trkpt lat="46.340386" lon="12.210039">
        <ele>802.657326</ele>
        <time>2026-08-21T08:28:13.194Z</time>
      </trkpt>
      <trkpt lat="46.340513" lon="12.209166">
        <ele>802.234084</ele>
        <time>2026-08-21T08:28:17.409Z</time>
      </trkpt>
      <trkpt lat="46.340938" lon="12.207330">
        <ele>803.890607</ele>
        <time>2026-08-21T08:28:33.477Z</time>
      </trkpt>
      <trkpt lat="46.341043" lon="12.206677">
        <ele>804.295974</ele>
        <time>2026-08-21T08:28:42.067Z</time>
      </trkpt>
      <trkpt lat="46.341078" lon="12.206541">
        <ele>804.323206</ele>
        <time>2026-08-21T08:28:44.063Z</time>
      </trkpt>
      <trkpt lat="46.341116" lon="12.206386">
        <ele>804.354065</ele>
        <time>2026-08-21T08:28:46.313Z</time>
      </trkpt>
      <trkpt lat="46.342843" lon="12.199954">
        <ele>805.293677</ele>
        <time>2026-08-21T08:29:26.490Z</time>
      </trkpt>
      <trkpt lat="46.342845" lon="12.199576">
        <ele>805.333221</ele>
        <time>2026-08-21T08:29:28.977Z</time>
      </trkpt>
      <trkpt lat="46.342845" lon="12.199334">
        <ele>805.617792</ele>
        <time>2026-08-21T08:29:30.867Z</time>
      </trkpt>
      <trkpt lat="46.342887" lon="12.199006">
        <ele>806.010072</ele>
        <time>2026-08-21T08:29:33.851Z</time>
      </trkpt>
      <trkpt lat="46.342962" lon="12.198828">
        <ele>806.255292</ele>
        <time>2026-08-21T08:29:35.882Z</time>
      </trkpt>
      <trkpt lat="46.343547" lon="12.198115">
        <ele>807.557568</ele>
        <time>2026-08-21T08:29:46.846Z</time>
      </trkpt>
      <trkpt lat="46.343741" lon="12.197837">
        <ele>808.022396</ele>
        <time>2026-08-21T08:29:51.189Z</time>
      </trkpt>
      <trkpt lat="46.344057" lon="12.197262">
        <ele>808.255594</ele>
        <time>2026-08-21T08:29:57.726Z</time>
      </trkpt>
      <trkpt lat="46.344266" lon="12.196820">
        <ele>808.119021</ele>
        <time>2026-08-21T08:30:00.760Z</time>
      </trkpt>
      <trkpt lat="46.345173" lon="12.195151">
        <ele>808.191958</ele>
        <time>2026-08-21T08:30:10.984Z</time>
      </trkpt>
      <trkpt lat="46.345490" lon="12.194459">
        <ele>809.010309</ele>
        <time>2026-08-21T08:30:17.600Z</time>
      </trkpt>
      <trkpt lat="46.345740" lon="12.193688">
        <ele>809.849659</ele>
        <time>2026-08-21T08:30:26.239Z</time>
      </trkpt>
      <trkpt lat="46.345862" lon="12.193130">
        <ele>810.628010</ele>
        <time>2026-08-21T08:30:33.226Z</time>
      </trkpt>
      <trkpt lat="46.345872" lon="12.192889">
        <ele>811.175024</ele>
        <time>2026-08-21T08:30:36.237Z</time>
      </trkpt>
      <trkpt lat="46.345860" lon="12.192690">
        <ele>811.627610</ele>
        <time>2026-08-21T08:30:38.783Z</time>
      </trkpt>
      <trkpt lat="46.345853" lon="12.192566">
        <ele>811.909492</ele>
        <time>2026-08-21T08:30:40.337Z</time>
      </trkpt>
      <trkpt lat="46.345710" lon="12.191270">
        <ele>814.883088</ele>
        <time>2026-08-21T08:30:56.393Z</time>
      </trkpt>
      <trkpt lat="46.345661" lon="12.190828">
        <ele>815.897353</ele>
        <time>2026-08-21T08:31:01.377Z</time>
      </trkpt>
      <trkpt lat="46.345636" lon="12.190590">
        <ele>816.308291</ele>
        <time>2026-08-21T08:31:03.909Z</time>
      </trkpt>
      <trkpt lat="46.345593" lon="12.190182">
        <ele>816.774326</ele>
        <time>2026-08-21T08:31:07.860Z</time>
      </trkpt>
      <trkpt lat="46.345538" lon="12.189556">
        <ele>817.486883</ele>
        <time>2026-08-21T08:31:12.989Z</time>
      </trkpt>
      <trkpt lat="46.345552" lon="12.189152">
        <ele>817.943639</ele>
        <time>2026-08-21T08:31:15.825Z</time>
      </trkpt>
      <trkpt lat="46.345653" lon="12.188056">
        <ele>819.252852</ele>
        <time>2026-08-21T08:31:24.931Z</time>
      </trkpt>
      <trkpt lat="46.345774" lon="12.187797">
        <ele>819.890109</ele>
        <time>2026-08-21T08:31:30.924Z</time>
      </trkpt>
      <trkpt lat="46.345841" lon="12.187509">
        <ele>820.509385</ele>
        <time>2026-08-21T08:31:36.910Z</time>
      </trkpt>
      <trkpt lat="46.345914" lon="12.187197">
        <ele>821.180660</ele>
        <time>2026-08-21T08:31:43.651Z</time>
      </trkpt>
      <trkpt lat="46.345953" lon="12.187156">
        <ele>821.322901</ele>
        <time>2026-08-21T08:31:45.053Z</time>
      </trkpt>
      <trkpt lat="46.346000" lon="12.187178">
        <ele>821.468700</ele>
        <time>2026-08-21T08:31:46.549Z</time>
      </trkpt>
      <trkpt lat="46.346077" lon="12.187351">
        <ele>821.888137</ele>
        <time>2026-08-21T08:31:50.972Z</time>
      </trkpt>
      <trkpt lat="46.346089" lon="12.187446">
        <ele>822.084928</ele>
        <time>2026-08-21T08:31:52.417Z</time>
      </trkpt>
      <trkpt lat="46.346077" lon="12.187351">
        <ele>822.281719</ele>
        <time>2026-08-21T08:31:53.823Z</time>
      </trkpt>
      <trkpt lat="46.345985" lon="12.186509">
        <ele>824.018782</ele>
        <time>2026-08-21T08:32:07.432Z</time>
      </trkpt>
      <trkpt lat="46.345966" lon="12.186098">
        <ele>824.400914</ele>
        <time>2026-08-21T08:32:12.892Z</time>
      </trkpt>
      <trkpt lat="46.345949" lon="12.186019">
        <ele>824.391103</ele>
        <time>2026-08-21T08:32:13.763Z</time>
      </trkpt>
      <trkpt lat="46.345819" lon="12.185763">
        <ele>824.353420</ele>
        <time>2026-08-21T08:32:16.759Z</time>
      </trkpt>
      <trkpt lat="46.345798" lon="12.185663">
        <ele>824.341026</ele>
        <time>2026-08-21T08:32:17.629Z</time>
      </trkpt>
      <trkpt lat="46.345795" lon="12.185578">
        <ele>824.330934</ele>
        <time>2026-08-21T08:32:18.366Z</time>
      </trkpt>
      <trkpt lat="46.345842" lon="12.185489">
        <ele>824.317647</ele>
        <time>2026-08-21T08:32:19.290Z</time>
      </trkpt>
      <trkpt lat="46.345933" lon="12.185419">
        <ele>824.299949</ele>
        <time>2026-08-21T08:32:20.395Z</time>
      </trkpt>
      <trkpt lat="46.345801" lon="12.185346">
        <ele>824.275680</ele>
        <time>2026-08-21T08:32:21.383Z</time>
      </trkpt>
      <trkpt lat="46.345710" lon="12.185358">
        <ele>824.259984</ele>
        <time>2026-08-21T08:32:22.000Z</time>
      </trkpt>
      <trkpt lat="46.345630" lon="12.185417">
        <ele>824.244564</ele>
        <time>2026-08-21T08:32:22.643Z</time>
      </trkpt>
      <trkpt lat="46.345587" lon="12.185516">
        <ele>824.230695</ele>
        <time>2026-08-21T08:32:23.183Z</time>
      </trkpt>
      <trkpt lat="46.345582" lon="12.185634">
        <ele>824.216677</ele>
        <time>2026-08-21T08:32:23.755Z</time>
      </trkpt>
      <trkpt lat="46.345617" lon="12.185807">
        <ele>824.195301</ele>
        <time>2026-08-21T08:32:24.599Z</time>
      </trkpt>
      <trkpt lat="46.345805" lon="12.186046">
        <ele>824.152338</ele>
        <time>2026-08-21T08:32:26.252Z</time>
      </trkpt>
      <trkpt lat="46.345839" lon="12.186193">
        <ele>824.133955</ele>
        <time>2026-08-21T08:32:26.957Z</time>
      </trkpt>
      <trkpt lat="46.345764" lon="12.186315">
        <ele>824.137468</ele>
        <time>2026-08-21T08:32:27.679Z</time>
      </trkpt>
      <trkpt lat="46.345696" lon="12.186340">
        <ele>824.234728</ele>
        <time>2026-08-21T08:32:28.108Z</time>
      </trkpt>
      <trkpt lat="46.345608" lon="12.186253">
        <ele>824.382429</ele>
        <time>2026-08-21T08:32:28.789Z</time>
      </trkpt>
      <trkpt lat="46.345143" lon="12.185136">
        <ele>825.630739</ele>
        <time>2026-08-21T08:32:38.405Z</time>
      </trkpt>
      <trkpt lat="46.344581" lon="12.183803">
        <ele>827.852275</ele>
        <time>2026-08-21T08:32:57.398Z</time>
      </trkpt>
      <trkpt lat="46.344521" lon="12.183627">
        <ele>828.305266</ele>
        <time>2026-08-21T08:32:59.971Z</time>
      </trkpt>
      <trkpt lat="46.344518" lon="12.183452">
        <ele>828.709247</ele>
        <time>2026-08-21T08:33:02.218Z</time>
      </trkpt>
      <trkpt lat="46.344545" lon="12.183340">
        <ele>828.983022</ele>
        <time>2026-08-21T08:33:03.626Z</time>
      </trkpt>
      <trkpt lat="46.344604" lon="12.183231">
        <ele>829.302674</ele>
        <time>2026-08-21T08:33:05.427Z</time>
      </trkpt>
      <trkpt lat="46.345367" lon="12.182374">
        <ele>832.530298</ele>
        <time>2026-08-21T08:33:21.153Z</time>
      </trkpt>
      <trkpt lat="46.346020" lon="12.181613">
        <ele>833.749169</ele>
        <time>2026-08-21T08:33:34.303Z</time>
      </trkpt>
      <trkpt lat="46.346349" lon="12.181106">
        <ele>834.416535</ele>
        <time>2026-08-21T08:33:39.373Z</time>
      </trkpt>
      <trkpt lat="46.346396" lon="12.180904">
        <ele>834.620976</ele>
        <time>2026-08-21T08:33:40.738Z</time>
      </trkpt>
      <trkpt lat="46.346399" lon="12.180733">
        <ele>834.785030</ele>
        <time>2026-08-21T08:33:41.786Z</time>
      </trkpt>
      <trkpt lat="46.346303" lon="12.180065">
        <ele>835.196310</ele>
        <time>2026-08-21T08:33:45.525Z</time>
      </trkpt>
      <trkpt lat="46.346045" lon="12.178667">
        <ele>835.519591</ele>
        <time>2026-08-21T08:33:53.634Z</time>
      </trkpt>
      <trkpt lat="46.346000" lon="12.178345">
        <ele>835.592985</ele>
        <time>2026-08-21T08:33:56.284Z</time>
      </trkpt>
      <trkpt lat="46.345945" lon="12.177862">
        <ele>835.702346</ele>
        <time>2026-08-21T08:34:00.382Z</time>
      </trkpt>
      <trkpt lat="46.345925" lon="12.177118">
        <ele>837.881544</ele>
        <time>2026-08-21T08:34:07.627Z</time>
      </trkpt>
      <trkpt lat="46.345926" lon="12.177049">
        <ele>838.086071</ele>
        <time>2026-08-21T08:34:08.361Z</time>
      </trkpt>
      <trkpt lat="46.345944" lon="12.176790">
        <ele>838.857500</ele>
        <time>2026-08-21T08:34:11.438Z</time>
      </trkpt>
      <trkpt lat="46.345957" lon="12.176655">
        <ele>839.261447</ele>
        <time>2026-08-21T08:34:13.189Z</time>
      </trkpt>
      <trkpt lat="46.345991" lon="12.176409">
        <ele>840.004938</ele>
        <time>2026-08-21T08:34:16.484Z</time>
      </trkpt>
      <trkpt lat="46.346024" lon="12.176209">
        <ele>840.614335</ele>
        <time>2026-08-21T08:34:19.478Z</time>
      </trkpt>
      <trkpt lat="46.346052" lon="12.176028">
        <ele>841.164033</ele>
        <time>2026-08-21T08:34:22.375Z</time>
      </trkpt>
      <trkpt lat="46.346127" lon="12.175508">
        <ele>842.738329</ele>
        <time>2026-08-21T08:34:31.262Z</time>
      </trkpt>
      <trkpt lat="46.346156" lon="12.175141">
        <ele>843.985886</ele>
        <time>2026-08-21T08:34:37.777Z</time>
      </trkpt>
      <trkpt lat="46.346151" lon="12.174849">
        <ele>845.176746</ele>
        <time>2026-08-21T08:34:42.810Z</time>
      </trkpt>
      <trkpt lat="46.346085" lon="12.174329">
        <ele>847.332344</ele>
        <time>2026-08-21T08:34:52.602Z</time>
      </trkpt>
      <trkpt lat="46.346082" lon="12.173847">
        <ele>849.297557</ele>
        <time>2026-08-21T08:35:01.223Z</time>
      </trkpt>
      <trkpt lat="46.346231" lon="12.171660">
        <ele>857.182942</ele>
        <time>2026-08-21T08:35:31.764Z</time>
      </trkpt>
      <trkpt lat="46.346282" lon="12.171141">
        <ele>858.774541</ele>
        <time>2026-08-21T08:35:37.951Z</time>
      </trkpt>
      <trkpt lat="46.346402" lon="12.170688">
        <ele>860.247664</ele>
        <time>2026-08-21T08:35:44.070Z</time>
      </trkpt>
      <trkpt lat="46.346601" lon="12.170132">
        <ele>862.165899</ele>
        <time>2026-08-21T08:35:52.492Z</time>
      </trkpt>
      <trkpt lat="46.346685" lon="12.169973">
        <ele>862.827759</ele>
        <time>2026-08-21T08:35:55.369Z</time>
      </trkpt>
      <trkpt lat="46.346965" lon="12.169804">
        <ele>864.280327</ele>
        <time>2026-08-21T08:36:02.483Z</time>
      </trkpt>
      <trkpt lat="46.347453" lon="12.169416">
        <ele>866.946053</ele>
        <time>2026-08-21T08:36:13.878Z</time>
      </trkpt>
      <trkpt lat="46.347916" lon="12.168991">
        <ele>869.570847</ele>
        <time>2026-08-21T08:36:25.198Z</time>
      </trkpt>
      <trkpt lat="46.348052" lon="12.168804">
        <ele>870.468758</ele>
        <time>2026-08-21T08:36:29.038Z</time>
      </trkpt>
      <trkpt lat="46.348188" lon="12.168423">
        <ele>871.463398</ele>
        <time>2026-08-21T08:36:34.809Z</time>
      </trkpt>
      <trkpt lat="46.348318" lon="12.167475">
        <ele>873.628736</ele>
        <time>2026-08-21T08:36:46.043Z</time>
      </trkpt>
      <trkpt lat="46.348551" lon="12.166428">
        <ele>876.093241</ele>
        <time>2026-08-21T08:36:56.922Z</time>
      </trkpt>
      <trkpt lat="46.348693" lon="12.165878">
        <ele>878.400713</ele>
        <time>2026-08-21T08:37:02.976Z</time>
      </trkpt>
      <trkpt lat="46.349027" lon="12.164978">
        <ele>882.965581</ele>
        <time>2026-08-21T08:37:17.396Z</time>
      </trkpt>
      <trkpt lat="46.349391" lon="12.164341">
        <ele>886.659855</ele>
        <time>2026-08-21T08:37:34.102Z</time>
      </trkpt>
      <trkpt lat="46.349894" lon="12.163775">
        <ele>892.265290</ele>
        <time>2026-08-21T08:37:57.896Z</time>
      </trkpt>
      <trkpt lat="46.350559" lon="12.162812">
        <ele>901.656914</ele>
        <time>2026-08-21T08:38:31.699Z</time>
      </trkpt>
      <trkpt lat="46.350766" lon="12.162387">
        <ele>905.243110</ele>
        <time>2026-08-21T08:38:42.202Z</time>
      </trkpt>
      <trkpt lat="46.350796" lon="12.162203">
        <ele>906.248497</ele>
        <time>2026-08-21T08:38:45.701Z</time>
      </trkpt>
      <trkpt lat="46.350797" lon="12.161980">
        <ele>906.919986</ele>
        <time>2026-08-21T08:38:49.520Z</time>
      </trkpt>
      <trkpt lat="46.350733" lon="12.161371">
        <ele>908.774877</ele>
        <time>2026-08-21T08:38:58.497Z</time>
      </trkpt>
      <trkpt lat="46.350744" lon="12.160929">
        <ele>910.106649</ele>
        <time>2026-08-21T08:39:03.622Z</time>
      </trkpt>
      <trkpt lat="46.350793" lon="12.160731">
        <ele>910.740008</ele>
        <time>2026-08-21T08:39:05.819Z</time>
      </trkpt>
      <trkpt lat="46.351498" lon="12.158967">
        <ele>916.289376</ele>
        <time>2026-08-21T08:39:28.359Z</time>
      </trkpt>
      <trkpt lat="46.351545" lon="12.158744">
        <ele>916.854408</ele>
        <time>2026-08-21T08:39:31.792Z</time>
      </trkpt>
      <trkpt lat="46.351539" lon="12.158527">
        <ele>917.380689</ele>
        <time>2026-08-21T08:39:34.916Z</time>
      </trkpt>
      <trkpt lat="46.351443" lon="12.157761">
        <ele>919.267301</ele>
        <time>2026-08-21T08:39:45.194Z</time>
      </trkpt>
      <trkpt lat="46.351453" lon="12.157571">
        <ele>919.729068</ele>
        <time>2026-08-21T08:39:47.375Z</time>
      </trkpt>
      <trkpt lat="46.351506" lon="12.157414">
        <ele>920.152595</ele>
        <time>2026-08-21T08:39:49.269Z</time>
      </trkpt>
      <trkpt lat="46.351624" lon="12.157254">
        <ele>920.497435</ele>
        <time>2026-08-21T08:39:51.751Z</time>
      </trkpt>
      <trkpt lat="46.352058" lon="12.156827">
        <ele>921.582186</ele>
        <time>2026-08-21T08:39:58.694Z</time>
      </trkpt>
      <trkpt lat="46.352192" lon="12.156569">
        <ele>922.043001</ele>
        <time>2026-08-21T08:40:01.170Z</time>
      </trkpt>
      <trkpt lat="46.352258" lon="12.156375">
        <ele>922.351680</ele>
        <time>2026-08-21T08:40:02.770Z</time>
      </trkpt>
      <trkpt lat="46.352303" lon="12.156133">
        <ele>922.709372</ele>
        <time>2026-08-21T08:40:04.696Z</time>
      </trkpt>
      <trkpt lat="46.352355" lon="12.155537">
        <ele>923.566739</ele>
        <time>2026-08-21T08:40:10.243Z</time>
      </trkpt>
      <trkpt lat="46.352320" lon="12.155173">
        <ele>924.117330</ele>
        <time>2026-08-21T08:40:14.232Z</time>
      </trkpt>
      <trkpt lat="46.352190" lon="12.154354">
        <ele>925.478240</ele>
        <time>2026-08-21T08:40:24.299Z</time>
      </trkpt>
      <trkpt lat="46.352187" lon="12.154182">
        <ele>925.756866</ele>
        <time>2026-08-21T08:40:26.348Z</time>
      </trkpt>
      <trkpt lat="46.352221" lon="12.154010">
        <ele>926.046601</ele>
        <time>2026-08-21T08:40:28.408Z</time>
      </trkpt>
      <trkpt lat="46.352333" lon="12.153793">
        <ele>926.485395</ele>
        <time>2026-08-21T08:40:31.417Z</time>
      </trkpt>
      <trkpt lat="46.352684" lon="12.153326">
        <ele>927.603476</ele>
        <time>2026-08-21T08:40:37.850Z</time>
      </trkpt>
      <trkpt lat="46.352919" lon="12.152960">
        <ele>928.258034</ele>
        <time>2026-08-21T08:40:41.504Z</time>
      </trkpt>
      <trkpt lat="46.353115" lon="12.152467">
        <ele>928.696096</ele>
        <time>2026-08-21T08:40:45.220Z</time>
      </trkpt>
      <trkpt lat="46.353185" lon="12.152163">
        <ele>928.942848</ele>
        <time>2026-08-21T08:40:47.496Z</time>
      </trkpt>
      <trkpt lat="46.353331" lon="12.150833">
        <ele>929.979772</ele>
        <time>2026-08-21T08:40:58.568Z</time>
      </trkpt>
      <trkpt lat="46.353489" lon="12.149756">
        <ele>930.287174</ele>
        <time>2026-08-21T08:41:08.515Z</time>
      </trkpt>
      <trkpt lat="46.353507" lon="12.149544">
        <ele>930.325306</ele>
        <time>2026-08-21T08:41:10.198Z</time>
      </trkpt>
      <trkpt lat="46.353491" lon="12.149367">
        <ele>930.357174</ele>
        <time>2026-08-21T08:41:11.533Z</time>
      </trkpt>
      <trkpt lat="46.353270" lon="12.148794">
        <ele>930.474355</ele>
        <time>2026-08-21T08:41:15.309Z</time>
      </trkpt>
      <trkpt lat="46.353238" lon="12.148651">
        <ele>930.501192</ele>
        <time>2026-08-21T08:41:16.038Z</time>
      </trkpt>
      <trkpt lat="46.353237" lon="12.148506">
        <ele>930.527079</ele>
        <time>2026-08-21T08:41:16.750Z</time>
      </trkpt>
      <trkpt lat="46.353312" lon="12.148036">
        <ele>930.611050</ele>
        <time>2026-08-21T08:41:19.121Z</time>
      </trkpt>
      <trkpt lat="46.353510" lon="12.147514">
        <ele>930.707833</ele>
        <time>2026-08-21T08:41:21.868Z</time>
      </trkpt>
      <trkpt lat="46.353653" lon="12.147241">
        <ele>930.763520</ele>
        <time>2026-08-21T08:41:23.489Z</time>
      </trkpt>
      <trkpt lat="46.353833" lon="12.146899">
        <ele>930.833404</ele>
        <time>2026-08-21T08:41:25.677Z</time>
      </trkpt>
      <trkpt lat="46.354031" lon="12.146521">
        <ele>930.910509</ele>
        <time>2026-08-21T08:41:28.637Z</time>
      </trkpt>
      <trkpt lat="46.354878" lon="12.145171">
        <ele>934.063375</ele>
        <time>2026-08-21T08:41:50.827Z</time>
      </trkpt>
      <trkpt lat="46.355025" lon="12.144993">
        <ele>934.771749</ele>
        <time>2026-08-21T08:41:54.734Z</time>
      </trkpt>
      <trkpt lat="46.355291" lon="12.144861">
        <ele>935.811394</ele>
        <time>2026-08-21T08:42:00.150Z</time>
      </trkpt>
      <trkpt lat="46.355821" lon="12.144768">
        <ele>937.841343</ele>
        <time>2026-08-21T08:42:09.651Z</time>
      </trkpt>
      <trkpt lat="46.356634" lon="12.144706">
        <ele>942.230300</ele>
        <time>2026-08-21T08:42:23.428Z</time>
      </trkpt>
      <trkpt lat="46.357241" lon="12.144776">
        <ele>945.512990</ele>
        <time>2026-08-21T08:42:36.261Z</time>
      </trkpt>
      <trkpt lat="46.357527" lon="12.144790">
        <ele>947.055698</ele>
        <time>2026-08-21T08:42:44.194Z</time>
      </trkpt>
      <trkpt lat="46.357627" lon="12.144756">
        <ele>947.918529</ele>
        <time>2026-08-21T08:42:47.336Z</time>
      </trkpt>
      <trkpt lat="46.357692" lon="12.144699">
        <ele>948.835348</ele>
        <time>2026-08-21T08:42:49.807Z</time>
      </trkpt>
      <trkpt lat="46.357774" lon="12.144502">
        <ele>950.751279</ele>
        <time>2026-08-21T08:42:55.234Z</time>
      </trkpt>
      <trkpt lat="46.357812" lon="12.144083">
        <ele>954.270750</ele>
        <time>2026-08-21T08:43:06.083Z</time>
      </trkpt>
      <trkpt lat="46.357820" lon="12.143973">
        <ele>955.191912</ele>
        <time>2026-08-21T08:43:09.017Z</time>
      </trkpt>
      <trkpt lat="46.357848" lon="12.143593">
        <ele>958.374571</ele>
        <time>2026-08-21T08:43:20.082Z</time>
      </trkpt>
      <trkpt lat="46.357951" lon="12.143283">
        <ele>961.239882</ele>
        <time>2026-08-21T08:43:30.523Z</time>
      </trkpt>
      <trkpt lat="46.358041" lon="12.143162">
        <ele>962.721407</ele>
        <time>2026-08-21T08:43:35.983Z</time>
      </trkpt>
      <trkpt lat="46.358846" lon="12.142301">
        <ele>973.577917</ele>
        <time>2026-08-21T08:44:16.458Z</time>
      </trkpt>
      <trkpt lat="46.359366" lon="12.142072">
        <ele>978.743230</ele>
        <time>2026-08-21T08:44:32.996Z</time>
      </trkpt>
      <trkpt lat="46.359482" lon="12.141989">
        <ele>979.972787</ele>
        <time>2026-08-21T08:44:36.369Z</time>
      </trkpt>
      <trkpt lat="46.360234" lon="12.140925">
        <ele>990.082873</ele>
        <time>2026-08-21T08:45:04.201Z</time>
      </trkpt>
      <trkpt lat="46.360381" lon="12.140876">
        <ele>991.562034</ele>
        <time>2026-08-21T08:45:08.646Z</time>
      </trkpt>
      <trkpt lat="46.360690" lon="12.140872">
        <ele>994.592272</ele>
        <time>2026-08-21T08:45:18.254Z</time>
      </trkpt>
      <trkpt lat="46.360875" lon="12.140769">
        <ele>996.535722</ele>
        <time>2026-08-21T08:45:24.863Z</time>
      </trkpt>
      <trkpt lat="46.361216" lon="12.140315">
        <ele>1001.076795</ele>
        <time>2026-08-21T08:45:41.250Z</time>
      </trkpt>
      <trkpt lat="46.361375" lon="12.139994">
        <ele>1003.750748</ele>
        <time>2026-08-21T08:45:51.834Z</time>
      </trkpt>
      <trkpt lat="46.361530" lon="12.139784">
        <ele>1005.972822</ele>
        <time>2026-08-21T08:46:00.467Z</time>
      </trkpt>
      <trkpt lat="46.361890" lon="12.139693">
        <ele>1009.805033</ele>
        <time>2026-08-21T08:46:14.621Z</time>
      </trkpt>
      <trkpt lat="46.362127" lon="12.139563">
        <ele>1012.462477</ele>
        <time>2026-08-21T08:46:24.085Z</time>
      </trkpt>
      <trkpt lat="46.362214" lon="12.139554">
        <ele>1013.377139</ele>
        <time>2026-08-21T08:46:27.280Z</time>
      </trkpt>
      <trkpt lat="46.362423" lon="12.139613">
        <ele>1015.610056</ele>
        <time>2026-08-21T08:46:35.033Z</time>
      </trkpt>
      <trkpt lat="46.362606" lon="12.139720">
        <ele>1017.679450</ele>
        <time>2026-08-21T08:46:42.154Z</time>
      </trkpt>
      <trkpt lat="46.362801" lon="12.139772">
        <ele>1019.758688</ele>
        <time>2026-08-21T08:46:48.745Z</time>
      </trkpt>
      <trkpt lat="46.363114" lon="12.139803">
        <ele>1022.775495</ele>
        <time>2026-08-21T08:46:57.641Z</time>
      </trkpt>
      <trkpt lat="46.363379" lon="12.139978">
        <ele>1023.693146</ele>
        <time>2026-08-21T08:47:04.288Z</time>
      </trkpt>
      <trkpt lat="46.363690" lon="12.140117">
        <ele>1024.718678</ele>
        <time>2026-08-21T08:47:09.347Z</time>
      </trkpt>
      <trkpt lat="46.364240" lon="12.140082">
        <ele>1026.453430</ele>
        <time>2026-08-21T08:47:15.881Z</time>
      </trkpt>
      <trkpt lat="46.364803" lon="12.140049">
        <ele>1028.228927</ele>
        <time>2026-08-21T08:47:22.184Z</time>
      </trkpt>
      <trkpt lat="46.365260" lon="12.140273">
        <ele>1031.309626</ele>
        <time>2026-08-21T08:47:28.904Z</time>
      </trkpt>
      <trkpt lat="46.365342" lon="12.140396">
        <ele>1032.089232</ele>
        <time>2026-08-21T08:47:31.388Z</time>
      </trkpt>
      <trkpt lat="46.365328" lon="12.140557">
        <ele>1032.828942</ele>
        <time>2026-08-21T08:47:34.088Z</time>
      </trkpt>
      <trkpt lat="46.365280" lon="12.140631">
        <ele>1033.291897</ele>
        <time>2026-08-21T08:47:35.939Z</time>
      </trkpt>
      <trkpt lat="46.364797" lon="12.140880">
        <ele>1036.678408</ele>
        <time>2026-08-21T08:47:51.037Z</time>
      </trkpt>
      <trkpt lat="46.364735" lon="12.141024">
        <ele>1037.452119</ele>
        <time>2026-08-21T08:47:54.700Z</time>
      </trkpt>
      <trkpt lat="46.364731" lon="12.141125">
        <ele>1037.913282</ele>
        <time>2026-08-21T08:47:56.857Z</time>
      </trkpt>
      <trkpt lat="46.364781" lon="12.141277">
        <ele>1038.680867</ele>
        <time>2026-08-21T08:48:00.523Z</time>
      </trkpt>
      <trkpt lat="46.364863" lon="12.141368">
        <ele>1039.363138</ele>
        <time>2026-08-21T08:48:03.765Z</time>
      </trkpt>
      <trkpt lat="46.365017" lon="12.141391">
        <ele>1040.465889</ele>
        <time>2026-08-21T08:48:08.679Z</time>
      </trkpt>
      <trkpt lat="46.365992" lon="12.141044">
        <ele>1050.073123</ele>
        <time>2026-08-21T08:48:42.532Z</time>
      </trkpt>
      <trkpt lat="46.366270" lon="12.141011">
        <ele>1052.742275</ele>
        <time>2026-08-21T08:48:51.018Z</time>
      </trkpt>
      <trkpt lat="46.366455" lon="12.141030">
        <ele>1054.517021</ele>
        <time>2026-08-21T08:48:56.425Z</time>
      </trkpt>
      <trkpt lat="46.366933" lon="12.141232">
        <ele>1059.384813</ele>
        <time>2026-08-21T08:49:11.278Z</time>
      </trkpt>
      <trkpt lat="46.367162" lon="12.141233">
        <ele>1061.697580</ele>
        <time>2026-08-21T08:49:18.610Z</time>
      </trkpt>
      <trkpt lat="46.367616" lon="12.141092">
        <ele>1066.386803</ele>
        <time>2026-08-21T08:49:34.427Z</time>
      </trkpt>
      <trkpt lat="46.368036" lon="12.141014">
        <ele>1070.663226</ele>
        <time>2026-08-21T08:49:49.353Z</time>
      </trkpt>
      <trkpt lat="46.368310" lon="12.141055">
        <ele>1073.445166</ele>
        <time>2026-08-21T08:49:58.704Z</time>
      </trkpt>
      <trkpt lat="46.368504" lon="12.141037">
        <ele>1075.408455</ele>
        <time>2026-08-21T08:50:05.219Z</time>
      </trkpt>
      <trkpt lat="46.368892" lon="12.140735">
        <ele>1079.950515</ele>
        <time>2026-08-21T08:50:20.033Z</time>
      </trkpt>
      <trkpt lat="46.369158" lon="12.140474">
        <ele>1083.266214</ele>
        <time>2026-08-21T08:50:30.778Z</time>
      </trkpt>
      <trkpt lat="46.369285" lon="12.140228">
        <ele>1085.454382</ele>
        <time>2026-08-21T08:50:37.843Z</time>
      </trkpt>
      <trkpt lat="46.369399" lon="12.139745">
        <ele>1089.090063</ele>
        <time>2026-08-21T08:50:49.397Z</time>
      </trkpt>
      <trkpt lat="46.369512" lon="12.139541">
        <ele>1090.953227</ele>
        <time>2026-08-21T08:50:55.257Z</time>
      </trkpt>
      <trkpt lat="46.369705" lon="12.139330">
        <ele>1093.448589</ele>
        <time>2026-08-21T08:51:03.148Z</time>
      </trkpt>
      <trkpt lat="46.369922" lon="12.138988">
        <ele>1097.387075</ele>
        <time>2026-08-21T08:51:14.518Z</time>
      </trkpt>
      <trkpt lat="46.370317" lon="12.138676">
        <ele>1103.151011</ele>
        <time>2026-08-21T08:51:32.095Z</time>
      </trkpt>
      <trkpt lat="46.370662" lon="12.138280">
        <ele>1108.789883</ele>
        <time>2026-08-21T08:51:50.595Z</time>
      </trkpt>
      <trkpt lat="46.371342" lon="12.137684">
        <ele>1118.679800</ele>
        <time>2026-08-21T08:52:24.700Z</time>
      </trkpt>
      <trkpt lat="46.371413" lon="12.137663">
        <ele>1119.455588</ele>
        <time>2026-08-21T08:52:27.831Z</time>
      </trkpt>
      <trkpt lat="46.371642" lon="12.137699">
        <ele>1121.921627</ele>
        <time>2026-08-21T08:52:37.472Z</time>
      </trkpt>
      <trkpt lat="46.372002" lon="12.137880">
        <ele>1126.001084</ele>
        <time>2026-08-21T08:52:51.249Z</time>
      </trkpt>
      <trkpt lat="46.372364" lon="12.138080">
        <ele>1130.148667</ele>
        <time>2026-08-21T08:53:03.627Z</time>
      </trkpt>
      <trkpt lat="46.372453" lon="12.138062">
        <ele>1131.110728</ele>
        <time>2026-08-21T08:53:06.400Z</time>
      </trkpt>
      <trkpt lat="46.372514" lon="12.138004">
        <ele>1131.891780</ele>
        <time>2026-08-21T08:53:08.648Z</time>
      </trkpt>
      <trkpt lat="46.372542" lon="12.137968">
        <ele>1132.292497</ele>
        <time>2026-08-21T08:53:09.781Z</time>
      </trkpt>
      <trkpt lat="46.372644" lon="12.137808">
        <ele>1133.901630</ele>
        <time>2026-08-21T08:53:14.314Z</time>
      </trkpt>
      <trkpt lat="46.372878" lon="12.137439">
        <ele>1137.535124</ele>
        <time>2026-08-21T08:53:24.477Z</time>
      </trkpt>
      <trkpt lat="46.373147" lon="12.137007">
        <ele>1141.577733</ele>
        <time>2026-08-21T08:53:35.555Z</time>
      </trkpt>
      <trkpt lat="46.373227" lon="12.136797">
        <ele>1143.244210</ele>
        <time>2026-08-21T08:53:39.923Z</time>
      </trkpt>
      <trkpt lat="46.373332" lon="12.136915">
        <ele>1144.582006</ele>
        <time>2026-08-21T08:53:44.014Z</time>
      </trkpt>
      <trkpt lat="46.373478" lon="12.137162">
        <ele>1146.841509</ele>
        <time>2026-08-21T08:53:51.450Z</time>
      </trkpt>
      <trkpt lat="46.373540" lon="12.137352">
        <ele>1148.301615</ele>
        <time>2026-08-21T08:53:56.928Z</time>
      </trkpt>
      <trkpt lat="46.373591" lon="12.137821">
        <ele>1151.599964</ele>
        <time>2026-08-21T08:54:10.853Z</time>
      </trkpt>
      <trkpt lat="46.373703" lon="12.137917">
        <ele>1152.910108</ele>
        <time>2026-08-21T08:54:16.518Z</time>
      </trkpt>
      <trkpt lat="46.373869" lon="12.137995">
        <ele>1154.718588</ele>
        <time>2026-08-21T08:54:24.284Z</time>
      </trkpt>
      <trkpt lat="46.374011" lon="12.137956">
        <ele>1156.881853</ele>
        <time>2026-08-21T08:54:30.744Z</time>
      </trkpt>
      <trkpt lat="46.374054" lon="12.137991">
        <ele>1157.620021</ele>
        <time>2026-08-21T08:54:32.901Z</time>
      </trkpt>
      <trkpt lat="46.374100" lon="12.138130">
        <ele>1159.212068</ele>
        <time>2026-08-21T08:54:37.626Z</time>
      </trkpt>
      <trkpt lat="46.374089" lon="12.138438">
        <ele>1162.397060</ele>
        <time>2026-08-21T08:54:47.082Z</time>
      </trkpt>
      <trkpt lat="46.374112" lon="12.138500">
        <ele>1163.124021</ele>
        <time>2026-08-21T08:54:49.218Z</time>
      </trkpt>
      <trkpt lat="46.374166" lon="12.138516">
        <ele>1163.949004</ele>
        <time>2026-08-21T08:54:51.741Z</time>
      </trkpt>
      <trkpt lat="46.374225" lon="12.138491">
        <ele>1164.869075</ele>
        <time>2026-08-21T08:54:54.536Z</time>
      </trkpt>
      <trkpt lat="46.374537" lon="12.138191">
        <ele>1170.473270</ele>
        <time>2026-08-21T08:55:12.660Z</time>
      </trkpt>
      <trkpt lat="46.374642" lon="12.138189">
        <ele>1172.045036</ele>
        <time>2026-08-21T08:55:18.070Z</time>
      </trkpt>
      <trkpt lat="46.374669" lon="12.138230">
        <ele>1172.630353</ele>
        <time>2026-08-21T08:55:20.111Z</time>
      </trkpt>
      <trkpt lat="46.374723" lon="12.138574">
        <ele>1176.273611</ele>
        <time>2026-08-21T08:55:32.980Z</time>
      </trkpt>
      <trkpt lat="46.374879" lon="12.138881">
        <ele>1180.211048</ele>
        <time>2026-08-21T08:55:47.099Z</time>
      </trkpt>
      <trkpt lat="46.375155" lon="12.139164">
        <ele>1185.168895</ele>
        <time>2026-08-21T08:56:05.174Z</time>
      </trkpt>
      <trkpt lat="46.375456" lon="12.139404">
        <ele>1190.171775</ele>
        <time>2026-08-21T08:56:23.188Z</time>
      </trkpt>
      <trkpt lat="46.375649" lon="12.139742">
        <ele>1194.579977</ele>
        <time>2026-08-21T08:56:38.242Z</time>
      </trkpt>
      <trkpt lat="46.375689" lon="12.139877">
        <ele>1196.056149</ele>
        <time>2026-08-21T08:56:43.073Z</time>
      </trkpt>
      <trkpt lat="46.375721" lon="12.140116">
        <ele>1198.502242</ele>
        <time>2026-08-21T08:56:50.903Z</time>
      </trkpt>
      <trkpt lat="46.375774" lon="12.140159">
        <ele>1199.386758</ele>
        <time>2026-08-21T08:56:53.691Z</time>
      </trkpt>
      <trkpt lat="46.375923" lon="12.140120">
        <ele>1201.591709</ele>
        <time>2026-08-21T08:57:00.387Z</time>
      </trkpt>
      <trkpt lat="46.376026" lon="12.140049">
        <ele>1203.252663</ele>
        <time>2026-08-21T08:57:05.327Z</time>
      </trkpt>
      <trkpt lat="46.376106" lon="12.139903">
        <ele>1205.125906</ele>
        <time>2026-08-21T08:57:10.727Z</time>
      </trkpt>
      <trkpt lat="46.376171" lon="12.139664">
        <ele>1207.702030</ele>
        <time>2026-08-21T08:57:17.912Z</time>
      </trkpt>
      <trkpt lat="46.376224" lon="12.139571">
        <ele>1208.715071</ele>
        <time>2026-08-21T08:57:21.189Z</time>
      </trkpt>
      <trkpt lat="46.376314" lon="12.139595">
        <ele>1209.829011</ele>
        <time>2026-08-21T08:57:24.771Z</time>
      </trkpt>
      <trkpt lat="46.376422" lon="12.139872">
        <ele>1212.501103</ele>
        <time>2026-08-21T08:57:33.177Z</time>
      </trkpt>
      <trkpt lat="46.376461" lon="12.140054">
        <ele>1214.101611</ele>
        <time>2026-08-21T08:57:38.180Z</time>
      </trkpt>
      <trkpt lat="46.376448" lon="12.140236">
        <ele>1215.638259</ele>
        <time>2026-08-21T08:57:43.005Z</time>
      </trkpt>
      <trkpt lat="46.376351" lon="12.140412">
        <ele>1217.530071</ele>
        <time>2026-08-21T08:57:49.003Z</time>
      </trkpt>
      <trkpt lat="46.376360" lon="12.140506">
        <ele>1218.327072</ele>
        <time>2026-08-21T08:57:51.576Z</time>
      </trkpt>
      <trkpt lat="46.376397" lon="12.140561">
        <ele>1218.972215</ele>
        <time>2026-08-21T08:57:53.685Z</time>
      </trkpt>
      <trkpt lat="46.377189" lon="12.140726">
        <ele>1228.712159</ele>
        <time>2026-08-21T08:58:28.009Z</time>
      </trkpt>
      <trkpt lat="46.378016" lon="12.140744">
        <ele>1239.704803</ele>
        <time>2026-08-21T08:59:05.822Z</time>
      </trkpt>
      <trkpt lat="46.378124" lon="12.140685">
        <ele>1241.250794</ele>
        <time>2026-08-21T08:59:11.083Z</time>
      </trkpt>
      <trkpt lat="46.378216" lon="12.140554">
        <ele>1242.978272</ele>
        <time>2026-08-21T08:59:16.907Z</time>
      </trkpt>
      <trkpt lat="46.378320" lon="12.140220">
        <ele>1246.364618</ele>
        <time>2026-08-21T08:59:28.244Z</time>
      </trkpt>
      <trkpt lat="46.378361" lon="12.139645">
        <ele>1251.706556</ele>
        <time>2026-08-21T08:59:45.769Z</time>
      </trkpt>
      <trkpt lat="46.378380" lon="12.139547">
        <ele>1252.647265</ele>
        <time>2026-08-21T08:59:48.802Z</time>
      </trkpt>
      <trkpt lat="46.378430" lon="12.139469">
        <ele>1253.631198</ele>
        <time>2026-08-21T08:59:51.968Z</time>
      </trkpt>
      <trkpt lat="46.378734" lon="12.139577">
        <ele>1258.051058</ele>
        <time>2026-08-21T09:00:05.374Z</time>
      </trkpt>
      <trkpt lat="46.379055" lon="12.139618">
        <ele>1262.603327</ele>
        <time>2026-08-21T09:00:19.559Z</time>
      </trkpt>
      <trkpt lat="46.379162" lon="12.139603">
        <ele>1264.121946</ele>
        <time>2026-08-21T09:00:24.420Z</time>
      </trkpt>
      <trkpt lat="46.379265" lon="12.139697">
        <ele>1265.841378</ele>
        <time>2026-08-21T09:00:29.966Z</time>
      </trkpt>
      <trkpt lat="46.379345" lon="12.139863">
        <ele>1267.814830</ele>
        <time>2026-08-21T09:00:36.472Z</time>
      </trkpt>
      <trkpt lat="46.379450" lon="12.139867">
        <ele>1269.298654</ele>
        <time>2026-08-21T09:00:41.496Z</time>
      </trkpt>
      <trkpt lat="46.379485" lon="12.139808">
        <ele>1270.057004</ele>
        <time>2026-08-21T09:00:44.049Z</time>
      </trkpt>
      <trkpt lat="46.379517" lon="12.139660">
        <ele>1271.568559</ele>
        <time>2026-08-21T09:00:49.208Z</time>
      </trkpt>
      <trkpt lat="46.379500" lon="12.139115">
        <ele>1276.885428</ele>
        <time>2026-08-21T09:01:07.988Z</time>
      </trkpt>
      <trkpt lat="46.379485" lon="12.138644">
        <ele>1281.089422</ele>
        <time>2026-08-21T09:01:24.446Z</time>
      </trkpt>
      <trkpt lat="46.379525" lon="12.138445">
        <ele>1282.781281</ele>
        <time>2026-08-21T09:01:31.518Z</time>
      </trkpt>
      <trkpt lat="46.379614" lon="12.138233">
        <ele>1284.806921</ele>
        <time>2026-08-21T09:01:39.721Z</time>
      </trkpt>
      <trkpt lat="46.379943" lon="12.137657">
        <ele>1290.910747</ele>
        <time>2026-08-21T09:02:01.980Z</time>
      </trkpt>
      <trkpt lat="46.380046" lon="12.137546">
        <ele>1292.429299</ele>
        <time>2026-08-21T09:02:06.861Z</time>
      </trkpt>
      <trkpt lat="46.380242" lon="12.137501">
        <ele>1294.777210</ele>
        <time>2026-08-21T09:02:14.092Z</time>
      </trkpt>
      <trkpt lat="46.380387" lon="12.137575">
        <ele>1296.596020</ele>
        <time>2026-08-21T09:02:19.422Z</time>
      </trkpt>
      <trkpt lat="46.380471" lon="12.137669">
        <ele>1297.851580</ele>
        <time>2026-08-21T09:02:22.943Z</time>
      </trkpt>
      <trkpt lat="46.380666" lon="12.137991">
        <ele>1301.169389</ele>
        <time>2026-08-21T09:02:32.215Z</time>
      </trkpt>
      <trkpt lat="46.381035" lon="12.138326">
        <ele>1305.391778</ele>
        <time>2026-08-21T09:02:45.133Z</time>
      </trkpt>
      <trkpt lat="46.381301" lon="12.138761">
        <ele>1309.280693</ele>
        <time>2026-08-21T09:02:57.745Z</time>
      </trkpt>
      <trkpt lat="46.381356" lon="12.138797">
        <ele>1309.865928</ele>
        <time>2026-08-21T09:02:59.768Z</time>
      </trkpt>
      <trkpt lat="46.381647" lon="12.138471">
        <ele>1313.432526</ele>
        <time>2026-08-21T09:03:13.317Z</time>
      </trkpt>
      <trkpt lat="46.381720" lon="12.138346">
        <ele>1314.528201</ele>
        <time>2026-08-21T09:03:17.789Z</time>
      </trkpt>
      <trkpt lat="46.381988" lon="12.137617">
        <ele>1320.635977</ele>
        <time>2026-08-21T09:03:42.296Z</time>
      </trkpt>
      <trkpt lat="46.382109" lon="12.137392">
        <ele>1323.036109</ele>
        <time>2026-08-21T09:03:50.833Z</time>
      </trkpt>
      <trkpt lat="46.382252" lon="12.137317">
        <ele>1324.890684</ele>
        <time>2026-08-21T09:03:57.357Z</time>
      </trkpt>
      <trkpt lat="46.382297" lon="12.137320">
        <ele>1325.440057</ele>
        <time>2026-08-21T09:03:59.305Z</time>
      </trkpt>
      <trkpt lat="46.382384" lon="12.137392">
        <ele>1326.661787</ele>
        <time>2026-08-21T09:04:03.556Z</time>
      </trkpt>
      <trkpt lat="46.382597" lon="12.137709">
        <ele>1330.384672</ele>
        <time>2026-08-21T09:04:16.341Z</time>
      </trkpt>
      <trkpt lat="46.382800" lon="12.138118">
        <ele>1334.623585</ele>
        <time>2026-08-21T09:04:30.804Z</time>
      </trkpt>
      <trkpt lat="46.382824" lon="12.138263">
        <ele>1335.878067</ele>
        <time>2026-08-21T09:04:35.068Z</time>
      </trkpt>
      <trkpt lat="46.382826" lon="12.138936">
        <ele>1341.454866</ele>
        <time>2026-08-21T09:04:54.152Z</time>
      </trkpt>
      <trkpt lat="46.382861" lon="12.139009">
        <ele>1342.167569</ele>
        <time>2026-08-21T09:04:56.576Z</time>
      </trkpt>
      <trkpt lat="46.382916" lon="12.139023">
        <ele>1342.816529</ele>
        <time>2026-08-21T09:04:58.801Z</time>
      </trkpt>
      <trkpt lat="46.382970" lon="12.138992">
        <ele>1343.491507</ele>
        <time>2026-08-21T09:05:01.098Z</time>
      </trkpt>
      <trkpt lat="46.383441" lon="12.138289">
        <ele>1351.347993</ele>
        <time>2026-08-21T09:05:26.788Z</time>
      </trkpt>
      <trkpt lat="46.383560" lon="12.138210">
        <ele>1352.869068</ele>
        <time>2026-08-21T09:05:31.947Z</time>
      </trkpt>
      <trkpt lat="46.383604" lon="12.138245">
        <ele>1353.452337</ele>
        <time>2026-08-21T09:05:33.979Z</time>
      </trkpt>
      <trkpt lat="46.383626" lon="12.138305">
        <ele>1353.997073</ele>
        <time>2026-08-21T09:05:35.883Z</time>
      </trkpt>
      <trkpt lat="46.383696" lon="12.138848">
        <ele>1358.425552</ele>
        <time>2026-08-21T09:05:51.830Z</time>
      </trkpt>
      <trkpt lat="46.383749" lon="12.139065">
        <ele>1360.271016</ele>
        <time>2026-08-21T09:05:58.723Z</time>
      </trkpt>
      <trkpt lat="46.383780" lon="12.139103">
        <ele>1360.753432</ele>
        <time>2026-08-21T09:06:00.451Z</time>
      </trkpt>
      <trkpt lat="46.383869" lon="12.139050">
        <ele>1361.981558</ele>
        <time>2026-08-21T09:06:04.555Z</time>
      </trkpt>
      <trkpt lat="46.384132" lon="12.138406">
        <ele>1368.571154</ele>
        <time>2026-08-21T09:06:26.135Z</time>
      </trkpt>
      <trkpt lat="46.384217" lon="12.138331">
        <ele>1369.841277</ele>
        <time>2026-08-21T09:06:30.316Z</time>
      </trkpt>
      <trkpt lat="46.384280" lon="12.138380">
        <ele>1370.753847</ele>
        <time>2026-08-21T09:06:33.289Z</time>
      </trkpt>
      <trkpt lat="46.384392" lon="12.138718">
        <ele>1374.055465</ele>
        <time>2026-08-21T09:06:44.328Z</time>
      </trkpt>
      <trkpt lat="46.384496" lon="12.138941">
        <ele>1376.425589</ele>
        <time>2026-08-21T09:06:52.505Z</time>
      </trkpt>
      <trkpt lat="46.384547" lon="12.138995">
        <ele>1377.231710</ele>
        <time>2026-08-21T09:06:55.288Z</time>
      </trkpt>
      <trkpt lat="46.384569" lon="12.139004">
        <ele>1377.523488</ele>
        <time>2026-08-21T09:06:56.327Z</time>
      </trkpt>
      <trkpt lat="46.384630" lon="12.138943">
        <ele>1378.469380</ele>
        <time>2026-08-21T09:06:59.502Z</time>
      </trkpt>
      <trkpt lat="46.384651" lon="12.138850">
        <ele>1379.330989</ele>
        <time>2026-08-21T09:07:02.445Z</time>
      </trkpt>
      <trkpt lat="46.384656" lon="12.138602">
        <ele>1381.515531</ele>
        <time>2026-08-21T09:07:09.721Z</time>
      </trkpt>
      <trkpt lat="46.384714" lon="12.136814">
        <ele>1396.646863</ele>
        <time>2026-08-21T09:08:05.876Z</time>
      </trkpt>
      <trkpt lat="46.384712" lon="12.136556">
        <ele>1398.814200</ele>
        <time>2026-08-21T09:08:13.297Z</time>
      </trkpt>
      <trkpt lat="46.384677" lon="12.136236">
        <ele>1401.535780</ele>
        <time>2026-08-21T09:08:21.276Z</time>
      </trkpt>
      <trkpt lat="46.384595" lon="12.135981">
        <ele>1403.899092</ele>
        <time>2026-08-21T09:08:27.457Z</time>
      </trkpt>
      <trkpt lat="46.384488" lon="12.135851">
        <ele>1405.575267</ele>
        <time>2026-08-21T09:08:31.731Z</time>
      </trkpt>
      <trkpt lat="46.384417" lon="12.135814">
        <ele>1406.282456</ele>
        <time>2026-08-21T09:08:33.953Z</time>
      </trkpt>
      <trkpt lat="46.384213" lon="12.135798">
        <ele>1408.197377</ele>
        <time>2026-08-21T09:08:40.212Z</time>
      </trkpt>
      <trkpt lat="46.383937" lon="12.135889">
        <ele>1410.850438</ele>
        <time>2026-08-21T09:08:48.692Z</time>
      </trkpt>
      <trkpt lat="46.383674" lon="12.136046">
        <ele>1413.516414</ele>
        <time>2026-08-21T09:08:56.105Z</time>
      </trkpt>
      <trkpt lat="46.383471" lon="12.136228">
        <ele>1415.753665</ele>
        <time>2026-08-21T09:09:02.153Z</time>
      </trkpt>
      <trkpt lat="46.383418" lon="12.136210">
        <ele>1416.263894</ele>
        <time>2026-08-21T09:09:03.560Z</time>
      </trkpt>
      <trkpt lat="46.383406" lon="12.136125">
        <ele>1416.824885</ele>
        <time>2026-08-21T09:09:05.212Z</time>
      </trkpt>
      <trkpt lat="46.383453" lon="12.136006">
        <ele>1417.711515</ele>
        <time>2026-08-21T09:09:07.882Z</time>
      </trkpt>
      <trkpt lat="46.383858" lon="12.135557">
        <ele>1422.562281</ele>
        <time>2026-08-21T09:09:24.751Z</time>
      </trkpt>
      <trkpt lat="46.383880" lon="12.135503">
        <ele>1423.181546</ele>
        <time>2026-08-21T09:09:26.502Z</time>
      </trkpt>
      <trkpt lat="46.383869" lon="12.135413">
        <ele>1424.084078</ele>
        <time>2026-08-21T09:09:29.055Z</time>
      </trkpt>
      <trkpt lat="46.383848" lon="12.135380">
        <ele>1424.527408</ele>
        <time>2026-08-21T09:09:30.332Z</time>
      </trkpt>
      <trkpt lat="46.383776" lon="12.135362">
        <ele>1425.573252</ele>
        <time>2026-08-21T09:09:33.504Z</time>
      </trkpt>
      <trkpt lat="46.383650" lon="12.135521">
        <ele>1427.964478</ele>
        <time>2026-08-21T09:09:41.186Z</time>
      </trkpt>
      <trkpt lat="46.383566" lon="12.135553">
        <ele>1429.207706</ele>
        <time>2026-08-21T09:09:45.369Z</time>
      </trkpt>
      <trkpt lat="46.383503" lon="12.135459">
        <ele>1430.501843</ele>
        <time>2026-08-21T09:09:49.940Z</time>
      </trkpt>
      <trkpt lat="46.383226" lon="12.134830">
        <ele>1437.870595</ele>
        <time>2026-08-21T09:10:16.309Z</time>
      </trkpt>
      <trkpt lat="46.383006" lon="12.134688">
        <ele>1441.317802</ele>
        <time>2026-08-21T09:10:28.209Z</time>
      </trkpt>
      <trkpt lat="46.382601" lon="12.134709">
        <ele>1447.118805</ele>
        <time>2026-08-21T09:10:45.556Z</time>
      </trkpt>
      <trkpt lat="46.382563" lon="12.134696">
        <ele>1447.677691</ele>
        <time>2026-08-21T09:10:47.038Z</time>
      </trkpt>
      <trkpt lat="46.382556" lon="12.134651">
        <ele>1448.120215</ele>
        <time>2026-08-21T09:10:48.238Z</time>
      </trkpt>
      <trkpt lat="46.382561" lon="12.134515">
        <ele>1448.926621</ele>
        <time>2026-08-21T09:10:51.680Z</time>
      </trkpt>
      <trkpt lat="46.382619" lon="12.134426">
        <ele>1449.651558</ele>
        <time>2026-08-21T09:10:54.629Z</time>
      </trkpt>
      <trkpt lat="46.382938" lon="12.134226">
        <ele>1452.634721</ele>
        <time>2026-08-21T09:11:05.785Z</time>
      </trkpt>
      <trkpt lat="46.383147" lon="12.134187">
        <ele>1454.443418</ele>
        <time>2026-08-21T09:11:11.832Z</time>
      </trkpt>
      <trkpt lat="46.383283" lon="12.134249">
        <ele>1455.667100</ele>
        <time>2026-08-21T09:11:15.751Z</time>
      </trkpt>
      <trkpt lat="46.383635" lon="12.134727">
        <ele>1459.806951</ele>
        <time>2026-08-21T09:11:28.686Z</time>
      </trkpt>
      <trkpt lat="46.383706" lon="12.134734">
        <ele>1460.417768</ele>
        <time>2026-08-21T09:11:30.505Z</time>
      </trkpt>
      <trkpt lat="46.383738" lon="12.134703">
        <ele>1460.748117</ele>
        <time>2026-08-21T09:11:31.506Z</time>
      </trkpt>
      <trkpt lat="46.383771" lon="12.134594">
        <ele>1461.452918</ele>
        <time>2026-08-21T09:11:33.563Z</time>
      </trkpt>
      <trkpt lat="46.383730" lon="12.134488">
        <ele>1462.172464</ele>
        <time>2026-08-21T09:11:35.660Z</time>
      </trkpt>
      <trkpt lat="46.383559" lon="12.134237">
        <ele>1463.846787</ele>
        <time>2026-08-21T09:11:41.503Z</time>
      </trkpt>
      <trkpt lat="46.383288" lon="12.133918">
        <ele>1465.123904</ele>
        <time>2026-08-21T09:11:49.625Z</time>
      </trkpt>
      <trkpt lat="46.383112" lon="12.133777">
        <ele>1465.859566</ele>
        <time>2026-08-21T09:11:54.071Z</time>
      </trkpt>
      <trkpt lat="46.382914" lon="12.133693">
        <ele>1466.614310</ele>
        <time>2026-08-21T09:11:58.278Z</time>
      </trkpt>
      <trkpt lat="46.382716" lon="12.133715">
        <ele>1467.340796</ele>
        <time>2026-08-21T09:12:01.795Z</time>
      </trkpt>
      <trkpt lat="46.382189" lon="12.134094">
        <ele>1469.492991</ele>
        <time>2026-08-21T09:12:09.349Z</time>
      </trkpt>
      <trkpt lat="46.381999" lon="12.134127">
        <ele>1470.219559</ele>
        <time>2026-08-21T09:12:11.096Z</time>
      </trkpt>
      <trkpt lat="46.381566" lon="12.134117">
        <ele>1472.371321</ele>
        <time>2026-08-21T09:12:15.272Z</time>
      </trkpt>
      <trkpt lat="46.381462" lon="12.134063">
        <ele>1472.920226</ele>
        <time>2026-08-21T09:12:16.836Z</time>
      </trkpt>
      <trkpt lat="46.381418" lon="12.133928">
        <ele>1473.432018</ele>
        <time>2026-08-21T09:12:18.621Z</time>
      </trkpt>
      <trkpt lat="46.381440" lon="12.133780">
        <ele>1473.950968</ele>
        <time>2026-08-21T09:12:20.464Z</time>
      </trkpt>
      <trkpt lat="46.381483" lon="12.133696">
        <ele>1474.309512</ele>
        <time>2026-08-21T09:12:21.891Z</time>
      </trkpt>
      <trkpt lat="46.381682" lon="12.133416">
        <ele>1475.687502</ele>
        <time>2026-08-21T09:12:28.101Z</time>
      </trkpt>
      <trkpt lat="46.381722" lon="12.133384">
        <ele>1475.914512</ele>
        <time>2026-08-21T09:12:29.169Z</time>
      </trkpt>
      <trkpt lat="46.381879" lon="12.133389">
        <ele>1476.694802</ele>
        <time>2026-08-21T09:12:33.494Z</time>
      </trkpt>
      <trkpt lat="46.382193" lon="12.133460">
        <ele>1478.273870</ele>
        <time>2026-08-21T09:12:44.034Z</time>
      </trkpt>
      <trkpt lat="46.382351" lon="12.133442">
        <ele>1479.060460</ele>
        <time>2026-08-21T09:12:49.711Z</time>
      </trkpt>
      <trkpt lat="46.382523" lon="12.133341">
        <ele>1479.822681</ele>
        <time>2026-08-21T09:12:55.306Z</time>
      </trkpt>
      <trkpt lat="46.383024" lon="12.132785">
        <ele>1482.414243</ele>
        <time>2026-08-21T09:13:10.860Z</time>
      </trkpt>
      <trkpt lat="46.383113" lon="12.132653">
        <ele>1482.937223</ele>
        <time>2026-08-21T09:13:13.300Z</time>
      </trkpt>
      <trkpt lat="46.383140" lon="12.132550">
        <ele>1483.249420</ele>
        <time>2026-08-21T09:13:14.501Z</time>
      </trkpt>
      <trkpt lat="46.383116" lon="12.132168">
        <ele>1484.336247</ele>
        <time>2026-08-21T09:13:18.342Z</time>
      </trkpt>
      <trkpt lat="46.383103" lon="12.131903">
        <ele>1485.088986</ele>
        <time>2026-08-21T09:13:20.331Z</time>
      </trkpt>
      <trkpt lat="46.383122" lon="12.131716">
        <ele>1485.624543</ele>
        <time>2026-08-21T09:13:21.508Z</time>
      </trkpt>
      <trkpt lat="46.383229" lon="12.131290">
        <ele>1486.511911</ele>
        <time>2026-08-21T09:13:23.812Z</time>
      </trkpt>
      <trkpt lat="46.383238" lon="12.131249">
        <ele>1486.529762</ele>
        <time>2026-08-21T09:13:24.019Z</time>
      </trkpt>
      <trkpt lat="46.383286" lon="12.130947">
        <ele>1486.658339</ele>
        <time>2026-08-21T09:13:25.481Z</time>
      </trkpt>
      <trkpt lat="46.383312" lon="12.130799">
        <ele>1486.721701</ele>
        <time>2026-08-21T09:13:26.215Z</time>
      </trkpt>
      <trkpt lat="46.383619" lon="12.130127">
        <ele>1487.056095</ele>
        <time>2026-08-21T09:13:31.419Z</time>
      </trkpt>
      <trkpt lat="46.384246" lon="12.129424">
        <ele>1487.497166</ele>
        <time>2026-08-21T09:13:41.485Z</time>
      </trkpt>
      <trkpt lat="46.384508" lon="12.128899">
        <ele>1486.451443</ele>
        <time>2026-08-21T09:13:48.124Z</time>
      </trkpt>
      <trkpt lat="46.384583" lon="12.128817">
        <ele>1486.231674</ele>
        <time>2026-08-21T09:13:49.279Z</time>
      </trkpt>
      <trkpt lat="46.384645" lon="12.128800">
        <ele>1486.084054</ele>
        <time>2026-08-21T09:13:50.013Z</time>
      </trkpt>
      <trkpt lat="46.384722" lon="12.128804">
        <ele>1485.903798</ele>
        <time>2026-08-21T09:13:50.803Z</time>
      </trkpt>
      <trkpt lat="46.385106" lon="12.128831">
        <ele>1485.004382</ele>
        <time>2026-08-21T09:13:53.583Z</time>
      </trkpt>
      <trkpt lat="46.385331" lon="12.128782">
        <ele>1484.472092</ele>
        <time>2026-08-21T09:13:54.946Z</time>
      </trkpt>
      <trkpt lat="46.385467" lon="12.128713">
        <ele>1484.135000</ele>
        <time>2026-08-21T09:13:55.764Z</time>
      </trkpt>
      <trkpt lat="46.385642" lon="12.128575">
        <ele>1483.668940</ele>
        <time>2026-08-21T09:13:56.856Z</time>
      </trkpt>
      <trkpt lat="46.385749" lon="12.128490">
        <ele>1483.383496</ele>
        <time>2026-08-21T09:13:57.509Z</time>
      </trkpt>
      <trkpt lat="46.385865" lon="12.128338">
        <ele>1481.821891</ele>
        <time>2026-08-21T09:13:58.334Z</time>
      </trkpt>
      <trkpt lat="46.386031" lon="12.127873">
        <ele>1477.608419</ele>
        <time>2026-08-21T09:14:00.178Z</time>
      </trkpt>
      <trkpt lat="46.386111" lon="12.127126">
        <ele>1471.525002</ele>
        <time>2026-08-21T09:14:02.786Z</time>
      </trkpt>
      <trkpt lat="46.386083" lon="12.126928">
        <ele>1469.898481</ele>
        <time>2026-08-21T09:14:03.481Z</time>
      </trkpt>
      <trkpt lat="46.385803" lon="12.125711">
        <ele>1460.095363</ele>
        <time>2026-08-21T09:14:07.953Z</time>
      </trkpt>
      <trkpt lat="46.385784" lon="12.125599">
        <ele>1459.342416</ele>
        <time>2026-08-21T09:14:08.369Z</time>
      </trkpt>
      <trkpt lat="46.385796" lon="12.125526">
        <ele>1458.852510</ele>
        <time>2026-08-21T09:14:08.638Z</time>
      </trkpt>
      <trkpt lat="46.385828" lon="12.125471">
        <ele>1458.382793</ele>
        <time>2026-08-21T09:14:08.896Z</time>
      </trkpt>
      <trkpt lat="46.386049" lon="12.125412">
        <ele>1456.256092</ele>
        <time>2026-08-21T09:14:10.079Z</time>
      </trkpt>
      <trkpt lat="46.386124" lon="12.125362">
        <ele>1455.474841</ele>
        <time>2026-08-21T09:14:10.517Z</time>
      </trkpt>
      <trkpt lat="46.386178" lon="12.125283">
        <ele>1454.748790</ele>
        <time>2026-08-21T09:14:10.921Z</time>
      </trkpt>
      <trkpt lat="46.386268" lon="12.125025">
        <ele>1452.861399</ele>
        <time>2026-08-21T09:14:11.977Z</time>
      </trkpt>
      <trkpt lat="46.386320" lon="12.124937">
        <ele>1452.104952</ele>
        <time>2026-08-21T09:14:12.405Z</time>
      </trkpt>
      <trkpt lat="46.386643" lon="12.124755">
        <ele>1448.825318</ele>
        <time>2026-08-21T09:14:14.233Z</time>
      </trkpt>
      <trkpt lat="46.386867" lon="12.124594">
        <ele>1446.459154</ele>
        <time>2026-08-21T09:14:15.541Z</time>
      </trkpt>
      <trkpt lat="46.386931" lon="12.124504">
        <ele>1445.615322</ele>
        <time>2026-08-21T09:14:16.007Z</time>
      </trkpt>
      <trkpt lat="46.387078" lon="12.123861">
        <ele>1440.434991</ele>
        <time>2026-08-21T09:14:18.423Z</time>
      </trkpt>
      <trkpt lat="46.387270" lon="12.123652">
        <ele>1437.744377</ele>
        <time>2026-08-21T09:14:19.654Z</time>
      </trkpt>
      <trkpt lat="46.387291" lon="12.123568">
        <ele>1437.053736</ele>
        <time>2026-08-21T09:14:19.973Z</time>
      </trkpt>
      <trkpt lat="46.387284" lon="12.123467">
        <ele>1436.269088</ele>
        <time>2026-08-21T09:14:20.331Z</time>
      </trkpt>
      <trkpt lat="46.387052" lon="12.123046">
        <ele>1432.103799</ele>
        <time>2026-08-21T09:14:22.242Z</time>
      </trkpt>
      <trkpt lat="46.387055" lon="12.122910">
        <ele>1431.051995</ele>
        <time>2026-08-21T09:14:22.725Z</time>
      </trkpt>
      <trkpt lat="46.387085" lon="12.122873">
        <ele>1430.610608</ele>
        <time>2026-08-21T09:14:22.924Z</time>
      </trkpt>
      <trkpt lat="46.387190" lon="12.122885">
        <ele>1429.430297</ele>
        <time>2026-08-21T09:14:23.463Z</time>
      </trkpt>
      <trkpt lat="46.387259" lon="12.122939">
        <ele>1428.551591</ele>
        <time>2026-08-21T09:14:23.861Z</time>
      </trkpt>
      <trkpt lat="46.387431" lon="12.123187">
        <ele>1425.833117</ele>
        <time>2026-08-21T09:14:25.077Z</time>
      </trkpt>
      <trkpt lat="46.387495" lon="12.123204">
        <ele>1425.085327</ele>
        <time>2026-08-21T09:14:25.406Z</time>
      </trkpt>
      <trkpt lat="46.387544" lon="12.123183">
        <ele>1424.306217</ele>
        <time>2026-08-21T09:14:25.661Z</time>
      </trkpt>
      <trkpt lat="46.387582" lon="12.123115">
        <ele>1423.385761</ele>
        <time>2026-08-21T09:14:25.959Z</time>
      </trkpt>
      <trkpt lat="46.387586" lon="12.122957">
        <ele>1421.722855</ele>
        <time>2026-08-21T09:14:26.502Z</time>
      </trkpt>
      <trkpt lat="46.387489" lon="12.122557">
        <ele>1417.263380</ele>
        <time>2026-08-21T09:14:27.949Z</time>
      </trkpt>
      <trkpt lat="46.387382" lon="12.122236">
        <ele>1413.513659</ele>
        <time>2026-08-21T09:14:29.169Z</time>
      </trkpt>
      <trkpt lat="46.387087" lon="12.121552">
        <ele>1405.029061</ele>
        <time>2026-08-21T09:14:31.914Z</time>
      </trkpt>
      <trkpt lat="46.387047" lon="12.121398">
        <ele>1403.298301</ele>
        <time>2026-08-21T09:14:32.474Z</time>
      </trkpt>
      <trkpt lat="46.387035" lon="12.120868">
        <ele>1397.723622</ele>
        <time>2026-08-21T09:14:34.288Z</time>
      </trkpt>
      <trkpt lat="46.386893" lon="12.120483">
        <ele>1394.483035</ele>
        <time>2026-08-21T09:14:35.826Z</time>
      </trkpt>
      <trkpt lat="46.386727" lon="12.119905">
        <ele>1389.835730</ele>
        <time>2026-08-21T09:14:38.096Z</time>
      </trkpt>
      <trkpt lat="46.386772" lon="12.119737">
        <ele>1388.498004</ele>
        <time>2026-08-21T09:14:38.757Z</time>
      </trkpt>
      <trkpt lat="46.387117" lon="12.119390">
        <ele>1383.979547</ele>
        <time>2026-08-21T09:14:40.929Z</time>
      </trkpt>
      <trkpt lat="46.387131" lon="12.119312">
        <ele>1383.381304</ele>
        <time>2026-08-21T09:14:41.215Z</time>
      </trkpt>
      <trkpt lat="46.387105" lon="12.119251">
        <ele>1382.849058</ele>
        <time>2026-08-21T09:14:41.466Z</time>
      </trkpt>
      <trkpt lat="46.387037" lon="12.119217">
        <ele>1382.075026</ele>
        <time>2026-08-21T09:14:41.830Z</time>
      </trkpt>
      <trkpt lat="46.386634" lon="12.119262">
        <ele>1377.841615</ele>
        <time>2026-08-21T09:14:43.901Z</time>
      </trkpt>
      <trkpt lat="46.386455" lon="12.119230">
        <ele>1376.247434</ele>
        <time>2026-08-21T09:14:44.825Z</time>
      </trkpt>
      <trkpt lat="46.386369" lon="12.119184">
        <ele>1375.437182</ele>
        <time>2026-08-21T09:14:45.302Z</time>
      </trkpt>
      <trkpt lat="46.386308" lon="12.119108">
        <ele>1374.726237</ele>
        <time>2026-08-21T09:14:45.711Z</time>
      </trkpt>
      <trkpt lat="46.386216" lon="12.118896">
        <ele>1373.199120</ele>
        <time>2026-08-21T09:14:46.595Z</time>
      </trkpt>
      <trkpt lat="46.386185" lon="12.118261">
        <ele>1369.317747</ele>
        <time>2026-08-21T09:14:48.853Z</time>
      </trkpt>
      <trkpt lat="46.386269" lon="12.118002">
        <ele>1367.572746</ele>
        <time>2026-08-21T09:14:49.904Z</time>
      </trkpt>
      <trkpt lat="46.386570" lon="12.117573">
        <ele>1363.841752</ele>
        <time>2026-08-21T09:14:52.186Z</time>
      </trkpt>
      <trkpt lat="46.386836" lon="12.117292">
        <ele>1361.337712</ele>
        <time>2026-08-21T09:14:54.020Z</time>
      </trkpt>
      <trkpt lat="46.386871" lon="12.117184">
        <ele>1360.801038</ele>
        <time>2026-08-21T09:14:54.478Z</time>
      </trkpt>
      <trkpt lat="46.386871" lon="12.117071">
        <ele>1360.292814</ele>
        <time>2026-08-21T09:14:54.919Z</time>
      </trkpt>
      <trkpt lat="46.386800" lon="12.116907">
        <ele>1359.421973</ele>
        <time>2026-08-21T09:14:55.672Z</time>
      </trkpt>
      <trkpt lat="46.386609" lon="12.116786">
        <ele>1358.062895</ele>
        <time>2026-08-21T09:14:56.819Z</time>
      </trkpt>
      <trkpt lat="46.386245" lon="12.116641">
        <ele>1355.601562</ele>
        <time>2026-08-21T09:14:58.869Z</time>
      </trkpt>
      <trkpt lat="46.386149" lon="12.116545">
        <ele>1354.841148</ele>
        <time>2026-08-21T09:14:59.497Z</time>
      </trkpt>
      <trkpt lat="46.386091" lon="12.116383">
        <ele>1354.020237</ele>
        <time>2026-08-21T09:15:00.172Z</time>
      </trkpt>
      <trkpt lat="46.386104" lon="12.116267">
        <ele>1353.491671</ele>
        <time>2026-08-21T09:15:00.604Z</time>
      </trkpt>
      <trkpt lat="46.386604" lon="12.114917">
        <ele>1347.490640</ele>
        <time>2026-08-21T09:15:06.300Z</time>
      </trkpt>
      <trkpt lat="46.386917" lon="12.114315">
        <ele>1344.827837</ele>
        <time>2026-08-21T09:15:09.203Z</time>
      </trkpt>
      <trkpt lat="46.387166" lon="12.114061">
        <ele>1343.268759</ele>
        <time>2026-08-21T09:15:10.946Z</time>
      </trkpt>
      <trkpt lat="46.387340" lon="12.113959">
        <ele>1342.307664</ele>
        <time>2026-08-21T09:15:12.058Z</time>
      </trkpt>
      <trkpt lat="46.387387" lon="12.113823">
        <ele>1341.770368</ele>
        <time>2026-08-21T09:15:12.686Z</time>
      </trkpt>
      <trkpt lat="46.387490" lon="12.113802">
        <ele>1341.569588</ele>
        <time>2026-08-21T09:15:13.345Z</time>
      </trkpt>
      <trkpt lat="46.387868" lon="12.113701">
        <ele>1341.769447</ele>
        <time>2026-08-21T09:15:16.081Z</time>
      </trkpt>
      <trkpt lat="46.387984" lon="12.113637">
        <ele>1341.833984</ele>
        <time>2026-08-21T09:15:17.283Z</time>
      </trkpt>
      <trkpt lat="46.388900" lon="12.112786">
        <ele>1342.399681</ele>
        <time>2026-08-21T09:15:32.561Z</time>
      </trkpt>
      <trkpt lat="46.389912" lon="12.111822">
        <ele>1342.312669</ele>
        <time>2026-08-21T09:15:45.625Z</time>
      </trkpt>
      <trkpt lat="46.390086" lon="12.111605">
        <ele>1342.277931</ele>
        <time>2026-08-21T09:15:47.216Z</time>
      </trkpt>
      <trkpt lat="46.390269" lon="12.111317">
        <ele>1342.237051</ele>
        <time>2026-08-21T09:15:49.013Z</time>
      </trkpt>
      <trkpt lat="46.390707" lon="12.110563">
        <ele>1341.824135</ele>
        <time>2026-08-21T09:15:53.543Z</time>
      </trkpt>
      <trkpt lat="46.390727" lon="12.110517">
        <ele>1341.792529</ele>
        <time>2026-08-21T09:15:53.780Z</time>
      </trkpt>
      <trkpt lat="46.390927" lon="12.110181">
        <ele>1341.534561</ele>
        <time>2026-08-21T09:15:55.816Z</time>
      </trkpt>
      <trkpt lat="46.391162" lon="12.109735">
        <ele>1341.208339</ele>
        <time>2026-08-21T09:15:58.441Z</time>
      </trkpt>
      <trkpt lat="46.391262" lon="12.109484">
        <ele>1341.039859</ele>
        <time>2026-08-21T09:15:59.878Z</time>
      </trkpt>
      <trkpt lat="46.391325" lon="12.109187">
        <ele>1340.859251</ele>
        <time>2026-08-21T09:16:01.566Z</time>
      </trkpt>
      <trkpt lat="46.391361" lon="12.108888">
        <ele>1340.709437</ele>
        <time>2026-08-21T09:16:03.796Z</time>
      </trkpt>
      <trkpt lat="46.391379" lon="12.108243">
        <ele>1343.229029</ele>
        <time>2026-08-21T09:16:10.723Z</time>
      </trkpt>
      <trkpt lat="46.391403" lon="12.107614">
        <ele>1345.687862</ele>
        <time>2026-08-21T09:16:19.893Z</time>
      </trkpt>
      <trkpt lat="46.391407" lon="12.107274">
        <ele>1347.015125</ele>
        <time>2026-08-21T09:16:25.596Z</time>
      </trkpt>
      <trkpt lat="46.391433" lon="12.106092">
        <ele>1352.074162</ele>
        <time>2026-08-21T09:16:49.644Z</time>
      </trkpt>
      <trkpt lat="46.391446" lon="12.105607">
        <ele>1355.064302</ele>
        <time>2026-08-21T09:17:00.673Z</time>
      </trkpt>
      <trkpt lat="46.391461" lon="12.105388">
        <ele>1356.420107</ele>
        <time>2026-08-21T09:17:05.579Z</time>
      </trkpt>
      <trkpt lat="46.391526" lon="12.105179">
        <ele>1357.832509</ele>
        <time>2026-08-21T09:17:10.583Z</time>
      </trkpt>
      <trkpt lat="46.391922" lon="12.104455">
        <ele>1363.524995</ele>
        <time>2026-08-21T09:17:29.932Z</time>
      </trkpt>
      <trkpt lat="46.392792" lon="12.102901">
        <ele>1375.034285</ele>
        <time>2026-08-21T09:18:10.025Z</time>
      </trkpt>
      <trkpt lat="46.392964" lon="12.102578">
        <ele>1377.316930</ele>
        <time>2026-08-21T09:18:17.861Z</time>
      </trkpt>
      <trkpt lat="46.393152" lon="12.102287">
        <ele>1379.547298</ele>
        <time>2026-08-21T09:18:25.537Z</time>
      </trkpt>
      <trkpt lat="46.393248" lon="12.102201">
        <ele>1380.462519</ele>
        <time>2026-08-21T09:18:28.664Z</time>
      </trkpt>
      <trkpt lat="46.393536" lon="12.102088">
        <ele>1382.997409</ele>
        <time>2026-08-21T09:18:36.767Z</time>
      </trkpt>
      <trkpt lat="46.393648" lon="12.102159">
        <ele>1384.072411</ele>
        <time>2026-08-21T09:18:40.039Z</time>
      </trkpt>
      <trkpt lat="46.393914" lon="12.102912">
        <ele>1389.203940</ele>
        <time>2026-08-21T09:18:56.028Z</time>
      </trkpt>
      <trkpt lat="46.394197" lon="12.103771">
        <ele>1394.978066</ele>
        <time>2026-08-21T09:19:16.563Z</time>
      </trkpt>
      <trkpt lat="46.394293" lon="12.103931">
        <ele>1396.264372</ele>
        <time>2026-08-21T09:19:21.507Z</time>
      </trkpt>
      <trkpt lat="46.394354" lon="12.103960">
        <ele>1396.828931</ele>
        <time>2026-08-21T09:19:23.793Z</time>
      </trkpt>
      <trkpt lat="46.394513" lon="12.103979">
        <ele>1398.348581</ele>
        <time>2026-08-21T09:19:29.289Z</time>
      </trkpt>
      <trkpt lat="46.394598" lon="12.103955">
        <ele>1399.209216</ele>
        <time>2026-08-21T09:19:32.200Z</time>
      </trkpt>
      <trkpt lat="46.395304" lon="12.103644">
        <ele>1406.542425</ele>
        <time>2026-08-21T09:19:58.629Z</time>
      </trkpt>
      <trkpt lat="46.395383" lon="12.103662">
        <ele>1407.337196</ele>
        <time>2026-08-21T09:20:01.424Z</time>
      </trkpt>
      <trkpt lat="46.395428" lon="12.103716">
        <ele>1407.917724</ele>
        <time>2026-08-21T09:20:03.408Z</time>
      </trkpt>
      <trkpt lat="46.395508" lon="12.104200">
        <ele>1411.329154</ele>
        <time>2026-08-21T09:20:14.786Z</time>
      </trkpt>
      <trkpt lat="46.395543" lon="12.104261">
        <ele>1411.873042</ele>
        <time>2026-08-21T09:20:16.445Z</time>
      </trkpt>
      <trkpt lat="46.395589" lon="12.104299">
        <ele>1412.399201</ele>
        <time>2026-08-21T09:20:17.992Z</time>
      </trkpt>
      <trkpt lat="46.395667" lon="12.104282">
        <ele>1413.183108</ele>
        <time>2026-08-21T09:20:20.352Z</time>
      </trkpt>
      <trkpt lat="46.395718" lon="12.104133">
        <ele>1414.323255</ele>
        <time>2026-08-21T09:20:23.620Z</time>
      </trkpt>
      <trkpt lat="46.395727" lon="12.103606">
        <ele>1417.162947</ele>
        <time>2026-08-21T09:20:33.459Z</time>
      </trkpt>
      <trkpt lat="46.395775" lon="12.103540">
        <ele>1417.633753</ele>
        <time>2026-08-21T09:20:35.323Z</time>
      </trkpt>
      <trkpt lat="46.395812" lon="12.103534">
        <ele>1417.898730</ele>
        <time>2026-08-21T09:20:36.356Z</time>
      </trkpt>
      <trkpt lat="46.395877" lon="12.103551">
        <ele>1418.368811</ele>
        <time>2026-08-21T09:20:38.118Z</time>
      </trkpt>
      <trkpt lat="46.395919" lon="12.103629">
        <ele>1418.854546</ele>
        <time>2026-08-21T09:20:40.077Z</time>
      </trkpt>
      <trkpt lat="46.395946" lon="12.104152">
        <ele>1421.428874</ele>
        <time>2026-08-21T09:20:49.481Z</time>
      </trkpt>
      <trkpt lat="46.395973" lon="12.104545">
        <ele>1423.367462</ele>
        <time>2026-08-21T09:20:55.595Z</time>
      </trkpt>
      <trkpt lat="46.396056" lon="12.104705">
        <ele>1424.350186</ele>
        <time>2026-08-21T09:20:58.763Z</time>
      </trkpt>
      <trkpt lat="46.396122" lon="12.104750">
        <ele>1424.869260</ele>
        <time>2026-08-21T09:21:00.457Z</time>
      </trkpt>
      <trkpt lat="46.396203" lon="12.104748">
        <ele>1425.445833</ele>
        <time>2026-08-21T09:21:02.441Z</time>
      </trkpt>
      <trkpt lat="46.396286" lon="12.104705">
        <ele>1426.073132</ele>
        <time>2026-08-21T09:21:04.607Z</time>
      </trkpt>
      <trkpt lat="46.396358" lon="12.104600">
        <ele>1426.799917</ele>
        <time>2026-08-21T09:21:07.169Z</time>
      </trkpt>
      <trkpt lat="46.396394" lon="12.104462">
        <ele>1427.524124</ele>
        <time>2026-08-21T09:21:09.736Z</time>
      </trkpt>
      <trkpt lat="46.396378" lon="12.104251">
        <ele>1428.641602</ele>
        <time>2026-08-21T09:21:13.562Z</time>
      </trkpt>
      <trkpt lat="46.396203" lon="12.103775">
        <ele>1431.650710</ele>
        <time>2026-08-21T09:21:23.977Z</time>
      </trkpt>
      <trkpt lat="46.396224" lon="12.103689">
        <ele>1432.159647</ele>
        <time>2026-08-21T09:21:25.793Z</time>
      </trkpt>
      <trkpt lat="46.396274" lon="12.103656">
        <ele>1432.604009</ele>
        <time>2026-08-21T09:21:27.365Z</time>
      </trkpt>
      <trkpt lat="46.396360" lon="12.103668">
        <ele>1433.302853</ele>
        <time>2026-08-21T09:21:29.739Z</time>
      </trkpt>
      <trkpt lat="46.396482" lon="12.103776">
        <ele>1434.459054</ele>
        <time>2026-08-21T09:21:33.358Z</time>
      </trkpt>
      <trkpt lat="46.396659" lon="12.104088">
        <ele>1436.712735</ele>
        <time>2026-08-21T09:21:40.456Z</time>
      </trkpt>
      <trkpt lat="46.396757" lon="12.104160">
        <ele>1437.601378</ele>
        <time>2026-08-21T09:21:43.550Z</time>
      </trkpt>
      <trkpt lat="46.396838" lon="12.104130">
        <ele>1438.277600</ele>
        <time>2026-08-21T09:21:45.935Z</time>
      </trkpt>
      <trkpt lat="46.396879" lon="12.104069">
        <ele>1438.752762</ele>
        <time>2026-08-21T09:21:47.733Z</time>
      </trkpt>
      <trkpt lat="46.396918" lon="12.103874">
        <ele>1439.885379</ele>
        <time>2026-08-21T09:21:52.051Z</time>
      </trkpt>
      <trkpt lat="46.396912" lon="12.103651">
        <ele>1441.130320</ele>
        <time>2026-08-21T09:21:57.013Z</time>
      </trkpt>
      <trkpt lat="46.396829" lon="12.103478">
        <ele>1442.305946</ele>
        <time>2026-08-21T09:22:01.830Z</time>
      </trkpt>
      <trkpt lat="46.396727" lon="12.103459">
        <ele>1443.209237</ele>
        <time>2026-08-21T09:22:05.224Z</time>
      </trkpt>
      <trkpt lat="46.396484" lon="12.103500">
        <ele>1445.433362</ele>
        <time>2026-08-21T09:22:13.553Z</time>
      </trkpt>
      <trkpt lat="46.396418" lon="12.103475">
        <ele>1446.053533</ele>
        <time>2026-08-21T09:22:15.823Z</time>
      </trkpt>
      <trkpt lat="46.396399" lon="12.103401">
        <ele>1446.548628</ele>
        <time>2026-08-21T09:22:17.665Z</time>
      </trkpt>
      <trkpt lat="46.396407" lon="12.103349">
        <ele>1446.882684</ele>
        <time>2026-08-21T09:22:18.829Z</time>
      </trkpt>
      <trkpt lat="46.396478" lon="12.103282">
        <ele>1447.652838</ele>
        <time>2026-08-21T09:22:21.612Z</time>
      </trkpt>
      <trkpt lat="46.396704" lon="12.103200">
        <ele>1449.770853</ele>
        <time>2026-08-21T09:22:28.771Z</time>
      </trkpt>
      <trkpt lat="46.396926" lon="12.102917">
        <ele>1452.458241</ele>
        <time>2026-08-21T09:22:37.253Z</time>
      </trkpt>
      <trkpt lat="46.397003" lon="12.102870">
        <ele>1453.217779</ele>
        <time>2026-08-21T09:22:39.636Z</time>
      </trkpt>
      <trkpt lat="46.397175" lon="12.102846">
        <ele>1454.788730</ele>
        <time>2026-08-21T09:22:44.958Z</time>
      </trkpt>
      <trkpt lat="46.397269" lon="12.102876">
        <ele>1455.663780</ele>
        <time>2026-08-21T09:22:48.001Z</time>
      </trkpt>
      <trkpt lat="46.398005" lon="12.103260">
        <ele>1463.422035</ele>
        <time>2026-08-21T09:23:11.396Z</time>
      </trkpt>
      <trkpt lat="46.398147" lon="12.103327">
        <ele>1465.007109</ele>
        <time>2026-08-21T09:23:15.837Z</time>
      </trkpt>
      <trkpt lat="46.398223" lon="12.103345">
        <ele>1465.824516</ele>
        <time>2026-08-21T09:23:18.235Z</time>
      </trkpt>
      <trkpt lat="46.398267" lon="12.103304">
        <ele>1466.379684</ele>
        <time>2026-08-21T09:23:19.905Z</time>
      </trkpt>
      <trkpt lat="46.398284" lon="12.103235">
        <ele>1466.916052</ele>
        <time>2026-08-21T09:23:21.514Z</time>
      </trkpt>
      <trkpt lat="46.398264" lon="12.103161">
        <ele>1467.497869</ele>
        <time>2026-08-21T09:23:23.319Z</time>
      </trkpt>
      <trkpt lat="46.397626" lon="12.102468">
        <ele>1475.959413</ele>
        <time>2026-08-21T09:23:55.020Z</time>
      </trkpt>
      <trkpt lat="46.397332" lon="12.102251">
        <ele>1478.819712</ele>
        <time>2026-08-21T09:24:07.738Z</time>
      </trkpt>
      <trkpt lat="46.397019" lon="12.102211">
        <ele>1480.685169</ele>
        <time>2026-08-21T09:24:17.630Z</time>
      </trkpt>
      <trkpt lat="46.396932" lon="12.102138">
        <ele>1481.281929</ele>
        <time>2026-08-21T09:24:20.263Z</time>
      </trkpt>
      <trkpt lat="46.396932" lon="12.102056">
        <ele>1481.617673</ele>
        <time>2026-08-21T09:24:21.752Z</time>
      </trkpt>
      <trkpt lat="46.397027" lon="12.101929">
        <ele>1482.384809</ele>
        <time>2026-08-21T09:24:24.900Z</time>
      </trkpt>
      <trkpt lat="46.397389" lon="12.101996">
        <ele>1484.551409</ele>
        <time>2026-08-21T09:24:32.659Z</time>
      </trkpt>
      <trkpt lat="46.397616" lon="12.102100">
        <ele>1485.964761</ele>
        <time>2026-08-21T09:24:36.340Z</time>
      </trkpt>
      <trkpt lat="46.397889" lon="12.102283">
        <ele>1487.750350</ele>
        <time>2026-08-21T09:24:39.717Z</time>
      </trkpt>
      <trkpt lat="46.398674" lon="12.102938">
        <ele>1493.838126</ele>
        <time>2026-08-21T09:24:53.640Z</time>
      </trkpt>
      <trkpt lat="46.399361" lon="12.103178">
        <ele>1498.704593</ele>
        <time>2026-08-21T09:25:15.662Z</time>
      </trkpt>
      <trkpt lat="46.399510" lon="12.103194">
        <ele>1499.733507</ele>
        <time>2026-08-21T09:25:21.085Z</time>
      </trkpt>
      <trkpt lat="46.399595" lon="12.103173">
        <ele>1500.327305</ele>
        <time>2026-08-21T09:25:24.283Z</time>
      </trkpt>
      <trkpt lat="46.399668" lon="12.103106">
        <ele>1500.922265</ele>
        <time>2026-08-21T09:25:27.567Z</time>
      </trkpt>
      <trkpt lat="46.399798" lon="12.102889">
        <ele>1502.223164</ele>
        <time>2026-08-21T09:25:35.194Z</time>
      </trkpt>
      <trkpt lat="46.399876" lon="12.102810">
        <ele>1502.843792</ele>
        <time>2026-08-21T09:25:38.669Z</time>
      </trkpt>
      <trkpt lat="46.400299" lon="12.102631">
        <ele>1505.718174</ele>
        <time>2026-08-21T09:25:52.845Z</time>
      </trkpt>
      <trkpt lat="46.400402" lon="12.102554">
        <ele>1506.474089</ele>
        <time>2026-08-21T09:25:56.093Z</time>
      </trkpt>
      <trkpt lat="46.400702" lon="12.102098">
        <ele>1509.309123</ele>
        <time>2026-08-21T09:26:05.804Z</time>
      </trkpt>
      <trkpt lat="46.400854" lon="12.101939">
        <ele>1510.531698</ele>
        <time>2026-08-21T09:26:09.013Z</time>
      </trkpt>
      <trkpt lat="46.401029" lon="12.101811">
        <ele>1511.810243</ele>
        <time>2026-08-21T09:26:11.891Z</time>
      </trkpt>
      <trkpt lat="46.401295" lon="12.101688">
        <ele>1513.114191</ele>
        <time>2026-08-21T09:26:15.281Z</time>
      </trkpt>
      <trkpt lat="46.401541" lon="12.101737">
        <ele>1513.722180</ele>
        <time>2026-08-21T09:26:17.912Z</time>
      </trkpt>
      <trkpt lat="46.401882" lon="12.101808">
        <ele>1514.565685</ele>
        <time>2026-08-21T09:26:21.485Z</time>
      </trkpt>
      <trkpt lat="46.402124" lon="12.101858">
        <ele>1515.164209</ele>
        <time>2026-08-21T09:26:24.594Z</time>
      </trkpt>
      <trkpt lat="46.402211" lon="12.101877">
        <ele>1515.379632</ele>
        <time>2026-08-21T09:26:25.894Z</time>
      </trkpt>
      <trkpt lat="46.402294" lon="12.101887">
        <ele>1515.583558</ele>
        <time>2026-08-21T09:26:27.116Z</time>
      </trkpt>
      <trkpt lat="46.402476" lon="12.101906">
        <ele>1516.030341</ele>
        <time>2026-08-21T09:26:29.962Z</time>
      </trkpt>
      <trkpt lat="46.402726" lon="12.101879">
        <ele>1516.644164</ele>
        <time>2026-08-21T09:26:34.169Z</time>
      </trkpt>
      <trkpt lat="46.403363" lon="12.101752">
        <ele>1519.446002</ele>
        <time>2026-08-21T09:26:46.765Z</time>
      </trkpt>
      <trkpt lat="46.403434" lon="12.101737">
        <ele>1519.834935</ele>
        <time>2026-08-21T09:26:48.355Z</time>
      </trkpt>
      <trkpt lat="46.403614" lon="12.101698">
        <ele>1520.821490</ele>
        <time>2026-08-21T09:26:52.503Z</time>
      </trkpt>
      <trkpt lat="46.403997" lon="12.101621">
        <ele>1522.917473</ele>
        <time>2026-08-21T09:27:01.610Z</time>
      </trkpt>
      <trkpt lat="46.404305" lon="12.101481">
        <ele>1524.667139</ele>
        <time>2026-08-21T09:27:08.937Z</time>
      </trkpt>
      <trkpt lat="46.404809" lon="12.101157">
        <ele>1527.912977</ele>
        <time>2026-08-21T09:27:20.949Z</time>
      </trkpt>
      <trkpt lat="46.405635" lon="12.100626">
        <ele>1534.615989</ele>
        <time>2026-08-21T09:27:44.353Z</time>
      </trkpt>
      <trkpt lat="46.406451" lon="12.100338">
        <ele>1540.879747</ele>
        <time>2026-08-21T09:28:08.902Z</time>
      </trkpt>
      <trkpt lat="46.406580" lon="12.100335">
        <ele>1541.895376</ele>
        <time>2026-08-21T09:28:12.689Z</time>
      </trkpt>
      <trkpt lat="46.406664" lon="12.100383">
        <ele>1542.606110</ele>
        <time>2026-08-21T09:28:15.307Z</time>
      </trkpt>
      <trkpt lat="46.406722" lon="12.100488">
        <ele>1543.336389</ele>
        <time>2026-08-21T09:28:18.172Z</time>
      </trkpt>
      <trkpt lat="46.406748" lon="12.100657">
        <ele>1544.276289</ele>
        <time>2026-08-21T09:28:21.797Z</time>
      </trkpt>
      <trkpt lat="46.406682" lon="12.100852">
        <ele>1545.455402</ele>
        <time>2026-08-21T09:28:26.278Z</time>
      </trkpt>
      <trkpt lat="46.406304" lon="12.101482">
        <ele>1549.988483</ele>
        <time>2026-08-21T09:28:42.763Z</time>
      </trkpt>
      <trkpt lat="46.406260" lon="12.101667">
        <ele>1551.050742</ele>
        <time>2026-08-21T09:28:46.377Z</time>
      </trkpt>
      <trkpt lat="46.406277" lon="12.101787">
        <ele>1551.715721</ele>
        <time>2026-08-21T09:28:48.636Z</time>
      </trkpt>
      <trkpt lat="46.406337" lon="12.101899">
        <ele>1552.485586</ele>
        <time>2026-08-21T09:28:51.042Z</time>
      </trkpt>
      <trkpt lat="46.406468" lon="12.101937">
        <ele>1553.537255</ele>
        <time>2026-08-21T09:28:54.157Z</time>
      </trkpt>
      <trkpt lat="46.406627" lon="12.101834">
        <ele>1554.806376</ele>
        <time>2026-08-21T09:28:58.699Z</time>
      </trkpt>
      <trkpt lat="46.407419" lon="12.101163">
        <ele>1560.387444</ele>
        <time>2026-08-21T09:29:21.096Z</time>
      </trkpt>
      <trkpt lat="46.407611" lon="12.101018">
        <ele>1561.704596</ele>
        <time>2026-08-21T09:29:25.839Z</time>
      </trkpt>
      <trkpt lat="46.407826" lon="12.100848">
        <ele>1563.194586</ele>
        <time>2026-08-21T09:29:30.631Z</time>
      </trkpt>
      <trkpt lat="46.407982" lon="12.100689">
        <ele>1564.354748</ele>
        <time>2026-08-21T09:29:34.690Z</time>
      </trkpt>
      <trkpt lat="46.408069" lon="12.100531">
        <ele>1565.203063</ele>
        <time>2026-08-21T09:29:37.679Z</time>
      </trkpt>
      <trkpt lat="46.408293" lon="12.099714">
        <ele>1570.034383</ele>
        <time>2026-08-21T09:29:52.652Z</time>
      </trkpt>
      <trkpt lat="46.408422" lon="12.099456">
        <ele>1571.809484</ele>
        <time>2026-08-21T09:29:58.884Z</time>
      </trkpt>
      <trkpt lat="46.408493" lon="12.099375">
        <ele>1572.539207</ele>
        <time>2026-08-21T09:30:01.447Z</time>
      </trkpt>
      <trkpt lat="46.408680" lon="12.099265">
        <ele>1574.169323</ele>
        <time>2026-08-21T09:30:07.338Z</time>
      </trkpt>
      <trkpt lat="46.408776" lon="12.099252">
        <ele>1574.948187</ele>
        <time>2026-08-21T09:30:10.156Z</time>
      </trkpt>
      <trkpt lat="46.408924" lon="12.099304">
        <ele>1576.178319</ele>
        <time>2026-08-21T09:30:14.764Z</time>
      </trkpt>
      <trkpt lat="46.409023" lon="12.099453">
        <ele>1577.330842</ele>
        <time>2026-08-21T09:30:19.151Z</time>
      </trkpt>
      <trkpt lat="46.409055" lon="12.099605">
        <ele>1578.216043</ele>
        <time>2026-08-21T09:30:22.696Z</time>
      </trkpt>
      <trkpt lat="46.409043" lon="12.099804">
        <ele>1579.328673</ele>
        <time>2026-08-21T09:30:27.165Z</time>
      </trkpt>
      <trkpt lat="46.408993" lon="12.100049">
        <ele>1580.795605</ele>
        <time>2026-08-21T09:30:32.953Z</time>
      </trkpt>
      <trkpt lat="46.408652" lon="12.100893">
        <ele>1586.535865</ele>
        <time>2026-08-21T09:30:56.925Z</time>
      </trkpt>
      <trkpt lat="46.408544" lon="12.101338">
        <ele>1589.304194</ele>
        <time>2026-08-21T09:31:06.611Z</time>
      </trkpt>
      <trkpt lat="46.408517" lon="12.101609">
        <ele>1590.910958</ele>
        <time>2026-08-21T09:31:11.314Z</time>
      </trkpt>
      <trkpt lat="46.408530" lon="12.101906">
        <ele>1592.657286</ele>
        <time>2026-08-21T09:31:16.351Z</time>
      </trkpt>
      <trkpt lat="46.408558" lon="12.101987">
        <ele>1593.188988</ele>
        <time>2026-08-21T09:31:17.924Z</time>
      </trkpt>
      <trkpt lat="46.408616" lon="12.102039">
        <ele>1593.769297</ele>
        <time>2026-08-21T09:31:19.491Z</time>
      </trkpt>
      <trkpt lat="46.408704" lon="12.102057">
        <ele>1594.525632</ele>
        <time>2026-08-21T09:31:21.715Z</time>
      </trkpt>
      <trkpt lat="46.408768" lon="12.102001">
        <ele>1595.161754</ele>
        <time>2026-08-21T09:31:23.429Z</time>
      </trkpt>
      <trkpt lat="46.408809" lon="12.101909">
        <ele>1595.632905</ele>
        <time>2026-08-21T09:31:25.272Z</time>
      </trkpt>
      <trkpt lat="46.408803" lon="12.101396">
        <ele>1597.726670</ele>
        <time>2026-08-21T09:31:33.329Z</time>
      </trkpt>
      <trkpt lat="46.408842" lon="12.101247">
        <ele>1598.377049</ele>
        <time>2026-08-21T09:31:35.805Z</time>
      </trkpt>
      <trkpt lat="46.408941" lon="12.101123">
        <ele>1599.151238</ele>
        <time>2026-08-21T09:31:38.532Z</time>
      </trkpt>
      <trkpt lat="46.409859" lon="12.100419">
        <ele>1605.297167</ele>
        <time>2026-08-21T09:32:00.727Z</time>
      </trkpt>
      <trkpt lat="46.410014" lon="12.100404">
        <ele>1606.404549</ele>
        <time>2026-08-21T09:32:04.951Z</time>
      </trkpt>
      <trkpt lat="46.410615" lon="12.100461">
        <ele>1611.997105</ele>
        <time>2026-08-21T09:32:22.335Z</time>
      </trkpt>
      <trkpt lat="46.410823" lon="12.100451">
        <ele>1613.929567</ele>
        <time>2026-08-21T09:32:29.422Z</time>
      </trkpt>
      <trkpt lat="46.411336" lon="12.100169">
        <ele>1619.023734</ele>
        <time>2026-08-21T09:32:50.497Z</time>
      </trkpt>
      <trkpt lat="46.411665" lon="12.100141">
        <ele>1622.083946</ele>
        <time>2026-08-21T09:33:01.255Z</time>
      </trkpt>
      <trkpt lat="46.412092" lon="12.100222">
        <ele>1625.425755</ele>
        <time>2026-08-21T09:33:12.786Z</time>
      </trkpt>
      <trkpt lat="46.412234" lon="12.100222">
        <ele>1626.496483</ele>
        <time>2026-08-21T09:33:16.604Z</time>
      </trkpt>
      <trkpt lat="46.412331" lon="12.100169">
        <ele>1627.278074</ele>
        <time>2026-08-21T09:33:19.536Z</time>
      </trkpt>
      <trkpt lat="46.412382" lon="12.100087">
        <ele>1627.852196</ele>
        <time>2026-08-21T09:33:21.493Z</time>
      </trkpt>
      <trkpt lat="46.412443" lon="12.099972">
        <ele>1628.606517</ele>
        <time>2026-08-21T09:33:24.431Z</time>
      </trkpt>
      <trkpt lat="46.412486" lon="12.099600">
        <ele>1630.567453</ele>
        <time>2026-08-21T09:33:31.547Z</time>
      </trkpt>
      <trkpt lat="46.412604" lon="12.099386">
        <ele>1631.992027</ele>
        <time>2026-08-21T09:33:36.390Z</time>
      </trkpt>
      <trkpt lat="46.412800" lon="12.099194">
        <ele>1633.775431</ele>
        <time>2026-08-21T09:33:41.866Z</time>
      </trkpt>
      <trkpt lat="46.413876" lon="12.098820">
        <ele>1642.971457</ele>
        <time>2026-08-21T09:34:09.541Z</time>
      </trkpt>
      <trkpt lat="46.414333" lon="12.098432">
        <ele>1647.534906</ele>
        <time>2026-08-21T09:34:26.336Z</time>
      </trkpt>
      <trkpt lat="46.414610" lon="12.098274">
        <ele>1650.100000</ele>
        <time>2026-08-21T09:34:36.292Z</time>
      </trkpt>
      <trkpt lat="46.414849" lon="12.098225">
        <ele>1652.310818</ele>
        <time>2026-08-21T09:34:44.725Z</time>
      </trkpt>
      <trkpt lat="46.415030" lon="12.098245">
        <ele>1654.261079</ele>
        <time>2026-08-21T09:34:51.291Z</time>
      </trkpt>
      <trkpt lat="46.415191" lon="12.098306">
        <ele>1656.048868</ele>
        <time>2026-08-21T09:34:57.401Z</time>
      </trkpt>
      <trkpt lat="46.415315" lon="12.098417">
        <ele>1657.614378</ele>
        <time>2026-08-21T09:35:02.802Z</time>
      </trkpt>
      <trkpt lat="46.415469" lon="12.098666">
        <ele>1660.092109</ele>
        <time>2026-08-21T09:35:11.325Z</time>
      </trkpt>
      <trkpt lat="46.415789" lon="12.099434">
        <ele>1666.738905</ele>
        <time>2026-08-21T09:35:33.920Z</time>
      </trkpt>
      <trkpt lat="46.415923" lon="12.099675">
        <ele>1669.032190</ele>
        <time>2026-08-21T09:35:41.432Z</time>
      </trkpt>
      <trkpt lat="46.416130" lon="12.099864">
        <ele>1671.383263</ele>
        <time>2026-08-21T09:35:49.855Z</time>
      </trkpt>
      <trkpt lat="46.417310" lon="12.100662">
        <ele>1679.721953</ele>
        <time>2026-08-21T09:36:23.771Z</time>
      </trkpt>
      <trkpt lat="46.417449" lon="12.100705">
        <ele>1680.632239</ele>
        <time>2026-08-21T09:36:26.278Z</time>
      </trkpt>
      <trkpt lat="46.417620" lon="12.100691">
        <ele>1681.729202</ele>
        <time>2026-08-21T09:36:29.058Z</time>
      </trkpt>
      <trkpt lat="46.417741" lon="12.100635">
        <ele>1682.511475</ele>
        <time>2026-08-21T09:36:31.044Z</time>
      </trkpt>
      <trkpt lat="46.417841" lon="12.100526">
        <ele>1682.792762</ele>
        <time>2026-08-21T09:36:32.844Z</time>
      </trkpt>
      <trkpt lat="46.417920" lon="12.100378">
        <ele>1683.082938</ele>
        <time>2026-08-21T09:36:34.609Z</time>
      </trkpt>
      <trkpt lat="46.418200" lon="12.099631">
        <ele>1684.401092</ele>
        <time>2026-08-21T09:36:41.742Z</time>
      </trkpt>
      <trkpt lat="46.418242" lon="12.099399">
        <ele>1684.772946</ele>
        <time>2026-08-21T09:36:43.766Z</time>
      </trkpt>
      <trkpt lat="46.418238" lon="12.099099">
        <ele>1685.238110</ele>
        <time>2026-08-21T09:36:46.440Z</time>
      </trkpt>
      <trkpt lat="46.418152" lon="12.098275">
        <ele>1686.530080</ele>
        <time>2026-08-21T09:36:55.170Z</time>
      </trkpt>
      <trkpt lat="46.418173" lon="12.097620">
        <ele>1688.495267</ele>
        <time>2026-08-21T09:37:02.095Z</time>
      </trkpt>
      <trkpt lat="46.418279" lon="12.096796">
        <ele>1691.018532</ele>
        <time>2026-08-21T09:37:10.969Z</time>
      </trkpt>
      <trkpt lat="46.418300" lon="12.096370">
        <ele>1692.304174</ele>
        <time>2026-08-21T09:37:16.904Z</time>
      </trkpt>
      <trkpt lat="46.418290" lon="12.096156">
        <ele>1692.949846</ele>
        <time>2026-08-21T09:37:20.290Z</time>
      </trkpt>
      <trkpt lat="46.418219" lon="12.095692">
        <ele>1694.380597</ele>
        <time>2026-08-21T09:37:29.494Z</time>
      </trkpt>
      <trkpt lat="46.418216" lon="12.095519">
        <ele>1695.272248</ele>
        <time>2026-08-21T09:37:32.801Z</time>
      </trkpt>
      <trkpt lat="46.418487" lon="12.094630">
        <ele>1700.332000</ele>
        <time>2026-08-21T09:37:51.856Z</time>
      </trkpt>
      <trkpt lat="46.418538" lon="12.094555">
        <ele>1700.880361</ele>
        <time>2026-08-21T09:37:54.180Z</time>
      </trkpt>
      <trkpt lat="46.418601" lon="12.094553">
        <ele>1701.356166</ele>
        <time>2026-08-21T09:37:55.954Z</time>
      </trkpt>
      <trkpt lat="46.418633" lon="12.094594">
        <ele>1701.678544</ele>
        <time>2026-08-21T09:37:57.298Z</time>
      </trkpt>
      <trkpt lat="46.418644" lon="12.094676">
        <ele>1702.113384</ele>
        <time>2026-08-21T09:37:59.132Z</time>
      </trkpt>
      <trkpt lat="46.418689" lon="12.094426">
        <ele>1703.458334</ele>
        <time>2026-08-21T09:38:06.838Z</time>
      </trkpt>
      <trkpt lat="46.418689" lon="12.094423">
        <ele>1703.473950</ele>
        <time>2026-08-21T09:38:06.920Z</time>
      </trkpt>
      <trkpt lat="46.418689" lon="12.094426">
        <ele>1703.489566</ele>
        <time>2026-08-21T09:38:07.013Z</time>
      </trkpt>
      <trkpt lat="46.418644" lon="12.094676">
        <ele>1704.834516</ele>
        <time>2026-08-21T09:38:14.770Z</time>
      </trkpt>
      <trkpt lat="46.418561" lon="12.095049">
        <ele>1706.874731</ele>
        <time>2026-08-21T09:38:22.013Z</time>
      </trkpt>
      <trkpt lat="46.418509" lon="12.095512">
        <ele>1709.027464</ele>
        <time>2026-08-21T09:38:29.175Z</time>
      </trkpt>
      <trkpt lat="46.418592" lon="12.096348">
        <ele>1712.477227</ele>
        <time>2026-08-21T09:38:39.813Z</time>
      </trkpt>
      <trkpt lat="46.418609" lon="12.096924">
        <ele>1714.831978</ele>
        <time>2026-08-21T09:38:48.443Z</time>
      </trkpt>
      <trkpt lat="46.418649" lon="12.097073">
        <ele>1715.485064</ele>
        <time>2026-08-21T09:38:51.095Z</time>
      </trkpt>
      <trkpt lat="46.418928" lon="12.097665">
        <ele>1718.414017</ele>
        <time>2026-08-21T09:39:03.651Z</time>
      </trkpt>
      <trkpt lat="46.418985" lon="12.097905">
        <ele>1719.957707</ele>
        <time>2026-08-21T09:39:08.388Z</time>
      </trkpt>
      <trkpt lat="46.419068" lon="12.098833">
        <ele>1726.141351</ele>
        <time>2026-08-21T09:39:27.449Z</time>
      </trkpt>
      <trkpt lat="46.419212" lon="12.099519">
        <ele>1730.879940</ele>
        <time>2026-08-21T09:39:43.494Z</time>
      </trkpt>
      <trkpt lat="46.419355" lon="12.099993">
        <ele>1734.298931</ele>
        <time>2026-08-21T09:39:55.889Z</time>
      </trkpt>
      <trkpt lat="46.419506" lon="12.100829">
        <ele>1740.968868</ele>
        <time>2026-08-21T09:40:18.677Z</time>
      </trkpt>
      <trkpt lat="46.419976" lon="12.101972">
        <ele>1751.801713</ele>
        <time>2026-08-21T09:40:57.170Z</time>
      </trkpt>
      <trkpt lat="46.420496" lon="12.103777">
        <ele>1761.456846</ele>
        <time>2026-08-21T09:41:38.579Z</time>
      </trkpt>
      <trkpt lat="46.420735" lon="12.104629">
        <ele>1764.523560</ele>
        <time>2026-08-21T09:41:47.352Z</time>
      </trkpt>
      <trkpt lat="46.420812" lon="12.104916">
        <ele>1765.550320</ele>
        <time>2026-08-21T09:41:49.046Z</time>
      </trkpt>
      <trkpt lat="46.420988" lon="12.105545">
        <ele>1764.091353</ele>
        <time>2026-08-21T09:41:52.041Z</time>
      </trkpt>
      <trkpt lat="46.421088" lon="12.105692">
        <ele>1763.502593</ele>
        <time>2026-08-21T09:41:52.918Z</time>
      </trkpt>
      <trkpt lat="46.422009" lon="12.106227">
        <ele>1759.399813</ele>
        <time>2026-08-21T09:41:58.596Z</time>
      </trkpt>
      <trkpt lat="46.422411" lon="12.106461">
        <ele>1756.821586</ele>
        <time>2026-08-21T09:42:00.942Z</time>
      </trkpt>
      <trkpt lat="46.422641" lon="12.106545">
        <ele>1754.825584</ele>
        <time>2026-08-21T09:42:02.205Z</time>
      </trkpt>
      <trkpt lat="46.423659" lon="12.106745">
        <ele>1746.180226</ele>
        <time>2026-08-21T09:42:07.568Z</time>
      </trkpt>
      <trkpt lat="46.423871" lon="12.106820">
        <ele>1744.343820</ele>
        <time>2026-08-21T09:42:08.708Z</time>
      </trkpt>
      <trkpt lat="46.424395" lon="12.107278">
        <ele>1739.116815</ele>
        <time>2026-08-21T09:42:11.889Z</time>
      </trkpt>
      <trkpt lat="46.424613" lon="12.107420">
        <ele>1737.066563</ele>
        <time>2026-08-21T09:42:13.128Z</time>
      </trkpt>
      <trkpt lat="46.425871" lon="12.107665">
        <ele>1726.501053</ele>
        <time>2026-08-21T09:42:19.827Z</time>
      </trkpt>
      <trkpt lat="46.426074" lon="12.107647">
        <ele>1725.104882</ele>
        <time>2026-08-21T09:42:20.930Z</time>
      </trkpt>
      <trkpt lat="46.426552" lon="12.107524">
        <ele>1721.772252</ele>
        <time>2026-08-21T09:42:23.566Z</time>
      </trkpt>
      <trkpt lat="46.426629" lon="12.107545">
        <ele>1721.234397</ele>
        <time>2026-08-21T09:42:23.993Z</time>
      </trkpt>
      <trkpt lat="46.426683" lon="12.107618">
        <ele>1720.727703</ele>
        <time>2026-08-21T09:42:24.394Z</time>
      </trkpt>
      <trkpt lat="46.426701" lon="12.107692">
        <ele>1720.356383</ele>
        <time>2026-08-21T09:42:24.688Z</time>
      </trkpt>
      <trkpt lat="46.426702" lon="12.107772">
        <ele>1719.977774</ele>
        <time>2026-08-21T09:42:24.990Z</time>
      </trkpt>
      <trkpt lat="46.426663" lon="12.107864">
        <ele>1719.466705</ele>
        <time>2026-08-21T09:42:25.397Z</time>
      </trkpt>
      <trkpt lat="46.426176" lon="12.108245">
        <ele>1715.668390</ele>
        <time>2026-08-21T09:42:28.443Z</time>
      </trkpt>
      <trkpt lat="46.425692" lon="12.109001">
        <ele>1709.850062</ele>
        <time>2026-08-21T09:42:32.260Z</time>
      </trkpt>
      <trkpt lat="46.425646" lon="12.109084">
        <ele>1709.245024</ele>
        <time>2026-08-21T09:42:32.652Z</time>
      </trkpt>
      <trkpt lat="46.425633" lon="12.109224">
        <ele>1708.442495</ele>
        <time>2026-08-21T09:42:33.168Z</time>
      </trkpt>
      <trkpt lat="46.425677" lon="12.109331">
        <ele>1707.734672</ele>
        <time>2026-08-21T09:42:33.620Z</time>
      </trkpt>
      <trkpt lat="46.425746" lon="12.109362">
        <ele>1707.139343</ele>
        <time>2026-08-21T09:42:34.000Z</time>
      </trkpt>
      <trkpt lat="46.426293" lon="12.109287">
        <ele>1702.610992</ele>
        <time>2026-08-21T09:42:36.864Z</time>
      </trkpt>
      <trkpt lat="46.426830" lon="12.109296">
        <ele>1698.664214</ele>
        <time>2026-08-21T09:42:39.636Z</time>
      </trkpt>
      <trkpt lat="46.427140" lon="12.109401">
        <ele>1696.555171</ele>
        <time>2026-08-21T09:42:41.295Z</time>
      </trkpt>
      <trkpt lat="46.427288" lon="12.109538">
        <ele>1695.392053</ele>
        <time>2026-08-21T09:42:42.218Z</time>
      </trkpt>
      <trkpt lat="46.427348" lon="12.109709">
        <ele>1694.515813</ele>
        <time>2026-08-21T09:42:42.920Z</time>
      </trkpt>
      <trkpt lat="46.427360" lon="12.109929">
        <ele>1693.508025</ele>
        <time>2026-08-21T09:42:43.741Z</time>
      </trkpt>
      <trkpt lat="46.427224" lon="12.111294">
        <ele>1687.139942</ele>
        <time>2026-08-21T09:42:49.446Z</time>
      </trkpt>
      <trkpt lat="46.427181" lon="12.111497">
        <ele>1686.125013</ele>
        <time>2026-08-21T09:42:50.392Z</time>
      </trkpt>
      <trkpt lat="46.427008" lon="12.112046">
        <ele>1683.240110</ele>
        <time>2026-08-21T09:42:52.832Z</time>
      </trkpt>
      <trkpt lat="46.426991" lon="12.112200">
        <ele>1682.494752</ele>
        <time>2026-08-21T09:42:53.421Z</time>
      </trkpt>
      <trkpt lat="46.427045" lon="12.112800">
        <ele>1679.602959</ele>
        <time>2026-08-21T09:42:55.643Z</time>
      </trkpt>
      <trkpt lat="46.427101" lon="12.112886">
        <ele>1679.037557</ele>
        <time>2026-08-21T09:42:56.072Z</time>
      </trkpt>
      <trkpt lat="46.427180" lon="12.112899">
        <ele>1678.486301</ele>
        <time>2026-08-21T09:42:56.481Z</time>
      </trkpt>
      <trkpt lat="46.427491" lon="12.112696">
        <ele>1676.066158</ele>
        <time>2026-08-21T09:42:58.218Z</time>
      </trkpt>
      <trkpt lat="46.427594" lon="12.112689">
        <ele>1675.019006</ele>
        <time>2026-08-21T09:42:58.739Z</time>
      </trkpt>
      <trkpt lat="46.427670" lon="12.112737">
        <ele>1674.177235</ele>
        <time>2026-08-21T09:42:59.158Z</time>
      </trkpt>
      <trkpt lat="46.428222" lon="12.113637">
        <ele>1665.744444</ele>
        <time>2026-08-21T09:43:03.342Z</time>
      </trkpt>
      <trkpt lat="46.428325" lon="12.113756">
        <ele>1664.407298</ele>
        <time>2026-08-21T09:43:04.015Z</time>
      </trkpt>
      <trkpt lat="46.428385" lon="12.113753">
        <ele>1663.797614</ele>
        <time>2026-08-21T09:43:04.329Z</time>
      </trkpt>
      <trkpt lat="46.428454" lon="12.113675">
        <ele>1662.909300</ele>
        <time>2026-08-21T09:43:04.782Z</time>
      </trkpt>
      <trkpt lat="46.428493" lon="12.113552">
        <ele>1661.961609</ele>
        <time>2026-08-21T09:43:05.267Z</time>
      </trkpt>
      <trkpt lat="46.428436" lon="12.111454">
        <ele>1652.376020</ele>
        <time>2026-08-21T09:43:13.298Z</time>
      </trkpt>
      <trkpt lat="46.428532" lon="12.111020">
        <ele>1650.708039</ele>
        <time>2026-08-21T09:43:15.129Z</time>
      </trkpt>
      <trkpt lat="46.428480" lon="12.110306">
        <ele>1648.115600</ele>
        <time>2026-08-21T09:43:17.985Z</time>
      </trkpt>
      <trkpt lat="46.428562" lon="12.110230">
        <ele>1647.651244</ele>
        <time>2026-08-21T09:43:18.543Z</time>
      </trkpt>
      <trkpt lat="46.428605" lon="12.110240">
        <ele>1647.443419</ele>
        <time>2026-08-21T09:43:18.792Z</time>
      </trkpt>
      <trkpt lat="46.428649" lon="12.110300">
        <ele>1647.155251</ele>
        <time>2026-08-21T09:43:19.138Z</time>
      </trkpt>
      <trkpt lat="46.428973" lon="12.111899">
        <ele>1641.673123</ele>
        <time>2026-08-21T09:43:25.663Z</time>
      </trkpt>
      <trkpt lat="46.429042" lon="12.112002">
        <ele>1641.200672</ele>
        <time>2026-08-21T09:43:26.225Z</time>
      </trkpt>
      <trkpt lat="46.429087" lon="12.112008">
        <ele>1640.985017</ele>
        <time>2026-08-21T09:43:26.485Z</time>
      </trkpt>
      <trkpt lat="46.429142" lon="12.111971">
        <ele>1640.695702</ele>
        <time>2026-08-21T09:43:26.833Z</time>
      </trkpt>
      <trkpt lat="46.429167" lon="12.111833">
        <ele>1640.226367</ele>
        <time>2026-08-21T09:43:27.394Z</time>
      </trkpt>
      <trkpt lat="46.428944" lon="12.110827">
        <ele>1634.919720</ele>
        <time>2026-08-21T09:43:31.527Z</time>
      </trkpt>
      <trkpt lat="46.428971" lon="12.110520">
        <ele>1633.299031</ele>
        <time>2026-08-21T09:43:32.710Z</time>
      </trkpt>
      <trkpt lat="46.429261" lon="12.109344">
        <ele>1626.758456</ele>
        <time>2026-08-21T09:43:37.214Z</time>
      </trkpt>
      <trkpt lat="46.429375" lon="12.109019">
        <ele>1624.134917</ele>
        <time>2026-08-21T09:43:38.488Z</time>
      </trkpt>
      <trkpt lat="46.429843" lon="12.108085">
        <ele>1614.838522</ele>
        <time>2026-08-21T09:43:42.498Z</time>
      </trkpt>
      <trkpt lat="46.430458" lon="12.106894">
        <ele>1603.468679</ele>
        <time>2026-08-21T09:43:47.704Z</time>
      </trkpt>
      <trkpt lat="46.431495" lon="12.105015">
        <ele>1589.382360</ele>
        <time>2026-08-21T09:43:56.478Z</time>
      </trkpt>
      <trkpt lat="46.431578" lon="12.104804">
        <ele>1588.429114</ele>
        <time>2026-08-21T09:43:57.392Z</time>
      </trkpt>
      <trkpt lat="46.431846" lon="12.103893">
        <ele>1584.542664</ele>
        <time>2026-08-21T09:44:01.164Z</time>
      </trkpt>
      <trkpt lat="46.432642" lon="12.102136">
        <ele>1576.233412</ele>
        <time>2026-08-21T09:44:09.406Z</time>
      </trkpt>
      <trkpt lat="46.433179" lon="12.100765">
        <ele>1569.930607</ele>
        <time>2026-08-21T09:44:15.456Z</time>
      </trkpt>
      <trkpt lat="46.433517" lon="12.099643">
        <ele>1563.447649</ele>
        <time>2026-08-21T09:44:19.915Z</time>
      </trkpt>
      <trkpt lat="46.434005" lon="12.098531">
        <ele>1556.089530</ele>
        <time>2026-08-21T09:44:24.663Z</time>
      </trkpt>
      <trkpt lat="46.434170" lon="12.097861">
        <ele>1552.466315</ele>
        <time>2026-08-21T09:44:27.286Z</time>
      </trkpt>
      <trkpt lat="46.434254" lon="12.097018">
        <ele>1548.413526</ele>
        <time>2026-08-21T09:44:30.465Z</time>
      </trkpt>
      <trkpt lat="46.434320" lon="12.096673">
        <ele>1546.709915</ele>
        <time>2026-08-21T09:44:31.807Z</time>
      </trkpt>
      <trkpt lat="46.434503" lon="12.096105">
        <ele>1543.726588</ele>
        <time>2026-08-21T09:44:34.152Z</time>
      </trkpt>
      <trkpt lat="46.434902" lon="12.095135">
        <ele>1539.128486</ele>
        <time>2026-08-21T09:44:38.387Z</time>
      </trkpt>
      <trkpt lat="46.434975" lon="12.094896">
        <ele>1538.145231</ele>
        <time>2026-08-21T09:44:39.381Z</time>
      </trkpt>
      <trkpt lat="46.435060" lon="12.094344">
        <ele>1536.017859</ele>
        <time>2026-08-21T09:44:41.570Z</time>
      </trkpt>
      <trkpt lat="46.435127" lon="12.093167">
        <ele>1531.431141</ele>
        <time>2026-08-21T09:44:46.282Z</time>
      </trkpt>
      <trkpt lat="46.435170" lon="12.092769">
        <ele>1529.587330</ele>
        <time>2026-08-21T09:44:47.849Z</time>
      </trkpt>
      <trkpt lat="46.435284" lon="12.092090">
        <ele>1526.388803</ele>
        <time>2026-08-21T09:44:50.497Z</time>
      </trkpt>
      <trkpt lat="46.435433" lon="12.091270">
        <ele>1522.507591</ele>
        <time>2026-08-21T09:44:53.615Z</time>
      </trkpt>
      <trkpt lat="46.435612" lon="12.090283">
        <ele>1517.809974</ele>
        <time>2026-08-21T09:44:57.317Z</time>
      </trkpt>
      <trkpt lat="46.435626" lon="12.089931">
        <ele>1516.178866</ele>
        <time>2026-08-21T09:44:58.606Z</time>
      </trkpt>
      <trkpt lat="46.435582" lon="12.089455">
        <ele>1513.957108</ele>
        <time>2026-08-21T09:45:00.380Z</time>
      </trkpt>
      <trkpt lat="46.435168" lon="12.087066">
        <ele>1504.426800</ele>
        <time>2026-08-21T09:45:09.873Z</time>
      </trkpt>
      <trkpt lat="46.435138" lon="12.086795">
        <ele>1503.575292</ele>
        <time>2026-08-21T09:45:10.977Z</time>
      </trkpt>
      <trkpt lat="46.435155" lon="12.085480">
        <ele>1499.312963</ele>
        <time>2026-08-21T09:45:16.369Z</time>
      </trkpt>
      <trkpt lat="46.435161" lon="12.085069">
        <ele>1497.670996</ele>
        <time>2026-08-21T09:45:18.094Z</time>
      </trkpt>
      <trkpt lat="46.435173" lon="12.084535">
        <ele>1495.536984</ele>
        <time>2026-08-21T09:45:20.245Z</time>
      </trkpt>
      <trkpt lat="46.435194" lon="12.083961">
        <ele>1493.241112</ele>
        <time>2026-08-21T09:45:22.453Z</time>
      </trkpt>
      <trkpt lat="46.435216" lon="12.083636">
        <ele>1491.936765</ele>
        <time>2026-08-21T09:45:23.680Z</time>
      </trkpt>
      <trkpt lat="46.435222" lon="12.083579">
        <ele>1491.706458</ele>
        <time>2026-08-21T09:45:23.892Z</time>
      </trkpt>
      <trkpt lat="46.435489" lon="12.081202">
        <ele>1476.983741</ele>
        <time>2026-08-21T09:45:32.501Z</time>
      </trkpt>
      <trkpt lat="46.435501" lon="12.080908">
        <ele>1475.019275</ele>
        <time>2026-08-21T09:45:33.547Z</time>
      </trkpt>
      <trkpt lat="46.435399" lon="12.079694">
        <ele>1466.943139</ele>
        <time>2026-08-21T09:45:37.882Z</time>
      </trkpt>
      <trkpt lat="46.435336" lon="12.079472">
        <ele>1465.365722</ele>
        <time>2026-08-21T09:45:38.734Z</time>
      </trkpt>
      <trkpt lat="46.435261" lon="12.079370">
        <ele>1464.385737</ele>
        <time>2026-08-21T09:45:39.264Z</time>
      </trkpt>
      <trkpt lat="46.435022" lon="12.079152">
        <ele>1461.694419</ele>
        <time>2026-08-21T09:45:40.723Z</time>
      </trkpt>
      <trkpt lat="46.434334" lon="12.078640">
        <ele>1454.499343</ele>
        <time>2026-08-21T09:45:44.776Z</time>
      </trkpt>
      <trkpt lat="46.434254" lon="12.078554">
        <ele>1453.752941</ele>
        <time>2026-08-21T09:45:45.302Z</time>
      </trkpt>
      <trkpt lat="46.434205" lon="12.078423">
        <ele>1452.982851</ele>
        <time>2026-08-21T09:45:45.845Z</time>
      </trkpt>
      <trkpt lat="46.434182" lon="12.078230">
        <ele>1451.970890</ele>
        <time>2026-08-21T09:45:46.566Z</time>
      </trkpt>
      <trkpt lat="46.434205" lon="12.077357">
        <ele>1447.457111</ele>
        <time>2026-08-21T09:45:49.786Z</time>
      </trkpt>
      <trkpt lat="46.434223" lon="12.076821">
        <ele>1444.684503</ele>
        <time>2026-08-21T09:45:51.777Z</time>
      </trkpt>
      <trkpt lat="46.434263" lon="12.076600">
        <ele>1443.503955</ele>
        <time>2026-08-21T09:45:52.632Z</time>
      </trkpt>
      <trkpt lat="46.434303" lon="12.076445">
        <ele>1442.648824</ele>
        <time>2026-08-21T09:45:53.250Z</time>
      </trkpt>
      <trkpt lat="46.434476" lon="12.075768">
        <ele>1439.019592</ele>
        <time>2026-08-21T09:45:55.938Z</time>
      </trkpt>
      <trkpt lat="46.434726" lon="12.074530">
        <ele>1432.600208</ele>
        <time>2026-08-21T09:46:00.703Z</time>
      </trkpt>
      <trkpt lat="46.434783" lon="12.074393">
        <ele>1431.803892</ele>
        <time>2026-08-21T09:46:01.298Z</time>
      </trkpt>
      <trkpt lat="46.434938" lon="12.074247">
        <ele>1430.469620</ele>
        <time>2026-08-21T09:46:02.285Z</time>
      </trkpt>
      <trkpt lat="46.436079" lon="12.073632">
        <ele>1421.853692</ele>
        <time>2026-08-21T09:46:08.783Z</time>
      </trkpt>
      <trkpt lat="46.436377" lon="12.073287">
        <ele>1419.168961</ele>
        <time>2026-08-21T09:46:10.828Z</time>
      </trkpt>
      <trkpt lat="46.436764" lon="12.072710">
        <ele>1415.656731</ele>
        <time>2026-08-21T09:46:13.832Z</time>
      </trkpt>
      <trkpt lat="46.436869" lon="12.072518">
        <ele>1415.094409</ele>
        <time>2026-08-21T09:46:14.780Z</time>
      </trkpt>
      <trkpt lat="46.436913" lon="12.072351">
        <ele>1414.684235</ele>
        <time>2026-08-21T09:46:15.481Z</time>
      </trkpt>
      <trkpt lat="46.436910" lon="12.071887">
        <ele>1413.619689</ele>
        <time>2026-08-21T09:46:17.366Z</time>
      </trkpt>
      <trkpt lat="46.436928" lon="12.071738">
        <ele>1413.272644</ele>
        <time>2026-08-21T09:46:17.989Z</time>
      </trkpt>
      <trkpt lat="46.436972" lon="12.071594">
        <ele>1412.911266</ele>
        <time>2026-08-21T09:46:18.654Z</time>
      </trkpt>
      <trkpt lat="46.437188" lon="12.071191">
        <ele>1411.740008</ele>
        <time>2026-08-21T09:46:20.859Z</time>
      </trkpt>
      <trkpt lat="46.437221" lon="12.071141">
        <ele>1411.581179</ele>
        <time>2026-08-21T09:46:21.173Z</time>
      </trkpt>
      <trkpt lat="46.437346" lon="12.070828">
        <ele>1410.751247</ele>
        <time>2026-08-21T09:46:22.774Z</time>
      </trkpt>
      <trkpt lat="46.437449" lon="12.070339">
        <ele>1410.262228</ele>
        <time>2026-08-21T09:46:25.299Z</time>
      </trkpt>
      <trkpt lat="46.437521" lon="12.070111">
        <ele>1410.570564</ele>
        <time>2026-08-21T09:46:26.779Z</time>
      </trkpt>
      <trkpt lat="46.437764" lon="12.069530">
        <ele>1411.406112</ele>
        <time>2026-08-21T09:46:32.203Z</time>
      </trkpt>
      <trkpt lat="46.437938" lon="12.069283">
        <ele>1411.840356</ele>
        <time>2026-08-21T09:46:35.519Z</time>
      </trkpt>
      <trkpt lat="46.438185" lon="12.069037">
        <ele>1412.374803</ele>
        <time>2026-08-21T09:46:40.030Z</time>
      </trkpt>
      <trkpt lat="46.438672" lon="12.068598">
        <ele>1413.707892</ele>
        <time>2026-08-21T09:46:50.195Z</time>
      </trkpt>
      <trkpt lat="46.438856" lon="12.068373">
        <ele>1414.942983</ele>
        <time>2026-08-21T09:46:55.011Z</time>
      </trkpt>
      <trkpt lat="46.439263" lon="12.067781">
        <ele>1417.900935</ele>
        <time>2026-08-21T09:47:07.358Z</time>
      </trkpt>
      <trkpt lat="46.439369" lon="12.067621">
        <ele>1418.686012</ele>
        <time>2026-08-21T09:47:10.647Z</time>
      </trkpt>
      <trkpt lat="46.439881" lon="12.066900">
        <ele>1422.348116</ele>
        <time>2026-08-21T09:47:27.155Z</time>
      </trkpt>
      <trkpt lat="46.440015" lon="12.066740">
        <ele>1422.870073</ele>
        <time>2026-08-21T09:47:31.668Z</time>
      </trkpt>
      <trkpt lat="46.440277" lon="12.066512">
        <ele>1423.691241</ele>
        <time>2026-08-21T09:47:38.553Z</time>
      </trkpt>
      <trkpt lat="46.440385" lon="12.066453">
        <ele>1424.001429</ele>
        <time>2026-08-21T09:47:40.601Z</time>
      </trkpt>
      <trkpt lat="46.440604" lon="12.066398">
        <ele>1424.598841</ele>
        <time>2026-08-21T09:47:43.640Z</time>
      </trkpt>
      <trkpt lat="46.440735" lon="12.066401">
        <ele>1424.951006</ele>
        <time>2026-08-21T09:47:45.378Z</time>
      </trkpt>
      <trkpt lat="46.440942" lon="12.066469">
        <ele>1425.521491</ele>
        <time>2026-08-21T09:47:48.315Z</time>
      </trkpt>
      <trkpt lat="46.441109" lon="12.066438">
        <ele>1425.974036</ele>
        <time>2026-08-21T09:47:50.541Z</time>
      </trkpt>
      <trkpt lat="46.441168" lon="12.066390">
        <ele>1426.155847</ele>
        <time>2026-08-21T09:47:51.381Z</time>
      </trkpt>
      <trkpt lat="46.441238" lon="12.066263">
        <ele>1426.457078</ele>
        <time>2026-08-21T09:47:52.798Z</time>
      </trkpt>
      <trkpt lat="46.441342" lon="12.065722">
        <ele>1427.276019</ele>
        <time>2026-08-21T09:47:57.052Z</time>
      </trkpt>
      <trkpt lat="46.441531" lon="12.065358">
        <ele>1427.176679</ele>
        <time>2026-08-21T09:47:59.439Z</time>
      </trkpt>
      <trkpt lat="46.441911" lon="12.064652">
        <ele>1426.981420</ele>
        <time>2026-08-21T09:48:03.592Z</time>
      </trkpt>
      <trkpt lat="46.442051" lon="12.064313">
        <ele>1426.895278</ele>
        <time>2026-08-21T09:48:06.667Z</time>
      </trkpt>
      <trkpt lat="46.442130" lon="12.064082">
        <ele>1426.839070</ele>
        <time>2026-08-21T09:48:08.663Z</time>
      </trkpt>
      <trkpt lat="46.442383" lon="12.063000">
        <ele>1425.332251</ele>
        <time>2026-08-21T09:48:15.494Z</time>
      </trkpt>
      <trkpt lat="46.442588" lon="12.062594">
        <ele>1424.239631</ele>
        <time>2026-08-21T09:48:17.737Z</time>
      </trkpt>
      <trkpt lat="46.442732" lon="12.062490">
        <ele>1423.732922</ele>
        <time>2026-08-21T09:48:18.708Z</time>
      </trkpt>
      <trkpt lat="46.443368" lon="12.062375">
        <ele>1421.713867</ele>
        <time>2026-08-21T09:48:22.365Z</time>
      </trkpt>
      <trkpt lat="46.443587" lon="12.061952">
        <ele>1420.225134</ele>
        <time>2026-08-21T09:48:24.378Z</time>
      </trkpt>
      <trkpt lat="46.443814" lon="12.061475">
        <ele>1418.108618</ele>
        <time>2026-08-21T09:48:26.550Z</time>
      </trkpt>
      <trkpt lat="46.443951" lon="12.061262">
        <ele>1417.044804</ele>
        <time>2026-08-21T09:48:27.632Z</time>
      </trkpt>
      <trkpt lat="46.444529" lon="12.060537">
        <ele>1412.996873</ele>
        <time>2026-08-21T09:48:31.859Z</time>
      </trkpt>
      <trkpt lat="46.445008" lon="12.060082">
        <ele>1410.997711</ele>
        <time>2026-08-21T09:48:35.407Z</time>
      </trkpt>
      <trkpt lat="46.445224" lon="12.059908">
        <ele>1410.550681</ele>
        <time>2026-08-21T09:48:37.004Z</time>
      </trkpt>
      <trkpt lat="46.445417" lon="12.059787">
        <ele>1410.170251</ele>
        <time>2026-08-21T09:48:38.412Z</time>
      </trkpt>
      <trkpt lat="46.445767" lon="12.059569">
        <ele>1409.481057</ele>
        <time>2026-08-21T09:48:41.081Z</time>
      </trkpt>
      <trkpt lat="46.445929" lon="12.059420">
        <ele>1409.134005</ele>
        <time>2026-08-21T09:48:42.478Z</time>
      </trkpt>
      <trkpt lat="46.446023" lon="12.059204">
        <ele>1408.815473</ele>
        <time>2026-08-21T09:48:43.785Z</time>
      </trkpt>
      <trkpt lat="46.446618" lon="12.057148">
        <ele>1407.398756</ele>
        <time>2026-08-21T09:48:55.419Z</time>
      </trkpt>
      <trkpt lat="46.446689" lon="12.056770">
        <ele>1407.207079</ele>
        <time>2026-08-21T09:48:57.576Z</time>
      </trkpt>
      <trkpt lat="46.446747" lon="12.055995">
        <ele>1406.846791</ele>
        <time>2026-08-21T09:49:01.910Z</time>
      </trkpt>
      <trkpt lat="46.446788" lon="12.055591">
        <ele>1406.670872</ele>
        <time>2026-08-21T09:49:04.099Z</time>
      </trkpt>
      <trkpt lat="46.446828" lon="12.055429">
        <ele>1406.596738</ele>
        <time>2026-08-21T09:49:05.009Z</time>
      </trkpt>
      <trkpt lat="46.446870" lon="12.055314">
        <ele>1406.540668</ele>
        <time>2026-08-21T09:49:05.722Z</time>
      </trkpt>
      <trkpt lat="46.447730" lon="12.053897">
        <ele>1405.818215</ele>
        <time>2026-08-21T09:49:15.571Z</time>
      </trkpt>
      <trkpt lat="46.447969" lon="12.053609">
        <ele>1405.741412</ele>
        <time>2026-08-21T09:49:18.425Z</time>
      </trkpt>
      <trkpt lat="46.448079" lon="12.053382">
        <ele>1405.694136</ele>
        <time>2026-08-21T09:49:20.118Z</time>
      </trkpt>
      <trkpt lat="46.448108" lon="12.053256">
        <ele>1405.671505</ele>
        <time>2026-08-21T09:49:20.971Z</time>
      </trkpt>
      <trkpt lat="46.448082" lon="12.052942">
        <ele>1405.617630</ele>
        <time>2026-08-21T09:49:22.835Z</time>
      </trkpt>
      <trkpt lat="46.448047" lon="12.052841">
        <ele>1405.598371</ele>
        <time>2026-08-21T09:49:23.562Z</time>
      </trkpt>
      <trkpt lat="46.447909" lon="12.052683">
        <ele>1405.554913</ele>
        <time>2026-08-21T09:49:25.079Z</time>
      </trkpt>
      <trkpt lat="46.447125" lon="12.052086">
        <ele>1404.221365</ele>
        <time>2026-08-21T09:49:33.085Z</time>
      </trkpt>
      <trkpt lat="46.447070" lon="12.051992">
        <ele>1403.959035</ele>
        <time>2026-08-21T09:49:33.629Z</time>
      </trkpt>
      <trkpt lat="46.447030" lon="12.051873">
        <ele>1403.677378</ele>
        <time>2026-08-21T09:49:34.202Z</time>
      </trkpt>
      <trkpt lat="46.447023" lon="12.051621">
        <ele>1403.140880</ele>
        <time>2026-08-21T09:49:35.255Z</time>
      </trkpt>
      <trkpt lat="46.447096" lon="12.051265">
        <ele>1402.350760</ele>
        <time>2026-08-21T09:49:36.776Z</time>
      </trkpt>
      <trkpt lat="46.447532" lon="12.049141">
        <ele>1397.767219</ele>
        <time>2026-08-21T09:49:45.468Z</time>
      </trkpt>
      <trkpt lat="46.447618" lon="12.048940">
        <ele>1397.293288</ele>
        <time>2026-08-21T09:49:46.438Z</time>
      </trkpt>
      <trkpt lat="46.448526" lon="12.047494">
        <ele>1394.428661</ele>
        <time>2026-08-21T09:49:55.907Z</time>
      </trkpt>
      <trkpt lat="46.448672" lon="12.047175">
        <ele>1394.294987</ele>
        <time>2026-08-21T09:49:58.124Z</time>
      </trkpt>
      <trkpt lat="46.449024" lon="12.046232">
        <ele>1393.920634</ele>
        <time>2026-08-21T09:50:05.476Z</time>
      </trkpt>
      <trkpt lat="46.449139" lon="12.046019">
        <ele>1393.826179</ele>
        <time>2026-08-21T09:50:07.408Z</time>
      </trkpt>
      <trkpt lat="46.449295" lon="12.045825">
        <ele>1393.570215</ele>
        <time>2026-08-21T09:50:09.076Z</time>
      </trkpt>
      <trkpt lat="46.449792" lon="12.045438">
        <ele>1390.851346</ele>
        <time>2026-08-21T09:50:12.762Z</time>
      </trkpt>
      <trkpt lat="46.449890" lon="12.045328">
        <ele>1390.254135</ele>
        <time>2026-08-21T09:50:13.502Z</time>
      </trkpt>
      <trkpt lat="46.449977" lon="12.045162">
        <ele>1389.561409</ele>
        <time>2026-08-21T09:50:14.342Z</time>
      </trkpt>
      <trkpt lat="46.450415" lon="12.043586">
        <ele>1383.112812</ele>
        <time>2026-08-21T09:50:20.629Z</time>
      </trkpt>
      <trkpt lat="46.450695" lon="12.042576">
        <ele>1376.972572</ele>
        <time>2026-08-21T09:50:24.536Z</time>
      </trkpt>
      <trkpt lat="46.450717" lon="12.042382">
        <ele>1375.863694</ele>
        <time>2026-08-21T09:50:25.249Z</time>
      </trkpt>
      <trkpt lat="46.450708" lon="12.041087">
        <ele>1368.401934</ele>
        <time>2026-08-21T09:50:29.989Z</time>
      </trkpt>
      <trkpt lat="46.450799" lon="12.040077">
        <ele>1362.150103</ele>
        <time>2026-08-21T09:50:33.746Z</time>
      </trkpt>
      <trkpt lat="46.450882" lon="12.039406">
        <ele>1357.965883</ele>
        <time>2026-08-21T09:50:36.190Z</time>
      </trkpt>
      <trkpt lat="46.450940" lon="12.038940">
        <ele>1355.059441</ele>
        <time>2026-08-21T09:50:37.862Z</time>
      </trkpt>
      <trkpt lat="46.451037" lon="12.038130">
        <ele>1349.302802</ele>
        <time>2026-08-21T09:50:40.749Z</time>
      </trkpt>
      <trkpt lat="46.451057" lon="12.037971">
        <ele>1348.147202</ele>
        <time>2026-08-21T09:50:41.309Z</time>
      </trkpt>
      <trkpt lat="46.451265" lon="12.036110">
        <ele>1334.859500</ele>
        <time>2026-08-21T09:50:47.986Z</time>
      </trkpt>
      <trkpt lat="46.451305" lon="12.035343">
        <ele>1330.426063</ele>
        <time>2026-08-21T09:50:50.852Z</time>
      </trkpt>
      <trkpt lat="46.451315" lon="12.035154">
        <ele>1329.333508</ele>
        <time>2026-08-21T09:50:51.560Z</time>
      </trkpt>
      <trkpt lat="46.451387" lon="12.034766">
        <ele>1327.017483</ele>
        <time>2026-08-21T09:50:53.054Z</time>
      </trkpt>
      <trkpt lat="46.451318" lon="12.034692">
        <ele>1326.299767</ele>
        <time>2026-08-21T09:50:53.517Z</time>
      </trkpt>
      <trkpt lat="46.451271" lon="12.034421">
        <ele>1324.689065</ele>
        <time>2026-08-21T09:50:54.556Z</time>
      </trkpt>
      <trkpt lat="46.451278" lon="12.034312">
        <ele>1324.058094</ele>
        <time>2026-08-21T09:50:54.962Z</time>
      </trkpt>
      <trkpt lat="46.451305" lon="12.033890">
        <ele>1321.615330</ele>
        <time>2026-08-21T09:50:56.497Z</time>
      </trkpt>
      <trkpt lat="46.451220" lon="12.033699">
        <ele>1320.194473</ele>
        <time>2026-08-21T09:50:57.304Z</time>
      </trkpt>
      <trkpt lat="46.451115" lon="12.033659">
        <ele>1318.958733</ele>
        <time>2026-08-21T09:50:57.857Z</time>
      </trkpt>
      <trkpt lat="46.450641" lon="12.033646">
        <ele>1313.562046</ele>
        <time>2026-08-21T09:51:00.255Z</time>
      </trkpt>
      <trkpt lat="46.450246" lon="12.033735">
        <ele>1309.011752</ele>
        <time>2026-08-21T09:51:02.275Z</time>
      </trkpt>
      <trkpt lat="46.450116" lon="12.033828">
        <ele>1307.361920</ele>
        <time>2026-08-21T09:51:03.011Z</time>
      </trkpt>
      <trkpt lat="46.450012" lon="12.033996">
        <ele>1305.590569</ele>
        <time>2026-08-21T09:51:03.802Z</time>
      </trkpt>
      <trkpt lat="46.449986" lon="12.034094">
        <ele>1304.766939</ele>
        <time>2026-08-21T09:51:04.167Z</time>
      </trkpt>
      <trkpt lat="46.449879" lon="12.035377">
        <ele>1295.456312</ele>
        <time>2026-08-21T09:51:08.720Z</time>
      </trkpt>
      <trkpt lat="46.449828" lon="12.035455">
        <ele>1294.739390</ele>
        <time>2026-08-21T09:51:09.105Z</time>
      </trkpt>
      <trkpt lat="46.449747" lon="12.035443">
        <ele>1293.951515</ele>
        <time>2026-08-21T09:51:09.529Z</time>
      </trkpt>
      <trkpt lat="46.449707" lon="12.035349">
        <ele>1293.214917</ele>
        <time>2026-08-21T09:51:09.926Z</time>
      </trkpt>
      <trkpt lat="46.449688" lon="12.034970">
        <ele>1290.681418</ele>
        <time>2026-08-21T09:51:11.295Z</time>
      </trkpt>
      <trkpt lat="46.449508" lon="12.034206">
        <ele>1285.298194</ele>
        <time>2026-08-21T09:51:14.209Z</time>
      </trkpt>
      <trkpt lat="46.449399" lon="12.033993">
        <ele>1283.529254</ele>
        <time>2026-08-21T09:51:15.163Z</time>
      </trkpt>
      <trkpt lat="46.448874" lon="12.033364">
        <ele>1276.385542</ele>
        <time>2026-08-21T09:51:18.714Z</time>
      </trkpt>
      <trkpt lat="46.448748" lon="12.033099">
        <ele>1274.032637</ele>
        <time>2026-08-21T09:51:19.856Z</time>
      </trkpt>
      <trkpt lat="46.448530" lon="12.032350">
        <ele>1268.090798</ele>
        <time>2026-08-21T09:51:22.714Z</time>
      </trkpt>
      <trkpt lat="46.448436" lon="12.032240">
        <ele>1266.810107</ele>
        <time>2026-08-21T09:51:23.329Z</time>
      </trkpt>
      <trkpt lat="46.448358" lon="12.032260">
        <ele>1265.970007</ele>
        <time>2026-08-21T09:51:23.729Z</time>
      </trkpt>
      <trkpt lat="46.448315" lon="12.032381">
        <ele>1264.975077</ele>
        <time>2026-08-21T09:51:24.205Z</time>
      </trkpt>
      <trkpt lat="46.448354" lon="12.033201">
        <ele>1258.587936</ele>
        <time>2026-08-21T09:51:27.077Z</time>
      </trkpt>
      <trkpt lat="46.448342" lon="12.033305">
        <ele>1257.754771</ele>
        <time>2026-08-21T09:51:27.445Z</time>
      </trkpt>
      <trkpt lat="46.448168" lon="12.033787">
        <ele>1253.455343</ele>
        <time>2026-08-21T09:51:29.341Z</time>
      </trkpt>
      <trkpt lat="46.448152" lon="12.033899">
        <ele>1252.551587</ele>
        <time>2026-08-21T09:51:29.740Z</time>
      </trkpt>
      <trkpt lat="46.448190" lon="12.034026">
        <ele>1251.457600</ele>
        <time>2026-08-21T09:51:30.223Z</time>
      </trkpt>
      <trkpt lat="46.448463" lon="12.034343">
        <ele>1247.448341</ele>
        <time>2026-08-21T09:51:31.996Z</time>
      </trkpt>
      <trkpt lat="46.448539" lon="12.034575">
        <ele>1245.418638</ele>
        <time>2026-08-21T09:51:32.906Z</time>
      </trkpt>
      <trkpt lat="46.448541" lon="12.034804">
        <ele>1243.609129</ele>
        <time>2026-08-21T09:51:33.724Z</time>
      </trkpt>
      <trkpt lat="46.448376" lon="12.035557">
        <ele>1238.285348</ele>
        <time>2026-08-21T09:51:36.562Z</time>
      </trkpt>
      <trkpt lat="46.448368" lon="12.035654">
        <ele>1237.638794</ele>
        <time>2026-08-21T09:51:36.913Z</time>
      </trkpt>
      <trkpt lat="46.448404" lon="12.035873">
        <ele>1236.148716</ele>
        <time>2026-08-21T09:51:37.717Z</time>
      </trkpt>
      <trkpt lat="46.448493" lon="12.036001">
        <ele>1234.945191</ele>
        <time>2026-08-21T09:51:38.365Z</time>
      </trkpt>
      <trkpt lat="46.448830" lon="12.036276">
        <ele>1231.231575</ele>
        <time>2026-08-21T09:51:40.351Z</time>
      </trkpt>
      <trkpt lat="46.448862" lon="12.036333">
        <ele>1230.744966</ele>
        <time>2026-08-21T09:51:40.613Z</time>
      </trkpt>
      <trkpt lat="46.448867" lon="12.036403">
        <ele>1230.279209</ele>
        <time>2026-08-21T09:51:40.861Z</time>
      </trkpt>
      <trkpt lat="46.448794" lon="12.036513">
        <ele>1229.268432</ele>
        <time>2026-08-21T09:51:41.404Z</time>
      </trkpt>
      <trkpt lat="46.448756" lon="12.036510">
        <ele>1228.902884</ele>
        <time>2026-08-21T09:51:41.606Z</time>
      </trkpt>
      <trkpt lat="46.448559" lon="12.036298">
        <ele>1226.547184</ele>
        <time>2026-08-21T09:51:42.888Z</time>
      </trkpt>
      <trkpt lat="46.448183" lon="12.036037">
        <ele>1223.374882</ele>
        <time>2026-08-21T09:51:45.086Z</time>
      </trkpt>
      <trkpt lat="46.448104" lon="12.035885">
        <ele>1222.441290</ele>
        <time>2026-08-21T09:51:45.776Z</time>
      </trkpt>
      <trkpt lat="46.448055" lon="12.035464">
        <ele>1220.347690</ele>
        <time>2026-08-21T09:51:47.323Z</time>
      </trkpt>
      <trkpt lat="46.447885" lon="12.034826">
        <ele>1216.993493</ele>
        <time>2026-08-21T09:51:49.817Z</time>
      </trkpt>
      <trkpt lat="46.447821" lon="12.034735">
        <ele>1216.355874</ele>
        <time>2026-08-21T09:51:50.308Z</time>
      </trkpt>
      <trkpt lat="46.447716" lon="12.034757">
        <ele>1215.600879</ele>
        <time>2026-08-21T09:51:50.896Z</time>
      </trkpt>
      <trkpt lat="46.447677" lon="12.034867">
        <ele>1214.994275</ele>
        <time>2026-08-21T09:51:51.376Z</time>
      </trkpt>
      <trkpt lat="46.447695" lon="12.034954">
        <ele>1214.548854</ele>
        <time>2026-08-21T09:51:51.736Z</time>
      </trkpt>
      <trkpt lat="46.447831" lon="12.035214">
        <ele>1212.949671</ele>
        <time>2026-08-21T09:51:53.047Z</time>
      </trkpt>
      <trkpt lat="46.447879" lon="12.035340">
        <ele>1212.582964</ele>
        <time>2026-08-21T09:51:53.631Z</time>
      </trkpt>
      <trkpt lat="46.447902" lon="12.035484">
        <ele>1212.206472</ele>
        <time>2026-08-21T09:51:54.238Z</time>
      </trkpt>
      <trkpt lat="46.447994" lon="12.036596">
        <ele>1209.353877</ele>
        <time>2026-08-21T09:51:58.942Z</time>
      </trkpt>
      <trkpt lat="46.447991" lon="12.036727">
        <ele>1209.020038</ele>
        <time>2026-08-21T09:51:59.476Z</time>
      </trkpt>
      <trkpt lat="46.447782" lon="12.037994">
        <ele>1205.657894</ele>
        <time>2026-08-21T09:52:04.840Z</time>
      </trkpt>
      <trkpt lat="46.447725" lon="12.038066">
        <ele>1205.358141</ele>
        <time>2026-08-21T09:52:05.284Z</time>
      </trkpt>
      <trkpt lat="46.447683" lon="12.038067">
        <ele>1205.191512</ele>
        <time>2026-08-21T09:52:05.528Z</time>
      </trkpt>
      <trkpt lat="46.447617" lon="12.038013">
        <ele>1204.890965</ele>
        <time>2026-08-21T09:52:05.978Z</time>
      </trkpt>
      <trkpt lat="46.447603" lon="12.037964">
        <ele>1204.745979</ele>
        <time>2026-08-21T09:52:06.196Z</time>
      </trkpt>
      <trkpt lat="46.447625" lon="12.037233">
        <ele>1202.746096</ele>
        <time>2026-08-21T09:52:09.110Z</time>
      </trkpt>
      <trkpt lat="46.447480" lon="12.035891">
        <ele>1199.066409</ele>
        <time>2026-08-21T09:52:14.521Z</time>
      </trkpt>
      <trkpt lat="46.447444" lon="12.035745">
        <ele>1198.747109</ele>
        <time>2026-08-21T09:52:15.190Z</time>
      </trkpt>
      <trkpt lat="46.447249" lon="12.035306">
        <ele>1197.671599</ele>
        <time>2026-08-21T09:52:17.456Z</time>
      </trkpt>
      <trkpt lat="46.446983" lon="12.034721">
        <ele>1196.228360</ele>
        <time>2026-08-21T09:52:20.516Z</time>
      </trkpt>
      <trkpt lat="46.446926" lon="12.034522">
        <ele>1195.784598</ele>
        <time>2026-08-21T09:52:21.463Z</time>
      </trkpt>
      <trkpt lat="46.446527" lon="12.032734">
        <ele>1190.521485</ele>
        <time>2026-08-21T09:52:29.405Z</time>
      </trkpt>
      <trkpt lat="46.446455" lon="12.032571">
        <ele>1189.827017</ele>
        <time>2026-08-21T09:52:30.164Z</time>
      </trkpt>
      <trkpt lat="46.446200" lon="12.032215">
        <ele>1187.985142</ele>
        <time>2026-08-21T09:52:32.140Z</time>
      </trkpt>
      <trkpt lat="46.446085" lon="12.031877">
        <ele>1186.633054</ele>
        <time>2026-08-21T09:52:33.569Z</time>
      </trkpt>
      <trkpt lat="46.446075" lon="12.031655">
        <ele>1185.835082</ele>
        <time>2026-08-21T09:52:34.403Z</time>
      </trkpt>
      <trkpt lat="46.446224" lon="12.030714">
        <ele>1180.601839</ele>
        <time>2026-08-21T09:52:37.941Z</time>
      </trkpt>
      <trkpt lat="46.446236" lon="12.030400">
        <ele>1178.503457</ele>
        <time>2026-08-21T09:52:39.069Z</time>
      </trkpt>
      <trkpt lat="46.446176" lon="12.030124">
        <ele>1176.572365</ele>
        <time>2026-08-21T09:52:40.095Z</time>
      </trkpt>
      <trkpt lat="46.445922" lon="12.029652">
        <ele>1172.576247</ele>
        <time>2026-08-21T09:52:42.201Z</time>
      </trkpt>
      <trkpt lat="46.445833" lon="12.029437">
        <ele>1170.902668</ele>
        <time>2026-08-21T09:52:43.079Z</time>
      </trkpt>
      <trkpt lat="46.445791" lon="12.029265">
        <ele>1169.685054</ele>
        <time>2026-08-21T09:52:43.723Z</time>
      </trkpt>
      <trkpt lat="46.445783" lon="12.029033">
        <ele>1168.135086</ele>
        <time>2026-08-21T09:52:44.546Z</time>
      </trkpt>
      <trkpt lat="46.445855" lon="12.028426">
        <ele>1164.668283</ele>
        <time>2026-08-21T09:52:46.742Z</time>
      </trkpt>
      <trkpt lat="46.445826" lon="12.028041">
        <ele>1162.640456</ele>
        <time>2026-08-21T09:52:48.126Z</time>
      </trkpt>
      <trkpt lat="46.445713" lon="12.027584">
        <ele>1160.098247</ele>
        <time>2026-08-21T09:52:49.877Z</time>
      </trkpt>
      <trkpt lat="46.445645" lon="12.027348">
        <ele>1158.758885</ele>
        <time>2026-08-21T09:52:50.810Z</time>
      </trkpt>
      <trkpt lat="46.445499" lon="12.027058">
        <ele>1156.878349</ele>
        <time>2026-08-21T09:52:52.138Z</time>
      </trkpt>
      <trkpt lat="46.445185" lon="12.026711">
        <ele>1153.879323</ele>
        <time>2026-08-21T09:52:54.347Z</time>
      </trkpt>
      <trkpt lat="46.445092" lon="12.026576">
        <ele>1153.215406</ele>
        <time>2026-08-21T09:52:55.128Z</time>
      </trkpt>
      <trkpt lat="46.445033" lon="12.026403">
        <ele>1152.935173</ele>
        <time>2026-08-21T09:52:56.001Z</time>
      </trkpt>
      <trkpt lat="46.445001" lon="12.026227">
        <ele>1152.670918</ele>
        <time>2026-08-21T09:52:56.800Z</time>
      </trkpt>
      <trkpt lat="46.445001" lon="12.026100">
        <ele>1152.486545</ele>
        <time>2026-08-21T09:52:57.348Z</time>
      </trkpt>
      <trkpt lat="46.445133" lon="12.025322">
        <ele>1151.323341</ele>
        <time>2026-08-21T09:53:01.020Z</time>
      </trkpt>
      <trkpt lat="46.445133" lon="12.025316">
        <ele>1151.314631</ele>
        <time>2026-08-21T09:53:01.055Z</time>
      </trkpt>
      <trkpt lat="46.445143" lon="12.025009">
        <ele>1150.868444</ele>
        <time>2026-08-21T09:53:02.519Z</time>
      </trkpt>
      <trkpt lat="46.445124" lon="12.024865">
        <ele>1150.655593</ele>
        <time>2026-08-21T09:53:03.379Z</time>
      </trkpt>
      <trkpt lat="46.444149" lon="12.021401">
        <ele>1144.781992</ele>
        <time>2026-08-21T09:53:21.766Z</time>
      </trkpt>
      <trkpt lat="46.444023" lon="12.021029">
        <ele>1142.500528</ele>
        <time>2026-08-21T09:53:23.423Z</time>
      </trkpt>
      <trkpt lat="46.442741" lon="12.017685">
        <ele>1116.017041</ele>
        <time>2026-08-21T09:53:36.951Z</time>
      </trkpt>
      <trkpt lat="46.442559" lon="12.017410">
        <ele>1112.886959</ele>
        <time>2026-08-21T09:53:38.254Z</time>
      </trkpt>
      <trkpt lat="46.441891" lon="12.016637">
        <ele>1102.891469</ele>
        <time>2026-08-21T09:53:42.513Z</time>
      </trkpt>
      <trkpt lat="46.441761" lon="12.016395">
        <ele>1100.427753</ele>
        <time>2026-08-21T09:53:43.572Z</time>
      </trkpt>
      <trkpt lat="46.441718" lon="12.016099">
        <ele>1097.998879</ele>
        <time>2026-08-21T09:53:44.631Z</time>
      </trkpt>
      <trkpt lat="46.441735" lon="12.015435">
        <ele>1092.663828</ele>
        <time>2026-08-21T09:53:46.995Z</time>
      </trkpt>
      <trkpt lat="46.441680" lon="12.015059">
        <ele>1089.821976</ele>
        <time>2026-08-21T09:53:48.416Z</time>
      </trkpt>
      <trkpt lat="46.441570" lon="12.014794">
        <ele>1088.536706</ele>
        <time>2026-08-21T09:53:49.604Z</time>
      </trkpt>
      <trkpt lat="46.441322" lon="12.014517">
        <ele>1086.649919</ele>
        <time>2026-08-21T09:53:51.409Z</time>
      </trkpt>
      <trkpt lat="46.441238" lon="12.014364">
        <ele>1085.837191</ele>
        <time>2026-08-21T09:53:52.195Z</time>
      </trkpt>
      <trkpt lat="46.440899" lon="12.012985">
        <ele>1079.754376</ele>
        <time>2026-08-21T09:53:57.828Z</time>
      </trkpt>
      <trkpt lat="46.440831" lon="12.012822">
        <ele>1078.886469</ele>
        <time>2026-08-21T09:53:58.535Z</time>
      </trkpt>
      <trkpt lat="46.440584" lon="12.012503">
        <ele>1076.344508</ele>
        <time>2026-08-21T09:54:00.296Z</time>
      </trkpt>
      <trkpt lat="46.440499" lon="12.012293">
        <ele>1075.054289</ele>
        <time>2026-08-21T09:54:01.183Z</time>
      </trkpt>
      <trkpt lat="46.440442" lon="12.012069">
        <ele>1073.789296</ele>
        <time>2026-08-21T09:54:02.046Z</time>
      </trkpt>
      <trkpt lat="46.440417" lon="12.011435">
        <ele>1070.425093</ele>
        <time>2026-08-21T09:54:04.328Z</time>
      </trkpt>
      <trkpt lat="46.440384" lon="12.011276">
        <ele>1069.545392</ele>
        <time>2026-08-21T09:54:04.921Z</time>
      </trkpt>
      <trkpt lat="46.440073" lon="12.010215">
        <ele>1064.698141</ele>
        <time>2026-08-21T09:54:09.163Z</time>
      </trkpt>
      <trkpt lat="46.439553" lon="12.008439">
        <ele>1061.000772</ele>
        <time>2026-08-21T09:54:17.075Z</time>
      </trkpt>
      <trkpt lat="46.439491" lon="12.008296">
        <ele>1060.677052</ele>
        <time>2026-08-21T09:54:19.757Z</time>
      </trkpt>
      <trkpt lat="46.439320" lon="12.008168">
        <ele>1060.585440</ele>
        <time>2026-08-21T09:54:24.110Z</time>
      </trkpt>
      <trkpt lat="46.439205" lon="12.008173">
        <ele>1060.791938</ele>
        <time>2026-08-21T09:54:26.695Z</time>
      </trkpt>
      <trkpt lat="46.438603" lon="12.008352">
        <ele>1061.894875</ele>
        <time>2026-08-21T09:54:38.935Z</time>
      </trkpt>
      <trkpt lat="46.438540" lon="12.008326">
        <ele>1062.012433</ele>
        <time>2026-08-21T09:54:40.283Z</time>
      </trkpt>
      <trkpt lat="46.438451" lon="12.008170">
        <ele>1062.262928</ele>
        <time>2026-08-21T09:54:42.547Z</time>
      </trkpt>
      <trkpt lat="46.438346" lon="12.007176">
        <ele>1063.506744</ele>
        <time>2026-08-21T09:54:52.833Z</time>
      </trkpt>
      <trkpt lat="46.438265" lon="12.006799">
        <ele>1062.584540</ele>
        <time>2026-08-21T09:54:54.439Z</time>
      </trkpt>
      <trkpt lat="46.438062" lon="12.006196">
        <ele>1060.120079</ele>
        <time>2026-08-21T09:54:56.852Z</time>
      </trkpt>
      <trkpt lat="46.438047" lon="12.005827">
        <ele>1058.762662</ele>
        <time>2026-08-21T09:54:58.197Z</time>
      </trkpt>
      <trkpt lat="46.438192" lon="12.005115">
        <ele>1056.036241</ele>
        <time>2026-08-21T09:55:01.002Z</time>
      </trkpt>
      <trkpt lat="46.438189" lon="12.004902">
        <ele>1055.253889</ele>
        <time>2026-08-21T09:55:01.842Z</time>
      </trkpt>
      <trkpt lat="46.438155" lon="12.004706">
        <ele>1054.511676</ele>
        <time>2026-08-21T09:55:02.647Z</time>
      </trkpt>
      <trkpt lat="46.438080" lon="12.004466">
        <ele>1054.100285</ele>
        <time>2026-08-21T09:55:03.706Z</time>
      </trkpt>
      <trkpt lat="46.437782" lon="12.003766">
        <ele>1054.366582</ele>
        <time>2026-08-21T09:55:07.123Z</time>
      </trkpt>
      <trkpt lat="46.437708" lon="12.003461">
        <ele>1054.471234</ele>
        <time>2026-08-21T09:55:08.773Z</time>
      </trkpt>
      <trkpt lat="46.437705" lon="12.002896">
        <ele>1054.654102</ele>
        <time>2026-08-21T09:55:14.693Z</time>
      </trkpt>
      <trkpt lat="46.437665" lon="12.002479">
        <ele>1054.790366</ele>
        <time>2026-08-21T09:55:21.480Z</time>
      </trkpt>
      <trkpt lat="46.437564" lon="12.002134">
        <ele>1054.795807</ele>
        <time>2026-08-21T09:55:27.369Z</time>
      </trkpt>
      <trkpt lat="46.436980" lon="12.001257">
        <ele>1051.294328</ele>
        <time>2026-08-21T09:55:42.063Z</time>
      </trkpt>
      <trkpt lat="46.436757" lon="12.000610">
        <ele>1049.217291</ele>
        <time>2026-08-21T09:55:45.013Z</time>
      </trkpt>
      <trkpt lat="46.436602" lon="11.999935">
        <ele>1046.274114</ele>
        <time>2026-08-21T09:55:47.452Z</time>
      </trkpt>
      <trkpt lat="46.436565" lon="11.999705">
        <ele>1042.962637</ele>
        <time>2026-08-21T09:55:48.245Z</time>
      </trkpt>
      <trkpt lat="46.436587" lon="11.999498">
        <ele>1040.026021</ele>
        <time>2026-08-21T09:55:48.955Z</time>
      </trkpt>
      <trkpt lat="46.436849" lon="11.998790">
        <ele>1028.758721</ele>
        <time>2026-08-21T09:55:51.674Z</time>
      </trkpt>
      <trkpt lat="46.436897" lon="11.998400">
        <ele>1023.204121</ele>
        <time>2026-08-21T09:55:53.013Z</time>
      </trkpt>
      <trkpt lat="46.436858" lon="11.998035">
        <ele>1018.025412</ele>
        <time>2026-08-21T09:55:54.259Z</time>
      </trkpt>
      <trkpt lat="46.436780" lon="11.997775">
        <ele>1014.049593</ele>
        <time>2026-08-21T09:55:55.218Z</time>
      </trkpt>
      <trkpt lat="46.436526" lon="11.997149">
        <ele>1008.400095</ele>
        <time>2026-08-21T09:55:57.723Z</time>
      </trkpt>
      <trkpt lat="46.436353" lon="11.996727">
        <ele>1006.009348</ele>
        <time>2026-08-21T09:55:59.501Z</time>
      </trkpt>
      <trkpt lat="46.436270" lon="11.996615">
        <ele>1005.208572</ele>
        <time>2026-08-21T09:56:00.117Z</time>
      </trkpt>
      <trkpt lat="46.436182" lon="11.996559">
        <ele>1004.529687</ele>
        <time>2026-08-21T09:56:00.660Z</time>
      </trkpt>
      <trkpt lat="46.435895" lon="11.996568">
        <ele>1002.501543</ele>
        <time>2026-08-21T09:56:02.335Z</time>
      </trkpt>
      <trkpt lat="46.435399" lon="11.996660">
        <ele>998.968763</ele>
        <time>2026-08-21T09:56:05.546Z</time>
      </trkpt>
      <trkpt lat="46.435313" lon="11.996618">
        <ele>998.327677</ele>
        <time>2026-08-21T09:56:06.173Z</time>
      </trkpt>
      <trkpt lat="46.435267" lon="11.996552">
        <ele>998.098385</ele>
        <time>2026-08-21T09:56:06.639Z</time>
      </trkpt>
      <trkpt lat="46.435410" lon="11.996365">
        <ele>998.056120</ele>
        <time>2026-08-21T09:56:08.034Z</time>
      </trkpt>
      <trkpt lat="46.435733" lon="11.995951">
        <ele>997.961500</ele>
        <time>2026-08-21T09:56:11.380Z</time>
      </trkpt>
      <trkpt lat="46.435806" lon="11.995871">
        <ele>997.941415</ele>
        <time>2026-08-21T09:56:12.118Z</time>
      </trkpt>
      <trkpt lat="46.435958" lon="11.995761">
        <ele>997.904122</ele>
        <time>2026-08-21T09:56:13.580Z</time>
      </trkpt>
      <trkpt lat="46.436173" lon="11.995698">
        <ele>997.855965</ele>
        <time>2026-08-21T09:56:15.594Z</time>
      </trkpt>
      <trkpt lat="46.436782" lon="11.995703">
        <ele>997.722255</ele>
        <time>2026-08-21T09:56:21.745Z</time>
      </trkpt>
      <trkpt lat="46.436917" lon="11.995646">
        <ele>997.792516</ele>
        <time>2026-08-21T09:56:23.449Z</time>
      </trkpt>
      <trkpt lat="46.437095" lon="11.995522">
        <ele>997.975086</ele>
        <time>2026-08-21T09:56:25.807Z</time>
      </trkpt>
      <trkpt lat="46.437152" lon="11.995482">
        <ele>998.033630</ele>
        <time>2026-08-21T09:56:26.521Z</time>
      </trkpt>
      <trkpt lat="46.437495" lon="11.995199">
        <ele>998.398464</ele>
        <time>2026-08-21T09:56:30.912Z</time>
      </trkpt>
      <trkpt lat="46.437787" lon="11.994958">
        <ele>998.709076</ele>
        <time>2026-08-21T09:56:34.571Z</time>
      </trkpt>
      <trkpt lat="46.437912" lon="11.994844">
        <ele>998.845588</ele>
        <time>2026-08-21T09:56:36.161Z</time>
      </trkpt>
      <trkpt lat="46.438045" lon="11.994623">
        <ele>999.032549</ele>
        <time>2026-08-21T09:56:38.371Z</time>
      </trkpt>
      <trkpt lat="46.438954" lon="11.992690">
        <ele>1001.358870</ele>
        <time>2026-08-21T09:56:56.671Z</time>
      </trkpt>
      <trkpt lat="46.438992" lon="11.992611">
        <ele>1001.464847</ele>
        <time>2026-08-21T09:56:57.586Z</time>
      </trkpt>
      <trkpt lat="46.439107" lon="11.992375">
        <ele>1001.782797</ele>
        <time>2026-08-21T09:57:00.450Z</time>
      </trkpt>
      <trkpt lat="46.439243" lon="11.992089">
        <ele>1002.165033</ele>
        <time>2026-08-21T09:57:04.044Z</time>
      </trkpt>
      <trkpt lat="46.439449" lon="11.991666">
        <ele>1003.315571</ele>
        <time>2026-08-21T09:57:09.790Z</time>
      </trkpt>
      <trkpt lat="46.439638" lon="11.991323">
        <ele>1004.371439</ele>
        <time>2026-08-21T09:57:15.303Z</time>
      </trkpt>
      <trkpt lat="46.440269" lon="11.990655">
        <ele>1007.096468</ele>
        <time>2026-08-21T09:57:31.174Z</time>
      </trkpt>
      <trkpt lat="46.440593" lon="11.990323">
        <ele>1008.480267</ele>
        <time>2026-08-21T09:57:37.460Z</time>
      </trkpt>
      <trkpt lat="46.440702" lon="11.990178">
        <ele>1008.658490</ele>
        <time>2026-08-21T09:57:39.448Z</time>
      </trkpt>
      <trkpt lat="46.440819" lon="11.989975">
        <ele>1008.843363</ele>
        <time>2026-08-21T09:57:41.752Z</time>
      </trkpt>
      <trkpt lat="46.440930" lon="11.989693">
        <ele>1009.070233</ele>
        <time>2026-08-21T09:57:44.362Z</time>
      </trkpt>
      <trkpt lat="46.441048" lon="11.989269">
        <ele>1009.389670</ele>
        <time>2026-08-21T09:57:48.325Z</time>
      </trkpt>
      <trkpt lat="46.441072" lon="11.989029">
        <ele>1009.559083</ele>
        <time>2026-08-21T09:57:50.138Z</time>
      </trkpt>
      <trkpt lat="46.441040" lon="11.988740">
        <ele>1009.763559</ele>
        <time>2026-08-21T09:57:51.941Z</time>
      </trkpt>
      <trkpt lat="46.440936" lon="11.988279">
        <ele>1010.102418</ele>
        <time>2026-08-21T09:57:54.467Z</time>
      </trkpt>
      <trkpt lat="46.440847" lon="11.987941">
        <ele>1010.365458</ele>
        <time>2026-08-21T09:57:56.490Z</time>
      </trkpt>
      <trkpt lat="46.440785" lon="11.987838">
        <ele>1010.545324</ele>
        <time>2026-08-21T09:57:57.352Z</time>
      </trkpt>
      <trkpt lat="46.440689" lon="11.987806">
        <ele>1010.733314</ele>
        <time>2026-08-21T09:57:58.322Z</time>
      </trkpt>
      <trkpt lat="46.440297" lon="11.987912">
        <ele>1011.494335</ele>
        <time>2026-08-21T09:58:03.074Z</time>
      </trkpt>
      <trkpt lat="46.440176" lon="11.987914">
        <ele>1011.725282</ele>
        <time>2026-08-21T09:58:04.682Z</time>
      </trkpt>
      <trkpt lat="46.440031" lon="11.987859">
        <ele>1012.011316</ele>
        <time>2026-08-21T09:58:06.762Z</time>
      </trkpt>
      <trkpt lat="46.439897" lon="11.987727">
        <ele>1012.320416</ele>
        <time>2026-08-21T09:58:09.112Z</time>
      </trkpt>
      <trkpt lat="46.439206" lon="11.986676">
        <ele>1015.150157</ele>
        <time>2026-08-21T09:58:24.765Z</time>
      </trkpt>
      <trkpt lat="46.439108" lon="11.986569">
        <ele>1015.857558</ele>
        <time>2026-08-21T09:58:26.898Z</time>
      </trkpt>
      <trkpt lat="46.438915" lon="11.986457">
        <ele>1017.056502</ele>
        <time>2026-08-21T09:58:30.654Z</time>
      </trkpt>
      <trkpt lat="46.438544" lon="11.986379">
        <ele>1019.218779</ele>
        <time>2026-08-21T09:58:38.475Z</time>
      </trkpt>
      <trkpt lat="46.438364" lon="11.986296">
        <ele>1020.308180</ele>
        <time>2026-08-21T09:58:42.928Z</time>
      </trkpt>
      <trkpt lat="46.438181" lon="11.986140">
        <ele>1021.532390</ele>
        <time>2026-08-21T09:58:48.331Z</time>
      </trkpt>
      <trkpt lat="46.438014" lon="11.985832">
        <ele>1023.090192</ele>
        <time>2026-08-21T09:58:55.731Z</time>
      </trkpt>
      <trkpt lat="46.437295" lon="11.983724">
        <ele>1036.670770</ele>
        <time>2026-08-21T09:59:47.515Z</time>
      </trkpt>
      <trkpt lat="46.437226" lon="11.983254">
        <ele>1039.556047</ele>
        <time>2026-08-21T09:59:56.428Z</time>
      </trkpt>
      <trkpt lat="46.437167" lon="11.982554">
        <ele>1042.644382</ele>
        <time>2026-08-21T10:00:08.560Z</time>
      </trkpt>
      <trkpt lat="46.437139" lon="11.982164">
        <ele>1044.318933</ele>
        <time>2026-08-21T10:00:14.569Z</time>
      </trkpt>
      <trkpt lat="46.437102" lon="11.981955">
        <ele>1045.240471</ele>
        <time>2026-08-21T10:00:17.837Z</time>
      </trkpt>
      <trkpt lat="46.437025" lon="11.981618">
        <ele>1046.756709</ele>
        <time>2026-08-21T10:00:23.308Z</time>
      </trkpt>
      <trkpt lat="46.437194" lon="11.981603">
        <ele>1047.805946</ele>
        <time>2026-08-21T10:00:26.882Z</time>
      </trkpt>
      <trkpt lat="46.437275" lon="11.981517">
        <ele>1048.427914</ele>
        <time>2026-08-21T10:00:29.014Z</time>
      </trkpt>
      <trkpt lat="46.437349" lon="11.981495">
        <ele>1048.896012</ele>
        <time>2026-08-21T10:00:30.663Z</time>
      </trkpt>
      <trkpt lat="46.437457" lon="11.981509">
        <ele>1049.567945</ele>
        <time>2026-08-21T10:00:33.102Z</time>
      </trkpt>
      <trkpt lat="46.437655" lon="11.981711">
        <ele>1051.090603</ele>
        <time>2026-08-21T10:00:38.827Z</time>
      </trkpt>
      <trkpt lat="46.437834" lon="11.981880">
        <ele>1052.714279</ele>
        <time>2026-08-21T10:00:44.238Z</time>
      </trkpt>
      <trkpt lat="46.437885" lon="11.981933">
        <ele>1053.191223</ele>
        <time>2026-08-21T10:00:45.900Z</time>
      </trkpt>
      <trkpt lat="46.438218" lon="11.982287">
        <ele>1056.329790</ele>
        <time>2026-08-21T10:00:56.139Z</time>
      </trkpt>
      <trkpt lat="46.439183" lon="11.983301">
        <ele>1065.335378</ele>
        <time>2026-08-21T10:01:30.739Z</time>
      </trkpt>
      <trkpt lat="46.439401" lon="11.983617">
        <ele>1067.511445</ele>
        <time>2026-08-21T10:01:40.088Z</time>
      </trkpt>
      <trkpt lat="46.439506" lon="11.983694">
        <ele>1068.342280</ele>
        <time>2026-08-21T10:01:43.536Z</time>
      </trkpt>
      <trkpt lat="46.439662" lon="11.983696">
        <ele>1069.444019</ele>
        <time>2026-08-21T10:01:47.811Z</time>
      </trkpt>
      <trkpt lat="46.439822" lon="11.983788">
        <ele>1070.659436</ele>
        <time>2026-08-21T10:01:52.188Z</time>
      </trkpt>
      <trkpt lat="46.439929" lon="11.983939">
        <ele>1071.713490</ele>
        <time>2026-08-21T10:01:55.941Z</time>
      </trkpt>
      <trkpt lat="46.440027" lon="11.984273">
        <ele>1073.480151</ele>
        <time>2026-08-21T10:02:02.127Z</time>
      </trkpt>
      <trkpt lat="46.440071" lon="11.984520">
        <ele>1074.721721</ele>
        <time>2026-08-21T10:02:06.208Z</time>
      </trkpt>
      <trkpt lat="46.440179" lon="11.984669">
        <ele>1075.774117</ele>
        <time>2026-08-21T10:02:09.328Z</time>
      </trkpt>
      <trkpt lat="46.440498" lon="11.984929">
        <ele>1079.055217</ele>
        <time>2026-08-21T10:02:17.081Z</time>
      </trkpt>
      <trkpt lat="46.440783" lon="11.985489">
        <ele>1084.775545</ele>
        <time>2026-08-21T10:02:28.949Z</time>
      </trkpt>
      <trkpt lat="46.440884" lon="11.985586">
        <ele>1086.219727</ele>
        <time>2026-08-21T10:02:32.444Z</time>
      </trkpt>
      <trkpt lat="46.440978" lon="11.985612">
        <ele>1087.360761</ele>
        <time>2026-08-21T10:02:35.420Z</time>
      </trkpt>
      <trkpt lat="46.441883" lon="11.985653">
        <ele>1098.157234</ele>
        <time>2026-08-21T10:03:17.418Z</time>
      </trkpt>
      <trkpt lat="46.442029" lon="11.985611">
        <ele>1100.689758</ele>
        <time>2026-08-21T10:03:25.883Z</time>
      </trkpt>
      <trkpt lat="46.442130" lon="11.985475">
        <ele>1103.424825</ele>
        <time>2026-08-21T10:03:33.769Z</time>
      </trkpt>
      <trkpt lat="46.442276" lon="11.985164">
        <ele>1108.572382</ele>
        <time>2026-08-21T10:03:48.512Z</time>
      </trkpt>
      <trkpt lat="46.442353" lon="11.985110">
        <ele>1110.270017</ele>
        <time>2026-08-21T10:03:53.431Z</time>
      </trkpt>
      <trkpt lat="46.442798" lon="11.985009">
        <ele>1119.211003</ele>
        <time>2026-08-21T10:04:20.006Z</time>
      </trkpt>
      <trkpt lat="46.443020" lon="11.984830">
        <ele>1124.252398</ele>
        <time>2026-08-21T10:04:36.169Z</time>
      </trkpt>
      <trkpt lat="46.443156" lon="11.984781">
        <ele>1127.034063</ele>
        <time>2026-08-21T10:04:45.076Z</time>
      </trkpt>
      <trkpt lat="46.443651" lon="11.984765">
        <ele>1135.889899</ele>
        <time>2026-08-21T10:05:13.871Z</time>
      </trkpt>
      <trkpt lat="46.444080" lon="11.984650">
        <ele>1140.989488</ele>
        <time>2026-08-21T10:05:35.076Z</time>
      </trkpt>
      <trkpt lat="46.444296" lon="11.984634">
        <ele>1143.517687</ele>
        <time>2026-08-21T10:05:44.930Z</time>
      </trkpt>
      <trkpt lat="46.444541" lon="11.984713">
        <ele>1146.451432</ele>
        <time>2026-08-21T10:05:56.157Z</time>
      </trkpt>
      <trkpt lat="46.447462" lon="11.985984">
        <ele>1163.091478</ele>
        <time>2026-08-21T10:06:57.702Z</time>
      </trkpt>
      <trkpt lat="46.447718" lon="11.985977">
        <ele>1162.799972</ele>
        <time>2026-08-21T10:06:59.228Z</time>
      </trkpt>
      <trkpt lat="46.447934" lon="11.985870">
        <ele>1162.540127</ele>
        <time>2026-08-21T10:07:00.598Z</time>
      </trkpt>
      <trkpt lat="46.448384" lon="11.985379">
        <ele>1161.899173</ele>
        <time>2026-08-21T10:07:03.825Z</time>
      </trkpt>
      <trkpt lat="46.448616" lon="11.985081">
        <ele>1161.582031</ele>
        <time>2026-08-21T10:07:05.598Z</time>
      </trkpt>
      <trkpt lat="46.448777" lon="11.984701">
        <ele>1161.560404</ele>
        <time>2026-08-21T10:07:07.856Z</time>
      </trkpt>
      <trkpt lat="46.449104" lon="11.984206">
        <ele>1161.527158</ele>
        <time>2026-08-21T10:07:12.711Z</time>
      </trkpt>
      <trkpt lat="46.449457" lon="11.984002">
        <ele>1161.500423</ele>
        <time>2026-08-21T10:07:18.016Z</time>
      </trkpt>
      <trkpt lat="46.449623" lon="11.983873">
        <ele>1161.487173</ele>
        <time>2026-08-21T10:07:20.881Z</time>
      </trkpt>
      <trkpt lat="46.449814" lon="11.983552">
        <ele>1161.466611</ele>
        <time>2026-08-21T10:07:24.312Z</time>
      </trkpt>
      <trkpt lat="46.450250" lon="11.983106">
        <ele>1160.379939</ele>
        <time>2026-08-21T10:07:28.143Z</time>
      </trkpt>
      <trkpt lat="46.450373" lon="11.982896">
        <ele>1159.878730</ele>
        <time>2026-08-21T10:07:29.419Z</time>
      </trkpt>
      <trkpt lat="46.450415" lon="11.982874">
        <ele>1159.760882</ele>
        <time>2026-08-21T10:07:29.701Z</time>
      </trkpt>
      <trkpt lat="46.450495" lon="11.982830">
        <ele>1159.535088</ele>
        <time>2026-08-21T10:07:30.284Z</time>
      </trkpt>
      <trkpt lat="46.450996" lon="11.982818">
        <ele>1158.212625</ele>
        <time>2026-08-21T10:07:33.420Z</time>
      </trkpt>
      <trkpt lat="46.451887" lon="11.982541">
        <ele>1156.137599</ele>
        <time>2026-08-21T10:07:38.517Z</time>
      </trkpt>
      <trkpt lat="46.452273" lon="11.982460">
        <ele>1155.484326</ele>
        <time>2026-08-21T10:07:40.973Z</time>
      </trkpt>
      <trkpt lat="46.452788" lon="11.982510">
        <ele>1154.619773</ele>
        <time>2026-08-21T10:07:44.803Z</time>
      </trkpt>
      <trkpt lat="46.452928" lon="11.982453">
        <ele>1154.376222</ele>
        <time>2026-08-21T10:07:45.998Z</time>
      </trkpt>
      <trkpt lat="46.453069" lon="11.982242">
        <ele>1154.037006</ele>
        <time>2026-08-21T10:07:47.754Z</time>
      </trkpt>
      <trkpt lat="46.453184" lon="11.981988">
        <ele>1153.710571</ele>
        <time>2026-08-21T10:07:49.763Z</time>
      </trkpt>
      <trkpt lat="46.453308" lon="11.981796">
        <ele>1154.038663</ele>
        <time>2026-08-21T10:07:51.958Z</time>
      </trkpt>
      <trkpt lat="46.453867" lon="11.981351">
        <ele>1155.192352</ele>
        <time>2026-08-21T10:08:01.895Z</time>
      </trkpt>
      <trkpt lat="46.454030" lon="11.981188">
        <ele>1155.550534</ele>
        <time>2026-08-21T10:08:05.099Z</time>
      </trkpt>
      <trkpt lat="46.454075" lon="11.981132">
        <ele>1155.657794</ele>
        <time>2026-08-21T10:08:06.080Z</time>
      </trkpt>
      <trkpt lat="46.454142" lon="11.981053">
        <ele>1155.813996</ele>
        <time>2026-08-21T10:08:07.453Z</time>
      </trkpt>
      <trkpt lat="46.454402" lon="11.980759">
        <ele>1156.410398</ele>
        <time>2026-08-21T10:08:12.152Z</time>
      </trkpt>
      <trkpt lat="46.454529" lon="11.980665">
        <ele>1156.668365</ele>
        <time>2026-08-21T10:08:13.987Z</time>
      </trkpt>
      <trkpt lat="46.455112" lon="11.980379">
        <ele>1156.158080</ele>
        <time>2026-08-21T10:08:20.810Z</time>
      </trkpt>
      <trkpt lat="46.456015" lon="11.980387">
        <ele>1154.592252</ele>
        <time>2026-08-21T10:08:26.308Z</time>
      </trkpt>
      <trkpt lat="46.456413" lon="11.980678">
        <ele>1153.837783</ele>
        <time>2026-08-21T10:08:29.013Z</time>
      </trkpt>
      <trkpt lat="46.456952" lon="11.980758">
        <ele>1154.094262</ele>
        <time>2026-08-21T10:08:32.670Z</time>
      </trkpt>
      <trkpt lat="46.457421" lon="11.980404">
        <ele>1154.344495</ele>
        <time>2026-08-21T10:08:36.385Z</time>
      </trkpt>
      <trkpt lat="46.457664" lon="11.980287">
        <ele>1154.465688</ele>
        <time>2026-08-21T10:08:39.671Z</time>
      </trkpt>
      <trkpt lat="46.457724" lon="11.980257">
        <ele>1154.495728</ele>
        <time>2026-08-21T10:08:40.644Z</time>
      </trkpt>
      <trkpt lat="46.458289" lon="11.980016">
        <ele>1155.596952</ele>
        <time>2026-08-21T10:08:53.110Z</time>
      </trkpt>
      <trkpt lat="46.458701" lon="11.979558">
        <ele>1158.107733</ele>
        <time>2026-08-21T10:09:04.170Z</time>
      </trkpt>
      <trkpt lat="46.458953" lon="11.978982">
        <ele>1160.382020</ele>
        <time>2026-08-21T10:09:12.594Z</time>
      </trkpt>
      <trkpt lat="46.459236" lon="11.978605">
        <ele>1162.240459</ele>
        <time>2026-08-21T10:09:19.111Z</time>
      </trkpt>
      <trkpt lat="46.459768" lon="11.978126">
        <ele>1166.033669</ele>
        <time>2026-08-21T10:09:34.680Z</time>
      </trkpt>
      <trkpt lat="46.460043" lon="11.977837">
        <ele>1168.343505</ele>
        <time>2026-08-21T10:09:46.100Z</time>
      </trkpt>
      <trkpt lat="46.460107" lon="11.977673">
        <ele>1169.226910</ele>
        <time>2026-08-21T10:09:51.089Z</time>
      </trkpt>
      <trkpt lat="46.460332" lon="11.976209">
        <ele>1175.244591</ele>
        <time>2026-08-21T10:10:19.902Z</time>
      </trkpt>
      <trkpt lat="46.460372" lon="11.976075">
        <ele>1174.832218</ele>
        <time>2026-08-21T10:10:21.594Z</time>
      </trkpt>
      <trkpt lat="46.461245" lon="11.974919">
        <ele>1169.988609</ele>
        <time>2026-08-21T10:10:28.076Z</time>
      </trkpt>
      <trkpt lat="46.461284" lon="11.974780">
        <ele>1169.564813</ele>
        <time>2026-08-21T10:10:28.601Z</time>
      </trkpt>
      <trkpt lat="46.461252" lon="11.974270">
        <ele>1168.214344</ele>
        <time>2026-08-21T10:10:30.434Z</time>
      </trkpt>
      <trkpt lat="46.461314" lon="11.974018">
        <ele>1167.999051</ele>
        <time>2026-08-21T10:10:31.433Z</time>
      </trkpt>
      <trkpt lat="46.461488" lon="11.973749">
        <ele>1167.702163</ele>
        <time>2026-08-21T10:10:32.914Z</time>
      </trkpt>
      <trkpt lat="46.461572" lon="11.973539">
        <ele>1167.506786</ele>
        <time>2026-08-21T10:10:34.040Z</time>
      </trkpt>
      <trkpt lat="46.461676" lon="11.972730">
        <ele>1166.844663</ele>
        <time>2026-08-21T10:10:40.829Z</time>
      </trkpt>
      <trkpt lat="46.461721" lon="11.972184">
        <ele>1166.402243</ele>
        <time>2026-08-21T10:10:46.353Z</time>
      </trkpt>
      <trkpt lat="46.461724" lon="11.971649">
        <ele>1165.849580</ele>
        <time>2026-08-21T10:10:50.912Z</time>
      </trkpt>
      <trkpt lat="46.461737" lon="11.971387">
        <ele>1165.494621</ele>
        <time>2026-08-21T10:10:52.915Z</time>
      </trkpt>
      <trkpt lat="46.461829" lon="11.971077">
        <ele>1165.038494</ele>
        <time>2026-08-21T10:10:55.286Z</time>
      </trkpt>
      <trkpt lat="46.461943" lon="11.970902">
        <ele>1164.713018</ele>
        <time>2026-08-21T10:10:56.657Z</time>
      </trkpt>
      <trkpt lat="46.462062" lon="11.970819">
        <ele>1164.454029</ele>
        <time>2026-08-21T10:10:57.643Z</time>
      </trkpt>
      <trkpt lat="46.462229" lon="11.970766">
        <ele>1164.118686</ele>
        <time>2026-08-21T10:10:58.811Z</time>
      </trkpt>
      <trkpt lat="46.462976" lon="11.970848">
        <ele>1162.649104</ele>
        <time>2026-08-21T10:11:03.164Z</time>
      </trkpt>
      <trkpt lat="46.463384" lon="11.970791">
        <ele>1160.780644</ele>
        <time>2026-08-21T10:11:05.383Z</time>
      </trkpt>
      <trkpt lat="46.463613" lon="11.970833">
        <ele>1159.708505</ele>
        <time>2026-08-21T10:11:06.618Z</time>
      </trkpt>
      <trkpt lat="46.464815" lon="11.971435">
        <ele>1154.590395</ele>
        <time>2026-08-21T10:11:13.830Z</time>
      </trkpt>
      <trkpt lat="46.465139" lon="11.971439">
        <ele>1155.628879</ele>
        <time>2026-08-21T10:11:17.358Z</time>
      </trkpt>
      <trkpt lat="46.465421" lon="11.971295">
        <ele>1156.586990</ele>
        <time>2026-08-21T10:11:22.522Z</time>
      </trkpt>
      <trkpt lat="46.465748" lon="11.971041">
        <ele>1157.775629</ele>
        <time>2026-08-21T10:11:30.420Z</time>
      </trkpt>
      <trkpt lat="46.466005" lon="11.970744">
        <ele>1158.828428</ele>
        <time>2026-08-21T10:11:38.504Z</time>
      </trkpt>
      <trkpt lat="46.466211" lon="11.970436">
        <ele>1159.776189</ele>
        <time>2026-08-21T10:11:46.019Z</time>
      </trkpt>
      <trkpt lat="46.466669" lon="11.969875">
        <ele>1161.552767</ele>
        <time>2026-08-21T10:11:58.819Z</time>
      </trkpt>
      <trkpt lat="46.467046" lon="11.969651">
        <ele>1162.745326</ele>
        <time>2026-08-21T10:12:05.313Z</time>
      </trkpt>
      <trkpt lat="46.467124" lon="11.969577">
        <ele>1163.018110</ele>
        <time>2026-08-21T10:12:06.484Z</time>
      </trkpt>
      <trkpt lat="46.467685" lon="11.968453">
        <ele>1165.776449</ele>
        <time>2026-08-21T10:12:16.307Z</time>
      </trkpt>
      <trkpt lat="46.467998" lon="11.967947">
        <ele>1167.040177</ele>
        <time>2026-08-21T10:12:24.356Z</time>
      </trkpt>
      <trkpt lat="46.468111" lon="11.967608">
        <ele>1167.739968</ele>
        <time>2026-08-21T10:12:29.196Z</time>
      </trkpt>
      <trkpt lat="46.468166" lon="11.966730">
        <ele>1169.378124</ele>
        <time>2026-08-21T10:12:39.552Z</time>
      </trkpt>
      <trkpt lat="46.468235" lon="11.966375">
        <ele>1170.063515</ele>
        <time>2026-08-21T10:12:43.883Z</time>
      </trkpt>
      <trkpt lat="46.468715" lon="11.965237">
        <ele>1168.612152</ele>
        <time>2026-08-21T10:12:55.003Z</time>
      </trkpt>
      <trkpt lat="46.468803" lon="11.965092">
        <ele>1168.381005</ele>
        <time>2026-08-21T10:12:55.862Z</time>
      </trkpt>
      <trkpt lat="46.469150" lon="11.964711">
        <ele>1167.625524</ele>
        <time>2026-08-21T10:12:58.435Z</time>
      </trkpt>
      <trkpt lat="46.469286" lon="11.964525">
        <ele>1167.301079</ele>
        <time>2026-08-21T10:12:59.458Z</time>
      </trkpt>
      <trkpt lat="46.469703" lon="11.963843">
        <ele>1163.814549</ele>
        <time>2026-08-21T10:13:02.804Z</time>
      </trkpt>
      <trkpt lat="46.469851" lon="11.963733">
        <ele>1162.679992</ele>
        <time>2026-08-21T10:13:03.688Z</time>
      </trkpt>
      <trkpt lat="46.469971" lon="11.963764">
        <ele>1161.848273</ele>
        <time>2026-08-21T10:13:04.333Z</time>
      </trkpt>
      <trkpt lat="46.470047" lon="11.963833">
        <ele>1161.236620</ele>
        <time>2026-08-21T10:13:04.805Z</time>
      </trkpt>
      <trkpt lat="46.470157" lon="11.964019">
        <ele>1160.084409</ele>
        <time>2026-08-21T10:13:05.694Z</time>
      </trkpt>
      <trkpt lat="46.470175" lon="11.964127">
        <ele>1159.562181</ele>
        <time>2026-08-21T10:13:06.105Z</time>
      </trkpt>
      <trkpt lat="46.470166" lon="11.964252">
        <ele>1158.971506</ele>
        <time>2026-08-21T10:13:06.556Z</time>
      </trkpt>
      <trkpt lat="46.469728" lon="11.965457">
        <ele>1155.122167</ele>
        <time>2026-08-21T10:13:11.686Z</time>
      </trkpt>
      <trkpt lat="46.469650" lon="11.965621">
        <ele>1155.279668</ele>
        <time>2026-08-21T10:13:12.755Z</time>
      </trkpt>
      <trkpt lat="46.469464" lon="11.965871">
        <ele>1155.570493</ele>
        <time>2026-08-21T10:13:14.918Z</time>
      </trkpt>
      <trkpt lat="46.469449" lon="11.965933">
        <ele>1155.622425</ele>
        <time>2026-08-21T10:13:15.307Z</time>
      </trkpt>
      <trkpt lat="46.469467" lon="11.966054">
        <ele>1155.720252</ele>
        <time>2026-08-21T10:13:16.227Z</time>
      </trkpt>
      <trkpt lat="46.469740" lon="11.966489">
        <ele>1156.185325</ele>
        <time>2026-08-21T10:13:21.925Z</time>
      </trkpt>
      <trkpt lat="46.469798" lon="11.966494">
        <ele>1156.251992</ele>
        <time>2026-08-21T10:13:23.070Z</time>
      </trkpt>
      <trkpt lat="46.469821" lon="11.966481">
        <ele>1156.280312</ele>
        <time>2026-08-21T10:13:23.588Z</time>
      </trkpt>
      <trkpt lat="46.469845" lon="11.966390">
        <ele>1156.357317</ele>
        <time>2026-08-21T10:13:24.818Z</time>
      </trkpt>
      <trkpt lat="46.469792" lon="11.965965">
        <ele>1156.698638</ele>
        <time>2026-08-21T10:13:31.729Z</time>
      </trkpt>
      <trkpt lat="46.469866" lon="11.965718">
        <ele>1157.495875</ele>
        <time>2026-08-21T10:13:36.723Z</time>
      </trkpt>
      <trkpt lat="46.470042" lon="11.965415">
        <ele>1159.772553</ele>
        <time>2026-08-21T10:13:45.204Z</time>
      </trkpt>
      <trkpt lat="46.470744" lon="11.964583">
        <ele>1167.329756</ele>
        <time>2026-08-21T10:14:12.097Z</time>
      </trkpt>
      <trkpt lat="46.470812" lon="11.964553">
        <ele>1167.922452</ele>
        <time>2026-08-21T10:14:14.251Z</time>
      </trkpt>
      <trkpt lat="46.470888" lon="11.964598">
        <ele>1168.606940</ele>
        <time>2026-08-21T10:14:16.640Z</time>
      </trkpt>
      <trkpt lat="46.470913" lon="11.964696">
        <ele>1169.207194</ele>
        <time>2026-08-21T10:14:18.857Z</time>
      </trkpt>
      <trkpt lat="46.470891" lon="11.964790">
        <ele>1169.777425</ele>
        <time>2026-08-21T10:14:20.909Z</time>
      </trkpt>
      <trkpt lat="46.470790" lon="11.964985">
        <ele>1171.178827</ele>
        <time>2026-08-21T10:14:26.122Z</time>
      </trkpt>
      <trkpt lat="46.470702" lon="11.965283">
        <ele>1173.034720</ele>
        <time>2026-08-21T10:14:33.015Z</time>
      </trkpt>
      <trkpt lat="46.470654" lon="11.965564">
        <ele>1174.688858</ele>
        <time>2026-08-21T10:14:39.032Z</time>
      </trkpt>
      <trkpt lat="46.470643" lon="11.965989">
        <ele>1177.118813</ele>
        <time>2026-08-21T10:14:47.681Z</time>
      </trkpt>
      <trkpt lat="46.470696" lon="11.966214">
        <ele>1178.477461</ele>
        <time>2026-08-21T10:14:52.088Z</time>
      </trkpt>
      <trkpt lat="46.470772" lon="11.966377">
        <ele>1179.602104</ele>
        <time>2026-08-21T10:14:55.573Z</time>
      </trkpt>
      <trkpt lat="46.471071" lon="11.967016">
        <ele>1184.015914</ele>
        <time>2026-08-21T10:15:10.986Z</time>
      </trkpt>
      <trkpt lat="46.471124" lon="11.967277">
        <ele>1185.570594</ele>
        <time>2026-08-21T10:15:16.776Z</time>
      </trkpt>
      <trkpt lat="46.471124" lon="11.967598">
        <ele>1187.197028</ele>
        <time>2026-08-21T10:15:23.512Z</time>
      </trkpt>
      <trkpt lat="46.471055" lon="11.968037">
        <ele>1188.966859</ele>
        <time>2026-08-21T10:15:32.098Z</time>
      </trkpt>
      <trkpt lat="46.471016" lon="11.968583">
        <ele>1191.124399</ele>
        <time>2026-08-21T10:15:40.813Z</time>
      </trkpt>
      <trkpt lat="46.471026" lon="11.968800">
        <ele>1191.979216</ele>
        <time>2026-08-21T10:15:43.839Z</time>
      </trkpt>
      <trkpt lat="46.471094" lon="11.969101">
        <ele>1193.224304</ele>
        <time>2026-08-21T10:15:48.105Z</time>
      </trkpt>
      <trkpt lat="46.471089" lon="11.969335">
        <ele>1194.144472</ele>
        <time>2026-08-21T10:15:51.145Z</time>
      </trkpt>
      <trkpt lat="46.471007" lon="11.969672">
        <ele>1195.549271</ele>
        <time>2026-08-21T10:15:55.810Z</time>
      </trkpt>
      <trkpt lat="46.470838" lon="11.970208">
        <ele>1197.819391</ele>
        <time>2026-08-21T10:16:03.802Z</time>
      </trkpt>
      <trkpt lat="46.470831" lon="11.970313">
        <ele>1198.211473</ele>
        <time>2026-08-21T10:16:05.254Z</time>
      </trkpt>
      <trkpt lat="46.470863" lon="11.970422">
        <ele>1198.651869</ele>
        <time>2026-08-21T10:16:06.885Z</time>
      </trkpt>
      <trkpt lat="46.470930" lon="11.970493">
        <ele>1199.099496</ele>
        <time>2026-08-21T10:16:08.565Z</time>
      </trkpt>
      <trkpt lat="46.471012" lon="11.970504">
        <ele>1199.543899</ele>
        <time>2026-08-21T10:16:10.236Z</time>
      </trkpt>
      <trkpt lat="46.471078" lon="11.970462">
        <ele>1199.932779</ele>
        <time>2026-08-21T10:16:11.730Z</time>
      </trkpt>
      <trkpt lat="46.471128" lon="11.970370">
        <ele>1200.368359</ele>
        <time>2026-08-21T10:16:13.412Z</time>
      </trkpt>
      <trkpt lat="46.471234" lon="11.969676">
        <ele>1203.010433</ele>
        <time>2026-08-21T10:16:24.694Z</time>
      </trkpt>
      <trkpt lat="46.471631" lon="11.968891">
        <ele>1206.630172</ele>
        <time>2026-08-21T10:16:39.753Z</time>
      </trkpt>
      <trkpt lat="46.471705" lon="11.968665">
        <ele>1207.728498</ele>
        <time>2026-08-21T10:16:43.694Z</time>
      </trkpt>
      <trkpt lat="46.471718" lon="11.968274">
        <ele>1209.471532</ele>
        <time>2026-08-21T10:16:50.113Z</time>
      </trkpt>
      <trkpt lat="46.471679" lon="11.968089">
        <ele>1210.333008</ele>
        <time>2026-08-21T10:16:53.404Z</time>
      </trkpt>
      <trkpt lat="46.471629" lon="11.967761">
        <ele>1211.828843</ele>
        <time>2026-08-21T10:16:59.253Z</time>
      </trkpt>
      <trkpt lat="46.471640" lon="11.967153">
        <ele>1214.537024</ele>
        <time>2026-08-21T10:17:09.968Z</time>
      </trkpt>
      <trkpt lat="46.471809" lon="11.966665">
        <ele>1216.969185</ele>
        <time>2026-08-21T10:17:19.082Z</time>
      </trkpt>
      <trkpt lat="46.471857" lon="11.966452">
        <ele>1217.967089</ele>
        <time>2026-08-21T10:17:22.807Z</time>
      </trkpt>
      <trkpt lat="46.471876" lon="11.966204">
        <ele>1218.968372</ele>
        <time>2026-08-21T10:17:27.205Z</time>
      </trkpt>
      <trkpt lat="46.471913" lon="11.965806">
        <ele>1220.490891</ele>
        <time>2026-08-21T10:17:34.378Z</time>
      </trkpt>
      <trkpt lat="46.472009" lon="11.965435">
        <ele>1221.993362</ele>
        <time>2026-08-21T10:17:40.868Z</time>
      </trkpt>
      <trkpt lat="46.471999" lon="11.965176">
        <ele>1222.976782</ele>
        <time>2026-08-21T10:17:44.855Z</time>
      </trkpt>
      <trkpt lat="46.471945" lon="11.964905">
        <ele>1224.046290</ele>
        <time>2026-08-21T10:17:49.003Z</time>
      </trkpt>
      <trkpt lat="46.471926" lon="11.964604">
        <ele>1225.192175</ele>
        <time>2026-08-21T10:17:53.218Z</time>
      </trkpt>
      <trkpt lat="46.471960" lon="11.964095">
        <ele>1227.130869</ele>
        <time>2026-08-21T10:18:00.000Z</time>
      </trkpt>
      <trkpt lat="46.472083" lon="11.963705">
        <ele>1229.025342</ele>
        <time>2026-08-21T10:18:05.290Z</time>
      </trkpt>
      <trkpt lat="46.472090" lon="11.963614">
        <ele>1229.552620</ele>
        <time>2026-08-21T10:18:06.427Z</time>
      </trkpt>
      <trkpt lat="46.472046" lon="11.963242">
        <ele>1231.726129</ele>
        <time>2026-08-21T10:18:11.877Z</time>
      </trkpt>
      <trkpt lat="46.472103" lon="11.963122">
        <ele>1232.565557</ele>
        <time>2026-08-21T10:18:14.385Z</time>
      </trkpt>
      <trkpt lat="46.472168" lon="11.963092">
        <ele>1233.135834</ele>
        <time>2026-08-21T10:18:16.156Z</time>
      </trkpt>
      <trkpt lat="46.472247" lon="11.963126">
        <ele>1233.824778</ele>
        <time>2026-08-21T10:18:18.344Z</time>
      </trkpt>
      <trkpt lat="46.472292" lon="11.963204">
        <ele>1234.410706</ele>
        <time>2026-08-21T10:18:20.303Z</time>
      </trkpt>
      <trkpt lat="46.472319" lon="11.963440">
        <ele>1235.788319</ele>
        <time>2026-08-21T10:18:25.147Z</time>
      </trkpt>
      <trkpt lat="46.472245" lon="11.964009">
        <ele>1239.122777</ele>
        <time>2026-08-21T10:18:37.858Z</time>
      </trkpt>
      <trkpt lat="46.472248" lon="11.964367">
        <ele>1241.184451</ele>
        <time>2026-08-21T10:18:46.227Z</time>
      </trkpt>
      <trkpt lat="46.472290" lon="11.964939">
        <ele>1244.863070</ele>
        <time>2026-08-21T10:19:01.633Z</time>
      </trkpt>
      <trkpt lat="46.472420" lon="11.965576">
        <ele>1249.838821</ele>
        <time>2026-08-21T10:19:19.152Z</time>
      </trkpt>
      <trkpt lat="46.472472" lon="11.965976">
        <ele>1252.887449</ele>
        <time>2026-08-21T10:19:29.053Z</time>
      </trkpt>
      <trkpt lat="46.472653" lon="11.966236">
        <ele>1255.656169</ele>
        <time>2026-08-21T10:19:37.552Z</time>
      </trkpt>
      <trkpt lat="46.472700" lon="11.966440">
        <ele>1257.267206</ele>
        <time>2026-08-21T10:19:42.380Z</time>
      </trkpt>
      <trkpt lat="46.472696" lon="11.966552">
        <ele>1258.107133</ele>
        <time>2026-08-21T10:19:44.683Z</time>
      </trkpt>
      <trkpt lat="46.472649" lon="11.966748">
        <ele>1259.661467</ele>
        <time>2026-08-21T10:19:49.386Z</time>
      </trkpt>
      <trkpt lat="46.472410" lon="11.967102">
        <ele>1263.396204</ele>
        <time>2026-08-21T10:20:01.320Z</time>
      </trkpt>
      <trkpt lat="46.472388" lon="11.967287">
        <ele>1264.860183</ele>
        <time>2026-08-21T10:20:05.967Z</time>
      </trkpt>
      <trkpt lat="46.472717" lon="11.968147">
        <ele>1272.531620</ele>
        <time>2026-08-21T10:20:28.798Z</time>
      </trkpt>
      <trkpt lat="46.472842" lon="11.968305">
        <ele>1274.408107</ele>
        <time>2026-08-21T10:20:34.955Z</time>
      </trkpt>
      <trkpt lat="46.472999" lon="11.968442">
        <ele>1276.482089</ele>
        <time>2026-08-21T10:20:42.073Z</time>
      </trkpt>
      <trkpt lat="46.473043" lon="11.968527">
        <ele>1277.311268</ele>
        <time>2026-08-21T10:20:45.026Z</time>
      </trkpt>
      <trkpt lat="46.473073" lon="11.968765">
        <ele>1279.198000</ele>
        <time>2026-08-21T10:20:51.872Z</time>
      </trkpt>
      <trkpt lat="46.472976" lon="11.969342">
        <ele>1283.713532</ele>
        <time>2026-08-21T10:21:08.048Z</time>
      </trkpt>
      <trkpt lat="46.472974" lon="11.969487">
        <ele>1284.634833</ele>
        <time>2026-08-21T10:21:11.814Z</time>
      </trkpt>
      <trkpt lat="46.473029" lon="11.969719">
        <ele>1286.193492</ele>
        <time>2026-08-21T10:21:17.978Z</time>
      </trkpt>
      <trkpt lat="46.473136" lon="11.969864">
        <ele>1287.543513</ele>
        <time>2026-08-21T10:21:23.017Z</time>
      </trkpt>
      <trkpt lat="46.473216" lon="11.969913">
        <ele>1288.344397</ele>
        <time>2026-08-21T10:21:25.886Z</time>
      </trkpt>
      <trkpt lat="46.473457" lon="11.969906">
        <ele>1290.567823</ele>
        <time>2026-08-21T10:21:33.276Z</time>
      </trkpt>
      <trkpt lat="46.473536" lon="11.969929">
        <ele>1291.311021</ele>
        <time>2026-08-21T10:21:35.638Z</time>
      </trkpt>
      <trkpt lat="46.473671" lon="11.970032">
        <ele>1292.717695</ele>
        <time>2026-08-21T10:21:39.952Z</time>
      </trkpt>
      <trkpt lat="46.473731" lon="11.970104">
        <ele>1293.435670</ele>
        <time>2026-08-21T10:21:42.111Z</time>
      </trkpt>
      <trkpt lat="46.473816" lon="11.970290">
        <ele>1294.853692</ele>
        <time>2026-08-21T10:21:46.417Z</time>
      </trkpt>
      <trkpt lat="46.473923" lon="11.970733">
        <ele>1297.835872</ele>
        <time>2026-08-21T10:21:55.722Z</time>
      </trkpt>
      <trkpt lat="46.473961" lon="11.970813">
        <ele>1298.453220</ele>
        <time>2026-08-21T10:21:57.583Z</time>
      </trkpt>
      <trkpt lat="46.474014" lon="11.970879">
        <ele>1299.097249</ele>
        <time>2026-08-21T10:21:59.504Z</time>
      </trkpt>
      <trkpt lat="46.474423" lon="11.971055">
        <ele>1301.866396</ele>
        <time>2026-08-21T10:22:10.664Z</time>
      </trkpt>
      <trkpt lat="46.474477" lon="11.971164">
        <ele>1302.412253</ele>
        <time>2026-08-21T10:22:13.012Z</time>
      </trkpt>
      <trkpt lat="46.474554" lon="11.971526">
        <ele>1303.952473</ele>
        <time>2026-08-21T10:22:19.523Z</time>
      </trkpt>
      <trkpt lat="46.474781" lon="11.971725">
        <ele>1305.517724</ele>
        <time>2026-08-21T10:22:25.569Z</time>
      </trkpt>
      <trkpt lat="46.474858" lon="11.971837">
        <ele>1306.161077</ele>
        <time>2026-08-21T10:22:27.906Z</time>
      </trkpt>
      <trkpt lat="46.474958" lon="11.972146">
        <ele>1307.549020</ele>
        <time>2026-08-21T10:22:32.900Z</time>
      </trkpt>
      <trkpt lat="46.474987" lon="11.972659">
        <ele>1309.641497</ele>
        <time>2026-08-21T10:22:40.416Z</time>
      </trkpt>
      <trkpt lat="46.475062" lon="11.973044">
        <ele>1311.194408</ele>
        <time>2026-08-21T10:22:45.771Z</time>
      </trkpt>
      <trkpt lat="46.475125" lon="11.973673">
        <ele>1313.556161</ele>
        <time>2026-08-21T10:22:53.936Z</time>
      </trkpt>
      <trkpt lat="46.475317" lon="11.974322">
        <ele>1316.180726</ele>
        <time>2026-08-21T10:23:03.363Z</time>
      </trkpt>
      <trkpt lat="46.475405" lon="11.974369">
        <ele>1316.686624</ele>
        <time>2026-08-21T10:23:05.219Z</time>
      </trkpt>
      <trkpt lat="46.475476" lon="11.974291">
        <ele>1317.166982</ele>
        <time>2026-08-21T10:23:07.046Z</time>
      </trkpt>
      <trkpt lat="46.475465" lon="11.974140">
        <ele>1317.731177</ele>
        <time>2026-08-21T10:23:09.250Z</time>
      </trkpt>
      <trkpt lat="46.475324" lon="11.973886">
        <ele>1318.943394</ele>
        <time>2026-08-21T10:23:14.356Z</time>
      </trkpt>
      <trkpt lat="46.475270" lon="11.973636">
        <ele>1319.916931</ele>
        <time>2026-08-21T10:23:18.973Z</time>
      </trkpt>
      <trkpt lat="46.475294" lon="11.973322">
        <ele>1322.028812</ele>
        <time>2026-08-21T10:23:25.118Z</time>
      </trkpt>
      <trkpt lat="46.475284" lon="11.972484">
        <ele>1328.140716</ele>
        <time>2026-08-21T10:23:44.566Z</time>
      </trkpt>
      <trkpt lat="46.475357" lon="11.971980">
        <ele>1331.896466</ele>
        <time>2026-08-21T10:23:58.180Z</time>
      </trkpt>
      <trkpt lat="46.475128" lon="11.971116">
        <ele>1338.647585</ele>
        <time>2026-08-21T10:24:22.981Z</time>
      </trkpt>
      <trkpt lat="46.475066" lon="11.970354">
        <ele>1343.574351</ele>
        <time>2026-08-21T10:24:41.658Z</time>
      </trkpt>
      <trkpt lat="46.474987" lon="11.970135">
        <ele>1345.139936</ele>
        <time>2026-08-21T10:24:47.145Z</time>
      </trkpt>
      <trkpt lat="46.474685" lon="11.969819">
        <ele>1348.562849</ele>
        <time>2026-08-21T10:24:58.399Z</time>
      </trkpt>
      <trkpt lat="46.474642" lon="11.969705">
        <ele>1349.385964</ele>
        <time>2026-08-21T10:25:00.890Z</time>
      </trkpt>
      <trkpt lat="46.474592" lon="11.969279">
        <ele>1352.122584</ele>
        <time>2026-08-21T10:25:09.121Z</time>
      </trkpt>
      <trkpt lat="46.474464" lon="11.968841">
        <ele>1355.135702</ele>
        <time>2026-08-21T10:25:17.930Z</time>
      </trkpt>
      <trkpt lat="46.474472" lon="11.968616">
        <ele>1356.583748</ele>
        <time>2026-08-21T10:25:22.100Z</time>
      </trkpt>
      <trkpt lat="46.474575" lon="11.968180">
        <ele>1359.574932</ele>
        <time>2026-08-21T10:25:30.777Z</time>
      </trkpt>
      <trkpt lat="46.474514" lon="11.967633">
        <ele>1363.170829</ele>
        <time>2026-08-21T10:25:42.045Z</time>
      </trkpt>
      <trkpt lat="46.474559" lon="11.966817">
        <ele>1368.483068</ele>
        <time>2026-08-21T10:26:01.844Z</time>
      </trkpt>
      <trkpt lat="46.474538" lon="11.966269">
        <ele>1372.044719</ele>
        <time>2026-08-21T10:26:14.859Z</time>
      </trkpt>
      <trkpt lat="46.474552" lon="11.966170">
        <ele>1372.701305</ele>
        <time>2026-08-21T10:26:17.159Z</time>
      </trkpt>
      <trkpt lat="46.474581" lon="11.966123">
        <ele>1373.116804</ele>
        <time>2026-08-21T10:26:18.607Z</time>
      </trkpt>
      <trkpt lat="46.474650" lon="11.966105">
        <ele>1373.787056</ele>
        <time>2026-08-21T10:26:21.077Z</time>
      </trkpt>
      <trkpt lat="46.474705" lon="11.966195">
        <ele>1374.579306</ele>
        <time>2026-08-21T10:26:23.690Z</time>
      </trkpt>
      <trkpt lat="46.474706" lon="11.966704">
        <ele>1377.930696</ele>
        <time>2026-08-21T10:26:35.469Z</time>
      </trkpt>
      <trkpt lat="46.475025" lon="11.968182">
        <ele>1388.128895</ele>
        <time>2026-08-21T10:27:09.494Z</time>
      </trkpt>
      <trkpt lat="46.475245" lon="11.968838">
        <ele>1392.112701</ele>
        <time>2026-08-21T10:27:23.898Z</time>
      </trkpt>
      <trkpt lat="46.475590" lon="11.969440">
        <ele>1395.898812</ele>
        <time>2026-08-21T10:27:39.159Z</time>
      </trkpt>
      <trkpt lat="46.475798" lon="11.970032">
        <ele>1399.111635</ele>
        <time>2026-08-21T10:27:51.574Z</time>
      </trkpt>
      <trkpt lat="46.475967" lon="11.970735">
        <ele>1402.541632</ele>
        <time>2026-08-21T10:28:03.581Z</time>
      </trkpt>
      <trkpt lat="46.476244" lon="11.971607">
        <ele>1403.886772</ele>
        <time>2026-08-21T10:28:12.834Z</time>
      </trkpt>
      <trkpt lat="46.476271" lon="11.971757">
        <ele>1404.103943</ele>
        <time>2026-08-21T10:28:13.720Z</time>
      </trkpt>
      <trkpt lat="46.476289" lon="11.972135">
        <ele>1404.634689</ele>
        <time>2026-08-21T10:28:15.957Z</time>
      </trkpt>
      <trkpt lat="46.476269" lon="11.972843">
        <ele>1405.627252</ele>
        <time>2026-08-21T10:28:22.305Z</time>
      </trkpt>
      <trkpt lat="46.476334" lon="11.973125">
        <ele>1406.043801</ele>
        <time>2026-08-21T10:28:24.191Z</time>
      </trkpt>
      <trkpt lat="46.476438" lon="11.973296">
        <ele>1406.850382</ele>
        <time>2026-08-21T10:28:25.616Z</time>
      </trkpt>
      <trkpt lat="46.476645" lon="11.973551">
        <ele>1408.559499</ele>
        <time>2026-08-21T10:28:29.040Z</time>
      </trkpt>
      <trkpt lat="46.476726" lon="11.973548">
        <ele>1409.069656</ele>
        <time>2026-08-21T10:28:30.380Z</time>
      </trkpt>
      <trkpt lat="46.476802" lon="11.973447">
        <ele>1409.718307</ele>
        <time>2026-08-21T10:28:32.604Z</time>
      </trkpt>
      <trkpt lat="46.476533" lon="11.973259">
        <ele>1411.597933</ele>
        <time>2026-08-21T10:28:39.933Z</time>
      </trkpt>
      <trkpt lat="46.476417" lon="11.973078">
        <ele>1412.670000</ele>
        <time>2026-08-21T10:28:45.076Z</time>
      </trkpt>
      <trkpt lat="46.476380" lon="11.972953">
        <ele>1413.259931</ele>
        <time>2026-08-21T10:28:48.040Z</time>
      </trkpt>
      <trkpt lat="46.476375" lon="11.972676">
        <ele>1414.461386</ele>
        <time>2026-08-21T10:28:54.756Z</time>
      </trkpt>
      <trkpt lat="46.476452" lon="11.971693">
        <ele>1418.712529</ele>
        <time>2026-08-21T10:29:15.038Z</time>
      </trkpt>
      <trkpt lat="46.476408" lon="11.971341">
        <ele>1420.217579</ele>
        <time>2026-08-21T10:29:22.771Z</time>
      </trkpt>
      <trkpt lat="46.476263" lon="11.970714">
        <ele>1423.000112</ele>
        <time>2026-08-21T10:29:35.293Z</time>
      </trkpt>
      <trkpt lat="46.476096" lon="11.969167">
        <ele>1428.835830</ele>
        <time>2026-08-21T10:29:55.294Z</time>
      </trkpt>
      <trkpt lat="46.476031" lon="11.968746">
        <ele>1429.458240</ele>
        <time>2026-08-21T10:29:59.124Z</time>
      </trkpt>
      <trkpt lat="46.475834" lon="11.967546">
        <ele>1431.237867</ele>
        <time>2026-08-21T10:30:10.905Z</time>
      </trkpt>
      <trkpt lat="46.475800" lon="11.967192">
        <ele>1431.753492</ele>
        <time>2026-08-21T10:30:14.210Z</time>
      </trkpt>
      <trkpt lat="46.475873" lon="11.965975">
        <ele>1431.778184</ele>
        <time>2026-08-21T10:30:23.404Z</time>
      </trkpt>
      <trkpt lat="46.475861" lon="11.965506">
        <ele>1431.553455</ele>
        <time>2026-08-21T10:30:26.197Z</time>
      </trkpt>
      <trkpt lat="46.475854" lon="11.965261">
        <ele>1431.436039</ele>
        <time>2026-08-21T10:30:27.403Z</time>
      </trkpt>
      <trkpt lat="46.475870" lon="11.965066">
        <ele>1431.342005</ele>
        <time>2026-08-21T10:30:28.321Z</time>
      </trkpt>
      <trkpt lat="46.476093" lon="11.964012">
        <ele>1431.017516</ele>
        <time>2026-08-21T10:30:33.010Z</time>
      </trkpt>
      <trkpt lat="46.476187" lon="11.963770">
        <ele>1431.069203</ele>
        <time>2026-08-21T10:30:34.211Z</time>
      </trkpt>
      <trkpt lat="46.476576" lon="11.963054">
        <ele>1431.238859</ele>
        <time>2026-08-21T10:30:38.977Z</time>
      </trkpt>
      <trkpt lat="46.476800" lon="11.962817">
        <ele>1431.313727</ele>
        <time>2026-08-21T10:30:42.362Z</time>
      </trkpt>
      <trkpt lat="46.477057" lon="11.962346">
        <ele>1431.425516</ele>
        <time>2026-08-21T10:30:49.254Z</time>
      </trkpt>
      <trkpt lat="46.477816" lon="11.961527">
        <ele>1432.805657</ele>
        <time>2026-08-21T10:31:06.086Z</time>
      </trkpt>
      <trkpt lat="46.478079" lon="11.961171">
        <ele>1433.368598</ele>
        <time>2026-08-21T10:31:10.635Z</time>
      </trkpt>
      <trkpt lat="46.479289" lon="11.959043">
        <ele>1434.398828</ele>
        <time>2026-08-21T10:31:24.267Z</time>
      </trkpt>
      <trkpt lat="46.479933" lon="11.957603">
        <ele>1437.682221</ele>
        <time>2026-08-21T10:31:43.335Z</time>
      </trkpt>
      <trkpt lat="46.480058" lon="11.957296">
        <ele>1438.796448</ele>
        <time>2026-08-21T10:31:47.532Z</time>
      </trkpt>
      <trkpt lat="46.480245" lon="11.956836">
        <ele>1440.465287</ele>
        <time>2026-08-21T10:31:54.858Z</time>
      </trkpt>
      <trkpt lat="46.480267" lon="11.956777">
        <ele>1440.674899</ele>
        <time>2026-08-21T10:31:55.790Z</time>
      </trkpt>
      <trkpt lat="46.480432" lon="11.956342">
        <ele>1442.226424</ele>
        <time>2026-08-21T10:32:03.777Z</time>
      </trkpt>
      <trkpt lat="46.480647" lon="11.955969">
        <ele>1444.820772</ele>
        <time>2026-08-21T10:32:13.381Z</time>
      </trkpt>
      <trkpt lat="46.480791" lon="11.955777">
        <ele>1446.544549</ele>
        <time>2026-08-21T10:32:19.799Z</time>
      </trkpt>
      <trkpt lat="46.480984" lon="11.955521">
        <ele>1448.849416</ele>
        <time>2026-08-21T10:32:28.793Z</time>
      </trkpt>
      <trkpt lat="46.481159" lon="11.955350">
        <ele>1450.709322</ele>
        <time>2026-08-21T10:32:37.365Z</time>
      </trkpt>
      <trkpt lat="46.481271" lon="11.955329">
        <ele>1451.705112</ele>
        <time>2026-08-21T10:32:41.820Z</time>
      </trkpt>
      <trkpt lat="46.481500" lon="11.955393">
        <ele>1453.761437</ele>
        <time>2026-08-21T10:32:50.554Z</time>
      </trkpt>
      <trkpt lat="46.481584" lon="11.955408">
        <ele>1454.507710</ele>
        <time>2026-08-21T10:32:53.456Z</time>
      </trkpt>
      <trkpt lat="46.481619" lon="11.955411">
        <ele>1454.816870</ele>
        <time>2026-08-21T10:32:54.689Z</time>
      </trkpt>
      <trkpt lat="46.482157" lon="11.955389">
        <ele>1458.317788</ele>
        <time>2026-08-21T10:33:08.524Z</time>
      </trkpt>
      <trkpt lat="46.482248" lon="11.955288">
        <ele>1458.180059</ele>
        <time>2026-08-21T10:33:10.518Z</time>
      </trkpt>
      <trkpt lat="46.482261" lon="11.955213">
        <ele>1458.116019</ele>
        <time>2026-08-21T10:33:11.271Z</time>
      </trkpt>
      <trkpt lat="46.482247" lon="11.955113">
        <ele>1458.031521</ele>
        <time>2026-08-21T10:33:12.300Z</time>
      </trkpt>
      <trkpt lat="46.482198" lon="11.955038">
        <ele>1457.945912</ele>
        <time>2026-08-21T10:33:13.243Z</time>
      </trkpt>
      <trkpt lat="46.481960" lon="11.954819">
        <ele>1457.607096</ele>
        <time>2026-08-21T10:33:15.303Z</time>
      </trkpt>
      <trkpt lat="46.481764" lon="11.954652">
        <ele>1457.333828</ele>
        <time>2026-08-21T10:33:16.634Z</time>
      </trkpt>
      <trkpt lat="46.481693" lon="11.954528">
        <ele>1457.200290</ele>
        <time>2026-08-21T10:33:17.270Z</time>
      </trkpt>
      <trkpt lat="46.481635" lon="11.954347">
        <ele>1457.034979</ele>
        <time>2026-08-21T10:33:18.031Z</time>
      </trkpt>
      <trkpt lat="46.481619" lon="11.954278">
        <ele>1456.974691</ele>
        <time>2026-08-21T10:33:18.296Z</time>
      </trkpt>
      <trkpt lat="46.481599" lon="11.954159">
        <ele>1456.873261</ele>
        <time>2026-08-21T10:33:18.753Z</time>
      </trkpt>
      <trkpt lat="46.481594" lon="11.954022">
        <ele>1456.759659</ele>
        <time>2026-08-21T10:33:19.257Z</time>
      </trkpt>
      <trkpt lat="46.481604" lon="11.953919">
        <ele>1456.673526</ele>
        <time>2026-08-21T10:33:19.651Z</time>
      </trkpt>
      <trkpt lat="46.481650" lon="11.953541">
        <ele>1456.355674</ele>
        <time>2026-08-21T10:33:21.116Z</time>
      </trkpt>
      <trkpt lat="46.481738" lon="11.953240">
        <ele>1456.345500</ele>
        <time>2026-08-21T10:33:22.405Z</time>
      </trkpt>
      <trkpt lat="46.481797" lon="11.953118">
        <ele>1456.368705</ele>
        <time>2026-08-21T10:33:23.150Z</time>
      </trkpt>
      <trkpt lat="46.482217" lon="11.952543">
        <ele>1456.499178</ele>
        <time>2026-08-21T10:33:32.369Z</time>
      </trkpt>
      <trkpt lat="46.482427" lon="11.952392">
        <ele>1456.552147</ele>
        <time>2026-08-21T10:33:36.663Z</time>
      </trkpt>
      <trkpt lat="46.483038" lon="11.952166">
        <ele>1456.694669</ele>
        <time>2026-08-21T10:33:44.114Z</time>
      </trkpt>
      <trkpt lat="46.483176" lon="11.952049">
        <ele>1456.605876</ele>
        <time>2026-08-21T10:33:45.193Z</time>
      </trkpt>
      <trkpt lat="46.483211" lon="11.951956">
        <ele>1456.519098</ele>
        <time>2026-08-21T10:33:45.664Z</time>
      </trkpt>
      <trkpt lat="46.483257" lon="11.951835">
        <ele>1456.405930</ele>
        <time>2026-08-21T10:33:46.308Z</time>
      </trkpt>
      <trkpt lat="46.483377" lon="11.950854">
        <ele>1455.590141</ele>
        <time>2026-08-21T10:33:50.741Z</time>
      </trkpt>
      <trkpt lat="46.483423" lon="11.950701">
        <ele>1455.453448</ele>
        <time>2026-08-21T10:33:51.404Z</time>
      </trkpt>
      <trkpt lat="46.483840" lon="11.949846">
        <ele>1454.595584</ele>
        <time>2026-08-21T10:33:56.328Z</time>
      </trkpt>
      <trkpt lat="46.483992" lon="11.949438">
        <ele>1455.198941</ele>
        <time>2026-08-21T10:34:00.193Z</time>
      </trkpt>
      <trkpt lat="46.484299" lon="11.948881">
        <ele>1456.226655</ele>
        <time>2026-08-21T10:34:08.354Z</time>
      </trkpt>
      <trkpt lat="46.484408" lon="11.948680">
        <ele>1456.595195</ele>
        <time>2026-08-21T10:34:11.572Z</time>
      </trkpt>
      <trkpt lat="46.484717" lon="11.948106">
        <ele>1457.644705</ele>
        <time>2026-08-21T10:34:20.830Z</time>
      </trkpt>
      <trkpt lat="46.485129" lon="11.946903">
        <ele>1459.127691</ele>
        <time>2026-08-21T10:34:30.594Z</time>
      </trkpt>
      <trkpt lat="46.485305" lon="11.946609">
        <ele>1459.484999</ele>
        <time>2026-08-21T10:34:33.838Z</time>
      </trkpt>
      <trkpt lat="46.485811" lon="11.945841">
        <ele>1460.459898</ele>
        <time>2026-08-21T10:34:43.390Z</time>
      </trkpt>
      <trkpt lat="46.485955" lon="11.945622">
        <ele>1460.722151</ele>
        <time>2026-08-21T10:34:46.059Z</time>
      </trkpt>
      <trkpt lat="46.486795" lon="11.944756">
        <ele>1459.051663</ele>
        <time>2026-08-21T10:34:56.591Z</time>
      </trkpt>
      <trkpt lat="46.487114" lon="11.944375">
        <ele>1458.381905</ele>
        <time>2026-08-21T10:34:59.289Z</time>
      </trkpt>
      <trkpt lat="46.487618" lon="11.943677">
        <ele>1454.990649</ele>
        <time>2026-08-21T10:35:03.090Z</time>
      </trkpt>
      <trkpt lat="46.487711" lon="11.943456">
        <ele>1453.536046</ele>
        <time>2026-08-21T10:35:04.019Z</time>
      </trkpt>
      <trkpt lat="46.487762" lon="11.943094">
        <ele>1451.460927</ele>
        <time>2026-08-21T10:35:05.333Z</time>
      </trkpt>
      <trkpt lat="46.487758" lon="11.942651">
        <ele>1448.972822</ele>
        <time>2026-08-21T10:35:06.902Z</time>
      </trkpt>
      <trkpt lat="46.487806" lon="11.942239">
        <ele>1446.626136</ele>
        <time>2026-08-21T10:35:08.379Z</time>
      </trkpt>
      <trkpt lat="46.488518" lon="11.940284">
        <ele>1438.143342</ele>
        <time>2026-08-21T10:35:16.603Z</time>
      </trkpt>
      <trkpt lat="46.488965" lon="11.939309">
        <ele>1434.875064</ele>
        <time>2026-08-21T10:35:22.687Z</time>
      </trkpt>
      <trkpt lat="46.489467" lon="11.938211">
        <ele>1434.342195</ele>
        <time>2026-08-21T10:35:30.455Z</time>
      </trkpt>
      <trkpt lat="46.490008" lon="11.937421">
        <ele>1433.891720</ele>
        <time>2026-08-21T10:35:35.681Z</time>
      </trkpt>
      <trkpt lat="46.490251" lon="11.937146">
        <ele>1435.276031</ele>
        <time>2026-08-21T10:35:38.323Z</time>
      </trkpt>
      <trkpt lat="46.490528" lon="11.936950">
        <ele>1436.772279</ele>
        <time>2026-08-21T10:35:41.818Z</time>
      </trkpt>
      <trkpt lat="46.491456" lon="11.935944">
        <ele>1442.395406</ele>
        <time>2026-08-21T10:36:15.290Z</time>
      </trkpt>
      <trkpt lat="46.491558" lon="11.935890">
        <ele>1442.690675</ele>
        <time>2026-08-21T10:36:18.767Z</time>
      </trkpt>
      <trkpt lat="46.492154" lon="11.935840">
        <ele>1443.411078</ele>
        <time>2026-08-21T10:36:28.790Z</time>
      </trkpt>
      <trkpt lat="46.492303" lon="11.935752">
        <ele>1443.605174</ele>
        <time>2026-08-21T10:36:30.816Z</time>
      </trkpt>
      <trkpt lat="46.492405" lon="11.935614">
        <ele>1443.773381</ele>
        <time>2026-08-21T10:36:32.637Z</time>
      </trkpt>
      <trkpt lat="46.492451" lon="11.935525">
        <ele>1443.865837</ele>
        <time>2026-08-21T10:36:33.389Z</time>
      </trkpt>
      <trkpt lat="46.492557" lon="11.934898">
        <ele>1444.402202</ele>
        <time>2026-08-21T10:36:37.667Z</time>
      </trkpt>
      <trkpt lat="46.492647" lon="11.934645">
        <ele>1444.638786</ele>
        <time>2026-08-21T10:36:38.866Z</time>
      </trkpt>
      <trkpt lat="46.493108" lon="11.934004">
        <ele>1444.360943</ele>
        <time>2026-08-21T10:36:42.337Z</time>
      </trkpt>
      <trkpt lat="46.493315" lon="11.933620">
        <ele>1444.086152</ele>
        <time>2026-08-21T10:36:45.048Z</time>
      </trkpt>
      <trkpt lat="46.493668" lon="11.932583">
        <ele>1443.434358</ele>
        <time>2026-08-21T10:36:56.264Z</time>
      </trkpt>
      <trkpt lat="46.493793" lon="11.932330">
        <ele>1443.224242</ele>
        <time>2026-08-21T10:36:58.456Z</time>
      </trkpt>
      <trkpt lat="46.494251" lon="11.931516">
        <ele>1442.248282</ele>
        <time>2026-08-21T10:37:04.536Z</time>
      </trkpt>
      <trkpt lat="46.494429" lon="11.930787">
        <ele>1441.530210</ele>
        <time>2026-08-21T10:37:08.139Z</time>
      </trkpt>
      <trkpt lat="46.494579" lon="11.929840">
        <ele>1440.365210</ele>
        <time>2026-08-21T10:37:12.109Z</time>
      </trkpt>
      <trkpt lat="46.494813" lon="11.929070">
        <ele>1438.790227</ele>
        <time>2026-08-21T10:37:15.613Z</time>
      </trkpt>
      <trkpt lat="46.494802" lon="11.928195">
        <ele>1437.152638</ele>
        <time>2026-08-21T10:37:19.733Z</time>
      </trkpt>
      <trkpt lat="46.495126" lon="11.926941">
        <ele>1433.648769</ele>
        <time>2026-08-21T10:37:25.536Z</time>
      </trkpt>
      <trkpt lat="46.495199" lon="11.925894">
        <ele>1430.226321</ele>
        <time>2026-08-21T10:37:29.560Z</time>
      </trkpt>
      <trkpt lat="46.495421" lon="11.924761">
        <ele>1427.170027</ele>
        <time>2026-08-21T10:37:33.961Z</time>
      </trkpt>
      <trkpt lat="46.495534" lon="11.923474">
        <ele>1425.907235</ele>
        <time>2026-08-21T10:37:39.832Z</time>
      </trkpt>
      <trkpt lat="46.495740" lon="11.922633">
        <ele>1425.038415</ele>
        <time>2026-08-21T10:37:49.268Z</time>
      </trkpt>
      <trkpt lat="46.495984" lon="11.921311">
        <ele>1424.668121</ele>
        <time>2026-08-21T10:37:58.837Z</time>
      </trkpt>
      <trkpt lat="46.496292" lon="11.920540">
        <ele>1424.467234</ele>
        <time>2026-08-21T10:38:02.356Z</time>
      </trkpt>
      <trkpt lat="46.496362" lon="11.920306">
        <ele>1424.409737</ele>
        <time>2026-08-21T10:38:03.788Z</time>
      </trkpt>
      <trkpt lat="46.496431" lon="11.919706">
        <ele>1425.926770</ele>
        <time>2026-08-21T10:38:10.195Z</time>
      </trkpt>
      <trkpt lat="46.496462" lon="11.919610">
        <ele>1426.312591</ele>
        <time>2026-08-21T10:38:11.440Z</time>
      </trkpt>
      <trkpt lat="46.496502" lon="11.919545">
        <ele>1426.629820</ele>
        <time>2026-08-21T10:38:12.776Z</time>
      </trkpt>
      <trkpt lat="46.496605" lon="11.919471">
        <ele>1427.237173</ele>
        <time>2026-08-21T10:38:15.077Z</time>
      </trkpt>
      <trkpt lat="46.496752" lon="11.919500">
        <ele>1428.021276</ele>
        <time>2026-08-21T10:38:18.330Z</time>
      </trkpt>
      <trkpt lat="46.496825" lon="11.919588">
        <ele>1428.522671</ele>
        <time>2026-08-21T10:38:20.722Z</time>
      </trkpt>
      <trkpt lat="46.496933" lon="11.919901">
        <ele>1429.796582</ele>
        <time>2026-08-21T10:38:26.399Z</time>
      </trkpt>
      <trkpt lat="46.497025" lon="11.920077">
        <ele>1430.600660</ele>
        <time>2026-08-21T10:38:30.798Z</time>
      </trkpt>
      <trkpt lat="46.497194" lon="11.920209">
        <ele>1431.614846</ele>
        <time>2026-08-21T10:38:36.896Z</time>
      </trkpt>
      <trkpt lat="46.497407" lon="11.920232">
        <ele>1432.743768</ele>
        <time>2026-08-21T10:38:44.049Z</time>
      </trkpt>
      <trkpt lat="46.497617" lon="11.920166">
        <ele>1433.876786</ele>
        <time>2026-08-21T10:38:51.163Z</time>
      </trkpt>
      <trkpt lat="46.497731" lon="11.919978">
        <ele>1434.108847</ele>
        <time>2026-08-21T10:38:55.335Z</time>
      </trkpt>
      <trkpt lat="46.497800" lon="11.919659">
        <ele>1434.418563</ele>
        <time>2026-08-21T10:38:58.836Z</time>
      </trkpt>
      <trkpt lat="46.497816" lon="11.919351">
        <ele>1434.704659</ele>
        <time>2026-08-21T10:39:00.562Z</time>
      </trkpt>
      <trkpt lat="46.497777" lon="11.918900">
        <ele>1435.125680</ele>
        <time>2026-08-21T10:39:02.649Z</time>
      </trkpt>
      <trkpt lat="46.497620" lon="11.918007">
        <ele>1435.979372</ele>
        <time>2026-08-21T10:39:07.334Z</time>
      </trkpt>
      <trkpt lat="46.497573" lon="11.917521">
        <ele>1436.549270</ele>
        <time>2026-08-21T10:39:10.211Z</time>
      </trkpt>
      <trkpt lat="46.497637" lon="11.916576">
        <ele>1438.164274</ele>
        <time>2026-08-21T10:39:18.974Z</time>
      </trkpt>
      <trkpt lat="46.497746" lon="11.915722">
        <ele>1439.641499</ele>
        <time>2026-08-21T10:39:29.217Z</time>
      </trkpt>
      <trkpt lat="46.497753" lon="11.914561">
        <ele>1442.232236</ele>
        <time>2026-08-21T10:39:43.164Z</time>
      </trkpt>
      <trkpt lat="46.497848" lon="11.913312">
        <ele>1445.872022</ele>
        <time>2026-08-21T10:40:00.092Z</time>
      </trkpt>
      <trkpt lat="46.498022" lon="11.911933">
        <ele>1450.065623</ele>
        <time>2026-08-21T10:40:19.017Z</time>
      </trkpt>
      <trkpt lat="46.498210" lon="11.910889">
        <ele>1453.446728</ele>
        <time>2026-08-21T10:40:31.965Z</time>
      </trkpt>
      <trkpt lat="46.498299" lon="11.910694">
        <ele>1454.179788</ele>
        <time>2026-08-21T10:40:34.341Z</time>
      </trkpt>
      <trkpt lat="46.498559" lon="11.910362">
        <ele>1455.755371</ele>
        <time>2026-08-21T10:40:40.737Z</time>
      </trkpt>
      <trkpt lat="46.498624" lon="11.910217">
        <ele>1456.297516</ele>
        <time>2026-08-21T10:40:43.642Z</time>
      </trkpt>
      <trkpt lat="46.498610" lon="11.909996">
        <ele>1457.180946</ele>
        <time>2026-08-21T10:40:47.780Z</time>
      </trkpt>
      <trkpt lat="46.498462" lon="11.909546">
        <ele>1459.333499</ele>
        <time>2026-08-21T10:40:58.601Z</time>
      </trkpt>
      <trkpt lat="46.498426" lon="11.909316">
        <ele>1460.351549</ele>
        <time>2026-08-21T10:41:03.756Z</time>
      </trkpt>
      <trkpt lat="46.498462" lon="11.908403">
        <ele>1464.298639</ele>
        <time>2026-08-21T10:41:19.786Z</time>
      </trkpt>
      <trkpt lat="46.498417" lon="11.908224">
        <ele>1465.121136</ele>
        <time>2026-08-21T10:41:22.520Z</time>
      </trkpt>
      <trkpt lat="46.498343" lon="11.908097">
        <ele>1465.839293</ele>
        <time>2026-08-21T10:41:25.079Z</time>
      </trkpt>
      <trkpt lat="46.498261" lon="11.908021">
        <ele>1466.449166</ele>
        <time>2026-08-21T10:41:27.312Z</time>
      </trkpt>
      <trkpt lat="46.497774" lon="11.907661">
        <ele>1467.913913</ele>
        <time>2026-08-21T10:41:38.066Z</time>
      </trkpt>
      <trkpt lat="46.497549" lon="11.907444">
        <ele>1468.027943</ele>
        <time>2026-08-21T10:41:41.160Z</time>
      </trkpt>
      <trkpt lat="46.497385" lon="11.907160">
        <ele>1468.135685</ele>
        <time>2026-08-21T10:41:42.885Z</time>
      </trkpt>
      <trkpt lat="46.497265" lon="11.906852">
        <ele>1468.238549</ele>
        <time>2026-08-21T10:41:44.349Z</time>
      </trkpt>
      <trkpt lat="46.497158" lon="11.906482">
        <ele>1468.355194</ele>
        <time>2026-08-21T10:41:46.083Z</time>
      </trkpt>
      <trkpt lat="46.497063" lon="11.905999">
        <ele>1468.501198</ele>
        <time>2026-08-21T10:41:48.285Z</time>
      </trkpt>
      <trkpt lat="46.496912" lon="11.904782">
        <ele>1473.956484</ele>
        <time>2026-08-21T10:42:01.638Z</time>
      </trkpt>
      <trkpt lat="46.496865" lon="11.904410">
        <ele>1475.769619</ele>
        <time>2026-08-21T10:42:09.454Z</time>
      </trkpt>
      <trkpt lat="46.496880" lon="11.904172">
        <ele>1476.915351</ele>
        <time>2026-08-21T10:42:15.342Z</time>
      </trkpt>
      <trkpt lat="46.496942" lon="11.904009">
        <ele>1477.808115</ele>
        <time>2026-08-21T10:42:20.410Z</time>
      </trkpt>
      <trkpt lat="46.497037" lon="11.903845">
        <ele>1478.835637</ele>
        <time>2026-08-21T10:42:26.159Z</time>
      </trkpt>
      <trkpt lat="46.497245" lon="11.903664">
        <ele>1480.524147</ele>
        <time>2026-08-21T10:42:35.642Z</time>
      </trkpt>
      <trkpt lat="46.497411" lon="11.903602">
        <ele>1481.676601</ele>
        <time>2026-08-21T10:42:42.287Z</time>
      </trkpt>
      <trkpt lat="46.497673" lon="11.903603">
        <ele>1483.387439</ele>
        <time>2026-08-21T10:42:52.583Z</time>
      </trkpt>
      <trkpt lat="46.497813" lon="11.903555">
        <ele>1484.326740</ele>
        <time>2026-08-21T10:42:58.277Z</time>
      </trkpt>
      <trkpt lat="46.497893" lon="11.903456">
        <ele>1485.012981</ele>
        <time>2026-08-21T10:43:02.181Z</time>
      </trkpt>
      <trkpt lat="46.498512" lon="11.902031">
        <ele>1492.587091</ele>
        <time>2026-08-21T10:43:23.510Z</time>
      </trkpt>
      <trkpt lat="46.498869" lon="11.900409">
        <ele>1495.054307</ele>
        <time>2026-08-21T10:43:37.750Z</time>
      </trkpt>
      <trkpt lat="46.498872" lon="11.900279">
        <ele>1495.231296</ele>
        <time>2026-08-21T10:43:39.097Z</time>
      </trkpt>
      <trkpt lat="46.498830" lon="11.899947">
        <ele>1495.690612</ele>
        <time>2026-08-21T10:43:42.459Z</time>
      </trkpt>
      <trkpt lat="46.498438" lon="11.898851">
        <ele>1497.945755</ele>
        <time>2026-08-21T10:43:54.230Z</time>
      </trkpt>
      <trkpt lat="46.498384" lon="11.898629">
        <ele>1498.447748</ele>
        <time>2026-08-21T10:43:56.419Z</time>
      </trkpt>
      <trkpt lat="46.498327" lon="11.898000">
        <ele>1499.800373</ele>
        <time>2026-08-21T10:44:03.321Z</time>
      </trkpt>
      <trkpt lat="46.498226" lon="11.895743">
        <ele>1506.034576</ele>
        <time>2026-08-21T10:44:33.105Z</time>
      </trkpt>
      <trkpt lat="46.498194" lon="11.894999">
        <ele>1508.456917</ele>
        <time>2026-08-21T10:44:42.683Z</time>
      </trkpt>
      <trkpt lat="46.498176" lon="11.894796">
        <ele>1509.122015</ele>
        <time>2026-08-21T10:44:45.569Z</time>
      </trkpt>
      <trkpt lat="46.498117" lon="11.894399">
        <ele>1510.462520</ele>
        <time>2026-08-21T10:44:51.692Z</time>
      </trkpt>
      <trkpt lat="46.497930" lon="11.893730">
        <ele>1514.943945</ele>
        <time>2026-08-21T10:45:04.132Z</time>
      </trkpt>
      <trkpt lat="46.497550" lon="11.892527">
        <ele>1523.158989</ele>
        <time>2026-08-21T10:45:34.969Z</time>
      </trkpt>
      <trkpt lat="46.497526" lon="11.892352">
        <ele>1524.266487</ele>
        <time>2026-08-21T10:45:39.541Z</time>
      </trkpt>
      <trkpt lat="46.497531" lon="11.892202">
        <ele>1525.198565</ele>
        <time>2026-08-21T10:45:43.439Z</time>
      </trkpt>
      <trkpt lat="46.497644" lon="11.891556">
        <ele>1528.709521</ele>
        <time>2026-08-21T10:45:59.362Z</time>
      </trkpt>
      <trkpt lat="46.497554" lon="11.890567">
        <ele>1533.465652</ele>
        <time>2026-08-21T10:46:18.177Z</time>
      </trkpt>
      <trkpt lat="46.497567" lon="11.889093">
        <ele>1540.335564</ele>
        <time>2026-08-21T10:46:38.019Z</time>
      </trkpt>
      <trkpt lat="46.497606" lon="11.888863">
        <ele>1541.337474</ele>
        <time>2026-08-21T10:46:40.911Z</time>
      </trkpt>
      <trkpt lat="46.497814" lon="11.888189">
        <ele>1544.461651</ele>
        <time>2026-08-21T10:46:51.522Z</time>
      </trkpt>
      <trkpt lat="46.498012" lon="11.887219">
        <ele>1548.741011</ele>
        <time>2026-08-21T10:47:10.083Z</time>
      </trkpt>
      <trkpt lat="46.498140" lon="11.886753">
        <ele>1550.960242</ele>
        <time>2026-08-21T10:47:19.747Z</time>
      </trkpt>
      <trkpt lat="46.498520" lon="11.885820">
        <ele>1556.164757</ele>
        <time>2026-08-21T10:47:40.659Z</time>
      </trkpt>
      <trkpt lat="46.498677" lon="11.885346">
        <ele>1558.690088</ele>
        <time>2026-08-21T10:47:50.256Z</time>
      </trkpt>
      <trkpt lat="46.498655" lon="11.884850">
        <ele>1561.076248</ele>
        <time>2026-08-21T10:47:58.485Z</time>
      </trkpt>
      <trkpt lat="46.498607" lon="11.884607">
        <ele>1562.289935</ele>
        <time>2026-08-21T10:48:02.441Z</time>
      </trkpt>
      <trkpt lat="46.498584" lon="11.884340">
        <ele>1563.222284</ele>
        <time>2026-08-21T10:48:06.470Z</time>
      </trkpt>
      <trkpt lat="46.498590" lon="11.884015">
        <ele>1564.155076</ele>
        <time>2026-08-21T10:48:11.140Z</time>
      </trkpt>
      <trkpt lat="46.498901" lon="11.881906">
        <ele>1570.303315</ele>
        <time>2026-08-21T10:48:38.152Z</time>
      </trkpt>
      <trkpt lat="46.498911" lon="11.881626">
        <ele>1570.904669</ele>
        <time>2026-08-21T10:48:41.121Z</time>
      </trkpt>
      <trkpt lat="46.498898" lon="11.881369">
        <ele>1571.457371</ele>
        <time>2026-08-21T10:48:43.843Z</time>
      </trkpt>
      <trkpt lat="46.498804" lon="11.880735">
        <ele>1572.848364</ele>
        <time>2026-08-21T10:48:50.624Z</time>
      </trkpt>
      <trkpt lat="46.498758" lon="11.880209">
        <ele>1573.985603</ele>
        <time>2026-08-21T10:48:56.080Z</time>
      </trkpt>
      <trkpt lat="46.498626" lon="11.877733">
        <ele>1580.568535</ele>
        <time>2026-08-21T10:49:25.959Z</time>
      </trkpt>
      <trkpt lat="46.498632" lon="11.877331">
        <ele>1581.738545</ele>
        <time>2026-08-21T10:49:31.793Z</time>
      </trkpt>
      <trkpt lat="46.498654" lon="11.877114">
        <ele>1582.376781</ele>
        <time>2026-08-21T10:49:35.028Z</time>
      </trkpt>
      <trkpt lat="46.498739" lon="11.876693">
        <ele>1583.769738</ele>
        <time>2026-08-21T10:49:41.661Z</time>
      </trkpt>
      <trkpt lat="46.498746" lon="11.876459">
        <ele>1584.754775</ele>
        <time>2026-08-21T10:49:45.171Z</time>
      </trkpt>
      <trkpt lat="46.498702" lon="11.876231">
        <ele>1585.750618</ele>
        <time>2026-08-21T10:49:48.793Z</time>
      </trkpt>
      <trkpt lat="46.498649" lon="11.876125">
        <ele>1586.301598</ele>
        <time>2026-08-21T10:49:50.871Z</time>
      </trkpt>
      <trkpt lat="46.498426" lon="11.875813">
        <ele>1588.193134</ele>
        <time>2026-08-21T10:49:58.283Z</time>
      </trkpt>
      <trkpt lat="46.498196" lon="11.875633">
        <ele>1589.789255</ele>
        <time>2026-08-21T10:50:04.651Z</time>
      </trkpt>
      <trkpt lat="46.498030" lon="11.875570">
        <ele>1590.837468</ele>
        <time>2026-08-21T10:50:08.755Z</time>
      </trkpt>
      <trkpt lat="46.497951" lon="11.875534">
        <ele>1591.343307</ele>
        <time>2026-08-21T10:50:10.745Z</time>
      </trkpt>
      <trkpt lat="46.497887" lon="11.875508">
        <ele>1591.749316</ele>
        <time>2026-08-21T10:50:12.266Z</time>
      </trkpt>
      <trkpt lat="46.497776" lon="11.875367">
        <ele>1592.650170</ele>
        <time>2026-08-21T10:50:15.702Z</time>
      </trkpt>
      <trkpt lat="46.497712" lon="11.875207">
        <ele>1593.428431</ele>
        <time>2026-08-21T10:50:18.743Z</time>
      </trkpt>
      <trkpt lat="46.497672" lon="11.875149">
        <ele>1593.773717</ele>
        <time>2026-08-21T10:50:20.130Z</time>
      </trkpt>
      <trkpt lat="46.497626" lon="11.875136">
        <ele>1594.060022</ele>
        <time>2026-08-21T10:50:21.293Z</time>
      </trkpt>
      <trkpt lat="46.497605" lon="11.875146">
        <ele>1594.195039</ele>
        <time>2026-08-21T10:50:21.831Z</time>
      </trkpt>
      <trkpt lat="46.497528" lon="11.875127">
        <ele>1594.708804</ele>
        <time>2026-08-21T10:50:23.885Z</time>
      </trkpt>
      <trkpt lat="46.497452" lon="11.875063">
        <ele>1595.312938</ele>
        <time>2026-08-21T10:50:26.189Z</time>
      </trkpt>
      <trkpt lat="46.497446" lon="11.875037">
        <ele>1595.442758</ele>
        <time>2026-08-21T10:50:26.708Z</time>
      </trkpt>
      <trkpt lat="46.497330" lon="11.874534">
        <ele>1597.954110</ele>
        <time>2026-08-21T10:50:36.145Z</time>
      </trkpt>
      <trkpt lat="46.497286" lon="11.874225">
        <ele>1599.447933</ele>
        <time>2026-08-21T10:50:41.573Z</time>
      </trkpt>
      <trkpt lat="46.497206" lon="11.873960">
        <ele>1600.817822</ele>
        <time>2026-08-21T10:50:46.504Z</time>
      </trkpt>
      <trkpt lat="46.497174" lon="11.873850">
        <ele>1601.383171</ele>
        <time>2026-08-21T10:50:48.451Z</time>
      </trkpt>
      <trkpt lat="46.497154" lon="11.873764">
        <ele>1601.812915</ele>
        <time>2026-08-21T10:50:49.988Z</time>
      </trkpt>
      <trkpt lat="46.497051" lon="11.873573">
        <ele>1602.961559</ele>
        <time>2026-08-21T10:50:54.114Z</time>
      </trkpt>
      <trkpt lat="46.496932" lon="11.873490">
        <ele>1603.869386</ele>
        <time>2026-08-21T10:50:57.386Z</time>
      </trkpt>
      <trkpt lat="46.496747" lon="11.873421">
        <ele>1605.182926</ele>
        <time>2026-08-21T10:51:02.348Z</time>
      </trkpt>
      <trkpt lat="46.496454" lon="11.873313">
        <ele>1607.300495</ele>
        <time>2026-08-21T10:51:10.662Z</time>
      </trkpt>
      <trkpt lat="46.496409" lon="11.873245">
        <ele>1607.780853</ele>
        <time>2026-08-21T10:51:12.495Z</time>
      </trkpt>
      <trkpt lat="46.496411" lon="11.873064">
        <ele>1608.702735</ele>
        <time>2026-08-21T10:51:15.994Z</time>
      </trkpt>
      <trkpt lat="46.496751" lon="11.871734">
        <ele>1615.927837</ele>
        <time>2026-08-21T10:51:41.441Z</time>
      </trkpt>
      <trkpt lat="46.496750" lon="11.871573">
        <ele>1616.747777</ele>
        <time>2026-08-21T10:51:44.523Z</time>
      </trkpt>
      <trkpt lat="46.496720" lon="11.871508">
        <ele>1617.146308</ele>
        <time>2026-08-21T10:51:46.075Z</time>
      </trkpt>
      <trkpt lat="46.496633" lon="11.871469">
        <ele>1617.819861</ele>
        <time>2026-08-21T10:51:48.681Z</time>
      </trkpt>
      <trkpt lat="46.496584" lon="11.871489">
        <ele>1618.196388</ele>
        <time>2026-08-21T10:51:50.122Z</time>
      </trkpt>
      <trkpt lat="46.496196" lon="11.871862">
        <ele>1621.548319</ele>
        <time>2026-08-21T10:52:03.131Z</time>
      </trkpt>
      <trkpt lat="46.496085" lon="11.871878">
        <ele>1622.326541</ele>
        <time>2026-08-21T10:52:06.083Z</time>
      </trkpt>
      <trkpt lat="46.496032" lon="11.871837">
        <ele>1622.745473</ele>
        <time>2026-08-21T10:52:07.634Z</time>
      </trkpt>
      <trkpt lat="46.496008" lon="11.871672">
        <ele>1623.555435</ele>
        <time>2026-08-21T10:52:10.568Z</time>
      </trkpt>
      <trkpt lat="46.496213" lon="11.870718">
        <ele>1628.355360</ele>
        <time>2026-08-21T10:52:27.271Z</time>
      </trkpt>
      <trkpt lat="46.496224" lon="11.870589">
        <ele>1628.979658</ele>
        <time>2026-08-21T10:52:29.497Z</time>
      </trkpt>
      <trkpt lat="46.496209" lon="11.870474">
        <ele>1629.541808</ele>
        <time>2026-08-21T10:52:31.547Z</time>
      </trkpt>
      <trkpt lat="46.496160" lon="11.870397">
        <ele>1630.045428</ele>
        <time>2026-08-21T10:52:33.410Z</time>
      </trkpt>
      <trkpt lat="46.496091" lon="11.870375">
        <ele>1630.538283</ele>
        <time>2026-08-21T10:52:35.234Z</time>
      </trkpt>
      <trkpt lat="46.496025" lon="11.870396">
        <ele>1631.009665</ele>
        <time>2026-08-21T10:52:36.977Z</time>
      </trkpt>
      <trkpt lat="46.495741" lon="11.870718">
        <ele>1633.725317</ele>
        <time>2026-08-21T10:52:46.196Z</time>
      </trkpt>
      <trkpt lat="46.495610" lon="11.870684">
        <ele>1634.858194</ele>
        <time>2026-08-21T10:52:49.563Z</time>
      </trkpt>
      <trkpt lat="46.495572" lon="11.870614">
        <ele>1635.380634</ele>
        <time>2026-08-21T10:52:51.151Z</time>
      </trkpt>
      <trkpt lat="46.495336" lon="11.869699">
        <ele>1641.107023</ele>
        <time>2026-08-21T10:53:09.970Z</time>
      </trkpt>
      <trkpt lat="46.495280" lon="11.869481">
        <ele>1642.470668</ele>
        <time>2026-08-21T10:53:14.946Z</time>
      </trkpt>
      <trkpt lat="46.494809" lon="11.868631">
        <ele>1648.785380</ele>
        <time>2026-08-21T10:53:39.672Z</time>
      </trkpt>
      <trkpt lat="46.494756" lon="11.868484">
        <ele>1649.675821</ele>
        <time>2026-08-21T10:53:43.426Z</time>
      </trkpt>
      <trkpt lat="46.494739" lon="11.868315">
        <ele>1650.592312</ele>
        <time>2026-08-21T10:53:47.264Z</time>
      </trkpt>
      <trkpt lat="46.494754" lon="11.867907">
        <ele>1652.784777</ele>
        <time>2026-08-21T10:53:56.518Z</time>
      </trkpt>
      <trkpt lat="46.494730" lon="11.867763">
        <ele>1653.579810</ele>
        <time>2026-08-21T10:53:59.660Z</time>
      </trkpt>
      <trkpt lat="46.494630" lon="11.867555">
        <ele>1654.941184</ele>
        <time>2026-08-21T10:54:04.681Z</time>
      </trkpt>
      <trkpt lat="46.494189" lon="11.866814">
        <ele>1660.197307</ele>
        <time>2026-08-21T10:54:20.973Z</time>
      </trkpt>
      <trkpt lat="46.494182" lon="11.866738">
        <ele>1660.608764</ele>
        <time>2026-08-21T10:54:22.195Z</time>
      </trkpt>
      <trkpt lat="46.494205" lon="11.866682">
        <ele>1660.958681</ele>
        <time>2026-08-21T10:54:23.249Z</time>
      </trkpt>
      <trkpt lat="46.494293" lon="11.866642">
        <ele>1661.677414</ele>
        <time>2026-08-21T10:54:25.316Z</time>
      </trkpt>
      <trkpt lat="46.494368" lon="11.866698">
        <ele>1662.260594</ele>
        <time>2026-08-21T10:54:27.237Z</time>
      </trkpt>
      <trkpt lat="46.494479" lon="11.866999">
        <ele>1663.751350</ele>
        <time>2026-08-21T10:54:32.440Z</time>
      </trkpt>
      <trkpt lat="46.494539" lon="11.867048">
        <ele>1664.187862</ele>
        <time>2026-08-21T10:54:33.972Z</time>
      </trkpt>
      <trkpt lat="46.494611" lon="11.867053">
        <ele>1664.644984</ele>
        <time>2026-08-21T10:54:35.537Z</time>
      </trkpt>
      <trkpt lat="46.494655" lon="11.867014">
        <ele>1664.971862</ele>
        <time>2026-08-21T10:54:36.660Z</time>
      </trkpt>
      <trkpt lat="46.494710" lon="11.866828">
        <ele>1665.855629</ele>
        <time>2026-08-21T10:54:39.673Z</time>
      </trkpt>
      <trkpt lat="46.494743" lon="11.866688">
        <ele>1666.501667</ele>
        <time>2026-08-21T10:54:41.878Z</time>
      </trkpt>
      <trkpt lat="46.494784" lon="11.866622">
        <ele>1666.889776</ele>
        <time>2026-08-21T10:54:43.208Z</time>
      </trkpt>
      <trkpt lat="46.494854" lon="11.866564">
        <ele>1667.400832</ele>
        <time>2026-08-21T10:54:44.941Z</time>
      </trkpt>
      <trkpt lat="46.494939" lon="11.866547">
        <ele>1667.944958</ele>
        <time>2026-08-21T10:54:46.801Z</time>
      </trkpt>
      <trkpt lat="46.495031" lon="11.866573">
        <ele>1668.539331</ele>
        <time>2026-08-21T10:54:48.810Z</time>
      </trkpt>
      <trkpt lat="46.495497" lon="11.866893">
        <ele>1671.808118</ele>
        <time>2026-08-21T10:55:01.881Z</time>
      </trkpt>
      <trkpt lat="46.495554" lon="11.866883">
        <ele>1672.172220</ele>
        <time>2026-08-21T10:55:03.531Z</time>
      </trkpt>
      <trkpt lat="46.495597" lon="11.866813">
        <ele>1672.581793</ele>
        <time>2026-08-21T10:55:05.404Z</time>
      </trkpt>
      <trkpt lat="46.495583" lon="11.866655">
        <ele>1673.277259</ele>
        <time>2026-08-21T10:55:08.538Z</time>
      </trkpt>
      <trkpt lat="46.495342" lon="11.866357">
        <ele>1676.003560</ele>
        <time>2026-08-21T10:55:17.429Z</time>
      </trkpt>
      <trkpt lat="46.495266" lon="11.866206">
        <ele>1677.122784</ele>
        <time>2026-08-21T10:55:21.055Z</time>
      </trkpt>
      <trkpt lat="46.495196" lon="11.865948">
        <ele>1678.782085</ele>
        <time>2026-08-21T10:55:26.542Z</time>
      </trkpt>
      <trkpt lat="46.494790" lon="11.863532">
        <ele>1694.085648</ele>
        <time>2026-08-21T10:56:19.663Z</time>
      </trkpt>
      <trkpt lat="46.494760" lon="11.863057">
        <ele>1697.197379</ele>
        <time>2026-08-21T10:56:30.182Z</time>
      </trkpt>
      <trkpt lat="46.494744" lon="11.862603">
        <ele>1700.162980</ele>
        <time>2026-08-21T10:56:40.178Z</time>
      </trkpt>
      <trkpt lat="46.494673" lon="11.862328">
        <ele>1702.078991</ele>
        <time>2026-08-21T10:56:46.698Z</time>
      </trkpt>
      <trkpt lat="46.494227" lon="11.861542">
        <ele>1708.442966</ele>
        <time>2026-08-21T10:57:09.460Z</time>
      </trkpt>
      <trkpt lat="46.494145" lon="11.861324">
        <ele>1709.895143</ele>
        <time>2026-08-21T10:57:14.793Z</time>
      </trkpt>
      <trkpt lat="46.494118" lon="11.861126">
        <ele>1711.075079</ele>
        <time>2026-08-21T10:57:18.959Z</time>
      </trkpt>
      <trkpt lat="46.494107" lon="11.860588">
        <ele>1714.221453</ele>
        <time>2026-08-21T10:57:29.815Z</time>
      </trkpt>
      <trkpt lat="46.494084" lon="11.860411">
        <ele>1715.274413</ele>
        <time>2026-08-21T10:57:33.369Z</time>
      </trkpt>
      <trkpt lat="46.493820" lon="11.859536">
        <ele>1720.859084</ele>
        <time>2026-08-21T10:57:51.763Z</time>
      </trkpt>
      <trkpt lat="46.493716" lon="11.859401">
        <ele>1721.964668</ele>
        <time>2026-08-21T10:57:55.493Z</time>
      </trkpt>
      <trkpt lat="46.493359" lon="11.859426">
        <ele>1724.680725</ele>
        <time>2026-08-21T10:58:05.033Z</time>
      </trkpt>
      <trkpt lat="46.493295" lon="11.859404">
        <ele>1725.180505</ele>
        <time>2026-08-21T10:58:06.777Z</time>
      </trkpt>
      <trkpt lat="46.493256" lon="11.859332">
        <ele>1725.659793</ele>
        <time>2026-08-21T10:58:08.407Z</time>
      </trkpt>
      <trkpt lat="46.493249" lon="11.859223">
        <ele>1726.232511</ele>
        <time>2026-08-21T10:58:10.414Z</time>
      </trkpt>
      <trkpt lat="46.493343" lon="11.858455">
        <ele>1730.313364</ele>
        <time>2026-08-21T10:58:25.000Z</time>
      </trkpt>
      <trkpt lat="46.493330" lon="11.858359">
        <ele>1730.825218</ele>
        <time>2026-08-21T10:58:26.849Z</time>
      </trkpt>
      <trkpt lat="46.493298" lon="11.858306">
        <ele>1731.194019</ele>
        <time>2026-08-21T10:58:28.176Z</time>
      </trkpt>
      <trkpt lat="46.493083" lon="11.858216">
        <ele>1732.894333</ele>
        <time>2026-08-21T10:58:34.113Z</time>
      </trkpt>
      <trkpt lat="46.493029" lon="11.858162">
        <ele>1733.392531</ele>
        <time>2026-08-21T10:58:35.975Z</time>
      </trkpt>
      <trkpt lat="46.493007" lon="11.858082">
        <ele>1733.843215</ele>
        <time>2026-08-21T10:58:37.556Z</time>
      </trkpt>
      <trkpt lat="46.492981" lon="11.857459">
        <ele>1737.224979</ele>
        <time>2026-08-21T10:58:49.419Z</time>
      </trkpt>
      <trkpt lat="46.492998" lon="11.857403">
        <ele>1737.562544</ele>
        <time>2026-08-21T10:58:50.552Z</time>
      </trkpt>
      <trkpt lat="46.493073" lon="11.857346">
        <ele>1738.240691</ele>
        <time>2026-08-21T10:58:52.965Z</time>
      </trkpt>
      <trkpt lat="46.493116" lon="11.857361">
        <ele>1738.594986</ele>
        <time>2026-08-21T10:58:54.179Z</time>
      </trkpt>
      <trkpt lat="46.493147" lon="11.857424">
        <ele>1739.022096</ele>
        <time>2026-08-21T10:58:55.646Z</time>
      </trkpt>
      <trkpt lat="46.493179" lon="11.857687">
        <ele>1740.495159</ele>
        <time>2026-08-21T10:59:00.773Z</time>
      </trkpt>
      <trkpt lat="46.493214" lon="11.857751">
        <ele>1740.945971</ele>
        <time>2026-08-21T10:59:02.324Z</time>
      </trkpt>
      <trkpt lat="46.493311" lon="11.857755">
        <ele>1741.723410</ele>
        <time>2026-08-21T10:59:04.940Z</time>
      </trkpt>
      <trkpt lat="46.493340" lon="11.857691">
        <ele>1742.146002</ele>
        <time>2026-08-21T10:59:06.364Z</time>
      </trkpt>
      <trkpt lat="46.493343" lon="11.857607">
        <ele>1742.609927</ele>
        <time>2026-08-21T10:59:07.886Z</time>
      </trkpt>
      <trkpt lat="46.493208" lon="11.856989">
        <ele>1746.185990</ele>
        <time>2026-08-21T10:59:20.140Z</time>
      </trkpt>
      <trkpt lat="46.493200" lon="11.856844">
        <ele>1746.988304</ele>
        <time>2026-08-21T10:59:22.935Z</time>
      </trkpt>
      <trkpt lat="46.493225" lon="11.856788">
        <ele>1747.356429</ele>
        <time>2026-08-21T10:59:24.173Z</time>
      </trkpt>
      <trkpt lat="46.493303" lon="11.856772">
        <ele>1747.987535</ele>
        <time>2026-08-21T10:59:26.322Z</time>
      </trkpt>
      <trkpt lat="46.493338" lon="11.856814">
        <ele>1748.351252</ele>
        <time>2026-08-21T10:59:27.640Z</time>
      </trkpt>
      <trkpt lat="46.493397" lon="11.857035">
        <ele>1749.715632</ele>
        <time>2026-08-21T10:59:32.584Z</time>
      </trkpt>
      <trkpt lat="46.493448" lon="11.857084">
        <ele>1750.302990</ele>
        <time>2026-08-21T10:59:34.509Z</time>
      </trkpt>
      <trkpt lat="46.493530" lon="11.857030">
        <ele>1751.167823</ele>
        <time>2026-08-21T10:59:37.423Z</time>
      </trkpt>
      <trkpt lat="46.493539" lon="11.856965">
        <ele>1751.606269</ele>
        <time>2026-08-21T10:59:38.918Z</time>
      </trkpt>
      <trkpt lat="46.493530" lon="11.856875">
        <ele>1752.207676</ele>
        <time>2026-08-21T10:59:41.009Z</time>
      </trkpt>
      <trkpt lat="46.493236" lon="11.856186">
        <ele>1757.568205</ele>
        <time>2026-08-21T10:59:59.774Z</time>
      </trkpt>
      <trkpt lat="46.493177" lon="11.855572">
        <ele>1761.667913</ele>
        <time>2026-08-21T11:00:13.811Z</time>
      </trkpt>
      <trkpt lat="46.493136" lon="11.855410">
        <ele>1762.809308</ele>
        <time>2026-08-21T11:00:17.730Z</time>
      </trkpt>
      <trkpt lat="46.493006" lon="11.855243">
        <ele>1764.476332</ele>
        <time>2026-08-21T11:00:23.395Z</time>
      </trkpt>
      <trkpt lat="46.492819" lon="11.855168">
        <ele>1766.339810</ele>
        <time>2026-08-21T11:00:29.645Z</time>
      </trkpt>
      <trkpt lat="46.492205" lon="11.854996">
        <ele>1771.159494</ele>
        <time>2026-08-21T11:00:48.694Z</time>
      </trkpt>
      <trkpt lat="46.492131" lon="11.854944">
        <ele>1771.784621</ele>
        <time>2026-08-21T11:00:51.013Z</time>
      </trkpt>
      <trkpt lat="46.491958" lon="11.854686">
        <ele>1773.670148</ele>
        <time>2026-08-21T11:00:57.586Z</time>
      </trkpt>
      <trkpt lat="46.491726" lon="11.854524">
        <ele>1775.627673</ele>
        <time>2026-08-21T11:01:04.161Z</time>
      </trkpt>
      <trkpt lat="46.491639" lon="11.854438">
        <ele>1776.427939</ele>
        <time>2026-08-21T11:01:06.821Z</time>
      </trkpt>
      <trkpt lat="46.491236" lon="11.854016">
        <ele>1780.205919</ele>
        <time>2026-08-21T11:01:19.186Z</time>
      </trkpt>
      <trkpt lat="46.491167" lon="11.853868">
        <ele>1781.013511</ele>
        <time>2026-08-21T11:01:22.099Z</time>
      </trkpt>
      <trkpt lat="46.490883" lon="11.852965">
        <ele>1785.393105</ele>
        <time>2026-08-21T11:01:37.694Z</time>
      </trkpt>
      <trkpt lat="46.490578" lon="11.852509">
        <ele>1788.197806</ele>
        <time>2026-08-21T11:01:47.786Z</time>
      </trkpt>
      <trkpt lat="46.490538" lon="11.852391">
        <ele>1788.778050</ele>
        <time>2026-08-21T11:01:49.844Z</time>
      </trkpt>
      <trkpt lat="46.490298" lon="11.850870">
        <ele>1797.089547</ele>
        <time>2026-08-21T11:02:18.362Z</time>
      </trkpt>
      <trkpt lat="46.490270" lon="11.850429">
        <ele>1799.775399</ele>
        <time>2026-08-21T11:02:27.911Z</time>
      </trkpt>
      <trkpt lat="46.490213" lon="11.849544">
        <ele>1805.166038</ele>
        <time>2026-08-21T11:02:47.680Z</time>
      </trkpt>
      <trkpt lat="46.490195" lon="11.849379">
        <ele>1806.179188</ele>
        <time>2026-08-21T11:02:51.441Z</time>
      </trkpt>
      <trkpt lat="46.490144" lon="11.849237">
        <ele>1807.150504</ele>
        <time>2026-08-21T11:02:55.060Z</time>
      </trkpt>
      <trkpt lat="46.489793" lon="11.848494">
        <ele>1813.029976</ele>
        <time>2026-08-21T11:03:15.224Z</time>
      </trkpt>
      <trkpt lat="46.489704" lon="11.848379">
        <ele>1814.167735</ele>
        <time>2026-08-21T11:03:19.037Z</time>
      </trkpt>
      <trkpt lat="46.489289" lon="11.847939">
        <ele>1819.075226</ele>
        <time>2026-08-21T11:03:34.908Z</time>
      </trkpt>
      <trkpt lat="46.489208" lon="11.847890">
        <ele>1819.913301</ele>
        <time>2026-08-21T11:03:37.639Z</time>
      </trkpt>
      <trkpt lat="46.488981" lon="11.847860">
        <ele>1822.090402</ele>
        <time>2026-08-21T11:03:44.711Z</time>
      </trkpt>
      <trkpt lat="46.488926" lon="11.847812">
        <ele>1822.703261</ele>
        <time>2026-08-21T11:03:46.700Z</time>
      </trkpt>
      <trkpt lat="46.488894" lon="11.847737">
        <ele>1823.283489</ele>
        <time>2026-08-21T11:03:48.622Z</time>
      </trkpt>
      <trkpt lat="46.488914" lon="11.847562">
        <ele>1824.450039</ele>
        <time>2026-08-21T11:03:52.489Z</time>
      </trkpt>
      <trkpt lat="46.488963" lon="11.847506">
        <ele>1825.067932</ele>
        <time>2026-08-21T11:03:54.490Z</time>
      </trkpt>
      <trkpt lat="46.489118" lon="11.847418">
        <ele>1826.866580</ele>
        <time>2026-08-21T11:03:59.952Z</time>
      </trkpt>
      <trkpt lat="46.489156" lon="11.847342">
        <ele>1827.565501</ele>
        <time>2026-08-21T11:04:02.113Z</time>
      </trkpt>
      <trkpt lat="46.489165" lon="11.847243">
        <ele>1828.308564</ele>
        <time>2026-08-21T11:04:04.436Z</time>
      </trkpt>
      <trkpt lat="46.489088" lon="11.847104">
        <ele>1829.636107</ele>
        <time>2026-08-21T11:04:08.676Z</time>
      </trkpt>
      <trkpt lat="46.488832" lon="11.846975">
        <ele>1832.564696</ele>
        <time>2026-08-21T11:04:18.279Z</time>
      </trkpt>
      <trkpt lat="46.488769" lon="11.846919">
        <ele>1833.362981</ele>
        <time>2026-08-21T11:04:20.864Z</time>
      </trkpt>
      <trkpt lat="46.488725" lon="11.846813">
        <ele>1834.284008</ele>
        <time>2026-08-21T11:04:23.916Z</time>
      </trkpt>
      <trkpt lat="46.488690" lon="11.845543">
        <ele>1843.741860</ele>
        <time>2026-08-21T11:04:56.283Z</time>
      </trkpt>
      <trkpt lat="46.488672" lon="11.845308">
        <ele>1845.278822</ele>
        <time>2026-08-21T11:05:01.959Z</time>
      </trkpt>
      <trkpt lat="46.488570" lon="11.844838">
        <ele>1848.258057</ele>
        <time>2026-08-21T11:05:13.493Z</time>
      </trkpt>
      <trkpt lat="46.488473" lon="11.844658">
        <ele>1849.639957</ele>
        <time>2026-08-21T11:05:18.569Z</time>
      </trkpt>
      <trkpt lat="46.488371" lon="11.844608">
        <ele>1850.585234</ele>
        <time>2026-08-21T11:05:21.971Z</time>
      </trkpt>
      <trkpt lat="46.488221" lon="11.844665">
        <ele>1851.946688</ele>
        <time>2026-08-21T11:05:26.907Z</time>
      </trkpt>
      <trkpt lat="46.488159" lon="11.844727">
        <ele>1852.607656</ele>
        <time>2026-08-21T11:05:29.128Z</time>
      </trkpt>
      <trkpt lat="46.487794" lon="11.845586">
        <ele>1858.710230</ele>
        <time>2026-08-21T11:05:47.368Z</time>
      </trkpt>
      <trkpt lat="46.487693" lon="11.845593">
        <ele>1859.598101</ele>
        <time>2026-08-21T11:05:49.813Z</time>
      </trkpt>
      <trkpt lat="46.487640" lon="11.845512">
        <ele>1860.247597</ele>
        <time>2026-08-21T11:05:51.650Z</time>
      </trkpt>
      <trkpt lat="46.487643" lon="11.845379">
        <ele>1860.925118</ele>
        <time>2026-08-21T11:05:53.999Z</time>
      </trkpt>
      <trkpt lat="46.487707" lon="11.845142">
        <ele>1862.221273</ele>
        <time>2026-08-21T11:05:58.725Z</time>
      </trkpt>
      <trkpt lat="46.487761" lon="11.844796">
        <ele>1864.027589</ele>
        <time>2026-08-21T11:06:05.549Z</time>
      </trkpt>
      <trkpt lat="46.487705" lon="11.844294">
        <ele>1866.616802</ele>
        <time>2026-08-21T11:06:15.072Z</time>
      </trkpt>
      <trkpt lat="46.487713" lon="11.843708">
        <ele>1869.600950</ele>
        <time>2026-08-21T11:06:25.639Z</time>
      </trkpt>
      <trkpt lat="46.487679" lon="11.843645">
        <ele>1870.008504</ele>
        <time>2026-08-21T11:06:27.091Z</time>
      </trkpt>
      <trkpt lat="46.487619" lon="11.843621">
        <ele>1870.468711</ele>
        <time>2026-08-21T11:06:28.792Z</time>
      </trkpt>
      <trkpt lat="46.487543" lon="11.843682">
        <ele>1871.110823</ele>
        <time>2026-08-21T11:06:31.097Z</time>
      </trkpt>
      <trkpt lat="46.487536" lon="11.844064">
        <ele>1873.056434</ele>
        <time>2026-08-21T11:06:38.396Z</time>
      </trkpt>
      <trkpt lat="46.487505" lon="11.844142">
        <ele>1873.513454</ele>
        <time>2026-08-21T11:06:40.174Z</time>
      </trkpt>
      <trkpt lat="46.487407" lon="11.844172">
        <ele>1874.243395</ele>
        <time>2026-08-21T11:06:42.914Z</time>
      </trkpt>
      <trkpt lat="46.487359" lon="11.844133">
        <ele>1874.644252</ele>
        <time>2026-08-21T11:06:44.483Z</time>
      </trkpt>
      <trkpt lat="46.487331" lon="11.844030">
        <ele>1875.199942</ele>
        <time>2026-08-21T11:06:46.514Z</time>
      </trkpt>
      <trkpt lat="46.487356" lon="11.842984">
        <ele>1880.452009</ele>
        <time>2026-08-21T11:07:04.875Z</time>
      </trkpt>
      <trkpt lat="46.487330" lon="11.842904">
        <ele>1880.895931</ele>
        <time>2026-08-21T11:07:06.439Z</time>
      </trkpt>
      <trkpt lat="46.487274" lon="11.842861">
        <ele>1881.357603</ele>
        <time>2026-08-21T11:07:08.109Z</time>
      </trkpt>
      <trkpt lat="46.487211" lon="11.842857">
        <ele>1881.817201</ele>
        <time>2026-08-21T11:07:09.759Z</time>
      </trkpt>
      <trkpt lat="46.487159" lon="11.842904">
        <ele>1882.263585</ele>
        <time>2026-08-21T11:07:11.390Z</time>
      </trkpt>
      <trkpt lat="46.487132" lon="11.842978">
        <ele>1882.683842</ele>
        <time>2026-08-21T11:07:12.948Z</time>
      </trkpt>
      <trkpt lat="46.487081" lon="11.843568">
        <ele>1885.667761</ele>
        <time>2026-08-21T11:07:23.796Z</time>
      </trkpt>
      <trkpt lat="46.487049" lon="11.843670">
        <ele>1886.230237</ele>
        <time>2026-08-21T11:07:25.867Z</time>
      </trkpt>
      <trkpt lat="46.486980" lon="11.843713">
        <ele>1886.792085</ele>
        <time>2026-08-21T11:07:27.853Z</time>
      </trkpt>
      <trkpt lat="46.486920" lon="11.843703">
        <ele>1887.257062</ele>
        <time>2026-08-21T11:07:29.506Z</time>
      </trkpt>
      <trkpt lat="46.486881" lon="11.843649">
        <ele>1887.671910</ele>
        <time>2026-08-21T11:07:30.965Z</time>
      </trkpt>
      <trkpt lat="46.486869" lon="11.843555">
        <ele>1888.178696</ele>
        <time>2026-08-21T11:07:32.721Z</time>
      </trkpt>
      <trkpt lat="46.486921" lon="11.843296">
        <ele>1889.608830</ele>
        <time>2026-08-21T11:07:37.748Z</time>
      </trkpt>
      <trkpt lat="46.486896" lon="11.842920">
        <ele>1891.611271</ele>
        <time>2026-08-21T11:07:44.909Z</time>
      </trkpt>
      <trkpt lat="46.486720" lon="11.841790">
        <ele>1897.752741</ele>
        <time>2026-08-21T11:08:07.244Z</time>
      </trkpt>
      <trkpt lat="46.486683" lon="11.841657">
        <ele>1898.513149</ele>
        <time>2026-08-21T11:08:09.804Z</time>
      </trkpt>
      <trkpt lat="46.486640" lon="11.841604">
        <ele>1898.947357</ele>
        <time>2026-08-21T11:08:11.263Z</time>
      </trkpt>
      <trkpt lat="46.486529" lon="11.841619">
        <ele>1899.805647</ele>
        <time>2026-08-21T11:08:14.154Z</time>
      </trkpt>
      <trkpt lat="46.486484" lon="11.841692">
        <ele>1900.325054</ele>
        <time>2026-08-21T11:08:15.989Z</time>
      </trkpt>
      <trkpt lat="46.486360" lon="11.842214">
        <ele>1903.640594</ele>
        <time>2026-08-21T11:08:26.537Z</time>
      </trkpt>
      <trkpt lat="46.486333" lon="11.842895">
        <ele>1907.743116</ele>
        <time>2026-08-21T11:08:40.107Z</time>
      </trkpt>
      <trkpt lat="46.486315" lon="11.842967">
        <ele>1908.203806</ele>
        <time>2026-08-21T11:08:41.697Z</time>
      </trkpt>
      <trkpt lat="46.486261" lon="11.843021">
        <ele>1908.776493</ele>
        <time>2026-08-21T11:08:43.657Z</time>
      </trkpt>
      <trkpt lat="46.486196" lon="11.843028">
        <ele>1909.345827</ele>
        <time>2026-08-21T11:08:45.643Z</time>
      </trkpt>
      <trkpt lat="46.486138" lon="11.842988">
        <ele>1909.906675</ele>
        <time>2026-08-21T11:08:47.626Z</time>
      </trkpt>
      <trkpt lat="46.486095" lon="11.842881">
        <ele>1910.651802</ele>
        <time>2026-08-21T11:08:50.313Z</time>
      </trkpt>
      <trkpt lat="46.486023" lon="11.842489">
        <ele>1913.091864</ele>
        <time>2026-08-21T11:08:59.259Z</time>
      </trkpt>
      <trkpt lat="46.485834" lon="11.841523">
        <ele>1918.864010</ele>
        <time>2026-08-21T11:09:22.071Z</time>
      </trkpt>
      <trkpt lat="46.485781" lon="11.841407">
        <ele>1919.627921</ele>
        <time>2026-08-21T11:09:25.177Z</time>
      </trkpt>
      <trkpt lat="46.485533" lon="11.841039">
        <ele>1922.453483</ele>
        <time>2026-08-21T11:09:35.470Z</time>
      </trkpt>
      <trkpt lat="46.485492" lon="11.840891">
        <ele>1923.328863</ele>
        <time>2026-08-21T11:09:38.573Z</time>
      </trkpt>
      <trkpt lat="46.485487" lon="11.840443">
        <ele>1925.787475</ele>
        <time>2026-08-21T11:09:46.847Z</time>
      </trkpt>
      <trkpt lat="46.485518" lon="11.840234">
        <ele>1926.960618</ele>
        <time>2026-08-21T11:09:50.624Z</time>
      </trkpt>
      <trkpt lat="46.485717" lon="11.839652">
        <ele>1930.522182</ele>
        <time>2026-08-21T11:10:01.575Z</time>
      </trkpt>
      <trkpt lat="46.485762" lon="11.839012">
        <ele>1933.926012</ele>
        <time>2026-08-21T11:10:11.977Z</time>
      </trkpt>
      <trkpt lat="46.485755" lon="11.838923">
        <ele>1934.399970</ele>
        <time>2026-08-21T11:10:13.450Z</time>
      </trkpt>
      <trkpt lat="46.485714" lon="11.838860">
        <ele>1934.858634</ele>
        <time>2026-08-21T11:10:14.838Z</time>
      </trkpt>
      <trkpt lat="46.485602" lon="11.838853">
        <ele>1935.720081</ele>
        <time>2026-08-21T11:10:17.600Z</time>
      </trkpt>
      <trkpt lat="46.485551" lon="11.838907">
        <ele>1936.205077</ele>
        <time>2026-08-21T11:10:19.176Z</time>
      </trkpt>
      <trkpt lat="46.485348" lon="11.839382">
        <ele>1939.163061</ele>
        <time>2026-08-21T11:10:29.755Z</time>
      </trkpt>
      <trkpt lat="46.485118" lon="11.839670">
        <ele>1941.496672</ele>
        <time>2026-08-21T11:10:38.950Z</time>
      </trkpt>
      <trkpt lat="46.485070" lon="11.839766">
        <ele>1942.124408</ele>
        <time>2026-08-21T11:10:41.501Z</time>
      </trkpt>
      <trkpt lat="46.485038" lon="11.839931">
        <ele>1943.031399</ele>
        <time>2026-08-21T11:10:45.224Z</time>
      </trkpt>
      <trkpt lat="46.484997" lon="11.840612">
        <ele>1946.694463</ele>
        <time>2026-08-21T11:11:00.019Z</time>
      </trkpt>
      <trkpt lat="46.484949" lon="11.840849">
        <ele>1948.026518</ele>
        <time>2026-08-21T11:11:05.168Z</time>
      </trkpt>
      <trkpt lat="46.484745" lon="11.841352">
        <ele>1951.174255</ele>
        <time>2026-08-21T11:11:16.959Z</time>
      </trkpt>
      <trkpt lat="46.484688" lon="11.841413">
        <ele>1951.728724</ele>
        <time>2026-08-21T11:11:18.974Z</time>
      </trkpt>
      <trkpt lat="46.484623" lon="11.841420">
        <ele>1952.239143</ele>
        <time>2026-08-21T11:11:20.848Z</time>
      </trkpt>
      <trkpt lat="46.484580" lon="11.841406">
        <ele>1952.584238</ele>
        <time>2026-08-21T11:11:22.083Z</time>
      </trkpt>
      <trkpt lat="46.484540" lon="11.841332">
        <ele>1953.091520</ele>
        <time>2026-08-21T11:11:23.910Z</time>
      </trkpt>
      <trkpt lat="46.484533" lon="11.841231">
        <ele>1953.638874</ele>
        <time>2026-08-21T11:11:25.836Z</time>
      </trkpt>
      <trkpt lat="46.484563" lon="11.841150">
        <ele>1954.134811</ele>
        <time>2026-08-21T11:11:27.555Z</time>
      </trkpt>
      <trkpt lat="46.484750" lon="11.840885">
        <ele>1956.180851</ele>
        <time>2026-08-21T11:11:34.350Z</time>
      </trkpt>
      <trkpt lat="46.484791" lon="11.840765">
        <ele>1956.903183</ele>
        <time>2026-08-21T11:11:36.635Z</time>
      </trkpt>
      <trkpt lat="46.484797" lon="11.840659">
        <ele>1957.476671</ele>
        <time>2026-08-21T11:11:38.411Z</time>
      </trkpt>
      <trkpt lat="46.484561" lon="11.839378">
        <ele>1963.109021</ele>
        <time>2026-08-21T11:11:58.541Z</time>
      </trkpt>
      <trkpt lat="46.484293" lon="11.838190">
        <ele>1968.228028</ele>
        <time>2026-08-21T11:12:17.585Z</time>
      </trkpt>
      <trkpt lat="46.484286" lon="11.838042">
        <ele>1968.835483</ele>
        <time>2026-08-21T11:12:20.079Z</time>
      </trkpt>
      <trkpt lat="46.484389" lon="11.837052">
        <ele>1974.752906</ele>
        <time>2026-08-21T11:12:38.667Z</time>
      </trkpt>
      <trkpt lat="46.484400" lon="11.836892">
        <ele>1975.716557</ele>
        <time>2026-08-21T11:12:41.978Z</time>
      </trkpt>
      <trkpt lat="46.484395" lon="11.836391">
        <ele>1978.719375</ele>
        <time>2026-08-21T11:12:52.617Z</time>
      </trkpt>
      <trkpt lat="46.484384" lon="11.835434">
        <ele>1984.455494</ele>
        <time>2026-08-21T11:13:15.122Z</time>
      </trkpt>
      <trkpt lat="46.484322" lon="11.834855">
        <ele>1987.748112</ele>
        <time>2026-08-21T11:13:28.445Z</time>
      </trkpt>
      <trkpt lat="46.484278" lon="11.834375">
        <ele>1990.457368</ele>
        <time>2026-08-21T11:13:38.742Z</time>
      </trkpt>
      <trkpt lat="46.484289" lon="11.834198">
        <ele>1991.451695</ele>
        <time>2026-08-21T11:13:42.286Z</time>
      </trkpt>
      <trkpt lat="46.484906" lon="11.832308">
        <ele>2002.331940</ele>
        <time>2026-08-21T11:14:18.957Z</time>
      </trkpt>
      <trkpt lat="46.485125" lon="11.831298">
        <ele>2006.997228</ele>
        <time>2026-08-21T11:14:36.187Z</time>
      </trkpt>
      <trkpt lat="46.485112" lon="11.831207">
        <ele>2007.406694</ele>
        <time>2026-08-21T11:14:37.681Z</time>
      </trkpt>
      <trkpt lat="46.485077" lon="11.831139">
        <ele>2007.780742</ele>
        <time>2026-08-21T11:14:39.070Z</time>
      </trkpt>
      <trkpt lat="46.484974" lon="11.831130">
        <ele>2008.441002</ele>
        <time>2026-08-21T11:14:41.492Z</time>
      </trkpt>
      <trkpt lat="46.484922" lon="11.831183">
        <ele>2008.847495</ele>
        <time>2026-08-21T11:14:43.026Z</time>
      </trkpt>
      <trkpt lat="46.484721" lon="11.831679">
        <ele>2011.419269</ele>
        <time>2026-08-21T11:14:52.656Z</time>
      </trkpt>
      <trkpt lat="46.484476" lon="11.832007">
        <ele>2013.681986</ele>
        <time>2026-08-21T11:15:00.855Z</time>
      </trkpt>
      <trkpt lat="46.484348" lon="11.832252">
        <ele>2015.119962</ele>
        <time>2026-08-21T11:15:06.086Z</time>
      </trkpt>
      <trkpt lat="46.484291" lon="11.832300">
        <ele>2015.567387</ele>
        <time>2026-08-21T11:15:07.738Z</time>
      </trkpt>
      <trkpt lat="46.484227" lon="11.832299">
        <ele>2016.002012</ele>
        <time>2026-08-21T11:15:09.353Z</time>
      </trkpt>
      <trkpt lat="46.484180" lon="11.832253">
        <ele>2016.386879</ele>
        <time>2026-08-21T11:15:10.775Z</time>
      </trkpt>
      <trkpt lat="46.484160" lon="11.832158">
        <ele>2016.851370</ele>
        <time>2026-08-21T11:15:12.485Z</time>
      </trkpt>
      <trkpt lat="46.484171" lon="11.832053">
        <ele>2017.347969</ele>
        <time>2026-08-21T11:15:14.339Z</time>
      </trkpt>
      <trkpt lat="46.484535" lon="11.830763">
        <ele>2024.043767</ele>
        <time>2026-08-21T11:15:38.998Z</time>
      </trkpt>
      <trkpt lat="46.484609" lon="11.830602">
        <ele>2025.135735</ele>
        <time>2026-08-21T11:15:42.503Z</time>
      </trkpt>
      <trkpt lat="46.485140" lon="11.829874">
        <ele>2031.118202</ele>
        <time>2026-08-21T11:16:02.301Z</time>
      </trkpt>
      <trkpt lat="46.485213" lon="11.829740">
        <ele>2032.082078</ele>
        <time>2026-08-21T11:16:05.505Z</time>
      </trkpt>
      <trkpt lat="46.485244" lon="11.829601">
        <ele>2032.906282</ele>
        <time>2026-08-21T11:16:08.253Z</time>
      </trkpt>
      <trkpt lat="46.485252" lon="11.829397">
        <ele>2034.058909</ele>
        <time>2026-08-21T11:16:12.560Z</time>
      </trkpt>
      <trkpt lat="46.485203" lon="11.828737">
        <ele>2037.802699</ele>
        <time>2026-08-21T11:16:27.815Z</time>
      </trkpt>
      <trkpt lat="46.485163" lon="11.828199">
        <ele>2040.812404</ele>
        <time>2026-08-21T11:16:39.779Z</time>
      </trkpt>
      <trkpt lat="46.485157" lon="11.828131">
        <ele>2041.193707</ele>
        <time>2026-08-21T11:16:41.200Z</time>
      </trkpt>
      <trkpt lat="46.485119" lon="11.828032">
        <ele>2041.824117</ele>
        <time>2026-08-21T11:16:43.646Z</time>
      </trkpt>
      <trkpt lat="46.485044" lon="11.827965">
        <ele>2042.535387</ele>
        <time>2026-08-21T11:16:46.311Z</time>
      </trkpt>
      <trkpt lat="46.484969" lon="11.827951">
        <ele>2043.146206</ele>
        <time>2026-08-21T11:16:48.605Z</time>
      </trkpt>
      <trkpt lat="46.484887" lon="11.827971">
        <ele>2043.817863</ele>
        <time>2026-08-21T11:16:51.024Z</time>
      </trkpt>
      <trkpt lat="46.484820" lon="11.828042">
        <ele>2044.487831</ele>
        <time>2026-08-21T11:16:53.450Z</time>
      </trkpt>
      <trkpt lat="46.484780" lon="11.828133">
        <ele>2045.088312</ele>
        <time>2026-08-21T11:16:55.577Z</time>
      </trkpt>
      <trkpt lat="46.484776" lon="11.828259">
        <ele>2045.789863</ele>
        <time>2026-08-21T11:16:58.028Z</time>
      </trkpt>
      <trkpt lat="46.484886" lon="11.828703">
        <ele>2048.414363</ele>
        <time>2026-08-21T11:17:07.377Z</time>
      </trkpt>
      <trkpt lat="46.484895" lon="11.828821">
        <ele>2049.074687</ele>
        <time>2026-08-21T11:17:09.811Z</time>
      </trkpt>
      <trkpt lat="46.484889" lon="11.828915">
        <ele>2049.599751</ele>
        <time>2026-08-21T11:17:11.801Z</time>
      </trkpt>
      <trkpt lat="46.484757" lon="11.829345">
        <ele>2052.218315</ele>
        <time>2026-08-21T11:17:20.531Z</time>
      </trkpt>
      <trkpt lat="46.484715" lon="11.829394">
        <ele>2052.490998</ele>
        <time>2026-08-21T11:17:21.608Z</time>
      </trkpt>
      <trkpt lat="46.484657" lon="11.829411">
        <ele>2052.765177</ele>
        <time>2026-08-21T11:17:22.675Z</time>
      </trkpt>
      <trkpt lat="46.484578" lon="11.829324">
        <ele>2053.224589</ele>
        <time>2026-08-21T11:17:24.421Z</time>
      </trkpt>
      <trkpt lat="46.484576" lon="11.829227">
        <ele>2053.534217</ele>
        <time>2026-08-21T11:17:25.560Z</time>
      </trkpt>
      <trkpt lat="46.484694" lon="11.828927">
        <ele>2054.636566</ele>
        <time>2026-08-21T11:17:29.764Z</time>
      </trkpt>
      <trkpt lat="46.484694" lon="11.828825">
        <ele>2054.962007</ele>
        <time>2026-08-21T11:17:31.008Z</time>
      </trkpt>
      <trkpt lat="46.484668" lon="11.828762">
        <ele>2055.196355</ele>
        <time>2026-08-21T11:17:31.880Z</time>
      </trkpt>
      <trkpt lat="46.484620" lon="11.828727">
        <ele>2055.445237</ele>
        <time>2026-08-21T11:17:32.843Z</time>
      </trkpt>
      <trkpt lat="46.484564" lon="11.828734">
        <ele>2055.705690</ele>
        <time>2026-08-21T11:17:33.880Z</time>
      </trkpt>
      <trkpt lat="46.484513" lon="11.828787">
        <ele>2055.996283</ele>
        <time>2026-08-21T11:17:34.992Z</time>
      </trkpt>
      <trkpt lat="46.484483" lon="11.828908">
        <ele>2056.406613</ele>
        <time>2026-08-21T11:17:36.617Z</time>
      </trkpt>
      <trkpt lat="46.484410" lon="11.829201">
        <ele>2057.400780</ele>
        <time>2026-08-21T11:17:40.671Z</time>
      </trkpt>
      <trkpt lat="46.484353" lon="11.829344">
        <ele>2057.927975</ele>
        <time>2026-08-21T11:17:42.917Z</time>
      </trkpt>
      <trkpt lat="46.483996" lon="11.829856">
        <ele>2060.252897</ele>
        <time>2026-08-21T11:17:52.927Z</time>
      </trkpt>
      <trkpt lat="46.483826" lon="11.830253">
        <ele>2062.515241</ele>
        <time>2026-08-21T11:17:58.734Z</time>
      </trkpt>
      <trkpt lat="46.483724" lon="11.830272">
        <ele>2063.314582</ele>
        <time>2026-08-21T11:18:00.761Z</time>
      </trkpt>
      <trkpt lat="46.483681" lon="11.830207">
        <ele>2063.797018</ele>
        <time>2026-08-21T11:18:02.091Z</time>
      </trkpt>
      <trkpt lat="46.483669" lon="11.830120">
        <ele>2064.271908</ele>
        <time>2026-08-21T11:18:03.503Z</time>
      </trkpt>
      <trkpt lat="46.483691" lon="11.830050">
        <ele>2064.683743</ele>
        <time>2026-08-21T11:18:04.738Z</time>
      </trkpt>
      <trkpt lat="46.483924" lon="11.829700">
        <ele>2067.289355</ele>
        <time>2026-08-21T11:18:13.506Z</time>
      </trkpt>
      <trkpt lat="46.483962" lon="11.829573">
        <ele>2068.030483</ele>
        <time>2026-08-21T11:18:16.255Z</time>
      </trkpt>
      <trkpt lat="46.484037" lon="11.829039">
        <ele>2070.947382</ele>
        <time>2026-08-21T11:18:28.070Z</time>
      </trkpt>
      <trkpt lat="46.484065" lon="11.828661">
        <ele>2072.982167</ele>
        <time>2026-08-21T11:18:36.874Z</time>
      </trkpt>
      <trkpt lat="46.483933" lon="11.827802">
        <ele>2078.275334</ele>
        <time>2026-08-21T11:18:57.857Z</time>
      </trkpt>
      <trkpt lat="46.483885" lon="11.827652">
        <ele>2079.326721</ele>
        <time>2026-08-21T11:19:01.784Z</time>
      </trkpt>
      <trkpt lat="46.483615" lon="11.827060">
        <ele>2083.840298</ele>
        <time>2026-08-21T11:19:17.930Z</time>
      </trkpt>
      <trkpt lat="46.483571" lon="11.826924">
        <ele>2084.795437</ele>
        <time>2026-08-21T11:19:21.190Z</time>
      </trkpt>
      <trkpt lat="46.483570" lon="11.826804">
        <ele>2085.558259</ele>
        <time>2026-08-21T11:19:23.711Z</time>
      </trkpt>
      <trkpt lat="46.483604" lon="11.826708">
        <ele>2086.244461</ele>
        <time>2026-08-21T11:19:26.025Z</time>
      </trkpt>
      <trkpt lat="46.483661" lon="11.826639">
        <ele>2086.929470</ele>
        <time>2026-08-21T11:19:28.250Z</time>
      </trkpt>
      <trkpt lat="46.483832" lon="11.826550">
        <ele>2088.606345</ele>
        <time>2026-08-21T11:19:33.680Z</time>
      </trkpt>
      <trkpt lat="46.483930" lon="11.826442">
        <ele>2089.741996</ele>
        <time>2026-08-21T11:19:37.153Z</time>
      </trkpt>
      <trkpt lat="46.484025" lon="11.826269">
        <ele>2091.148524</ele>
        <time>2026-08-21T11:19:41.236Z</time>
      </trkpt>
      <trkpt lat="46.484138" lon="11.825675">
        <ele>2094.200323</ele>
        <time>2026-08-21T11:19:51.440Z</time>
      </trkpt>
      <trkpt lat="46.484316" lon="11.825228">
        <ele>2096.749381</ele>
        <time>2026-08-21T11:19:59.735Z</time>
      </trkpt>
      <trkpt lat="46.484383" lon="11.824903">
        <ele>2098.424104</ele>
        <time>2026-08-21T11:20:05.359Z</time>
      </trkpt>
      <trkpt lat="46.484430" lon="11.824819">
        <ele>2098.958415</ele>
        <time>2026-08-21T11:20:07.290Z</time>
      </trkpt>
      <trkpt lat="46.484605" lon="11.824626">
        <ele>2100.533798</ele>
        <time>2026-08-21T11:20:13.094Z</time>
      </trkpt>
      <trkpt lat="46.484781" lon="11.824378">
        <ele>2102.291901</ele>
        <time>2026-08-21T11:20:19.978Z</time>
      </trkpt>
      <trkpt lat="46.485005" lon="11.824264">
        <ele>2103.993584</ele>
        <time>2026-08-21T11:20:26.731Z</time>
      </trkpt>
      <trkpt lat="46.485027" lon="11.824186">
        <ele>2104.406934</ele>
        <time>2026-08-21T11:20:28.443Z</time>
      </trkpt>
      <trkpt lat="46.485018" lon="11.824098">
        <ele>2104.842371</ele>
        <time>2026-08-21T11:20:30.109Z</time>
      </trkpt>
      <trkpt lat="46.484976" lon="11.824029">
        <ele>2105.293134</ele>
        <time>2026-08-21T11:20:31.930Z</time>
      </trkpt>
      <trkpt lat="46.484914" lon="11.824017">
        <ele>2105.737751</ele>
        <time>2026-08-21T11:20:33.690Z</time>
      </trkpt>
      <trkpt lat="46.484249" lon="11.824185">
        <ele>2110.535825</ele>
        <time>2026-08-21T11:20:53.184Z</time>
      </trkpt>
      <trkpt lat="46.484075" lon="11.824291">
        <ele>2111.877095</ele>
        <time>2026-08-21T11:20:58.359Z</time>
      </trkpt>
      <trkpt lat="46.483609" lon="11.824824">
        <ele>2116.093563</ele>
        <time>2026-08-21T11:21:12.409Z</time>
      </trkpt>
      <trkpt lat="46.483537" lon="11.824944">
        <ele>2116.872599</ele>
        <time>2026-08-21T11:21:14.662Z</time>
      </trkpt>
      <trkpt lat="46.483144" lon="11.825915">
        <ele>2121.978670</ele>
        <time>2026-08-21T11:21:30.578Z</time>
      </trkpt>
      <trkpt lat="46.483113" lon="11.825970">
        <ele>2122.300890</ele>
        <time>2026-08-21T11:21:31.648Z</time>
      </trkpt>
      <trkpt lat="46.483001" lon="11.825989">
        <ele>2123.043294</ele>
        <time>2026-08-21T11:21:34.166Z</time>
      </trkpt>
      <trkpt lat="46.482951" lon="11.825919">
        <ele>2123.500539</ele>
        <time>2026-08-21T11:21:35.739Z</time>
      </trkpt>
      <trkpt lat="46.482929" lon="11.825831">
        <ele>2123.924962</ele>
        <time>2026-08-21T11:21:37.220Z</time>
      </trkpt>
      <trkpt lat="46.482938" lon="11.825745">
        <ele>2124.319315</ele>
        <time>2026-08-21T11:21:38.639Z</time>
      </trkpt>
      <trkpt lat="46.483197" lon="11.825034">
        <ele>2127.965851</ele>
        <time>2026-08-21T11:21:54.719Z</time>
      </trkpt>
      <trkpt lat="46.483277" lon="11.824231">
        <ele>2132.576765</ele>
        <time>2026-08-21T11:22:11.898Z</time>
      </trkpt>
      <trkpt lat="46.483320" lon="11.823951">
        <ele>2134.291333</ele>
        <time>2026-08-21T11:22:17.950Z</time>
      </trkpt>
      <trkpt lat="46.483345" lon="11.823825">
        <ele>2135.075026</ele>
        <time>2026-08-21T11:22:20.781Z</time>
      </trkpt>
      <trkpt lat="46.483405" lon="11.823526">
        <ele>2136.936372</ele>
        <time>2026-08-21T11:22:27.583Z</time>
      </trkpt>
      <trkpt lat="46.483463" lon="11.823230">
        <ele>2138.775681</ele>
        <time>2026-08-21T11:22:34.360Z</time>
      </trkpt>
      <trkpt lat="46.483507" lon="11.823155">
        <ele>2139.364561</ele>
        <time>2026-08-21T11:22:36.448Z</time>
      </trkpt>
      <trkpt lat="46.483797" lon="11.823007">
        <ele>2142.032594</ele>
        <time>2026-08-21T11:22:45.749Z</time>
      </trkpt>
      <trkpt lat="46.483825" lon="11.822911">
        <ele>2142.655694</ele>
        <time>2026-08-21T11:22:47.877Z</time>
      </trkpt>
      <trkpt lat="46.483805" lon="11.822831">
        <ele>2143.164358</ele>
        <time>2026-08-21T11:22:49.553Z</time>
      </trkpt>
      <trkpt lat="46.483713" lon="11.822782">
        <ele>2144.014905</ele>
        <time>2026-08-21T11:22:52.186Z</time>
      </trkpt>
      <trkpt lat="46.483277" lon="11.822789">
        <ele>2147.194768</ele>
        <time>2026-08-21T11:23:03.107Z</time>
      </trkpt>
      <trkpt lat="46.483211" lon="11.822828">
        <ele>2147.705553</ele>
        <time>2026-08-21T11:23:04.878Z</time>
      </trkpt>
      <trkpt lat="46.483157" lon="11.822923">
        <ele>2148.313609</ele>
        <time>2026-08-21T11:23:06.974Z</time>
      </trkpt>
      <trkpt lat="46.483064" lon="11.823224">
        <ele>2149.942064</ele>
        <time>2026-08-21T11:23:13.140Z</time>
      </trkpt>
      <trkpt lat="46.482994" lon="11.823331">
        <ele>2150.670586</ele>
        <time>2026-08-21T11:23:16.208Z</time>
      </trkpt>
      <trkpt lat="46.482917" lon="11.823393">
        <ele>2151.301722</ele>
        <time>2026-08-21T11:23:18.971Z</time>
      </trkpt>
      <trkpt lat="46.482341" lon="11.823652">
        <ele>2155.624167</ele>
        <time>2026-08-21T11:23:34.749Z</time>
      </trkpt>
      <trkpt lat="46.482229" lon="11.823671">
        <ele>2156.432499</ele>
        <time>2026-08-21T11:23:37.202Z</time>
      </trkpt>
      <trkpt lat="46.482142" lon="11.823644">
        <ele>2157.070240</ele>
        <time>2026-08-21T11:23:39.116Z</time>
      </trkpt>
      <trkpt lat="46.482071" lon="11.823565">
        <ele>2157.731783</ele>
        <time>2026-08-21T11:23:41.045Z</time>
      </trkpt>
      <trkpt lat="46.482026" lon="11.823442">
        <ele>2158.447783</ele>
        <time>2026-08-21T11:23:43.134Z</time>
      </trkpt>
      <trkpt lat="46.482015" lon="11.823306">
        <ele>2159.151712</ele>
        <time>2026-08-21T11:23:45.212Z</time>
      </trkpt>
      <trkpt lat="46.482045" lon="11.823154">
        <ele>2159.964548</ele>
        <time>2026-08-21T11:23:47.713Z</time>
      </trkpt>
      <trkpt lat="46.482121" lon="11.823041">
        <ele>2160.776550</ele>
        <time>2026-08-21T11:23:50.205Z</time>
      </trkpt>
      <trkpt lat="46.482252" lon="11.822956">
        <ele>2161.847703</ele>
        <time>2026-08-21T11:23:53.754Z</time>
      </trkpt>
      <trkpt lat="46.482431" lon="11.822840">
        <ele>2163.311035</ele>
        <time>2026-08-21T11:23:58.893Z</time>
      </trkpt>
      <trkpt lat="46.482572" lon="11.822749">
        <ele>2164.462933</ele>
        <time>2026-08-21T11:24:03.251Z</time>
      </trkpt>
      <trkpt lat="46.482730" lon="11.822594">
        <ele>2165.886378</ele>
        <time>2026-08-21T11:24:08.625Z</time>
      </trkpt>
      <trkpt lat="46.482861" lon="11.822375">
        <ele>2167.377625</ele>
        <time>2026-08-21T11:24:14.309Z</time>
      </trkpt>
      <trkpt lat="46.482945" lon="11.822132">
        <ele>2168.775346</ele>
        <time>2026-08-21T11:24:19.636Z</time>
      </trkpt>
      <trkpt lat="46.483072" lon="11.821442">
        <ele>2172.619676</ele>
        <time>2026-08-21T11:24:34.446Z</time>
      </trkpt>
      <trkpt lat="46.483145" lon="11.820970">
        <ele>2175.345334</ele>
        <time>2026-08-21T11:24:45.146Z</time>
      </trkpt>
      <trkpt lat="46.483178" lon="11.820748">
        <ele>2176.624966</ele>
        <time>2026-08-21T11:24:50.065Z</time>
      </trkpt>
      <trkpt lat="46.483207" lon="11.820171">
        <ele>2179.884612</ele>
        <time>2026-08-21T11:25:02.051Z</time>
      </trkpt>
      <trkpt lat="46.483230" lon="11.819856">
        <ele>2181.669370</ele>
        <time>2026-08-21T11:25:07.961Z</time>
      </trkpt>
      <trkpt lat="46.483287" lon="11.819575">
        <ele>2183.319881</ele>
        <time>2026-08-21T11:25:13.064Z</time>
      </trkpt>
      <trkpt lat="46.483569" lon="11.818518">
        <ele>2188.544316</ele>
        <time>2026-08-21T11:25:32.439Z</time>
      </trkpt>
      <trkpt lat="46.483646" lon="11.818257">
        <ele>2189.715805</ele>
        <time>2026-08-21T11:25:37.068Z</time>
      </trkpt>
      <trkpt lat="46.483737" lon="11.817948">
        <ele>2191.102359</ele>
        <time>2026-08-21T11:25:42.355Z</time>
      </trkpt>
      <trkpt lat="46.483798" lon="11.817745">
        <ele>2192.016157</ele>
        <time>2026-08-21T11:25:45.763Z</time>
      </trkpt>
      <trkpt lat="46.483915" lon="11.817363">
        <ele>2193.741059</ele>
        <time>2026-08-21T11:25:52.169Z</time>
      </trkpt>
      <trkpt lat="46.483990" lon="11.817266">
        <ele>2194.342807</ele>
        <time>2026-08-21T11:25:54.393Z</time>
      </trkpt>
      <trkpt lat="46.484541" lon="11.817096">
        <ele>2197.624190</ele>
        <time>2026-08-21T11:26:06.990Z</time>
      </trkpt>
      <trkpt lat="46.484679" lon="11.816957">
        <ele>2198.570571</ele>
        <time>2026-08-21T11:26:10.705Z</time>
      </trkpt>
      <trkpt lat="46.485225" lon="11.815850">
        <ele>2203.854142</ele>
        <time>2026-08-21T11:26:29.173Z</time>
      </trkpt>
      <trkpt lat="46.485294" lon="11.815765">
        <ele>2204.364005</ele>
        <time>2026-08-21T11:26:31.306Z</time>
      </trkpt>
      <trkpt lat="46.485382" lon="11.815728">
        <ele>2204.880266</ele>
        <time>2026-08-21T11:26:33.513Z</time>
      </trkpt>
      <trkpt lat="46.485493" lon="11.815729">
        <ele>2205.505786</ele>
        <time>2026-08-21T11:26:36.325Z</time>
      </trkpt>
      <trkpt lat="46.485938" lon="11.815987">
        <ele>2209.719600</ele>
        <time>2026-08-21T11:26:49.513Z</time>
      </trkpt>
      <trkpt lat="46.486004" lon="11.815993">
        <ele>2210.384857</ele>
        <time>2026-08-21T11:26:51.454Z</time>
      </trkpt>
      <trkpt lat="46.486094" lon="11.815965">
        <ele>2211.310792</ele>
        <time>2026-08-21T11:26:54.220Z</time>
      </trkpt>
      <trkpt lat="46.486720" lon="11.815334">
        <ele>2218.976394</ele>
        <time>2026-08-21T11:27:21.952Z</time>
      </trkpt>
      <trkpt lat="46.486786" lon="11.815228">
        <ele>2219.966294</ele>
        <time>2026-08-21T11:27:26.227Z</time>
      </trkpt>
      <trkpt lat="46.486842" lon="11.814988">
        <ele>2221.721517</ele>
        <time>2026-08-21T11:27:33.415Z</time>
      </trkpt>
      <trkpt lat="46.486723" lon="11.813872">
        <ele>2227.841997</ele>
        <time>2026-08-21T11:27:58.876Z</time>
      </trkpt>
      <trkpt lat="46.486770" lon="11.813618">
        <ele>2229.064299</ele>
        <time>2026-08-21T11:28:04.353Z</time>
      </trkpt>
      <trkpt lat="46.486839" lon="11.813545">
        <ele>2229.640490</ele>
        <time>2026-08-21T11:28:06.831Z</time>
      </trkpt>
      <trkpt lat="46.486967" lon="11.813539">
        <ele>2230.504901</ele>
        <time>2026-08-21T11:28:10.706Z</time>
      </trkpt>
      <trkpt lat="46.487109" lon="11.813629">
        <ele>2231.550643</ele>
        <time>2026-08-21T11:28:14.998Z</time>
      </trkpt>
      <trkpt lat="46.487221" lon="11.813677">
        <ele>2232.338833</ele>
        <time>2026-08-21T11:28:18.058Z</time>
      </trkpt>
      <trkpt lat="46.487279" lon="11.813670">
        <ele>2232.731664</ele>
        <time>2026-08-21T11:28:19.318Z</time>
      </trkpt>
      <trkpt lat="46.487368" lon="11.813534">
        <ele>2233.603631</ele>
        <time>2026-08-21T11:28:21.993Z</time>
      </trkpt>
      <trkpt lat="46.487396" lon="11.813339">
        <ele>2234.529344</ele>
        <time>2026-08-21T11:28:24.396Z</time>
      </trkpt>
      <trkpt lat="46.487422" lon="11.812962">
        <ele>2236.290127</ele>
        <time>2026-08-21T11:28:27.437Z</time>
      </trkpt>
      <trkpt lat="46.487439" lon="11.812703">
        <ele>2236.041518</ele>
        <time>2026-08-21T11:28:28.846Z</time>
      </trkpt>
      <trkpt lat="46.487541" lon="11.812226">
        <ele>2234.933218</ele>
        <time>2026-08-21T11:28:32.602Z</time>
      </trkpt>
      <trkpt lat="46.487641" lon="11.812016">
        <ele>2234.366655</ele>
        <time>2026-08-21T11:28:34.403Z</time>
      </trkpt>
      <trkpt lat="46.487741" lon="11.811843">
        <ele>2233.865435</ele>
        <time>2026-08-21T11:28:35.516Z</time>
      </trkpt>
      <trkpt lat="46.487863" lon="11.811634">
        <ele>2233.257441</ele>
        <time>2026-08-21T11:28:36.672Z</time>
      </trkpt>
      <trkpt lat="46.488039" lon="11.811318">
        <ele>2232.355570</ele>
        <time>2026-08-21T11:28:38.246Z</time>
      </trkpt>
      <trkpt lat="46.488209" lon="11.810846">
        <ele>2231.173603</ele>
        <time>2026-08-21T11:28:40.192Z</time>
      </trkpt>
      <trkpt lat="46.488256" lon="11.810698">
        <ele>2230.811958</ele>
        <time>2026-08-21T11:28:40.780Z</time>
      </trkpt>
      <trkpt lat="46.488459" lon="11.810118">
        <ele>2226.860222</ele>
        <time>2026-08-21T11:28:43.129Z</time>
      </trkpt>
      <trkpt lat="46.488565" lon="11.809855">
        <ele>2224.925633</ele>
        <time>2026-08-21T11:28:44.223Z</time>
      </trkpt>
      <trkpt lat="46.488603" lon="11.809761">
        <ele>2224.233651</ele>
        <time>2026-08-21T11:28:44.610Z</time>
      </trkpt>
      <trkpt lat="46.488903" lon="11.808949">
        <ele>2218.383717</ele>
        <time>2026-08-21T11:28:47.879Z</time>
      </trkpt>
      <trkpt lat="46.489003" lon="11.807479">
        <ele>2210.335561</ele>
        <time>2026-08-21T11:28:53.190Z</time>
      </trkpt>
      <trkpt lat="46.489169" lon="11.806950">
        <ele>2207.601979</ele>
        <time>2026-08-21T11:28:55.373Z</time>
      </trkpt>
      <trkpt lat="46.489174" lon="11.806894">
        <ele>2207.336457</ele>
        <time>2026-08-21T11:28:55.589Z</time>
      </trkpt>
      <trkpt lat="46.489142" lon="11.806813">
        <ele>2206.897341</ele>
        <time>2026-08-21T11:28:55.954Z</time>
      </trkpt>
      <trkpt lat="46.489075" lon="11.806784">
        <ele>2206.419875</ele>
        <time>2026-08-21T11:28:56.361Z</time>
      </trkpt>
      <trkpt lat="46.489017" lon="11.806811">
        <ele>2206.003914</ele>
        <time>2026-08-21T11:28:56.702Z</time>
      </trkpt>
      <trkpt lat="46.488531" lon="11.807856">
        <ele>2199.794801</ele>
        <time>2026-08-21T11:29:01.554Z</time>
      </trkpt>
      <trkpt lat="46.488431" lon="11.807942">
        <ele>2198.876090</ele>
        <time>2026-08-21T11:29:02.189Z</time>
      </trkpt>
      <trkpt lat="46.488320" lon="11.807913">
        <ele>2197.984522</ele>
        <time>2026-08-21T11:29:02.810Z</time>
      </trkpt>
      <trkpt lat="46.488266" lon="11.807800">
        <ele>2197.235857</ele>
        <time>2026-08-21T11:29:03.329Z</time>
      </trkpt>
      <trkpt lat="46.488264" lon="11.807682">
        <ele>2196.593412</ele>
        <time>2026-08-21T11:29:03.771Z</time>
      </trkpt>
      <trkpt lat="46.488529" lon="11.806865">
        <ele>2191.677903</ele>
        <time>2026-08-21T11:29:07.039Z</time>
      </trkpt>
      <trkpt lat="46.488780" lon="11.805380">
        <ele>2183.136668</ele>
        <time>2026-08-21T11:29:12.479Z</time>
      </trkpt>
      <trkpt lat="46.488742" lon="11.805271">
        <ele>2182.437655</ele>
        <time>2026-08-21T11:29:12.923Z</time>
      </trkpt>
      <trkpt lat="46.488706" lon="11.805240">
        <ele>2182.089876</ele>
        <time>2026-08-21T11:29:13.139Z</time>
      </trkpt>
      <trkpt lat="46.488625" lon="11.805238">
        <ele>2181.416681</ele>
        <time>2026-08-21T11:29:13.572Z</time>
      </trkpt>
      <trkpt lat="46.488537" lon="11.805325">
        <ele>2180.532084</ele>
        <time>2026-08-21T11:29:14.132Z</time>
      </trkpt>
      <trkpt lat="46.488378" lon="11.805665">
        <ele>2178.180540</ele>
        <time>2026-08-21T11:29:15.627Z</time>
      </trkpt>
      <trkpt lat="46.488323" lon="11.805698">
        <ele>2177.686036</ele>
        <time>2026-08-21T11:29:15.944Z</time>
      </trkpt>
      <trkpt lat="46.488220" lon="11.805658">
        <ele>2176.800054</ele>
        <time>2026-08-21T11:29:16.507Z</time>
      </trkpt>
      <trkpt lat="46.488168" lon="11.805534">
        <ele>2175.969368</ele>
        <time>2026-08-21T11:29:17.044Z</time>
      </trkpt>
      <trkpt lat="46.488189" lon="11.805369">
        <ele>2175.009348</ele>
        <time>2026-08-21T11:29:17.666Z</time>
      </trkpt>
      <trkpt lat="46.488355" lon="11.804991">
        <ele>2172.494174</ele>
        <time>2026-08-21T11:29:19.331Z</time>
      </trkpt>
      <trkpt lat="46.488667" lon="11.804503">
        <ele>2169.481641</ele>
        <time>2026-08-21T11:29:21.823Z</time>
      </trkpt>
      <trkpt lat="46.488687" lon="11.804432">
        <ele>2169.134624</ele>
        <time>2026-08-21T11:29:22.110Z</time>
      </trkpt>
      <trkpt lat="46.488662" lon="11.804355">
        <ele>2168.749519</ele>
        <time>2026-08-21T11:29:22.429Z</time>
      </trkpt>
      <trkpt lat="46.488577" lon="11.804335">
        <ele>2168.183766</ele>
        <time>2026-08-21T11:29:22.897Z</time>
      </trkpt>
      <trkpt lat="46.488194" lon="11.804743">
        <ele>2165.063077</ele>
        <time>2026-08-21T11:29:25.469Z</time>
      </trkpt>
      <trkpt lat="46.488102" lon="11.804686">
        <ele>2164.405915</ele>
        <time>2026-08-21T11:29:26.013Z</time>
      </trkpt>
      <trkpt lat="46.488087" lon="11.804522">
        <ele>2163.657518</ele>
        <time>2026-08-21T11:29:26.638Z</time>
      </trkpt>
      <trkpt lat="46.488154" lon="11.804400">
        <ele>2162.951571</ele>
        <time>2026-08-21T11:29:27.230Z</time>
      </trkpt>
      <trkpt lat="46.488426" lon="11.804061">
        <ele>2160.579719</ele>
        <time>2026-08-21T11:29:29.206Z</time>
      </trkpt>
      <trkpt lat="46.488665" lon="11.803859">
        <ele>2158.648096</ele>
        <time>2026-08-21T11:29:30.721Z</time>
      </trkpt>
      <trkpt lat="46.488814" lon="11.803669">
        <ele>2157.263045</ele>
        <time>2026-08-21T11:29:31.808Z</time>
      </trkpt>
      <trkpt lat="46.489136" lon="11.803237">
        <ele>2154.200984</ele>
        <time>2026-08-21T11:29:34.179Z</time>
      </trkpt>
      <trkpt lat="46.489147" lon="11.803173">
        <ele>2153.883734</ele>
        <time>2026-08-21T11:29:34.424Z</time>
      </trkpt>
      <trkpt lat="46.489128" lon="11.803085">
        <ele>2153.440180</ele>
        <time>2026-08-21T11:29:34.769Z</time>
      </trkpt>
      <trkpt lat="46.489058" lon="11.803035">
        <ele>2152.895267</ele>
        <time>2026-08-21T11:29:35.188Z</time>
      </trkpt>
      <trkpt lat="46.488911" lon="11.803168">
        <ele>2151.685469</ele>
        <time>2026-08-21T11:29:36.117Z</time>
      </trkpt>
      <trkpt lat="46.488412" lon="11.803325">
        <ele>2148.058682</ele>
        <time>2026-08-21T11:29:38.842Z</time>
      </trkpt>
      <trkpt lat="46.488349" lon="11.803325">
        <ele>2147.473164</ele>
        <time>2026-08-21T11:29:39.179Z</time>
      </trkpt>
      <trkpt lat="46.488277" lon="11.803280">
        <ele>2146.744676</ele>
        <time>2026-08-21T11:29:39.596Z</time>
      </trkpt>
      <trkpt lat="46.488231" lon="11.803161">
        <ele>2145.871400</ele>
        <time>2026-08-21T11:29:40.096Z</time>
      </trkpt>
      <trkpt lat="46.488237" lon="11.802979">
        <ele>2144.705464</ele>
        <time>2026-08-21T11:29:40.756Z</time>
      </trkpt>
      <trkpt lat="46.488574" lon="11.802165">
        <ele>2138.627610</ele>
        <time>2026-08-21T11:29:44.156Z</time>
      </trkpt>
      <trkpt lat="46.488743" lon="11.801767">
        <ele>2135.635463</ele>
        <time>2026-08-21T11:30:01.196Z</time>
      </trkpt>
      <trkpt lat="46.488914" lon="11.801335">
        <ele>2132.446873</ele>
        <time>2026-08-21T11:30:02.962Z</time>
      </trkpt>
      <trkpt lat="46.488936" lon="11.801171">
        <ele>2131.381016</ele>
        <time>2026-08-21T11:30:03.554Z</time>
      </trkpt>
      <trkpt lat="46.488921" lon="11.801020">
        <ele>2130.420292</ele>
        <time>2026-08-21T11:30:04.096Z</time>
      </trkpt>
      <trkpt lat="46.488879" lon="11.800906">
        <ele>2129.606092</ele>
        <time>2026-08-21T11:30:04.553Z</time>
      </trkpt>
      <trkpt lat="46.488795" lon="11.800797">
        <ele>2128.575843</ele>
        <time>2026-08-21T11:30:05.139Z</time>
      </trkpt>
      <trkpt lat="46.488681" lon="11.800734">
        <ele>2127.460237</ele>
        <time>2026-08-21T11:30:05.768Z</time>
      </trkpt>
      <trkpt lat="46.488556" lon="11.800728">
        <ele>2126.316321</ele>
        <time>2026-08-21T11:30:06.413Z</time>
      </trkpt>
      <trkpt lat="46.488241" lon="11.800911">
        <ele>2123.213301</ele>
        <time>2026-08-21T11:30:08.169Z</time>
      </trkpt>
      <trkpt lat="46.488163" lon="11.800918">
        <ele>2122.498526</ele>
        <time>2026-08-21T11:30:08.570Z</time>
      </trkpt>
      <trkpt lat="46.487311" lon="11.800603">
        <ele>2114.622581</ele>
        <time>2026-08-21T11:30:13.204Z</time>
      </trkpt>
      <trkpt lat="46.487110" lon="11.800487">
        <ele>2113.127774</ele>
        <time>2026-08-21T11:30:14.364Z</time>
      </trkpt>
      <trkpt lat="46.486709" lon="11.800174">
        <ele>2109.981497</ele>
        <time>2026-08-21T11:30:16.800Z</time>
      </trkpt>
      <trkpt lat="46.486467" lon="11.799886">
        <ele>2107.819209</ele>
        <time>2026-08-21T11:30:18.492Z</time>
      </trkpt>
      <trkpt lat="46.486216" lon="11.799792">
        <ele>2106.027747</ele>
        <time>2026-08-21T11:30:19.913Z</time>
      </trkpt>
      <trkpt lat="46.486155" lon="11.799695">
        <ele>2105.402613</ele>
        <time>2026-08-21T11:30:20.414Z</time>
      </trkpt>
      <trkpt lat="46.486181" lon="11.799548">
        <ele>2104.680389</ele>
        <time>2026-08-21T11:30:20.990Z</time>
      </trkpt>
      <trkpt lat="46.486258" lon="11.799506">
        <ele>2104.111931</ele>
        <time>2026-08-21T11:30:21.452Z</time>
      </trkpt>
      <trkpt lat="46.487131" lon="11.799790">
        <ele>2097.636065</ele>
        <time>2026-08-21T11:30:26.341Z</time>
      </trkpt>
      <trkpt lat="46.487207" lon="11.799784">
        <ele>2097.077765</ele>
        <time>2026-08-21T11:30:26.746Z</time>
      </trkpt>
      <trkpt lat="46.487239" lon="11.799758">
        <ele>2096.808805</ele>
        <time>2026-08-21T11:30:26.946Z</time>
      </trkpt>
      <trkpt lat="46.487261" lon="11.799675">
        <ele>2096.359630</ele>
        <time>2026-08-21T11:30:27.280Z</time>
      </trkpt>
      <trkpt lat="46.487224" lon="11.799557">
        <ele>2095.704790</ele>
        <time>2026-08-21T11:30:27.764Z</time>
      </trkpt>
      <trkpt lat="46.486960" lon="11.799450">
        <ele>2093.694304</ele>
        <time>2026-08-21T11:30:29.228Z</time>
      </trkpt>
      <trkpt lat="46.486824" lon="11.799293">
        <ele>2092.419977</ele>
        <time>2026-08-21T11:30:30.140Z</time>
      </trkpt>
      <trkpt lat="46.486635" lon="11.799034">
        <ele>2090.513924</ele>
        <time>2026-08-21T11:30:31.502Z</time>
      </trkpt>
      <trkpt lat="46.486046" lon="11.798201">
        <ele>2083.792255</ele>
        <time>2026-08-21T11:30:35.815Z</time>
      </trkpt>
      <trkpt lat="46.485946" lon="11.798142">
        <ele>2082.891616</ele>
        <time>2026-08-21T11:30:36.385Z</time>
      </trkpt>
      <trkpt lat="46.485729" lon="11.798170">
        <ele>2081.073801</ele>
        <time>2026-08-21T11:30:37.530Z</time>
      </trkpt>
      <trkpt lat="46.485668" lon="11.798137">
        <ele>2080.530643</ele>
        <time>2026-08-21T11:30:37.866Z</time>
      </trkpt>
      <trkpt lat="46.485633" lon="11.798020">
        <ele>2079.797747</ele>
        <time>2026-08-21T11:30:38.329Z</time>
      </trkpt>
      <trkpt lat="46.485660" lon="11.797907">
        <ele>2079.110553</ele>
        <time>2026-08-21T11:30:38.760Z</time>
      </trkpt>
      <trkpt lat="46.485693" lon="11.797870">
        <ele>2078.762689</ele>
        <time>2026-08-21T11:30:38.978Z</time>
      </trkpt>
      <trkpt lat="46.485765" lon="11.797865">
        <ele>2078.161223</ele>
        <time>2026-08-21T11:30:39.357Z</time>
      </trkpt>
      <trkpt lat="46.485883" lon="11.797915">
        <ele>2077.135563</ele>
        <time>2026-08-21T11:30:40.005Z</time>
      </trkpt>
      <trkpt lat="46.486013" lon="11.797882">
        <ele>2076.034378</ele>
        <time>2026-08-21T11:30:40.708Z</time>
      </trkpt>
      <trkpt lat="46.486086" lon="11.797785">
        <ele>2075.208787</ele>
        <time>2026-08-21T11:30:41.231Z</time>
      </trkpt>
      <trkpt lat="46.486241" lon="11.797469">
        <ele>2072.965430</ele>
        <time>2026-08-21T11:30:42.665Z</time>
      </trkpt>
      <trkpt lat="46.486299" lon="11.797401">
        <ele>2072.337619</ele>
        <time>2026-08-21T11:30:43.070Z</time>
      </trkpt>
      <trkpt lat="46.486410" lon="11.797346">
        <ele>2071.349805</ele>
        <time>2026-08-21T11:30:43.699Z</time>
      </trkpt>
      <trkpt lat="46.486519" lon="11.797354">
        <ele>2070.430574</ele>
        <time>2026-08-21T11:30:44.283Z</time>
      </trkpt>
      <trkpt lat="46.486599" lon="11.797400">
        <ele>2069.705886</ele>
        <time>2026-08-21T11:30:44.745Z</time>
      </trkpt>
      <trkpt lat="46.486819" lon="11.797717">
        <ele>2067.095733</ele>
        <time>2026-08-21T11:30:46.390Z</time>
      </trkpt>
      <trkpt lat="46.486906" lon="11.797746">
        <ele>2066.343919</ele>
        <time>2026-08-21T11:30:46.858Z</time>
      </trkpt>
      <trkpt lat="46.486954" lon="11.797727">
        <ele>2065.924891</ele>
        <time>2026-08-21T11:30:47.120Z</time>
      </trkpt>
      <trkpt lat="46.487031" lon="11.797610">
        <ele>2064.986300</ele>
        <time>2026-08-21T11:30:47.707Z</time>
      </trkpt>
      <trkpt lat="46.487048" lon="11.797322">
        <ele>2063.310036</ele>
        <time>2026-08-21T11:30:48.755Z</time>
      </trkpt>
      <trkpt lat="46.487094" lon="11.797190">
        <ele>2062.452093</ele>
        <time>2026-08-21T11:30:49.293Z</time>
      </trkpt>
      <trkpt lat="46.487191" lon="11.797123">
        <ele>2061.547421</ele>
        <time>2026-08-21T11:30:49.858Z</time>
      </trkpt>
      <trkpt lat="46.487611" lon="11.796986">
        <ele>2057.368725</ele>
        <time>2026-08-21T11:30:52.090Z</time>
      </trkpt>
      <trkpt lat="46.487702" lon="11.796889">
        <ele>2056.050301</ele>
        <time>2026-08-21T11:30:52.670Z</time>
      </trkpt>
      <trkpt lat="46.487743" lon="11.796797">
        <ele>2055.168986</ele>
        <time>2026-08-21T11:30:53.056Z</time>
      </trkpt>
      <trkpt lat="46.487766" lon="11.796700">
        <ele>2054.343960</ele>
        <time>2026-08-21T11:30:53.417Z</time>
      </trkpt>
      <trkpt lat="46.487759" lon="11.796509">
        <ele>2052.805785</ele>
        <time>2026-08-21T11:30:54.089Z</time>
      </trkpt>
      <trkpt lat="46.487667" lon="11.796137">
        <ele>2049.627060</ele>
        <time>2026-08-21T11:30:55.467Z</time>
      </trkpt>
      <trkpt lat="46.487603" lon="11.793578">
        <ele>2030.393465</ele>
        <time>2026-08-21T11:31:04.368Z</time>
      </trkpt>
      <trkpt lat="46.487633" lon="11.793319">
        <ele>2028.589727</ele>
        <time>2026-08-21T11:31:05.306Z</time>
      </trkpt>
      <trkpt lat="46.487719" lon="11.793115">
        <ele>2026.946950</ele>
        <time>2026-08-21T11:31:06.161Z</time>
      </trkpt>
      <trkpt lat="46.487772" lon="11.793044">
        <ele>2026.227752</ele>
        <time>2026-08-21T11:31:06.539Z</time>
      </trkpt>
      <trkpt lat="46.488399" lon="11.792768">
        <ele>2020.183212</ele>
        <time>2026-08-21T11:31:10.029Z</time>
      </trkpt>
      <trkpt lat="46.489061" lon="11.791999">
        <ele>2017.571424</ele>
        <time>2026-08-21T11:31:14.841Z</time>
      </trkpt>
      <trkpt lat="46.489265" lon="11.791519">
        <ele>2016.374824</ele>
        <time>2026-08-21T11:31:17.455Z</time>
      </trkpt>
      <trkpt lat="46.489329" lon="11.791466">
        <ele>2016.147835</ele>
        <time>2026-08-21T11:31:18.105Z</time>
      </trkpt>
      <trkpt lat="46.489438" lon="11.791472">
        <ele>2015.811755</ele>
        <time>2026-08-21T11:31:19.219Z</time>
      </trkpt>
      <trkpt lat="46.489722" lon="11.791631">
        <ele>2014.873971</ele>
        <time>2026-08-21T11:31:23.195Z</time>
      </trkpt>
      <trkpt lat="46.489890" lon="11.791993">
        <ele>2013.106634</ele>
        <time>2026-08-21T11:31:26.426Z</time>
      </trkpt>
      <trkpt lat="46.489994" lon="11.792344">
        <ele>2011.548961</ele>
        <time>2026-08-21T11:31:28.506Z</time>
      </trkpt>
      <trkpt lat="46.490015" lon="11.792612">
        <ele>2010.449448</ele>
        <time>2026-08-21T11:31:29.714Z</time>
      </trkpt>
      <trkpt lat="46.490046" lon="11.792738">
        <ele>2009.904019</ele>
        <time>2026-08-21T11:31:30.267Z</time>
      </trkpt>
      <trkpt lat="46.490102" lon="11.792789">
        <ele>2009.512670</ele>
        <time>2026-08-21T11:31:30.650Z</time>
      </trkpt>
      <trkpt lat="46.490155" lon="11.792786">
        <ele>2009.198630</ele>
        <time>2026-08-21T11:31:30.954Z</time>
      </trkpt>
      <trkpt lat="46.490237" lon="11.792716">
        <ele>2008.635483</ele>
        <time>2026-08-21T11:31:31.484Z</time>
      </trkpt>
      <trkpt lat="46.490248" lon="11.792668">
        <ele>2008.429265</ele>
        <time>2026-08-21T11:31:31.677Z</time>
      </trkpt>
      <trkpt lat="46.490264" lon="11.792606">
        <ele>2008.159362</ele>
        <time>2026-08-21T11:31:31.924Z</time>
      </trkpt>
      <trkpt lat="46.490219" lon="11.792450">
        <ele>2007.469894</ele>
        <time>2026-08-21T11:31:32.543Z</time>
      </trkpt>
      <trkpt lat="46.490120" lon="11.792254">
        <ele>2006.478976</ele>
        <time>2026-08-21T11:31:33.408Z</time>
      </trkpt>
      <trkpt lat="46.490052" lon="11.791992">
        <ele>2005.337608</ele>
        <time>2026-08-21T11:31:34.384Z</time>
      </trkpt>
      <trkpt lat="46.489950" lon="11.791420">
        <ele>2001.709217</ele>
        <time>2026-08-21T11:31:36.410Z</time>
      </trkpt>
      <trkpt lat="46.489884" lon="11.791197">
        <ele>1999.778550</ele>
        <time>2026-08-21T11:31:37.236Z</time>
      </trkpt>
      <trkpt lat="46.489677" lon="11.790802">
        <ele>1995.830147</ele>
        <time>2026-08-21T11:31:38.931Z</time>
      </trkpt>
      <trkpt lat="46.489537" lon="11.790629">
        <ele>1993.706603</ele>
        <time>2026-08-21T11:31:39.846Z</time>
      </trkpt>
      <trkpt lat="46.489410" lon="11.790530">
        <ele>1992.041440</ele>
        <time>2026-08-21T11:31:40.572Z</time>
      </trkpt>
      <trkpt lat="46.489275" lon="11.790518">
        <ele>1990.478891</ele>
        <time>2026-08-21T11:31:41.257Z</time>
      </trkpt>
      <trkpt lat="46.489132" lon="11.790580">
        <ele>1988.754803</ele>
        <time>2026-08-21T11:31:42.017Z</time>
      </trkpt>
      <trkpt lat="46.488909" lon="11.790818">
        <ele>1985.557789</ele>
        <time>2026-08-21T11:31:43.465Z</time>
      </trkpt>
      <trkpt lat="46.487912" lon="11.791417">
        <ele>1981.599941</ele>
        <time>2026-08-21T11:31:50.015Z</time>
      </trkpt>
      <trkpt lat="46.487759" lon="11.791456">
        <ele>1981.281951</ele>
        <time>2026-08-21T11:31:51.548Z</time>
      </trkpt>
      <trkpt lat="46.487635" lon="11.791436">
        <ele>1981.026552</ele>
        <time>2026-08-21T11:31:52.866Z</time>
      </trkpt>
      <trkpt lat="46.487191" lon="11.791267">
        <ele>1980.086955</ele>
        <time>2026-08-21T11:31:58.041Z</time>
      </trkpt>
      <trkpt lat="46.487021" lon="11.791251">
        <ele>1979.727639</ele>
        <time>2026-08-21T11:31:59.824Z</time>
      </trkpt>
      <trkpt lat="46.486915" lon="11.791298">
        <ele>1979.295908</ele>
        <time>2026-08-21T11:32:00.835Z</time>
      </trkpt>
      <trkpt lat="46.486838" lon="11.791407">
        <ele>1978.877056</ele>
        <time>2026-08-21T11:32:01.719Z</time>
      </trkpt>
      <trkpt lat="46.486756" lon="11.791595">
        <ele>1978.280158</ele>
        <time>2026-08-21T11:32:02.798Z</time>
      </trkpt>
      <trkpt lat="46.486704" lon="11.791878">
        <ele>1977.494559</ele>
        <time>2026-08-21T11:32:04.044Z</time>
      </trkpt>
      <trkpt lat="46.486635" lon="11.792005">
        <ele>1977.060654</ele>
        <time>2026-08-21T11:32:04.693Z</time>
      </trkpt>
      <trkpt lat="46.486562" lon="11.792046">
        <ele>1976.755765</ele>
        <time>2026-08-21T11:32:05.140Z</time>
      </trkpt>
      <trkpt lat="46.486486" lon="11.792050">
        <ele>1976.459516</ele>
        <time>2026-08-21T11:32:05.563Z</time>
      </trkpt>
      <trkpt lat="46.486416" lon="11.792012">
        <ele>1976.168410</ele>
        <time>2026-08-21T11:32:05.986Z</time>
      </trkpt>
      <trkpt lat="46.486295" lon="11.791826">
        <ele>1975.482082</ele>
        <time>2026-08-21T11:32:06.962Z</time>
      </trkpt>
      <trkpt lat="46.486139" lon="11.791531">
        <ele>1974.484420</ele>
        <time>2026-08-21T11:32:08.388Z</time>
      </trkpt>
      <trkpt lat="46.485952" lon="11.790998">
        <ele>1972.879946</ele>
        <time>2026-08-21T11:32:10.669Z</time>
      </trkpt>
      <trkpt lat="46.485823" lon="11.790859">
        <ele>1971.694736</ele>
        <time>2026-08-21T11:32:11.553Z</time>
      </trkpt>
      <trkpt lat="46.485771" lon="11.790836">
        <ele>1971.240801</ele>
        <time>2026-08-21T11:32:11.853Z</time>
      </trkpt>
      <trkpt lat="46.485572" lon="11.790780">
        <ele>1969.548075</ele>
        <time>2026-08-21T11:32:12.963Z</time>
      </trkpt>
      <trkpt lat="46.485222" lon="11.790904">
        <ele>1966.539572</ele>
        <time>2026-08-21T11:32:14.937Z</time>
      </trkpt>
      <trkpt lat="46.485095" lon="11.791033">
        <ele>1965.245370</ele>
        <time>2026-08-21T11:32:15.781Z</time>
      </trkpt>
      <trkpt lat="46.485014" lon="11.791059">
        <ele>1964.552627</ele>
        <time>2026-08-21T11:32:16.231Z</time>
      </trkpt>
      <trkpt lat="46.484950" lon="11.791029">
        <ele>1963.991025</ele>
        <time>2026-08-21T11:32:16.600Z</time>
      </trkpt>
      <trkpt lat="46.484868" lon="11.790851">
        <ele>1962.759587</ele>
        <time>2026-08-21T11:32:17.404Z</time>
      </trkpt>
      <trkpt lat="46.484848" lon="11.790735">
        <ele>1962.072001</ele>
        <time>2026-08-21T11:32:17.842Z</time>
      </trkpt>
      <trkpt lat="46.484814" lon="11.790207">
        <ele>1959.022780</ele>
        <time>2026-08-21T11:32:19.751Z</time>
      </trkpt>
      <trkpt lat="46.484519" lon="11.789525">
        <ele>1951.571986</ele>
        <time>2026-08-21T11:32:22.508Z</time>
      </trkpt>
      <trkpt lat="46.484428" lon="11.789008">
        <ele>1945.906672</ele>
        <time>2026-08-21T11:32:24.314Z</time>
      </trkpt>
      <trkpt lat="46.484219" lon="11.788266">
        <ele>1937.395443</ele>
        <time>2026-08-21T11:32:27.028Z</time>
      </trkpt>
      <trkpt lat="46.484113" lon="11.787985">
        <ele>1933.993779</ele>
        <time>2026-08-21T11:32:28.123Z</time>
      </trkpt>
      <trkpt lat="46.484062" lon="11.787943">
        <ele>1933.089792</ele>
        <time>2026-08-21T11:32:28.415Z</time>
      </trkpt>
      <trkpt lat="46.483643" lon="11.787811">
        <ele>1928.622806</ele>
        <time>2026-08-21T11:32:30.577Z</time>
      </trkpt>
      <trkpt lat="46.483547" lon="11.787815">
        <ele>1928.046102</ele>
        <time>2026-08-21T11:32:31.076Z</time>
      </trkpt>
      <trkpt lat="46.482960" lon="11.788084">
        <ele>1924.349927</ele>
        <time>2026-08-21T11:32:34.516Z</time>
      </trkpt>
      <trkpt lat="46.482732" lon="11.788157">
        <ele>1922.947941</ele>
        <time>2026-08-21T11:32:35.999Z</time>
      </trkpt>
      <trkpt lat="46.482450" lon="11.788191">
        <ele>1921.248743</ele>
        <time>2026-08-21T11:32:37.899Z</time>
      </trkpt>
      <trkpt lat="46.481921" lon="11.788239">
        <ele>1918.009773</ele>
        <time>2026-08-21T11:32:41.138Z</time>
      </trkpt>
      <trkpt lat="46.481848" lon="11.788318">
        <ele>1917.435750</ele>
        <time>2026-08-21T11:32:41.678Z</time>
      </trkpt>
      <trkpt lat="46.481747" lon="11.788571">
        <ele>1916.166055</ele>
        <time>2026-08-21T11:32:42.904Z</time>
      </trkpt>
      <trkpt lat="46.481662" lon="11.788597">
        <ele>1915.618352</ele>
        <time>2026-08-21T11:32:43.425Z</time>
      </trkpt>
      <trkpt lat="46.481622" lon="11.788577">
        <ele>1915.351614</ele>
        <time>2026-08-21T11:32:43.683Z</time>
      </trkpt>
      <trkpt lat="46.481588" lon="11.788498">
        <ele>1914.947136</ele>
        <time>2026-08-21T11:32:44.072Z</time>
      </trkpt>
      <trkpt lat="46.481591" lon="11.788380">
        <ele>1914.434468</ele>
        <time>2026-08-21T11:32:44.553Z</time>
      </trkpt>
      <trkpt lat="46.481840" lon="11.787888">
        <ele>1911.783458</ele>
        <time>2026-08-21T11:32:46.892Z</time>
      </trkpt>
      <trkpt lat="46.481901" lon="11.787858">
        <ele>1911.377384</ele>
        <time>2026-08-21T11:32:47.233Z</time>
      </trkpt>
      <trkpt lat="46.482046" lon="11.787874">
        <ele>1910.460493</ele>
        <time>2026-08-21T11:32:47.984Z</time>
      </trkpt>
      <trkpt lat="46.482263" lon="11.787894">
        <ele>1909.089509</ele>
        <time>2026-08-21T11:32:49.101Z</time>
      </trkpt>
      <trkpt lat="46.482479" lon="11.787833">
        <ele>1907.648686</ele>
        <time>2026-08-21T11:32:50.228Z</time>
      </trkpt>
      <trkpt lat="46.482774" lon="11.787652">
        <ele>1904.894776</ele>
        <time>2026-08-21T11:32:51.862Z</time>
      </trkpt>
      <trkpt lat="46.483152" lon="11.787378">
        <ele>1901.261829</ele>
        <time>2026-08-21T11:32:54.032Z</time>
      </trkpt>
      <trkpt lat="46.483397" lon="11.787026">
        <ele>1898.298229</ele>
        <time>2026-08-21T11:32:55.804Z</time>
      </trkpt>
      <trkpt lat="46.483482" lon="11.786991">
        <ele>1897.538475</ele>
        <time>2026-08-21T11:32:56.258Z</time>
      </trkpt>
      <trkpt lat="46.483708" lon="11.786995">
        <ele>1895.594882</ele>
        <time>2026-08-21T11:32:57.437Z</time>
      </trkpt>
      <trkpt lat="46.484648" lon="11.787129">
        <ele>1890.461090</ele>
        <time>2026-08-21T11:33:03.131Z</time>
      </trkpt>
      <trkpt lat="46.485027" lon="11.787353">
        <ele>1889.084453</ele>
        <time>2026-08-21T11:33:06.051Z</time>
      </trkpt>
      <trkpt lat="46.485102" lon="11.787443">
        <ele>1888.757137</ele>
        <time>2026-08-21T11:33:06.671Z</time>
      </trkpt>
      <trkpt lat="46.485326" lon="11.787875">
        <ele>1887.504378</ele>
        <time>2026-08-21T11:33:08.894Z</time>
      </trkpt>
      <trkpt lat="46.485368" lon="11.787929">
        <ele>1887.315660</ele>
        <time>2026-08-21T11:33:09.219Z</time>
      </trkpt>
      <trkpt lat="46.485456" lon="11.787948">
        <ele>1887.016342</ele>
        <time>2026-08-21T11:33:09.745Z</time>
      </trkpt>
      <trkpt lat="46.485545" lon="11.787921">
        <ele>1886.710450</ele>
        <time>2026-08-21T11:33:10.277Z</time>
      </trkpt>
      <trkpt lat="46.485595" lon="11.787843">
        <ele>1886.463580</ele>
        <time>2026-08-21T11:33:10.711Z</time>
      </trkpt>
      <trkpt lat="46.485754" lon="11.787297">
        <ele>1884.563156</ele>
        <time>2026-08-21T11:33:13.071Z</time>
      </trkpt>
      <trkpt lat="46.485827" lon="11.787142">
        <ele>1883.943215</ele>
        <time>2026-08-21T11:33:13.816Z</time>
      </trkpt>
      <trkpt lat="46.485877" lon="11.787099">
        <ele>1883.664611</ele>
        <time>2026-08-21T11:33:14.158Z</time>
      </trkpt>
      <trkpt lat="46.485988" lon="11.787094">
        <ele>1883.132159</ele>
        <time>2026-08-21T11:33:14.795Z</time>
      </trkpt>
      <trkpt lat="46.486414" lon="11.787328">
        <ele>1880.948480</ele>
        <time>2026-08-21T11:33:17.394Z</time>
      </trkpt>
      <trkpt lat="46.486599" lon="11.787362">
        <ele>1880.054414</ele>
        <time>2026-08-21T11:33:18.477Z</time>
      </trkpt>
      <trkpt lat="46.486826" lon="11.787494">
        <ele>1878.882057</ele>
        <time>2026-08-21T11:33:19.881Z</time>
      </trkpt>
      <trkpt lat="46.487150" lon="11.787781">
        <ele>1876.134784</ele>
        <time>2026-08-21T11:33:22.036Z</time>
      </trkpt>
      <trkpt lat="46.487585" lon="11.788081">
        <ele>1870.500874</ele>
        <time>2026-08-21T11:33:24.603Z</time>
      </trkpt>
      <trkpt lat="46.488054" lon="11.788217">
        <ele>1864.905493</ele>
        <time>2026-08-21T11:33:27.017Z</time>
      </trkpt>
      <trkpt lat="46.488439" lon="11.788069">
        <ele>1860.246071</ele>
        <time>2026-08-21T11:33:28.992Z</time>
      </trkpt>
      <trkpt lat="46.488562" lon="11.787978">
        <ele>1858.631090</ele>
        <time>2026-08-21T11:33:29.674Z</time>
      </trkpt>
      <trkpt lat="46.488827" lon="11.787618">
        <ele>1854.397928</ele>
        <time>2026-08-21T11:33:31.469Z</time>
      </trkpt>
      <trkpt lat="46.488897" lon="11.787586">
        <ele>1853.543879</ele>
        <time>2026-08-21T11:33:31.833Z</time>
      </trkpt>
      <trkpt lat="46.489241" lon="11.787560">
        <ele>1849.535031</ele>
        <time>2026-08-21T11:33:33.566Z</time>
      </trkpt>
      <trkpt lat="46.489587" lon="11.787609">
        <ele>1845.489229</ele>
        <time>2026-08-21T11:33:35.333Z</time>
      </trkpt>
      <trkpt lat="46.490074" lon="11.787532">
        <ele>1839.788100</ele>
        <time>2026-08-21T11:33:37.885Z</time>
      </trkpt>
      <trkpt lat="46.490325" lon="11.787553">
        <ele>1836.862150</ele>
        <time>2026-08-21T11:33:39.198Z</time>
      </trkpt>
      <trkpt lat="46.491099" lon="11.787401">
        <ele>1830.331541</ele>
        <time>2026-08-21T11:33:43.285Z</time>
      </trkpt>
      <trkpt lat="46.491471" lon="11.787067">
        <ele>1826.878496</ele>
        <time>2026-08-21T11:33:45.571Z</time>
      </trkpt>
      <trkpt lat="46.491679" lon="11.787008">
        <ele>1825.205169</ele>
        <time>2026-08-21T11:33:46.684Z</time>
      </trkpt>
      <trkpt lat="46.491898" lon="11.787043">
        <ele>1823.465576</ele>
        <time>2026-08-21T11:33:47.855Z</time>
      </trkpt>
      <trkpt lat="46.492633" lon="11.787175">
        <ele>1819.808105</ele>
        <time>2026-08-21T11:33:52.088Z</time>
      </trkpt>
      <trkpt lat="46.492972" lon="11.787328">
        <ele>1818.574617</ele>
        <time>2026-08-21T11:33:54.277Z</time>
      </trkpt>
      <trkpt lat="46.493403" lon="11.787415">
        <ele>1817.062613</ele>
        <time>2026-08-21T11:33:56.890Z</time>
      </trkpt>
      <trkpt lat="46.493560" lon="11.787401">
        <ele>1816.516053</ele>
        <time>2026-08-21T11:33:57.849Z</time>
      </trkpt>
      <trkpt lat="46.493664" lon="11.787306">
        <ele>1816.089164</ele>
        <time>2026-08-21T11:33:58.620Z</time>
      </trkpt>
      <trkpt lat="46.493747" lon="11.787110">
        <ele>1815.538706</ele>
        <time>2026-08-21T11:33:59.702Z</time>
      </trkpt>
      <trkpt lat="46.493863" lon="11.786673">
        <ele>1814.585344</ele>
        <time>2026-08-21T11:34:02.215Z</time>
      </trkpt>
      <trkpt lat="46.494034" lon="11.786483">
        <ele>1813.982326</ele>
        <time>2026-08-21T11:34:03.712Z</time>
      </trkpt>
      <trkpt lat="46.494153" lon="11.786446">
        <ele>1813.641464</ele>
        <time>2026-08-21T11:34:04.527Z</time>
      </trkpt>
      <trkpt lat="46.494337" lon="11.786485">
        <ele>1813.120633</ele>
        <time>2026-08-21T11:34:05.686Z</time>
      </trkpt>
      <trkpt lat="46.494650" lon="11.786798">
        <ele>1812.056278</ele>
        <time>2026-08-21T11:34:08.022Z</time>
      </trkpt>
      <trkpt lat="46.494781" lon="11.786868">
        <ele>1811.665316</ele>
        <time>2026-08-21T11:34:08.953Z</time>
      </trkpt>
      <trkpt lat="46.495057" lon="11.786961">
        <ele>1810.871729</ele>
        <time>2026-08-21T11:34:10.817Z</time>
      </trkpt>
      <trkpt lat="46.495296" lon="11.787066">
        <ele>1810.028387</ele>
        <time>2026-08-21T11:34:12.303Z</time>
      </trkpt>
      <trkpt lat="46.495655" lon="11.787319">
        <ele>1806.590677</ele>
        <time>2026-08-21T11:34:14.516Z</time>
      </trkpt>
      <trkpt lat="46.495760" lon="11.787438">
        <ele>1805.443306</ele>
        <time>2026-08-21T11:34:15.216Z</time>
      </trkpt>
      <trkpt lat="46.495839" lon="11.787442">
        <ele>1804.762274</ele>
        <time>2026-08-21T11:34:15.624Z</time>
      </trkpt>
      <trkpt lat="46.495893" lon="11.787394">
        <ele>1804.216851</ele>
        <time>2026-08-21T11:34:15.956Z</time>
      </trkpt>
      <trkpt lat="46.495946" lon="11.787292">
        <ele>1803.458915</ele>
        <time>2026-08-21T11:34:16.415Z</time>
      </trkpt>
      <trkpt lat="46.495948" lon="11.787211">
        <ele>1802.978203</ele>
        <time>2026-08-21T11:34:16.704Z</time>
      </trkpt>
      <trkpt lat="46.495744" lon="11.786586">
        <ele>1798.875826</ele>
        <time>2026-08-21T11:34:19.166Z</time>
      </trkpt>
      <trkpt lat="46.495676" lon="11.786478">
        <ele>1798.007776</ele>
        <time>2026-08-21T11:34:19.679Z</time>
      </trkpt>
      <trkpt lat="46.495372" lon="11.786214">
        <ele>1794.956341</ele>
        <time>2026-08-21T11:34:21.499Z</time>
      </trkpt>
      <trkpt lat="46.495088" lon="11.785760">
        <ele>1790.145201</ele>
        <time>2026-08-21T11:34:23.648Z</time>
      </trkpt>
      <trkpt lat="46.494922" lon="11.785559">
        <ele>1787.646251</ele>
        <time>2026-08-21T11:34:24.740Z</time>
      </trkpt>
      <trkpt lat="46.494547" lon="11.785333">
        <ele>1782.951573</ele>
        <time>2026-08-21T11:34:26.794Z</time>
      </trkpt>
      <trkpt lat="46.494327" lon="11.785071">
        <ele>1779.661941</ele>
        <time>2026-08-21T11:34:28.226Z</time>
      </trkpt>
      <trkpt lat="46.494209" lon="11.784850">
        <ele>1777.435531</ele>
        <time>2026-08-21T11:34:29.195Z</time>
      </trkpt>
      <trkpt lat="46.494153" lon="11.784578">
        <ele>1775.175497</ele>
        <time>2026-08-21T11:34:30.189Z</time>
      </trkpt>
      <trkpt lat="46.494091" lon="11.784413">
        <ele>1773.786350</ele>
        <time>2026-08-21T11:34:30.856Z</time>
      </trkpt>
      <trkpt lat="46.493950" lon="11.784299">
        <ele>1772.666962</ele>
        <time>2026-08-21T11:34:31.696Z</time>
      </trkpt>
      <trkpt lat="46.493760" lon="11.784337">
        <ele>1771.336538</ele>
        <time>2026-08-21T11:34:32.710Z</time>
      </trkpt>
      <trkpt lat="46.493511" lon="11.784468">
        <ele>1769.499478</ele>
        <time>2026-08-21T11:34:34.131Z</time>
      </trkpt>
      <trkpt lat="46.493352" lon="11.784598">
        <ele>1768.233810</ele>
        <time>2026-08-21T11:34:35.134Z</time>
      </trkpt>
      <trkpt lat="46.493087" lon="11.784918">
        <ele>1765.843311</ele>
        <time>2026-08-21T11:34:37.072Z</time>
      </trkpt>
      <trkpt lat="46.492973" lon="11.785374">
        <ele>1763.526508</ele>
        <time>2026-08-21T11:34:38.976Z</time>
      </trkpt>
      <trkpt lat="46.492916" lon="11.785482">
        <ele>1762.876623</ele>
        <time>2026-08-21T11:34:39.506Z</time>
      </trkpt>
      <trkpt lat="46.492821" lon="11.785536">
        <ele>1762.168967</ele>
        <time>2026-08-21T11:34:40.077Z</time>
      </trkpt>
      <trkpt lat="46.492709" lon="11.785503">
        <ele>1761.379096</ele>
        <time>2026-08-21T11:34:40.725Z</time>
      </trkpt>
      <trkpt lat="46.492613" lon="11.785425">
        <ele>1760.639329</ele>
        <time>2026-08-21T11:34:41.338Z</time>
      </trkpt>
      <trkpt lat="46.491870" lon="11.784531">
        <ele>1754.150712</ele>
        <time>2026-08-21T11:34:46.476Z</time>
      </trkpt>
      <trkpt lat="46.491762" lon="11.784483">
        <ele>1753.391143</ele>
        <time>2026-08-21T11:34:47.070Z</time>
      </trkpt>
      <trkpt lat="46.491649" lon="11.784489">
        <ele>1752.630679</ele>
        <time>2026-08-21T11:34:47.668Z</time>
      </trkpt>
      <trkpt lat="46.491465" lon="11.784599">
        <ele>1751.292517</ele>
        <time>2026-08-21T11:34:48.731Z</time>
      </trkpt>
      <trkpt lat="46.491386" lon="11.784566">
        <ele>1750.739686</ele>
        <time>2026-08-21T11:34:49.180Z</time>
      </trkpt>
      <trkpt lat="46.491349" lon="11.784510">
        <ele>1750.380314</ele>
        <time>2026-08-21T11:34:49.476Z</time>
      </trkpt>
      <trkpt lat="46.491364" lon="11.784328">
        <ele>1749.531618</ele>
        <time>2026-08-21T11:34:50.177Z</time>
      </trkpt>
      <trkpt lat="46.491429" lon="11.784267">
        <ele>1749.103308</ele>
        <time>2026-08-21T11:34:50.618Z</time>
      </trkpt>
      <trkpt lat="46.491574" lon="11.784228">
        <ele>1748.363391</ele>
        <time>2026-08-21T11:34:51.461Z</time>
      </trkpt>
      <trkpt lat="46.491759" lon="11.784257">
        <ele>1747.429749</ele>
        <time>2026-08-21T11:34:52.541Z</time>
      </trkpt>
      <trkpt lat="46.492356" lon="11.784602">
        <ele>1744.205890</ele>
        <time>2026-08-21T11:34:56.286Z</time>
      </trkpt>
      <trkpt lat="46.492456" lon="11.784584">
        <ele>1743.700294</ele>
        <time>2026-08-21T11:34:56.891Z</time>
      </trkpt>
      <trkpt lat="46.492492" lon="11.784487">
        <ele>1743.319635</ele>
        <time>2026-08-21T11:34:57.341Z</time>
      </trkpt>
      <trkpt lat="46.492455" lon="11.784371">
        <ele>1742.878013</ele>
        <time>2026-08-21T11:34:57.862Z</time>
      </trkpt>
      <trkpt lat="46.492012" lon="11.784192">
        <ele>1740.570826</ele>
        <time>2026-08-21T11:35:00.447Z</time>
      </trkpt>
      <trkpt lat="46.491779" lon="11.783927">
        <ele>1738.533812</ele>
        <time>2026-08-21T11:35:02.059Z</time>
      </trkpt>
      <trkpt lat="46.491510" lon="11.783575">
        <ele>1735.923044</ele>
        <time>2026-08-21T11:35:03.981Z</time>
      </trkpt>
      <trkpt lat="46.491343" lon="11.783357">
        <ele>1734.303982</ele>
        <time>2026-08-21T11:35:05.176Z</time>
      </trkpt>
      <trkpt lat="46.491267" lon="11.783209">
        <ele>1733.387380</ele>
        <time>2026-08-21T11:35:05.848Z</time>
      </trkpt>
      <trkpt lat="46.491239" lon="11.783093">
        <ele>1732.777139</ele>
        <time>2026-08-21T11:35:06.296Z</time>
      </trkpt>
      <trkpt lat="46.491243" lon="11.782963">
        <ele>1732.131122</ele>
        <time>2026-08-21T11:35:06.772Z</time>
      </trkpt>
      <trkpt lat="46.491317" lon="11.782866">
        <ele>1731.412359</ele>
        <time>2026-08-21T11:35:07.298Z</time>
      </trkpt>
      <trkpt lat="46.491375" lon="11.782839">
        <ele>1730.973177</ele>
        <time>2026-08-21T11:35:07.620Z</time>
      </trkpt>
      <trkpt lat="46.491773" lon="11.782782">
        <ele>1728.089348</ele>
        <time>2026-08-21T11:35:09.775Z</time>
      </trkpt>
      <trkpt lat="46.491862" lon="11.782690">
        <ele>1727.279972</ele>
        <time>2026-08-21T11:35:10.381Z</time>
      </trkpt>
      <trkpt lat="46.491904" lon="11.782535">
        <ele>1726.222595</ele>
        <time>2026-08-21T11:35:11.017Z</time>
      </trkpt>
      <trkpt lat="46.491884" lon="11.782355">
        <ele>1725.065205</ele>
        <time>2026-08-21T11:35:11.704Z</time>
      </trkpt>
      <trkpt lat="46.491804" lon="11.782216">
        <ele>1723.915148</ele>
        <time>2026-08-21T11:35:12.382Z</time>
      </trkpt>
      <trkpt lat="46.491537" lon="11.782052">
        <ele>1721.242250</ele>
        <time>2026-08-21T11:35:13.880Z</time>
      </trkpt>
      <trkpt lat="46.491498" lon="11.782034">
        <ele>1720.864940</ele>
        <time>2026-08-21T11:35:14.088Z</time>
      </trkpt>
      <trkpt lat="46.491283" lon="11.781922">
        <ele>1718.758932</ele>
        <time>2026-08-21T11:35:15.240Z</time>
      </trkpt>
      <trkpt lat="46.491157" lon="11.781858">
        <ele>1717.528183</ele>
        <time>2026-08-21T11:35:15.919Z</time>
      </trkpt>
      <trkpt lat="46.491055" lon="11.781813">
        <ele>1716.545283</ele>
        <time>2026-08-21T11:35:16.463Z</time>
      </trkpt>
      <trkpt lat="46.491015" lon="11.781795">
        <ele>1716.159175</ele>
        <time>2026-08-21T11:35:16.677Z</time>
      </trkpt>
      <trkpt lat="46.490999" lon="11.781787">
        <ele>1716.003154</ele>
        <time>2026-08-21T11:35:16.761Z</time>
      </trkpt>
      <trkpt lat="46.490792" lon="11.781697">
        <ele>1714.010870</ele>
        <time>2026-08-21T11:35:17.876Z</time>
      </trkpt>
      <trkpt lat="46.490399" lon="11.781502">
        <ele>1710.424801</ele>
        <time>2026-08-21T11:35:20.055Z</time>
      </trkpt>
      <trkpt lat="46.490320" lon="11.781494">
        <ele>1709.983896</ele>
        <time>2026-08-21T11:35:20.479Z</time>
      </trkpt>
      <trkpt lat="46.490220" lon="11.781610">
        <ele>1709.271374</ele>
        <time>2026-08-21T11:35:21.161Z</time>
      </trkpt>
      <trkpt lat="46.490084" lon="11.782491">
        <ele>1705.810518</ele>
        <time>2026-08-21T11:35:24.558Z</time>
      </trkpt>
      <trkpt lat="46.489949" lon="11.783377">
        <ele>1702.332157</ele>
        <time>2026-08-21T11:35:28.648Z</time>
      </trkpt>
      <trkpt lat="46.489906" lon="11.783497">
        <ele>1701.813604</ele>
        <time>2026-08-21T11:35:29.219Z</time>
      </trkpt>
      <trkpt lat="46.489838" lon="11.783598">
        <ele>1701.272107</ele>
        <time>2026-08-21T11:35:29.787Z</time>
      </trkpt>
      <trkpt lat="46.489745" lon="11.783659">
        <ele>1700.675436</ele>
        <time>2026-08-21T11:35:30.373Z</time>
      </trkpt>
      <trkpt lat="46.488984" lon="11.783786">
        <ele>1694.836637</ele>
        <time>2026-08-21T11:35:34.447Z</time>
      </trkpt>
      <trkpt lat="46.488842" lon="11.783742">
        <ele>1693.729901</ele>
        <time>2026-08-21T11:35:35.196Z</time>
      </trkpt>
      <trkpt lat="46.488719" lon="11.783662">
        <ele>1692.702637</ele>
        <time>2026-08-21T11:35:35.899Z</time>
      </trkpt>
      <trkpt lat="46.488545" lon="11.783493">
        <ele>1691.107121</ele>
        <time>2026-08-21T11:35:36.999Z</time>
      </trkpt>
      <trkpt lat="46.488407" lon="11.783416">
        <ele>1689.980282</ele>
        <time>2026-08-21T11:35:37.790Z</time>
      </trkpt>
      <trkpt lat="46.488044" lon="11.783445">
        <ele>1687.209174</ele>
        <time>2026-08-21T11:35:39.744Z</time>
      </trkpt>
      <trkpt lat="46.487706" lon="11.783556">
        <ele>1683.938550</ele>
        <time>2026-08-21T11:35:41.546Z</time>
      </trkpt>
      <trkpt lat="46.487339" lon="11.783700">
        <ele>1680.312578</ele>
        <time>2026-08-21T11:35:43.527Z</time>
      </trkpt>
      <trkpt lat="46.487229" lon="11.783732">
        <ele>1679.242547</ele>
        <time>2026-08-21T11:35:44.121Z</time>
      </trkpt>
      <trkpt lat="46.487153" lon="11.783718">
        <ele>1678.511844</ele>
        <time>2026-08-21T11:35:44.522Z</time>
      </trkpt>
      <trkpt lat="46.487094" lon="11.783616">
        <ele>1677.636982</ele>
        <time>2026-08-21T11:35:45.014Z</time>
      </trkpt>
      <trkpt lat="46.487106" lon="11.783540">
        <ele>1677.124922</ele>
        <time>2026-08-21T11:35:45.297Z</time>
      </trkpt>
      <trkpt lat="46.487182" lon="11.783451">
        <ele>1676.193747</ele>
        <time>2026-08-21T11:35:45.820Z</time>
      </trkpt>
      <trkpt lat="46.487422" lon="11.783367">
        <ele>1673.839073</ele>
        <time>2026-08-21T11:35:47.081Z</time>
      </trkpt>
      <trkpt lat="46.487766" lon="11.783095">
        <ele>1670.103251</ele>
        <time>2026-08-21T11:35:49.054Z</time>
      </trkpt>
      <trkpt lat="46.487921" lon="11.782895">
        <ele>1668.585220</ele>
        <time>2026-08-21T11:35:50.106Z</time>
      </trkpt>
      <trkpt lat="46.487974" lon="11.782830">
        <ele>1668.093441</ele>
        <time>2026-08-21T11:35:50.460Z</time>
      </trkpt>
      <trkpt lat="46.488042" lon="11.782748">
        <ele>1667.466853</ele>
        <time>2026-08-21T11:35:50.909Z</time>
      </trkpt>
      <trkpt lat="46.488077" lon="11.782705">
        <ele>1667.141856</ele>
        <time>2026-08-21T11:35:51.144Z</time>
      </trkpt>
      <trkpt lat="46.488098" lon="11.782675">
        <ele>1666.933030</ele>
        <time>2026-08-21T11:35:51.299Z</time>
      </trkpt>
      <trkpt lat="46.488166" lon="11.782573">
        <ele>1666.240001</ele>
        <time>2026-08-21T11:35:51.815Z</time>
      </trkpt>
      <trkpt lat="46.488186" lon="11.782510">
        <ele>1665.901374</ele>
        <time>2026-08-21T11:35:52.069Z</time>
      </trkpt>
      <trkpt lat="46.488175" lon="11.782440">
        <ele>1665.550907</ele>
        <time>2026-08-21T11:35:52.330Z</time>
      </trkpt>
      <trkpt lat="46.488077" lon="11.782360">
        <ele>1664.753918</ele>
        <time>2026-08-21T11:35:52.943Z</time>
      </trkpt>
      <trkpt lat="46.487973" lon="11.782399">
        <ele>1663.992431</ele>
        <time>2026-08-21T11:35:53.536Z</time>
      </trkpt>
      <trkpt lat="46.487893" lon="11.782474">
        <ele>1663.317383</ele>
        <time>2026-08-21T11:35:54.059Z</time>
      </trkpt>
      <trkpt lat="46.487723" lon="11.782641">
        <ele>1661.862383</ele>
        <time>2026-08-21T11:35:55.233Z</time>
      </trkpt>
      <trkpt lat="46.487549" lon="11.782721">
        <ele>1660.568478</ele>
        <time>2026-08-21T11:35:56.285Z</time>
      </trkpt>
      <trkpt lat="46.487222" lon="11.782750">
        <ele>1658.245894</ele>
        <time>2026-08-21T11:35:58.162Z</time>
      </trkpt>
      <trkpt lat="46.487111" lon="11.782760">
        <ele>1657.457447</ele>
        <time>2026-08-21T11:35:58.821Z</time>
      </trkpt>
      <trkpt lat="46.487000" lon="11.782769">
        <ele>1656.637850</ele>
        <time>2026-08-21T11:35:59.517Z</time>
      </trkpt>
      <trkpt lat="46.486903" lon="11.782771">
        <ele>1655.906416</ele>
        <time>2026-08-21T11:36:00.124Z</time>
      </trkpt>
      <trkpt lat="46.486797" lon="11.782767">
        <ele>1655.106927</ele>
        <time>2026-08-21T11:36:00.757Z</time>
      </trkpt>
      <trkpt lat="46.486284" lon="11.782735">
        <ele>1651.235441</ele>
        <time>2026-08-21T11:36:03.498Z</time>
      </trkpt>
      <trkpt lat="46.486128" lon="11.782644">
        <ele>1649.967906</ele>
        <time>2026-08-21T11:36:04.385Z</time>
      </trkpt>
      <trkpt lat="46.485773" lon="11.782402">
        <ele>1647.011102</ele>
        <time>2026-08-21T11:36:06.447Z</time>
      </trkpt>
      <trkpt lat="46.485585" lon="11.782242">
        <ele>1645.368178</ele>
        <time>2026-08-21T11:36:07.580Z</time>
      </trkpt>
      <trkpt lat="46.485521" lon="11.782223">
        <ele>1644.875652</ele>
        <time>2026-08-21T11:36:07.917Z</time>
      </trkpt>
      <trkpt lat="46.485388" lon="11.782183">
        <ele>1643.851583</ele>
        <time>2026-08-21T11:36:08.618Z</time>
      </trkpt>
      <trkpt lat="46.485346" lon="11.782170">
        <ele>1643.527018</ele>
        <time>2026-08-21T11:36:08.838Z</time>
      </trkpt>
      <trkpt lat="46.485251" lon="11.782141">
        <ele>1642.787462</ele>
        <time>2026-08-21T11:36:09.338Z</time>
      </trkpt>
      <trkpt lat="46.484934" lon="11.782080">
        <ele>1640.351343</ele>
        <time>2026-08-21T11:36:10.988Z</time>
      </trkpt>
      <trkpt lat="46.484031" lon="11.781445">
        <ele>1632.707986</ele>
        <time>2026-08-21T11:36:16.410Z</time>
      </trkpt>
      <trkpt lat="46.483958" lon="11.781394">
        <ele>1632.090846</ele>
        <time>2026-08-21T11:36:16.845Z</time>
      </trkpt>
      <trkpt lat="46.483886" lon="11.781343">
        <ele>1631.480562</ele>
        <time>2026-08-21T11:36:17.273Z</time>
      </trkpt>
      <trkpt lat="46.483823" lon="11.781299">
        <ele>1630.947993</ele>
        <time>2026-08-21T11:36:17.648Z</time>
      </trkpt>
      <trkpt lat="46.483752" lon="11.781247">
        <ele>1630.342203</ele>
        <time>2026-08-21T11:36:18.071Z</time>
      </trkpt>
      <trkpt lat="46.483146" lon="11.780804">
        <ele>1626.816794</ele>
        <time>2026-08-21T11:36:21.803Z</time>
      </trkpt>
      <trkpt lat="46.482967" lon="11.780749">
        <ele>1625.907506</ele>
        <time>2026-08-21T11:36:22.838Z</time>
      </trkpt>
      <trkpt lat="46.482852" lon="11.780715">
        <ele>1625.324255</ele>
        <time>2026-08-21T11:36:23.493Z</time>
      </trkpt>
      <trkpt lat="46.482724" lon="11.780715">
        <ele>1624.688119</ele>
        <time>2026-08-21T11:36:24.205Z</time>
      </trkpt>
      <trkpt lat="46.482711" lon="11.780715">
        <ele>1624.623512</ele>
        <time>2026-08-21T11:36:24.276Z</time>
      </trkpt>
      <trkpt lat="46.482427" lon="11.780717">
        <ele>1623.212069</ele>
        <time>2026-08-21T11:36:25.889Z</time>
      </trkpt>
      <trkpt lat="46.481856" lon="11.780624">
        <ele>1620.573433</ele>
        <time>2026-08-21T11:36:29.491Z</time>
      </trkpt>
      <trkpt lat="46.481740" lon="11.780574">
        <ele>1620.187796</ele>
        <time>2026-08-21T11:36:30.249Z</time>
      </trkpt>
      <trkpt lat="46.481635" lon="11.780487">
        <ele>1619.802521</ele>
        <time>2026-08-21T11:36:31.006Z</time>
      </trkpt>
      <trkpt lat="46.481616" lon="11.780472">
        <ele>1619.733598</ele>
        <time>2026-08-21T11:36:31.138Z</time>
      </trkpt>
      <trkpt lat="46.481411" lon="11.780348">
        <ele>1619.025847</ele>
        <time>2026-08-21T11:36:32.459Z</time>
      </trkpt>
      <trkpt lat="46.481242" lon="11.780392">
        <ele>1618.478649</ele>
        <time>2026-08-21T11:36:33.401Z</time>
      </trkpt>
      <trkpt lat="46.480952" lon="11.780637">
        <ele>1617.409388</ele>
        <time>2026-08-21T11:36:35.208Z</time>
      </trkpt>
      <trkpt lat="46.480861" lon="11.780658">
        <ele>1617.115728</ele>
        <time>2026-08-21T11:36:35.729Z</time>
      </trkpt>
      <trkpt lat="46.480786" lon="11.780615">
        <ele>1616.858746</ele>
        <time>2026-08-21T11:36:36.220Z</time>
      </trkpt>
      <trkpt lat="46.480721" lon="11.780519">
        <ele>1616.563279</ele>
        <time>2026-08-21T11:36:36.909Z</time>
      </trkpt>
      <trkpt lat="46.480676" lon="11.780129">
        <ele>1615.695454</ele>
        <time>2026-08-21T11:36:40.965Z</time>
      </trkpt>
      <trkpt lat="46.480622" lon="11.780006">
        <ele>1615.375323</ele>
        <time>2026-08-21T11:36:42.599Z</time>
      </trkpt>
      <trkpt lat="46.480521" lon="11.779913">
        <ele>1615.011037</ele>
        <time>2026-08-21T11:36:44.052Z</time>
      </trkpt>
      <trkpt lat="46.480395" lon="11.779891">
        <ele>1614.635632</ele>
        <time>2026-08-21T11:36:44.963Z</time>
      </trkpt>
      <trkpt lat="46.480311" lon="11.779929">
        <ele>1614.375374</ele>
        <time>2026-08-21T11:36:45.499Z</time>
      </trkpt>
      <trkpt lat="46.480205" lon="11.780110">
        <ele>1613.891378</ele>
        <time>2026-08-21T11:36:46.452Z</time>
      </trkpt>
      <trkpt lat="46.480092" lon="11.780406">
        <ele>1613.201977</ele>
        <time>2026-08-21T11:36:47.801Z</time>
      </trkpt>
      <trkpt lat="46.480023" lon="11.780547">
        <ele>1612.849625</ele>
        <time>2026-08-21T11:36:48.533Z</time>
      </trkpt>
      <trkpt lat="46.479846" lon="11.780627">
        <ele>1612.301267</ele>
        <time>2026-08-21T11:36:49.725Z</time>
      </trkpt>
      <trkpt lat="46.479793" lon="11.780600">
        <ele>1612.135121</ele>
        <time>2026-08-21T11:36:50.050Z</time>
      </trkpt>
      <trkpt lat="46.479717" lon="11.780422">
        <ele>1611.708496</ele>
        <time>2026-08-21T11:36:51.045Z</time>
      </trkpt>
      <trkpt lat="46.479518" lon="11.779796">
        <ele>1610.304023</ele>
        <time>2026-08-21T11:36:54.696Z</time>
      </trkpt>
      <trkpt lat="46.479433" lon="11.779674">
        <ele>1609.950497</ele>
        <time>2026-08-21T11:36:55.385Z</time>
      </trkpt>
      <trkpt lat="46.479325" lon="11.779633">
        <ele>1609.073946</ele>
        <time>2026-08-21T11:36:55.984Z</time>
      </trkpt>
      <trkpt lat="46.479157" lon="11.779641">
        <ele>1607.633448</ele>
        <time>2026-08-21T11:36:56.852Z</time>
      </trkpt>
      <trkpt lat="46.478969" lon="11.779552">
        <ele>1605.938880</ele>
        <time>2026-08-21T11:36:57.856Z</time>
      </trkpt>
      <trkpt lat="46.478711" lon="11.779295">
        <ele>1603.257694</ele>
        <time>2026-08-21T11:36:59.479Z</time>
      </trkpt>
      <trkpt lat="46.478339" lon="11.779104">
        <ele>1599.876335</ele>
        <time>2026-08-21T11:37:01.517Z</time>
      </trkpt>
      <trkpt lat="46.478115" lon="11.778903">
        <ele>1597.619785</ele>
        <time>2026-08-21T11:37:02.884Z</time>
      </trkpt>
      <trkpt lat="46.477966" lon="11.778860">
        <ele>1596.317915</ele>
        <time>2026-08-21T11:37:03.678Z</time>
      </trkpt>
      <trkpt lat="46.477699" lon="11.778902">
        <ele>1593.993250</ele>
        <time>2026-08-21T11:37:05.089Z</time>
      </trkpt>
      <trkpt lat="46.477622" lon="11.778835">
        <ele>1593.186722</ele>
        <time>2026-08-21T11:37:05.564Z</time>
      </trkpt>
      <trkpt lat="46.477640" lon="11.778739">
        <ele>1592.571115</ele>
        <time>2026-08-21T11:37:05.924Z</time>
      </trkpt>
      <trkpt lat="46.477668" lon="11.778702">
        <ele>1592.230968</ele>
        <time>2026-08-21T11:37:06.124Z</time>
      </trkpt>
      <trkpt lat="46.477804" lon="11.778676">
        <ele>1590.998482</ele>
        <time>2026-08-21T11:37:06.850Z</time>
      </trkpt>
      <trkpt lat="46.478104" lon="11.778672">
        <ele>1588.302907</ele>
        <time>2026-08-21T11:37:08.447Z</time>
      </trkpt>
      <trkpt lat="46.479111" lon="11.778759">
        <ele>1579.239144</ele>
        <time>2026-08-21T11:37:13.803Z</time>
      </trkpt>
      <trkpt lat="46.479177" lon="11.778713">
        <ele>1578.581380</ele>
        <time>2026-08-21T11:37:14.174Z</time>
      </trkpt>
      <trkpt lat="46.479181" lon="11.778604">
        <ele>1577.662203</ele>
        <time>2026-08-21T11:37:14.555Z</time>
      </trkpt>
      <trkpt lat="46.479143" lon="11.778553">
        <ele>1576.932257</ele>
        <time>2026-08-21T11:37:14.819Z</time>
      </trkpt>
      <trkpt lat="46.478779" lon="11.778547">
        <ele>1571.796963</ele>
        <time>2026-08-21T11:37:16.638Z</time>
      </trkpt>
      <trkpt lat="46.478321" lon="11.778323">
        <ele>1564.979340</ele>
        <time>2026-08-21T11:37:19.026Z</time>
      </trkpt>
      <trkpt lat="46.477968" lon="11.778045">
        <ele>1559.314383</ele>
        <time>2026-08-21T11:37:21.001Z</time>
      </trkpt>
      <trkpt lat="46.477274" lon="11.778052">
        <ele>1551.228424</ele>
        <time>2026-08-21T11:37:24.499Z</time>
      </trkpt>
      <trkpt lat="46.477211" lon="11.778024">
        <ele>1550.760027</ele>
        <time>2026-08-21T11:37:24.849Z</time>
      </trkpt>
      <trkpt lat="46.477177" lon="11.777928">
        <ele>1550.231515</ele>
        <time>2026-08-21T11:37:25.243Z</time>
      </trkpt>
      <trkpt lat="46.477182" lon="11.777876">
        <ele>1549.974464</ele>
        <time>2026-08-21T11:37:25.436Z</time>
      </trkpt>
      <trkpt lat="46.477233" lon="11.777816">
        <ele>1549.507827</ele>
        <time>2026-08-21T11:37:25.798Z</time>
      </trkpt>
      <trkpt lat="46.477488" lon="11.777871">
        <ele>1547.675056</ele>
        <time>2026-08-21T11:37:27.246Z</time>
      </trkpt>
      <trkpt lat="46.477753" lon="11.777809">
        <ele>1545.766783</ele>
        <time>2026-08-21T11:37:28.820Z</time>
      </trkpt>
      <trkpt lat="46.477937" lon="11.777671">
        <ele>1544.294496</ele>
        <time>2026-08-21T11:37:30.090Z</time>
      </trkpt>
      <trkpt lat="46.478092" lon="11.777609">
        <ele>1543.151506</ele>
        <time>2026-08-21T11:37:31.069Z</time>
      </trkpt>
      <trkpt lat="46.478221" lon="11.777624">
        <ele>1542.231465</ele>
        <time>2026-08-21T11:37:31.838Z</time>
      </trkpt>
      <trkpt lat="46.478428" lon="11.777816">
        <ele>1540.485252</ele>
        <time>2026-08-21T11:37:33.209Z</time>
      </trkpt>
      <trkpt lat="46.478497" lon="11.777830">
        <ele>1539.927232</ele>
        <time>2026-08-21T11:37:33.588Z</time>
      </trkpt>
      <trkpt lat="46.478527" lon="11.777746">
        <ele>1539.305287</ele>
        <time>2026-08-21T11:37:33.933Z</time>
      </trkpt>
      <trkpt lat="46.478507" lon="11.777631">
        <ele>1538.525691</ele>
        <time>2026-08-21T11:37:34.369Z</time>
      </trkpt>
      <trkpt lat="46.478198" lon="11.777422">
        <ele>1535.272156</ele>
        <time>2026-08-21T11:37:36.126Z</time>
      </trkpt>
      <trkpt lat="46.477854" lon="11.777348">
        <ele>1531.952952</ele>
        <time>2026-08-21T11:37:37.887Z</time>
      </trkpt>
      <trkpt lat="46.477539" lon="11.777348">
        <ele>1528.946374</ele>
        <time>2026-08-21T11:37:39.481Z</time>
      </trkpt>
      <trkpt lat="46.477364" lon="11.777408">
        <ele>1527.230128</ele>
        <time>2026-08-21T11:37:40.405Z</time>
      </trkpt>
      <trkpt lat="46.477255" lon="11.777397">
        <ele>1526.187248</ele>
        <time>2026-08-21T11:37:40.966Z</time>
      </trkpt>
      <trkpt lat="46.477211" lon="11.777327">
        <ele>1525.564299</ele>
        <time>2026-08-21T11:37:41.305Z</time>
      </trkpt>
      <trkpt lat="46.477203" lon="11.777216">
        <ele>1524.830724</ele>
        <time>2026-08-21T11:37:41.711Z</time>
      </trkpt>
      <trkpt lat="46.477256" lon="11.777140">
        <ele>1524.119779</ele>
        <time>2026-08-21T11:37:42.095Z</time>
      </trkpt>
      <trkpt lat="46.477333" lon="11.777127">
        <ele>1523.379887</ele>
        <time>2026-08-21T11:37:42.499Z</time>
      </trkpt>
      <trkpt lat="46.477416" lon="11.777163">
        <ele>1522.703517</ele>
        <time>2026-08-21T11:37:42.953Z</time>
      </trkpt>
      <trkpt lat="46.477568" lon="11.777168">
        <ele>1521.734843</ele>
        <time>2026-08-21T11:37:43.749Z</time>
      </trkpt>
      <trkpt lat="46.477720" lon="11.777137">
        <ele>1520.756912</ele>
        <time>2026-08-21T11:37:44.601Z</time>
      </trkpt>
      <trkpt lat="46.478124" lon="11.776902">
        <ele>1517.984114</ele>
        <time>2026-08-21T11:37:47.085Z</time>
      </trkpt>
      <trkpt lat="46.478175" lon="11.776842">
        <ele>1517.565929</ele>
        <time>2026-08-21T11:37:47.470Z</time>
      </trkpt>
      <trkpt lat="46.478198" lon="11.776816">
        <ele>1517.380224</ele>
        <time>2026-08-21T11:37:47.635Z</time>
      </trkpt>
      <trkpt lat="46.478215" lon="11.776617">
        <ele>1516.500435</ele>
        <time>2026-08-21T11:37:48.416Z</time>
      </trkpt>
      <trkpt lat="46.478165" lon="11.776467">
        <ele>1515.769276</ele>
        <time>2026-08-21T11:37:49.054Z</time>
      </trkpt>
      <trkpt lat="46.478130" lon="11.776432">
        <ele>1515.498524</ele>
        <time>2026-08-21T11:37:49.293Z</time>
      </trkpt>
      <trkpt lat="46.478032" lon="11.776456">
        <ele>1514.865328</ele>
        <time>2026-08-21T11:37:49.835Z</time>
      </trkpt>
      <trkpt lat="46.477968" lon="11.776534">
        <ele>1514.332992</ele>
        <time>2026-08-21T11:37:50.294Z</time>
      </trkpt>
      <trkpt lat="46.477920" lon="11.776649">
        <ele>1513.742991</ele>
        <time>2026-08-21T11:37:50.810Z</time>
      </trkpt>
      <trkpt lat="46.477827" lon="11.776768">
        <ele>1512.953257</ele>
        <time>2026-08-21T11:37:51.476Z</time>
      </trkpt>
      <trkpt lat="46.477752" lon="11.776786">
        <ele>1512.468933</ele>
        <time>2026-08-21T11:37:51.886Z</time>
      </trkpt>
      <trkpt lat="46.477022" lon="11.776905">
        <ele>1507.435156</ele>
        <time>2026-08-21T11:37:55.875Z</time>
      </trkpt>
      <trkpt lat="46.476712" lon="11.777060">
        <ele>1505.149701</ele>
        <time>2026-08-21T11:37:57.678Z</time>
      </trkpt>
      <trkpt lat="46.476458" lon="11.777078">
        <ele>1503.377016</ele>
        <time>2026-08-21T11:37:59.078Z</time>
      </trkpt>
      <trkpt lat="46.476288" lon="11.777162">
        <ele>1502.125255</ele>
        <time>2026-08-21T11:38:00.053Z</time>
      </trkpt>
      <trkpt lat="46.476025" lon="11.777485">
        <ele>1499.724160</ele>
        <time>2026-08-21T11:38:01.892Z</time>
      </trkpt>
      <trkpt lat="46.475802" lon="11.777566">
        <ele>1497.748388</ele>
        <time>2026-08-21T11:38:03.098Z</time>
      </trkpt>
      <trkpt lat="46.475487" lon="11.777572">
        <ele>1494.627167</ele>
        <time>2026-08-21T11:38:04.730Z</time>
      </trkpt>
      <trkpt lat="46.475124" lon="11.777493">
        <ele>1490.990472</ele>
        <time>2026-08-21T11:38:06.621Z</time>
      </trkpt>
      <trkpt lat="46.474993" lon="11.777523">
        <ele>1489.676510</ele>
        <time>2026-08-21T11:38:07.302Z</time>
      </trkpt>
      <trkpt lat="46.474859" lon="11.777631">
        <ele>1488.158068</ele>
        <time>2026-08-21T11:38:08.101Z</time>
      </trkpt>
      <trkpt lat="46.474589" lon="11.777725">
        <ele>1485.407151</ele>
        <time>2026-08-21T11:38:09.515Z</time>
      </trkpt>
      <trkpt lat="46.474114" lon="11.778201">
        <ele>1480.149461</ele>
        <time>2026-08-21T11:38:12.447Z</time>
      </trkpt>
      <trkpt lat="46.473954" lon="11.778471">
        <ele>1478.465857</ele>
        <time>2026-08-21T11:38:13.745Z</time>
      </trkpt>
      <trkpt lat="46.473891" lon="11.778500">
        <ele>1478.012265</ele>
        <time>2026-08-21T11:38:14.090Z</time>
      </trkpt>
      <trkpt lat="46.473829" lon="11.778482">
        <ele>1477.578320</ele>
        <time>2026-08-21T11:38:14.437Z</time>
      </trkpt>
      <trkpt lat="46.473776" lon="11.778373">
        <ele>1476.947645</ele>
        <time>2026-08-21T11:38:14.928Z</time>
      </trkpt>
      <trkpt lat="46.473798" lon="11.778259">
        <ele>1476.388053</ele>
        <time>2026-08-21T11:38:15.374Z</time>
      </trkpt>
      <trkpt lat="46.473885" lon="11.778111">
        <ele>1475.468330</ele>
        <time>2026-08-21T11:38:16.106Z</time>
      </trkpt>
      <trkpt lat="46.474036" lon="11.777947">
        <ele>1474.174147</ele>
        <time>2026-08-21T11:38:17.118Z</time>
      </trkpt>
      <trkpt lat="46.474233" lon="11.777843">
        <ele>1472.735497</ele>
        <time>2026-08-21T11:38:18.237Z</time>
      </trkpt>
      <trkpt lat="46.474313" lon="11.777762">
        <ele>1472.066135</ele>
        <time>2026-08-21T11:38:18.755Z</time>
      </trkpt>
      <trkpt lat="46.474538" lon="11.777359">
        <ele>1469.614000</ele>
        <time>2026-08-21T11:38:20.763Z</time>
      </trkpt>
      <trkpt lat="46.474781" lon="11.776648">
        <ele>1468.128722</ele>
        <time>2026-08-21T11:38:24.504Z</time>
      </trkpt>
      <trkpt lat="46.474881" lon="11.776487">
        <ele>1467.883185</ele>
        <time>2026-08-21T11:38:25.463Z</time>
      </trkpt>
      <trkpt lat="46.474995" lon="11.776458">
        <ele>1467.692860</ele>
        <time>2026-08-21T11:38:26.267Z</time>
      </trkpt>
      <trkpt lat="46.475127" lon="11.776519">
        <ele>1467.465062</ele>
        <time>2026-08-21T11:38:27.225Z</time>
      </trkpt>
      <trkpt lat="46.475295" lon="11.776474">
        <ele>1467.184129</ele>
        <time>2026-08-21T11:38:28.438Z</time>
      </trkpt>
      <trkpt lat="46.475433" lon="11.776328">
        <ele>1466.903346</ele>
        <time>2026-08-21T11:38:29.715Z</time>
      </trkpt>
      <trkpt lat="46.475478" lon="11.776196">
        <ele>1466.736543</ele>
        <time>2026-08-21T11:38:30.666Z</time>
      </trkpt>
      <trkpt lat="46.475487" lon="11.776034">
        <ele>1466.552484</ele>
        <time>2026-08-21T11:38:31.737Z</time>
      </trkpt>
      <trkpt lat="46.475548" lon="11.775869">
        <ele>1466.340400</ele>
        <time>2026-08-21T11:38:33.129Z</time>
      </trkpt>
      <trkpt lat="46.476087" lon="11.775199">
        <ele>1464.512151</ele>
        <time>2026-08-21T11:38:38.180Z</time>
      </trkpt>
      <trkpt lat="46.476219" lon="11.775038">
        <ele>1463.965093</ele>
        <time>2026-08-21T11:38:39.250Z</time>
      </trkpt>
      <trkpt lat="46.476262" lon="11.774952">
        <ele>1463.732833</ele>
        <time>2026-08-21T11:38:39.716Z</time>
      </trkpt>
      <trkpt lat="46.476291" lon="11.774806">
        <ele>1463.400756</ele>
        <time>2026-08-21T11:38:40.366Z</time>
      </trkpt>
      <trkpt lat="46.476331" lon="11.774576">
        <ele>1462.882331</ele>
        <time>2026-08-21T11:38:41.362Z</time>
      </trkpt>
      <trkpt lat="46.476450" lon="11.774039">
        <ele>1461.649504</ele>
        <time>2026-08-21T11:38:43.660Z</time>
      </trkpt>
      <trkpt lat="46.476528" lon="11.773859">
        <ele>1461.184733</ele>
        <time>2026-08-21T11:38:44.513Z</time>
      </trkpt>
      <trkpt lat="46.476622" lon="11.773741">
        <ele>1460.790416</ele>
        <time>2026-08-21T11:38:45.229Z</time>
      </trkpt>
      <trkpt lat="46.476637" lon="11.773649">
        <ele>1460.583801</ele>
        <time>2026-08-21T11:38:45.590Z</time>
      </trkpt>
      <trkpt lat="46.476601" lon="11.773251">
        <ele>1459.396151</ele>
        <time>2026-08-21T11:38:47.133Z</time>
      </trkpt>
      <trkpt lat="46.476549" lon="11.772965">
        <ele>1458.323349</ele>
        <time>2026-08-21T11:38:48.259Z</time>
      </trkpt>
      <trkpt lat="46.476551" lon="11.772833">
        <ele>1457.844498</ele>
        <time>2026-08-21T11:38:48.759Z</time>
      </trkpt>
      <trkpt lat="46.476589" lon="11.772723">
        <ele>1457.398170</ele>
        <time>2026-08-21T11:38:49.227Z</time>
      </trkpt>
      <trkpt lat="46.476686" lon="11.772584">
        <ele>1456.680461</ele>
        <time>2026-08-21T11:38:49.977Z</time>
      </trkpt>
      <trkpt lat="46.476730" lon="11.772524">
        <ele>1456.362578</ele>
        <time>2026-08-21T11:38:50.311Z</time>
      </trkpt>
      <trkpt lat="46.476708" lon="11.772467">
        <ele>1456.125597</ele>
        <time>2026-08-21T11:38:50.554Z</time>
      </trkpt>
      <trkpt lat="46.476675" lon="11.771583">
        <ele>1452.914823</ele>
        <time>2026-08-21T11:38:53.917Z</time>
      </trkpt>
      <trkpt lat="46.476654" lon="11.771040">
        <ele>1450.942382</ele>
        <time>2026-08-21T11:38:56.067Z</time>
      </trkpt>
      <trkpt lat="46.476646" lon="11.770566">
        <ele>1449.733818</ele>
        <time>2026-08-21T11:38:57.980Z</time>
      </trkpt>
      <trkpt lat="46.477039" lon="11.770303">
        <ele>1448.240820</ele>
        <time>2026-08-21T11:39:00.616Z</time>
      </trkpt>
      <trkpt lat="46.477120" lon="11.770199">
        <ele>1447.867777</ele>
        <time>2026-08-21T11:39:01.296Z</time>
      </trkpt>
      <trkpt lat="46.477239" lon="11.769849">
        <ele>1446.940354</ele>
        <time>2026-08-21T11:39:03.002Z</time>
      </trkpt>
      <trkpt lat="46.477527" lon="11.768861">
        <ele>1444.412642</ele>
        <time>2026-08-21T11:39:07.482Z</time>
      </trkpt>
      <trkpt lat="46.477552" lon="11.768597">
        <ele>1443.905278</ele>
        <time>2026-08-21T11:39:08.567Z</time>
      </trkpt>
      <trkpt lat="46.477525" lon="11.768398">
        <ele>1443.519115</ele>
        <time>2026-08-21T11:39:09.389Z</time>
      </trkpt>
      <trkpt lat="46.477421" lon="11.768105">
        <ele>1442.891525</ele>
        <time>2026-08-21T11:39:10.718Z</time>
      </trkpt>
      <trkpt lat="46.477405" lon="11.768006">
        <ele>1442.697916</ele>
        <time>2026-08-21T11:39:11.136Z</time>
      </trkpt>
      <trkpt lat="46.477356" lon="11.767715">
        <ele>1442.127552</ele>
        <time>2026-08-21T11:39:12.352Z</time>
      </trkpt>
      <trkpt lat="46.477315" lon="11.767049">
        <ele>1440.854484</ele>
        <time>2026-08-21T11:39:15.117Z</time>
      </trkpt>
      <trkpt lat="46.477312" lon="11.766979">
        <ele>1440.720951</ele>
        <time>2026-08-21T11:39:15.416Z</time>
      </trkpt>
      <trkpt lat="46.477280" lon="11.766482">
        <ele>1439.770574</ele>
        <time>2026-08-21T11:39:17.812Z</time>
      </trkpt>
      <trkpt lat="46.477264" lon="11.766058">
        <ele>1439.654592</ele>
        <time>2026-08-21T11:39:20.313Z</time>
      </trkpt>
      <trkpt lat="46.477300" lon="11.765863">
        <ele>1439.742172</ele>
        <time>2026-08-21T11:39:21.574Z</time>
      </trkpt>
      <trkpt lat="46.477368" lon="11.765715">
        <ele>1439.819354</ele>
        <time>2026-08-21T11:39:22.733Z</time>
      </trkpt>
      <trkpt lat="46.477610" lon="11.765265">
        <ele>1440.067040</ele>
        <time>2026-08-21T11:39:26.973Z</time>
      </trkpt>
      <trkpt lat="46.477675" lon="11.765012">
        <ele>1440.184183</ele>
        <time>2026-08-21T11:39:29.222Z</time>
      </trkpt>
      <trkpt lat="46.477762" lon="11.764454">
        <ele>1440.432373</ele>
        <time>2026-08-21T11:39:34.420Z</time>
      </trkpt>
      <trkpt lat="46.477818" lon="11.764270">
        <ele>1440.519641</ele>
        <time>2026-08-21T11:39:36.195Z</time>
      </trkpt>
      <trkpt lat="46.478043" lon="11.763717">
        <ele>1440.362181</ele>
        <time>2026-08-21T11:39:41.433Z</time>
      </trkpt>
      <trkpt lat="46.478227" lon="11.763396">
        <ele>1439.975496</ele>
        <time>2026-08-21T11:39:44.004Z</time>
      </trkpt>
      <trkpt lat="46.478328" lon="11.763286">
        <ele>1439.805756</ele>
        <time>2026-08-21T11:39:45.032Z</time>
      </trkpt>
      <trkpt lat="46.478458" lon="11.763104">
        <ele>1439.562976</ele>
        <time>2026-08-21T11:39:46.438Z</time>
      </trkpt>
      <trkpt lat="46.478495" lon="11.763013">
        <ele>1439.465134</ele>
        <time>2026-08-21T11:39:46.981Z</time>
      </trkpt>
      <trkpt lat="46.478549" lon="11.762882">
        <ele>1439.323779</ele>
        <time>2026-08-21T11:39:47.755Z</time>
      </trkpt>
      <trkpt lat="46.478651" lon="11.762702">
        <ele>1439.107957</ele>
        <time>2026-08-21T11:39:48.861Z</time>
      </trkpt>
      <trkpt lat="46.479175" lon="11.762183">
        <ele>1438.255185</ele>
        <time>2026-08-21T11:39:52.742Z</time>
      </trkpt>
      <trkpt lat="46.479281" lon="11.762043">
        <ele>1437.701945</ele>
        <time>2026-08-21T11:39:53.575Z</time>
      </trkpt>
      <trkpt lat="46.479406" lon="11.761714">
        <ele>1436.650722</ele>
        <time>2026-08-21T11:39:55.072Z</time>
      </trkpt>
      <trkpt lat="46.479439" lon="11.761554">
        <ele>1436.183456</ele>
        <time>2026-08-21T11:39:55.725Z</time>
      </trkpt>
      <trkpt lat="46.479501" lon="11.760914">
        <ele>1434.375346</ele>
        <time>2026-08-21T11:39:58.244Z</time>
      </trkpt>
      <trkpt lat="46.479533" lon="11.760521">
        <ele>1433.268222</ele>
        <time>2026-08-21T11:39:59.811Z</time>
      </trkpt>
      <trkpt lat="46.479510" lon="11.760304">
        <ele>1432.653989</ele>
        <time>2026-08-21T11:40:00.695Z</time>
      </trkpt>
      <trkpt lat="46.479411" lon="11.759897">
        <ele>1431.446408</ele>
        <time>2026-08-21T11:40:02.455Z</time>
      </trkpt>
      <trkpt lat="46.479309" lon="11.759501">
        <ele>1430.480698</ele>
        <time>2026-08-21T11:40:04.202Z</time>
      </trkpt>
      <trkpt lat="46.479081" lon="11.758695">
        <ele>1428.832914</ele>
        <time>2026-08-21T11:40:07.924Z</time>
      </trkpt>
      <trkpt lat="46.478904" lon="11.758058">
        <ele>1427.533937</ele>
        <time>2026-08-21T11:40:10.966Z</time>
      </trkpt>
      <trkpt lat="46.478876" lon="11.757824">
        <ele>1427.084796</ele>
        <time>2026-08-21T11:40:12.037Z</time>
      </trkpt>
      <trkpt lat="46.478876" lon="11.757612">
        <ele>1426.683890</ele>
        <time>2026-08-21T11:40:12.981Z</time>
      </trkpt>
      <trkpt lat="46.479118" lon="11.756642">
        <ele>1424.983491</ele>
        <time>2026-08-21T11:40:17.441Z</time>
      </trkpt>
      <trkpt lat="46.479130" lon="11.756462">
        <ele>1424.709455</ele>
        <time>2026-08-21T11:40:18.230Z</time>
      </trkpt>
      <trkpt lat="46.479139" lon="11.756297">
        <ele>1424.458642</ele>
        <time>2026-08-21T11:40:18.955Z</time>
      </trkpt>
      <trkpt lat="46.479106" lon="11.756089">
        <ele>1424.135195</ele>
        <time>2026-08-21T11:40:19.899Z</time>
      </trkpt>
      <trkpt lat="46.478929" lon="11.755494">
        <ele>1423.153035</ele>
        <time>2026-08-21T11:40:22.800Z</time>
      </trkpt>
      <trkpt lat="46.478846" lon="11.755106">
        <ele>1422.537366</ele>
        <time>2026-08-21T11:40:24.652Z</time>
      </trkpt>
      <trkpt lat="46.478827" lon="11.754902">
        <ele>1422.225421</ele>
        <time>2026-08-21T11:40:25.602Z</time>
      </trkpt>
      <trkpt lat="46.478926" lon="11.754343">
        <ele>1421.544583</ele>
        <time>2026-08-21T11:40:28.292Z</time>
      </trkpt>
      <trkpt lat="46.479084" lon="11.754040">
        <ele>1421.131488</ele>
        <time>2026-08-21T11:40:30.088Z</time>
      </trkpt>
      <trkpt lat="46.479256" lon="11.753589">
        <ele>1420.571147</ele>
        <time>2026-08-21T11:40:32.558Z</time>
      </trkpt>
      <trkpt lat="46.479314" lon="11.753357">
        <ele>1420.302887</ele>
        <time>2026-08-21T11:40:33.745Z</time>
      </trkpt>
      <trkpt lat="46.479279" lon="11.752721">
        <ele>1419.609424</ele>
        <time>2026-08-21T11:40:36.810Z</time>
      </trkpt>
      <trkpt lat="46.479191" lon="11.752076">
        <ele>1418.938164</ele>
        <time>2026-08-21T11:40:39.909Z</time>
      </trkpt>
      <trkpt lat="46.478748" lon="11.750849">
        <ele>1417.648398</ele>
        <time>2026-08-21T11:40:46.180Z</time>
      </trkpt>
      <trkpt lat="46.478353" lon="11.749566">
        <ele>1416.544521</ele>
        <time>2026-08-21T11:40:53.968Z</time>
      </trkpt>
      <trkpt lat="46.478208" lon="11.749088">
        <ele>1416.291853</ele>
        <time>2026-08-21T11:40:56.912Z</time>
      </trkpt>
      <trkpt lat="46.478042" lon="11.748739">
        <ele>1416.086670</ele>
        <time>2026-08-21T11:40:59.224Z</time>
      </trkpt>
      <trkpt lat="46.477763" lon="11.748287">
        <ele>1415.793038</ele>
        <time>2026-08-21T11:41:02.557Z</time>
      </trkpt>
      <trkpt lat="46.477584" lon="11.747876">
        <ele>1415.557793</ele>
        <time>2026-08-21T11:41:05.072Z</time>
      </trkpt>
      <trkpt lat="46.477422" lon="11.747421">
        <ele>1415.558695</ele>
        <time>2026-08-21T11:41:07.358Z</time>
      </trkpt>
      <trkpt lat="46.477235" lon="11.746456">
        <ele>1415.701192</ele>
        <time>2026-08-21T11:41:12.367Z</time>
      </trkpt>
      <trkpt lat="46.477060" lon="11.745898">
        <ele>1415.788347</ele>
        <time>2026-08-21T11:41:17.079Z</time>
      </trkpt>
      <trkpt lat="46.476902" lon="11.745423">
        <ele>1415.863330</ele>
        <time>2026-08-21T11:41:22.075Z</time>
      </trkpt>
      <trkpt lat="46.476756" lon="11.744975">
        <ele>1416.641061</ele>
        <time>2026-08-21T11:41:27.334Z</time>
      </trkpt>
      <trkpt lat="46.476731" lon="11.744748">
        <ele>1417.057009</ele>
        <time>2026-08-21T11:41:29.955Z</time>
      </trkpt>
      <trkpt lat="46.476724" lon="11.744568">
        <ele>1417.383215</ele>
        <time>2026-08-21T11:41:32.105Z</time>
      </trkpt>
      <trkpt lat="46.476805" lon="11.743953">
        <ele>1418.516149</ele>
        <time>2026-08-21T11:41:39.714Z</time>
      </trkpt>
      <trkpt lat="46.476805" lon="11.743545">
        <ele>1419.254373</ele>
        <time>2026-08-21T11:41:44.193Z</time>
      </trkpt>
      <trkpt lat="46.476549" lon="11.742196">
        <ele>1420.599283</ele>
        <time>2026-08-21T11:41:57.199Z</time>
      </trkpt>
      <trkpt lat="46.476524" lon="11.742077">
        <ele>1420.599283</ele>
        <time>2026-08-21T11:41:58.215Z</time>
      </trkpt>
      <trkpt lat="46.476497" lon="11.741942">
        <ele>1420.599283</ele>
        <time>2026-08-21T11:41:59.356Z</time>
      </trkpt>
      <trkpt lat="46.476465" lon="11.741779">
        <ele>1420.599283</ele>
        <time>2026-08-21T11:42:00.528Z</time>
      </trkpt>
      <trkpt lat="46.476438" lon="11.741650">
        <ele>1420.599283</ele>
        <time>2026-08-21T11:42:01.343Z</time>
      </trkpt>
      <trkpt lat="46.476278" lon="11.740848">
        <ele>1420.599283</ele>
        <time>2026-08-21T11:42:05.466Z</time>
      </trkpt>
      <trkpt lat="46.476240" lon="11.740666">
        <ele>1420.599283</ele>
        <time>2026-08-21T11:42:06.351Z</time>
      </trkpt>
      <trkpt lat="46.476206" lon="11.740676">
        <ele>1420.599283</ele>
        <time>2026-08-21T11:42:06.665Z</time>
      </trkpt>
      <trkpt lat="46.476166" lon="11.740689">
        <ele>1420.599283</ele>
        <time>2026-08-21T11:42:07.058Z</time>
      </trkpt>
      <trkpt lat="46.475977" lon="11.740733">
        <ele>1420.599283</ele>
        <time>2026-08-21T11:42:08.877Z</time>
      </trkpt>
      <trkpt lat="46.475747" lon="11.740716">
        <ele>1420.599283</ele>
        <time>2026-08-21T11:42:11.048Z</time>
      </trkpt>
      <trkpt lat="46.475462" lon="11.740764">
        <ele>1420.599283</ele>
        <time>2026-08-21T11:42:13.738Z</time>
      </trkpt>
    </trkseg>
  </trk>
</gpx>