<?xml version='1.0' encoding='UTF-8'?>
<gpx version="1.1" creator="https://www.komoot.de" xmlns="http://www.topografix.com/GPX/1/1" xmlns:xsi="http://www.w3.org/2001/XMLSchema-instance" xsi:schemaLocation="http://www.topografix.com/GPX/1/1 http://www.topografix.com/GPX/1/1/gpx.xsd">
  <metadata>
    <name>The Ride Etappe 5 !</name>
    <author>
      <link href="https://www.komoot.de">
        <text>komoot</text>
        <type>text/html</type>
      </link>
    </author>
  </metadata>
  <wpt lat="46.306744" lon="11.599155">
    <name>Let op;: Links fietspad nemen</name>
    <sym>Flag, Blue</sym>
  </wpt>
  <wpt lat="46.288150" lon="11.568407">
    <name>Let op, links af drukke weg</name>
    <sym>Flag, Blue</sym>
  </wpt>
  <wpt lat="46.289467" lon="11.510195">
    <name>Public Water Fountain</name>
    <sym>Drinking Water</sym>
  </wpt>
  <wpt lat="46.279303" lon="11.433358">
    <name>Public Water Fountain</name>
    <sym>Drinking Water</sym>
  </wpt>
  <wpt lat="46.272133" lon="11.423109">
    <name>VP 1</name>
    <desc></desc>
    <sym>Flag, Blue</sym>
  </wpt>
  <wpt lat="46.270600" lon="11.422351">
    <name>Start Challenge Passo Manghen</name>
    <desc></desc>
    <sym>Flag, Blue</sym>
  </wpt>
  <wpt lat="46.266440" lon="11.417135">
    <name>Public Water Fountain</name>
    <sym>Drinking Water</sym>
  </wpt>
  <wpt lat="46.220161" lon="11.419640">
    <name>Drinkfontein</name>
    <sym>Flag, Blue</sym>
  </wpt>
  <wpt lat="46.173427" lon="11.441027">
    <name>Passo Manghen</name>
    <sym>Flag, Blue</sym>
  </wpt>
  <wpt lat="46.173109" lon="11.441820">
    <name>Einde Challenge</name>
    <desc></desc>
    <sym>Flag, Blue</sym>
  </wpt>
  <wpt lat="46.075255" lon="11.474786">
    <name>Parking</name>
    <sym>Flag, Blue</sym>
  </wpt>
  <wpt lat="46.075359" lon="11.474861">
    <name>PLACEHOLDER VP2 - KATY ZOEKT</name>
    <desc></desc>
    <sym>Flag, Blue</sym>
  </wpt>
  <wpt lat="46.075569" lon="11.450851">
    <name>Public Water Fountain</name>
    <sym>Drinking Water</sym>
  </wpt>
  <trk>
    <name>The Ride Etappe 5 !</name>
    <type>racebike</type>
    <trkseg>
      <trkpt lat="46.475214" lon="11.740727">
        <ele>1419.882060</ele>
        <time>2026-08-21T07:05:30.231Z</time>
      </trkpt>
      <trkpt lat="46.475406" lon="11.740773">
        <ele>1419.882060</ele>
        <time>2026-08-21T07:05:33.982Z</time>
      </trkpt>
      <trkpt lat="46.475747" lon="11.740716">
        <ele>1419.882060</ele>
        <time>2026-08-21T07:05:40.215Z</time>
      </trkpt>
      <trkpt lat="46.475977" lon="11.740733">
        <ele>1419.882060</ele>
        <time>2026-08-21T07:05:44.051Z</time>
      </trkpt>
      <trkpt lat="46.476166" lon="11.740689">
        <ele>1419.771153</ele>
        <time>2026-08-21T07:05:47.042Z</time>
      </trkpt>
      <trkpt lat="46.476206" lon="11.740676">
        <ele>1419.695684</ele>
        <time>2026-08-21T07:05:47.681Z</time>
      </trkpt>
      <trkpt lat="46.476240" lon="11.740666">
        <ele>1419.631813</ele>
        <time>2026-08-21T07:05:48.212Z</time>
      </trkpt>
      <trkpt lat="46.476124" lon="11.740363">
        <ele>1419.192255</ele>
        <time>2026-08-21T07:05:50.793Z</time>
      </trkpt>
      <trkpt lat="46.475932" lon="11.740102">
        <ele>1418.708023</ele>
        <time>2026-08-21T07:05:53.115Z</time>
      </trkpt>
      <trkpt lat="46.475661" lon="11.739802">
        <ele>1418.080608</ele>
        <time>2026-08-21T07:05:55.465Z</time>
      </trkpt>
      <trkpt lat="46.475378" lon="11.739503">
        <ele>1417.436230</ele>
        <time>2026-08-21T07:05:57.578Z</time>
      </trkpt>
      <trkpt lat="46.474793" lon="11.738903">
        <ele>1415.416489</ele>
        <time>2026-08-21T07:06:01.655Z</time>
      </trkpt>
      <trkpt lat="46.474595" lon="11.738667">
        <ele>1414.214761</ele>
        <time>2026-08-21T07:06:03.121Z</time>
      </trkpt>
      <trkpt lat="46.474466" lon="11.738463">
        <ele>1413.319988</ele>
        <time>2026-08-21T07:06:04.203Z</time>
      </trkpt>
      <trkpt lat="46.474276" lon="11.738162">
        <ele>1412.000829</ele>
        <time>2026-08-21T07:06:05.796Z</time>
      </trkpt>
      <trkpt lat="46.474076" lon="11.737834">
        <ele>1410.585453</ele>
        <time>2026-08-21T07:06:07.495Z</time>
      </trkpt>
      <trkpt lat="46.473480" lon="11.736788">
        <ele>1406.250458</ele>
        <time>2026-08-21T07:06:12.905Z</time>
      </trkpt>
      <trkpt lat="46.473414" lon="11.736543">
        <ele>1405.422987</ele>
        <time>2026-08-21T07:06:13.948Z</time>
      </trkpt>
      <trkpt lat="46.473334" lon="11.736515">
        <ele>1405.047149</ele>
        <time>2026-08-21T07:06:14.421Z</time>
      </trkpt>
      <trkpt lat="46.473268" lon="11.736442">
        <ele>1404.668225</ele>
        <time>2026-08-21T07:06:14.893Z</time>
      </trkpt>
      <trkpt lat="46.473187" lon="11.736299">
        <ele>1404.085845</ele>
        <time>2026-08-21T07:06:15.628Z</time>
      </trkpt>
      <trkpt lat="46.473056" lon="11.736071">
        <ele>1403.151895</ele>
        <time>2026-08-21T07:06:16.816Z</time>
      </trkpt>
      <trkpt lat="46.472900" lon="11.735838">
        <ele>1402.129773</ele>
        <time>2026-08-21T07:06:18.111Z</time>
      </trkpt>
      <trkpt lat="46.472599" lon="11.735567">
        <ele>1400.512231</ele>
        <time>2026-08-21T07:06:20.129Z</time>
      </trkpt>
      <trkpt lat="46.472424" lon="11.735412">
        <ele>1399.588222</ele>
        <time>2026-08-21T07:06:21.287Z</time>
      </trkpt>
      <trkpt lat="46.472129" lon="11.735148">
        <ele>1398.062090</ele>
        <time>2026-08-21T07:06:23.231Z</time>
      </trkpt>
      <trkpt lat="46.472068" lon="11.735104">
        <ele>1397.762120</ele>
        <time>2026-08-21T07:06:23.607Z</time>
      </trkpt>
      <trkpt lat="46.471960" lon="11.735087">
        <ele>1397.283697</ele>
        <time>2026-08-21T07:06:24.215Z</time>
      </trkpt>
      <trkpt lat="46.471909" lon="11.735069">
        <ele>1397.052550</ele>
        <time>2026-08-21T07:06:24.506Z</time>
      </trkpt>
      <trkpt lat="46.471764" lon="11.734952">
        <ele>1396.321983</ele>
        <time>2026-08-21T07:06:25.437Z</time>
      </trkpt>
      <trkpt lat="46.471497" lon="11.734471">
        <ele>1394.448169</ele>
        <time>2026-08-21T07:06:27.903Z</time>
      </trkpt>
      <trkpt lat="46.471105" lon="11.734126">
        <ele>1392.429399</ele>
        <time>2026-08-21T07:06:30.617Z</time>
      </trkpt>
      <trkpt lat="46.471060" lon="11.734038">
        <ele>1392.096952</ele>
        <time>2026-08-21T07:06:31.067Z</time>
      </trkpt>
      <trkpt lat="46.470909" lon="11.733294">
        <ele>1390.632291</ele>
        <time>2026-08-21T07:06:34.389Z</time>
      </trkpt>
      <trkpt lat="46.470804" lon="11.732937">
        <ele>1389.919071</ele>
        <time>2026-08-21T07:06:36.025Z</time>
      </trkpt>
      <trkpt lat="46.470633" lon="11.732928">
        <ele>1389.462598</ele>
        <time>2026-08-21T07:06:37.085Z</time>
      </trkpt>
      <trkpt lat="46.470534" lon="11.732970">
        <ele>1389.187455</ele>
        <time>2026-08-21T07:06:37.733Z</time>
      </trkpt>
      <trkpt lat="46.470288" lon="11.733211">
        <ele>1388.395793</ele>
        <time>2026-08-21T07:06:39.644Z</time>
      </trkpt>
      <trkpt lat="46.470133" lon="11.733300">
        <ele>1387.951143</ele>
        <time>2026-08-21T07:06:40.717Z</time>
      </trkpt>
      <trkpt lat="46.469990" lon="11.733343">
        <ele>1387.561570</ele>
        <time>2026-08-21T07:06:41.662Z</time>
      </trkpt>
      <trkpt lat="46.469890" lon="11.733320">
        <ele>1387.291475</ele>
        <time>2026-08-21T07:06:42.316Z</time>
      </trkpt>
      <trkpt lat="46.469853" lon="11.733407">
        <ele>1387.147740</ele>
        <time>2026-08-21T07:06:42.773Z</time>
      </trkpt>
      <trkpt lat="46.469253" lon="11.732294">
        <ele>1385.761062</ele>
        <time>2026-08-21T07:06:49.349Z</time>
      </trkpt>
      <trkpt lat="46.469051" lon="11.731990">
        <ele>1385.346630</ele>
        <time>2026-08-21T07:06:51.660Z</time>
      </trkpt>
      <trkpt lat="46.468116" lon="11.731006">
        <ele>1383.470378</ele>
        <time>2026-08-21T07:07:00.100Z</time>
      </trkpt>
      <trkpt lat="46.467635" lon="11.729089">
        <ele>1380.873825</ele>
        <time>2026-08-21T07:07:09.185Z</time>
      </trkpt>
      <trkpt lat="46.467604" lon="11.729020">
        <ele>1380.751513</ele>
        <time>2026-08-21T07:07:09.544Z</time>
      </trkpt>
      <trkpt lat="46.467538" lon="11.728592">
        <ele>1380.100328</ele>
        <time>2026-08-21T07:07:11.475Z</time>
      </trkpt>
      <trkpt lat="46.467479" lon="11.728378">
        <ele>1379.758091</ele>
        <time>2026-08-21T07:07:12.492Z</time>
      </trkpt>
      <trkpt lat="46.467390" lon="11.728168">
        <ele>1379.392006</ele>
        <time>2026-08-21T07:07:13.586Z</time>
      </trkpt>
      <trkpt lat="46.467183" lon="11.727844">
        <ele>1378.735874</ele>
        <time>2026-08-21T07:07:15.554Z</time>
      </trkpt>
      <trkpt lat="46.466931" lon="11.727205">
        <ele>1377.642631</ele>
        <time>2026-08-21T07:07:18.902Z</time>
      </trkpt>
      <trkpt lat="46.466726" lon="11.726481">
        <ele>1376.875758</ele>
        <time>2026-08-21T07:07:22.588Z</time>
      </trkpt>
      <trkpt lat="46.466248" lon="11.725535">
        <ele>1375.770052</ele>
        <time>2026-08-21T07:07:28.248Z</time>
      </trkpt>
      <trkpt lat="46.466046" lon="11.725224">
        <ele>1375.367193</ele>
        <time>2026-08-21T07:07:30.378Z</time>
      </trkpt>
      <trkpt lat="46.465805" lon="11.725010">
        <ele>1375.008939</ele>
        <time>2026-08-21T07:07:32.461Z</time>
      </trkpt>
      <trkpt lat="46.465683" lon="11.724865">
        <ele>1374.843572</ele>
        <time>2026-08-21T07:07:33.624Z</time>
      </trkpt>
      <trkpt lat="46.464797" lon="11.723210">
        <ele>1373.329290</ele>
        <time>2026-08-21T07:07:44.288Z</time>
      </trkpt>
      <trkpt lat="46.464732" lon="11.723011">
        <ele>1373.147195</ele>
        <time>2026-08-21T07:07:45.386Z</time>
      </trkpt>
      <trkpt lat="46.464654" lon="11.722594">
        <ele>1372.676100</ele>
        <time>2026-08-21T07:07:47.524Z</time>
      </trkpt>
      <trkpt lat="46.464396" lon="11.720975">
        <ele>1370.864374</ele>
        <time>2026-08-21T07:07:55.270Z</time>
      </trkpt>
      <trkpt lat="46.464250" lon="11.720144">
        <ele>1370.051337</ele>
        <time>2026-08-21T07:07:59.155Z</time>
      </trkpt>
      <trkpt lat="46.464143" lon="11.719682">
        <ele>1369.667553</ele>
        <time>2026-08-21T07:08:01.414Z</time>
      </trkpt>
      <trkpt lat="46.463925" lon="11.719005">
        <ele>1369.079120</ele>
        <time>2026-08-21T07:08:05.061Z</time>
      </trkpt>
      <trkpt lat="46.463762" lon="11.718655">
        <ele>1368.746456</ele>
        <time>2026-08-21T07:08:07.291Z</time>
      </trkpt>
      <trkpt lat="46.463358" lon="11.717908">
        <ele>1368.149341</ele>
        <time>2026-08-21T07:08:12.872Z</time>
      </trkpt>
      <trkpt lat="46.462793" lon="11.717137">
        <ele>1367.688734</ele>
        <time>2026-08-21T07:08:21.921Z</time>
      </trkpt>
      <trkpt lat="46.462088" lon="11.716135">
        <ele>1366.857782</ele>
        <time>2026-08-21T07:08:32.239Z</time>
      </trkpt>
      <trkpt lat="46.461503" lon="11.715241">
        <ele>1365.478690</ele>
        <time>2026-08-21T07:08:37.908Z</time>
      </trkpt>
      <trkpt lat="46.461393" lon="11.714987">
        <ele>1365.143132</ele>
        <time>2026-08-21T07:08:39.271Z</time>
      </trkpt>
      <trkpt lat="46.461315" lon="11.714827">
        <ele>1364.923904</ele>
        <time>2026-08-21T07:08:40.166Z</time>
      </trkpt>
      <trkpt lat="46.460676" lon="11.713897">
        <ele>1363.725317</ele>
        <time>2026-08-21T07:08:46.298Z</time>
      </trkpt>
      <trkpt lat="46.460405" lon="11.713451">
        <ele>1363.267271</ele>
        <time>2026-08-21T07:08:49.306Z</time>
      </trkpt>
      <trkpt lat="46.460340" lon="11.713250">
        <ele>1363.096252</ele>
        <time>2026-08-21T07:08:50.468Z</time>
      </trkpt>
      <trkpt lat="46.460364" lon="11.713052">
        <ele>1362.941410</ele>
        <time>2026-08-21T07:08:51.534Z</time>
      </trkpt>
      <trkpt lat="46.460589" lon="11.712483">
        <ele>1362.436096</ele>
        <time>2026-08-21T07:08:55.042Z</time>
      </trkpt>
      <trkpt lat="46.460627" lon="11.712268">
        <ele>1362.271817</ele>
        <time>2026-08-21T07:08:56.220Z</time>
      </trkpt>
      <trkpt lat="46.460609" lon="11.711960">
        <ele>1362.067241</ele>
        <time>2026-08-21T07:08:57.849Z</time>
      </trkpt>
      <trkpt lat="46.460643" lon="11.711464">
        <ele>1361.737351</ele>
        <time>2026-08-21T07:09:00.405Z</time>
      </trkpt>
      <trkpt lat="46.460554" lon="11.710895">
        <ele>1361.351182</ele>
        <time>2026-08-21T07:09:03.323Z</time>
      </trkpt>
      <trkpt lat="46.460232" lon="11.709909">
        <ele>1360.628994</ele>
        <time>2026-08-21T07:09:08.744Z</time>
      </trkpt>
      <trkpt lat="46.460075" lon="11.709592">
        <ele>1360.495081</ele>
        <time>2026-08-21T07:09:10.721Z</time>
      </trkpt>
      <trkpt lat="46.459821" lon="11.709216">
        <ele>1360.349372</ele>
        <time>2026-08-21T07:09:13.446Z</time>
      </trkpt>
      <trkpt lat="46.459297" lon="11.708748">
        <ele>1360.102261</ele>
        <time>2026-08-21T07:09:18.338Z</time>
      </trkpt>
      <trkpt lat="46.459211" lon="11.708628">
        <ele>1360.054348</ele>
        <time>2026-08-21T07:09:19.348Z</time>
      </trkpt>
      <trkpt lat="46.459177" lon="11.708488">
        <ele>1360.013275</ele>
        <time>2026-08-21T07:09:20.229Z</time>
      </trkpt>
      <trkpt lat="46.459150" lon="11.707792">
        <ele>1359.865485</ele>
        <time>2026-08-21T07:09:24.679Z</time>
      </trkpt>
      <trkpt lat="46.459175" lon="11.707663">
        <ele>1359.868520</ele>
        <time>2026-08-21T07:09:25.602Z</time>
      </trkpt>
      <trkpt lat="46.459289" lon="11.707463">
        <ele>1359.874398</ele>
        <time>2026-08-21T07:09:27.429Z</time>
      </trkpt>
      <trkpt lat="46.459310" lon="11.707368">
        <ele>1359.876657</ele>
        <time>2026-08-21T07:09:28.158Z</time>
      </trkpt>
      <trkpt lat="46.459297" lon="11.707027">
        <ele>1359.884391</ele>
        <time>2026-08-21T07:09:30.677Z</time>
      </trkpt>
      <trkpt lat="46.459195" lon="11.706737">
        <ele>1359.891764</ele>
        <time>2026-08-21T07:09:33.066Z</time>
      </trkpt>
      <trkpt lat="46.459059" lon="11.706529">
        <ele>1359.898258</ele>
        <time>2026-08-21T07:09:35.117Z</time>
      </trkpt>
      <trkpt lat="46.459018" lon="11.706403">
        <ele>1359.901413</ele>
        <time>2026-08-21T07:09:36.104Z</time>
      </trkpt>
      <trkpt lat="46.458950" lon="11.705719">
        <ele>1359.917062</ele>
        <time>2026-08-21T07:09:40.256Z</time>
      </trkpt>
      <trkpt lat="46.458816" lon="11.704816">
        <ele>1359.073921</ele>
        <time>2026-08-21T07:09:44.619Z</time>
      </trkpt>
      <trkpt lat="46.458690" lon="11.704408">
        <ele>1358.562716</ele>
        <time>2026-08-21T07:09:46.582Z</time>
      </trkpt>
      <trkpt lat="46.458489" lon="11.703972">
        <ele>1357.962899</ele>
        <time>2026-08-21T07:09:48.861Z</time>
      </trkpt>
      <trkpt lat="46.458202" lon="11.703522">
        <ele>1357.261757</ele>
        <time>2026-08-21T07:09:51.567Z</time>
      </trkpt>
      <trkpt lat="46.457128" lon="11.702239">
        <ele>1356.497659</ele>
        <time>2026-08-21T07:10:02.514Z</time>
      </trkpt>
      <trkpt lat="46.457018" lon="11.702008">
        <ele>1356.426676</ele>
        <time>2026-08-21T07:10:04.619Z</time>
      </trkpt>
      <trkpt lat="46.456935" lon="11.701894">
        <ele>1356.384749</ele>
        <time>2026-08-21T07:10:05.813Z</time>
      </trkpt>
      <trkpt lat="46.456370" lon="11.701417">
        <ele>1355.966589</ele>
        <time>2026-08-21T07:10:12.126Z</time>
      </trkpt>
      <trkpt lat="46.456126" lon="11.701366">
        <ele>1355.753108</ele>
        <time>2026-08-21T07:10:14.373Z</time>
      </trkpt>
      <trkpt lat="46.456049" lon="11.701311">
        <ele>1355.678791</ele>
        <time>2026-08-21T07:10:15.119Z</time>
      </trkpt>
      <trkpt lat="46.455961" lon="11.701071">
        <ele>1355.516591</ele>
        <time>2026-08-21T07:10:16.658Z</time>
      </trkpt>
      <trkpt lat="46.455919" lon="11.700931">
        <ele>1355.425493</ele>
        <time>2026-08-21T07:10:18.905Z</time>
      </trkpt>
      <trkpt lat="46.455686" lon="11.700605">
        <ele>1355.145244</ele>
        <time>2026-08-21T07:10:21.288Z</time>
      </trkpt>
      <trkpt lat="46.455579" lon="11.700170">
        <ele>1354.869679</ele>
        <time>2026-08-21T07:10:23.437Z</time>
      </trkpt>
      <trkpt lat="46.455475" lon="11.699920">
        <ele>1354.614432</ele>
        <time>2026-08-21T07:10:24.707Z</time>
      </trkpt>
      <trkpt lat="46.455405" lon="11.699818">
        <ele>1354.225763</ele>
        <time>2026-08-21T07:10:25.320Z</time>
      </trkpt>
      <trkpt lat="46.455239" lon="11.699692">
        <ele>1353.491708</ele>
        <time>2026-08-21T07:10:26.472Z</time>
      </trkpt>
      <trkpt lat="46.454826" lon="11.699557">
        <ele>1351.832798</ele>
        <time>2026-08-21T07:10:29.004Z</time>
      </trkpt>
      <trkpt lat="46.453097" lon="11.699229">
        <ele>1345.125236</ele>
        <time>2026-08-21T07:10:38.970Z</time>
      </trkpt>
      <trkpt lat="46.452986" lon="11.699220">
        <ele>1344.710038</ele>
        <time>2026-08-21T07:10:39.614Z</time>
      </trkpt>
      <trkpt lat="46.452328" lon="11.699348">
        <ele>1342.230631</ele>
        <time>2026-08-21T07:10:43.576Z</time>
      </trkpt>
      <trkpt lat="46.452211" lon="11.699343">
        <ele>1341.793481</ele>
        <time>2026-08-21T07:10:44.299Z</time>
      </trkpt>
      <trkpt lat="46.452008" lon="11.699214">
        <ele>1340.965859</ele>
        <time>2026-08-21T07:10:45.697Z</time>
      </trkpt>
      <trkpt lat="46.451799" lon="11.699001">
        <ele>1340.599334</ele>
        <time>2026-08-21T07:10:47.357Z</time>
      </trkpt>
      <trkpt lat="46.451589" lon="11.698699">
        <ele>1340.184433</ele>
        <time>2026-08-21T07:10:49.334Z</time>
      </trkpt>
      <trkpt lat="46.451386" lon="11.698510">
        <ele>1339.845949</ele>
        <time>2026-08-21T07:10:51.008Z</time>
      </trkpt>
      <trkpt lat="46.450528" lon="11.698054">
        <ele>1338.563568</ele>
        <time>2026-08-21T07:10:57.880Z</time>
      </trkpt>
      <trkpt lat="46.450181" lon="11.697923">
        <ele>1338.024369</ele>
        <time>2026-08-21T07:11:00.780Z</time>
      </trkpt>
      <trkpt lat="46.449047" lon="11.697673">
        <ele>1336.257210</ele>
        <time>2026-08-21T07:11:08.942Z</time>
      </trkpt>
      <trkpt lat="46.447964" lon="11.697310">
        <ele>1333.776943</ele>
        <time>2026-08-21T07:11:15.800Z</time>
      </trkpt>
      <trkpt lat="46.447351" lon="11.697230">
        <ele>1332.174342</ele>
        <time>2026-08-21T07:11:19.574Z</time>
      </trkpt>
      <trkpt lat="46.446831" lon="11.697292">
        <ele>1330.886831</ele>
        <time>2026-08-21T07:11:22.934Z</time>
      </trkpt>
      <trkpt lat="46.445099" lon="11.697623">
        <ele>1328.386606</ele>
        <time>2026-08-21T07:11:35.227Z</time>
      </trkpt>
      <trkpt lat="46.444822" lon="11.697608">
        <ele>1328.158905</ele>
        <time>2026-08-21T07:11:37.263Z</time>
      </trkpt>
      <trkpt lat="46.443085" lon="11.697101">
        <ele>1326.783285</ele>
        <time>2026-08-21T07:11:50.641Z</time>
      </trkpt>
      <trkpt lat="46.442874" lon="11.697060">
        <ele>1326.673915</ele>
        <time>2026-08-21T07:11:52.525Z</time>
      </trkpt>
      <trkpt lat="46.442406" lon="11.697045">
        <ele>1326.433420</ele>
        <time>2026-08-21T07:11:57.152Z</time>
      </trkpt>
      <trkpt lat="46.442337" lon="11.697002">
        <ele>1326.394841</ele>
        <time>2026-08-21T07:11:57.800Z</time>
      </trkpt>
      <trkpt lat="46.442280" lon="11.696865">
        <ele>1326.338185</ele>
        <time>2026-08-21T07:11:58.748Z</time>
      </trkpt>
      <trkpt lat="46.442270" lon="11.696298">
        <ele>1326.137390</ele>
        <time>2026-08-21T07:12:01.643Z</time>
      </trkpt>
      <trkpt lat="46.442235" lon="11.696243">
        <ele>1326.110887</ele>
        <time>2026-08-21T07:12:02.023Z</time>
      </trkpt>
      <trkpt lat="46.441956" lon="11.696203">
        <ele>1325.894991</ele>
        <time>2026-08-21T07:12:04.879Z</time>
      </trkpt>
      <trkpt lat="46.441906" lon="11.696235">
        <ele>1325.788237</ele>
        <time>2026-08-21T07:12:05.273Z</time>
      </trkpt>
      <trkpt lat="46.441830" lon="11.696794">
        <ele>1325.021221</ele>
        <time>2026-08-21T07:12:08.113Z</time>
      </trkpt>
      <trkpt lat="46.441745" lon="11.697017">
        <ele>1324.678160</ele>
        <time>2026-08-21T07:12:09.345Z</time>
      </trkpt>
      <trkpt lat="46.441675" lon="11.697092">
        <ele>1324.508179</ele>
        <time>2026-08-21T07:12:09.922Z</time>
      </trkpt>
      <trkpt lat="46.441583" lon="11.697127">
        <ele>1324.322380</ele>
        <time>2026-08-21T07:12:10.563Z</time>
      </trkpt>
      <trkpt lat="46.441436" lon="11.697077">
        <ele>1324.027426</ele>
        <time>2026-08-21T07:12:11.531Z</time>
      </trkpt>
      <trkpt lat="46.440313" lon="11.696600">
        <ele>1321.605352</ele>
        <time>2026-08-21T07:12:18.871Z</time>
      </trkpt>
      <trkpt lat="46.440035" lon="11.696469">
        <ele>1320.928861</ele>
        <time>2026-08-21T07:12:20.748Z</time>
      </trkpt>
      <trkpt lat="46.438511" lon="11.695504">
        <ele>1317.423480</ele>
        <time>2026-08-21T07:12:31.515Z</time>
      </trkpt>
      <trkpt lat="46.437174" lon="11.694766">
        <ele>1315.097369</ele>
        <time>2026-08-21T07:12:41.437Z</time>
      </trkpt>
      <trkpt lat="46.436705" lon="11.694549">
        <ele>1314.468750</ele>
        <time>2026-08-21T07:12:45.020Z</time>
      </trkpt>
      <trkpt lat="46.436366" lon="11.694410">
        <ele>1314.018898</ele>
        <time>2026-08-21T07:12:47.569Z</time>
      </trkpt>
      <trkpt lat="46.436074" lon="11.694220">
        <ele>1313.610242</ele>
        <time>2026-08-21T07:12:49.869Z</time>
      </trkpt>
      <trkpt lat="46.435883" lon="11.694050">
        <ele>1313.324107</ele>
        <time>2026-08-21T07:12:51.464Z</time>
      </trkpt>
      <trkpt lat="46.435684" lon="11.693818">
        <ele>1312.995398</ele>
        <time>2026-08-21T07:12:53.239Z</time>
      </trkpt>
      <trkpt lat="46.435482" lon="11.693514">
        <ele>1312.550745</ele>
        <time>2026-08-21T07:12:55.222Z</time>
      </trkpt>
      <trkpt lat="46.435341" lon="11.693260">
        <ele>1312.207320</ele>
        <time>2026-08-21T07:12:56.726Z</time>
      </trkpt>
      <trkpt lat="46.433621" lon="11.689539">
        <ele>1307.522727</ele>
        <time>2026-08-21T07:13:17.987Z</time>
      </trkpt>
      <trkpt lat="46.433562" lon="11.689364">
        <ele>1307.391915</ele>
        <time>2026-08-21T07:13:18.920Z</time>
      </trkpt>
      <trkpt lat="46.433272" lon="11.688809">
        <ele>1306.924258</ele>
        <time>2026-08-21T07:13:22.286Z</time>
      </trkpt>
      <trkpt lat="46.432994" lon="11.688198">
        <ele>1306.432654</ele>
        <time>2026-08-21T07:13:25.848Z</time>
      </trkpt>
      <trkpt lat="46.432551" lon="11.687401">
        <ele>1305.781472</ele>
        <time>2026-08-21T07:13:31.571Z</time>
      </trkpt>
      <trkpt lat="46.432364" lon="11.687129">
        <ele>1305.746566</ele>
        <time>2026-08-21T07:13:33.920Z</time>
      </trkpt>
      <trkpt lat="46.432117" lon="11.686840">
        <ele>1305.704737</ele>
        <time>2026-08-21T07:13:36.803Z</time>
      </trkpt>
      <trkpt lat="46.431972" lon="11.686646">
        <ele>1305.678736</ele>
        <time>2026-08-21T07:13:38.655Z</time>
      </trkpt>
      <trkpt lat="46.430805" lon="11.685866">
        <ele>1304.995244</ele>
        <time>2026-08-21T07:13:49.929Z</time>
      </trkpt>
      <trkpt lat="46.430465" lon="11.685750">
        <ele>1304.367489</ele>
        <time>2026-08-21T07:13:52.354Z</time>
      </trkpt>
      <trkpt lat="46.430388" lon="11.685820">
        <ele>1304.204173</ele>
        <time>2026-08-21T07:13:52.958Z</time>
      </trkpt>
      <trkpt lat="46.430362" lon="11.686036">
        <ele>1303.932548</ele>
        <time>2026-08-21T07:13:53.955Z</time>
      </trkpt>
      <trkpt lat="46.430369" lon="11.686148">
        <ele>1303.793236</ele>
        <time>2026-08-21T07:13:54.462Z</time>
      </trkpt>
      <trkpt lat="46.430354" lon="11.686202">
        <ele>1303.721114</ele>
        <time>2026-08-21T07:13:54.720Z</time>
      </trkpt>
      <trkpt lat="46.430326" lon="11.686224">
        <ele>1303.663884</ele>
        <time>2026-08-21T07:13:55.010Z</time>
      </trkpt>
      <trkpt lat="46.430221" lon="11.686269">
        <ele>1303.467105</ele>
        <time>2026-08-21T07:13:55.713Z</time>
      </trkpt>
      <trkpt lat="46.430006" lon="11.686400">
        <ele>1303.047990</ele>
        <time>2026-08-21T07:13:57.167Z</time>
      </trkpt>
      <trkpt lat="46.428907" lon="11.686923">
        <ele>1300.824373</ele>
        <time>2026-08-21T07:14:04.354Z</time>
      </trkpt>
      <trkpt lat="46.428708" lon="11.686552">
        <ele>1300.179439</ele>
        <time>2026-08-21T07:14:06.476Z</time>
      </trkpt>
      <trkpt lat="46.428678" lon="11.686506">
        <ele>1300.092559</ele>
        <time>2026-08-21T07:14:06.770Z</time>
      </trkpt>
      <trkpt lat="46.428230" lon="11.686538">
        <ele>1299.199781</ele>
        <time>2026-08-21T07:14:09.943Z</time>
      </trkpt>
      <trkpt lat="46.427626" lon="11.686483">
        <ele>1298.385647</ele>
        <time>2026-08-21T07:14:14.467Z</time>
      </trkpt>
      <trkpt lat="46.427368" lon="11.686549">
        <ele>1298.138549</ele>
        <time>2026-08-21T07:14:16.467Z</time>
      </trkpt>
      <trkpt lat="46.427297" lon="11.686219">
        <ele>1297.913800</ele>
        <time>2026-08-21T07:14:21.412Z</time>
      </trkpt>
      <trkpt lat="46.427237" lon="11.686259">
        <ele>1297.851519</ele>
        <time>2026-08-21T07:14:21.921Z</time>
      </trkpt>
      <trkpt lat="46.426983" lon="11.686560">
        <ele>1297.542184</ele>
        <time>2026-08-21T07:14:24.385Z</time>
      </trkpt>
      <trkpt lat="46.426654" lon="11.686942">
        <ele>1297.144729</ele>
        <time>2026-08-21T07:14:27.473Z</time>
      </trkpt>
      <trkpt lat="46.426435" lon="11.687079">
        <ele>1296.872385</ele>
        <time>2026-08-21T07:14:29.161Z</time>
      </trkpt>
      <trkpt lat="46.426221" lon="11.687166">
        <ele>1296.580683</ele>
        <time>2026-08-21T07:14:30.748Z</time>
      </trkpt>
      <trkpt lat="46.425971" lon="11.687214">
        <ele>1296.249689</ele>
        <time>2026-08-21T07:14:32.551Z</time>
      </trkpt>
      <trkpt lat="46.425713" lon="11.687187">
        <ele>1295.910175</ele>
        <time>2026-08-21T07:14:34.394Z</time>
      </trkpt>
      <trkpt lat="46.425431" lon="11.687087">
        <ele>1295.529144</ele>
        <time>2026-08-21T07:14:36.401Z</time>
      </trkpt>
      <trkpt lat="46.424475" lon="11.686644">
        <ele>1294.140574</ele>
        <time>2026-08-21T07:14:43.381Z</time>
      </trkpt>
      <trkpt lat="46.424348" lon="11.686194">
        <ele>1293.633603</ele>
        <time>2026-08-21T07:14:45.693Z</time>
      </trkpt>
      <trkpt lat="46.424331" lon="11.686079">
        <ele>1293.510978</ele>
        <time>2026-08-21T07:14:46.246Z</time>
      </trkpt>
      <trkpt lat="46.424249" lon="11.685987">
        <ele>1293.354187</ele>
        <time>2026-08-21T07:14:46.938Z</time>
      </trkpt>
      <trkpt lat="46.423988" lon="11.685847">
        <ele>1292.933297</ele>
        <time>2026-08-21T07:14:48.808Z</time>
      </trkpt>
      <trkpt lat="46.423634" lon="11.685790">
        <ele>1292.394575</ele>
        <time>2026-08-21T07:14:51.244Z</time>
      </trkpt>
      <trkpt lat="46.423160" lon="11.685785">
        <ele>1291.911689</ele>
        <time>2026-08-21T07:14:54.595Z</time>
      </trkpt>
      <trkpt lat="46.422740" lon="11.685590">
        <ele>1291.798449</ele>
        <time>2026-08-21T07:14:57.795Z</time>
      </trkpt>
      <trkpt lat="46.422213" lon="11.685267">
        <ele>1291.651538</ele>
        <time>2026-08-21T07:15:02.256Z</time>
      </trkpt>
      <trkpt lat="46.421790" lon="11.684954">
        <ele>1291.529602</ele>
        <time>2026-08-21T07:15:07.097Z</time>
      </trkpt>
      <trkpt lat="46.421151" lon="11.684591">
        <ele>1292.028857</ele>
        <time>2026-08-21T07:15:15.783Z</time>
      </trkpt>
      <trkpt lat="46.420291" lon="11.684030">
        <ele>1292.920170</ele>
        <time>2026-08-21T07:15:28.124Z</time>
      </trkpt>
      <trkpt lat="46.420215" lon="11.684033">
        <ele>1292.992035</ele>
        <time>2026-08-21T07:15:28.831Z</time>
      </trkpt>
      <trkpt lat="46.420210" lon="11.684064">
        <ele>1293.012780</ele>
        <time>2026-08-21T07:15:29.036Z</time>
      </trkpt>
      <trkpt lat="46.420167" lon="11.684239">
        <ele>1293.133839</ele>
        <time>2026-08-21T07:15:30.149Z</time>
      </trkpt>
      <trkpt lat="46.420111" lon="11.684359">
        <ele>1293.067741</ele>
        <time>2026-08-21T07:15:30.968Z</time>
      </trkpt>
      <trkpt lat="46.420054" lon="11.684178">
        <ele>1292.513588</ele>
        <time>2026-08-21T07:15:31.978Z</time>
      </trkpt>
      <trkpt lat="46.419748" lon="11.683471">
        <ele>1290.188843</ele>
        <time>2026-08-21T07:15:35.690Z</time>
      </trkpt>
      <trkpt lat="46.419658" lon="11.683394">
        <ele>1289.766749</ele>
        <time>2026-08-21T07:15:36.316Z</time>
      </trkpt>
      <trkpt lat="46.419156" lon="11.683330">
        <ele>1287.731025</ele>
        <time>2026-08-21T07:15:39.146Z</time>
      </trkpt>
      <trkpt lat="46.418625" lon="11.683217">
        <ele>1285.291703</ele>
        <time>2026-08-21T07:15:42.039Z</time>
      </trkpt>
      <trkpt lat="46.418424" lon="11.683145">
        <ele>1283.840279</ele>
        <time>2026-08-21T07:15:43.137Z</time>
      </trkpt>
      <trkpt lat="46.418033" lon="11.682940">
        <ele>1280.925645</ele>
        <time>2026-08-21T07:15:45.340Z</time>
      </trkpt>
      <trkpt lat="46.417711" lon="11.682701">
        <ele>1278.389928</ele>
        <time>2026-08-21T07:15:47.267Z</time>
      </trkpt>
      <trkpt lat="46.417485" lon="11.682558">
        <ele>1276.661394</ele>
        <time>2026-08-21T07:15:48.592Z</time>
      </trkpt>
      <trkpt lat="46.417314" lon="11.682513">
        <ele>1275.443043</ele>
        <time>2026-08-21T07:15:49.533Z</time>
      </trkpt>
      <trkpt lat="46.417009" lon="11.682549">
        <ele>1273.308264</ele>
        <time>2026-08-21T07:15:51.203Z</time>
      </trkpt>
      <trkpt lat="46.416558" lon="11.682781">
        <ele>1271.365808</ele>
        <time>2026-08-21T07:15:53.889Z</time>
      </trkpt>
      <trkpt lat="46.416232" lon="11.682854">
        <ele>1270.026804</ele>
        <time>2026-08-21T07:15:55.839Z</time>
      </trkpt>
      <trkpt lat="46.415997" lon="11.682741">
        <ele>1269.021820</ele>
        <time>2026-08-21T07:15:57.342Z</time>
      </trkpt>
      <trkpt lat="46.415364" lon="11.682235">
        <ele>1266.087925</ele>
        <time>2026-08-21T07:16:01.752Z</time>
      </trkpt>
      <trkpt lat="46.415039" lon="11.682088">
        <ele>1265.058054</ele>
        <time>2026-08-21T07:16:03.826Z</time>
      </trkpt>
      <trkpt lat="46.414329" lon="11.681984">
        <ele>1262.936553</ele>
        <time>2026-08-21T07:16:08.184Z</time>
      </trkpt>
      <trkpt lat="46.414135" lon="11.681922">
        <ele>1262.345975</ele>
        <time>2026-08-21T07:16:09.408Z</time>
      </trkpt>
      <trkpt lat="46.412963" lon="11.681365">
        <ele>1259.383023</ele>
        <time>2026-08-21T07:16:17.122Z</time>
      </trkpt>
      <trkpt lat="46.412235" lon="11.680955">
        <ele>1257.880185</ele>
        <time>2026-08-21T07:16:22.413Z</time>
      </trkpt>
      <trkpt lat="46.411916" lon="11.680734">
        <ele>1257.202832</ele>
        <time>2026-08-21T07:16:25.052Z</time>
      </trkpt>
      <trkpt lat="46.411564" lon="11.680265">
        <ele>1256.489713</ele>
        <time>2026-08-21T07:16:28.531Z</time>
      </trkpt>
      <trkpt lat="46.411097" lon="11.680051">
        <ele>1255.759030</ele>
        <time>2026-08-21T07:16:31.911Z</time>
      </trkpt>
      <trkpt lat="46.410468" lon="11.679656">
        <ele>1254.736412</ele>
        <time>2026-08-21T07:16:36.534Z</time>
      </trkpt>
      <trkpt lat="46.410136" lon="11.679502">
        <ele>1253.971732</ele>
        <time>2026-08-21T07:16:38.880Z</time>
      </trkpt>
      <trkpt lat="46.409626" lon="11.679155">
        <ele>1252.474757</ele>
        <time>2026-08-21T07:16:42.646Z</time>
      </trkpt>
      <trkpt lat="46.409208" lon="11.678671">
        <ele>1251.053401</ele>
        <time>2026-08-21T07:16:45.902Z</time>
      </trkpt>
      <trkpt lat="46.409005" lon="11.678317">
        <ele>1250.209773</ele>
        <time>2026-08-21T07:16:47.827Z</time>
      </trkpt>
      <trkpt lat="46.408881" lon="11.678135">
        <ele>1249.739018</ele>
        <time>2026-08-21T07:16:48.889Z</time>
      </trkpt>
      <trkpt lat="46.408700" lon="11.677941">
        <ele>1249.010906</ele>
        <time>2026-08-21T07:16:50.245Z</time>
      </trkpt>
      <trkpt lat="46.408469" lon="11.677760">
        <ele>1248.161499</ele>
        <time>2026-08-21T07:16:51.824Z</time>
      </trkpt>
      <trkpt lat="46.408176" lon="11.677619">
        <ele>1247.162788</ele>
        <time>2026-08-21T07:16:53.660Z</time>
      </trkpt>
      <trkpt lat="46.407957" lon="11.677563">
        <ele>1246.443367</ele>
        <time>2026-08-21T07:16:54.960Z</time>
      </trkpt>
      <trkpt lat="46.407478" lon="11.677539">
        <ele>1244.892816</ele>
        <time>2026-08-21T07:16:58.012Z</time>
      </trkpt>
      <trkpt lat="46.407347" lon="11.677507">
        <ele>1244.463045</ele>
        <time>2026-08-21T07:16:58.860Z</time>
      </trkpt>
      <trkpt lat="46.406740" lon="11.677240">
        <ele>1241.935531</ele>
        <time>2026-08-21T07:17:02.755Z</time>
      </trkpt>
      <trkpt lat="46.405054" lon="11.676750">
        <ele>1235.414080</ele>
        <time>2026-08-21T07:17:12.512Z</time>
      </trkpt>
      <trkpt lat="46.404497" lon="11.676624">
        <ele>1234.147188</ele>
        <time>2026-08-21T07:17:15.862Z</time>
      </trkpt>
      <trkpt lat="46.403534" lon="11.676269">
        <ele>1232.508227</ele>
        <time>2026-08-21T07:17:23.682Z</time>
      </trkpt>
      <trkpt lat="46.402256" lon="11.675339">
        <ele>1234.977570</ele>
        <time>2026-08-21T07:17:45.238Z</time>
      </trkpt>
      <trkpt lat="46.402067" lon="11.675302">
        <ele>1235.306926</ele>
        <time>2026-08-21T07:17:47.345Z</time>
      </trkpt>
      <trkpt lat="46.401933" lon="11.675220">
        <ele>1235.298286</ele>
        <time>2026-08-21T07:17:49.146Z</time>
      </trkpt>
      <trkpt lat="46.401653" lon="11.674835">
        <ele>1235.106815</ele>
        <time>2026-08-21T07:17:54.025Z</time>
      </trkpt>
      <trkpt lat="46.401243" lon="11.674388">
        <ele>1234.852279</ele>
        <time>2026-08-21T07:17:58.039Z</time>
      </trkpt>
      <trkpt lat="46.400975" lon="11.674116">
        <ele>1234.689955</ele>
        <time>2026-08-21T07:18:00.131Z</time>
      </trkpt>
      <trkpt lat="46.400411" lon="11.673623">
        <ele>1234.094043</ele>
        <time>2026-08-21T07:18:04.394Z</time>
      </trkpt>
      <trkpt lat="46.400226" lon="11.673310">
        <ele>1233.575526</ele>
        <time>2026-08-21T07:18:06.714Z</time>
      </trkpt>
      <trkpt lat="46.400118" lon="11.673235">
        <ele>1233.357115</ele>
        <time>2026-08-21T07:18:07.595Z</time>
      </trkpt>
      <trkpt lat="46.400019" lon="11.673204">
        <ele>1233.172381</ele>
        <time>2026-08-21T07:18:08.260Z</time>
      </trkpt>
      <trkpt lat="46.399316" lon="11.673194">
        <ele>1231.890078</ele>
        <time>2026-08-21T07:18:13.208Z</time>
      </trkpt>
      <trkpt lat="46.399153" lon="11.673150">
        <ele>1231.587666</ele>
        <time>2026-08-21T07:18:14.361Z</time>
      </trkpt>
      <trkpt lat="46.398778" lon="11.672969">
        <ele>1230.452127</ele>
        <time>2026-08-21T07:18:16.834Z</time>
      </trkpt>
      <trkpt lat="46.398580" lon="11.672919">
        <ele>1229.605012</ele>
        <time>2026-08-21T07:18:18.013Z</time>
      </trkpt>
      <trkpt lat="46.398487" lon="11.672868">
        <ele>1229.185929</ele>
        <time>2026-08-21T07:18:18.588Z</time>
      </trkpt>
      <trkpt lat="46.398194" lon="11.672615">
        <ele>1227.748574</ele>
        <time>2026-08-21T07:18:20.530Z</time>
      </trkpt>
      <trkpt lat="46.398084" lon="11.672444">
        <ele>1227.068844</ele>
        <time>2026-08-21T07:18:21.433Z</time>
      </trkpt>
      <trkpt lat="46.398050" lon="11.672308">
        <ele>1226.648347</ele>
        <time>2026-08-21T07:18:21.989Z</time>
      </trkpt>
      <trkpt lat="46.398041" lon="11.672132">
        <ele>1226.135347</ele>
        <time>2026-08-21T07:18:22.667Z</time>
      </trkpt>
      <trkpt lat="46.397892" lon="11.672047">
        <ele>1225.460469</ele>
        <time>2026-08-21T07:18:23.561Z</time>
      </trkpt>
      <trkpt lat="46.397519" lon="11.671925">
        <ele>1223.848804</ele>
        <time>2026-08-21T07:18:25.688Z</time>
      </trkpt>
      <trkpt lat="46.396517" lon="11.671326">
        <ele>1220.848564</ele>
        <time>2026-08-21T07:18:32.504Z</time>
      </trkpt>
      <trkpt lat="46.396380" lon="11.671212">
        <ele>1220.424358</ele>
        <time>2026-08-21T07:18:33.923Z</time>
      </trkpt>
      <trkpt lat="46.396212" lon="11.670823">
        <ele>1219.574261</ele>
        <time>2026-08-21T07:18:36.196Z</time>
      </trkpt>
      <trkpt lat="46.396119" lon="11.670687">
        <ele>1219.219535</ele>
        <time>2026-08-21T07:18:37.005Z</time>
      </trkpt>
      <trkpt lat="46.395665" lon="11.670286">
        <ele>1217.447592</ele>
        <time>2026-08-21T07:18:40.244Z</time>
      </trkpt>
      <trkpt lat="46.395502" lon="11.670109">
        <ele>1216.708500</ele>
        <time>2026-08-21T07:18:41.470Z</time>
      </trkpt>
      <trkpt lat="46.395498" lon="11.669983">
        <ele>1216.392779</ele>
        <time>2026-08-21T07:18:41.977Z</time>
      </trkpt>
      <trkpt lat="46.395593" lon="11.669763">
        <ele>1215.743070</ele>
        <time>2026-08-21T07:18:43.535Z</time>
      </trkpt>
      <trkpt lat="46.395645" lon="11.669583">
        <ele>1215.254588</ele>
        <time>2026-08-21T07:18:44.356Z</time>
      </trkpt>
      <trkpt lat="46.395633" lon="11.669533">
        <ele>1215.122073</ele>
        <time>2026-08-21T07:18:44.579Z</time>
      </trkpt>
      <trkpt lat="46.395426" lon="11.669342">
        <ele>1214.231579</ele>
        <time>2026-08-21T07:18:46.013Z</time>
      </trkpt>
      <trkpt lat="46.395375" lon="11.669253">
        <ele>1213.941943</ele>
        <time>2026-08-21T07:18:46.477Z</time>
      </trkpt>
      <trkpt lat="46.395330" lon="11.669093">
        <ele>1213.509430</ele>
        <time>2026-08-21T07:18:47.144Z</time>
      </trkpt>
      <trkpt lat="46.395233" lon="11.668292">
        <ele>1211.495608</ele>
        <time>2026-08-21T07:18:50.335Z</time>
      </trkpt>
      <trkpt lat="46.395156" lon="11.667978">
        <ele>1210.685078</ele>
        <time>2026-08-21T07:18:51.769Z</time>
      </trkpt>
      <trkpt lat="46.394795" lon="11.667428">
        <ele>1208.838438</ele>
        <time>2026-08-21T07:18:54.923Z</time>
      </trkpt>
      <trkpt lat="46.394539" lon="11.667113">
        <ele>1207.654391</ele>
        <time>2026-08-21T07:18:56.943Z</time>
      </trkpt>
      <trkpt lat="46.394059" lon="11.666707">
        <ele>1205.821538</ele>
        <time>2026-08-21T07:19:01.761Z</time>
      </trkpt>
      <trkpt lat="46.393629" lon="11.666448">
        <ele>1205.190034</ele>
        <time>2026-08-21T07:19:05.869Z</time>
      </trkpt>
      <trkpt lat="46.393352" lon="11.666315">
        <ele>1204.794291</ele>
        <time>2026-08-21T07:19:07.761Z</time>
      </trkpt>
      <trkpt lat="46.393022" lon="11.666180">
        <ele>1204.329256</ele>
        <time>2026-08-21T07:19:10.178Z</time>
      </trkpt>
      <trkpt lat="46.392554" lon="11.665797">
        <ele>1203.600404</ele>
        <time>2026-08-21T07:19:14.755Z</time>
      </trkpt>
      <trkpt lat="46.392166" lon="11.665479">
        <ele>1204.911979</ele>
        <time>2026-08-21T07:19:19.751Z</time>
      </trkpt>
      <trkpt lat="46.391875" lon="11.665276">
        <ele>1206.276854</ele>
        <time>2026-08-21T07:19:24.541Z</time>
      </trkpt>
      <trkpt lat="46.391730" lon="11.665210">
        <ele>1206.919190</ele>
        <time>2026-08-21T07:19:27.285Z</time>
      </trkpt>
      <trkpt lat="46.391588" lon="11.665208">
        <ele>1207.519384</ele>
        <time>2026-08-21T07:19:30.205Z</time>
      </trkpt>
      <trkpt lat="46.391146" lon="11.665351">
        <ele>1209.433450</ele>
        <time>2026-08-21T07:19:40.776Z</time>
      </trkpt>
      <trkpt lat="46.390932" lon="11.665300">
        <ele>1210.350062</ele>
        <time>2026-08-21T07:19:46.221Z</time>
      </trkpt>
      <trkpt lat="46.390833" lon="11.665216">
        <ele>1210.834874</ele>
        <time>2026-08-21T07:19:49.126Z</time>
      </trkpt>
      <trkpt lat="46.390803" lon="11.665138">
        <ele>1211.113971</ele>
        <time>2026-08-21T07:19:50.703Z</time>
      </trkpt>
      <trkpt lat="46.390761" lon="11.664838">
        <ele>1212.532062</ele>
        <time>2026-08-21T07:19:56.302Z</time>
      </trkpt>
      <trkpt lat="46.390643" lon="11.664619">
        <ele>1213.819444</ele>
        <time>2026-08-21T07:20:01.678Z</time>
      </trkpt>
      <trkpt lat="46.389711" lon="11.664488">
        <ele>1220.108425</ele>
        <time>2026-08-21T07:20:27.658Z</time>
      </trkpt>
      <trkpt lat="46.389520" lon="11.664525">
        <ele>1221.402648</ele>
        <time>2026-08-21T07:20:32.139Z</time>
      </trkpt>
      <trkpt lat="46.388777" lon="11.664789">
        <ele>1223.918309</ele>
        <time>2026-08-21T07:20:46.889Z</time>
      </trkpt>
      <trkpt lat="46.388510" lon="11.664816">
        <ele>1224.328230</ele>
        <time>2026-08-21T07:20:50.759Z</time>
      </trkpt>
      <trkpt lat="46.388203" lon="11.664690">
        <ele>1224.816899</ele>
        <time>2026-08-21T07:20:54.394Z</time>
      </trkpt>
      <trkpt lat="46.387992" lon="11.664654">
        <ele>1225.142289</ele>
        <time>2026-08-21T07:20:56.320Z</time>
      </trkpt>
      <trkpt lat="46.387892" lon="11.664711">
        <ele>1225.306858</ele>
        <time>2026-08-21T07:20:57.199Z</time>
      </trkpt>
      <trkpt lat="46.387727" lon="11.664986">
        <ele>1225.691907</ele>
        <time>2026-08-21T07:20:59.060Z</time>
      </trkpt>
      <trkpt lat="46.387677" lon="11.665003">
        <ele>1225.770563</ele>
        <time>2026-08-21T07:20:59.421Z</time>
      </trkpt>
      <trkpt lat="46.387526" lon="11.664962">
        <ele>1225.767302</ele>
        <time>2026-08-21T07:21:00.460Z</time>
      </trkpt>
      <trkpt lat="46.387131" lon="11.664678">
        <ele>1224.942859</ele>
        <time>2026-08-21T07:21:03.296Z</time>
      </trkpt>
      <trkpt lat="46.386695" lon="11.664202">
        <ele>1223.922276</ele>
        <time>2026-08-21T07:21:06.802Z</time>
      </trkpt>
      <trkpt lat="46.386435" lon="11.664032">
        <ele>1223.388950</ele>
        <time>2026-08-21T07:21:08.689Z</time>
      </trkpt>
      <trkpt lat="46.386224" lon="11.663894">
        <ele>1222.956115</ele>
        <time>2026-08-21T07:21:10.259Z</time>
      </trkpt>
      <trkpt lat="46.385893" lon="11.663486">
        <ele>1221.958649</ele>
        <time>2026-08-21T07:21:13.279Z</time>
      </trkpt>
      <trkpt lat="46.385761" lon="11.663394">
        <ele>1221.555331</ele>
        <time>2026-08-21T07:21:14.314Z</time>
      </trkpt>
      <trkpt lat="46.384839" lon="11.662971">
        <ele>1218.892291</ele>
        <time>2026-08-21T07:21:20.765Z</time>
      </trkpt>
      <trkpt lat="46.384393" lon="11.662957">
        <ele>1217.663843</ele>
        <time>2026-08-21T07:21:23.359Z</time>
      </trkpt>
      <trkpt lat="46.383967" lon="11.662866">
        <ele>1214.469100</ele>
        <time>2026-08-21T07:21:25.728Z</time>
      </trkpt>
      <trkpt lat="46.383811" lon="11.662991">
        <ele>1213.085195</ele>
        <time>2026-08-21T07:21:26.687Z</time>
      </trkpt>
      <trkpt lat="46.383703" lon="11.663468">
        <ele>1210.396368</ele>
        <time>2026-08-21T07:21:28.521Z</time>
      </trkpt>
      <trkpt lat="46.383662" lon="11.663538">
        <ele>1209.904546</ele>
        <time>2026-08-21T07:21:28.853Z</time>
      </trkpt>
      <trkpt lat="46.383588" lon="11.663577">
        <ele>1209.293213</ele>
        <time>2026-08-21T07:21:29.265Z</time>
      </trkpt>
      <trkpt lat="46.383387" lon="11.663576">
        <ele>1207.732628</ele>
        <time>2026-08-21T07:21:30.306Z</time>
      </trkpt>
      <trkpt lat="46.382983" lon="11.663485">
        <ele>1204.558307</ele>
        <time>2026-08-21T07:21:32.424Z</time>
      </trkpt>
      <trkpt lat="46.382830" lon="11.663498">
        <ele>1203.466579</ele>
        <time>2026-08-21T07:21:33.217Z</time>
      </trkpt>
      <trkpt lat="46.382323" lon="11.663890">
        <ele>1200.764223</ele>
        <time>2026-08-21T07:21:36.221Z</time>
      </trkpt>
      <trkpt lat="46.382162" lon="11.663940">
        <ele>1199.989866</ele>
        <time>2026-08-21T07:21:37.099Z</time>
      </trkpt>
      <trkpt lat="46.381861" lon="11.663846">
        <ele>1198.541799</ele>
        <time>2026-08-21T07:21:38.805Z</time>
      </trkpt>
      <trkpt lat="46.381452" lon="11.663817">
        <ele>1196.615991</ele>
        <time>2026-08-21T07:21:41.374Z</time>
      </trkpt>
      <trkpt lat="46.381216" lon="11.663668">
        <ele>1195.405389</ele>
        <time>2026-08-21T07:21:44.063Z</time>
      </trkpt>
      <trkpt lat="46.380837" lon="11.663133">
        <ele>1196.307081</ele>
        <time>2026-08-21T07:21:55.103Z</time>
      </trkpt>
      <trkpt lat="46.380628" lon="11.662152">
        <ele>1198.014252</ele>
        <time>2026-08-21T07:22:11.458Z</time>
      </trkpt>
      <trkpt lat="46.380473" lon="11.661978">
        <ele>1198.486773</ele>
        <time>2026-08-21T07:22:15.650Z</time>
      </trkpt>
      <trkpt lat="46.379684" lon="11.661353">
        <ele>1197.793798</ele>
        <time>2026-08-21T07:22:27.109Z</time>
      </trkpt>
      <trkpt lat="46.379350" lon="11.661088">
        <ele>1196.449099</ele>
        <time>2026-08-21T07:22:30.211Z</time>
      </trkpt>
      <trkpt lat="46.379283" lon="11.660918">
        <ele>1195.972088</ele>
        <time>2026-08-21T07:22:31.293Z</time>
      </trkpt>
      <trkpt lat="46.379237" lon="11.660873">
        <ele>1195.776099</ele>
        <time>2026-08-21T07:22:31.739Z</time>
      </trkpt>
      <trkpt lat="46.379175" lon="11.660913">
        <ele>1195.536430</ele>
        <time>2026-08-21T07:22:32.282Z</time>
      </trkpt>
      <trkpt lat="46.379114" lon="11.660881">
        <ele>1195.307327</ele>
        <time>2026-08-21T07:22:32.800Z</time>
      </trkpt>
      <trkpt lat="46.379048" lon="11.660714">
        <ele>1194.838413</ele>
        <time>2026-08-21T07:22:33.870Z</time>
      </trkpt>
      <trkpt lat="46.378943" lon="11.660166">
        <ele>1193.452722</ele>
        <time>2026-08-21T07:22:37.037Z</time>
      </trkpt>
      <trkpt lat="46.378878" lon="11.659969">
        <ele>1192.750995</ele>
        <time>2026-08-21T07:22:38.243Z</time>
      </trkpt>
      <trkpt lat="46.378710" lon="11.659608">
        <ele>1190.875198</ele>
        <time>2026-08-21T07:22:40.604Z</time>
      </trkpt>
      <trkpt lat="46.378328" lon="11.658908">
        <ele>1187.030496</ele>
        <time>2026-08-21T07:22:45.402Z</time>
      </trkpt>
      <trkpt lat="46.378169" lon="11.658562">
        <ele>1185.239648</ele>
        <time>2026-08-21T07:22:47.635Z</time>
      </trkpt>
      <trkpt lat="46.377962" lon="11.658252">
        <ele>1183.381193</ele>
        <time>2026-08-21T07:22:49.949Z</time>
      </trkpt>
      <trkpt lat="46.377888" lon="11.658138">
        <ele>1182.706911</ele>
        <time>2026-08-21T07:22:50.786Z</time>
      </trkpt>
      <trkpt lat="46.377410" lon="11.658397">
        <ele>1179.853855</ele>
        <time>2026-08-21T07:22:54.737Z</time>
      </trkpt>
      <trkpt lat="46.377258" lon="11.658581">
        <ele>1178.789733</ele>
        <time>2026-08-21T07:22:56.294Z</time>
      </trkpt>
      <trkpt lat="46.377197" lon="11.658707">
        <ele>1178.219105</ele>
        <time>2026-08-21T07:22:57.127Z</time>
      </trkpt>
      <trkpt lat="46.377065" lon="11.659108">
        <ele>1176.572004</ele>
        <time>2026-08-21T07:22:59.575Z</time>
      </trkpt>
      <trkpt lat="46.377017" lon="11.659016">
        <ele>1176.144403</ele>
        <time>2026-08-21T07:23:00.220Z</time>
      </trkpt>
      <trkpt lat="46.376978" lon="11.658784">
        <ele>1175.259184</ele>
        <time>2026-08-21T07:23:01.539Z</time>
      </trkpt>
      <trkpt lat="46.376837" lon="11.658440">
        <ele>1173.775842</ele>
        <time>2026-08-21T07:23:03.795Z</time>
      </trkpt>
      <trkpt lat="46.376633" lon="11.658606">
        <ele>1172.518749</ele>
        <time>2026-08-21T07:23:05.737Z</time>
      </trkpt>
      <trkpt lat="46.376625" lon="11.658461">
        <ele>1172.087122</ele>
        <time>2026-08-21T07:23:06.596Z</time>
      </trkpt>
      <trkpt lat="46.376207" lon="11.658701">
        <ele>1170.646485</ele>
        <time>2026-08-21T07:23:10.473Z</time>
      </trkpt>
      <trkpt lat="46.375683" lon="11.658124">
        <ele>1168.537878</ele>
        <time>2026-08-21T07:23:14.410Z</time>
      </trkpt>
      <trkpt lat="46.375090" lon="11.657486">
        <ele>1166.258548</ele>
        <time>2026-08-21T07:23:19.179Z</time>
      </trkpt>
      <trkpt lat="46.374556" lon="11.656880">
        <ele>1164.693148</ele>
        <time>2026-08-21T07:23:23.447Z</time>
      </trkpt>
      <trkpt lat="46.373923" lon="11.656176">
        <ele>1162.851524</ele>
        <time>2026-08-21T07:23:28.460Z</time>
      </trkpt>
      <trkpt lat="46.373568" lon="11.655784">
        <ele>1162.165997</ele>
        <time>2026-08-21T07:23:31.430Z</time>
      </trkpt>
      <trkpt lat="46.373181" lon="11.655344">
        <ele>1161.797980</ele>
        <time>2026-08-21T07:23:35.848Z</time>
      </trkpt>
      <trkpt lat="46.372953" lon="11.655090">
        <ele>1161.582817</ele>
        <time>2026-08-21T07:23:38.465Z</time>
      </trkpt>
      <trkpt lat="46.372690" lon="11.654807">
        <ele>1161.337734</ele>
        <time>2026-08-21T07:23:41.467Z</time>
      </trkpt>
      <trkpt lat="46.372551" lon="11.654658">
        <ele>1161.208379</ele>
        <time>2026-08-21T07:23:43.043Z</time>
      </trkpt>
      <trkpt lat="46.372375" lon="11.654469">
        <ele>1161.044486</ele>
        <time>2026-08-21T07:23:44.870Z</time>
      </trkpt>
      <trkpt lat="46.372241" lon="11.654377">
        <ele>1160.783176</ele>
        <time>2026-08-21T07:23:46.014Z</time>
      </trkpt>
      <trkpt lat="46.372177" lon="11.654333">
        <ele>1160.576801</ele>
        <time>2026-08-21T07:23:46.505Z</time>
      </trkpt>
      <trkpt lat="46.370964" lon="11.653667">
        <ele>1156.797685</ele>
        <time>2026-08-21T07:23:54.336Z</time>
      </trkpt>
      <trkpt lat="46.370629" lon="11.653412">
        <ele>1155.692074</ele>
        <time>2026-08-21T07:23:56.570Z</time>
      </trkpt>
      <trkpt lat="46.369823" lon="11.652681">
        <ele>1152.745921</ele>
        <time>2026-08-21T07:24:02.297Z</time>
      </trkpt>
      <trkpt lat="46.368939" lon="11.651878">
        <ele>1149.703903</ele>
        <time>2026-08-21T07:24:08.794Z</time>
      </trkpt>
      <trkpt lat="46.368001" lon="11.651025">
        <ele>1147.265793</ele>
        <time>2026-08-21T07:24:16.001Z</time>
      </trkpt>
      <trkpt lat="46.367012" lon="11.650133">
        <ele>1145.022089</ele>
        <time>2026-08-21T07:24:23.722Z</time>
      </trkpt>
      <trkpt lat="46.366119" lon="11.649328">
        <ele>1143.198619</ele>
        <time>2026-08-21T07:24:30.850Z</time>
      </trkpt>
      <trkpt lat="46.366074" lon="11.649423">
        <ele>1143.068165</ele>
        <time>2026-08-21T07:24:31.411Z</time>
      </trkpt>
      <trkpt lat="46.365977" lon="11.649560">
        <ele>1142.886781</ele>
        <time>2026-08-21T07:24:32.362Z</time>
      </trkpt>
      <trkpt lat="46.365912" lon="11.649592">
        <ele>1142.794852</ele>
        <time>2026-08-21T07:24:32.852Z</time>
      </trkpt>
      <trkpt lat="46.365594" lon="11.649107">
        <ele>1142.176624</ele>
        <time>2026-08-21T07:24:36.137Z</time>
      </trkpt>
      <trkpt lat="46.365485" lon="11.649028">
        <ele>1142.013420</ele>
        <time>2026-08-21T07:24:37.009Z</time>
      </trkpt>
      <trkpt lat="46.365095" lon="11.648887">
        <ele>1141.475149</ele>
        <time>2026-08-21T07:24:39.889Z</time>
      </trkpt>
      <trkpt lat="46.364430" lon="11.648567">
        <ele>1140.512293</ele>
        <time>2026-08-21T07:24:44.845Z</time>
      </trkpt>
      <trkpt lat="46.363522" lon="11.647783">
        <ele>1138.862206</ele>
        <time>2026-08-21T07:24:52.053Z</time>
      </trkpt>
      <trkpt lat="46.363161" lon="11.647389">
        <ele>1138.156659</ele>
        <time>2026-08-21T07:24:55.120Z</time>
      </trkpt>
      <trkpt lat="46.362297" lon="11.646222">
        <ele>1136.467148</ele>
        <time>2026-08-21T07:25:03.170Z</time>
      </trkpt>
      <trkpt lat="46.361468" lon="11.645250">
        <ele>1135.221152</ele>
        <time>2026-08-21T07:25:10.712Z</time>
      </trkpt>
      <trkpt lat="46.360457" lon="11.644315">
        <ele>1134.665723</ele>
        <time>2026-08-21T07:25:21.090Z</time>
      </trkpt>
      <trkpt lat="46.359579" lon="11.643546">
        <ele>1134.740208</ele>
        <time>2026-08-21T07:25:29.172Z</time>
      </trkpt>
      <trkpt lat="46.358943" lon="11.642883">
        <ele>1134.995874</ele>
        <time>2026-08-21T07:25:35.798Z</time>
      </trkpt>
      <trkpt lat="46.358854" lon="11.642847">
        <ele>1135.026027</ele>
        <time>2026-08-21T07:25:36.960Z</time>
      </trkpt>
      <trkpt lat="46.358705" lon="11.642857">
        <ele>1135.074701</ele>
        <time>2026-08-21T07:25:39.092Z</time>
      </trkpt>
      <trkpt lat="46.358581" lon="11.643049">
        <ele>1135.357142</ele>
        <time>2026-08-21T07:25:42.025Z</time>
      </trkpt>
      <trkpt lat="46.358405" lon="11.643416">
        <ele>1136.119219</ele>
        <time>2026-08-21T07:25:47.025Z</time>
      </trkpt>
      <trkpt lat="46.358309" lon="11.643561">
        <ele>1136.461858</ele>
        <time>2026-08-21T07:25:49.126Z</time>
      </trkpt>
      <trkpt lat="46.358231" lon="11.643553">
        <ele>1136.655066</ele>
        <time>2026-08-21T07:25:50.321Z</time>
      </trkpt>
      <trkpt lat="46.358173" lon="11.643512">
        <ele>1136.814520</ele>
        <time>2026-08-21T07:25:51.319Z</time>
      </trkpt>
      <trkpt lat="46.357729" lon="11.643085">
        <ele>1138.131227</ele>
        <time>2026-08-21T07:26:00.718Z</time>
      </trkpt>
      <trkpt lat="46.357387" lon="11.642595">
        <ele>1139.319614</ele>
        <time>2026-08-21T07:26:08.413Z</time>
      </trkpt>
      <trkpt lat="46.357318" lon="11.642466">
        <ele>1139.526755</ele>
        <time>2026-08-21T07:26:09.878Z</time>
      </trkpt>
      <trkpt lat="46.356869" lon="11.641151">
        <ele>1138.719724</ele>
        <time>2026-08-21T07:26:17.985Z</time>
      </trkpt>
      <trkpt lat="46.356778" lon="11.640947">
        <ele>1138.586110</ele>
        <time>2026-08-21T07:26:19.218Z</time>
      </trkpt>
      <trkpt lat="46.356467" lon="11.640493">
        <ele>1138.234244</ele>
        <time>2026-08-21T07:26:22.164Z</time>
      </trkpt>
      <trkpt lat="46.356122" lon="11.639935">
        <ele>1137.006616</ele>
        <time>2026-08-21T07:26:25.362Z</time>
      </trkpt>
      <trkpt lat="46.355597" lon="11.639083">
        <ele>1134.601735</ele>
        <time>2026-08-21T07:26:30.060Z</time>
      </trkpt>
      <trkpt lat="46.355169" lon="11.638104">
        <ele>1132.181229</ele>
        <time>2026-08-21T07:26:34.946Z</time>
      </trkpt>
      <trkpt lat="46.355040" lon="11.637685">
        <ele>1131.256191</ele>
        <time>2026-08-21T07:26:36.995Z</time>
      </trkpt>
      <trkpt lat="46.354987" lon="11.637414">
        <ele>1130.688281</ele>
        <time>2026-08-21T07:26:38.259Z</time>
      </trkpt>
      <trkpt lat="46.354939" lon="11.636961">
        <ele>1129.764229</ele>
        <time>2026-08-21T07:26:40.281Z</time>
      </trkpt>
      <trkpt lat="46.354920" lon="11.636345">
        <ele>1128.520991</ele>
        <time>2026-08-21T07:26:42.903Z</time>
      </trkpt>
      <trkpt lat="46.354889" lon="11.636240">
        <ele>1128.290731</ele>
        <time>2026-08-21T07:26:43.378Z</time>
      </trkpt>
      <trkpt lat="46.354769" lon="11.635970">
        <ele>1127.643243</ele>
        <time>2026-08-21T07:26:44.692Z</time>
      </trkpt>
      <trkpt lat="46.354642" lon="11.635573">
        <ele>1126.818744</ele>
        <time>2026-08-21T07:26:46.483Z</time>
      </trkpt>
      <trkpt lat="46.354509" lon="11.635253">
        <ele>1126.137124</ele>
        <time>2026-08-21T07:26:48.026Z</time>
      </trkpt>
      <trkpt lat="46.354343" lon="11.634950">
        <ele>1125.431212</ele>
        <time>2026-08-21T07:26:49.632Z</time>
      </trkpt>
      <trkpt lat="46.354104" lon="11.634678">
        <ele>1124.627710</ele>
        <time>2026-08-21T07:26:51.502Z</time>
      </trkpt>
      <trkpt lat="46.353499" lon="11.633942">
        <ele>1122.589781</ele>
        <time>2026-08-21T07:26:56.749Z</time>
      </trkpt>
      <trkpt lat="46.352591" lon="11.633240">
        <ele>1121.716595</ele>
        <time>2026-08-21T07:27:04.185Z</time>
      </trkpt>
      <trkpt lat="46.352505" lon="11.633144">
        <ele>1121.624486</ele>
        <time>2026-08-21T07:27:04.977Z</time>
      </trkpt>
      <trkpt lat="46.352282" lon="11.632787">
        <ele>1121.342526</ele>
        <time>2026-08-21T07:27:07.536Z</time>
      </trkpt>
      <trkpt lat="46.352157" lon="11.632653">
        <ele>1121.210599</ele>
        <time>2026-08-21T07:27:08.863Z</time>
      </trkpt>
      <trkpt lat="46.351841" lon="11.632459">
        <ele>1121.122453</ele>
        <time>2026-08-21T07:27:12.087Z</time>
      </trkpt>
      <trkpt lat="46.351430" lon="11.632441">
        <ele>1121.194463</ele>
        <time>2026-08-21T07:27:16.382Z</time>
      </trkpt>
      <trkpt lat="46.351312" lon="11.632404">
        <ele>1121.215607</ele>
        <time>2026-08-21T07:27:17.632Z</time>
      </trkpt>
      <trkpt lat="46.351258" lon="11.632388">
        <ele>1121.225260</ele>
        <time>2026-08-21T07:27:18.222Z</time>
      </trkpt>
      <trkpt lat="46.350605" lon="11.631846">
        <ele>1121.357056</ele>
        <time>2026-08-21T07:27:26.626Z</time>
      </trkpt>
      <trkpt lat="46.349975" lon="11.630855">
        <ele>1120.352729</ele>
        <time>2026-08-21T07:27:33.126Z</time>
      </trkpt>
      <trkpt lat="46.349566" lon="11.630382">
        <ele>1119.531713</ele>
        <time>2026-08-21T07:27:36.606Z</time>
      </trkpt>
      <trkpt lat="46.349489" lon="11.630237">
        <ele>1119.333603</ele>
        <time>2026-08-21T07:27:37.527Z</time>
      </trkpt>
      <trkpt lat="46.349453" lon="11.630076">
        <ele>1119.150338</ele>
        <time>2026-08-21T07:27:38.340Z</time>
      </trkpt>
      <trkpt lat="46.349425" lon="11.629726">
        <ele>1118.768788</ele>
        <time>2026-08-21T07:27:53.600Z</time>
      </trkpt>
      <trkpt lat="46.349400" lon="11.629656">
        <ele>1118.683440</ele>
        <time>2026-08-21T07:27:53.963Z</time>
      </trkpt>
      <trkpt lat="46.349137" lon="11.629692">
        <ele>1117.891612</ele>
        <time>2026-08-21T07:27:55.622Z</time>
      </trkpt>
      <trkpt lat="46.349030" lon="11.629679">
        <ele>1117.519369</ele>
        <time>2026-08-21T07:27:56.315Z</time>
      </trkpt>
      <trkpt lat="46.348774" lon="11.629601">
        <ele>1116.612468</ele>
        <time>2026-08-21T07:27:57.964Z</time>
      </trkpt>
      <trkpt lat="46.348683" lon="11.629550">
        <ele>1116.274212</ele>
        <time>2026-08-21T07:27:58.574Z</time>
      </trkpt>
      <trkpt lat="46.348628" lon="11.629520">
        <ele>1116.070474</ele>
        <time>2026-08-21T07:27:58.956Z</time>
      </trkpt>
      <trkpt lat="46.348506" lon="11.629421">
        <ele>1115.585702</ele>
        <time>2026-08-21T07:27:59.841Z</time>
      </trkpt>
      <trkpt lat="46.348265" lon="11.629142">
        <ele>1114.516224</ele>
        <time>2026-08-21T07:28:01.757Z</time>
      </trkpt>
      <trkpt lat="46.348049" lon="11.628876">
        <ele>1113.533419</ele>
        <time>2026-08-21T07:28:03.379Z</time>
      </trkpt>
      <trkpt lat="46.347891" lon="11.628569">
        <ele>1112.617046</ele>
        <time>2026-08-21T07:28:04.834Z</time>
      </trkpt>
      <trkpt lat="46.347741" lon="11.627829">
        <ele>1110.616506</ele>
        <time>2026-08-21T07:28:07.802Z</time>
      </trkpt>
      <trkpt lat="46.347694" lon="11.627795">
        <ele>1110.416459</ele>
        <time>2026-08-21T07:28:08.106Z</time>
      </trkpt>
      <trkpt lat="46.347510" lon="11.627189">
        <ele>1108.676259</ele>
        <time>2026-08-21T07:28:10.748Z</time>
      </trkpt>
      <trkpt lat="46.347508" lon="11.626827">
        <ele>1107.724685</ele>
        <time>2026-08-21T07:28:12.232Z</time>
      </trkpt>
      <trkpt lat="46.347369" lon="11.626058">
        <ele>1105.635160</ele>
        <time>2026-08-21T07:28:15.700Z</time>
      </trkpt>
      <trkpt lat="46.347294" lon="11.625770">
        <ele>1105.229082</ele>
        <time>2026-08-21T07:28:17.140Z</time>
      </trkpt>
      <trkpt lat="46.347207" lon="11.625674">
        <ele>1105.063026</ele>
        <time>2026-08-21T07:28:17.899Z</time>
      </trkpt>
      <trkpt lat="46.346987" lon="11.625642">
        <ele>1104.727303</ele>
        <time>2026-08-21T07:28:19.463Z</time>
      </trkpt>
      <trkpt lat="46.346916" lon="11.625567">
        <ele>1104.593881</ele>
        <time>2026-08-21T07:28:20.082Z</time>
      </trkpt>
      <trkpt lat="46.346912" lon="11.625475">
        <ele>1104.497262</ele>
        <time>2026-08-21T07:28:20.529Z</time>
      </trkpt>
      <trkpt lat="46.346964" lon="11.625264">
        <ele>1104.262437</ele>
        <time>2026-08-21T07:28:21.612Z</time>
      </trkpt>
      <trkpt lat="46.347177" lon="11.624396">
        <ele>1103.296892</ele>
        <time>2026-08-21T07:28:26.076Z</time>
      </trkpt>
      <trkpt lat="46.347177" lon="11.624262">
        <ele>1103.156444</ele>
        <time>2026-08-21T07:28:26.735Z</time>
      </trkpt>
      <trkpt lat="46.346918" lon="11.624192">
        <ele>1102.760093</ele>
        <time>2026-08-21T07:28:28.585Z</time>
      </trkpt>
      <trkpt lat="46.346782" lon="11.624142">
        <ele>1102.635143</ele>
        <time>2026-08-21T07:28:29.984Z</time>
      </trkpt>
      <trkpt lat="46.346566" lon="11.623883">
        <ele>1102.385447</ele>
        <time>2026-08-21T07:28:32.803Z</time>
      </trkpt>
      <trkpt lat="46.346447" lon="11.623694">
        <ele>1102.228195</ele>
        <time>2026-08-21T07:28:34.580Z</time>
      </trkpt>
      <trkpt lat="46.346275" lon="11.623115">
        <ele>1101.840711</ele>
        <time>2026-08-21T07:28:38.981Z</time>
      </trkpt>
      <trkpt lat="46.346187" lon="11.622928">
        <ele>1101.701587</ele>
        <time>2026-08-21T07:28:40.607Z</time>
      </trkpt>
      <trkpt lat="46.345501" lon="11.622029">
        <ele>1101.572196</ele>
        <time>2026-08-21T07:28:51.147Z</time>
      </trkpt>
      <trkpt lat="46.345068" lon="11.621397">
        <ele>1102.354761</ele>
        <time>2026-08-21T07:28:59.751Z</time>
      </trkpt>
      <trkpt lat="46.344795" lon="11.621148">
        <ele>1102.765482</ele>
        <time>2026-08-21T07:29:04.935Z</time>
      </trkpt>
      <trkpt lat="46.344321" lon="11.620450">
        <ele>1103.771948</ele>
        <time>2026-08-21T07:29:17.367Z</time>
      </trkpt>
      <trkpt lat="46.343434" lon="11.618803">
        <ele>1107.161351</ele>
        <time>2026-08-21T07:29:45.589Z</time>
      </trkpt>
      <trkpt lat="46.343114" lon="11.618030">
        <ele>1107.298023</ele>
        <time>2026-08-21T07:29:53.150Z</time>
      </trkpt>
      <trkpt lat="46.343036" lon="11.617712">
        <ele>1107.075515</ele>
        <time>2026-08-21T07:29:55.410Z</time>
      </trkpt>
      <trkpt lat="46.342994" lon="11.617067">
        <ele>1106.648359</ele>
        <time>2026-08-21T07:29:59.705Z</time>
      </trkpt>
      <trkpt lat="46.342953" lon="11.616795">
        <ele>1106.464796</ele>
        <time>2026-08-21T07:30:01.679Z</time>
      </trkpt>
      <trkpt lat="46.342835" lon="11.616522">
        <ele>1106.252428</ele>
        <time>2026-08-21T07:30:04.075Z</time>
      </trkpt>
      <trkpt lat="46.342561" lon="11.616373">
        <ele>1105.972903</ele>
        <time>2026-08-21T07:30:07.216Z</time>
      </trkpt>
      <trkpt lat="46.341824" lon="11.615853">
        <ele>1102.372202</ele>
        <time>2026-08-21T07:30:14.597Z</time>
      </trkpt>
      <trkpt lat="46.341657" lon="11.615492">
        <ele>1101.041653</ele>
        <time>2026-08-21T07:30:17.093Z</time>
      </trkpt>
      <trkpt lat="46.341499" lon="11.614688">
        <ele>1098.482114</ele>
        <time>2026-08-21T07:30:21.631Z</time>
      </trkpt>
      <trkpt lat="46.341324" lon="11.614319">
        <ele>1096.628074</ele>
        <time>2026-08-21T07:30:23.951Z</time>
      </trkpt>
      <trkpt lat="46.340922" lon="11.613911">
        <ele>1093.247950</ele>
        <time>2026-08-21T07:30:27.588Z</time>
      </trkpt>
      <trkpt lat="46.340559" lon="11.613301">
        <ele>1089.419374</ele>
        <time>2026-08-21T07:30:31.905Z</time>
      </trkpt>
      <trkpt lat="46.340437" lon="11.613149">
        <ele>1088.311244</ele>
        <time>2026-08-21T07:30:33.203Z</time>
      </trkpt>
      <trkpt lat="46.340108" lon="11.612916">
        <ele>1085.789404</ele>
        <time>2026-08-21T07:30:36.141Z</time>
      </trkpt>
      <trkpt lat="46.339779" lon="11.612897">
        <ele>1084.303635</ele>
        <time>2026-08-21T07:30:38.725Z</time>
      </trkpt>
      <trkpt lat="46.339536" lon="11.612764">
        <ele>1083.187595</ele>
        <time>2026-08-21T07:30:40.725Z</time>
      </trkpt>
      <trkpt lat="46.339149" lon="11.612685">
        <ele>1081.508506</ele>
        <time>2026-08-21T07:30:43.782Z</time>
      </trkpt>
      <trkpt lat="46.338789" lon="11.612380">
        <ele>1079.716699</ele>
        <time>2026-08-21T07:30:47.316Z</time>
      </trkpt>
      <trkpt lat="46.338584" lon="11.612207">
        <ele>1078.697381</ele>
        <time>2026-08-21T07:30:49.461Z</time>
      </trkpt>
      <trkpt lat="46.338352" lon="11.611961">
        <ele>1077.993293</ele>
        <time>2026-08-21T07:30:52.318Z</time>
      </trkpt>
      <trkpt lat="46.338084" lon="11.611908">
        <ele>1078.334596</ele>
        <time>2026-08-21T07:30:55.509Z</time>
      </trkpt>
      <trkpt lat="46.337346" lon="11.611787">
        <ele>1079.271761</ele>
        <time>2026-08-21T07:31:09.170Z</time>
      </trkpt>
      <trkpt lat="46.336931" lon="11.611411">
        <ele>1079.889423</ele>
        <time>2026-08-21T07:31:19.495Z</time>
      </trkpt>
      <trkpt lat="46.335894" lon="11.610104">
        <ele>1076.390965</ele>
        <time>2026-08-21T07:31:34.973Z</time>
      </trkpt>
      <trkpt lat="46.335757" lon="11.609831">
        <ele>1075.646586</ele>
        <time>2026-08-21T07:31:36.781Z</time>
      </trkpt>
      <trkpt lat="46.335480" lon="11.608230">
        <ele>1068.356710</ele>
        <time>2026-08-21T07:31:45.120Z</time>
      </trkpt>
      <trkpt lat="46.335459" lon="11.608063">
        <ele>1067.410660</ele>
        <time>2026-08-21T07:31:45.971Z</time>
      </trkpt>
      <trkpt lat="46.335428" lon="11.607813">
        <ele>1065.995044</ele>
        <time>2026-08-21T07:31:47.253Z</time>
      </trkpt>
      <trkpt lat="46.335478" lon="11.607355">
        <ele>1063.410764</ele>
        <time>2026-08-21T07:31:49.655Z</time>
      </trkpt>
      <trkpt lat="46.335421" lon="11.606859">
        <ele>1060.608380</ele>
        <time>2026-08-21T07:31:52.386Z</time>
      </trkpt>
      <trkpt lat="46.335267" lon="11.606375">
        <ele>1059.330728</ele>
        <time>2026-08-21T07:31:55.507Z</time>
      </trkpt>
      <trkpt lat="46.335127" lon="11.606138">
        <ele>1058.906265</ele>
        <time>2026-08-21T07:31:57.506Z</time>
      </trkpt>
      <trkpt lat="46.334828" lon="11.605823">
        <ele>1058.177511</ele>
        <time>2026-08-21T07:32:01.072Z</time>
      </trkpt>
      <trkpt lat="46.334284" lon="11.605453">
        <ele>1056.992926</ele>
        <time>2026-08-21T07:32:06.959Z</time>
      </trkpt>
      <trkpt lat="46.333662" lon="11.605074">
        <ele>1057.250821</ele>
        <time>2026-08-21T07:32:14.709Z</time>
      </trkpt>
      <trkpt lat="46.332681" lon="11.604902">
        <ele>1059.923061</ele>
        <time>2026-08-21T07:32:34.933Z</time>
      </trkpt>
      <trkpt lat="46.332453" lon="11.605200">
        <ele>1060.753585</ele>
        <time>2026-08-21T07:32:42.020Z</time>
      </trkpt>
      <trkpt lat="46.332324" lon="11.605265">
        <ele>1061.122943</ele>
        <time>2026-08-21T07:32:45.398Z</time>
      </trkpt>
      <trkpt lat="46.332154" lon="11.605139">
        <ele>1060.919648</ele>
        <time>2026-08-21T07:32:49.479Z</time>
      </trkpt>
      <trkpt lat="46.332023" lon="11.604921">
        <ele>1060.582693</ele>
        <time>2026-08-21T07:32:53.066Z</time>
      </trkpt>
      <trkpt lat="46.331900" lon="11.604509">
        <ele>1060.059343</ele>
        <time>2026-08-21T07:32:57.295Z</time>
      </trkpt>
      <trkpt lat="46.331517" lon="11.603951">
        <ele>1059.141980</ele>
        <time>2026-08-21T07:33:00.769Z</time>
      </trkpt>
      <trkpt lat="46.330842" lon="11.603217">
        <ele>1056.364994</ele>
        <time>2026-08-21T07:33:05.364Z</time>
      </trkpt>
      <trkpt lat="46.330439" lon="11.602469">
        <ele>1051.879428</ele>
        <time>2026-08-21T07:33:08.772Z</time>
      </trkpt>
      <trkpt lat="46.330144" lon="11.602029">
        <ele>1048.979882</ele>
        <time>2026-08-21T07:33:11.043Z</time>
      </trkpt>
      <trkpt lat="46.329958" lon="11.601807">
        <ele>1047.329561</ele>
        <time>2026-08-21T07:33:12.391Z</time>
      </trkpt>
      <trkpt lat="46.329641" lon="11.601558">
        <ele>1045.544034</ele>
        <time>2026-08-21T07:33:14.457Z</time>
      </trkpt>
      <trkpt lat="46.329107" lon="11.601274">
        <ele>1044.356907</ele>
        <time>2026-08-21T07:33:17.969Z</time>
      </trkpt>
      <trkpt lat="46.328924" lon="11.601271">
        <ele>1043.974995</ele>
        <time>2026-08-21T07:33:19.204Z</time>
      </trkpt>
      <trkpt lat="46.328657" lon="11.601356">
        <ele>1043.404512</ele>
        <time>2026-08-21T07:33:21.164Z</time>
      </trkpt>
      <trkpt lat="46.328634" lon="11.601233">
        <ele>1043.220886</ele>
        <time>2026-08-21T07:33:21.806Z</time>
      </trkpt>
      <trkpt lat="46.328584" lon="11.600799">
        <ele>1042.586852</ele>
        <time>2026-08-21T07:33:24.141Z</time>
      </trkpt>
      <trkpt lat="46.328582" lon="11.600757">
        <ele>1042.526187</ele>
        <time>2026-08-21T07:33:24.518Z</time>
      </trkpt>
      <trkpt lat="46.328131" lon="11.601007">
        <ele>1041.928575</ele>
        <time>2026-08-21T07:33:28.433Z</time>
      </trkpt>
      <trkpt lat="46.327764" lon="11.601179">
        <ele>1041.700906</ele>
        <time>2026-08-21T07:33:31.732Z</time>
      </trkpt>
      <trkpt lat="46.327601" lon="11.601195">
        <ele>1041.604481</ele>
        <time>2026-08-21T07:33:33.104Z</time>
      </trkpt>
      <trkpt lat="46.327389" lon="11.601159">
        <ele>1041.478499</ele>
        <time>2026-08-21T07:33:34.785Z</time>
      </trkpt>
      <trkpt lat="46.327110" lon="11.600924">
        <ele>1041.288002</ele>
        <time>2026-08-21T07:33:37.226Z</time>
      </trkpt>
      <trkpt lat="46.326668" lon="11.600322">
        <ele>1040.864869</ele>
        <time>2026-08-21T07:33:41.789Z</time>
      </trkpt>
      <trkpt lat="46.326384" lon="11.600114">
        <ele>1040.553516</ele>
        <time>2026-08-21T07:33:44.138Z</time>
      </trkpt>
      <trkpt lat="46.325823" lon="11.599844">
        <ele>1039.975167</ele>
        <time>2026-08-21T07:33:48.516Z</time>
      </trkpt>
      <trkpt lat="46.324967" lon="11.599227">
        <ele>1038.801617</ele>
        <time>2026-08-21T07:33:55.496Z</time>
      </trkpt>
      <trkpt lat="46.324773" lon="11.599120">
        <ele>1038.387700</ele>
        <time>2026-08-21T07:33:56.976Z</time>
      </trkpt>
      <trkpt lat="46.323929" lon="11.598960">
        <ele>1036.690521</ele>
        <time>2026-08-21T07:34:02.623Z</time>
      </trkpt>
      <trkpt lat="46.323793" lon="11.598880">
        <ele>1036.397836</ele>
        <time>2026-08-21T07:34:03.537Z</time>
      </trkpt>
      <trkpt lat="46.323584" lon="11.598657">
        <ele>1035.880211</ele>
        <time>2026-08-21T07:34:05.141Z</time>
      </trkpt>
      <trkpt lat="46.321965" lon="11.597925">
        <ele>1031.152918</ele>
        <time>2026-08-21T07:34:15.627Z</time>
      </trkpt>
      <trkpt lat="46.321086" lon="11.597668">
        <ele>1028.157364</ele>
        <time>2026-08-21T07:34:21.239Z</time>
      </trkpt>
      <trkpt lat="46.320811" lon="11.597508">
        <ele>1027.124028</ele>
        <time>2026-08-21T07:34:23.016Z</time>
      </trkpt>
      <trkpt lat="46.320319" lon="11.597059">
        <ele>1025.096313</ele>
        <time>2026-08-21T07:34:26.414Z</time>
      </trkpt>
      <trkpt lat="46.320215" lon="11.596880">
        <ele>1024.533045</ele>
        <time>2026-08-21T07:34:27.341Z</time>
      </trkpt>
      <trkpt lat="46.320041" lon="11.596424">
        <ele>1023.462305</ele>
        <time>2026-08-21T07:34:29.403Z</time>
      </trkpt>
      <trkpt lat="46.319457" lon="11.595798">
        <ele>1021.380151</ele>
        <time>2026-08-21T07:34:33.753Z</time>
      </trkpt>
      <trkpt lat="46.319249" lon="11.595621">
        <ele>1020.688802</ele>
        <time>2026-08-21T07:34:35.368Z</time>
      </trkpt>
      <trkpt lat="46.318958" lon="11.595373">
        <ele>1019.721207</ele>
        <time>2026-08-21T07:34:37.701Z</time>
      </trkpt>
      <trkpt lat="46.318970" lon="11.595346">
        <ele>1019.657664</ele>
        <time>2026-08-21T07:34:37.844Z</time>
      </trkpt>
      <trkpt lat="46.319294" lon="11.595617">
        <ele>1018.834312</ele>
        <time>2026-08-21T07:34:40.477Z</time>
      </trkpt>
      <trkpt lat="46.319284" lon="11.595673">
        <ele>1018.769774</ele>
        <time>2026-08-21T07:34:40.760Z</time>
      </trkpt>
      <trkpt lat="46.318903" lon="11.595966">
        <ele>1018.072809</ele>
        <time>2026-08-21T07:34:49.188Z</time>
      </trkpt>
      <trkpt lat="46.318921" lon="11.596015">
        <ele>1018.010883</ele>
        <time>2026-08-21T07:34:51.851Z</time>
      </trkpt>
      <trkpt lat="46.318031" lon="11.596687">
        <ele>1016.389260</ele>
        <time>2026-08-21T07:34:58.629Z</time>
      </trkpt>
      <trkpt lat="46.317617" lon="11.596882">
        <ele>1015.712937</ele>
        <time>2026-08-21T07:35:01.568Z</time>
      </trkpt>
      <trkpt lat="46.316580" lon="11.597155">
        <ele>1014.091684</ele>
        <time>2026-08-21T07:35:08.873Z</time>
      </trkpt>
      <trkpt lat="46.316263" lon="11.597237">
        <ele>1013.596358</ele>
        <time>2026-08-21T07:35:11.106Z</time>
      </trkpt>
      <trkpt lat="46.315950" lon="11.597363">
        <ele>1013.198551</ele>
        <time>2026-08-21T07:35:13.338Z</time>
      </trkpt>
      <trkpt lat="46.315527" lon="11.597612">
        <ele>1012.681212</ele>
        <time>2026-08-21T07:35:16.462Z</time>
      </trkpt>
      <trkpt lat="46.315003" lon="11.598070">
        <ele>1011.987746</ele>
        <time>2026-08-21T07:35:20.781Z</time>
      </trkpt>
      <trkpt lat="46.314608" lon="11.598563">
        <ele>1011.466373</ele>
        <time>2026-08-21T07:35:24.774Z</time>
      </trkpt>
      <trkpt lat="46.314557" lon="11.598629">
        <ele>1011.499247</ele>
        <time>2026-08-21T07:35:25.334Z</time>
      </trkpt>
      <trkpt lat="46.314524" lon="11.598688">
        <ele>1011.524447</ele>
        <time>2026-08-21T07:35:25.762Z</time>
      </trkpt>
      <trkpt lat="46.314475" lon="11.598773">
        <ele>1011.561197</ele>
        <time>2026-08-21T07:35:26.388Z</time>
      </trkpt>
      <trkpt lat="46.313545" lon="11.600306">
        <ele>1012.238469</ele>
        <time>2026-08-21T07:35:40.779Z</time>
      </trkpt>
      <trkpt lat="46.313487" lon="11.600395">
        <ele>1012.279086</ele>
        <time>2026-08-21T07:35:41.793Z</time>
      </trkpt>
      <trkpt lat="46.313215" lon="11.600851">
        <ele>1012.874480</ele>
        <time>2026-08-21T07:35:47.004Z</time>
      </trkpt>
      <trkpt lat="46.313022" lon="11.601182">
        <ele>1013.354659</ele>
        <time>2026-08-21T07:35:51.147Z</time>
      </trkpt>
      <trkpt lat="46.312574" lon="11.601898">
        <ele>1014.425599</ele>
        <time>2026-08-21T07:36:00.490Z</time>
      </trkpt>
      <trkpt lat="46.312444" lon="11.602199">
        <ele>1014.819125</ele>
        <time>2026-08-21T07:36:03.601Z</time>
      </trkpt>
      <trkpt lat="46.312379" lon="11.602367">
        <ele>1015.032585</ele>
        <time>2026-08-21T07:36:05.214Z</time>
      </trkpt>
      <trkpt lat="46.312221" lon="11.602540">
        <ele>1015.150928</ele>
        <time>2026-08-21T07:36:07.560Z</time>
      </trkpt>
      <trkpt lat="46.312005" lon="11.602559">
        <ele>1015.047619</ele>
        <time>2026-08-21T07:36:10.025Z</time>
      </trkpt>
      <trkpt lat="46.311810" lon="11.602566">
        <ele>1014.954497</ele>
        <time>2026-08-21T07:36:12.058Z</time>
      </trkpt>
      <trkpt lat="46.311636" lon="11.602569">
        <ele>1014.871423</ele>
        <time>2026-08-21T07:36:13.672Z</time>
      </trkpt>
      <trkpt lat="46.311194" lon="11.602578">
        <ele>1014.660389</ele>
        <time>2026-08-21T07:36:17.018Z</time>
      </trkpt>
      <trkpt lat="46.310946" lon="11.602569">
        <ele>1014.541956</ele>
        <time>2026-08-21T07:36:18.726Z</time>
      </trkpt>
      <trkpt lat="46.310910" lon="11.602546">
        <ele>1014.523170</ele>
        <time>2026-08-21T07:36:18.991Z</time>
      </trkpt>
      <trkpt lat="46.310271" lon="11.602195">
        <ele>1013.718003</ele>
        <time>2026-08-21T07:36:23.625Z</time>
      </trkpt>
      <trkpt lat="46.310250" lon="11.602179">
        <ele>1013.668229</ele>
        <time>2026-08-21T07:36:23.783Z</time>
      </trkpt>
      <trkpt lat="46.310230" lon="11.602165">
        <ele>1013.621633</ele>
        <time>2026-08-21T07:36:23.935Z</time>
      </trkpt>
      <trkpt lat="46.309794" lon="11.601958">
        <ele>1012.659215</ele>
        <time>2026-08-21T07:36:26.897Z</time>
      </trkpt>
      <trkpt lat="46.309532" lon="11.601861">
        <ele>1012.091993</ele>
        <time>2026-08-21T07:36:28.586Z</time>
      </trkpt>
      <trkpt lat="46.309370" lon="11.601794">
        <ele>1011.738609</ele>
        <time>2026-08-21T07:36:29.667Z</time>
      </trkpt>
      <trkpt lat="46.309375" lon="11.601735">
        <ele>1011.652486</ele>
        <time>2026-08-21T07:36:29.936Z</time>
      </trkpt>
      <trkpt lat="46.309340" lon="11.601664">
        <ele>1011.526109</ele>
        <time>2026-08-21T07:36:30.328Z</time>
      </trkpt>
      <trkpt lat="46.309295" lon="11.601653">
        <ele>1011.430387</ele>
        <time>2026-08-21T07:36:30.623Z</time>
      </trkpt>
      <trkpt lat="46.309242" lon="11.601711">
        <ele>1011.291033</ele>
        <time>2026-08-21T07:36:31.072Z</time>
      </trkpt>
      <trkpt lat="46.308724" lon="11.601490">
        <ele>1010.135623</ele>
        <time>2026-08-21T07:36:34.686Z</time>
      </trkpt>
      <trkpt lat="46.308570" lon="11.601412">
        <ele>1009.774313</ele>
        <time>2026-08-21T07:36:35.758Z</time>
      </trkpt>
      <trkpt lat="46.308534" lon="11.601396">
        <ele>1009.690917</ele>
        <time>2026-08-21T07:36:36.006Z</time>
      </trkpt>
      <trkpt lat="46.308523" lon="11.601388">
        <ele>1009.663655</ele>
        <time>2026-08-21T07:36:36.088Z</time>
      </trkpt>
      <trkpt lat="46.308284" lon="11.601267">
        <ele>1009.102946</ele>
        <time>2026-08-21T07:36:37.668Z</time>
      </trkpt>
      <trkpt lat="46.308227" lon="11.601243">
        <ele>1008.971487</ele>
        <time>2026-08-21T07:36:38.045Z</time>
      </trkpt>
      <trkpt lat="46.308034" lon="11.601147">
        <ele>1008.519554</ele>
        <time>2026-08-21T07:36:39.315Z</time>
      </trkpt>
      <trkpt lat="46.307787" lon="11.600962">
        <ele>1007.903686</ele>
        <time>2026-08-21T07:36:41.108Z</time>
      </trkpt>
      <trkpt lat="46.307703" lon="11.600843">
        <ele>1007.643410</ele>
        <time>2026-08-21T07:36:41.895Z</time>
      </trkpt>
      <trkpt lat="46.307441" lon="11.600389">
        <ele>1006.738424</ele>
        <time>2026-08-21T07:36:44.641Z</time>
      </trkpt>
      <trkpt lat="46.306826" lon="11.599296">
        <ele>1004.379833</ele>
        <time>2026-08-21T07:36:50.913Z</time>
      </trkpt>
      <trkpt lat="46.306781" lon="11.599227">
        <ele>1004.220005</ele>
        <time>2026-08-21T07:36:51.332Z</time>
      </trkpt>
      <trkpt lat="46.306744" lon="11.599155">
        <ele>1004.068858</ele>
        <time>2026-08-21T07:36:51.735Z</time>
      </trkpt>
      <trkpt lat="46.306704" lon="11.599083">
        <ele>1003.913235</ele>
        <time>2026-08-21T07:36:52.152Z</time>
      </trkpt>
      <trkpt lat="46.306664" lon="11.599132">
        <ele>1003.785472</ele>
        <time>2026-08-21T07:36:55.812Z</time>
      </trkpt>
      <trkpt lat="46.305299" lon="11.596683">
        <ele>997.778282</ele>
        <time>2026-08-21T07:37:09.265Z</time>
      </trkpt>
      <trkpt lat="46.304997" lon="11.596172">
        <ele>996.506444</ele>
        <time>2026-08-21T07:37:12.110Z</time>
      </trkpt>
      <trkpt lat="46.304850" lon="11.596026">
        <ele>996.061600</ele>
        <time>2026-08-21T07:37:13.213Z</time>
      </trkpt>
      <trkpt lat="46.304645" lon="11.595958">
        <ele>995.536809</ele>
        <time>2026-08-21T07:37:14.521Z</time>
      </trkpt>
      <trkpt lat="46.304604" lon="11.595888">
        <ele>995.378611</ele>
        <time>2026-08-21T07:37:14.915Z</time>
      </trkpt>
      <trkpt lat="46.304572" lon="11.595768">
        <ele>995.156878</ele>
        <time>2026-08-21T07:37:15.471Z</time>
      </trkpt>
      <trkpt lat="46.304578" lon="11.595516">
        <ele>994.722223</ele>
        <time>2026-08-21T07:37:16.567Z</time>
      </trkpt>
      <trkpt lat="46.304502" lon="11.595321">
        <ele>994.336276</ele>
        <time>2026-08-21T07:37:17.546Z</time>
      </trkpt>
      <trkpt lat="46.302859" lon="11.592423">
        <ele>988.580504</ele>
        <time>2026-08-21T07:37:34.525Z</time>
      </trkpt>
      <trkpt lat="46.302666" lon="11.592153">
        <ele>987.984423</ele>
        <time>2026-08-21T07:37:36.241Z</time>
      </trkpt>
      <trkpt lat="46.302579" lon="11.591960">
        <ele>987.630854</ele>
        <time>2026-08-21T07:37:37.248Z</time>
      </trkpt>
      <trkpt lat="46.302450" lon="11.591766">
        <ele>987.217737</ele>
        <time>2026-08-21T07:37:38.413Z</time>
      </trkpt>
      <trkpt lat="46.301783" lon="11.590834">
        <ele>985.158878</ele>
        <time>2026-08-21T07:37:44.261Z</time>
      </trkpt>
      <trkpt lat="46.301520" lon="11.590482">
        <ele>984.571291</ele>
        <time>2026-08-21T07:37:46.778Z</time>
      </trkpt>
      <trkpt lat="46.301405" lon="11.590329">
        <ele>984.439875</ele>
        <time>2026-08-21T07:37:47.938Z</time>
      </trkpt>
      <trkpt lat="46.301099" lon="11.590029">
        <ele>984.128929</ele>
        <time>2026-08-21T07:37:50.891Z</time>
      </trkpt>
      <trkpt lat="46.300921" lon="11.589804">
        <ele>983.930103</ele>
        <time>2026-08-21T07:37:52.831Z</time>
      </trkpt>
      <trkpt lat="46.300745" lon="11.589525">
        <ele>983.710499</ele>
        <time>2026-08-21T07:37:55.016Z</time>
      </trkpt>
      <trkpt lat="46.300354" lon="11.589035">
        <ele>983.275368</ele>
        <time>2026-08-21T07:37:59.211Z</time>
      </trkpt>
      <trkpt lat="46.299979" lon="11.588532">
        <ele>982.328887</ele>
        <time>2026-08-21T07:38:02.766Z</time>
      </trkpt>
      <trkpt lat="46.299890" lon="11.588345">
        <ele>981.996212</ele>
        <time>2026-08-21T07:38:03.791Z</time>
      </trkpt>
      <trkpt lat="46.299738" lon="11.588170">
        <ele>981.584360</ele>
        <time>2026-08-21T07:38:05.035Z</time>
      </trkpt>
      <trkpt lat="46.299499" lon="11.588138">
        <ele>981.075391</ele>
        <time>2026-08-21T07:38:06.555Z</time>
      </trkpt>
      <trkpt lat="46.299394" lon="11.588055">
        <ele>980.821695</ele>
        <time>2026-08-21T07:38:07.308Z</time>
      </trkpt>
      <trkpt lat="46.299203" lon="11.587816">
        <ele>980.286303</ele>
        <time>2026-08-21T07:38:08.897Z</time>
      </trkpt>
      <trkpt lat="46.299073" lon="11.587618">
        <ele>979.886128</ele>
        <time>2026-08-21T07:38:10.085Z</time>
      </trkpt>
      <trkpt lat="46.298988" lon="11.587489">
        <ele>979.624965</ele>
        <time>2026-08-21T07:38:10.862Z</time>
      </trkpt>
      <trkpt lat="46.298882" lon="11.587248">
        <ele>979.167323</ele>
        <time>2026-08-21T07:38:12.110Z</time>
      </trkpt>
      <trkpt lat="46.298682" lon="11.586950">
        <ele>978.413903</ele>
        <time>2026-08-21T07:38:13.929Z</time>
      </trkpt>
      <trkpt lat="46.298506" lon="11.586706">
        <ele>977.774203</ele>
        <time>2026-08-21T07:38:15.481Z</time>
      </trkpt>
      <trkpt lat="46.298179" lon="11.586340">
        <ele>976.689184</ele>
        <time>2026-08-21T07:38:18.083Z</time>
      </trkpt>
      <trkpt lat="46.297967" lon="11.586151">
        <ele>976.035631</ele>
        <time>2026-08-21T07:38:19.642Z</time>
      </trkpt>
      <trkpt lat="46.297616" lon="11.586006">
        <ele>975.077524</ele>
        <time>2026-08-21T07:38:21.907Z</time>
      </trkpt>
      <trkpt lat="46.297366" lon="11.586035">
        <ele>974.451724</ele>
        <time>2026-08-21T07:38:23.461Z</time>
      </trkpt>
      <trkpt lat="46.297272" lon="11.585995">
        <ele>974.230835</ele>
        <time>2026-08-21T07:38:24.076Z</time>
      </trkpt>
      <trkpt lat="46.297159" lon="11.585877">
        <ele>973.916696</ele>
        <time>2026-08-21T07:38:24.950Z</time>
      </trkpt>
      <trkpt lat="46.296638" lon="11.585180">
        <ele>972.317212</ele>
        <time>2026-08-21T07:38:29.505Z</time>
      </trkpt>
      <trkpt lat="46.295775" lon="11.584187">
        <ele>969.951142</ele>
        <time>2026-08-21T07:38:36.839Z</time>
      </trkpt>
      <trkpt lat="46.295061" lon="11.583243">
        <ele>968.112294</ele>
        <time>2026-08-21T07:38:43.206Z</time>
      </trkpt>
      <trkpt lat="46.294844" lon="11.583141">
        <ele>967.678460</ele>
        <time>2026-08-21T07:38:44.714Z</time>
      </trkpt>
      <trkpt lat="46.294698" lon="11.582999">
        <ele>967.343983</ele>
        <time>2026-08-21T07:38:45.886Z</time>
      </trkpt>
      <trkpt lat="46.293428" lon="11.581489">
        <ele>964.759139</ele>
        <time>2026-08-21T07:38:57.227Z</time>
      </trkpt>
      <trkpt lat="46.293193" lon="11.581167">
        <ele>964.253853</ele>
        <time>2026-08-21T07:38:59.449Z</time>
      </trkpt>
      <trkpt lat="46.292574" lon="11.580403">
        <ele>962.964742</ele>
        <time>2026-08-21T07:39:04.964Z</time>
      </trkpt>
      <trkpt lat="46.292149" lon="11.579627">
        <ele>961.880569</ele>
        <time>2026-08-21T07:39:09.580Z</time>
      </trkpt>
      <trkpt lat="46.290665" lon="11.576594">
        <ele>958.571465</ele>
        <time>2026-08-21T07:39:28.098Z</time>
      </trkpt>
      <trkpt lat="46.290532" lon="11.576154">
        <ele>958.066164</ele>
        <time>2026-08-21T07:39:30.415Z</time>
      </trkpt>
      <trkpt lat="46.289607" lon="11.574681">
        <ele>955.808749</ele>
        <time>2026-08-21T07:39:39.639Z</time>
      </trkpt>
      <trkpt lat="46.289485" lon="11.574452">
        <ele>955.433074</ele>
        <time>2026-08-21T07:39:40.941Z</time>
      </trkpt>
      <trkpt lat="46.289488" lon="11.574384">
        <ele>955.344547</ele>
        <time>2026-08-21T07:39:41.254Z</time>
      </trkpt>
      <trkpt lat="46.289439" lon="11.574208">
        <ele>955.098025</ele>
        <time>2026-08-21T07:39:42.107Z</time>
      </trkpt>
      <trkpt lat="46.289251" lon="11.574034">
        <ele>954.678448</ele>
        <time>2026-08-21T07:39:43.564Z</time>
      </trkpt>
      <trkpt lat="46.288728" lon="11.573061">
        <ele>953.157278</ele>
        <time>2026-08-21T07:39:49.186Z</time>
      </trkpt>
      <trkpt lat="46.287330" lon="11.570644">
        <ele>951.592910</ele>
        <time>2026-08-21T07:40:05.046Z</time>
      </trkpt>
      <trkpt lat="46.287515" lon="11.570384">
        <ele>951.795567</ele>
        <time>2026-08-21T07:40:07.843Z</time>
      </trkpt>
      <trkpt lat="46.287788" lon="11.569968">
        <ele>952.107106</ele>
        <time>2026-08-21T07:40:12.684Z</time>
      </trkpt>
      <trkpt lat="46.288125" lon="11.569509">
        <ele>952.470780</ele>
        <time>2026-08-21T07:40:19.053Z</time>
      </trkpt>
      <trkpt lat="46.288149" lon="11.569475">
        <ele>952.497173</ele>
        <time>2026-08-21T07:40:19.520Z</time>
      </trkpt>
      <trkpt lat="46.288228" lon="11.569351">
        <ele>952.588760</ele>
        <time>2026-08-21T07:40:21.167Z</time>
      </trkpt>
      <trkpt lat="46.288260" lon="11.569151">
        <ele>952.710493</ele>
        <time>2026-08-21T07:40:23.115Z</time>
      </trkpt>
      <trkpt lat="46.288118" lon="11.568576">
        <ele>953.084999</ele>
        <time>2026-08-21T07:40:28.518Z</time>
      </trkpt>
      <trkpt lat="46.288123" lon="11.568480">
        <ele>953.144045</ele>
        <time>2026-08-21T07:40:29.304Z</time>
      </trkpt>
      <trkpt lat="46.288150" lon="11.568407">
        <ele>953.194827</ele>
        <time>2026-08-21T07:40:29.997Z</time>
      </trkpt>
      <trkpt lat="46.288133" lon="11.568351">
        <ele>953.232341</ele>
        <time>2026-08-21T07:40:30.474Z</time>
      </trkpt>
      <trkpt lat="46.287626" lon="11.566647">
        <ele>954.259505</ele>
        <time>2026-08-21T07:40:43.182Z</time>
      </trkpt>
      <trkpt lat="46.287533" lon="11.566333">
        <ele>954.317230</ele>
        <time>2026-08-21T07:40:45.260Z</time>
      </trkpt>
      <trkpt lat="46.287500" lon="11.566161">
        <ele>954.347393</ele>
        <time>2026-08-21T07:40:46.328Z</time>
      </trkpt>
      <trkpt lat="46.287435" lon="11.565779">
        <ele>954.413868</ele>
        <time>2026-08-21T07:40:48.751Z</time>
      </trkpt>
      <trkpt lat="46.287378" lon="11.565227">
        <ele>954.508177</ele>
        <time>2026-08-21T07:40:52.442Z</time>
      </trkpt>
      <trkpt lat="46.287373" lon="11.565181">
        <ele>954.516045</ele>
        <time>2026-08-21T07:40:52.761Z</time>
      </trkpt>
      <trkpt lat="46.287313" lon="11.564518">
        <ele>954.629031</ele>
        <time>2026-08-21T07:40:57.513Z</time>
      </trkpt>
      <trkpt lat="46.287309" lon="11.564473">
        <ele>954.636697</ele>
        <time>2026-08-21T07:40:57.840Z</time>
      </trkpt>
      <trkpt lat="46.287273" lon="11.564102">
        <ele>954.586875</ele>
        <time>2026-08-21T07:41:00.373Z</time>
      </trkpt>
      <trkpt lat="46.287193" lon="11.563283">
        <ele>954.357140</ele>
        <time>2026-08-21T07:41:05.280Z</time>
      </trkpt>
      <trkpt lat="46.287178" lon="11.563138">
        <ele>954.316418</ele>
        <time>2026-08-21T07:41:06.098Z</time>
      </trkpt>
      <trkpt lat="46.287171" lon="11.563064">
        <ele>954.295674</ele>
        <time>2026-08-21T07:41:06.529Z</time>
      </trkpt>
      <trkpt lat="46.287096" lon="11.562228">
        <ele>954.061529</ele>
        <time>2026-08-21T07:41:10.846Z</time>
      </trkpt>
      <trkpt lat="46.287088" lon="11.562130">
        <ele>954.034121</ele>
        <time>2026-08-21T07:41:11.351Z</time>
      </trkpt>
      <trkpt lat="46.287074" lon="11.562005">
        <ele>953.998950</ele>
        <time>2026-08-21T07:41:11.986Z</time>
      </trkpt>
      <trkpt lat="46.287047" lon="11.561744">
        <ele>953.909998</ele>
        <time>2026-08-21T07:41:13.342Z</time>
      </trkpt>
      <trkpt lat="46.287022" lon="11.561445">
        <ele>953.674916</ele>
        <time>2026-08-21T07:41:14.979Z</time>
      </trkpt>
      <trkpt lat="46.286999" lon="11.561200">
        <ele>953.481929</ele>
        <time>2026-08-21T07:41:16.369Z</time>
      </trkpt>
      <trkpt lat="46.286968" lon="11.560885">
        <ele>953.233580</ele>
        <time>2026-08-21T07:41:18.011Z</time>
      </trkpt>
      <trkpt lat="46.286898" lon="11.560159">
        <ele>952.661423</ele>
        <time>2026-08-21T07:41:21.624Z</time>
      </trkpt>
      <trkpt lat="46.286889" lon="11.560080">
        <ele>952.598928</ele>
        <time>2026-08-21T07:41:21.997Z</time>
      </trkpt>
      <trkpt lat="46.286836" lon="11.559763">
        <ele>952.344360</ele>
        <time>2026-08-21T07:41:23.578Z</time>
      </trkpt>
      <trkpt lat="46.286757" lon="11.559460">
        <ele>952.091584</ele>
        <time>2026-08-21T07:41:25.143Z</time>
      </trkpt>
      <trkpt lat="46.286489" lon="11.558610">
        <ele>951.186882</ele>
        <time>2026-08-21T07:41:29.701Z</time>
      </trkpt>
      <trkpt lat="46.286421" lon="11.558323">
        <ele>950.873179</ele>
        <time>2026-08-21T07:41:31.076Z</time>
      </trkpt>
      <trkpt lat="46.285629" lon="11.555709">
        <ele>948.804312</ele>
        <time>2026-08-21T07:41:44.695Z</time>
      </trkpt>
      <trkpt lat="46.285532" lon="11.555252">
        <ele>948.648192</ele>
        <time>2026-08-21T07:41:47.787Z</time>
      </trkpt>
      <trkpt lat="46.285467" lon="11.554800">
        <ele>948.497424</ele>
        <time>2026-08-21T07:41:50.986Z</time>
      </trkpt>
      <trkpt lat="46.285444" lon="11.554173">
        <ele>948.432421</ele>
        <time>2026-08-21T07:41:55.549Z</time>
      </trkpt>
      <trkpt lat="46.285469" lon="11.553712">
        <ele>948.586704</ele>
        <time>2026-08-21T07:41:59.207Z</time>
      </trkpt>
      <trkpt lat="46.285605" lon="11.552371">
        <ele>949.038913</ele>
        <time>2026-08-21T07:42:08.937Z</time>
      </trkpt>
      <trkpt lat="46.285773" lon="11.550845">
        <ele>950.573487</ele>
        <time>2026-08-21T07:42:18.235Z</time>
      </trkpt>
      <trkpt lat="46.285774" lon="11.550489">
        <ele>951.065323</ele>
        <time>2026-08-21T07:42:21.158Z</time>
      </trkpt>
      <trkpt lat="46.285604" lon="11.548613">
        <ele>954.580589</ele>
        <time>2026-08-21T07:42:44.245Z</time>
      </trkpt>
      <trkpt lat="46.285521" lon="11.547725">
        <ele>957.125916</ele>
        <time>2026-08-21T07:42:57.348Z</time>
      </trkpt>
      <trkpt lat="46.285531" lon="11.547378">
        <ele>958.112425</ele>
        <time>2026-08-21T07:43:02.083Z</time>
      </trkpt>
      <trkpt lat="46.285603" lon="11.546718">
        <ele>960.010367</ele>
        <time>2026-08-21T07:43:10.444Z</time>
      </trkpt>
      <trkpt lat="46.285674" lon="11.546026">
        <ele>961.356545</ele>
        <time>2026-08-21T07:43:18.105Z</time>
      </trkpt>
      <trkpt lat="46.285711" lon="11.545613">
        <ele>962.113193</ele>
        <time>2026-08-21T07:43:22.166Z</time>
      </trkpt>
      <trkpt lat="46.285864" lon="11.544149">
        <ele>964.803336</ele>
        <time>2026-08-21T07:43:37.027Z</time>
      </trkpt>
      <trkpt lat="46.285911" lon="11.543643">
        <ele>965.228294</ele>
        <time>2026-08-21T07:43:42.648Z</time>
      </trkpt>
      <trkpt lat="46.285910" lon="11.543357">
        <ele>965.414480</ele>
        <time>2026-08-21T07:43:45.686Z</time>
      </trkpt>
      <trkpt lat="46.285659" lon="11.542324">
        <ele>966.127311</ele>
        <time>2026-08-21T07:43:55.606Z</time>
      </trkpt>
      <trkpt lat="46.285634" lon="11.542213">
        <ele>966.203312</ele>
        <time>2026-08-21T07:43:56.341Z</time>
      </trkpt>
      <trkpt lat="46.285606" lon="11.542101">
        <ele>966.280848</ele>
        <time>2026-08-21T07:43:57.012Z</time>
      </trkpt>
      <trkpt lat="46.285522" lon="11.541750">
        <ele>966.522660</ele>
        <time>2026-08-21T07:43:58.782Z</time>
      </trkpt>
      <trkpt lat="46.285476" lon="11.541417">
        <ele>966.523841</ele>
        <time>2026-08-21T07:44:00.254Z</time>
      </trkpt>
      <trkpt lat="46.285469" lon="11.541188">
        <ele>966.350568</ele>
        <time>2026-08-21T07:44:01.247Z</time>
      </trkpt>
      <trkpt lat="46.285446" lon="11.540705">
        <ele>965.984597</ele>
        <time>2026-08-21T07:44:03.476Z</time>
      </trkpt>
      <trkpt lat="46.285444" lon="11.540639">
        <ele>965.934659</ele>
        <time>2026-08-21T07:44:03.815Z</time>
      </trkpt>
      <trkpt lat="46.285426" lon="11.540278">
        <ele>965.661066</ele>
        <time>2026-08-21T07:44:05.727Z</time>
      </trkpt>
      <trkpt lat="46.285409" lon="11.539902">
        <ele>965.376235</ele>
        <time>2026-08-21T07:44:07.686Z</time>
      </trkpt>
      <trkpt lat="46.285403" lon="11.539732">
        <ele>965.247563</ele>
        <time>2026-08-21T07:44:08.580Z</time>
      </trkpt>
      <trkpt lat="46.285366" lon="11.539022">
        <ele>964.709341</ele>
        <time>2026-08-21T07:44:12.220Z</time>
      </trkpt>
      <trkpt lat="46.285359" lon="11.538894">
        <ele>964.524332</ele>
        <time>2026-08-21T07:44:12.900Z</time>
      </trkpt>
      <trkpt lat="46.285323" lon="11.538045">
        <ele>962.973446</ele>
        <time>2026-08-21T07:44:17.974Z</time>
      </trkpt>
      <trkpt lat="46.285312" lon="11.537806">
        <ele>962.536714</ele>
        <time>2026-08-21T07:44:19.192Z</time>
      </trkpt>
      <trkpt lat="46.285326" lon="11.537650">
        <ele>962.249891</ele>
        <time>2026-08-21T07:44:19.885Z</time>
      </trkpt>
      <trkpt lat="46.285384" lon="11.537521">
        <ele>961.969288</ele>
        <time>2026-08-21T07:44:20.541Z</time>
      </trkpt>
      <trkpt lat="46.285463" lon="11.537398">
        <ele>961.663121</ele>
        <time>2026-08-21T07:44:21.225Z</time>
      </trkpt>
      <trkpt lat="46.285761" lon="11.537088">
        <ele>960.694805</ele>
        <time>2026-08-21T07:44:23.279Z</time>
      </trkpt>
      <trkpt lat="46.286004" lon="11.536768">
        <ele>959.928157</ele>
        <time>2026-08-21T07:44:25.107Z</time>
      </trkpt>
      <trkpt lat="46.286236" lon="11.536306">
        <ele>959.918679</ele>
        <time>2026-08-21T07:44:27.379Z</time>
      </trkpt>
      <trkpt lat="46.286318" lon="11.536070">
        <ele>959.914294</ele>
        <time>2026-08-21T07:44:28.482Z</time>
      </trkpt>
      <trkpt lat="46.286424" lon="11.535560">
        <ele>959.905455</ele>
        <time>2026-08-21T07:44:30.882Z</time>
      </trkpt>
      <trkpt lat="46.286482" lon="11.534567">
        <ele>959.888916</ele>
        <time>2026-08-21T07:44:40.911Z</time>
      </trkpt>
      <trkpt lat="46.286538" lon="11.534065">
        <ele>961.369924</ele>
        <time>2026-08-21T07:44:50.235Z</time>
      </trkpt>
      <trkpt lat="46.286595" lon="11.533815">
        <ele>962.569911</ele>
        <time>2026-08-21T07:44:56.074Z</time>
      </trkpt>
      <trkpt lat="46.287030" lon="11.532428">
        <ele>969.512829</ele>
        <time>2026-08-21T07:45:27.270Z</time>
      </trkpt>
      <trkpt lat="46.287134" lon="11.532068">
        <ele>971.291405</ele>
        <time>2026-08-21T07:45:33.205Z</time>
      </trkpt>
      <trkpt lat="46.287563" lon="11.530742">
        <ele>972.027264</ele>
        <time>2026-08-21T07:45:44.991Z</time>
      </trkpt>
      <trkpt lat="46.287641" lon="11.530383">
        <ele>972.103804</ele>
        <time>2026-08-21T07:45:46.688Z</time>
      </trkpt>
      <trkpt lat="46.287670" lon="11.529977">
        <ele>972.186818</ele>
        <time>2026-08-21T07:45:48.519Z</time>
      </trkpt>
      <trkpt lat="46.287638" lon="11.529536">
        <ele>972.277005</ele>
        <time>2026-08-21T07:45:50.543Z</time>
      </trkpt>
      <trkpt lat="46.287412" lon="11.528394">
        <ele>970.945635</ele>
        <time>2026-08-21T07:45:56.169Z</time>
      </trkpt>
      <trkpt lat="46.287370" lon="11.528063">
        <ele>970.564154</ele>
        <time>2026-08-21T07:45:57.738Z</time>
      </trkpt>
      <trkpt lat="46.287339" lon="11.527222">
        <ele>969.609477</ele>
        <time>2026-08-21T07:46:01.840Z</time>
      </trkpt>
      <trkpt lat="46.287277" lon="11.523301">
        <ele>965.875854</ele>
        <time>2026-08-21T07:46:20.007Z</time>
      </trkpt>
      <trkpt lat="46.287114" lon="11.521933">
        <ele>965.513035</ele>
        <time>2026-08-21T07:46:30.038Z</time>
      </trkpt>
      <trkpt lat="46.286963" lon="11.520234">
        <ele>966.139876</ele>
        <time>2026-08-21T07:46:42.400Z</time>
      </trkpt>
      <trkpt lat="46.286897" lon="11.519250">
        <ele>966.558091</ele>
        <time>2026-08-21T07:46:49.022Z</time>
      </trkpt>
      <trkpt lat="46.286955" lon="11.518337">
        <ele>967.534345</ele>
        <time>2026-08-21T07:46:55.979Z</time>
      </trkpt>
      <trkpt lat="46.287138" lon="11.516850">
        <ele>969.191540</ele>
        <time>2026-08-21T07:47:09.207Z</time>
      </trkpt>
      <trkpt lat="46.287220" lon="11.516490">
        <ele>969.794226</ele>
        <time>2026-08-21T07:47:13.361Z</time>
      </trkpt>
      <trkpt lat="46.287428" lon="11.515894">
        <ele>971.309011</ele>
        <time>2026-08-21T07:47:21.885Z</time>
      </trkpt>
      <trkpt lat="46.287795" lon="11.514936">
        <ele>973.794025</ele>
        <time>2026-08-21T07:47:34.835Z</time>
      </trkpt>
      <trkpt lat="46.287968" lon="11.514566">
        <ele>974.807522</ele>
        <time>2026-08-21T07:47:39.941Z</time>
      </trkpt>
      <trkpt lat="46.288024" lon="11.514342">
        <ele>975.349827</ele>
        <time>2026-08-21T07:47:42.883Z</time>
      </trkpt>
      <trkpt lat="46.288056" lon="11.514037">
        <ele>976.175534</ele>
        <time>2026-08-21T07:47:46.622Z</time>
      </trkpt>
      <trkpt lat="46.287879" lon="11.513426">
        <ele>977.948803</ele>
        <time>2026-08-21T07:47:53.858Z</time>
      </trkpt>
      <trkpt lat="46.287866" lon="11.513306">
        <ele>978.273914</ele>
        <time>2026-08-21T07:47:55.009Z</time>
      </trkpt>
      <trkpt lat="46.287885" lon="11.513241">
        <ele>978.462816</ele>
        <time>2026-08-21T07:47:55.685Z</time>
      </trkpt>
      <trkpt lat="46.287902" lon="11.513169">
        <ele>978.666468</ele>
        <time>2026-08-21T07:47:56.453Z</time>
      </trkpt>
      <trkpt lat="46.288153" lon="11.512380">
        <ele>980.991311</ele>
        <time>2026-08-21T07:48:06.808Z</time>
      </trkpt>
      <trkpt lat="46.288438" lon="11.511667">
        <ele>982.865397</ele>
        <time>2026-08-21T07:48:20.659Z</time>
      </trkpt>
      <trkpt lat="46.288639" lon="11.511373">
        <ele>983.562076</ele>
        <time>2026-08-21T07:48:27.191Z</time>
      </trkpt>
      <trkpt lat="46.288865" lon="11.511140">
        <ele>984.238519</ele>
        <time>2026-08-21T07:48:33.161Z</time>
      </trkpt>
      <trkpt lat="46.289003" lon="11.511008">
        <ele>984.641772</ele>
        <time>2026-08-21T07:48:36.118Z</time>
      </trkpt>
      <trkpt lat="46.289120" lon="11.510869">
        <ele>985.010789</ele>
        <time>2026-08-21T07:48:38.331Z</time>
      </trkpt>
      <trkpt lat="46.289206" lon="11.510779">
        <ele>985.269508</ele>
        <time>2026-08-21T07:48:39.569Z</time>
      </trkpt>
      <trkpt lat="46.289382" lon="11.510535">
        <ele>985.863659</ele>
        <time>2026-08-21T07:48:41.598Z</time>
      </trkpt>
      <trkpt lat="46.289437" lon="11.510365">
        <ele>986.179859</ele>
        <time>2026-08-21T07:48:42.427Z</time>
      </trkpt>
      <trkpt lat="46.289450" lon="11.510269">
        <ele>986.344648</ele>
        <time>2026-08-21T07:48:42.832Z</time>
      </trkpt>
      <trkpt lat="46.289447" lon="11.510164">
        <ele>986.521673</ele>
        <time>2026-08-21T07:48:43.298Z</time>
      </trkpt>
      <trkpt lat="46.289448" lon="11.510136">
        <ele>986.568903</ele>
        <time>2026-08-21T07:48:43.415Z</time>
      </trkpt>
      <trkpt lat="46.289448" lon="11.510109">
        <ele>986.614384</ele>
        <time>2026-08-21T07:48:43.528Z</time>
      </trkpt>
      <trkpt lat="46.289425" lon="11.509737">
        <ele>986.987952</ele>
        <time>2026-08-21T07:48:45.124Z</time>
      </trkpt>
      <trkpt lat="46.289486" lon="11.509036">
        <ele>987.629911</ele>
        <time>2026-08-21T07:48:48.382Z</time>
      </trkpt>
      <trkpt lat="46.289496" lon="11.508936">
        <ele>987.721717</ele>
        <time>2026-08-21T07:48:48.896Z</time>
      </trkpt>
      <trkpt lat="46.289511" lon="11.508798">
        <ele>987.848646</ele>
        <time>2026-08-21T07:48:49.841Z</time>
      </trkpt>
      <trkpt lat="46.289586" lon="11.508086">
        <ele>988.503041</ele>
        <time>2026-08-21T07:48:55.946Z</time>
      </trkpt>
      <trkpt lat="46.289594" lon="11.508016">
        <ele>988.567507</ele>
        <time>2026-08-21T07:48:56.896Z</time>
      </trkpt>
      <trkpt lat="46.289864" lon="11.507919">
        <ele>988.933300</ele>
        <time>2026-08-21T07:49:02.650Z</time>
      </trkpt>
      <trkpt lat="46.290086" lon="11.507822">
        <ele>990.199004</ele>
        <time>2026-08-21T07:49:08.799Z</time>
      </trkpt>
      <trkpt lat="46.290148" lon="11.507760">
        <ele>990.813977</ele>
        <time>2026-08-21T07:49:11.054Z</time>
      </trkpt>
      <trkpt lat="46.290347" lon="11.507430">
        <ele>993.283700</ele>
        <time>2026-08-21T07:49:19.963Z</time>
      </trkpt>
      <trkpt lat="46.290440" lon="11.507341">
        <ele>994.193525</ele>
        <time>2026-08-21T07:49:23.255Z</time>
      </trkpt>
      <trkpt lat="46.290668" lon="11.507204">
        <ele>996.208056</ele>
        <time>2026-08-21T07:49:30.473Z</time>
      </trkpt>
      <trkpt lat="46.291184" lon="11.506916">
        <ele>1000.721032</ele>
        <time>2026-08-21T07:49:47.180Z</time>
      </trkpt>
      <trkpt lat="46.291385" lon="11.506756">
        <ele>1002.592984</ele>
        <time>2026-08-21T07:49:54.139Z</time>
      </trkpt>
      <trkpt lat="46.292177" lon="11.505618">
        <ele>1010.693988</ele>
        <time>2026-08-21T07:50:28.604Z</time>
      </trkpt>
      <trkpt lat="46.292403" lon="11.505337">
        <ele>1012.818334</ele>
        <time>2026-08-21T07:50:36.646Z</time>
      </trkpt>
      <trkpt lat="46.292623" lon="11.505161">
        <ele>1014.610587</ele>
        <time>2026-08-21T07:50:42.260Z</time>
      </trkpt>
      <trkpt lat="46.292846" lon="11.505034">
        <ele>1016.319206</ele>
        <time>2026-08-21T07:50:46.633Z</time>
      </trkpt>
      <trkpt lat="46.293177" lon="11.504915">
        <ele>1017.493190</ele>
        <time>2026-08-21T07:50:51.751Z</time>
      </trkpt>
      <trkpt lat="46.293405" lon="11.504891">
        <ele>1018.189579</ele>
        <time>2026-08-21T07:50:54.517Z</time>
      </trkpt>
      <trkpt lat="46.293841" lon="11.504957">
        <ele>1019.525008</ele>
        <time>2026-08-21T07:50:59.162Z</time>
      </trkpt>
      <trkpt lat="46.294564" lon="11.505113">
        <ele>1021.751818</ele>
        <time>2026-08-21T07:51:10.737Z</time>
      </trkpt>
      <trkpt lat="46.294723" lon="11.505105">
        <ele>1022.431862</ele>
        <time>2026-08-21T07:51:14.327Z</time>
      </trkpt>
      <trkpt lat="46.294876" lon="11.505050">
        <ele>1023.375862</ele>
        <time>2026-08-21T07:51:18.129Z</time>
      </trkpt>
      <trkpt lat="46.295194" lon="11.504799">
        <ele>1025.544815</ele>
        <time>2026-08-21T07:51:27.435Z</time>
      </trkpt>
      <trkpt lat="46.295505" lon="11.504574">
        <ele>1027.626791</ele>
        <time>2026-08-21T07:51:36.345Z</time>
      </trkpt>
      <trkpt lat="46.295728" lon="11.504474">
        <ele>1029.024740</ele>
        <time>2026-08-21T07:51:42.026Z</time>
      </trkpt>
      <trkpt lat="46.296406" lon="11.504347">
        <ele>1033.154216</ele>
        <time>2026-08-21T07:51:59.038Z</time>
      </trkpt>
      <trkpt lat="46.296591" lon="11.504401">
        <ele>1034.412953</ele>
        <time>2026-08-21T07:52:02.598Z</time>
      </trkpt>
      <trkpt lat="46.296717" lon="11.504513">
        <ele>1035.399171</ele>
        <time>2026-08-21T07:52:05.130Z</time>
      </trkpt>
      <trkpt lat="46.296786" lon="11.504665">
        <ele>1036.237281</ele>
        <time>2026-08-21T07:52:07.395Z</time>
      </trkpt>
      <trkpt lat="46.296827" lon="11.504831">
        <ele>1037.049657</ele>
        <time>2026-08-21T07:52:09.864Z</time>
      </trkpt>
      <trkpt lat="46.296817" lon="11.505022">
        <ele>1037.932355</ele>
        <time>2026-08-21T07:52:12.827Z</time>
      </trkpt>
      <trkpt lat="46.296765" lon="11.505223">
        <ele>1038.921415</ele>
        <time>2026-08-21T07:52:16.307Z</time>
      </trkpt>
      <trkpt lat="46.296507" lon="11.505632">
        <ele>1041.473566</ele>
        <time>2026-08-21T07:52:25.870Z</time>
      </trkpt>
      <trkpt lat="46.296415" lon="11.505761">
        <ele>1042.327914</ele>
        <time>2026-08-21T07:52:29.441Z</time>
      </trkpt>
      <trkpt lat="46.296363" lon="11.505892">
        <ele>1043.024134</ele>
        <time>2026-08-21T07:52:32.566Z</time>
      </trkpt>
      <trkpt lat="46.296366" lon="11.506033">
        <ele>1043.674210</ele>
        <time>2026-08-21T07:52:35.529Z</time>
      </trkpt>
      <trkpt lat="46.296447" lon="11.506217">
        <ele>1044.679614</ele>
        <time>2026-08-21T07:52:39.950Z</time>
      </trkpt>
      <trkpt lat="46.296534" lon="11.506283">
        <ele>1045.667534</ele>
        <time>2026-08-21T07:52:42.757Z</time>
      </trkpt>
      <trkpt lat="46.296598" lon="11.506289">
        <ele>1046.361882</ele>
        <time>2026-08-21T07:52:44.690Z</time>
      </trkpt>
      <trkpt lat="46.296847" lon="11.506169">
        <ele>1049.203198</ele>
        <time>2026-08-21T07:52:53.063Z</time>
      </trkpt>
      <trkpt lat="46.297569" lon="11.506177">
        <ele>1057.020160</ele>
        <time>2026-08-21T07:53:20.290Z</time>
      </trkpt>
      <trkpt lat="46.297594" lon="11.506178">
        <ele>1057.290926</ele>
        <time>2026-08-21T07:53:21.207Z</time>
      </trkpt>
      <trkpt lat="46.297841" lon="11.506196">
        <ele>1059.968459</ele>
        <time>2026-08-21T07:53:29.807Z</time>
      </trkpt>
      <trkpt lat="46.298053" lon="11.506212">
        <ele>1062.266795</ele>
        <time>2026-08-21T07:53:37.508Z</time>
      </trkpt>
      <trkpt lat="46.298472" lon="11.506151">
        <ele>1067.154369</ele>
        <time>2026-08-21T07:53:52.847Z</time>
      </trkpt>
      <trkpt lat="46.298699" lon="11.506118">
        <ele>1069.942155</ele>
        <time>2026-08-21T07:54:01.296Z</time>
      </trkpt>
      <trkpt lat="46.299182" lon="11.506037">
        <ele>1075.883663</ele>
        <time>2026-08-21T07:54:19.910Z</time>
      </trkpt>
      <trkpt lat="46.299820" lon="11.505841">
        <ele>1083.853381</ele>
        <time>2026-08-21T07:54:46.046Z</time>
      </trkpt>
      <trkpt lat="46.300207" lon="11.505814">
        <ele>1088.524034</ele>
        <time>2026-08-21T07:55:01.807Z</time>
      </trkpt>
      <trkpt lat="46.300778" lon="11.505800">
        <ele>1095.311776</ele>
        <time>2026-08-21T07:55:23.299Z</time>
      </trkpt>
      <trkpt lat="46.300967" lon="11.505770">
        <ele>1097.571651</ele>
        <time>2026-08-21T07:55:30.867Z</time>
      </trkpt>
      <trkpt lat="46.301608" lon="11.505470">
        <ele>1105.578786</ele>
        <time>2026-08-21T07:55:56.202Z</time>
      </trkpt>
      <trkpt lat="46.302147" lon="11.505271">
        <ele>1111.045222</ele>
        <time>2026-08-21T07:56:15.293Z</time>
      </trkpt>
      <trkpt lat="46.303205" lon="11.504954">
        <ele>1120.661937</ele>
        <time>2026-08-21T07:56:48.433Z</time>
      </trkpt>
      <trkpt lat="46.304188" lon="11.504789">
        <ele>1128.184669</ele>
        <time>2026-08-21T07:57:12.212Z</time>
      </trkpt>
      <trkpt lat="46.304360" lon="11.504774">
        <ele>1129.380232</ele>
        <time>2026-08-21T07:57:16.146Z</time>
      </trkpt>
      <trkpt lat="46.304562" lon="11.504800">
        <ele>1130.787312</ele>
        <time>2026-08-21T07:57:20.953Z</time>
      </trkpt>
      <trkpt lat="46.304975" lon="11.504915">
        <ele>1133.705392</ele>
        <time>2026-08-21T07:57:31.860Z</time>
      </trkpt>
      <trkpt lat="46.305280" lon="11.504953">
        <ele>1135.829418</ele>
        <time>2026-08-21T07:57:40.397Z</time>
      </trkpt>
      <trkpt lat="46.306213" lon="11.505011">
        <ele>1143.949212</ele>
        <time>2026-08-21T07:58:07.475Z</time>
      </trkpt>
      <trkpt lat="46.306579" lon="11.505049">
        <ele>1147.169937</ele>
        <time>2026-08-21T07:58:18.881Z</time>
      </trkpt>
      <trkpt lat="46.307746" lon="11.505174">
        <ele>1158.516656</ele>
        <time>2026-08-21T07:58:55.904Z</time>
      </trkpt>
      <trkpt lat="46.308527" lon="11.505441">
        <ele>1166.929297</ele>
        <time>2026-08-21T07:59:23.921Z</time>
      </trkpt>
      <trkpt lat="46.308686" lon="11.505464">
        <ele>1168.604438</ele>
        <time>2026-08-21T07:59:29.494Z</time>
      </trkpt>
      <trkpt lat="46.308974" lon="11.505447">
        <ele>1171.629819</ele>
        <time>2026-08-21T07:59:40.024Z</time>
      </trkpt>
      <trkpt lat="46.309240" lon="11.505369">
        <ele>1174.487159</ele>
        <time>2026-08-21T07:59:50.391Z</time>
      </trkpt>
      <trkpt lat="46.309644" lon="11.505215">
        <ele>1178.885478</ele>
        <time>2026-08-21T08:00:06.188Z</time>
      </trkpt>
      <trkpt lat="46.309895" lon="11.505157">
        <ele>1181.561476</ele>
        <time>2026-08-21T08:00:15.608Z</time>
      </trkpt>
      <trkpt lat="46.310027" lon="11.505132">
        <ele>1182.963024</ele>
        <time>2026-08-21T08:00:20.498Z</time>
      </trkpt>
      <trkpt lat="46.310750" lon="11.504999">
        <ele>1190.297078</ele>
        <time>2026-08-21T08:00:43.675Z</time>
      </trkpt>
      <trkpt lat="46.312697" lon="11.504616">
        <ele>1203.878254</ele>
        <time>2026-08-21T08:01:30.150Z</time>
      </trkpt>
      <trkpt lat="46.313291" lon="11.504412">
        <ele>1208.878965</ele>
        <time>2026-08-21T08:01:46.437Z</time>
      </trkpt>
      <trkpt lat="46.313613" lon="11.504225">
        <ele>1211.720883</ele>
        <time>2026-08-21T08:01:56.846Z</time>
      </trkpt>
      <trkpt lat="46.313983" lon="11.504011">
        <ele>1214.984596</ele>
        <time>2026-08-21T08:02:09.730Z</time>
      </trkpt>
      <trkpt lat="46.315849" lon="11.503414">
        <ele>1233.118571</ele>
        <time>2026-08-21T08:03:12.311Z</time>
      </trkpt>
      <trkpt lat="46.316241" lon="11.503197">
        <ele>1236.539611</ele>
        <time>2026-08-21T08:03:24.623Z</time>
      </trkpt>
      <trkpt lat="46.316313" lon="11.503144">
        <ele>1237.171981</ele>
        <time>2026-08-21T08:03:26.909Z</time>
      </trkpt>
      <trkpt lat="46.316487" lon="11.503005">
        <ele>1238.727852</ele>
        <time>2026-08-21T08:03:32.599Z</time>
      </trkpt>
      <trkpt lat="46.317198" lon="11.502252">
        <ele>1245.624611</ele>
        <time>2026-08-21T08:03:55.105Z</time>
      </trkpt>
      <trkpt lat="46.317467" lon="11.502036">
        <ele>1248.045305</ele>
        <time>2026-08-21T08:04:03.519Z</time>
      </trkpt>
      <trkpt lat="46.318047" lon="11.501716">
        <ele>1253.461168</ele>
        <time>2026-08-21T08:04:21.361Z</time>
      </trkpt>
      <trkpt lat="46.318699" lon="11.501469">
        <ele>1259.341811</ele>
        <time>2026-08-21T08:04:41.473Z</time>
      </trkpt>
      <trkpt lat="46.318889" lon="11.501458">
        <ele>1261.001013</ele>
        <time>2026-08-21T08:04:47.259Z</time>
      </trkpt>
      <trkpt lat="46.319310" lon="11.501517">
        <ele>1264.823938</ele>
        <time>2026-08-21T08:05:00.908Z</time>
      </trkpt>
      <trkpt lat="46.319471" lon="11.501548">
        <ele>1266.415765</ele>
        <time>2026-08-21T08:05:06.356Z</time>
      </trkpt>
      <trkpt lat="46.319858" lon="11.501630">
        <ele>1270.249089</ele>
        <time>2026-08-21T08:05:19.794Z</time>
      </trkpt>
      <trkpt lat="46.320190" lon="11.501688">
        <ele>1273.526568</ele>
        <time>2026-08-21T08:05:31.127Z</time>
      </trkpt>
      <trkpt lat="46.320694" lon="11.501775">
        <ele>1278.501173</ele>
        <time>2026-08-21T08:05:47.795Z</time>
      </trkpt>
      <trkpt lat="46.320789" lon="11.501723">
        <ele>1279.496559</ele>
        <time>2026-08-21T08:05:51.408Z</time>
      </trkpt>
      <trkpt lat="46.320880" lon="11.501596">
        <ele>1280.735265</ele>
        <time>2026-08-21T08:05:55.395Z</time>
      </trkpt>
      <trkpt lat="46.320973" lon="11.501449">
        <ele>1281.860980</ele>
        <time>2026-08-21T08:05:59.654Z</time>
      </trkpt>
      <trkpt lat="46.321248" lon="11.501008">
        <ele>1284.809358</ele>
        <time>2026-08-21T08:06:11.355Z</time>
      </trkpt>
      <trkpt lat="46.321300" lon="11.500863">
        <ele>1285.620094</ele>
        <time>2026-08-21T08:06:14.312Z</time>
      </trkpt>
      <trkpt lat="46.321305" lon="11.500647">
        <ele>1286.692519</ele>
        <time>2026-08-21T08:06:18.068Z</time>
      </trkpt>
      <trkpt lat="46.321251" lon="11.500467">
        <ele>1287.666338</ele>
        <time>2026-08-21T08:06:21.460Z</time>
      </trkpt>
      <trkpt lat="46.321196" lon="11.500388">
        <ele>1288.222971</ele>
        <time>2026-08-21T08:06:23.133Z</time>
      </trkpt>
      <trkpt lat="46.320568" lon="11.499794">
        <ele>1293.612633</ele>
        <time>2026-08-21T08:06:41.330Z</time>
      </trkpt>
      <trkpt lat="46.320114" lon="11.498977">
        <ele>1299.292509</ele>
        <time>2026-08-21T08:06:58.688Z</time>
      </trkpt>
      <trkpt lat="46.320051" lon="11.498837">
        <ele>1300.206692</ele>
        <time>2026-08-21T08:07:01.642Z</time>
      </trkpt>
      <trkpt lat="46.320021" lon="11.498684">
        <ele>1301.076836</ele>
        <time>2026-08-21T08:07:04.500Z</time>
      </trkpt>
      <trkpt lat="46.320039" lon="11.498143">
        <ele>1304.040075</ele>
        <time>2026-08-21T08:07:15.159Z</time>
      </trkpt>
      <trkpt lat="46.320020" lon="11.497984">
        <ele>1304.922887</ele>
        <time>2026-08-21T08:07:18.541Z</time>
      </trkpt>
      <trkpt lat="46.319902" lon="11.497731">
        <ele>1306.593125</ele>
        <time>2026-08-21T08:07:25.217Z</time>
      </trkpt>
      <trkpt lat="46.319735" lon="11.497282">
        <ele>1309.668369</ele>
        <time>2026-08-21T08:07:36.839Z</time>
      </trkpt>
      <trkpt lat="46.319722" lon="11.496770">
        <ele>1313.300045</ele>
        <time>2026-08-21T08:07:49.073Z</time>
      </trkpt>
      <trkpt lat="46.319760" lon="11.496633">
        <ele>1314.346538</ele>
        <time>2026-08-21T08:07:52.634Z</time>
      </trkpt>
      <trkpt lat="46.319837" lon="11.496559">
        <ele>1315.295062</ele>
        <time>2026-08-21T08:07:55.925Z</time>
      </trkpt>
      <trkpt lat="46.319945" lon="11.496531">
        <ele>1316.421150</ele>
        <time>2026-08-21T08:07:59.781Z</time>
      </trkpt>
      <trkpt lat="46.320799" lon="11.496536">
        <ele>1325.186267</ele>
        <time>2026-08-21T08:08:29.056Z</time>
      </trkpt>
      <trkpt lat="46.321058" lon="11.496556">
        <ele>1327.955362</ele>
        <time>2026-08-21T08:08:37.324Z</time>
      </trkpt>
      <trkpt lat="46.321174" lon="11.496631">
        <ele>1329.403232</ele>
        <time>2026-08-21T08:08:41.305Z</time>
      </trkpt>
      <trkpt lat="46.321286" lon="11.496928">
        <ele>1332.066715</ele>
        <time>2026-08-21T08:08:48.819Z</time>
      </trkpt>
      <trkpt lat="46.321367" lon="11.497289">
        <ele>1335.054339</ele>
        <time>2026-08-21T08:08:57.514Z</time>
      </trkpt>
      <trkpt lat="46.321414" lon="11.497346">
        <ele>1335.753064</ele>
        <time>2026-08-21T08:08:59.544Z</time>
      </trkpt>
      <trkpt lat="46.321465" lon="11.497362">
        <ele>1336.347802</ele>
        <time>2026-08-21T08:09:01.306Z</time>
      </trkpt>
      <trkpt lat="46.321532" lon="11.497334">
        <ele>1337.142573</ele>
        <time>2026-08-21T08:09:03.702Z</time>
      </trkpt>
      <trkpt lat="46.321578" lon="11.497258">
        <ele>1337.937989</ele>
        <time>2026-08-21T08:09:06.061Z</time>
      </trkpt>
      <trkpt lat="46.321629" lon="11.496793">
        <ele>1341.643840</ele>
        <time>2026-08-21T08:09:17.591Z</time>
      </trkpt>
      <trkpt lat="46.321672" lon="11.496159">
        <ele>1346.658013</ele>
        <time>2026-08-21T08:09:35.357Z</time>
      </trkpt>
      <trkpt lat="46.321630" lon="11.495562">
        <ele>1352.200783</ele>
        <time>2026-08-21T08:09:54.410Z</time>
      </trkpt>
      <trkpt lat="46.321641" lon="11.495430">
        <ele>1353.461519</ele>
        <time>2026-08-21T08:09:58.679Z</time>
      </trkpt>
      <trkpt lat="46.321756" lon="11.494982">
        <ele>1357.993522</ele>
        <time>2026-08-21T08:10:13.802Z</time>
      </trkpt>
      <trkpt lat="46.321813" lon="11.494635">
        <ele>1361.375650</ele>
        <time>2026-08-21T08:10:24.778Z</time>
      </trkpt>
      <trkpt lat="46.321785" lon="11.494194">
        <ele>1365.574945</ele>
        <time>2026-08-21T08:10:37.900Z</time>
      </trkpt>
      <trkpt lat="46.321709" lon="11.493782">
        <ele>1369.618586</ele>
        <time>2026-08-21T08:10:49.681Z</time>
      </trkpt>
      <trkpt lat="46.321680" lon="11.493534">
        <ele>1372.003654</ele>
        <time>2026-08-21T08:10:56.273Z</time>
      </trkpt>
      <trkpt lat="46.321732" lon="11.492708">
        <ele>1378.824952</ele>
        <time>2026-08-21T08:11:16.606Z</time>
      </trkpt>
      <trkpt lat="46.321706" lon="11.492588">
        <ele>1379.857849</ele>
        <time>2026-08-21T08:11:19.581Z</time>
      </trkpt>
      <trkpt lat="46.321654" lon="11.492508">
        <ele>1380.760114</ele>
        <time>2026-08-21T08:11:22.219Z</time>
      </trkpt>
      <trkpt lat="46.321588" lon="11.492470">
        <ele>1381.604762</ele>
        <time>2026-08-21T08:11:24.787Z</time>
      </trkpt>
      <trkpt lat="46.321319" lon="11.492440">
        <ele>1384.813207</ele>
        <time>2026-08-21T08:11:35.133Z</time>
      </trkpt>
      <trkpt lat="46.321203" lon="11.492346">
        <ele>1386.394018</ele>
        <time>2026-08-21T08:11:40.401Z</time>
      </trkpt>
      <trkpt lat="46.321089" lon="11.492071">
        <ele>1389.028198</ele>
        <time>2026-08-21T08:11:49.172Z</time>
      </trkpt>
      <trkpt lat="46.321143" lon="11.491556">
        <ele>1393.306294</ele>
        <time>2026-08-21T08:12:02.919Z</time>
      </trkpt>
      <trkpt lat="46.321135" lon="11.491451">
        <ele>1394.153297</ele>
        <time>2026-08-21T08:12:05.646Z</time>
      </trkpt>
      <trkpt lat="46.321080" lon="11.491291">
        <ele>1395.578605</ele>
        <time>2026-08-21T08:12:10.307Z</time>
      </trkpt>
      <trkpt lat="46.320789" lon="11.490931">
        <ele>1399.998364</ele>
        <time>2026-08-21T08:12:24.683Z</time>
      </trkpt>
      <trkpt lat="46.320675" lon="11.490835">
        <ele>1401.521220</ele>
        <time>2026-08-21T08:12:29.641Z</time>
      </trkpt>
      <trkpt lat="46.320498" lon="11.490767">
        <ele>1403.635849</ele>
        <time>2026-08-21T08:12:36.605Z</time>
      </trkpt>
      <trkpt lat="46.320419" lon="11.490778">
        <ele>1404.552310</ele>
        <time>2026-08-21T08:12:39.648Z</time>
      </trkpt>
      <trkpt lat="46.320135" lon="11.490934">
        <ele>1408.059855</ele>
        <time>2026-08-21T08:12:51.306Z</time>
      </trkpt>
      <trkpt lat="46.319975" lon="11.490988">
        <ele>1409.956983</ele>
        <time>2026-08-21T08:12:57.404Z</time>
      </trkpt>
      <trkpt lat="46.319767" lon="11.490982">
        <ele>1412.359342</ele>
        <time>2026-08-21T08:13:04.867Z</time>
      </trkpt>
      <trkpt lat="46.319584" lon="11.490922">
        <ele>1414.465285</ele>
        <time>2026-08-21T08:13:11.064Z</time>
      </trkpt>
      <trkpt lat="46.319368" lon="11.490673">
        <ele>1416.991442</ele>
        <time>2026-08-21T08:13:19.884Z</time>
      </trkpt>
      <trkpt lat="46.319236" lon="11.490567">
        <ele>1418.372489</ele>
        <time>2026-08-21T08:13:24.604Z</time>
      </trkpt>
      <trkpt lat="46.318786" lon="11.490433">
        <ele>1422.575955</ele>
        <time>2026-08-21T08:13:39.083Z</time>
      </trkpt>
      <trkpt lat="46.318570" lon="11.490462">
        <ele>1424.560735</ele>
        <time>2026-08-21T08:13:46.185Z</time>
      </trkpt>
      <trkpt lat="46.318337" lon="11.490585">
        <ele>1426.829850</ele>
        <time>2026-08-21T08:13:54.437Z</time>
      </trkpt>
      <trkpt lat="46.318248" lon="11.490683">
        <ele>1427.852887</ele>
        <time>2026-08-21T08:13:58.041Z</time>
      </trkpt>
      <trkpt lat="46.318073" lon="11.490987">
        <ele>1430.353705</ele>
        <time>2026-08-21T08:14:06.065Z</time>
      </trkpt>
      <trkpt lat="46.317966" lon="11.491010">
        <ele>1430.916695</ele>
        <time>2026-08-21T08:14:08.893Z</time>
      </trkpt>
      <trkpt lat="46.317853" lon="11.490988">
        <ele>1431.278338</ele>
        <time>2026-08-21T08:14:11.651Z</time>
      </trkpt>
      <trkpt lat="46.317488" lon="11.490615">
        <ele>1432.695378</ele>
        <time>2026-08-21T08:14:20.933Z</time>
      </trkpt>
      <trkpt lat="46.317451" lon="11.490516">
        <ele>1432.941971</ele>
        <time>2026-08-21T08:14:22.416Z</time>
      </trkpt>
      <trkpt lat="46.317449" lon="11.490387">
        <ele>1433.224639</ele>
        <time>2026-08-21T08:14:24.065Z</time>
      </trkpt>
      <trkpt lat="46.317540" lon="11.490188">
        <ele>1433.747475</ele>
        <time>2026-08-21T08:14:26.911Z</time>
      </trkpt>
      <trkpt lat="46.317993" lon="11.489722">
        <ele>1435.510044</ele>
        <time>2026-08-21T08:14:34.215Z</time>
      </trkpt>
      <trkpt lat="46.318266" lon="11.489117">
        <ele>1436.484386</ele>
        <time>2026-08-21T08:14:37.690Z</time>
      </trkpt>
      <trkpt lat="46.318524" lon="11.488851">
        <ele>1436.612660</ele>
        <time>2026-08-21T08:14:39.751Z</time>
      </trkpt>
      <trkpt lat="46.318680" lon="11.488645">
        <ele>1436.698170</ele>
        <time>2026-08-21T08:14:41.251Z</time>
      </trkpt>
      <trkpt lat="46.318797" lon="11.488393">
        <ele>1436.783104</ele>
        <time>2026-08-21T08:14:42.915Z</time>
      </trkpt>
      <trkpt lat="46.318892" lon="11.488097">
        <ele>1436.874402</ele>
        <time>2026-08-21T08:14:45.088Z</time>
      </trkpt>
      <trkpt lat="46.318959" lon="11.487785">
        <ele>1436.965793</ele>
        <time>2026-08-21T08:14:47.764Z</time>
      </trkpt>
      <trkpt lat="46.319103" lon="11.486802">
        <ele>1438.276681</ele>
        <time>2026-08-21T08:14:58.523Z</time>
      </trkpt>
      <trkpt lat="46.319151" lon="11.486649">
        <ele>1438.716775</ele>
        <time>2026-08-21T08:15:00.632Z</time>
      </trkpt>
      <trkpt lat="46.319253" lon="11.486559">
        <ele>1439.169716</ele>
        <time>2026-08-21T08:15:02.867Z</time>
      </trkpt>
      <trkpt lat="46.319379" lon="11.486530">
        <ele>1439.653503</ele>
        <time>2026-08-21T08:15:05.342Z</time>
      </trkpt>
      <trkpt lat="46.319966" lon="11.486469">
        <ele>1441.885120</ele>
        <time>2026-08-21T08:15:17.191Z</time>
      </trkpt>
      <trkpt lat="46.321107" lon="11.486270">
        <ele>1445.004463</ele>
        <time>2026-08-21T08:15:38.160Z</time>
      </trkpt>
      <trkpt lat="46.321714" lon="11.486184">
        <ele>1446.071160</ele>
        <time>2026-08-21T08:15:45.754Z</time>
      </trkpt>
      <trkpt lat="46.322202" lon="11.486115">
        <ele>1446.928718</ele>
        <time>2026-08-21T08:15:50.286Z</time>
      </trkpt>
      <trkpt lat="46.322739" lon="11.486102">
        <ele>1446.697570</ele>
        <time>2026-08-21T08:15:54.369Z</time>
      </trkpt>
      <trkpt lat="46.323180" lon="11.486217">
        <ele>1446.302406</ele>
        <time>2026-08-21T08:15:57.591Z</time>
      </trkpt>
      <trkpt lat="46.323409" lon="11.486244">
        <ele>1446.099787</ele>
        <time>2026-08-21T08:15:59.334Z</time>
      </trkpt>
      <trkpt lat="46.324604" lon="11.486020">
        <ele>1445.160678</ele>
        <time>2026-08-21T08:16:08.055Z</time>
      </trkpt>
      <trkpt lat="46.324842" lon="11.485892">
        <ele>1444.996058</ele>
        <time>2026-08-21T08:16:09.856Z</time>
      </trkpt>
      <trkpt lat="46.325125" lon="11.485647">
        <ele>1444.782268</ele>
        <time>2026-08-21T08:16:12.215Z</time>
      </trkpt>
      <trkpt lat="46.325241" lon="11.485512">
        <ele>1444.685773</ele>
        <time>2026-08-21T08:16:13.287Z</time>
      </trkpt>
      <trkpt lat="46.326209" lon="11.484795">
        <ele>1444.385865</ele>
        <time>2026-08-21T08:16:23.840Z</time>
      </trkpt>
      <trkpt lat="46.326323" lon="11.484777">
        <ele>1444.395948</ele>
        <time>2026-08-21T08:16:25.393Z</time>
      </trkpt>
      <trkpt lat="46.326686" lon="11.484880">
        <ele>1444.428473</ele>
        <time>2026-08-21T08:16:29.936Z</time>
      </trkpt>
      <trkpt lat="46.326815" lon="11.484852">
        <ele>1444.439943</ele>
        <time>2026-08-21T08:16:31.190Z</time>
      </trkpt>
      <trkpt lat="46.327224" lon="11.484499">
        <ele>1444.481809</ele>
        <time>2026-08-21T08:16:34.992Z</time>
      </trkpt>
      <trkpt lat="46.327344" lon="11.484345">
        <ele>1444.483743</ele>
        <time>2026-08-21T08:16:36.141Z</time>
      </trkpt>
      <trkpt lat="46.327387" lon="11.484241">
        <ele>1444.150381</ele>
        <time>2026-08-21T08:16:36.716Z</time>
      </trkpt>
      <trkpt lat="46.327340" lon="11.484189">
        <ele>1443.914823</ele>
        <time>2026-08-21T08:16:40.586Z</time>
      </trkpt>
      <trkpt lat="46.327289" lon="11.484114">
        <ele>1443.625345</ele>
        <time>2026-08-21T08:16:45.340Z</time>
      </trkpt>
      <trkpt lat="46.326986" lon="11.484022">
        <ele>1442.392384</ele>
        <time>2026-08-21T08:17:04.780Z</time>
      </trkpt>
      <trkpt lat="46.326359" lon="11.484061">
        <ele>1439.893003</ele>
        <time>2026-08-21T08:17:41.498Z</time>
      </trkpt>
      <trkpt lat="46.326374" lon="11.483832">
        <ele>1439.260387</ele>
        <time>2026-08-21T08:17:50.464Z</time>
      </trkpt>
      <trkpt lat="46.326268" lon="11.483842">
        <ele>1438.837339</ele>
        <time>2026-08-21T08:17:51.045Z</time>
      </trkpt>
      <trkpt lat="46.325561" lon="11.484213">
        <ele>1435.270513</ele>
        <time>2026-08-21T08:17:55.221Z</time>
      </trkpt>
      <trkpt lat="46.324151" lon="11.484257">
        <ele>1427.497517</ele>
        <time>2026-08-21T08:18:03.031Z</time>
      </trkpt>
      <trkpt lat="46.323735" lon="11.484408">
        <ele>1425.500574</ele>
        <time>2026-08-21T08:18:05.534Z</time>
      </trkpt>
      <trkpt lat="46.322802" lon="11.484238">
        <ele>1421.149560</ele>
        <time>2026-08-21T08:18:11.036Z</time>
      </trkpt>
      <trkpt lat="46.322582" lon="11.484262">
        <ele>1420.128740</ele>
        <time>2026-08-21T08:18:12.298Z</time>
      </trkpt>
      <trkpt lat="46.322362" lon="11.484350">
        <ele>1419.065666</ele>
        <time>2026-08-21T08:18:13.589Z</time>
      </trkpt>
      <trkpt lat="46.322188" lon="11.484331">
        <ele>1418.024712</ele>
        <time>2026-08-21T08:18:14.566Z</time>
      </trkpt>
      <trkpt lat="46.320973" lon="11.483772">
        <ele>1410.419482</ele>
        <time>2026-08-21T08:18:21.542Z</time>
      </trkpt>
      <trkpt lat="46.320312" lon="11.483143">
        <ele>1406.058781</ele>
        <time>2026-08-21T08:18:25.873Z</time>
      </trkpt>
      <trkpt lat="46.319684" lon="11.482231">
        <ele>1401.464963</ele>
        <time>2026-08-21T08:18:30.847Z</time>
      </trkpt>
      <trkpt lat="46.318989" lon="11.481097">
        <ele>1396.863275</ele>
        <time>2026-08-21T08:18:37.037Z</time>
      </trkpt>
      <trkpt lat="46.318332" lon="11.480214">
        <ele>1393.469512</ele>
        <time>2026-08-21T08:18:42.464Z</time>
      </trkpt>
      <trkpt lat="46.317644" lon="11.479548">
        <ele>1389.230176</ele>
        <time>2026-08-21T08:18:47.264Z</time>
      </trkpt>
      <trkpt lat="46.317198" lon="11.479019">
        <ele>1385.797410</ele>
        <time>2026-08-21T08:18:50.386Z</time>
      </trkpt>
      <trkpt lat="46.316615" lon="11.477790">
        <ele>1379.793307</ele>
        <time>2026-08-21T08:18:55.942Z</time>
      </trkpt>
      <trkpt lat="46.316448" lon="11.477404">
        <ele>1378.046068</ele>
        <time>2026-08-21T08:18:57.668Z</time>
      </trkpt>
      <trkpt lat="46.316365" lon="11.477236">
        <ele>1377.253705</ele>
        <time>2026-08-21T08:18:58.459Z</time>
      </trkpt>
      <trkpt lat="46.315844" lon="11.476134">
        <ele>1372.130813</ele>
        <time>2026-08-21T08:19:03.697Z</time>
      </trkpt>
      <trkpt lat="46.315150" lon="11.474673">
        <ele>1367.286700</ele>
        <time>2026-08-21T08:19:10.697Z</time>
      </trkpt>
      <trkpt lat="46.314946" lon="11.473842">
        <ele>1364.965069</ele>
        <time>2026-08-21T08:19:14.472Z</time>
      </trkpt>
      <trkpt lat="46.314619" lon="11.471929">
        <ele>1360.722653</ele>
        <time>2026-08-21T08:19:23.872Z</time>
      </trkpt>
      <trkpt lat="46.314553" lon="11.471748">
        <ele>1360.287045</ele>
        <time>2026-08-21T08:19:24.699Z</time>
      </trkpt>
      <trkpt lat="46.314261" lon="11.471520">
        <ele>1359.264774</ele>
        <time>2026-08-21T08:19:26.578Z</time>
      </trkpt>
      <trkpt lat="46.313454" lon="11.470980">
        <ele>1351.026664</ele>
        <time>2026-08-21T08:19:31.275Z</time>
      </trkpt>
      <trkpt lat="46.313357" lon="11.470988">
        <ele>1350.105123</ele>
        <time>2026-08-21T08:19:31.774Z</time>
      </trkpt>
      <trkpt lat="46.313284" lon="11.470994">
        <ele>1349.411600</ele>
        <time>2026-08-21T08:19:32.150Z</time>
      </trkpt>
      <trkpt lat="46.312901" lon="11.471234">
        <ele>1345.453149</ele>
        <time>2026-08-21T08:19:34.270Z</time>
      </trkpt>
      <trkpt lat="46.312802" lon="11.471231">
        <ele>1344.513924</ele>
        <time>2026-08-21T08:19:34.772Z</time>
      </trkpt>
      <trkpt lat="46.312725" lon="11.471160">
        <ele>1343.648025</ele>
        <time>2026-08-21T08:19:35.237Z</time>
      </trkpt>
      <trkpt lat="46.312636" lon="11.470713">
        <ele>1340.497959</ele>
        <time>2026-08-21T08:19:36.866Z</time>
      </trkpt>
      <trkpt lat="46.312484" lon="11.470366">
        <ele>1337.623695</ele>
        <time>2026-08-21T08:19:38.307Z</time>
      </trkpt>
      <trkpt lat="46.312500" lon="11.469825">
        <ele>1333.835861</ele>
        <time>2026-08-21T08:19:40.213Z</time>
      </trkpt>
      <trkpt lat="46.312453" lon="11.469675">
        <ele>1332.683678</ele>
        <time>2026-08-21T08:19:40.801Z</time>
      </trkpt>
      <trkpt lat="46.312285" lon="11.469450">
        <ele>1330.365949</ele>
        <time>2026-08-21T08:19:41.984Z</time>
      </trkpt>
      <trkpt lat="46.312276" lon="11.469239">
        <ele>1328.887159</ele>
        <time>2026-08-21T08:19:42.750Z</time>
      </trkpt>
      <trkpt lat="46.312260" lon="11.468841">
        <ele>1326.098373</ele>
        <time>2026-08-21T08:19:44.216Z</time>
      </trkpt>
      <trkpt lat="46.312163" lon="11.468362">
        <ele>1322.514289</ele>
        <time>2026-08-21T08:19:46.064Z</time>
      </trkpt>
      <trkpt lat="46.312296" lon="11.467303">
        <ele>1314.445463</ele>
        <time>2026-08-21T08:19:49.903Z</time>
      </trkpt>
      <trkpt lat="46.312250" lon="11.467113">
        <ele>1312.936194</ele>
        <time>2026-08-21T08:19:50.619Z</time>
      </trkpt>
      <trkpt lat="46.311960" lon="11.466882">
        <ele>1309.343928</ele>
        <time>2026-08-21T08:19:52.299Z</time>
      </trkpt>
      <trkpt lat="46.311856" lon="11.466705">
        <ele>1307.601936</ele>
        <time>2026-08-21T08:19:53.109Z</time>
      </trkpt>
      <trkpt lat="46.311817" lon="11.466466">
        <ele>1305.760970</ele>
        <time>2026-08-21T08:19:53.961Z</time>
      </trkpt>
      <trkpt lat="46.311917" lon="11.465161">
        <ele>1297.260042</ele>
        <time>2026-08-21T08:19:58.517Z</time>
      </trkpt>
      <trkpt lat="46.311837" lon="11.464257">
        <ele>1291.511957</ele>
        <time>2026-08-21T08:20:01.913Z</time>
      </trkpt>
      <trkpt lat="46.311907" lon="11.464075">
        <ele>1290.198139</ele>
        <time>2026-08-21T08:20:02.727Z</time>
      </trkpt>
      <trkpt lat="46.312251" lon="11.463516">
        <ele>1285.905862</ele>
        <time>2026-08-21T08:20:05.712Z</time>
      </trkpt>
      <trkpt lat="46.312336" lon="11.463290">
        <ele>1284.564458</ele>
        <time>2026-08-21T08:20:06.724Z</time>
      </trkpt>
      <trkpt lat="46.312334" lon="11.463097">
        <ele>1283.558286</ele>
        <time>2026-08-21T08:20:07.476Z</time>
      </trkpt>
      <trkpt lat="46.312272" lon="11.462944">
        <ele>1282.633615</ele>
        <time>2026-08-21T08:20:08.163Z</time>
      </trkpt>
      <trkpt lat="46.311955" lon="11.462611">
        <ele>1279.677880</ele>
        <time>2026-08-21T08:20:10.288Z</time>
      </trkpt>
      <trkpt lat="46.311442" lon="11.462438">
        <ele>1275.702751</ele>
        <time>2026-08-21T08:20:13.018Z</time>
      </trkpt>
      <trkpt lat="46.311220" lon="11.462403">
        <ele>1273.822936</ele>
        <time>2026-08-21T08:20:14.162Z</time>
      </trkpt>
      <trkpt lat="46.310887" lon="11.462479">
        <ele>1269.907425</ele>
        <time>2026-08-21T08:20:15.872Z</time>
      </trkpt>
      <trkpt lat="46.310783" lon="11.462479">
        <ele>1268.699480</ele>
        <time>2026-08-21T08:20:16.395Z</time>
      </trkpt>
      <trkpt lat="46.310633" lon="11.462390">
        <ele>1266.816607</ele>
        <time>2026-08-21T08:20:17.213Z</time>
      </trkpt>
      <trkpt lat="46.310355" lon="11.461994">
        <ele>1262.286720</ele>
        <time>2026-08-21T08:20:19.186Z</time>
      </trkpt>
      <trkpt lat="46.310216" lon="11.461946">
        <ele>1260.626961</ele>
        <time>2026-08-21T08:20:19.912Z</time>
      </trkpt>
      <trkpt lat="46.310124" lon="11.461966">
        <ele>1259.546414</ele>
        <time>2026-08-21T08:20:20.384Z</time>
      </trkpt>
      <trkpt lat="46.310011" lon="11.462043">
        <ele>1258.095814</ele>
        <time>2026-08-21T08:20:21.017Z</time>
      </trkpt>
      <trkpt lat="46.309653" lon="11.462741">
        <ele>1251.362587</ele>
        <time>2026-08-21T08:20:24.092Z</time>
      </trkpt>
      <trkpt lat="46.309556" lon="11.462859">
        <ele>1250.041343</ele>
        <time>2026-08-21T08:20:24.743Z</time>
      </trkpt>
      <trkpt lat="46.309293" lon="11.462970">
        <ele>1247.184564</ele>
        <time>2026-08-21T08:20:26.148Z</time>
      </trkpt>
      <trkpt lat="46.309263" lon="11.462960">
        <ele>1246.863534</ele>
        <time>2026-08-21T08:20:26.304Z</time>
      </trkpt>
      <trkpt lat="46.309065" lon="11.462889">
        <ele>1244.736362</ele>
        <time>2026-08-21T08:20:27.343Z</time>
      </trkpt>
      <trkpt lat="46.308965" lon="11.462801">
        <ele>1243.515996</ele>
        <time>2026-08-21T08:20:27.945Z</time>
      </trkpt>
      <trkpt lat="46.308888" lon="11.462687">
        <ele>1242.367469</ele>
        <time>2026-08-21T08:20:28.512Z</time>
      </trkpt>
      <trkpt lat="46.308684" lon="11.462157">
        <ele>1237.996947</ele>
        <time>2026-08-21T08:20:30.681Z</time>
      </trkpt>
      <trkpt lat="46.308616" lon="11.461915">
        <ele>1236.114997</ele>
        <time>2026-08-21T08:20:31.615Z</time>
      </trkpt>
      <trkpt lat="46.308408" lon="11.461641">
        <ele>1233.294310</ele>
        <time>2026-08-21T08:20:33.072Z</time>
      </trkpt>
      <trkpt lat="46.308159" lon="11.461312">
        <ele>1230.032979</ele>
        <time>2026-08-21T08:20:34.826Z</time>
      </trkpt>
      <trkpt lat="46.307818" lon="11.460790">
        <ele>1225.231831</ele>
        <time>2026-08-21T08:20:37.401Z</time>
      </trkpt>
      <trkpt lat="46.307695" lon="11.460124">
        <ele>1220.624841</ele>
        <time>2026-08-21T08:20:39.884Z</time>
      </trkpt>
      <trkpt lat="46.307577" lon="11.459898">
        <ele>1218.731671</ele>
        <time>2026-08-21T08:20:40.892Z</time>
      </trkpt>
      <trkpt lat="46.307265" lon="11.459522">
        <ele>1214.545456</ele>
        <time>2026-08-21T08:20:42.978Z</time>
      </trkpt>
      <trkpt lat="46.307148" lon="11.459318">
        <ele>1212.591968</ele>
        <time>2026-08-21T08:20:43.925Z</time>
      </trkpt>
      <trkpt lat="46.306562" lon="11.458676">
        <ele>1204.753926</ele>
        <time>2026-08-21T08:20:47.690Z</time>
      </trkpt>
      <trkpt lat="46.306498" lon="11.458608">
        <ele>1203.907209</ele>
        <time>2026-08-21T08:20:48.094Z</time>
      </trkpt>
      <trkpt lat="46.306233" lon="11.458446">
        <ele>1200.839181</ele>
        <time>2026-08-21T08:20:49.558Z</time>
      </trkpt>
      <trkpt lat="46.306170" lon="11.458439">
        <ele>1200.165283</ele>
        <time>2026-08-21T08:20:49.881Z</time>
      </trkpt>
      <trkpt lat="46.305828" lon="11.458370">
        <ele>1196.704339</ele>
        <time>2026-08-21T08:20:51.646Z</time>
      </trkpt>
      <trkpt lat="46.305544" lon="11.458205">
        <ele>1193.875486</ele>
        <time>2026-08-21T08:20:53.228Z</time>
      </trkpt>
      <trkpt lat="46.305369" lon="11.458013">
        <ele>1191.845644</ele>
        <time>2026-08-21T08:20:54.372Z</time>
      </trkpt>
      <trkpt lat="46.305321" lon="11.457960">
        <ele>1191.287584</ele>
        <time>2026-08-21T08:20:54.686Z</time>
      </trkpt>
      <trkpt lat="46.305242" lon="11.457722">
        <ele>1189.601394</ele>
        <time>2026-08-21T08:20:55.627Z</time>
      </trkpt>
      <trkpt lat="46.305134" lon="11.457010">
        <ele>1184.946303</ele>
        <time>2026-08-21T08:20:58.243Z</time>
      </trkpt>
      <trkpt lat="46.305055" lon="11.456783">
        <ele>1183.323138</ele>
        <time>2026-08-21T08:20:59.183Z</time>
      </trkpt>
      <trkpt lat="46.304865" lon="11.456656">
        <ele>1181.410888</ele>
        <time>2026-08-21T08:21:00.323Z</time>
      </trkpt>
      <trkpt lat="46.304724" lon="11.456652">
        <ele>1180.327437</ele>
        <time>2026-08-21T08:21:01.083Z</time>
      </trkpt>
      <trkpt lat="46.304486" lon="11.456605">
        <ele>1178.482048</ele>
        <time>2026-08-21T08:21:02.373Z</time>
      </trkpt>
      <trkpt lat="46.304078" lon="11.456439">
        <ele>1175.226095</ele>
        <time>2026-08-21T08:21:04.641Z</time>
      </trkpt>
      <trkpt lat="46.303991" lon="11.456400">
        <ele>1174.526395</ele>
        <time>2026-08-21T08:21:05.127Z</time>
      </trkpt>
      <trkpt lat="46.303631" lon="11.456233">
        <ele>1171.622117</ele>
        <time>2026-08-21T08:21:10.778Z</time>
      </trkpt>
      <trkpt lat="46.303325" lon="11.456000">
        <ele>1168.965835</ele>
        <time>2026-08-21T08:21:16.041Z</time>
      </trkpt>
      <trkpt lat="46.303254" lon="11.455932">
        <ele>1168.311784</ele>
        <time>2026-08-21T08:21:17.375Z</time>
      </trkpt>
      <trkpt lat="46.303164" lon="11.455892">
        <ele>1167.657335</ele>
        <time>2026-08-21T08:21:18.852Z</time>
      </trkpt>
      <trkpt lat="46.302891" lon="11.455823">
        <ele>1166.814027</ele>
        <time>2026-08-21T08:21:23.176Z</time>
      </trkpt>
      <trkpt lat="46.302725" lon="11.455816">
        <ele>1166.308675</ele>
        <time>2026-08-21T08:21:25.761Z</time>
      </trkpt>
      <trkpt lat="46.302669" lon="11.455700">
        <ele>1166.011173</ele>
        <time>2026-08-21T08:21:27.284Z</time>
      </trkpt>
      <trkpt lat="46.302667" lon="11.455574">
        <ele>1165.746220</ele>
        <time>2026-08-21T08:21:28.662Z</time>
      </trkpt>
      <trkpt lat="46.302715" lon="11.455484">
        <ele>1165.507196</ele>
        <time>2026-08-21T08:21:29.962Z</time>
      </trkpt>
      <trkpt lat="46.303020" lon="11.455296">
        <ele>1164.498435</ele>
        <time>2026-08-21T08:21:35.841Z</time>
      </trkpt>
      <trkpt lat="46.303123" lon="11.455138">
        <ele>1164.041747</ele>
        <time>2026-08-21T08:21:36.827Z</time>
      </trkpt>
      <trkpt lat="46.303189" lon="11.454958">
        <ele>1163.613350</ele>
        <time>2026-08-21T08:21:37.900Z</time>
      </trkpt>
      <trkpt lat="46.303205" lon="11.454757">
        <ele>1163.188006</ele>
        <time>2026-08-21T08:21:39.331Z</time>
      </trkpt>
      <trkpt lat="46.303180" lon="11.454598">
        <ele>1162.845203</ele>
        <time>2026-08-21T08:21:40.762Z</time>
      </trkpt>
      <trkpt lat="46.303164" lon="11.454493">
        <ele>1162.619162</ele>
        <time>2026-08-21T08:21:41.699Z</time>
      </trkpt>
      <trkpt lat="46.303129" lon="11.454403">
        <ele>1162.402044</ele>
        <time>2026-08-21T08:21:42.866Z</time>
      </trkpt>
      <trkpt lat="46.303030" lon="11.454256">
        <ele>1162.198389</ele>
        <time>2026-08-21T08:21:45.249Z</time>
      </trkpt>
      <trkpt lat="46.302597" lon="11.453712">
        <ele>1161.990530</ele>
        <time>2026-08-21T08:21:53.004Z</time>
      </trkpt>
      <trkpt lat="46.302225" lon="11.453279">
        <ele>1161.817473</ele>
        <time>2026-08-21T08:21:58.079Z</time>
      </trkpt>
      <trkpt lat="46.302045" lon="11.453211">
        <ele>1161.750031</ele>
        <time>2026-08-21T08:21:59.348Z</time>
      </trkpt>
      <trkpt lat="46.301612" lon="11.453169">
        <ele>1161.592702</ele>
        <time>2026-08-21T08:22:02.058Z</time>
      </trkpt>
      <trkpt lat="46.301394" lon="11.453252">
        <ele>1160.469212</ele>
        <time>2026-08-21T08:22:03.391Z</time>
      </trkpt>
      <trkpt lat="46.301261" lon="11.453314">
        <ele>1159.620977</ele>
        <time>2026-08-21T08:22:04.199Z</time>
      </trkpt>
      <trkpt lat="46.301182" lon="11.453308">
        <ele>1159.140736</ele>
        <time>2026-08-21T08:22:04.652Z</time>
      </trkpt>
      <trkpt lat="46.301125" lon="11.453279">
        <ele>1158.773956</ele>
        <time>2026-08-21T08:22:04.995Z</time>
      </trkpt>
      <trkpt lat="46.301014" lon="11.453140">
        <ele>1157.882937</ele>
        <time>2026-08-21T08:22:05.821Z</time>
      </trkpt>
      <trkpt lat="46.300492" lon="11.451904">
        <ele>1151.807248</ele>
        <time>2026-08-21T08:22:11.279Z</time>
      </trkpt>
      <trkpt lat="46.300356" lon="11.451706">
        <ele>1150.620686</ele>
        <time>2026-08-21T08:22:12.293Z</time>
      </trkpt>
      <trkpt lat="46.300249" lon="11.451663">
        <ele>1149.468916</ele>
        <time>2026-08-21T08:22:12.871Z</time>
      </trkpt>
      <trkpt lat="46.300137" lon="11.451689">
        <ele>1148.292422</ele>
        <time>2026-08-21T08:22:13.463Z</time>
      </trkpt>
      <trkpt lat="46.300036" lon="11.451792">
        <ele>1147.010968</ele>
        <time>2026-08-21T08:22:14.100Z</time>
      </trkpt>
      <trkpt lat="46.299780" lon="11.452397">
        <ele>1141.927199</ele>
        <time>2026-08-21T08:22:16.603Z</time>
      </trkpt>
      <trkpt lat="46.299741" lon="11.452541">
        <ele>1140.818876</ele>
        <time>2026-08-21T08:22:17.146Z</time>
      </trkpt>
      <trkpt lat="46.299320" lon="11.453729">
        <ele>1131.374352</ele>
        <time>2026-08-21T08:22:21.851Z</time>
      </trkpt>
      <trkpt lat="46.299214" lon="11.454272">
        <ele>1127.992660</ele>
        <time>2026-08-21T08:22:23.874Z</time>
      </trkpt>
      <trkpt lat="46.299162" lon="11.454803">
        <ele>1124.778480</ele>
        <time>2026-08-21T08:22:25.821Z</time>
      </trkpt>
      <trkpt lat="46.298883" lon="11.457400">
        <ele>1110.168090</ele>
        <time>2026-08-21T08:22:35.478Z</time>
      </trkpt>
      <trkpt lat="46.298863" lon="11.457532">
        <ele>1109.483511</ele>
        <time>2026-08-21T08:22:35.974Z</time>
      </trkpt>
      <trkpt lat="46.298785" lon="11.457702">
        <ele>1108.449713</ele>
        <time>2026-08-21T08:22:36.724Z</time>
      </trkpt>
      <trkpt lat="46.298669" lon="11.457752">
        <ele>1107.562259</ele>
        <time>2026-08-21T08:22:37.370Z</time>
      </trkpt>
      <trkpt lat="46.298608" lon="11.457703">
        <ele>1107.050727</ele>
        <time>2026-08-21T08:22:37.744Z</time>
      </trkpt>
      <trkpt lat="46.298529" lon="11.457639">
        <ele>1106.386918</ele>
        <time>2026-08-21T08:22:38.230Z</time>
      </trkpt>
      <trkpt lat="46.298058" lon="11.456656">
        <ele>1100.910135</ele>
        <time>2026-08-21T08:22:42.727Z</time>
      </trkpt>
      <trkpt lat="46.297927" lon="11.456097">
        <ele>1098.524284</ele>
        <time>2026-08-21T08:22:44.997Z</time>
      </trkpt>
      <trkpt lat="46.297731" lon="11.454879">
        <ele>1093.469477</ele>
        <time>2026-08-21T08:22:49.808Z</time>
      </trkpt>
      <trkpt lat="46.297662" lon="11.454719">
        <ele>1092.707132</ele>
        <time>2026-08-21T08:22:50.534Z</time>
      </trkpt>
      <trkpt lat="46.297553" lon="11.454689">
        <ele>1092.059441</ele>
        <time>2026-08-21T08:22:51.148Z</time>
      </trkpt>
      <trkpt lat="46.297490" lon="11.454722">
        <ele>1091.668357</ele>
        <time>2026-08-21T08:22:51.522Z</time>
      </trkpt>
      <trkpt lat="46.297409" lon="11.454891">
        <ele>1090.838842</ele>
        <time>2026-08-21T08:22:52.307Z</time>
      </trkpt>
      <trkpt lat="46.297301" lon="11.455906">
        <ele>1086.697092</ele>
        <time>2026-08-21T08:22:56.238Z</time>
      </trkpt>
      <trkpt lat="46.297069" lon="11.457496">
        <ele>1079.964296</ele>
        <time>2026-08-21T08:23:02.425Z</time>
      </trkpt>
      <trkpt lat="46.297013" lon="11.457664">
        <ele>1079.146314</ele>
        <time>2026-08-21T08:23:03.136Z</time>
      </trkpt>
      <trkpt lat="46.296899" lon="11.457818">
        <ele>1078.156562</ele>
        <time>2026-08-21T08:23:03.990Z</time>
      </trkpt>
      <trkpt lat="46.296774" lon="11.457920">
        <ele>1077.245783</ele>
        <time>2026-08-21T08:23:04.778Z</time>
      </trkpt>
      <trkpt lat="46.296606" lon="11.457916">
        <ele>1076.179343</ele>
        <time>2026-08-21T08:23:05.694Z</time>
      </trkpt>
      <trkpt lat="46.296522" lon="11.457858">
        <ele>1075.588633</ele>
        <time>2026-08-21T08:23:06.202Z</time>
      </trkpt>
      <trkpt lat="46.296448" lon="11.457766">
        <ele>1074.969466</ele>
        <time>2026-08-21T08:23:06.731Z</time>
      </trkpt>
      <trkpt lat="46.296347" lon="11.457551">
        <ele>1073.829337</ele>
        <time>2026-08-21T08:23:07.704Z</time>
      </trkpt>
      <trkpt lat="46.296258" lon="11.457131">
        <ele>1071.902825</ele>
        <time>2026-08-21T08:23:09.348Z</time>
      </trkpt>
      <trkpt lat="46.296176" lon="11.456458">
        <ele>1068.993195</ele>
        <time>2026-08-21T08:23:11.910Z</time>
      </trkpt>
      <trkpt lat="46.296022" lon="11.455779">
        <ele>1066.005485</ele>
        <time>2026-08-21T08:23:14.601Z</time>
      </trkpt>
      <trkpt lat="46.295938" lon="11.455440">
        <ele>1064.499848</ele>
        <time>2026-08-21T08:23:15.960Z</time>
      </trkpt>
      <trkpt lat="46.295569" lon="11.454171">
        <ele>1058.404481</ele>
        <time>2026-08-21T08:23:21.298Z</time>
      </trkpt>
      <trkpt lat="46.295397" lon="11.453578">
        <ele>1054.920991</ele>
        <time>2026-08-21T08:23:23.749Z</time>
      </trkpt>
      <trkpt lat="46.295216" lon="11.453307">
        <ele>1052.879445</ele>
        <time>2026-08-21T08:23:25.149Z</time>
      </trkpt>
      <trkpt lat="46.295036" lon="11.453275">
        <ele>1051.457775</ele>
        <time>2026-08-21T08:23:26.111Z</time>
      </trkpt>
      <trkpt lat="46.294907" lon="11.453340">
        <ele>1050.386976</ele>
        <time>2026-08-21T08:23:26.829Z</time>
      </trkpt>
      <trkpt lat="46.294785" lon="11.453501">
        <ele>1049.092695</ele>
        <time>2026-08-21T08:23:27.688Z</time>
      </trkpt>
      <trkpt lat="46.294729" lon="11.453704">
        <ele>1047.908745</ele>
        <time>2026-08-21T08:23:28.473Z</time>
      </trkpt>
      <trkpt lat="46.294703" lon="11.454083">
        <ele>1045.845789</ele>
        <time>2026-08-21T08:23:29.827Z</time>
      </trkpt>
      <trkpt lat="46.294717" lon="11.455039">
        <ele>1039.208157</ele>
        <time>2026-08-21T08:23:33.193Z</time>
      </trkpt>
      <trkpt lat="46.294577" lon="11.455688">
        <ele>1034.477737</ele>
        <time>2026-08-21T08:23:35.615Z</time>
      </trkpt>
      <trkpt lat="46.294175" lon="11.457069">
        <ele>1024.780820</ele>
        <time>2026-08-21T08:23:41.010Z</time>
      </trkpt>
      <trkpt lat="46.294057" lon="11.457372">
        <ele>1022.847275</ele>
        <time>2026-08-21T08:23:42.264Z</time>
      </trkpt>
      <trkpt lat="46.293941" lon="11.457539">
        <ele>1021.530873</ele>
        <time>2026-08-21T08:23:43.123Z</time>
      </trkpt>
      <trkpt lat="46.293802" lon="11.457646">
        <ele>1020.264184</ele>
        <time>2026-08-21T08:23:43.951Z</time>
      </trkpt>
      <trkpt lat="46.293611" lon="11.457662">
        <ele>1018.724906</ele>
        <time>2026-08-21T08:23:44.962Z</time>
      </trkpt>
      <trkpt lat="46.293393" lon="11.457496">
        <ele>1016.743011</ele>
        <time>2026-08-21T08:23:46.280Z</time>
      </trkpt>
      <trkpt lat="46.293344" lon="11.457423">
        <ele>1016.177226</ele>
        <time>2026-08-21T08:23:46.654Z</time>
      </trkpt>
      <trkpt lat="46.293288" lon="11.457249">
        <ele>1015.110137</ele>
        <time>2026-08-21T08:23:47.366Z</time>
      </trkpt>
      <trkpt lat="46.293260" lon="11.457065">
        <ele>1014.062725</ele>
        <time>2026-08-21T08:23:48.063Z</time>
      </trkpt>
      <trkpt lat="46.293213" lon="11.456215">
        <ele>1011.386524</ele>
        <time>2026-08-21T08:23:51.285Z</time>
      </trkpt>
      <trkpt lat="46.293144" lon="11.456051">
        <ele>1010.885972</ele>
        <time>2026-08-21T08:23:52.067Z</time>
      </trkpt>
      <trkpt lat="46.293011" lon="11.455999">
        <ele>1010.366198</ele>
        <time>2026-08-21T08:23:52.907Z</time>
      </trkpt>
      <trkpt lat="46.292899" lon="11.456025">
        <ele>1009.938240</ele>
        <time>2026-08-21T08:23:53.612Z</time>
      </trkpt>
      <trkpt lat="46.292844" lon="11.455944">
        <ele>1009.642188</ele>
        <time>2026-08-21T08:23:54.107Z</time>
      </trkpt>
      <trkpt lat="46.292767" lon="11.455966">
        <ele>1009.346073</ele>
        <time>2026-08-21T08:23:54.605Z</time>
      </trkpt>
      <trkpt lat="46.292743" lon="11.456013">
        <ele>1009.193720</ele>
        <time>2026-08-21T08:23:54.862Z</time>
      </trkpt>
      <trkpt lat="46.292620" lon="11.455919">
        <ele>1008.668935</ele>
        <time>2026-08-21T08:23:55.748Z</time>
      </trkpt>
      <trkpt lat="46.292485" lon="11.455818">
        <ele>1008.095572</ele>
        <time>2026-08-21T08:23:56.717Z</time>
      </trkpt>
      <trkpt lat="46.291944" lon="11.455452">
        <ele>1006.159608</ele>
        <time>2026-08-21T08:24:00.534Z</time>
      </trkpt>
      <trkpt lat="46.290700" lon="11.454702">
        <ele>1003.851394</ele>
        <time>2026-08-21T08:24:09.777Z</time>
      </trkpt>
      <trkpt lat="46.290097" lon="11.454324">
        <ele>1002.856125</ele>
        <time>2026-08-21T08:24:14.300Z</time>
      </trkpt>
      <trkpt lat="46.289913" lon="11.454116">
        <ele>1002.540692</ele>
        <time>2026-08-21T08:24:15.905Z</time>
      </trkpt>
      <trkpt lat="46.289690" lon="11.453742">
        <ele>1002.079531</ele>
        <time>2026-08-21T08:24:18.258Z</time>
      </trkpt>
      <trkpt lat="46.289358" lon="11.452744">
        <ele>1001.045500</ele>
        <time>2026-08-21T08:24:23.726Z</time>
      </trkpt>
      <trkpt lat="46.288969" lon="11.451520">
        <ele>1000.359160</ele>
        <time>2026-08-21T08:24:30.445Z</time>
      </trkpt>
      <trkpt lat="46.288919" lon="11.451249">
        <ele>1000.230317</ele>
        <time>2026-08-21T08:24:31.907Z</time>
      </trkpt>
      <trkpt lat="46.288894" lon="11.450955">
        <ele>1000.094251</ele>
        <time>2026-08-21T08:24:33.490Z</time>
      </trkpt>
      <trkpt lat="46.288900" lon="11.450667">
        <ele>999.961899</ele>
        <time>2026-08-21T08:24:35.070Z</time>
      </trkpt>
      <trkpt lat="46.288938" lon="11.450380">
        <ele>999.827669</ele>
        <time>2026-08-21T08:24:36.710Z</time>
      </trkpt>
      <trkpt lat="46.289333" lon="11.448858">
        <ele>1000.341288</ele>
        <time>2026-08-21T08:24:48.014Z</time>
      </trkpt>
      <trkpt lat="46.289392" lon="11.448552">
        <ele>1000.484490</ele>
        <time>2026-08-21T08:24:50.447Z</time>
      </trkpt>
      <trkpt lat="46.289395" lon="11.448470">
        <ele>1000.521505</ele>
        <time>2026-08-21T08:24:51.060Z</time>
      </trkpt>
      <trkpt lat="46.289373" lon="11.447664">
        <ele>1000.885104</ele>
        <time>2026-08-21T08:24:57.154Z</time>
      </trkpt>
      <trkpt lat="46.289362" lon="11.447349">
        <ele>1001.102315</ele>
        <time>2026-08-21T08:24:59.862Z</time>
      </trkpt>
      <trkpt lat="46.289352" lon="11.446853">
        <ele>1001.448531</ele>
        <time>2026-08-21T08:25:04.278Z</time>
      </trkpt>
      <trkpt lat="46.289336" lon="11.446486">
        <ele>1001.705104</ele>
        <time>2026-08-21T08:25:07.192Z</time>
      </trkpt>
      <trkpt lat="46.289306" lon="11.446261">
        <ele>1001.864986</ele>
        <time>2026-08-21T08:25:09.199Z</time>
      </trkpt>
      <trkpt lat="46.289233" lon="11.446026">
        <ele>1002.044756</ele>
        <time>2026-08-21T08:25:11.135Z</time>
      </trkpt>
      <trkpt lat="46.289159" lon="11.445880">
        <ele>1002.171088</ele>
        <time>2026-08-21T08:25:12.362Z</time>
      </trkpt>
      <trkpt lat="46.288996" lon="11.445725">
        <ele>1002.368022</ele>
        <time>2026-08-21T08:25:14.362Z</time>
      </trkpt>
      <trkpt lat="46.288796" lon="11.445597">
        <ele>1002.588829</ele>
        <time>2026-08-21T08:25:16.390Z</time>
      </trkpt>
      <trkpt lat="46.288666" lon="11.445518">
        <ele>1002.714977</ele>
        <time>2026-08-21T08:25:17.911Z</time>
      </trkpt>
      <trkpt lat="46.288656" lon="11.445368">
        <ele>1002.751350</ele>
        <time>2026-08-21T08:25:19.232Z</time>
      </trkpt>
      <trkpt lat="46.288597" lon="11.445299">
        <ele>1002.777846</ele>
        <time>2026-08-21T08:25:20.044Z</time>
      </trkpt>
      <trkpt lat="46.288521" lon="11.445298">
        <ele>1002.804392</ele>
        <time>2026-08-21T08:25:21.064Z</time>
      </trkpt>
      <trkpt lat="46.288467" lon="11.445356">
        <ele>1002.827881</ele>
        <time>2026-08-21T08:25:21.741Z</time>
      </trkpt>
      <trkpt lat="46.288181" lon="11.445133">
        <ele>1002.941354</ele>
        <time>2026-08-21T08:25:25.161Z</time>
      </trkpt>
      <trkpt lat="46.288039" lon="11.444926">
        <ele>1003.011755</ele>
        <time>2026-08-21T08:25:26.961Z</time>
      </trkpt>
      <trkpt lat="46.287950" lon="11.444717">
        <ele>1003.071010</ele>
        <time>2026-08-21T08:25:28.497Z</time>
      </trkpt>
      <trkpt lat="46.287860" lon="11.444307">
        <ele>1003.174843</ele>
        <time>2026-08-21T08:25:31.051Z</time>
      </trkpt>
      <trkpt lat="46.287793" lon="11.443348">
        <ele>1003.135473</ele>
        <time>2026-08-21T08:25:37.763Z</time>
      </trkpt>
      <trkpt lat="46.287783" lon="11.442715">
        <ele>1002.717709</ele>
        <time>2026-08-21T08:25:41.482Z</time>
      </trkpt>
      <trkpt lat="46.287774" lon="11.442648">
        <ele>1002.672675</ele>
        <time>2026-08-21T08:25:41.850Z</time>
      </trkpt>
      <trkpt lat="46.287628" lon="11.441988">
        <ele>1002.215437</ele>
        <time>2026-08-21T08:25:45.422Z</time>
      </trkpt>
      <trkpt lat="46.287483" lon="11.441664">
        <ele>1001.960745</ele>
        <time>2026-08-21T08:25:47.371Z</time>
      </trkpt>
      <trkpt lat="46.287185" lon="11.441002">
        <ele>1000.767310</ele>
        <time>2026-08-21T08:25:50.920Z</time>
      </trkpt>
      <trkpt lat="46.286955" lon="11.440525">
        <ele>998.933067</ele>
        <time>2026-08-21T08:25:53.313Z</time>
      </trkpt>
      <trkpt lat="46.286910" lon="11.440432">
        <ele>998.575036</ele>
        <time>2026-08-21T08:25:53.776Z</time>
      </trkpt>
      <trkpt lat="46.286844" lon="11.440427">
        <ele>998.273433</ele>
        <time>2026-08-21T08:25:54.159Z</time>
      </trkpt>
      <trkpt lat="46.286737" lon="11.440352">
        <ele>997.730873</ele>
        <time>2026-08-21T08:25:54.852Z</time>
      </trkpt>
      <trkpt lat="46.286542" lon="11.440043">
        <ele>996.411228</ele>
        <time>2026-08-21T08:25:56.506Z</time>
      </trkpt>
      <trkpt lat="46.286190" lon="11.439438">
        <ele>993.917120</ele>
        <time>2026-08-21T08:25:59.538Z</time>
      </trkpt>
      <trkpt lat="46.285264" lon="11.438455">
        <ele>985.393885</ele>
        <time>2026-08-21T08:26:05.663Z</time>
      </trkpt>
      <trkpt lat="46.284825" lon="11.438192">
        <ele>981.721941</ele>
        <time>2026-08-21T08:26:08.166Z</time>
      </trkpt>
      <trkpt lat="46.284636" lon="11.438084">
        <ele>980.151548</ele>
        <time>2026-08-21T08:26:09.236Z</time>
      </trkpt>
      <trkpt lat="46.284486" lon="11.437914">
        <ele>978.719393</ele>
        <time>2026-08-21T08:26:10.240Z</time>
      </trkpt>
      <trkpt lat="46.284371" lon="11.437736">
        <ele>977.481214</ele>
        <time>2026-08-21T08:26:11.127Z</time>
      </trkpt>
      <trkpt lat="46.283770" lon="11.436804">
        <ele>971.003838</ele>
        <time>2026-08-21T08:26:15.822Z</time>
      </trkpt>
      <trkpt lat="46.283702" lon="11.436722">
        <ele>970.352984</ele>
        <time>2026-08-21T08:26:16.306Z</time>
      </trkpt>
      <trkpt lat="46.283577" lon="11.436571">
        <ele>969.155697</ele>
        <time>2026-08-21T08:26:17.195Z</time>
      </trkpt>
      <trkpt lat="46.283553" lon="11.436547">
        <ele>968.941189</ele>
        <time>2026-08-21T08:26:17.354Z</time>
      </trkpt>
      <trkpt lat="46.282854" lon="11.435820">
        <ele>962.936173</ele>
        <time>2026-08-21T08:26:22.044Z</time>
      </trkpt>
      <trkpt lat="46.282358" lon="11.435306">
        <ele>958.846769</ele>
        <time>2026-08-21T08:26:25.317Z</time>
      </trkpt>
      <trkpt lat="46.282179" lon="11.435150">
        <ele>957.446101</ele>
        <time>2026-08-21T08:26:26.447Z</time>
      </trkpt>
      <trkpt lat="46.281911" lon="11.434996">
        <ele>955.513217</ele>
        <time>2026-08-21T08:26:28.015Z</time>
      </trkpt>
      <trkpt lat="46.281688" lon="11.434887">
        <ele>953.958316</ele>
        <time>2026-08-21T08:26:29.312Z</time>
      </trkpt>
      <trkpt lat="46.281375" lon="11.434768">
        <ele>951.958826</ele>
        <time>2026-08-21T08:26:31.081Z</time>
      </trkpt>
      <trkpt lat="46.281185" lon="11.434696">
        <ele>950.745335</ele>
        <time>2026-08-21T08:26:32.159Z</time>
      </trkpt>
      <trkpt lat="46.280758" lon="11.434547">
        <ele>948.031513</ele>
        <time>2026-08-21T08:26:34.559Z</time>
      </trkpt>
      <trkpt lat="46.280578" lon="11.434488">
        <ele>946.891218</ele>
        <time>2026-08-21T08:26:35.581Z</time>
      </trkpt>
      <trkpt lat="46.280482" lon="11.434454">
        <ele>946.280580</ele>
        <time>2026-08-21T08:26:36.152Z</time>
      </trkpt>
      <trkpt lat="46.280094" lon="11.434316">
        <ele>943.811988</ele>
        <time>2026-08-21T08:26:38.497Z</time>
      </trkpt>
      <trkpt lat="46.279817" lon="11.434227">
        <ele>941.582769</ele>
        <time>2026-08-21T08:26:40.031Z</time>
      </trkpt>
      <trkpt lat="46.279747" lon="11.434198">
        <ele>940.930047</ele>
        <time>2026-08-21T08:26:40.408Z</time>
      </trkpt>
      <trkpt lat="46.279654" lon="11.434173">
        <ele>940.082093</ele>
        <time>2026-08-21T08:26:40.901Z</time>
      </trkpt>
      <trkpt lat="46.279544" lon="11.434144">
        <ele>939.079777</ele>
        <time>2026-08-21T08:26:41.476Z</time>
      </trkpt>
      <trkpt lat="46.279463" lon="11.434122">
        <ele>938.340980</ele>
        <time>2026-08-21T08:26:42.675Z</time>
      </trkpt>
      <trkpt lat="46.279419" lon="11.434110">
        <ele>937.939601</ele>
        <time>2026-08-21T08:26:43.327Z</time>
      </trkpt>
      <trkpt lat="46.279302" lon="11.434020">
        <ele>936.751756</ele>
        <time>2026-08-21T08:26:45.268Z</time>
      </trkpt>
      <trkpt lat="46.279258" lon="11.433939">
        <ele>936.113453</ele>
        <time>2026-08-21T08:26:46.301Z</time>
      </trkpt>
      <trkpt lat="46.279229" lon="11.433867">
        <ele>935.597141</ele>
        <time>2026-08-21T08:26:47.135Z</time>
      </trkpt>
      <trkpt lat="46.279232" lon="11.433811">
        <ele>935.249143</ele>
        <time>2026-08-21T08:26:47.697Z</time>
      </trkpt>
      <trkpt lat="46.279255" lon="11.433725">
        <ele>934.677814</ele>
        <time>2026-08-21T08:26:48.629Z</time>
      </trkpt>
      <trkpt lat="46.279332" lon="11.433419">
        <ele>932.660192</ele>
        <time>2026-08-21T08:26:49.787Z</time>
      </trkpt>
      <trkpt lat="46.279344" lon="11.433370">
        <ele>932.338110</ele>
        <time>2026-08-21T08:26:49.974Z</time>
      </trkpt>
      <trkpt lat="46.279374" lon="11.433229">
        <ele>931.424063</ele>
        <time>2026-08-21T08:26:50.500Z</time>
      </trkpt>
      <trkpt lat="46.279434" lon="11.432943">
        <ele>929.572272</ele>
        <time>2026-08-21T08:26:51.578Z</time>
      </trkpt>
      <trkpt lat="46.279487" lon="11.432699">
        <ele>927.987631</ele>
        <time>2026-08-21T08:26:52.503Z</time>
      </trkpt>
      <trkpt lat="46.279562" lon="11.432353">
        <ele>926.508336</ele>
        <time>2026-08-21T08:26:53.802Z</time>
      </trkpt>
      <trkpt lat="46.279581" lon="11.432271">
        <ele>926.301430</ele>
        <time>2026-08-21T08:26:54.112Z</time>
      </trkpt>
      <trkpt lat="46.279626" lon="11.431948">
        <ele>925.513150</ele>
        <time>2026-08-21T08:26:55.308Z</time>
      </trkpt>
      <trkpt lat="46.279577" lon="11.431624">
        <ele>924.719680</ele>
        <time>2026-08-21T08:26:56.592Z</time>
      </trkpt>
      <trkpt lat="46.279519" lon="11.431448">
        <ele>924.253207</ele>
        <time>2026-08-21T08:26:57.421Z</time>
      </trkpt>
      <trkpt lat="46.278984" lon="11.430156">
        <ele>920.721274</ele>
        <time>2026-08-21T08:27:05.950Z</time>
      </trkpt>
      <trkpt lat="46.278885" lon="11.429917">
        <ele>920.467821</ele>
        <time>2026-08-21T08:27:07.807Z</time>
      </trkpt>
      <trkpt lat="46.278854" lon="11.429843">
        <ele>920.389110</ele>
        <time>2026-08-21T08:27:08.352Z</time>
      </trkpt>
      <trkpt lat="46.277723" lon="11.427098">
        <ele>913.946016</ele>
        <time>2026-08-21T08:27:23.393Z</time>
      </trkpt>
      <trkpt lat="46.277607" lon="11.426845">
        <ele>912.603333</ele>
        <time>2026-08-21T08:27:24.600Z</time>
      </trkpt>
      <trkpt lat="46.277560" lon="11.426775">
        <ele>912.171738</ele>
        <time>2026-08-21T08:27:24.983Z</time>
      </trkpt>
      <trkpt lat="46.277428" lon="11.426628">
        <ele>911.105907</ele>
        <time>2026-08-21T08:27:25.896Z</time>
      </trkpt>
      <trkpt lat="46.276815" lon="11.426052">
        <ele>906.025370</ele>
        <time>2026-08-21T08:27:29.620Z</time>
      </trkpt>
      <trkpt lat="46.276677" lon="11.425957">
        <ele>904.189790</ele>
        <time>2026-08-21T08:27:30.389Z</time>
      </trkpt>
      <trkpt lat="46.276565" lon="11.425918">
        <ele>902.806145</ele>
        <time>2026-08-21T08:27:30.962Z</time>
      </trkpt>
      <trkpt lat="46.276500" lon="11.425908">
        <ele>902.021029</ele>
        <time>2026-08-21T08:27:31.293Z</time>
      </trkpt>
      <trkpt lat="46.276395" lon="11.425907">
        <ele>900.759847</ele>
        <time>2026-08-21T08:27:31.818Z</time>
      </trkpt>
      <trkpt lat="46.276227" lon="11.425921">
        <ele>898.738655</ele>
        <time>2026-08-21T08:27:32.658Z</time>
      </trkpt>
      <trkpt lat="46.276046" lon="11.425907">
        <ele>896.561560</ele>
        <time>2026-08-21T08:27:33.567Z</time>
      </trkpt>
      <trkpt lat="46.275975" lon="11.425847">
        <ele>895.573963</ele>
        <time>2026-08-21T08:27:33.983Z</time>
      </trkpt>
      <trkpt lat="46.275929" lon="11.425761">
        <ele>894.671190</ele>
        <time>2026-08-21T08:27:34.359Z</time>
      </trkpt>
      <trkpt lat="46.275896" lon="11.425615">
        <ele>893.395960</ele>
        <time>2026-08-21T08:27:34.890Z</time>
      </trkpt>
      <trkpt lat="46.275785" lon="11.424379">
        <ele>884.133117</ele>
        <time>2026-08-21T08:27:39.276Z</time>
      </trkpt>
      <trkpt lat="46.275410" lon="11.423534">
        <ele>879.838043</ele>
        <time>2026-08-21T08:27:43.199Z</time>
      </trkpt>
      <trkpt lat="46.275207" lon="11.422772">
        <ele>876.345096</ele>
        <time>2026-08-21T08:27:46.557Z</time>
      </trkpt>
      <trkpt lat="46.275205" lon="11.422759">
        <ele>876.288131</ele>
        <time>2026-08-21T08:27:46.608Z</time>
      </trkpt>
      <trkpt lat="46.275182" lon="11.422493">
        <ele>875.141520</ele>
        <time>2026-08-21T08:27:47.659Z</time>
      </trkpt>
      <trkpt lat="46.275224" lon="11.421906">
        <ele>872.373185</ele>
        <time>2026-08-21T08:27:49.892Z</time>
      </trkpt>
      <trkpt lat="46.275206" lon="11.421673">
        <ele>871.211171</ele>
        <time>2026-08-21T08:27:50.756Z</time>
      </trkpt>
      <trkpt lat="46.275166" lon="11.421584">
        <ele>870.685006</ele>
        <time>2026-08-21T08:27:51.144Z</time>
      </trkpt>
      <trkpt lat="46.275107" lon="11.421529">
        <ele>870.181720</ele>
        <time>2026-08-21T08:27:51.514Z</time>
      </trkpt>
      <trkpt lat="46.274605" lon="11.421362">
        <ele>866.488113</ele>
        <time>2026-08-21T08:27:54.219Z</time>
      </trkpt>
      <trkpt lat="46.274516" lon="11.421226">
        <ele>865.559861</ele>
        <time>2026-08-21T08:27:54.901Z</time>
      </trkpt>
      <trkpt lat="46.274493" lon="11.421128">
        <ele>865.046899</ele>
        <time>2026-08-21T08:27:55.277Z</time>
      </trkpt>
      <trkpt lat="46.274475" lon="11.420501">
        <ele>861.936563</ele>
        <time>2026-08-21T08:27:57.586Z</time>
      </trkpt>
      <trkpt lat="46.274533" lon="11.420184">
        <ele>860.556045</ele>
        <time>2026-08-21T08:27:58.844Z</time>
      </trkpt>
      <trkpt lat="46.274723" lon="11.419557">
        <ele>858.040242</ele>
        <time>2026-08-21T08:28:01.554Z</time>
      </trkpt>
      <trkpt lat="46.274778" lon="11.419133">
        <ele>856.454929</ele>
        <time>2026-08-21T08:28:03.250Z</time>
      </trkpt>
      <trkpt lat="46.274791" lon="11.418634">
        <ele>854.619906</ele>
        <time>2026-08-21T08:28:05.280Z</time>
      </trkpt>
      <trkpt lat="46.274681" lon="11.418074">
        <ele>852.480536</ele>
        <time>2026-08-21T08:28:07.668Z</time>
      </trkpt>
      <trkpt lat="46.274600" lon="11.417701">
        <ele>850.828213</ele>
        <time>2026-08-21T08:28:09.201Z</time>
      </trkpt>
      <trkpt lat="46.274484" lon="11.417164">
        <ele>848.076713</ele>
        <time>2026-08-21T08:28:11.210Z</time>
      </trkpt>
      <trkpt lat="46.274503" lon="11.416899">
        <ele>846.773756</ele>
        <time>2026-08-21T08:28:12.145Z</time>
      </trkpt>
      <trkpt lat="46.274629" lon="11.416412">
        <ele>844.230665</ele>
        <time>2026-08-21T08:28:14.020Z</time>
      </trkpt>
      <trkpt lat="46.274628" lon="11.416332">
        <ele>843.839356</ele>
        <time>2026-08-21T08:28:14.321Z</time>
      </trkpt>
      <trkpt lat="46.274583" lon="11.416225">
        <ele>843.226813</ele>
        <time>2026-08-21T08:28:14.787Z</time>
      </trkpt>
      <trkpt lat="46.274555" lon="11.416190">
        <ele>842.964997</ele>
        <time>2026-08-21T08:28:14.993Z</time>
      </trkpt>
      <trkpt lat="46.274462" lon="11.416176">
        <ele>842.303428</ele>
        <time>2026-08-21T08:28:15.517Z</time>
      </trkpt>
      <trkpt lat="46.274408" lon="11.416227">
        <ele>841.847149</ele>
        <time>2026-08-21T08:28:15.891Z</time>
      </trkpt>
      <trkpt lat="46.274361" lon="11.416296">
        <ele>841.373377</ele>
        <time>2026-08-21T08:28:16.271Z</time>
      </trkpt>
      <trkpt lat="46.274290" lon="11.416505">
        <ele>840.234466</ele>
        <time>2026-08-21T08:28:17.199Z</time>
      </trkpt>
      <trkpt lat="46.274260" lon="11.416585">
        <ele>839.789347</ele>
        <time>2026-08-21T08:28:17.569Z</time>
      </trkpt>
      <trkpt lat="46.274207" lon="11.416803">
        <ele>838.780350</ele>
        <time>2026-08-21T08:28:18.483Z</time>
      </trkpt>
      <trkpt lat="46.274213" lon="11.416960">
        <ele>838.311973</ele>
        <time>2026-08-21T08:28:19.093Z</time>
      </trkpt>
      <trkpt lat="46.274346" lon="11.417617">
        <ele>836.272735</ele>
        <time>2026-08-21T08:28:21.696Z</time>
      </trkpt>
      <trkpt lat="46.274396" lon="11.417878">
        <ele>835.465977</ele>
        <time>2026-08-21T08:28:22.934Z</time>
      </trkpt>
      <trkpt lat="46.274411" lon="11.418189">
        <ele>834.537338</ele>
        <time>2026-08-21T08:28:24.573Z</time>
      </trkpt>
      <trkpt lat="46.274366" lon="11.418503">
        <ele>833.582122</ele>
        <time>2026-08-21T08:28:26.212Z</time>
      </trkpt>
      <trkpt lat="46.274274" lon="11.418821">
        <ele>832.555257</ele>
        <time>2026-08-21T08:28:27.694Z</time>
      </trkpt>
      <trkpt lat="46.274234" lon="11.418921">
        <ele>832.211101</ele>
        <time>2026-08-21T08:28:28.164Z</time>
      </trkpt>
      <trkpt lat="46.274172" lon="11.419073">
        <ele>831.685373</ele>
        <time>2026-08-21T08:28:28.863Z</time>
      </trkpt>
      <trkpt lat="46.273930" lon="11.419740">
        <ele>827.760882</ele>
        <time>2026-08-21T08:28:31.606Z</time>
      </trkpt>
      <trkpt lat="46.273650" lon="11.420428">
        <ele>823.132771</ele>
        <time>2026-08-21T08:28:34.459Z</time>
      </trkpt>
      <trkpt lat="46.273491" lon="11.420743">
        <ele>820.871741</ele>
        <time>2026-08-21T08:28:35.850Z</time>
      </trkpt>
      <trkpt lat="46.273471" lon="11.420786">
        <ele>820.571302</ele>
        <time>2026-08-21T08:28:36.036Z</time>
      </trkpt>
      <trkpt lat="46.273389" lon="11.420984">
        <ele>819.233292</ele>
        <time>2026-08-21T08:28:36.857Z</time>
      </trkpt>
      <trkpt lat="46.273362" lon="11.421145">
        <ele>818.272932</ele>
        <time>2026-08-21T08:28:37.450Z</time>
      </trkpt>
      <trkpt lat="46.273332" lon="11.421878">
        <ele>815.283873</ele>
        <time>2026-08-21T08:28:40.135Z</time>
      </trkpt>
      <trkpt lat="46.273372" lon="11.422176">
        <ele>814.577465</ele>
        <time>2026-08-21T08:28:41.303Z</time>
      </trkpt>
      <trkpt lat="46.273621" lon="11.422904">
        <ele>812.687340</ele>
        <time>2026-08-21T08:28:44.939Z</time>
      </trkpt>
      <trkpt lat="46.273669" lon="11.423168">
        <ele>812.052111</ele>
        <time>2026-08-21T08:28:46.234Z</time>
      </trkpt>
      <trkpt lat="46.273737" lon="11.424121">
        <ele>809.967505</ele>
        <time>2026-08-21T08:28:51.154Z</time>
      </trkpt>
      <trkpt lat="46.273727" lon="11.424284">
        <ele>809.802152</ele>
        <time>2026-08-21T08:28:51.987Z</time>
      </trkpt>
      <trkpt lat="46.273627" lon="11.424603">
        <ele>809.448214</ele>
        <time>2026-08-21T08:28:53.650Z</time>
      </trkpt>
      <trkpt lat="46.273617" lon="11.424622">
        <ele>809.424083</ele>
        <time>2026-08-21T08:28:53.769Z</time>
      </trkpt>
      <trkpt lat="46.273548" lon="11.424715">
        <ele>809.286222</ele>
        <time>2026-08-21T08:28:54.405Z</time>
      </trkpt>
      <trkpt lat="46.273397" lon="11.424818">
        <ele>809.042174</ele>
        <time>2026-08-21T08:28:55.516Z</time>
      </trkpt>
      <trkpt lat="46.273233" lon="11.424889">
        <ele>808.791923</ele>
        <time>2026-08-21T08:28:56.653Z</time>
      </trkpt>
      <trkpt lat="46.273007" lon="11.424863">
        <ele>808.460498</ele>
        <time>2026-08-21T08:28:58.179Z</time>
      </trkpt>
      <trkpt lat="46.272871" lon="11.424789">
        <ele>808.248087</ele>
        <time>2026-08-21T08:28:59.150Z</time>
      </trkpt>
      <trkpt lat="46.272743" lon="11.424661">
        <ele>808.020617</ele>
        <time>2026-08-21T08:29:00.175Z</time>
      </trkpt>
      <trkpt lat="46.272440" lon="11.424130">
        <ele>807.660046</ele>
        <time>2026-08-21T08:29:03.531Z</time>
      </trkpt>
      <trkpt lat="46.272360" lon="11.423985">
        <ele>807.977582</ele>
        <time>2026-08-21T08:29:04.500Z</time>
      </trkpt>
      <trkpt lat="46.272245" lon="11.423715">
        <ele>808.520387</ele>
        <time>2026-08-21T08:29:06.174Z</time>
      </trkpt>
      <trkpt lat="46.272143" lon="11.423445">
        <ele>809.047020</ele>
        <time>2026-08-21T08:29:07.793Z</time>
      </trkpt>
      <trkpt lat="46.272154" lon="11.423249">
        <ele>809.383590</ele>
        <time>2026-08-21T08:29:08.840Z</time>
      </trkpt>
      <trkpt lat="46.272187" lon="11.422907">
        <ele>809.974618</ele>
        <time>2026-08-21T08:29:10.716Z</time>
      </trkpt>
      <trkpt lat="46.272133" lon="11.423109">
        <ele>810.345307</ele>
        <time>2026-08-21T08:29:12.371Z</time>
      </trkpt>
      <trkpt lat="46.272085" lon="11.423379">
        <ele>810.822468</ele>
        <time>2026-08-21T08:29:15.436Z</time>
      </trkpt>
      <trkpt lat="46.271976" lon="11.423272">
        <ele>811.148630</ele>
        <time>2026-08-21T08:29:18.074Z</time>
      </trkpt>
      <trkpt lat="46.271823" lon="11.423138">
        <ele>811.591487</ele>
        <time>2026-08-21T08:29:22.342Z</time>
      </trkpt>
      <trkpt lat="46.271765" lon="11.422959">
        <ele>812.043219</ele>
        <time>2026-08-21T08:29:26.752Z</time>
      </trkpt>
      <trkpt lat="46.271734" lon="11.422868">
        <ele>812.946894</ele>
        <time>2026-08-21T08:29:29.382Z</time>
      </trkpt>
      <trkpt lat="46.271653" lon="11.422799">
        <ele>814.158197</ele>
        <time>2026-08-21T08:29:33.486Z</time>
      </trkpt>
      <trkpt lat="46.271566" lon="11.422813">
        <ele>815.286220</ele>
        <time>2026-08-21T08:29:36.853Z</time>
      </trkpt>
      <trkpt lat="46.271501" lon="11.422897">
        <ele>816.409361</ele>
        <time>2026-08-21T08:29:40.813Z</time>
      </trkpt>
      <trkpt lat="46.271488" lon="11.422939">
        <ele>816.819272</ele>
        <time>2026-08-21T08:29:42.064Z</time>
      </trkpt>
      <trkpt lat="46.271398" lon="11.423047">
        <ele>818.326103</ele>
        <time>2026-08-21T08:29:47.261Z</time>
      </trkpt>
      <trkpt lat="46.271316" lon="11.423066">
        <ele>819.396247</ele>
        <time>2026-08-21T08:29:50.783Z</time>
      </trkpt>
      <trkpt lat="46.270892" lon="11.422877">
        <ele>825.113533</ele>
        <time>2026-08-21T08:30:10.146Z</time>
      </trkpt>
      <trkpt lat="46.270829" lon="11.422838">
        <ele>825.996576</ele>
        <time>2026-08-21T08:30:13.587Z</time>
      </trkpt>
      <trkpt lat="46.270731" lon="11.422732">
        <ele>827.573392</ele>
        <time>2026-08-21T08:30:19.077Z</time>
      </trkpt>
      <trkpt lat="46.270600" lon="11.422351">
        <ele>831.363879</ele>
        <time>2026-08-21T08:30:32.356Z</time>
      </trkpt>
      <trkpt lat="46.270576" lon="11.422282">
        <ele>832.051935</ele>
        <time>2026-08-21T08:30:34.757Z</time>
      </trkpt>
      <trkpt lat="46.270274" lon="11.421535">
        <ele>838.754266</ele>
        <time>2026-08-21T08:30:58.479Z</time>
      </trkpt>
      <trkpt lat="46.269825" lon="11.420828">
        <ele>845.467579</ele>
        <time>2026-08-21T08:31:20.257Z</time>
      </trkpt>
      <trkpt lat="46.269713" lon="11.420651">
        <ele>847.145491</ele>
        <time>2026-08-21T08:31:25.851Z</time>
      </trkpt>
      <trkpt lat="46.269180" lon="11.419881">
        <ele>854.112138</ele>
        <time>2026-08-21T08:31:47.964Z</time>
      </trkpt>
      <trkpt lat="46.269025" lon="11.419586">
        <ele>855.567731</ele>
        <time>2026-08-21T08:31:54.529Z</time>
      </trkpt>
      <trkpt lat="46.268990" lon="11.419473">
        <ele>856.054149</ele>
        <time>2026-08-21T08:31:56.602Z</time>
      </trkpt>
      <trkpt lat="46.269005" lon="11.419357">
        <ele>856.517734</ele>
        <time>2026-08-21T08:31:58.541Z</time>
      </trkpt>
      <trkpt lat="46.269097" lon="11.419041">
        <ele>857.864672</ele>
        <time>2026-08-21T08:32:03.490Z</time>
      </trkpt>
      <trkpt lat="46.269225" lon="11.418742">
        <ele>859.246215</ele>
        <time>2026-08-21T08:32:08.099Z</time>
      </trkpt>
      <trkpt lat="46.269255" lon="11.418568">
        <ele>859.950673</ele>
        <time>2026-08-21T08:32:10.189Z</time>
      </trkpt>
      <trkpt lat="46.269250" lon="11.418392">
        <ele>860.642631</ele>
        <time>2026-08-21T08:32:12.081Z</time>
      </trkpt>
      <trkpt lat="46.269205" lon="11.418211">
        <ele>861.398235</ele>
        <time>2026-08-21T08:32:14.219Z</time>
      </trkpt>
      <trkpt lat="46.269107" lon="11.418068">
        <ele>862.189244</ele>
        <time>2026-08-21T08:32:16.668Z</time>
      </trkpt>
      <trkpt lat="46.268943" lon="11.417974">
        <ele>863.191691</ele>
        <time>2026-08-21T08:32:19.929Z</time>
      </trkpt>
      <trkpt lat="46.268846" lon="11.417983">
        <ele>863.642869</ele>
        <time>2026-08-21T08:32:21.942Z</time>
      </trkpt>
      <trkpt lat="46.268067" lon="11.418117">
        <ele>866.281735</ele>
        <time>2026-08-21T08:32:44.341Z</time>
      </trkpt>
      <trkpt lat="46.267793" lon="11.417994">
        <ele>867.246777</ele>
        <time>2026-08-21T08:32:51.396Z</time>
      </trkpt>
      <trkpt lat="46.267317" lon="11.417641">
        <ele>869.046098</ele>
        <time>2026-08-21T08:32:58.264Z</time>
      </trkpt>
      <trkpt lat="46.266488" lon="11.417004">
        <ele>864.758497</ele>
        <time>2026-08-21T08:33:03.363Z</time>
      </trkpt>
      <trkpt lat="46.266349" lon="11.416897">
        <ele>863.804177</ele>
        <time>2026-08-21T08:33:04.170Z</time>
      </trkpt>
      <trkpt lat="46.266279" lon="11.416852">
        <ele>863.339908</ele>
        <time>2026-08-21T08:33:04.557Z</time>
      </trkpt>
      <trkpt lat="46.266128" lon="11.416828">
        <ele>862.419212</ele>
        <time>2026-08-21T08:33:05.341Z</time>
      </trkpt>
      <trkpt lat="46.265851" lon="11.416905">
        <ele>860.709639</ele>
        <time>2026-08-21T08:33:06.833Z</time>
      </trkpt>
      <trkpt lat="46.265623" lon="11.416914">
        <ele>859.327251</ele>
        <time>2026-08-21T08:33:08.087Z</time>
      </trkpt>
      <trkpt lat="46.265322" lon="11.417066">
        <ele>859.597661</ele>
        <time>2026-08-21T08:33:09.942Z</time>
      </trkpt>
      <trkpt lat="46.265221" lon="11.417054">
        <ele>860.065677</ele>
        <time>2026-08-21T08:33:10.659Z</time>
      </trkpt>
      <trkpt lat="46.265103" lon="11.417116">
        <ele>860.645470</ele>
        <time>2026-08-21T08:33:11.733Z</time>
      </trkpt>
      <trkpt lat="46.264915" lon="11.417513">
        <ele>862.181833</ele>
        <time>2026-08-21T08:33:16.547Z</time>
      </trkpt>
      <trkpt lat="46.264575" lon="11.418057">
        <ele>864.523242</ele>
        <time>2026-08-21T08:33:30.040Z</time>
      </trkpt>
      <trkpt lat="46.264338" lon="11.418396">
        <ele>866.062547</ele>
        <time>2026-08-21T08:33:41.346Z</time>
      </trkpt>
      <trkpt lat="46.264182" lon="11.418848">
        <ele>868.141455</ele>
        <time>2026-08-21T08:33:53.979Z</time>
      </trkpt>
      <trkpt lat="46.264080" lon="11.419000">
        <ele>869.253152</ele>
        <time>2026-08-21T08:33:59.674Z</time>
      </trkpt>
      <trkpt lat="46.263925" lon="11.419142">
        <ele>870.645927</ele>
        <time>2026-08-21T08:34:07.147Z</time>
      </trkpt>
      <trkpt lat="46.263768" lon="11.419195">
        <ele>871.869769</ele>
        <time>2026-08-21T08:34:13.864Z</time>
      </trkpt>
      <trkpt lat="46.262984" lon="11.419237">
        <ele>877.825332</ele>
        <time>2026-08-21T08:34:36.655Z</time>
      </trkpt>
      <trkpt lat="46.262672" lon="11.419149">
        <ele>880.238388</ele>
        <time>2026-08-21T08:34:40.339Z</time>
      </trkpt>
      <trkpt lat="46.262600" lon="11.419044">
        <ele>880.656500</ele>
        <time>2026-08-21T08:34:41.147Z</time>
      </trkpt>
      <trkpt lat="46.262543" lon="11.418641">
        <ele>880.925576</ele>
        <time>2026-08-21T08:34:43.287Z</time>
      </trkpt>
      <trkpt lat="46.262478" lon="11.418379">
        <ele>881.107660</ele>
        <time>2026-08-21T08:34:44.673Z</time>
      </trkpt>
      <trkpt lat="46.262232" lon="11.418058">
        <ele>881.421134</ele>
        <time>2026-08-21T08:34:46.980Z</time>
      </trkpt>
      <trkpt lat="46.262130" lon="11.417983">
        <ele>881.529397</ele>
        <time>2026-08-21T08:34:47.835Z</time>
      </trkpt>
      <trkpt lat="46.262025" lon="11.417958">
        <ele>881.630081</ele>
        <time>2026-08-21T08:34:48.639Z</time>
      </trkpt>
      <trkpt lat="46.261951" lon="11.418015">
        <ele>881.709406</ele>
        <time>2026-08-21T08:34:49.266Z</time>
      </trkpt>
      <trkpt lat="46.261520" lon="11.418807">
        <ele>882.718685</ele>
        <time>2026-08-21T08:34:58.062Z</time>
      </trkpt>
      <trkpt lat="46.261412" lon="11.418905">
        <ele>883.526870</ele>
        <time>2026-08-21T08:35:00.728Z</time>
      </trkpt>
      <trkpt lat="46.261199" lon="11.419061">
        <ele>885.040311</ele>
        <time>2026-08-21T08:35:06.886Z</time>
      </trkpt>
      <trkpt lat="46.261074" lon="11.419115">
        <ele>885.867276</ele>
        <time>2026-08-21T08:35:10.052Z</time>
      </trkpt>
      <trkpt lat="46.260912" lon="11.419160">
        <ele>886.912964</ele>
        <time>2026-08-21T08:35:13.516Z</time>
      </trkpt>
      <trkpt lat="46.260608" lon="11.419107">
        <ele>888.853976</ele>
        <time>2026-08-21T08:35:20.163Z</time>
      </trkpt>
      <trkpt lat="46.260514" lon="11.419119">
        <ele>889.452160</ele>
        <time>2026-08-21T08:35:22.374Z</time>
      </trkpt>
      <trkpt lat="46.260306" lon="11.419282">
        <ele>890.951768</ele>
        <time>2026-08-21T08:35:29.086Z</time>
      </trkpt>
      <trkpt lat="46.260274" lon="11.419311">
        <ele>891.191145</ele>
        <time>2026-08-21T08:35:30.130Z</time>
      </trkpt>
      <trkpt lat="46.260258" lon="11.419325">
        <ele>891.309685</ele>
        <time>2026-08-21T08:35:30.704Z</time>
      </trkpt>
      <trkpt lat="46.260176" lon="11.419366">
        <ele>891.859667</ele>
        <time>2026-08-21T08:35:33.481Z</time>
      </trkpt>
      <trkpt lat="46.260114" lon="11.419366">
        <ele>892.252687</ele>
        <time>2026-08-21T08:35:35.280Z</time>
      </trkpt>
      <trkpt lat="46.260071" lon="11.419341">
        <ele>892.546462</ele>
        <time>2026-08-21T08:35:36.705Z</time>
      </trkpt>
      <trkpt lat="46.260036" lon="11.419313">
        <ele>892.800004</ele>
        <time>2026-08-21T08:35:37.972Z</time>
      </trkpt>
      <trkpt lat="46.259996" lon="11.419280">
        <ele>893.091913</ele>
        <time>2026-08-21T08:35:39.279Z</time>
      </trkpt>
      <trkpt lat="46.259809" lon="11.419201">
        <ele>894.533668</ele>
        <time>2026-08-21T08:35:45.305Z</time>
      </trkpt>
      <trkpt lat="46.259599" lon="11.419222">
        <ele>896.314713</ele>
        <time>2026-08-21T08:35:52.218Z</time>
      </trkpt>
      <trkpt lat="46.259520" lon="11.419266">
        <ele>897.030976</ele>
        <time>2026-08-21T08:35:54.898Z</time>
      </trkpt>
      <trkpt lat="46.259389" lon="11.419380">
        <ele>898.324520</ele>
        <time>2026-08-21T08:36:00.129Z</time>
      </trkpt>
      <trkpt lat="46.259199" lon="11.419628">
        <ele>900.489943</ele>
        <time>2026-08-21T08:36:08.326Z</time>
      </trkpt>
      <trkpt lat="46.259046" lon="11.419744">
        <ele>901.951547</ele>
        <time>2026-08-21T08:36:13.429Z</time>
      </trkpt>
      <trkpt lat="46.258512" lon="11.419864">
        <ele>906.523913</ele>
        <time>2026-08-21T08:36:31.483Z</time>
      </trkpt>
      <trkpt lat="46.257979" lon="11.419907">
        <ele>909.865224</ele>
        <time>2026-08-21T08:36:42.931Z</time>
      </trkpt>
      <trkpt lat="46.257594" lon="11.419802">
        <ele>911.336477</ele>
        <time>2026-08-21T08:36:49.199Z</time>
      </trkpt>
      <trkpt lat="46.257012" lon="11.419734">
        <ele>913.529157</ele>
        <time>2026-08-21T08:36:58.006Z</time>
      </trkpt>
      <trkpt lat="46.256827" lon="11.419883">
        <ele>914.324337</ele>
        <time>2026-08-21T08:37:01.334Z</time>
      </trkpt>
      <trkpt lat="46.256756" lon="11.419907">
        <ele>914.598146</ele>
        <time>2026-08-21T08:37:02.509Z</time>
      </trkpt>
      <trkpt lat="46.256687" lon="11.419888">
        <ele>914.861913</ele>
        <time>2026-08-21T08:37:03.642Z</time>
      </trkpt>
      <trkpt lat="46.256386" lon="11.419477">
        <ele>916.687685</ele>
        <time>2026-08-21T08:37:10.616Z</time>
      </trkpt>
      <trkpt lat="46.256209" lon="11.419398">
        <ele>917.640091</ele>
        <time>2026-08-21T08:37:13.951Z</time>
      </trkpt>
      <trkpt lat="46.255224" lon="11.419204">
        <ele>922.751273</ele>
        <time>2026-08-21T08:37:35.215Z</time>
      </trkpt>
      <trkpt lat="46.254973" lon="11.419046">
        <ele>924.158749</ele>
        <time>2026-08-21T08:37:41.857Z</time>
      </trkpt>
      <trkpt lat="46.254701" lon="11.418775">
        <ele>926.021242</ele>
        <time>2026-08-21T08:37:50.314Z</time>
      </trkpt>
      <trkpt lat="46.254365" lon="11.418568">
        <ele>928.231526</ele>
        <time>2026-08-21T08:37:59.861Z</time>
      </trkpt>
      <trkpt lat="46.253653" lon="11.418225">
        <ele>932.773324</ele>
        <time>2026-08-21T08:38:18.486Z</time>
      </trkpt>
      <trkpt lat="46.253329" lon="11.418217">
        <ele>934.734456</ele>
        <time>2026-08-21T08:38:25.792Z</time>
      </trkpt>
      <trkpt lat="46.252404" lon="11.417511">
        <ele>938.839029</ele>
        <time>2026-08-21T08:38:44.965Z</time>
      </trkpt>
      <trkpt lat="46.251905" lon="11.417324">
        <ele>940.636257</ele>
        <time>2026-08-21T08:38:52.855Z</time>
      </trkpt>
      <trkpt lat="46.251276" lon="11.416996">
        <ele>942.774114</ele>
        <time>2026-08-21T08:39:03.218Z</time>
      </trkpt>
      <trkpt lat="46.250574" lon="11.416696">
        <ele>944.766547</ele>
        <time>2026-08-21T08:39:15.395Z</time>
      </trkpt>
      <trkpt lat="46.250252" lon="11.416372">
        <ele>945.834273</ele>
        <time>2026-08-21T08:39:22.521Z</time>
      </trkpt>
      <trkpt lat="46.249333" lon="11.415845">
        <ele>948.640981</ele>
        <time>2026-08-21T08:39:34.140Z</time>
      </trkpt>
      <trkpt lat="46.248774" lon="11.415389">
        <ele>950.518959</ele>
        <time>2026-08-21T08:39:43.544Z</time>
      </trkpt>
      <trkpt lat="46.248448" lon="11.415362">
        <ele>951.474424</ele>
        <time>2026-08-21T08:39:48.610Z</time>
      </trkpt>
      <trkpt lat="46.248095" lon="11.415528">
        <ele>953.120579</ele>
        <time>2026-08-21T08:39:54.883Z</time>
      </trkpt>
      <trkpt lat="46.247109" lon="11.416060">
        <ele>961.654440</ele>
        <time>2026-08-21T08:40:28.253Z</time>
      </trkpt>
      <trkpt lat="46.246322" lon="11.416476">
        <ele>968.345782</ele>
        <time>2026-08-21T08:40:53.181Z</time>
      </trkpt>
      <trkpt lat="46.246184" lon="11.416507">
        <ele>969.405932</ele>
        <time>2026-08-21T08:40:57.055Z</time>
      </trkpt>
      <trkpt lat="46.245536" lon="11.416168">
        <ele>974.637065</ele>
        <time>2026-08-21T08:41:16.196Z</time>
      </trkpt>
      <trkpt lat="46.245401" lon="11.416165">
        <ele>975.661997</ele>
        <time>2026-08-21T08:41:19.545Z</time>
      </trkpt>
      <trkpt lat="46.245256" lon="11.416212">
        <ele>976.790036</ele>
        <time>2026-08-21T08:41:23.091Z</time>
      </trkpt>
      <trkpt lat="46.244974" lon="11.416505">
        <ele>979.426088</ele>
        <time>2026-08-21T08:41:30.948Z</time>
      </trkpt>
      <trkpt lat="46.244698" lon="11.416891">
        <ele>982.707824</ele>
        <time>2026-08-21T08:41:41.140Z</time>
      </trkpt>
      <trkpt lat="46.244377" lon="11.417236">
        <ele>986.343699</ele>
        <time>2026-08-21T08:41:53.785Z</time>
      </trkpt>
      <trkpt lat="46.244127" lon="11.417345">
        <ele>988.717410</ele>
        <time>2026-08-21T08:42:02.395Z</time>
      </trkpt>
      <trkpt lat="46.243741" lon="11.417401">
        <ele>992.243987</ele>
        <time>2026-08-21T08:42:14.778Z</time>
      </trkpt>
      <trkpt lat="46.243588" lon="11.417463">
        <ele>993.688432</ele>
        <time>2026-08-21T08:42:19.904Z</time>
      </trkpt>
      <trkpt lat="46.243450" lon="11.417668">
        <ele>995.487003</ele>
        <time>2026-08-21T08:42:26.259Z</time>
      </trkpt>
      <trkpt lat="46.243343" lon="11.417758">
        <ele>996.612299</ele>
        <time>2026-08-21T08:42:30.246Z</time>
      </trkpt>
      <trkpt lat="46.242623" lon="11.417936">
        <ele>1004.261018</ele>
        <time>2026-08-21T08:42:54.251Z</time>
      </trkpt>
      <trkpt lat="46.242224" lon="11.418166">
        <ele>1008.779330</ele>
        <time>2026-08-21T08:43:08.914Z</time>
      </trkpt>
      <trkpt lat="46.241939" lon="11.418247">
        <ele>1011.834602</ele>
        <time>2026-08-21T08:43:19.179Z</time>
      </trkpt>
      <trkpt lat="46.241415" lon="11.418259">
        <ele>1017.302333</ele>
        <time>2026-08-21T08:43:38.373Z</time>
      </trkpt>
      <trkpt lat="46.240866" lon="11.418106">
        <ele>1023.017813</ele>
        <time>2026-08-21T08:43:59.113Z</time>
      </trkpt>
      <trkpt lat="46.240648" lon="11.418096">
        <ele>1025.247450</ele>
        <time>2026-08-21T08:44:06.654Z</time>
      </trkpt>
      <trkpt lat="46.240393" lon="11.418260">
        <ele>1028.100455</ele>
        <time>2026-08-21T08:44:15.741Z</time>
      </trkpt>
      <trkpt lat="46.240187" lon="11.418570">
        <ele>1031.139947</ele>
        <time>2026-08-21T08:44:25.155Z</time>
      </trkpt>
      <trkpt lat="46.239850" lon="11.418875">
        <ele>1034.849949</ele>
        <time>2026-08-21T08:44:37.309Z</time>
      </trkpt>
      <trkpt lat="46.239536" lon="11.419069">
        <ele>1037.177912</ele>
        <time>2026-08-21T08:44:46.840Z</time>
      </trkpt>
      <trkpt lat="46.238993" lon="11.419323">
        <ele>1041.068756</ele>
        <time>2026-08-21T08:45:01.120Z</time>
      </trkpt>
      <trkpt lat="46.238818" lon="11.419354">
        <ele>1042.270745</ele>
        <time>2026-08-21T08:45:05.344Z</time>
      </trkpt>
      <trkpt lat="46.237966" lon="11.419177">
        <ele>1047.671046</ele>
        <time>2026-08-21T08:45:25.137Z</time>
      </trkpt>
      <trkpt lat="46.237166" lon="11.419153">
        <ele>1051.655944</ele>
        <time>2026-08-21T08:45:40.797Z</time>
      </trkpt>
      <trkpt lat="46.236740" lon="11.419190">
        <ele>1053.781270</ele>
        <time>2026-08-21T08:45:49.099Z</time>
      </trkpt>
      <trkpt lat="46.235000" lon="11.419465">
        <ele>1063.818855</ele>
        <time>2026-08-21T08:46:28.049Z</time>
      </trkpt>
      <trkpt lat="46.234757" lon="11.419467">
        <ele>1065.252936</ele>
        <time>2026-08-21T08:46:34.284Z</time>
      </trkpt>
      <trkpt lat="46.234388" lon="11.419470">
        <ele>1067.644403</ele>
        <time>2026-08-21T08:46:44.022Z</time>
      </trkpt>
      <trkpt lat="46.233770" lon="11.419383">
        <ele>1071.846925</ele>
        <time>2026-08-21T08:47:00.608Z</time>
      </trkpt>
      <trkpt lat="46.232906" lon="11.419080">
        <ele>1077.864236</ele>
        <time>2026-08-21T08:47:23.083Z</time>
      </trkpt>
      <trkpt lat="46.231125" lon="11.419025">
        <ele>1087.818757</ele>
        <time>2026-08-21T08:48:01.853Z</time>
      </trkpt>
      <trkpt lat="46.230458" lon="11.419222">
        <ele>1091.876828</ele>
        <time>2026-08-21T08:48:16.961Z</time>
      </trkpt>
      <trkpt lat="46.230057" lon="11.419218">
        <ele>1094.282555</ele>
        <time>2026-08-21T08:48:26.383Z</time>
      </trkpt>
      <trkpt lat="46.228411" lon="11.419388">
        <ele>1104.187339</ele>
        <time>2026-08-21T08:49:06.416Z</time>
      </trkpt>
      <trkpt lat="46.228174" lon="11.419373">
        <ele>1105.611854</ele>
        <time>2026-08-21T08:49:11.536Z</time>
      </trkpt>
      <trkpt lat="46.228016" lon="11.419295">
        <ele>1106.614425</ele>
        <time>2026-08-21T08:49:15.147Z</time>
      </trkpt>
      <trkpt lat="46.227611" lon="11.419007">
        <ele>1109.324741</ele>
        <time>2026-08-21T08:49:25.110Z</time>
      </trkpt>
      <trkpt lat="46.227437" lon="11.418935">
        <ele>1110.563427</ele>
        <time>2026-08-21T08:49:29.148Z</time>
      </trkpt>
      <trkpt lat="46.227260" lon="11.418920">
        <ele>1111.868548</ele>
        <time>2026-08-21T08:49:33.140Z</time>
      </trkpt>
      <trkpt lat="46.225090" lon="11.419429">
        <ele>1128.180643</ele>
        <time>2026-08-21T08:50:34.249Z</time>
      </trkpt>
      <trkpt lat="46.224302" lon="11.419539">
        <ele>1134.157342</ele>
        <time>2026-08-21T08:50:56.423Z</time>
      </trkpt>
      <trkpt lat="46.223999" lon="11.419578">
        <ele>1136.453898</ele>
        <time>2026-08-21T08:51:04.475Z</time>
      </trkpt>
      <trkpt lat="46.223072" lon="11.419828">
        <ele>1142.284915</ele>
        <time>2026-08-21T08:51:25.672Z</time>
      </trkpt>
      <trkpt lat="46.222654" lon="11.419759">
        <ele>1144.877920</ele>
        <time>2026-08-21T08:51:34.870Z</time>
      </trkpt>
      <trkpt lat="46.222326" lon="11.419547">
        <ele>1147.092400</ele>
        <time>2026-08-21T08:51:43.284Z</time>
      </trkpt>
      <trkpt lat="46.222099" lon="11.419476">
        <ele>1148.801948</ele>
        <time>2026-08-21T08:51:48.926Z</time>
      </trkpt>
      <trkpt lat="46.220161" lon="11.419640">
        <ele>1164.511250</ele>
        <time>2026-08-21T08:52:46.106Z</time>
      </trkpt>
      <trkpt lat="46.218822" lon="11.419754">
        <ele>1175.229775</ele>
        <time>2026-08-21T08:53:24.730Z</time>
      </trkpt>
      <trkpt lat="46.218728" lon="11.419785">
        <ele>1176.000238</ele>
        <time>2026-08-21T08:53:27.113Z</time>
      </trkpt>
      <trkpt lat="46.218629" lon="11.419866">
        <ele>1176.897140</ele>
        <time>2026-08-21T08:53:29.919Z</time>
      </trkpt>
      <trkpt lat="46.218016" lon="11.420528">
        <ele>1182.769551</ele>
        <time>2026-08-21T08:53:48.475Z</time>
      </trkpt>
      <trkpt lat="46.217606" lon="11.420794">
        <ele>1186.218394</ele>
        <time>2026-08-21T08:54:00.402Z</time>
      </trkpt>
      <trkpt lat="46.217317" lon="11.421022">
        <ele>1188.745115</ele>
        <time>2026-08-21T08:54:10.068Z</time>
      </trkpt>
      <trkpt lat="46.217017" lon="11.421168">
        <ele>1191.411300</ele>
        <time>2026-08-21T08:54:19.985Z</time>
      </trkpt>
      <trkpt lat="46.216690" lon="11.421219">
        <ele>1194.712792</ele>
        <time>2026-08-21T08:54:30.776Z</time>
      </trkpt>
      <trkpt lat="46.216535" lon="11.421205">
        <ele>1196.271721</ele>
        <time>2026-08-21T08:54:36.018Z</time>
      </trkpt>
      <trkpt lat="46.216292" lon="11.421095">
        <ele>1198.827817</ele>
        <time>2026-08-21T08:54:44.755Z</time>
      </trkpt>
      <trkpt lat="46.216126" lon="11.421107">
        <ele>1200.496212</ele>
        <time>2026-08-21T08:54:50.570Z</time>
      </trkpt>
      <trkpt lat="46.215973" lon="11.421173">
        <ele>1202.098986</ele>
        <time>2026-08-21T08:54:56.007Z</time>
      </trkpt>
      <trkpt lat="46.215292" lon="11.421688">
        <ele>1209.534949</ele>
        <time>2026-08-21T08:55:21.992Z</time>
      </trkpt>
      <trkpt lat="46.214964" lon="11.421802">
        <ele>1212.222950</ele>
        <time>2026-08-21T08:55:33.109Z</time>
      </trkpt>
      <trkpt lat="46.214229" lon="11.421938">
        <ele>1218.127193</ele>
        <time>2026-08-21T08:55:54.823Z</time>
      </trkpt>
      <trkpt lat="46.214106" lon="11.422009">
        <ele>1219.182537</ele>
        <time>2026-08-21T08:55:58.242Z</time>
      </trkpt>
      <trkpt lat="46.213947" lon="11.422203">
        <ele>1220.840592</ele>
        <time>2026-08-21T08:56:03.289Z</time>
      </trkpt>
      <trkpt lat="46.213086" lon="11.423447">
        <ele>1227.893395</ele>
        <time>2026-08-21T08:56:28.207Z</time>
      </trkpt>
      <trkpt lat="46.212832" lon="11.423960">
        <ele>1230.182961</ele>
        <time>2026-08-21T08:56:37.359Z</time>
      </trkpt>
      <trkpt lat="46.212668" lon="11.424199">
        <ele>1231.404653</ele>
        <time>2026-08-21T08:56:42.573Z</time>
      </trkpt>
      <trkpt lat="46.212550" lon="11.424292">
        <ele>1232.109664</ele>
        <time>2026-08-21T08:56:45.640Z</time>
      </trkpt>
      <trkpt lat="46.211758" lon="11.424624">
        <ele>1237.157219</ele>
        <time>2026-08-21T08:57:04.818Z</time>
      </trkpt>
      <trkpt lat="46.210618" lon="11.425029">
        <ele>1245.108114</ele>
        <time>2026-08-21T08:57:31.914Z</time>
      </trkpt>
      <trkpt lat="46.209905" lon="11.425438">
        <ele>1253.001935</ele>
        <time>2026-08-21T08:57:55.584Z</time>
      </trkpt>
      <trkpt lat="46.209491" lon="11.425658">
        <ele>1257.540990</ele>
        <time>2026-08-21T08:58:14.919Z</time>
      </trkpt>
      <trkpt lat="46.209359" lon="11.425651">
        <ele>1258.900207</ele>
        <time>2026-08-21T08:58:20.554Z</time>
      </trkpt>
      <trkpt lat="46.209240" lon="11.425586">
        <ele>1260.209299</ele>
        <time>2026-08-21T08:58:25.738Z</time>
      </trkpt>
      <trkpt lat="46.209081" lon="11.425386">
        <ele>1262.326101</ele>
        <time>2026-08-21T08:58:33.706Z</time>
      </trkpt>
      <trkpt lat="46.209012" lon="11.425177">
        <ele>1263.829086</ele>
        <time>2026-08-21T08:58:39.075Z</time>
      </trkpt>
      <trkpt lat="46.209000" lon="11.425022">
        <ele>1264.841398</ele>
        <time>2026-08-21T08:58:42.353Z</time>
      </trkpt>
      <trkpt lat="46.209054" lon="11.424696">
        <ele>1267.017087</ele>
        <time>2026-08-21T08:58:49.709Z</time>
      </trkpt>
      <trkpt lat="46.209209" lon="11.424279">
        <ele>1270.089352</ele>
        <time>2026-08-21T08:59:00.408Z</time>
      </trkpt>
      <trkpt lat="46.209292" lon="11.424096">
        <ele>1271.509487</ele>
        <time>2026-08-21T08:59:05.509Z</time>
      </trkpt>
      <trkpt lat="46.209494" lon="11.423647">
        <ele>1274.985424</ele>
        <time>2026-08-21T08:59:15.848Z</time>
      </trkpt>
      <trkpt lat="46.209502" lon="11.423523">
        <ele>1275.793735</ele>
        <time>2026-08-21T08:59:17.720Z</time>
      </trkpt>
      <trkpt lat="46.209484" lon="11.423474">
        <ele>1276.153800</ele>
        <time>2026-08-21T08:59:18.481Z</time>
      </trkpt>
      <trkpt lat="46.209096" lon="11.423092">
        <ele>1280.739401</ele>
        <time>2026-08-21T08:59:29.821Z</time>
      </trkpt>
      <trkpt lat="46.208162" lon="11.421596">
        <ele>1295.070359</ele>
        <time>2026-08-21T09:00:20.791Z</time>
      </trkpt>
      <trkpt lat="46.207792" lon="11.421122">
        <ele>1299.651579</ele>
        <time>2026-08-21T09:00:37.744Z</time>
      </trkpt>
      <trkpt lat="46.207376" lon="11.420680">
        <ele>1304.075288</ele>
        <time>2026-08-21T09:00:53.608Z</time>
      </trkpt>
      <trkpt lat="46.206945" lon="11.420513">
        <ele>1307.898200</ele>
        <time>2026-08-21T09:01:05.840Z</time>
      </trkpt>
      <trkpt lat="46.206546" lon="11.420311">
        <ele>1311.520250</ele>
        <time>2026-08-21T09:01:17.030Z</time>
      </trkpt>
      <trkpt lat="46.206398" lon="11.420285">
        <ele>1312.745280</ele>
        <time>2026-08-21T09:01:20.983Z</time>
      </trkpt>
      <trkpt lat="46.205988" lon="11.420358">
        <ele>1315.530505</ele>
        <time>2026-08-21T09:01:31.922Z</time>
      </trkpt>
      <trkpt lat="46.205305" lon="11.420108">
        <ele>1320.280909</ele>
        <time>2026-08-21T09:01:50.330Z</time>
      </trkpt>
      <trkpt lat="46.205029" lon="11.419751">
        <ele>1322.778456</ele>
        <time>2026-08-21T09:01:59.369Z</time>
      </trkpt>
      <trkpt lat="46.204631" lon="11.419386">
        <ele>1325.771670</ele>
        <time>2026-08-21T09:02:10.130Z</time>
      </trkpt>
      <trkpt lat="46.204258" lon="11.419188">
        <ele>1328.062788</ele>
        <time>2026-08-21T09:02:18.482Z</time>
      </trkpt>
      <trkpt lat="46.203985" lon="11.419101">
        <ele>1329.674633</ele>
        <time>2026-08-21T09:02:24.347Z</time>
      </trkpt>
      <trkpt lat="46.203664" lon="11.419137">
        <ele>1331.530966</ele>
        <time>2026-08-21T09:02:31.163Z</time>
      </trkpt>
      <trkpt lat="46.203345" lon="11.419132">
        <ele>1333.370309</ele>
        <time>2026-08-21T09:02:38.276Z</time>
      </trkpt>
      <trkpt lat="46.202878" lon="11.419361">
        <ele>1336.657584</ele>
        <time>2026-08-21T09:02:50.538Z</time>
      </trkpt>
      <trkpt lat="46.202715" lon="11.419441">
        <ele>1338.028533</ele>
        <time>2026-08-21T09:02:55.205Z</time>
      </trkpt>
      <trkpt lat="46.202080" lon="11.419451">
        <ele>1343.085854</ele>
        <time>2026-08-21T09:03:13.680Z</time>
      </trkpt>
      <trkpt lat="46.201830" lon="11.419386">
        <ele>1345.108787</ele>
        <time>2026-08-21T09:03:21.189Z</time>
      </trkpt>
      <trkpt lat="46.201223" lon="11.419510">
        <ele>1350.018637</ele>
        <time>2026-08-21T09:03:39.325Z</time>
      </trkpt>
      <trkpt lat="46.200934" lon="11.419453">
        <ele>1352.445875</ele>
        <time>2026-08-21T09:03:47.825Z</time>
      </trkpt>
      <trkpt lat="46.200027" lon="11.419092">
        <ele>1360.274700</ele>
        <time>2026-08-21T09:04:13.458Z</time>
      </trkpt>
      <trkpt lat="46.199526" lon="11.418973">
        <ele>1364.547070</ele>
        <time>2026-08-21T09:04:28.573Z</time>
      </trkpt>
      <trkpt lat="46.199342" lon="11.418991">
        <ele>1366.538974</ele>
        <time>2026-08-21T09:04:34.455Z</time>
      </trkpt>
      <trkpt lat="46.199158" lon="11.419064">
        <ele>1368.599896</ele>
        <time>2026-08-21T09:04:40.745Z</time>
      </trkpt>
      <trkpt lat="46.198298" lon="11.419736">
        <ele>1379.160145</ele>
        <time>2026-08-21T09:05:15.897Z</time>
      </trkpt>
      <trkpt lat="46.197908" lon="11.419859">
        <ele>1383.471670</ele>
        <time>2026-08-21T09:05:31.025Z</time>
      </trkpt>
      <trkpt lat="46.197524" lon="11.420097">
        <ele>1388.299624</ele>
        <time>2026-08-21T09:05:46.263Z</time>
      </trkpt>
      <trkpt lat="46.197439" lon="11.420102">
        <ele>1389.287066</ele>
        <time>2026-08-21T09:05:49.313Z</time>
      </trkpt>
      <trkpt lat="46.197077" lon="11.419970">
        <ele>1393.620698</ele>
        <time>2026-08-21T09:06:02.733Z</time>
      </trkpt>
      <trkpt lat="46.196754" lon="11.419905">
        <ele>1397.406070</ele>
        <time>2026-08-21T09:06:14.537Z</time>
      </trkpt>
      <trkpt lat="46.196573" lon="11.419913">
        <ele>1399.507983</ele>
        <time>2026-08-21T09:06:21.183Z</time>
      </trkpt>
      <trkpt lat="46.196361" lon="11.419976">
        <ele>1402.020261</ele>
        <time>2026-08-21T09:06:29.254Z</time>
      </trkpt>
      <trkpt lat="46.195441" lon="11.420376">
        <ele>1413.351574</ele>
        <time>2026-08-21T09:07:06.707Z</time>
      </trkpt>
      <trkpt lat="46.195360" lon="11.420371">
        <ele>1414.312430</ele>
        <time>2026-08-21T09:07:09.921Z</time>
      </trkpt>
      <trkpt lat="46.195158" lon="11.420221">
        <ele>1417.004198</ele>
        <time>2026-08-21T09:07:18.923Z</time>
      </trkpt>
      <trkpt lat="46.195015" lon="11.420167">
        <ele>1418.755918</ele>
        <time>2026-08-21T09:07:24.662Z</time>
      </trkpt>
      <trkpt lat="46.194883" lon="11.420023">
        <ele>1420.716262</ele>
        <time>2026-08-21T09:07:30.914Z</time>
      </trkpt>
      <trkpt lat="46.194847" lon="11.420023">
        <ele>1421.142920</ele>
        <time>2026-08-21T09:07:32.257Z</time>
      </trkpt>
      <trkpt lat="46.194804" lon="11.420063">
        <ele>1421.749051</ele>
        <time>2026-08-21T09:07:34.125Z</time>
      </trkpt>
      <trkpt lat="46.194778" lon="11.420150">
        <ele>1422.526457</ele>
        <time>2026-08-21T09:07:36.511Z</time>
      </trkpt>
      <trkpt lat="46.194824" lon="11.420617">
        <ele>1426.311432</ele>
        <time>2026-08-21T09:07:48.125Z</time>
      </trkpt>
      <trkpt lat="46.194766" lon="11.420718">
        <ele>1427.177743</ele>
        <time>2026-08-21T09:07:51.223Z</time>
      </trkpt>
      <trkpt lat="46.194501" lon="11.420607">
        <ele>1429.809057</ele>
        <time>2026-08-21T09:08:00.032Z</time>
      </trkpt>
      <trkpt lat="46.194084" lon="11.420567">
        <ele>1433.794621</ele>
        <time>2026-08-21T09:08:12.433Z</time>
      </trkpt>
      <trkpt lat="46.193910" lon="11.420393">
        <ele>1435.812784</ele>
        <time>2026-08-21T09:08:19.089Z</time>
      </trkpt>
      <trkpt lat="46.193843" lon="11.420367">
        <ele>1436.474395</ele>
        <time>2026-08-21T09:08:21.163Z</time>
      </trkpt>
      <trkpt lat="46.193606" lon="11.420386">
        <ele>1438.738073</ele>
        <time>2026-08-21T09:08:28.849Z</time>
      </trkpt>
      <trkpt lat="46.193485" lon="11.420496">
        <ele>1440.101489</ele>
        <time>2026-08-21T09:08:33.413Z</time>
      </trkpt>
      <trkpt lat="46.193455" lon="11.420599">
        <ele>1440.839188</ele>
        <time>2026-08-21T09:08:35.778Z</time>
      </trkpt>
      <trkpt lat="46.193484" lon="11.420688">
        <ele>1441.488563</ele>
        <time>2026-08-21T09:08:38.074Z</time>
      </trkpt>
      <trkpt lat="46.193664" lon="11.420913">
        <ele>1443.793839</ele>
        <time>2026-08-21T09:08:45.616Z</time>
      </trkpt>
      <trkpt lat="46.193762" lon="11.421149">
        <ele>1445.710189</ele>
        <time>2026-08-21T09:08:51.625Z</time>
      </trkpt>
      <trkpt lat="46.193962" lon="11.421509">
        <ele>1448.924466</ele>
        <time>2026-08-21T09:09:01.168Z</time>
      </trkpt>
      <trkpt lat="46.193957" lon="11.421580">
        <ele>1449.421410</ele>
        <time>2026-08-21T09:09:02.588Z</time>
      </trkpt>
      <trkpt lat="46.193882" lon="11.421623">
        <ele>1450.233105</ele>
        <time>2026-08-21T09:09:04.919Z</time>
      </trkpt>
      <trkpt lat="46.193552" lon="11.421557">
        <ele>1453.584351</ele>
        <time>2026-08-21T09:09:15.398Z</time>
      </trkpt>
      <trkpt lat="46.193321" lon="11.421586">
        <ele>1455.916817</ele>
        <time>2026-08-21T09:09:23.627Z</time>
      </trkpt>
      <trkpt lat="46.192952" lon="11.421832">
        <ele>1460.004913</ele>
        <time>2026-08-21T09:09:38.084Z</time>
      </trkpt>
      <trkpt lat="46.192842" lon="11.421836">
        <ele>1461.111791</ele>
        <time>2026-08-21T09:09:41.975Z</time>
      </trkpt>
      <trkpt lat="46.192694" lon="11.421885">
        <ele>1462.928080</ele>
        <time>2026-08-21T09:09:47.492Z</time>
      </trkpt>
      <trkpt lat="46.192548" lon="11.422011">
        <ele>1464.984328</ele>
        <time>2026-08-21T09:09:53.887Z</time>
      </trkpt>
      <trkpt lat="46.192458" lon="11.422180">
        <ele>1466.768924</ele>
        <time>2026-08-21T09:09:59.465Z</time>
      </trkpt>
      <trkpt lat="46.192336" lon="11.422275">
        <ele>1468.444633</ele>
        <time>2026-08-21T09:10:04.939Z</time>
      </trkpt>
      <trkpt lat="46.191307" lon="11.422422">
        <ele>1480.946582</ele>
        <time>2026-08-21T09:10:47.333Z</time>
      </trkpt>
      <trkpt lat="46.191215" lon="11.422375">
        <ele>1482.126431</ele>
        <time>2026-08-21T09:10:50.683Z</time>
      </trkpt>
      <trkpt lat="46.191068" lon="11.422204">
        <ele>1484.271375</ele>
        <time>2026-08-21T09:10:56.893Z</time>
      </trkpt>
      <trkpt lat="46.190530" lon="11.422068">
        <ele>1490.252384</ele>
        <time>2026-08-21T09:11:14.525Z</time>
      </trkpt>
      <trkpt lat="46.190078" lon="11.421958">
        <ele>1495.271856</ele>
        <time>2026-08-21T09:11:29.482Z</time>
      </trkpt>
      <trkpt lat="46.189914" lon="11.422058">
        <ele>1497.221217</ele>
        <time>2026-08-21T09:11:35.567Z</time>
      </trkpt>
      <trkpt lat="46.189653" lon="11.422363">
        <ele>1500.897497</ele>
        <time>2026-08-21T09:11:47.591Z</time>
      </trkpt>
      <trkpt lat="46.189529" lon="11.422406">
        <ele>1502.293965</ele>
        <time>2026-08-21T09:11:52.425Z</time>
      </trkpt>
      <trkpt lat="46.189094" lon="11.422391">
        <ele>1507.822412</ele>
        <time>2026-08-21T09:12:10.288Z</time>
      </trkpt>
      <trkpt lat="46.188778" lon="11.422455">
        <ele>1511.922044</ele>
        <time>2026-08-21T09:12:24.611Z</time>
      </trkpt>
      <trkpt lat="46.187413" lon="11.422372">
        <ele>1528.522360</ele>
        <time>2026-08-21T09:13:19.686Z</time>
      </trkpt>
      <trkpt lat="46.186538" lon="11.422092">
        <ele>1537.084152</ele>
        <time>2026-08-21T09:13:47.423Z</time>
      </trkpt>
      <trkpt lat="46.186367" lon="11.422069">
        <ele>1538.724830</ele>
        <time>2026-08-21T09:13:52.221Z</time>
      </trkpt>
      <trkpt lat="46.186007" lon="11.422142">
        <ele>1542.197736</ele>
        <time>2026-08-21T09:14:02.223Z</time>
      </trkpt>
      <trkpt lat="46.185677" lon="11.422407">
        <ele>1545.648807</ele>
        <time>2026-08-21T09:14:12.842Z</time>
      </trkpt>
      <trkpt lat="46.184972" lon="11.422608">
        <ele>1552.139646</ele>
        <time>2026-08-21T09:14:33.377Z</time>
      </trkpt>
      <trkpt lat="46.184460" lon="11.422923">
        <ele>1557.166385</ele>
        <time>2026-08-21T09:14:50.252Z</time>
      </trkpt>
      <trkpt lat="46.184374" lon="11.423044">
        <ele>1558.250819</ele>
        <time>2026-08-21T09:14:54.223Z</time>
      </trkpt>
      <trkpt lat="46.184394" lon="11.423114">
        <ele>1558.724383</ele>
        <time>2026-08-21T09:14:56.005Z</time>
      </trkpt>
      <trkpt lat="46.184461" lon="11.423169">
        <ele>1559.570244</ele>
        <time>2026-08-21T09:14:58.670Z</time>
      </trkpt>
      <trkpt lat="46.184713" lon="11.423021">
        <ele>1563.621640</ele>
        <time>2026-08-21T09:15:08.961Z</time>
      </trkpt>
      <trkpt lat="46.184941" lon="11.422946">
        <ele>1567.104166</ele>
        <time>2026-08-21T09:15:18.825Z</time>
      </trkpt>
      <trkpt lat="46.185478" lon="11.423123">
        <ele>1575.307242</ele>
        <time>2026-08-21T09:15:44.412Z</time>
      </trkpt>
      <trkpt lat="46.185898" lon="11.423368">
        <ele>1582.053096</ele>
        <time>2026-08-21T09:16:07.681Z</time>
      </trkpt>
      <trkpt lat="46.187279" lon="11.424252">
        <ele>1605.007785</ele>
        <time>2026-08-21T09:17:22.939Z</time>
      </trkpt>
      <trkpt lat="46.187470" lon="11.424466">
        <ele>1608.696615</ele>
        <time>2026-08-21T09:17:33.145Z</time>
      </trkpt>
      <trkpt lat="46.187734" lon="11.424592">
        <ele>1612.939621</ele>
        <time>2026-08-21T09:17:44.072Z</time>
      </trkpt>
      <trkpt lat="46.187750" lon="11.424658">
        <ele>1613.559592</ele>
        <time>2026-08-21T09:17:45.875Z</time>
      </trkpt>
      <trkpt lat="46.187724" lon="11.424728">
        <ele>1614.005464</ele>
        <time>2026-08-21T09:17:47.912Z</time>
      </trkpt>
      <trkpt lat="46.187689" lon="11.424751">
        <ele>1614.317211</ele>
        <time>2026-08-21T09:17:49.296Z</time>
      </trkpt>
      <trkpt lat="46.187453" lon="11.424698">
        <ele>1616.253567</ele>
        <time>2026-08-21T09:17:57.539Z</time>
      </trkpt>
      <trkpt lat="46.187085" lon="11.424695">
        <ele>1619.237173</ele>
        <time>2026-08-21T09:18:08.917Z</time>
      </trkpt>
      <trkpt lat="46.186122" lon="11.424780">
        <ele>1627.059256</ele>
        <time>2026-08-21T09:18:32.460Z</time>
      </trkpt>
      <trkpt lat="46.185816" lon="11.424843">
        <ele>1629.486287</ele>
        <time>2026-08-21T09:18:39.172Z</time>
      </trkpt>
      <trkpt lat="46.185575" lon="11.424954">
        <ele>1631.433206</ele>
        <time>2026-08-21T09:18:44.854Z</time>
      </trkpt>
      <trkpt lat="46.185069" lon="11.425320">
        <ele>1635.788761</ele>
        <time>2026-08-21T09:18:57.884Z</time>
      </trkpt>
      <trkpt lat="46.184924" lon="11.425540">
        <ele>1637.407339</ele>
        <time>2026-08-21T09:19:03.524Z</time>
      </trkpt>
      <trkpt lat="46.184756" lon="11.425716">
        <ele>1639.004684</ele>
        <time>2026-08-21T09:19:10.065Z</time>
      </trkpt>
      <trkpt lat="46.184462" lon="11.425898">
        <ele>1641.466579</ele>
        <time>2026-08-21T09:19:20.983Z</time>
      </trkpt>
      <trkpt lat="46.184424" lon="11.425937">
        <ele>1641.825368</ele>
        <time>2026-08-21T09:19:22.499Z</time>
      </trkpt>
      <trkpt lat="46.184424" lon="11.426002">
        <ele>1642.321290</ele>
        <time>2026-08-21T09:19:24.093Z</time>
      </trkpt>
      <trkpt lat="46.184464" lon="11.426044">
        <ele>1642.879379</ele>
        <time>2026-08-21T09:19:26.070Z</time>
      </trkpt>
      <trkpt lat="46.185283" lon="11.425709">
        <ele>1652.485570</ele>
        <time>2026-08-21T09:19:59.044Z</time>
      </trkpt>
      <trkpt lat="46.185929" lon="11.425749">
        <ele>1659.782617</ele>
        <time>2026-08-21T09:20:23.742Z</time>
      </trkpt>
      <trkpt lat="46.186336" lon="11.425930">
        <ele>1663.979158</ele>
        <time>2026-08-21T09:20:37.255Z</time>
      </trkpt>
      <trkpt lat="46.186499" lon="11.425955">
        <ele>1665.366869</ele>
        <time>2026-08-21T09:20:41.976Z</time>
      </trkpt>
      <trkpt lat="46.186560" lon="11.425987">
        <ele>1665.916297</ele>
        <time>2026-08-21T09:20:43.764Z</time>
      </trkpt>
      <trkpt lat="46.186589" lon="11.426054">
        <ele>1666.379421</ele>
        <time>2026-08-21T09:20:45.345Z</time>
      </trkpt>
      <trkpt lat="46.186535" lon="11.426111">
        <ele>1666.945644</ele>
        <time>2026-08-21T09:20:47.165Z</time>
      </trkpt>
      <trkpt lat="46.186211" lon="11.426081">
        <ele>1669.694248</ele>
        <time>2026-08-21T09:20:55.925Z</time>
      </trkpt>
      <trkpt lat="46.186104" lon="11.426098">
        <ele>1670.605570</ele>
        <time>2026-08-21T09:20:58.808Z</time>
      </trkpt>
      <trkpt lat="46.185475" lon="11.426417">
        <ele>1676.249369</ele>
        <time>2026-08-21T09:21:16.718Z</time>
      </trkpt>
      <trkpt lat="46.185057" lon="11.427002">
        <ele>1681.981410</ele>
        <time>2026-08-21T09:21:35.028Z</time>
      </trkpt>
      <trkpt lat="46.184702" lon="11.427699">
        <ele>1688.126922</ele>
        <time>2026-08-21T09:21:55.039Z</time>
      </trkpt>
      <trkpt lat="46.183714" lon="11.429837">
        <ele>1708.286663</ele>
        <time>2026-08-21T09:22:59.573Z</time>
      </trkpt>
      <trkpt lat="46.183539" lon="11.430421">
        <ele>1713.621187</ele>
        <time>2026-08-21T09:23:18.230Z</time>
      </trkpt>
      <trkpt lat="46.183502" lon="11.430770">
        <ele>1716.580948</ele>
        <time>2026-08-21T09:23:28.480Z</time>
      </trkpt>
      <trkpt lat="46.183335" lon="11.431049">
        <ele>1719.273021</ele>
        <time>2026-08-21T09:23:38.819Z</time>
      </trkpt>
      <trkpt lat="46.183279" lon="11.431736">
        <ele>1723.950614</ele>
        <time>2026-08-21T09:23:56.476Z</time>
      </trkpt>
      <trkpt lat="46.183093" lon="11.432092">
        <ele>1726.966420</ele>
        <time>2026-08-21T09:24:06.403Z</time>
      </trkpt>
      <trkpt lat="46.182980" lon="11.432256">
        <ele>1728.530980</ele>
        <time>2026-08-21T09:24:11.065Z</time>
      </trkpt>
      <trkpt lat="46.182822" lon="11.432903">
        <ele>1733.170206</ele>
        <time>2026-08-21T09:24:23.503Z</time>
      </trkpt>
      <trkpt lat="46.182765" lon="11.433259">
        <ele>1735.719181</ele>
        <time>2026-08-21T09:24:29.988Z</time>
      </trkpt>
      <trkpt lat="46.182738" lon="11.433632">
        <ele>1738.678245</ele>
        <time>2026-08-21T09:24:36.989Z</time>
      </trkpt>
      <trkpt lat="46.182415" lon="11.434395">
        <ele>1745.734581</ele>
        <time>2026-08-21T09:24:56.714Z</time>
      </trkpt>
      <trkpt lat="46.182335" lon="11.434636">
        <ele>1747.843374</ele>
        <time>2026-08-21T09:25:03.711Z</time>
      </trkpt>
      <trkpt lat="46.182247" lon="11.435223">
        <ele>1752.582254</ele>
        <time>2026-08-21T09:25:21.008Z</time>
      </trkpt>
      <trkpt lat="46.182130" lon="11.435721">
        <ele>1756.934381</ele>
        <time>2026-08-21T09:25:38.335Z</time>
      </trkpt>
      <trkpt lat="46.181683" lon="11.436473">
        <ele>1766.247920</ele>
        <time>2026-08-21T09:26:12.692Z</time>
      </trkpt>
      <trkpt lat="46.181342" lon="11.436948">
        <ele>1772.677802</ele>
        <time>2026-08-21T09:26:32.714Z</time>
      </trkpt>
      <trkpt lat="46.181017" lon="11.437372">
        <ele>1778.621874</ele>
        <time>2026-08-21T09:26:48.200Z</time>
      </trkpt>
      <trkpt lat="46.181017" lon="11.437468">
        <ele>1779.524002</ele>
        <time>2026-08-21T09:26:50.299Z</time>
      </trkpt>
      <trkpt lat="46.181057" lon="11.437517">
        <ele>1780.170778</ele>
        <time>2026-08-21T09:26:52.036Z</time>
      </trkpt>
      <trkpt lat="46.181161" lon="11.437507">
        <ele>1780.988751</ele>
        <time>2026-08-21T09:26:55.374Z</time>
      </trkpt>
      <trkpt lat="46.181298" lon="11.437425">
        <ele>1782.152561</ele>
        <time>2026-08-21T09:26:59.983Z</time>
      </trkpt>
      <trkpt lat="46.181635" lon="11.437381">
        <ele>1784.808038</ele>
        <time>2026-08-21T09:27:09.444Z</time>
      </trkpt>
      <trkpt lat="46.181877" lon="11.437148">
        <ele>1787.090495</ele>
        <time>2026-08-21T09:27:17.055Z</time>
      </trkpt>
      <trkpt lat="46.181924" lon="11.437167">
        <ele>1787.473515</ele>
        <time>2026-08-21T09:27:18.537Z</time>
      </trkpt>
      <trkpt lat="46.181943" lon="11.437245">
        <ele>1787.922797</ele>
        <time>2026-08-21T09:27:19.845Z</time>
      </trkpt>
      <trkpt lat="46.181548" lon="11.437936">
        <ele>1792.791695</ele>
        <time>2026-08-21T09:27:35.274Z</time>
      </trkpt>
      <trkpt lat="46.181385" lon="11.438298">
        <ele>1794.996676</ele>
        <time>2026-08-21T09:27:43.373Z</time>
      </trkpt>
      <trkpt lat="46.181385" lon="11.438321">
        <ele>1795.102880</ele>
        <time>2026-08-21T09:27:43.785Z</time>
      </trkpt>
      <trkpt lat="46.181388" lon="11.438342">
        <ele>1795.201892</ele>
        <time>2026-08-21T09:27:44.165Z</time>
      </trkpt>
      <trkpt lat="46.181394" lon="11.438364">
        <ele>1795.311075</ele>
        <time>2026-08-21T09:27:44.646Z</time>
      </trkpt>
      <trkpt lat="46.181405" lon="11.438378">
        <ele>1795.408855</ele>
        <time>2026-08-21T09:27:45.108Z</time>
      </trkpt>
      <trkpt lat="46.181426" lon="11.438381">
        <ele>1795.549591</ele>
        <time>2026-08-21T09:27:45.736Z</time>
      </trkpt>
      <trkpt lat="46.181445" lon="11.438380">
        <ele>1795.676389</ele>
        <time>2026-08-21T09:27:46.272Z</time>
      </trkpt>
      <trkpt lat="46.181640" lon="11.438164">
        <ele>1797.315307</ele>
        <time>2026-08-21T09:27:52.441Z</time>
      </trkpt>
      <trkpt lat="46.181964" lon="11.437780">
        <ele>1800.110498</ele>
        <time>2026-08-21T09:28:02.759Z</time>
      </trkpt>
      <trkpt lat="46.181978" lon="11.437764">
        <ele>1800.229561</ele>
        <time>2026-08-21T09:28:03.150Z</time>
      </trkpt>
      <trkpt lat="46.182248" lon="11.437612">
        <ele>1802.162183</ele>
        <time>2026-08-21T09:28:09.806Z</time>
      </trkpt>
      <trkpt lat="46.182452" lon="11.437475">
        <ele>1803.662569</ele>
        <time>2026-08-21T09:28:14.534Z</time>
      </trkpt>
      <trkpt lat="46.182865" lon="11.437038">
        <ele>1807.575475</ele>
        <time>2026-08-21T09:28:27.153Z</time>
      </trkpt>
      <trkpt lat="46.182946" lon="11.437033">
        <ele>1808.420840</ele>
        <time>2026-08-21T09:28:29.405Z</time>
      </trkpt>
      <trkpt lat="46.182967" lon="11.437125">
        <ele>1809.120178</ele>
        <time>2026-08-21T09:28:31.373Z</time>
      </trkpt>
      <trkpt lat="46.182710" lon="11.437563">
        <ele>1813.265014</ele>
        <time>2026-08-21T09:28:43.587Z</time>
      </trkpt>
      <trkpt lat="46.182518" lon="11.438020">
        <ele>1817.124148</ele>
        <time>2026-08-21T09:28:56.989Z</time>
      </trkpt>
      <trkpt lat="46.182306" lon="11.438161">
        <ele>1819.557802</ele>
        <time>2026-08-21T09:29:05.711Z</time>
      </trkpt>
      <trkpt lat="46.182240" lon="11.438263">
        <ele>1820.565696</ele>
        <time>2026-08-21T09:29:09.377Z</time>
      </trkpt>
      <trkpt lat="46.182215" lon="11.438423">
        <ele>1821.749844</ele>
        <time>2026-08-21T09:29:13.709Z</time>
      </trkpt>
      <trkpt lat="46.182237" lon="11.438807">
        <ele>1824.531556</ele>
        <time>2026-08-21T09:29:23.962Z</time>
      </trkpt>
      <trkpt lat="46.182207" lon="11.438992">
        <ele>1826.207409</ele>
        <time>2026-08-21T09:29:29.292Z</time>
      </trkpt>
      <trkpt lat="46.182103" lon="11.439112">
        <ele>1828.036752</ele>
        <time>2026-08-21T09:29:34.848Z</time>
      </trkpt>
      <trkpt lat="46.182033" lon="11.439261">
        <ele>1829.750069</ele>
        <time>2026-08-21T09:29:40.130Z</time>
      </trkpt>
      <trkpt lat="46.181959" lon="11.440004">
        <ele>1836.892571</ele>
        <time>2026-08-21T09:30:02.539Z</time>
      </trkpt>
      <trkpt lat="46.181890" lon="11.440185">
        <ele>1838.858605</ele>
        <time>2026-08-21T09:30:08.613Z</time>
      </trkpt>
      <trkpt lat="46.181816" lon="11.440490">
        <ele>1841.933750</ele>
        <time>2026-08-21T09:30:18.230Z</time>
      </trkpt>
      <trkpt lat="46.181408" lon="11.441302">
        <ele>1851.371113</ele>
        <time>2026-08-21T09:30:48.683Z</time>
      </trkpt>
      <trkpt lat="46.181371" lon="11.441375">
        <ele>1852.180193</ele>
        <time>2026-08-21T09:30:51.185Z</time>
      </trkpt>
      <trkpt lat="46.181264" lon="11.441585">
        <ele>1854.511976</ele>
        <time>2026-08-21T09:30:58.542Z</time>
      </trkpt>
      <trkpt lat="46.181194" lon="11.441744">
        <ele>1856.197049</ele>
        <time>2026-08-21T09:31:03.817Z</time>
      </trkpt>
      <trkpt lat="46.181168" lon="11.441801">
        <ele>1856.807488</ele>
        <time>2026-08-21T09:31:05.692Z</time>
      </trkpt>
      <trkpt lat="46.181153" lon="11.441837">
        <ele>1857.183244</ele>
        <time>2026-08-21T09:31:06.909Z</time>
      </trkpt>
      <trkpt lat="46.181033" lon="11.441998">
        <ele>1859.298809</ele>
        <time>2026-08-21T09:31:13.226Z</time>
      </trkpt>
      <trkpt lat="46.180815" lon="11.442074">
        <ele>1862.195483</ele>
        <time>2026-08-21T09:31:21.538Z</time>
      </trkpt>
      <trkpt lat="46.180719" lon="11.442070">
        <ele>1863.435986</ele>
        <time>2026-08-21T09:31:25.243Z</time>
      </trkpt>
      <trkpt lat="46.180631" lon="11.442026">
        <ele>1864.638828</ele>
        <time>2026-08-21T09:31:28.597Z</time>
      </trkpt>
      <trkpt lat="46.180319" lon="11.441819">
        <ele>1869.073657</ele>
        <time>2026-08-21T09:31:41.914Z</time>
      </trkpt>
      <trkpt lat="46.180159" lon="11.441675">
        <ele>1871.508723</ele>
        <time>2026-08-21T09:31:49.597Z</time>
      </trkpt>
      <trkpt lat="46.179999" lon="11.441656">
        <ele>1873.759659</ele>
        <time>2026-08-21T09:31:55.919Z</time>
      </trkpt>
      <trkpt lat="46.179840" lon="11.441596">
        <ele>1876.431972</ele>
        <time>2026-08-21T09:32:02.511Z</time>
      </trkpt>
      <trkpt lat="46.179659" lon="11.441421">
        <ele>1879.973873</ele>
        <time>2026-08-21T09:32:11.847Z</time>
      </trkpt>
      <trkpt lat="46.179502" lon="11.441319">
        <ele>1882.773281</ele>
        <time>2026-08-21T09:32:19.721Z</time>
      </trkpt>
      <trkpt lat="46.179195" lon="11.441259">
        <ele>1887.810942</ele>
        <time>2026-08-21T09:32:35.089Z</time>
      </trkpt>
      <trkpt lat="46.179003" lon="11.441076">
        <ele>1891.551686</ele>
        <time>2026-08-21T09:32:47.042Z</time>
      </trkpt>
      <trkpt lat="46.178781" lon="11.441048">
        <ele>1895.175391</ele>
        <time>2026-08-21T09:32:59.073Z</time>
      </trkpt>
      <trkpt lat="46.178048" lon="11.440216">
        <ele>1909.312145</ele>
        <time>2026-08-21T09:33:48.930Z</time>
      </trkpt>
      <trkpt lat="46.177816" lon="11.439867">
        <ele>1914.078873</ele>
        <time>2026-08-21T09:34:04.750Z</time>
      </trkpt>
      <trkpt lat="46.177735" lon="11.439684">
        <ele>1916.218822</ele>
        <time>2026-08-21T09:34:11.541Z</time>
      </trkpt>
      <trkpt lat="46.177693" lon="11.439544">
        <ele>1917.722100</ele>
        <time>2026-08-21T09:34:16.113Z</time>
      </trkpt>
      <trkpt lat="46.177614" lon="11.439410">
        <ele>1919.456091</ele>
        <time>2026-08-21T09:34:21.271Z</time>
      </trkpt>
      <trkpt lat="46.177483" lon="11.439291">
        <ele>1921.658210</ele>
        <time>2026-08-21T09:34:27.580Z</time>
      </trkpt>
      <trkpt lat="46.177388" lon="11.439148">
        <ele>1923.610755</ele>
        <time>2026-08-21T09:34:32.872Z</time>
      </trkpt>
      <trkpt lat="46.177315" lon="11.438910">
        <ele>1926.175477</ele>
        <time>2026-08-21T09:34:39.250Z</time>
      </trkpt>
      <trkpt lat="46.176946" lon="11.438617">
        <ele>1929.591169</ele>
        <time>2026-08-21T09:34:50.972Z</time>
      </trkpt>
      <trkpt lat="46.176773" lon="11.438259">
        <ele>1931.390281</ele>
        <time>2026-08-21T09:34:57.532Z</time>
      </trkpt>
      <trkpt lat="46.176677" lon="11.437888">
        <ele>1933.022483</ele>
        <time>2026-08-21T09:35:03.157Z</time>
      </trkpt>
      <trkpt lat="46.176725" lon="11.437377">
        <ele>1935.147660</ele>
        <time>2026-08-21T09:35:09.573Z</time>
      </trkpt>
      <trkpt lat="46.176656" lon="11.436852">
        <ele>1937.349874</ele>
        <time>2026-08-21T09:35:16.451Z</time>
      </trkpt>
      <trkpt lat="46.176620" lon="11.436779">
        <ele>1937.719214</ele>
        <time>2026-08-21T09:35:17.666Z</time>
      </trkpt>
      <trkpt lat="46.176570" lon="11.436755">
        <ele>1938.032801</ele>
        <time>2026-08-21T09:35:18.709Z</time>
      </trkpt>
      <trkpt lat="46.176179" lon="11.436890">
        <ele>1941.055707</ele>
        <time>2026-08-21T09:35:27.512Z</time>
      </trkpt>
      <trkpt lat="46.175166" lon="11.437411">
        <ele>1949.490941</ele>
        <time>2026-08-21T09:36:01.363Z</time>
      </trkpt>
      <trkpt lat="46.175085" lon="11.437437">
        <ele>1950.141841</ele>
        <time>2026-08-21T09:36:03.982Z</time>
      </trkpt>
      <trkpt lat="46.174912" lon="11.437405">
        <ele>1951.510003</ele>
        <time>2026-08-21T09:36:09.253Z</time>
      </trkpt>
      <trkpt lat="46.174831" lon="11.437451">
        <ele>1952.192761</ele>
        <time>2026-08-21T09:36:11.811Z</time>
      </trkpt>
      <trkpt lat="46.174823" lon="11.437530">
        <ele>1952.624050</ele>
        <time>2026-08-21T09:36:13.290Z</time>
      </trkpt>
      <trkpt lat="46.174872" lon="11.437620">
        <ele>1953.225659</ele>
        <time>2026-08-21T09:36:15.456Z</time>
      </trkpt>
      <trkpt lat="46.175180" lon="11.437580">
        <ele>1955.572387</ele>
        <time>2026-08-21T09:36:22.998Z</time>
      </trkpt>
      <trkpt lat="46.175227" lon="11.437616">
        <ele>1955.976115</ele>
        <time>2026-08-21T09:36:24.163Z</time>
      </trkpt>
      <trkpt lat="46.175306" lon="11.437750">
        <ele>1956.900894</ele>
        <time>2026-08-21T09:36:26.934Z</time>
      </trkpt>
      <trkpt lat="46.175369" lon="11.437791">
        <ele>1957.425280</ele>
        <time>2026-08-21T09:36:28.435Z</time>
      </trkpt>
      <trkpt lat="46.175508" lon="11.437755">
        <ele>1958.496927</ele>
        <time>2026-08-21T09:36:31.599Z</time>
      </trkpt>
      <trkpt lat="46.175852" lon="11.437541">
        <ele>1961.339316</ele>
        <time>2026-08-21T09:36:40.238Z</time>
      </trkpt>
      <trkpt lat="46.175922" lon="11.437548">
        <ele>1961.871791</ele>
        <time>2026-08-21T09:36:41.795Z</time>
      </trkpt>
      <trkpt lat="46.175979" lon="11.437605">
        <ele>1962.397921</ele>
        <time>2026-08-21T09:36:43.448Z</time>
      </trkpt>
      <trkpt lat="46.175991" lon="11.437652">
        <ele>1962.661146</ele>
        <time>2026-08-21T09:36:44.313Z</time>
      </trkpt>
      <trkpt lat="46.175971" lon="11.437720">
        <ele>1963.049363</ele>
        <time>2026-08-21T09:36:45.532Z</time>
      </trkpt>
      <trkpt lat="46.175821" lon="11.437734">
        <ele>1964.190032</ele>
        <time>2026-08-21T09:36:49.509Z</time>
      </trkpt>
      <trkpt lat="46.175647" lon="11.437919">
        <ele>1965.829708</ele>
        <time>2026-08-21T09:36:55.916Z</time>
      </trkpt>
      <trkpt lat="46.175363" lon="11.438152">
        <ele>1970.376452</ele>
        <time>2026-08-21T09:37:08.373Z</time>
      </trkpt>
      <trkpt lat="46.175145" lon="11.438133">
        <ele>1973.661091</ele>
        <time>2026-08-21T09:37:17.620Z</time>
      </trkpt>
      <trkpt lat="46.175078" lon="11.438183">
        <ele>1974.795348</ele>
        <time>2026-08-21T09:37:20.744Z</time>
      </trkpt>
      <trkpt lat="46.175060" lon="11.438249">
        <ele>1975.534090</ele>
        <time>2026-08-21T09:37:22.999Z</time>
      </trkpt>
      <trkpt lat="46.175082" lon="11.438321">
        <ele>1976.353684</ele>
        <time>2026-08-21T09:37:25.419Z</time>
      </trkpt>
      <trkpt lat="46.175306" lon="11.438398">
        <ele>1979.816721</ele>
        <time>2026-08-21T09:37:36.218Z</time>
      </trkpt>
      <trkpt lat="46.175359" lon="11.438455">
        <ele>1980.810585</ele>
        <time>2026-08-21T09:37:39.493Z</time>
      </trkpt>
      <trkpt lat="46.175389" lon="11.438549">
        <ele>1981.888508</ele>
        <time>2026-08-21T09:37:42.945Z</time>
      </trkpt>
      <trkpt lat="46.175391" lon="11.438853">
        <ele>1985.054612</ele>
        <time>2026-08-21T09:37:53.809Z</time>
      </trkpt>
      <trkpt lat="46.175475" lon="11.438961">
        <ele>1986.746089</ele>
        <time>2026-08-21T09:37:59.495Z</time>
      </trkpt>
      <trkpt lat="46.175506" lon="11.439116">
        <ele>1988.426293</ele>
        <time>2026-08-21T09:38:05.305Z</time>
      </trkpt>
      <trkpt lat="46.175448" lon="11.439230">
        <ele>1989.899536</ele>
        <time>2026-08-21T09:38:10.522Z</time>
      </trkpt>
      <trkpt lat="46.175390" lon="11.439265">
        <ele>1990.844936</ele>
        <time>2026-08-21T09:38:13.745Z</time>
      </trkpt>
      <trkpt lat="46.175263" lon="11.439228">
        <ele>1992.793470</ele>
        <time>2026-08-21T09:38:20.704Z</time>
      </trkpt>
      <trkpt lat="46.175056" lon="11.439110">
        <ele>1995.964653</ele>
        <time>2026-08-21T09:38:33.377Z</time>
      </trkpt>
      <trkpt lat="46.174478" lon="11.439372">
        <ele>2004.520968</ele>
        <time>2026-08-21T09:39:03.278Z</time>
      </trkpt>
      <trkpt lat="46.174278" lon="11.439476">
        <ele>2007.523295</ele>
        <time>2026-08-21T09:39:13.220Z</time>
      </trkpt>
      <trkpt lat="46.174219" lon="11.439547">
        <ele>2008.608008</ele>
        <time>2026-08-21T09:39:16.938Z</time>
      </trkpt>
      <trkpt lat="46.174158" lon="11.439707">
        <ele>2010.394359</ele>
        <time>2026-08-21T09:39:22.380Z</time>
      </trkpt>
      <trkpt lat="46.174092" lon="11.439964">
        <ele>2013.075198</ele>
        <time>2026-08-21T09:39:30.066Z</time>
      </trkpt>
      <trkpt lat="46.174090" lon="11.440011">
        <ele>2013.535742</ele>
        <time>2026-08-21T09:39:31.196Z</time>
      </trkpt>
      <trkpt lat="46.174105" lon="11.440099">
        <ele>2014.422106</ele>
        <time>2026-08-21T09:39:33.510Z</time>
      </trkpt>
      <trkpt lat="46.174130" lon="11.440149">
        <ele>2015.025277</ele>
        <time>2026-08-21T09:39:35.152Z</time>
      </trkpt>
      <trkpt lat="46.174157" lon="11.440186">
        <ele>2015.550992</ele>
        <time>2026-08-21T09:39:36.345Z</time>
      </trkpt>
      <trkpt lat="46.174167" lon="11.440199">
        <ele>2015.741029</ele>
        <time>2026-08-21T09:39:36.761Z</time>
      </trkpt>
      <trkpt lat="46.174183" lon="11.440218">
        <ele>2016.033603</ele>
        <time>2026-08-21T09:39:37.423Z</time>
      </trkpt>
      <trkpt lat="46.174215" lon="11.440255">
        <ele>2016.612589</ele>
        <time>2026-08-21T09:39:38.827Z</time>
      </trkpt>
      <trkpt lat="46.174247" lon="11.440400">
        <ele>2018.101017</ele>
        <time>2026-08-21T09:39:42.080Z</time>
      </trkpt>
      <trkpt lat="46.174214" lon="11.440483">
        <ele>2018.723705</ele>
        <time>2026-08-21T09:39:44.157Z</time>
      </trkpt>
      <trkpt lat="46.174142" lon="11.440588">
        <ele>2018.976706</ele>
        <time>2026-08-21T09:39:46.828Z</time>
      </trkpt>
      <trkpt lat="46.174079" lon="11.440634">
        <ele>2019.151252</ele>
        <time>2026-08-21T09:39:48.819Z</time>
      </trkpt>
      <trkpt lat="46.173989" lon="11.440649">
        <ele>2019.375254</ele>
        <time>2026-08-21T09:39:50.845Z</time>
      </trkpt>
      <trkpt lat="46.173911" lon="11.440557">
        <ele>2019.624261</ele>
        <time>2026-08-21T09:39:53.062Z</time>
      </trkpt>
      <trkpt lat="46.173856" lon="11.440321">
        <ele>2020.050595</ele>
        <time>2026-08-21T09:39:55.718Z</time>
      </trkpt>
      <trkpt lat="46.173839" lon="11.440074">
        <ele>2020.475576</ele>
        <time>2026-08-21T09:39:57.512Z</time>
      </trkpt>
      <trkpt lat="46.173887" lon="11.439642">
        <ele>2021.224680</ele>
        <time>2026-08-21T09:40:00.680Z</time>
      </trkpt>
      <trkpt lat="46.173866" lon="11.439560">
        <ele>2021.374369</ele>
        <time>2026-08-21T09:40:01.536Z</time>
      </trkpt>
      <trkpt lat="46.173822" lon="11.439570">
        <ele>2021.484498</ele>
        <time>2026-08-21T09:40:02.078Z</time>
      </trkpt>
      <trkpt lat="46.173803" lon="11.439609">
        <ele>2021.566141</ele>
        <time>2026-08-21T09:40:02.465Z</time>
      </trkpt>
      <trkpt lat="46.173761" lon="11.439819">
        <ele>2021.940386</ele>
        <time>2026-08-21T09:40:03.898Z</time>
      </trkpt>
      <trkpt lat="46.173577" lon="11.440420">
        <ele>2023.065466</ele>
        <time>2026-08-21T09:40:07.256Z</time>
      </trkpt>
      <trkpt lat="46.173564" lon="11.440457">
        <ele>2023.077235</ele>
        <time>2026-08-21T09:40:07.462Z</time>
      </trkpt>
      <trkpt lat="46.173507" lon="11.440612">
        <ele>2022.823879</ele>
        <time>2026-08-21T09:40:08.426Z</time>
      </trkpt>
      <trkpt lat="46.173468" lon="11.440793">
        <ele>2022.550226</ele>
        <time>2026-08-21T09:40:09.587Z</time>
      </trkpt>
      <trkpt lat="46.173459" lon="11.440879">
        <ele>2022.424664</ele>
        <time>2026-08-21T09:40:10.016Z</time>
      </trkpt>
      <trkpt lat="46.173457" lon="11.440906">
        <ele>2022.385464</ele>
        <time>2026-08-21T09:40:10.164Z</time>
      </trkpt>
      <trkpt lat="46.173456" lon="11.440934">
        <ele>2022.344988</ele>
        <time>2026-08-21T09:40:10.334Z</time>
      </trkpt>
      <trkpt lat="46.173452" lon="11.440968">
        <ele>2022.295202</ele>
        <time>2026-08-21T09:40:10.530Z</time>
      </trkpt>
      <trkpt lat="46.173443" lon="11.441037">
        <ele>2022.193840</ele>
        <time>2026-08-21T09:40:10.853Z</time>
      </trkpt>
      <trkpt lat="46.173440" lon="11.441057">
        <ele>2022.164298</ele>
        <time>2026-08-21T09:40:10.945Z</time>
      </trkpt>
      <trkpt lat="46.173418" lon="11.441146">
        <ele>2022.027875</ele>
        <time>2026-08-21T09:40:11.399Z</time>
      </trkpt>
      <trkpt lat="46.173399" lon="11.441191">
        <ele>2021.951788</ele>
        <time>2026-08-21T09:40:11.657Z</time>
      </trkpt>
      <trkpt lat="46.173357" lon="11.441273">
        <ele>2021.804548</ele>
        <time>2026-08-21T09:40:12.105Z</time>
      </trkpt>
      <trkpt lat="46.173316" lon="11.441353">
        <ele>2021.660869</ele>
        <time>2026-08-21T09:40:12.581Z</time>
      </trkpt>
      <trkpt lat="46.173288" lon="11.441407">
        <ele>2021.563480</ele>
        <time>2026-08-21T09:40:12.878Z</time>
      </trkpt>
      <trkpt lat="46.173131" lon="11.441659">
        <ele>2021.074120</ele>
        <time>2026-08-21T09:40:14.401Z</time>
      </trkpt>
      <trkpt lat="46.173096" lon="11.441754">
        <ele>2020.918773</ele>
        <time>2026-08-21T09:40:14.877Z</time>
      </trkpt>
      <trkpt lat="46.173109" lon="11.441820">
        <ele>2020.819713</ele>
        <time>2026-08-21T09:40:15.184Z</time>
      </trkpt>
      <trkpt lat="46.173168" lon="11.442126">
        <ele>2020.361158</ele>
        <time>2026-08-21T09:40:16.666Z</time>
      </trkpt>
      <trkpt lat="46.173014" lon="11.442520">
        <ele>2019.708014</ele>
        <time>2026-08-21T09:40:18.663Z</time>
      </trkpt>
      <trkpt lat="46.172899" lon="11.443221">
        <ele>2016.933396</ele>
        <time>2026-08-21T09:40:21.598Z</time>
      </trkpt>
      <trkpt lat="46.173032" lon="11.443872">
        <ele>2013.478251</ele>
        <time>2026-08-21T09:40:24.207Z</time>
      </trkpt>
      <trkpt lat="46.173028" lon="11.444039">
        <ele>2012.627626</ele>
        <time>2026-08-21T09:40:24.833Z</time>
      </trkpt>
      <trkpt lat="46.172972" lon="11.444240">
        <ele>2011.524724</ele>
        <time>2026-08-21T09:40:25.632Z</time>
      </trkpt>
      <trkpt lat="46.172880" lon="11.444368">
        <ele>2010.585602</ele>
        <time>2026-08-21T09:40:26.305Z</time>
      </trkpt>
      <trkpt lat="46.172862" lon="11.444381">
        <ele>2010.437656</ele>
        <time>2026-08-21T09:40:26.411Z</time>
      </trkpt>
      <trkpt lat="46.172831" lon="11.444404">
        <ele>2010.181454</ele>
        <time>2026-08-21T09:40:26.591Z</time>
      </trkpt>
      <trkpt lat="46.172753" lon="11.444418">
        <ele>2009.603655</ele>
        <time>2026-08-21T09:40:27.005Z</time>
      </trkpt>
      <trkpt lat="46.172676" lon="11.444408">
        <ele>2009.035335</ele>
        <time>2026-08-21T09:40:27.404Z</time>
      </trkpt>
      <trkpt lat="46.172659" lon="11.444398">
        <ele>2008.900396</ele>
        <time>2026-08-21T09:40:27.495Z</time>
      </trkpt>
      <trkpt lat="46.172642" lon="11.444388">
        <ele>2008.765457</ele>
        <time>2026-08-21T09:40:27.594Z</time>
      </trkpt>
      <trkpt lat="46.172486" lon="11.444247">
        <ele>2007.412578</ele>
        <time>2026-08-21T09:40:28.532Z</time>
      </trkpt>
      <trkpt lat="46.172298" lon="11.443910">
        <ele>2004.591917</ele>
        <time>2026-08-21T09:40:30.060Z</time>
      </trkpt>
      <trkpt lat="46.172242" lon="11.443706">
        <ele>2002.727219</ele>
        <time>2026-08-21T09:40:30.835Z</time>
      </trkpt>
      <trkpt lat="46.172243" lon="11.443443">
        <ele>2000.492370</ele>
        <time>2026-08-21T09:40:31.757Z</time>
      </trkpt>
      <trkpt lat="46.172192" lon="11.443303">
        <ele>1999.148172</ele>
        <time>2026-08-21T09:40:32.311Z</time>
      </trkpt>
      <trkpt lat="46.172114" lon="11.443222">
        <ele>1997.969267</ele>
        <time>2026-08-21T09:40:32.795Z</time>
      </trkpt>
      <trkpt lat="46.172024" lon="11.443211">
        <ele>1996.860952</ele>
        <time>2026-08-21T09:40:33.256Z</time>
      </trkpt>
      <trkpt lat="46.171954" lon="11.443265">
        <ele>1995.887118</ele>
        <time>2026-08-21T09:40:33.654Z</time>
      </trkpt>
      <trkpt lat="46.171776" lon="11.443607">
        <ele>1992.251699</ele>
        <time>2026-08-21T09:40:35.142Z</time>
      </trkpt>
      <trkpt lat="46.171730" lon="11.443694">
        <ele>1991.321568</ele>
        <time>2026-08-21T09:40:35.524Z</time>
      </trkpt>
      <trkpt lat="46.171701" lon="11.443753">
        <ele>1990.706765</ele>
        <time>2026-08-21T09:40:35.775Z</time>
      </trkpt>
      <trkpt lat="46.171679" lon="11.443786">
        <ele>1990.317522</ele>
        <time>2026-08-21T09:40:35.933Z</time>
      </trkpt>
      <trkpt lat="46.171622" lon="11.443827">
        <ele>1989.536122</ele>
        <time>2026-08-21T09:40:36.252Z</time>
      </trkpt>
      <trkpt lat="46.171339" lon="11.443832">
        <ele>1986.063244</ele>
        <time>2026-08-21T09:40:37.668Z</time>
      </trkpt>
      <trkpt lat="46.171164" lon="11.443924">
        <ele>1983.828594</ele>
        <time>2026-08-21T09:40:38.607Z</time>
      </trkpt>
      <trkpt lat="46.170323" lon="11.444233">
        <ele>1975.077751</ele>
        <time>2026-08-21T09:40:43.094Z</time>
      </trkpt>
      <trkpt lat="46.170126" lon="11.444205">
        <ele>1973.081607</ele>
        <time>2026-08-21T09:40:44.115Z</time>
      </trkpt>
      <trkpt lat="46.169922" lon="11.444127">
        <ele>1970.953581</ele>
        <time>2026-08-21T09:40:45.213Z</time>
      </trkpt>
      <trkpt lat="46.169594" lon="11.444116">
        <ele>1967.645144</ele>
        <time>2026-08-21T09:40:46.922Z</time>
      </trkpt>
      <trkpt lat="46.169004" lon="11.443649">
        <ele>1960.726941</ele>
        <time>2026-08-21T09:40:50.449Z</time>
      </trkpt>
      <trkpt lat="46.168729" lon="11.443213">
        <ele>1956.500059</ele>
        <time>2026-08-21T09:40:52.560Z</time>
      </trkpt>
      <trkpt lat="46.168484" lon="11.442902">
        <ele>1953.123881</ele>
        <time>2026-08-21T09:40:54.223Z</time>
      </trkpt>
      <trkpt lat="46.168394" lon="11.442823">
        <ele>1952.033804</ele>
        <time>2026-08-21T09:40:54.758Z</time>
      </trkpt>
      <trkpt lat="46.168127" lon="11.442687">
        <ele>1949.103544</ele>
        <time>2026-08-21T09:40:56.196Z</time>
      </trkpt>
      <trkpt lat="46.168117" lon="11.442602">
        <ele>1948.485568</ele>
        <time>2026-08-21T09:40:56.503Z</time>
      </trkpt>
      <trkpt lat="46.168150" lon="11.442539">
        <ele>1947.919391</ele>
        <time>2026-08-21T09:40:56.779Z</time>
      </trkpt>
      <trkpt lat="46.168295" lon="11.442551">
        <ele>1946.323606</ele>
        <time>2026-08-21T09:40:57.517Z</time>
      </trkpt>
      <trkpt lat="46.169056" lon="11.443048">
        <ele>1936.782690</ele>
        <time>2026-08-21T09:41:01.783Z</time>
      </trkpt>
      <trkpt lat="46.169177" lon="11.443103">
        <ele>1935.333609</ele>
        <time>2026-08-21T09:41:02.442Z</time>
      </trkpt>
      <trkpt lat="46.169490" lon="11.443156">
        <ele>1931.733626</ele>
        <time>2026-08-21T09:41:04.078Z</time>
      </trkpt>
      <trkpt lat="46.169717" lon="11.443125">
        <ele>1929.128973</ele>
        <time>2026-08-21T09:41:05.237Z</time>
      </trkpt>
      <trkpt lat="46.169955" lon="11.442914">
        <ele>1925.624753</ele>
        <time>2026-08-21T09:41:06.644Z</time>
      </trkpt>
      <trkpt lat="46.170165" lon="11.442823">
        <ele>1922.165871</ele>
        <time>2026-08-21T09:41:07.742Z</time>
      </trkpt>
      <trkpt lat="46.170227" lon="11.442800">
        <ele>1921.156009</ele>
        <time>2026-08-21T09:41:08.061Z</time>
      </trkpt>
      <trkpt lat="46.170448" lon="11.442711">
        <ele>1917.536505</ele>
        <time>2026-08-21T09:41:09.205Z</time>
      </trkpt>
      <trkpt lat="46.170527" lon="11.442626">
        <ele>1915.982290</ele>
        <time>2026-08-21T09:41:09.695Z</time>
      </trkpt>
      <trkpt lat="46.170575" lon="11.442490">
        <ele>1914.314655</ele>
        <time>2026-08-21T09:41:10.222Z</time>
      </trkpt>
      <trkpt lat="46.170616" lon="11.442242">
        <ele>1911.529125</ele>
        <time>2026-08-21T09:41:11.098Z</time>
      </trkpt>
      <trkpt lat="46.170691" lon="11.442094">
        <ele>1909.525558</ele>
        <time>2026-08-21T09:41:11.726Z</time>
      </trkpt>
      <trkpt lat="46.171080" lon="11.441445">
        <ele>1900.148340</ele>
        <time>2026-08-21T09:41:14.650Z</time>
      </trkpt>
      <trkpt lat="46.171389" lon="11.441001">
        <ele>1894.236461</ele>
        <time>2026-08-21T09:41:16.800Z</time>
      </trkpt>
      <trkpt lat="46.171527" lon="11.440443">
        <ele>1888.984301</ele>
        <time>2026-08-21T09:41:18.843Z</time>
      </trkpt>
      <trkpt lat="46.171636" lon="11.439466">
        <ele>1880.212363</ele>
        <time>2026-08-21T09:41:22.315Z</time>
      </trkpt>
      <trkpt lat="46.171650" lon="11.439057">
        <ele>1876.582505</ele>
        <time>2026-08-21T09:41:23.813Z</time>
      </trkpt>
      <trkpt lat="46.171615" lon="11.438779">
        <ele>1874.539638</ele>
        <time>2026-08-21T09:41:24.868Z</time>
      </trkpt>
      <trkpt lat="46.171404" lon="11.437937">
        <ele>1869.450664</ele>
        <time>2026-08-21T09:41:28.244Z</time>
      </trkpt>
      <trkpt lat="46.171207" lon="11.437420">
        <ele>1866.096980</ele>
        <time>2026-08-21T09:41:30.413Z</time>
      </trkpt>
      <trkpt lat="46.170953" lon="11.436956">
        <ele>1862.735534</ele>
        <time>2026-08-21T09:41:32.574Z</time>
      </trkpt>
      <trkpt lat="46.170446" lon="11.436296">
        <ele>1856.135906</ele>
        <time>2026-08-21T09:41:36.103Z</time>
      </trkpt>
      <trkpt lat="46.170068" lon="11.435994">
        <ele>1851.571295</ele>
        <time>2026-08-21T09:41:38.311Z</time>
      </trkpt>
      <trkpt lat="46.169905" lon="11.435697">
        <ele>1848.798331</ele>
        <time>2026-08-21T09:41:39.655Z</time>
      </trkpt>
      <trkpt lat="46.169774" lon="11.435561">
        <ele>1847.093546</ele>
        <time>2026-08-21T09:41:40.478Z</time>
      </trkpt>
      <trkpt lat="46.169514" lon="11.435402">
        <ele>1844.110112</ele>
        <time>2026-08-21T09:41:41.922Z</time>
      </trkpt>
      <trkpt lat="46.169325" lon="11.434992">
        <ele>1840.611143</ele>
        <time>2026-08-21T09:41:43.665Z</time>
      </trkpt>
      <trkpt lat="46.169288" lon="11.434977">
        <ele>1840.244122</ele>
        <time>2026-08-21T09:41:43.862Z</time>
      </trkpt>
      <trkpt lat="46.169252" lon="11.435013">
        <ele>1839.825917</ele>
        <time>2026-08-21T09:41:44.090Z</time>
      </trkpt>
      <trkpt lat="46.169276" lon="11.435145">
        <ele>1838.923304</ele>
        <time>2026-08-21T09:41:44.573Z</time>
      </trkpt>
      <trkpt lat="46.169452" lon="11.435538">
        <ele>1835.827947</ele>
        <time>2026-08-21T09:41:46.240Z</time>
      </trkpt>
      <trkpt lat="46.169603" lon="11.435756">
        <ele>1833.788725</ele>
        <time>2026-08-21T09:41:47.340Z</time>
      </trkpt>
      <trkpt lat="46.169670" lon="11.436056">
        <ele>1831.703965</ele>
        <time>2026-08-21T09:41:48.476Z</time>
      </trkpt>
      <trkpt lat="46.169740" lon="11.436235">
        <ele>1830.344386</ele>
        <time>2026-08-21T09:41:49.216Z</time>
      </trkpt>
      <trkpt lat="46.169845" lon="11.436437">
        <ele>1828.673935</ele>
        <time>2026-08-21T09:41:50.133Z</time>
      </trkpt>
      <trkpt lat="46.169961" lon="11.436579">
        <ele>1827.221595</ele>
        <time>2026-08-21T09:41:50.941Z</time>
      </trkpt>
      <trkpt lat="46.170119" lon="11.437039">
        <ele>1823.864750</ele>
        <time>2026-08-21T09:41:52.825Z</time>
      </trkpt>
      <trkpt lat="46.170405" lon="11.437584">
        <ele>1819.639430</ele>
        <time>2026-08-21T09:41:55.325Z</time>
      </trkpt>
      <trkpt lat="46.170470" lon="11.437796">
        <ele>1818.206801</ele>
        <time>2026-08-21T09:41:56.165Z</time>
      </trkpt>
      <trkpt lat="46.170464" lon="11.438231">
        <ele>1815.518336</ele>
        <time>2026-08-21T09:41:57.727Z</time>
      </trkpt>
      <trkpt lat="46.170243" lon="11.438834">
        <ele>1811.302667</ele>
        <time>2026-08-21T09:42:00.205Z</time>
      </trkpt>
      <trkpt lat="46.170082" lon="11.439134">
        <ele>1808.957431</ele>
        <time>2026-08-21T09:42:01.594Z</time>
      </trkpt>
      <trkpt lat="46.169990" lon="11.439195">
        <ele>1807.972844</ele>
        <time>2026-08-21T09:42:02.118Z</time>
      </trkpt>
      <trkpt lat="46.169907" lon="11.439168">
        <ele>1807.019687</ele>
        <time>2026-08-21T09:42:02.555Z</time>
      </trkpt>
      <trkpt lat="46.169860" lon="11.439084">
        <ele>1806.181853</ele>
        <time>2026-08-21T09:42:02.940Z</time>
      </trkpt>
      <trkpt lat="46.169857" lon="11.438951">
        <ele>1805.149443</ele>
        <time>2026-08-21T09:42:03.410Z</time>
      </trkpt>
      <trkpt lat="46.169924" lon="11.438843">
        <ele>1804.024503</ele>
        <time>2026-08-21T09:42:03.926Z</time>
      </trkpt>
      <trkpt lat="46.170064" lon="11.438725">
        <ele>1802.208441</ele>
        <time>2026-08-21T09:42:04.751Z</time>
      </trkpt>
      <trkpt lat="46.170102" lon="11.438646">
        <ele>1801.462190</ele>
        <time>2026-08-21T09:42:05.100Z</time>
      </trkpt>
      <trkpt lat="46.170109" lon="11.438433">
        <ele>1799.807804</ele>
        <time>2026-08-21T09:42:05.861Z</time>
      </trkpt>
      <trkpt lat="46.170105" lon="11.438396">
        <ele>1799.517269</ele>
        <time>2026-08-21T09:42:05.994Z</time>
      </trkpt>
      <trkpt lat="46.170104" lon="11.438381">
        <ele>1799.400356</ele>
        <time>2026-08-21T09:42:06.047Z</time>
      </trkpt>
      <trkpt lat="46.170102" lon="11.438368">
        <ele>1799.297039</ele>
        <time>2026-08-21T09:42:06.093Z</time>
      </trkpt>
      <trkpt lat="46.170089" lon="11.438300">
        <ele>1798.749738</ele>
        <time>2026-08-21T09:42:06.345Z</time>
      </trkpt>
      <trkpt lat="46.170056" lon="11.438204">
        <ele>1797.918230</ele>
        <time>2026-08-21T09:42:06.729Z</time>
      </trkpt>
      <trkpt lat="46.170040" lon="11.438174">
        <ele>1797.624456</ele>
        <time>2026-08-21T09:42:06.861Z</time>
      </trkpt>
      <trkpt lat="46.170030" lon="11.438154">
        <ele>1797.433073</ele>
        <time>2026-08-21T09:42:06.951Z</time>
      </trkpt>
      <trkpt lat="46.170023" lon="11.438140">
        <ele>1797.299104</ele>
        <time>2026-08-21T09:42:07.011Z</time>
      </trkpt>
      <trkpt lat="46.169945" lon="11.438023">
        <ele>1796.039119</ele>
        <time>2026-08-21T09:42:07.584Z</time>
      </trkpt>
      <trkpt lat="46.169737" lon="11.437812">
        <ele>1793.191344</ele>
        <time>2026-08-21T09:42:08.882Z</time>
      </trkpt>
      <trkpt lat="46.169504" lon="11.437625">
        <ele>1790.204940</ele>
        <time>2026-08-21T09:42:10.236Z</time>
      </trkpt>
      <trkpt lat="46.169342" lon="11.437549">
        <ele>1788.296663</ele>
        <time>2026-08-21T09:42:11.090Z</time>
      </trkpt>
      <trkpt lat="46.169159" lon="11.437438">
        <ele>1785.742100</ele>
        <time>2026-08-21T09:42:12.086Z</time>
      </trkpt>
      <trkpt lat="46.169016" lon="11.437303">
        <ele>1783.533354</ele>
        <time>2026-08-21T09:42:12.936Z</time>
      </trkpt>
      <trkpt lat="46.168968" lon="11.437030">
        <ele>1781.011625</ele>
        <time>2026-08-21T09:42:13.909Z</time>
      </trkpt>
      <trkpt lat="46.168927" lon="11.436941">
        <ele>1780.054610</ele>
        <time>2026-08-21T09:42:14.282Z</time>
      </trkpt>
      <trkpt lat="46.168777" lon="11.436747">
        <ele>1777.451284</ele>
        <time>2026-08-21T09:42:15.290Z</time>
      </trkpt>
      <trkpt lat="46.168518" lon="11.436328">
        <ele>1772.422953</ele>
        <time>2026-08-21T09:42:17.241Z</time>
      </trkpt>
      <trkpt lat="46.167690" lon="11.435386">
        <ele>1760.496799</ele>
        <time>2026-08-21T09:42:22.606Z</time>
      </trkpt>
      <trkpt lat="46.167631" lon="11.435339">
        <ele>1759.865759</ele>
        <time>2026-08-21T09:42:22.958Z</time>
      </trkpt>
      <trkpt lat="46.167595" lon="11.435345">
        <ele>1759.526383</ele>
        <time>2026-08-21T09:42:23.147Z</time>
      </trkpt>
      <trkpt lat="46.167565" lon="11.435413">
        <ele>1759.003471</ele>
        <time>2026-08-21T09:42:23.443Z</time>
      </trkpt>
      <trkpt lat="46.167749" lon="11.435742">
        <ele>1756.260788</ele>
        <time>2026-08-21T09:42:24.980Z</time>
      </trkpt>
      <trkpt lat="46.167860" lon="11.436066">
        <ele>1753.916372</ele>
        <time>2026-08-21T09:42:26.292Z</time>
      </trkpt>
      <trkpt lat="46.167927" lon="11.436244">
        <ele>1752.602430</ele>
        <time>2026-08-21T09:42:27.039Z</time>
      </trkpt>
      <trkpt lat="46.168139" lon="11.436523">
        <ele>1749.916177</ele>
        <time>2026-08-21T09:42:28.586Z</time>
      </trkpt>
      <trkpt lat="46.168140" lon="11.436629">
        <ele>1749.228636</ele>
        <time>2026-08-21T09:42:28.978Z</time>
      </trkpt>
      <trkpt lat="46.168095" lon="11.436659">
        <ele>1748.764466</ele>
        <time>2026-08-21T09:42:29.236Z</time>
      </trkpt>
      <trkpt lat="46.167613" lon="11.436284">
        <ele>1742.645194</ele>
        <time>2026-08-21T09:42:32.093Z</time>
      </trkpt>
      <trkpt lat="46.167318" lon="11.436102">
        <ele>1738.976970</ele>
        <time>2026-08-21T09:42:33.766Z</time>
      </trkpt>
      <trkpt lat="46.167237" lon="11.436077">
        <ele>1738.029841</ele>
        <time>2026-08-21T09:42:34.187Z</time>
      </trkpt>
      <trkpt lat="46.166843" lon="11.435980">
        <ele>1733.459578</ele>
        <time>2026-08-21T09:42:36.205Z</time>
      </trkpt>
      <trkpt lat="46.166602" lon="11.436049">
        <ele>1730.650179</ele>
        <time>2026-08-21T09:42:37.436Z</time>
      </trkpt>
      <trkpt lat="46.166537" lon="11.436038">
        <ele>1729.901840</ele>
        <time>2026-08-21T09:42:37.761Z</time>
      </trkpt>
      <trkpt lat="46.166523" lon="11.436023">
        <ele>1729.702497</ele>
        <time>2026-08-21T09:42:37.847Z</time>
      </trkpt>
      <trkpt lat="46.166511" lon="11.436010">
        <ele>1729.530954</ele>
        <time>2026-08-21T09:42:37.924Z</time>
      </trkpt>
      <trkpt lat="46.166492" lon="11.435972">
        <ele>1729.159793</ele>
        <time>2026-08-21T09:42:38.088Z</time>
      </trkpt>
      <trkpt lat="46.166478" lon="11.435856">
        <ele>1728.227318</ele>
        <time>2026-08-21T09:42:38.493Z</time>
      </trkpt>
      <trkpt lat="46.166467" lon="11.435775">
        <ele>1727.573645</ele>
        <time>2026-08-21T09:42:38.777Z</time>
      </trkpt>
      <trkpt lat="46.166438" lon="11.435703">
        <ele>1726.872930</ele>
        <time>2026-08-21T09:42:39.065Z</time>
      </trkpt>
      <trkpt lat="46.166404" lon="11.435661">
        <ele>1726.328627</ele>
        <time>2026-08-21T09:42:39.285Z</time>
      </trkpt>
      <trkpt lat="46.166395" lon="11.435649">
        <ele>1726.179608</ele>
        <time>2026-08-21T09:42:39.348Z</time>
      </trkpt>
      <trkpt lat="46.166280" lon="11.435603">
        <ele>1724.727991</ele>
        <time>2026-08-21T09:42:39.937Z</time>
      </trkpt>
      <trkpt lat="46.166032" lon="11.435497">
        <ele>1721.581769</ele>
        <time>2026-08-21T09:42:41.230Z</time>
      </trkpt>
      <trkpt lat="46.165950" lon="11.435412">
        <ele>1720.353836</ele>
        <time>2026-08-21T09:42:41.739Z</time>
      </trkpt>
      <trkpt lat="46.165729" lon="11.434983">
        <ele>1715.849356</ele>
        <time>2026-08-21T09:42:43.626Z</time>
      </trkpt>
      <trkpt lat="46.165700" lon="11.434844">
        <ele>1714.626314</ele>
        <time>2026-08-21T09:42:44.142Z</time>
      </trkpt>
      <trkpt lat="46.165734" lon="11.434378">
        <ele>1710.678586</ele>
        <time>2026-08-21T09:42:45.781Z</time>
      </trkpt>
      <trkpt lat="46.165714" lon="11.434283">
        <ele>1709.842060</ele>
        <time>2026-08-21T09:42:46.131Z</time>
      </trkpt>
      <trkpt lat="46.165411" lon="11.433690">
        <ele>1703.837418</ele>
        <time>2026-08-21T09:42:48.769Z</time>
      </trkpt>
      <trkpt lat="46.165349" lon="11.433501">
        <ele>1702.251176</ele>
        <time>2026-08-21T09:42:49.529Z</time>
      </trkpt>
      <trkpt lat="46.165309" lon="11.433189">
        <ele>1699.844450</ele>
        <time>2026-08-21T09:42:50.683Z</time>
      </trkpt>
      <trkpt lat="46.165267" lon="11.433140">
        <ele>1699.253085</ele>
        <time>2026-08-21T09:42:50.964Z</time>
      </trkpt>
      <trkpt lat="46.165206" lon="11.433189">
        <ele>1698.488598</ele>
        <time>2026-08-21T09:42:51.325Z</time>
      </trkpt>
      <trkpt lat="46.165210" lon="11.433338">
        <ele>1697.357581</ele>
        <time>2026-08-21T09:42:51.865Z</time>
      </trkpt>
      <trkpt lat="46.165291" lon="11.434004">
        <ele>1692.228664</ele>
        <time>2026-08-21T09:42:54.276Z</time>
      </trkpt>
      <trkpt lat="46.165376" lon="11.434467">
        <ele>1688.595523</ele>
        <time>2026-08-21T09:42:55.952Z</time>
      </trkpt>
      <trkpt lat="46.165372" lon="11.434542">
        <ele>1688.024964</ele>
        <time>2026-08-21T09:42:56.216Z</time>
      </trkpt>
      <trkpt lat="46.165354" lon="11.434613">
        <ele>1687.451482</ele>
        <time>2026-08-21T09:42:56.480Z</time>
      </trkpt>
      <trkpt lat="46.165221" lon="11.434829">
        <ele>1685.147171</ele>
        <time>2026-08-21T09:42:57.486Z</time>
      </trkpt>
      <trkpt lat="46.165191" lon="11.435168">
        <ele>1682.151795</ele>
        <time>2026-08-21T09:42:58.671Z</time>
      </trkpt>
      <trkpt lat="46.165129" lon="11.435207">
        <ele>1681.295956</ele>
        <time>2026-08-21T09:42:59.009Z</time>
      </trkpt>
      <trkpt lat="46.165087" lon="11.435178">
        <ele>1680.706795</ele>
        <time>2026-08-21T09:42:59.240Z</time>
      </trkpt>
      <trkpt lat="46.165070" lon="11.435083">
        <ele>1679.846807</ele>
        <time>2026-08-21T09:42:59.577Z</time>
      </trkpt>
      <trkpt lat="46.165137" lon="11.434820">
        <ele>1677.390704</ele>
        <time>2026-08-21T09:43:00.549Z</time>
      </trkpt>
      <trkpt lat="46.165140" lon="11.434678">
        <ele>1676.145542</ele>
        <time>2026-08-21T09:43:01.037Z</time>
      </trkpt>
      <trkpt lat="46.164817" lon="11.433716">
        <ele>1666.775335</ele>
        <time>2026-08-21T09:43:04.769Z</time>
      </trkpt>
      <trkpt lat="46.164611" lon="11.433327">
        <ele>1662.621929</ele>
        <time>2026-08-21T09:43:06.515Z</time>
      </trkpt>
      <trkpt lat="46.164149" lon="11.432740">
        <ele>1656.302597</ele>
        <time>2026-08-21T09:43:09.714Z</time>
      </trkpt>
      <trkpt lat="46.164059" lon="11.432545">
        <ele>1654.636054</ele>
        <time>2026-08-21T09:43:10.560Z</time>
      </trkpt>
      <trkpt lat="46.163983" lon="11.432251">
        <ele>1652.404254</ele>
        <time>2026-08-21T09:43:11.692Z</time>
      </trkpt>
      <trkpt lat="46.163913" lon="11.432193">
        <ele>1651.575510</ele>
        <time>2026-08-21T09:43:12.115Z</time>
      </trkpt>
      <trkpt lat="46.163865" lon="11.432241">
        <ele>1650.975947</ele>
        <time>2026-08-21T09:43:12.419Z</time>
      </trkpt>
      <trkpt lat="46.163859" lon="11.432297">
        <ele>1650.572941</ele>
        <time>2026-08-21T09:43:12.626Z</time>
      </trkpt>
      <trkpt lat="46.164073" lon="11.432913">
        <ele>1645.671757</ele>
        <time>2026-08-21T09:43:15.073Z</time>
      </trkpt>
      <trkpt lat="46.164112" lon="11.433090">
        <ele>1644.340076</ele>
        <time>2026-08-21T09:43:15.727Z</time>
      </trkpt>
      <trkpt lat="46.164074" lon="11.433680">
        <ele>1640.012544</ele>
        <time>2026-08-21T09:43:17.806Z</time>
      </trkpt>
      <trkpt lat="46.164137" lon="11.434131">
        <ele>1636.652436</ele>
        <time>2026-08-21T09:43:19.425Z</time>
      </trkpt>
      <trkpt lat="46.164087" lon="11.434275">
        <ele>1635.476001</ele>
        <time>2026-08-21T09:43:19.993Z</time>
      </trkpt>
      <trkpt lat="46.163785" lon="11.434578">
        <ele>1631.598091</ele>
        <time>2026-08-21T09:43:21.890Z</time>
      </trkpt>
      <trkpt lat="46.163663" lon="11.434760">
        <ele>1629.748283</ele>
        <time>2026-08-21T09:43:22.798Z</time>
      </trkpt>
      <trkpt lat="46.163659" lon="11.434871">
        <ele>1628.936515</ele>
        <time>2026-08-21T09:43:23.196Z</time>
      </trkpt>
      <trkpt lat="46.163751" lon="11.435168">
        <ele>1626.560363</ele>
        <time>2026-08-21T09:43:24.369Z</time>
      </trkpt>
      <trkpt lat="46.163755" lon="11.435300">
        <ele>1625.609534</ele>
        <time>2026-08-21T09:43:24.845Z</time>
      </trkpt>
      <trkpt lat="46.163733" lon="11.435398">
        <ele>1624.914065</ele>
        <time>2026-08-21T09:43:25.216Z</time>
      </trkpt>
      <trkpt lat="46.163625" lon="11.435634">
        <ele>1623.004496</ele>
        <time>2026-08-21T09:43:26.242Z</time>
      </trkpt>
      <trkpt lat="46.163417" lon="11.435857">
        <ele>1620.479277</ele>
        <time>2026-08-21T09:43:27.600Z</time>
      </trkpt>
      <trkpt lat="46.162993" lon="11.436165">
        <ele>1615.852907</ele>
        <time>2026-08-21T09:43:30.108Z</time>
      </trkpt>
      <trkpt lat="46.162426" lon="11.436478">
        <ele>1609.936105</ele>
        <time>2026-08-21T09:43:33.232Z</time>
      </trkpt>
      <trkpt lat="46.162116" lon="11.436729">
        <ele>1606.279043</ele>
        <time>2026-08-21T09:43:35.037Z</time>
      </trkpt>
      <trkpt lat="46.162007" lon="11.436856">
        <ele>1604.765873</ele>
        <time>2026-08-21T09:43:35.743Z</time>
      </trkpt>
      <trkpt lat="46.161985" lon="11.436868">
        <ele>1604.511806</ele>
        <time>2026-08-21T09:43:35.864Z</time>
      </trkpt>
      <trkpt lat="46.161976" lon="11.436873">
        <ele>1604.407627</ele>
        <time>2026-08-21T09:43:35.913Z</time>
      </trkpt>
      <trkpt lat="46.161944" lon="11.436872">
        <ele>1604.061841</ele>
        <time>2026-08-21T09:43:36.075Z</time>
      </trkpt>
      <trkpt lat="46.161923" lon="11.436853">
        <ele>1603.794107</ele>
        <time>2026-08-21T09:43:36.200Z</time>
      </trkpt>
      <trkpt lat="46.161905" lon="11.436820">
        <ele>1603.479804</ele>
        <time>2026-08-21T09:43:36.348Z</time>
      </trkpt>
      <trkpt lat="46.161898" lon="11.436768">
        <ele>1603.083429</ele>
        <time>2026-08-21T09:43:36.531Z</time>
      </trkpt>
      <trkpt lat="46.161907" lon="11.436720">
        <ele>1602.711336</ele>
        <time>2026-08-21T09:43:36.707Z</time>
      </trkpt>
      <trkpt lat="46.162151" lon="11.436527">
        <ele>1599.705673</ele>
        <time>2026-08-21T09:43:38.110Z</time>
      </trkpt>
      <trkpt lat="46.162305" lon="11.436198">
        <ele>1596.734450</ele>
        <time>2026-08-21T09:43:39.510Z</time>
      </trkpt>
      <trkpt lat="46.162616" lon="11.435695">
        <ele>1591.689270</ele>
        <time>2026-08-21T09:43:41.896Z</time>
      </trkpt>
      <trkpt lat="46.162627" lon="11.435337">
        <ele>1589.007903</ele>
        <time>2026-08-21T09:43:43.204Z</time>
      </trkpt>
      <trkpt lat="46.162716" lon="11.435088">
        <ele>1587.509190</ele>
        <time>2026-08-21T09:43:44.247Z</time>
      </trkpt>
      <trkpt lat="46.162738" lon="11.434948">
        <ele>1586.771604</ele>
        <time>2026-08-21T09:43:44.778Z</time>
      </trkpt>
      <trkpt lat="46.162681" lon="11.434498">
        <ele>1584.421204</ele>
        <time>2026-08-21T09:43:46.498Z</time>
      </trkpt>
      <trkpt lat="46.162608" lon="11.434230">
        <ele>1582.941589</ele>
        <time>2026-08-21T09:43:47.586Z</time>
      </trkpt>
      <trkpt lat="46.162502" lon="11.434091">
        <ele>1581.879354</ele>
        <time>2026-08-21T09:43:48.368Z</time>
      </trkpt>
      <trkpt lat="46.162374" lon="11.434067">
        <ele>1580.921860</ele>
        <time>2026-08-21T09:43:49.075Z</time>
      </trkpt>
      <trkpt lat="46.162169" lon="11.434127">
        <ele>1579.370209</ele>
        <time>2026-08-21T09:43:50.221Z</time>
      </trkpt>
      <trkpt lat="46.161912" lon="11.434126">
        <ele>1577.463741</ele>
        <time>2026-08-21T09:43:51.610Z</time>
      </trkpt>
      <trkpt lat="46.161562" lon="11.434273">
        <ele>1574.448880</ele>
        <time>2026-08-21T09:43:53.551Z</time>
      </trkpt>
      <trkpt lat="46.161014" lon="11.434275">
        <ele>1568.621243</ele>
        <time>2026-08-21T09:43:56.388Z</time>
      </trkpt>
      <trkpt lat="46.160874" lon="11.434261">
        <ele>1567.128869</ele>
        <time>2026-08-21T09:43:57.104Z</time>
      </trkpt>
      <trkpt lat="46.160597" lon="11.434140">
        <ele>1564.051279</ele>
        <time>2026-08-21T09:43:58.588Z</time>
      </trkpt>
      <trkpt lat="46.160371" lon="11.434121">
        <ele>1561.643847</ele>
        <time>2026-08-21T09:43:59.742Z</time>
      </trkpt>
      <trkpt lat="46.160117" lon="11.434167">
        <ele>1558.921556</ele>
        <time>2026-08-21T09:44:01.051Z</time>
      </trkpt>
      <trkpt lat="46.159735" lon="11.434154">
        <ele>1554.592647</ele>
        <time>2026-08-21T09:44:02.984Z</time>
      </trkpt>
      <trkpt lat="46.159473" lon="11.434103">
        <ele>1551.280795</ele>
        <time>2026-08-21T09:44:04.306Z</time>
      </trkpt>
      <trkpt lat="46.159168" lon="11.433923">
        <ele>1547.153062</ele>
        <time>2026-08-21T09:44:05.946Z</time>
      </trkpt>
      <trkpt lat="46.159056" lon="11.433889">
        <ele>1545.719322</ele>
        <time>2026-08-21T09:44:06.523Z</time>
      </trkpt>
      <trkpt lat="46.158586" lon="11.433807">
        <ele>1539.788653</ele>
        <time>2026-08-21T09:44:08.887Z</time>
      </trkpt>
      <trkpt lat="46.158503" lon="11.433821">
        <ele>1538.741815</ele>
        <time>2026-08-21T09:44:09.305Z</time>
      </trkpt>
      <trkpt lat="46.158477" lon="11.433856">
        <ele>1538.296480</ele>
        <time>2026-08-21T09:44:09.485Z</time>
      </trkpt>
      <trkpt lat="46.158486" lon="11.433971">
        <ele>1537.292249</ele>
        <time>2026-08-21T09:44:09.891Z</time>
      </trkpt>
      <trkpt lat="46.158544" lon="11.434037">
        <ele>1536.367098</ele>
        <time>2026-08-21T09:44:10.272Z</time>
      </trkpt>
      <trkpt lat="46.158749" lon="11.434106">
        <ele>1533.770480</ele>
        <time>2026-08-21T09:44:11.367Z</time>
      </trkpt>
      <trkpt lat="46.158813" lon="11.434194">
        <ele>1533.175826</ele>
        <time>2026-08-21T09:44:11.837Z</time>
      </trkpt>
      <trkpt lat="46.159000" lon="11.434527">
        <ele>1531.177977</ele>
        <time>2026-08-21T09:44:13.429Z</time>
      </trkpt>
      <trkpt lat="46.159075" lon="11.434644">
        <ele>1530.435046</ele>
        <time>2026-08-21T09:44:14.029Z</time>
      </trkpt>
      <trkpt lat="46.159131" lon="11.434724">
        <ele>1529.904987</ele>
        <time>2026-08-21T09:44:14.462Z</time>
      </trkpt>
      <trkpt lat="46.159169" lon="11.434769">
        <ele>1529.574308</ele>
        <time>2026-08-21T09:44:14.736Z</time>
      </trkpt>
      <trkpt lat="46.159499" lon="11.434959">
        <ele>1527.183950</ele>
        <time>2026-08-21T09:44:16.795Z</time>
      </trkpt>
      <trkpt lat="46.159757" lon="11.435045">
        <ele>1525.402406</ele>
        <time>2026-08-21T09:44:18.294Z</time>
      </trkpt>
      <trkpt lat="46.159827" lon="11.435177">
        <ele>1524.627657</ele>
        <time>2026-08-21T09:44:18.928Z</time>
      </trkpt>
      <trkpt lat="46.159836" lon="11.435257">
        <ele>1524.249948</ele>
        <time>2026-08-21T09:44:19.253Z</time>
      </trkpt>
      <trkpt lat="46.159810" lon="11.435388">
        <ele>1523.614882</ele>
        <time>2026-08-21T09:44:19.774Z</time>
      </trkpt>
      <trkpt lat="46.159746" lon="11.435484">
        <ele>1522.993934</ele>
        <time>2026-08-21T09:44:20.311Z</time>
      </trkpt>
      <trkpt lat="46.159498" lon="11.435608">
        <ele>1520.849700</ele>
        <time>2026-08-21T09:44:21.777Z</time>
      </trkpt>
      <trkpt lat="46.159268" lon="11.435901">
        <ele>1517.184118</ele>
        <time>2026-08-21T09:44:23.374Z</time>
      </trkpt>
      <trkpt lat="46.159166" lon="11.435977">
        <ele>1515.812433</ele>
        <time>2026-08-21T09:44:23.959Z</time>
      </trkpt>
      <trkpt lat="46.158938" lon="11.436010">
        <ele>1513.074123</ele>
        <time>2026-08-21T09:44:25.119Z</time>
      </trkpt>
      <trkpt lat="46.158557" lon="11.435877">
        <ele>1508.389879</ele>
        <time>2026-08-21T09:44:27.091Z</time>
      </trkpt>
      <trkpt lat="46.158098" lon="11.435958">
        <ele>1502.863897</ele>
        <time>2026-08-21T09:44:29.406Z</time>
      </trkpt>
      <trkpt lat="46.157828" lon="11.436135">
        <ele>1499.177933</ele>
        <time>2026-08-21T09:44:30.883Z</time>
      </trkpt>
      <trkpt lat="46.157591" lon="11.436224">
        <ele>1495.789276</ele>
        <time>2026-08-21T09:44:32.103Z</time>
      </trkpt>
      <trkpt lat="46.157315" lon="11.436515">
        <ele>1491.059990</ele>
        <time>2026-08-21T09:44:33.801Z</time>
      </trkpt>
      <trkpt lat="46.156818" lon="11.436859">
        <ele>1483.433098</ele>
        <time>2026-08-21T09:44:36.554Z</time>
      </trkpt>
      <trkpt lat="46.156661" lon="11.437031">
        <ele>1480.705855</ele>
        <time>2026-08-21T09:44:37.544Z</time>
      </trkpt>
      <trkpt lat="46.156574" lon="11.437248">
        <ele>1478.302594</ele>
        <time>2026-08-21T09:44:38.419Z</time>
      </trkpt>
      <trkpt lat="46.156255" lon="11.437439">
        <ele>1473.972192</ele>
        <time>2026-08-21T09:44:40.177Z</time>
      </trkpt>
      <trkpt lat="46.156200" lon="11.437513">
        <ele>1473.189760</ele>
        <time>2026-08-21T09:44:40.562Z</time>
      </trkpt>
      <trkpt lat="46.156120" lon="11.437749">
        <ele>1471.295672</ele>
        <time>2026-08-21T09:44:41.495Z</time>
      </trkpt>
      <trkpt lat="46.156045" lon="11.438080">
        <ele>1468.785114</ele>
        <time>2026-08-21T09:44:42.738Z</time>
      </trkpt>
      <trkpt lat="46.155999" lon="11.438177">
        <ele>1467.937679</ele>
        <time>2026-08-21T09:44:43.156Z</time>
      </trkpt>
      <trkpt lat="46.155836" lon="11.438370">
        <ele>1465.743745</ele>
        <time>2026-08-21T09:44:44.250Z</time>
      </trkpt>
      <trkpt lat="46.155775" lon="11.438483">
        <ele>1464.710984</ele>
        <time>2026-08-21T09:44:44.764Z</time>
      </trkpt>
      <trkpt lat="46.155519" lon="11.438661">
        <ele>1461.753872</ele>
        <time>2026-08-21T09:44:46.237Z</time>
      </trkpt>
      <trkpt lat="46.155091" lon="11.439177">
        <ele>1455.918787</ele>
        <time>2026-08-21T09:44:49.125Z</time>
      </trkpt>
      <trkpt lat="46.154823" lon="11.439360">
        <ele>1452.685118</ele>
        <time>2026-08-21T09:44:50.651Z</time>
      </trkpt>
      <trkpt lat="46.154713" lon="11.439480">
        <ele>1451.181261</ele>
        <time>2026-08-21T09:44:51.356Z</time>
      </trkpt>
      <trkpt lat="46.154513" lon="11.439880">
        <ele>1447.453957</ele>
        <time>2026-08-21T09:44:53.098Z</time>
      </trkpt>
      <trkpt lat="46.154436" lon="11.440123">
        <ele>1445.434958</ele>
        <time>2026-08-21T09:44:54.040Z</time>
      </trkpt>
      <trkpt lat="46.154243" lon="11.440500">
        <ele>1441.893012</ele>
        <time>2026-08-21T09:44:55.697Z</time>
      </trkpt>
      <trkpt lat="46.154014" lon="11.440720">
        <ele>1438.892687</ele>
        <time>2026-08-21T09:44:57.115Z</time>
      </trkpt>
      <trkpt lat="46.153754" lon="11.441026">
        <ele>1435.142908</ele>
        <time>2026-08-21T09:44:58.841Z</time>
      </trkpt>
      <trkpt lat="46.153649" lon="11.441207">
        <ele>1433.267148</ele>
        <time>2026-08-21T09:44:59.671Z</time>
      </trkpt>
      <trkpt lat="46.153571" lon="11.441401">
        <ele>1431.484949</ele>
        <time>2026-08-21T09:45:00.450Z</time>
      </trkpt>
      <trkpt lat="46.153170" lon="11.441881">
        <ele>1425.510140</ele>
        <time>2026-08-21T09:45:03.081Z</time>
      </trkpt>
      <trkpt lat="46.153108" lon="11.441990">
        <ele>1424.389552</ele>
        <time>2026-08-21T09:45:03.579Z</time>
      </trkpt>
      <trkpt lat="46.153001" lon="11.442206">
        <ele>1422.279699</ele>
        <time>2026-08-21T09:45:04.516Z</time>
      </trkpt>
      <trkpt lat="46.152962" lon="11.442337">
        <ele>1421.146805</ele>
        <time>2026-08-21T09:45:05.020Z</time>
      </trkpt>
      <trkpt lat="46.152856" lon="11.442503">
        <ele>1419.353009</ele>
        <time>2026-08-21T09:45:05.824Z</time>
      </trkpt>
      <trkpt lat="46.152605" lon="11.442630">
        <ele>1416.306794</ele>
        <time>2026-08-21T09:45:07.199Z</time>
      </trkpt>
      <trkpt lat="46.152439" lon="11.442876">
        <ele>1413.766013</ele>
        <time>2026-08-21T09:45:08.424Z</time>
      </trkpt>
      <trkpt lat="46.152351" lon="11.443272">
        <ele>1410.689163</ele>
        <time>2026-08-21T09:45:09.889Z</time>
      </trkpt>
      <trkpt lat="46.152202" lon="11.443779">
        <ele>1406.614538</ele>
        <time>2026-08-21T09:45:11.853Z</time>
      </trkpt>
      <trkpt lat="46.152043" lon="11.444165">
        <ele>1403.291987</ele>
        <time>2026-08-21T09:45:13.464Z</time>
      </trkpt>
      <trkpt lat="46.151919" lon="11.444616">
        <ele>1399.702051</ele>
        <time>2026-08-21T09:45:15.195Z</time>
      </trkpt>
      <trkpt lat="46.151649" lon="11.445170">
        <ele>1394.898735</ele>
        <time>2026-08-21T09:45:17.586Z</time>
      </trkpt>
      <trkpt lat="46.151377" lon="11.445932">
        <ele>1389.092065</ele>
        <time>2026-08-21T09:45:20.589Z</time>
      </trkpt>
      <trkpt lat="46.151291" lon="11.446053">
        <ele>1387.917763</ele>
        <time>2026-08-21T09:45:21.206Z</time>
      </trkpt>
      <trkpt lat="46.151001" lon="11.446302">
        <ele>1384.618340</ele>
        <time>2026-08-21T09:45:22.951Z</time>
      </trkpt>
      <trkpt lat="46.150811" lon="11.446526">
        <ele>1382.219567</ele>
        <time>2026-08-21T09:45:24.251Z</time>
      </trkpt>
      <trkpt lat="46.150565" lon="11.447019">
        <ele>1378.859258</ele>
        <time>2026-08-21T09:45:26.520Z</time>
      </trkpt>
      <trkpt lat="46.150458" lon="11.447351">
        <ele>1377.657806</ele>
        <time>2026-08-21T09:45:27.923Z</time>
      </trkpt>
      <trkpt lat="46.150255" lon="11.448458">
        <ele>1373.900477</ele>
        <time>2026-08-21T09:45:32.819Z</time>
      </trkpt>
      <trkpt lat="46.150100" lon="11.448855">
        <ele>1372.405232</ele>
        <time>2026-08-21T09:45:34.737Z</time>
      </trkpt>
      <trkpt lat="46.150019" lon="11.449086">
        <ele>1371.555723</ele>
        <time>2026-08-21T09:45:35.775Z</time>
      </trkpt>
      <trkpt lat="46.150007" lon="11.449811">
        <ele>1367.815395</ele>
        <time>2026-08-21T09:45:38.527Z</time>
      </trkpt>
      <trkpt lat="46.149953" lon="11.450152">
        <ele>1365.834130</ele>
        <time>2026-08-21T09:45:39.810Z</time>
      </trkpt>
      <trkpt lat="46.149781" lon="11.450897">
        <ele>1361.386236</ele>
        <time>2026-08-21T09:45:42.626Z</time>
      </trkpt>
      <trkpt lat="46.149528" lon="11.451441">
        <ele>1357.675041</ele>
        <time>2026-08-21T09:45:44.971Z</time>
      </trkpt>
      <trkpt lat="46.149462" lon="11.451798">
        <ele>1355.723573</ele>
        <time>2026-08-21T09:45:46.303Z</time>
      </trkpt>
      <trkpt lat="46.149462" lon="11.452229">
        <ele>1353.735173</ele>
        <time>2026-08-21T09:45:47.886Z</time>
      </trkpt>
      <trkpt lat="46.149440" lon="11.452454">
        <ele>1352.686858</ele>
        <time>2026-08-21T09:45:48.729Z</time>
      </trkpt>
      <trkpt lat="46.149452" lon="11.452737">
        <ele>1351.378806</ele>
        <time>2026-08-21T09:45:49.795Z</time>
      </trkpt>
      <trkpt lat="46.149535" lon="11.453272">
        <ele>1348.849477</ele>
        <time>2026-08-21T09:45:51.904Z</time>
      </trkpt>
      <trkpt lat="46.149540" lon="11.453506">
        <ele>1347.769417</ele>
        <time>2026-08-21T09:45:52.818Z</time>
      </trkpt>
      <trkpt lat="46.149286" lon="11.454900">
        <ele>1341.342566</ele>
        <time>2026-08-21T09:45:58.370Z</time>
      </trkpt>
      <trkpt lat="46.149163" lon="11.455195">
        <ele>1339.863221</ele>
        <time>2026-08-21T09:45:59.676Z</time>
      </trkpt>
      <trkpt lat="46.149019" lon="11.455953">
        <ele>1336.486169</ele>
        <time>2026-08-21T09:46:02.648Z</time>
      </trkpt>
      <trkpt lat="46.148925" lon="11.456338">
        <ele>1334.732252</ele>
        <time>2026-08-21T09:46:04.181Z</time>
      </trkpt>
      <trkpt lat="46.148879" lon="11.456751">
        <ele>1332.915249</ele>
        <time>2026-08-21T09:46:05.754Z</time>
      </trkpt>
      <trkpt lat="46.148872" lon="11.457021">
        <ele>1331.671602</ele>
        <time>2026-08-21T09:46:06.778Z</time>
      </trkpt>
      <trkpt lat="46.148869" lon="11.457150">
        <ele>1331.077497</ele>
        <time>2026-08-21T09:46:07.272Z</time>
      </trkpt>
      <trkpt lat="46.148807" lon="11.457319">
        <ele>1330.197274</ele>
        <time>2026-08-21T09:46:08.002Z</time>
      </trkpt>
      <trkpt lat="46.148754" lon="11.457378">
        <ele>1329.752586</ele>
        <time>2026-08-21T09:46:08.364Z</time>
      </trkpt>
      <trkpt lat="46.148363" lon="11.457668">
        <ele>1326.831903</ele>
        <time>2026-08-21T09:46:10.723Z</time>
      </trkpt>
      <trkpt lat="46.147923" lon="11.458172">
        <ele>1323.099896</ele>
        <time>2026-08-21T09:46:13.724Z</time>
      </trkpt>
      <trkpt lat="46.147709" lon="11.458629">
        <ele>1320.635810</ele>
        <time>2026-08-21T09:46:15.861Z</time>
      </trkpt>
      <trkpt lat="46.147669" lon="11.458701">
        <ele>1320.256431</ele>
        <time>2026-08-21T09:46:16.230Z</time>
      </trkpt>
      <trkpt lat="46.147625" lon="11.458793">
        <ele>1319.796885</ele>
        <time>2026-08-21T09:46:16.661Z</time>
      </trkpt>
      <trkpt lat="46.147608" lon="11.458850">
        <ele>1319.541784</ele>
        <time>2026-08-21T09:46:16.909Z</time>
      </trkpt>
      <trkpt lat="46.147553" lon="11.459079">
        <ele>1318.545468</ele>
        <time>2026-08-21T09:46:17.851Z</time>
      </trkpt>
      <trkpt lat="46.147539" lon="11.459138">
        <ele>1318.289104</ele>
        <time>2026-08-21T09:46:18.090Z</time>
      </trkpt>
      <trkpt lat="46.147492" lon="11.459424">
        <ele>1317.080815</ele>
        <time>2026-08-21T09:46:19.208Z</time>
      </trkpt>
      <trkpt lat="46.147496" lon="11.459476">
        <ele>1316.865743</ele>
        <time>2026-08-21T09:46:19.410Z</time>
      </trkpt>
      <trkpt lat="46.147498" lon="11.459504">
        <ele>1316.750033</ele>
        <time>2026-08-21T09:46:19.515Z</time>
      </trkpt>
      <trkpt lat="46.147512" lon="11.459937">
        <ele>1314.968152</ele>
        <time>2026-08-21T09:46:21.151Z</time>
      </trkpt>
      <trkpt lat="46.147433" lon="11.460142">
        <ele>1314.003858</ele>
        <time>2026-08-21T09:46:22.050Z</time>
      </trkpt>
      <trkpt lat="46.147289" lon="11.460317">
        <ele>1312.886927</ele>
        <time>2026-08-21T09:46:23.110Z</time>
      </trkpt>
      <trkpt lat="46.146898" lon="11.461004">
        <ele>1309.439037</ele>
        <time>2026-08-21T09:46:26.523Z</time>
      </trkpt>
      <trkpt lat="46.146401" lon="11.461962">
        <ele>1305.269400</ele>
        <time>2026-08-21T09:46:31.006Z</time>
      </trkpt>
      <trkpt lat="46.145800" lon="11.462381">
        <ele>1301.913089</ele>
        <time>2026-08-21T09:46:35.033Z</time>
      </trkpt>
      <trkpt lat="46.145639" lon="11.462785">
        <ele>1300.564334</ele>
        <time>2026-08-21T09:46:37.057Z</time>
      </trkpt>
      <trkpt lat="46.145359" lon="11.463164">
        <ele>1299.056993</ele>
        <time>2026-08-21T09:46:39.527Z</time>
      </trkpt>
      <trkpt lat="46.145087" lon="11.463247">
        <ele>1297.965298</ele>
        <time>2026-08-21T09:46:41.362Z</time>
      </trkpt>
      <trkpt lat="46.144813" lon="11.463486">
        <ele>1296.708141</ele>
        <time>2026-08-21T09:46:43.377Z</time>
      </trkpt>
      <trkpt lat="46.144647" lon="11.463684">
        <ele>1295.862514</ele>
        <time>2026-08-21T09:46:44.581Z</time>
      </trkpt>
      <trkpt lat="46.144399" lon="11.464124">
        <ele>1294.168164</ele>
        <time>2026-08-21T09:46:46.701Z</time>
      </trkpt>
      <trkpt lat="46.144273" lon="11.464458">
        <ele>1292.169010</ele>
        <time>2026-08-21T09:46:48.107Z</time>
      </trkpt>
      <trkpt lat="46.143829" lon="11.465135">
        <ele>1287.268625</ele>
        <time>2026-08-21T09:46:51.569Z</time>
      </trkpt>
      <trkpt lat="46.143694" lon="11.465403">
        <ele>1285.526804</ele>
        <time>2026-08-21T09:46:52.788Z</time>
      </trkpt>
      <trkpt lat="46.143500" lon="11.465922">
        <ele>1282.426775</ele>
        <time>2026-08-21T09:46:54.925Z</time>
      </trkpt>
      <trkpt lat="46.143402" lon="11.466095">
        <ele>1281.252067</ele>
        <time>2026-08-21T09:46:55.738Z</time>
      </trkpt>
      <trkpt lat="46.143322" lon="11.466188">
        <ele>1280.580712</ele>
        <time>2026-08-21T09:46:56.275Z</time>
      </trkpt>
      <trkpt lat="46.143242" lon="11.466219">
        <ele>1280.139725</ele>
        <time>2026-08-21T09:46:56.710Z</time>
      </trkpt>
      <trkpt lat="46.142859" lon="11.466234">
        <ele>1278.099964</ele>
        <time>2026-08-21T09:46:58.765Z</time>
      </trkpt>
      <trkpt lat="46.142753" lon="11.466282">
        <ele>1277.508518</ele>
        <time>2026-08-21T09:46:59.379Z</time>
      </trkpt>
      <trkpt lat="46.142536" lon="11.466546">
        <ele>1275.997580</ele>
        <time>2026-08-21T09:47:00.967Z</time>
      </trkpt>
      <trkpt lat="46.142388" lon="11.466794">
        <ele>1274.790242</ele>
        <time>2026-08-21T09:47:02.273Z</time>
      </trkpt>
      <trkpt lat="46.142284" lon="11.467025">
        <ele>1273.774069</ele>
        <time>2026-08-21T09:47:03.383Z</time>
      </trkpt>
      <trkpt lat="46.141982" lon="11.467403">
        <ele>1271.645895</ele>
        <time>2026-08-21T09:47:05.764Z</time>
      </trkpt>
      <trkpt lat="46.141915" lon="11.467530">
        <ele>1271.105217</ele>
        <time>2026-08-21T09:47:06.458Z</time>
      </trkpt>
      <trkpt lat="46.141838" lon="11.467940">
        <ele>1269.911401</ele>
        <time>2026-08-21T09:47:08.358Z</time>
      </trkpt>
      <trkpt lat="46.141760" lon="11.468111">
        <ele>1269.336042</ele>
        <time>2026-08-21T09:47:09.288Z</time>
      </trkpt>
      <trkpt lat="46.141580" lon="11.468323">
        <ele>1268.393703</ele>
        <time>2026-08-21T09:47:10.759Z</time>
      </trkpt>
      <trkpt lat="46.141398" lon="11.468380">
        <ele>1267.638320</ele>
        <time>2026-08-21T09:47:11.904Z</time>
      </trkpt>
      <trkpt lat="46.141182" lon="11.468366">
        <ele>1266.761329</ele>
        <time>2026-08-21T09:47:13.193Z</time>
      </trkpt>
      <trkpt lat="46.140928" lon="11.468304">
        <ele>1265.716460</ele>
        <time>2026-08-21T09:47:14.666Z</time>
      </trkpt>
      <trkpt lat="46.140669" lon="11.468296">
        <ele>1264.665701</ele>
        <time>2026-08-21T09:47:16.092Z</time>
      </trkpt>
      <trkpt lat="46.140494" lon="11.468383">
        <ele>1263.887013</ele>
        <time>2026-08-21T09:47:17.100Z</time>
      </trkpt>
      <trkpt lat="46.140290" lon="11.468573">
        <ele>1262.338768</ele>
        <time>2026-08-21T09:47:18.425Z</time>
      </trkpt>
      <trkpt lat="46.140063" lon="11.468797">
        <ele>1260.585205</ele>
        <time>2026-08-21T09:47:19.921Z</time>
      </trkpt>
      <trkpt lat="46.139971" lon="11.468941">
        <ele>1259.719748</ele>
        <time>2026-08-21T09:47:20.663Z</time>
      </trkpt>
      <trkpt lat="46.139650" lon="11.469629">
        <ele>1256.054865</ele>
        <time>2026-08-21T09:47:23.836Z</time>
      </trkpt>
      <trkpt lat="46.139613" lon="11.469761">
        <ele>1255.425701</ele>
        <time>2026-08-21T09:47:24.375Z</time>
      </trkpt>
      <trkpt lat="46.139292" lon="11.470846">
        <ele>1249.091238</ele>
        <time>2026-08-21T09:47:28.789Z</time>
      </trkpt>
      <trkpt lat="46.139187" lon="11.471275">
        <ele>1246.092478</ele>
        <time>2026-08-21T09:47:30.455Z</time>
      </trkpt>
      <trkpt lat="46.139201" lon="11.471436">
        <ele>1245.022999</ele>
        <time>2026-08-21T09:47:31.044Z</time>
      </trkpt>
      <trkpt lat="46.139274" lon="11.471762">
        <ele>1242.764911</ele>
        <time>2026-08-21T09:47:32.273Z</time>
      </trkpt>
      <trkpt lat="46.139234" lon="11.471932">
        <ele>1241.581599</ele>
        <time>2026-08-21T09:47:32.914Z</time>
      </trkpt>
      <trkpt lat="46.139158" lon="11.471985">
        <ele>1240.778704</ele>
        <time>2026-08-21T09:47:33.349Z</time>
      </trkpt>
      <trkpt lat="46.139075" lon="11.471962">
        <ele>1239.974776</ele>
        <time>2026-08-21T09:47:33.782Z</time>
      </trkpt>
      <trkpt lat="46.138856" lon="11.471607">
        <ele>1236.841999</ele>
        <time>2026-08-21T09:47:35.456Z</time>
      </trkpt>
      <trkpt lat="46.138826" lon="11.471555">
        <ele>1236.396017</ele>
        <time>2026-08-21T09:47:35.695Z</time>
      </trkpt>
      <trkpt lat="46.138530" lon="11.471052">
        <ele>1231.194174</ele>
        <time>2026-08-21T09:47:38.013Z</time>
      </trkpt>
      <trkpt lat="46.138420" lon="11.470960">
        <ele>1229.676133</ele>
        <time>2026-08-21T09:47:38.658Z</time>
      </trkpt>
      <trkpt lat="46.138301" lon="11.471001">
        <ele>1228.215320</ele>
        <time>2026-08-21T09:47:39.272Z</time>
      </trkpt>
      <trkpt lat="46.138245" lon="11.471076">
        <ele>1227.303104</ele>
        <time>2026-08-21T09:47:39.658Z</time>
      </trkpt>
      <trkpt lat="46.137713" lon="11.472328">
        <ele>1215.151941</ele>
        <time>2026-08-21T09:47:44.818Z</time>
      </trkpt>
      <trkpt lat="46.137554" lon="11.473000">
        <ele>1209.540621</ele>
        <time>2026-08-21T09:47:47.331Z</time>
      </trkpt>
      <trkpt lat="46.137435" lon="11.473278">
        <ele>1206.991006</ele>
        <time>2026-08-21T09:47:48.488Z</time>
      </trkpt>
      <trkpt lat="46.137110" lon="11.473799">
        <ele>1201.521286</ele>
        <time>2026-08-21T09:47:50.974Z</time>
      </trkpt>
      <trkpt lat="46.136802" lon="11.474231">
        <ele>1196.684977</ele>
        <time>2026-08-21T09:47:53.169Z</time>
      </trkpt>
      <trkpt lat="46.136288" lon="11.474614">
        <ele>1189.936173</ele>
        <time>2026-08-21T09:47:56.118Z</time>
      </trkpt>
      <trkpt lat="46.135869" lon="11.475147">
        <ele>1183.222563</ele>
        <time>2026-08-21T09:47:58.949Z</time>
      </trkpt>
      <trkpt lat="46.135753" lon="11.475245">
        <ele>1181.606910</ele>
        <time>2026-08-21T09:47:59.626Z</time>
      </trkpt>
      <trkpt lat="46.135400" lon="11.475440">
        <ele>1177.063683</ele>
        <time>2026-08-21T09:48:01.531Z</time>
      </trkpt>
      <trkpt lat="46.134964" lon="11.475579">
        <ele>1171.785187</ele>
        <time>2026-08-21T09:48:03.790Z</time>
      </trkpt>
      <trkpt lat="46.134890" lon="11.475611">
        <ele>1171.098350</ele>
        <time>2026-08-21T09:48:04.183Z</time>
      </trkpt>
      <trkpt lat="46.134708" lon="11.475794">
        <ele>1169.126131</ele>
        <time>2026-08-21T09:48:05.311Z</time>
      </trkpt>
      <trkpt lat="46.134476" lon="11.476080">
        <ele>1166.413255</ele>
        <time>2026-08-21T09:48:06.881Z</time>
      </trkpt>
      <trkpt lat="46.134160" lon="11.476565">
        <ele>1162.311707</ele>
        <time>2026-08-21T09:48:09.287Z</time>
      </trkpt>
      <trkpt lat="46.133492" lon="11.477635">
        <ele>1154.008282</ele>
        <time>2026-08-21T09:48:14.700Z</time>
      </trkpt>
      <trkpt lat="46.133310" lon="11.477873">
        <ele>1152.301954</ele>
        <time>2026-08-21T09:48:16.080Z</time>
      </trkpt>
      <trkpt lat="46.133071" lon="11.478085">
        <ele>1150.352960</ele>
        <time>2026-08-21T09:48:17.662Z</time>
      </trkpt>
      <trkpt lat="46.132801" lon="11.478253">
        <ele>1148.310263</ele>
        <time>2026-08-21T09:48:19.280Z</time>
      </trkpt>
      <trkpt lat="46.132380" lon="11.478498">
        <ele>1145.156598</ele>
        <time>2026-08-21T09:48:21.728Z</time>
      </trkpt>
      <trkpt lat="46.132189" lon="11.478517">
        <ele>1143.826529</ele>
        <time>2026-08-21T09:48:22.737Z</time>
      </trkpt>
      <trkpt lat="46.130688" lon="11.478238">
        <ele>1127.586350</ele>
        <time>2026-08-21T09:48:30.505Z</time>
      </trkpt>
      <trkpt lat="46.130443" lon="11.478218">
        <ele>1124.927938</ele>
        <time>2026-08-21T09:48:31.735Z</time>
      </trkpt>
      <trkpt lat="46.130153" lon="11.478272">
        <ele>1121.542771</ele>
        <time>2026-08-21T09:48:33.204Z</time>
      </trkpt>
      <trkpt lat="46.129668" lon="11.478413">
        <ele>1115.677151</ele>
        <time>2026-08-21T09:48:35.702Z</time>
      </trkpt>
      <trkpt lat="46.129386" lon="11.478612">
        <ele>1111.955403</ele>
        <time>2026-08-21T09:48:37.297Z</time>
      </trkpt>
      <trkpt lat="46.128504" lon="11.479417">
        <ele>1099.702209</ele>
        <time>2026-08-21T09:48:42.635Z</time>
      </trkpt>
      <trkpt lat="46.128214" lon="11.479646">
        <ele>1095.931710</ele>
        <time>2026-08-21T09:48:44.326Z</time>
      </trkpt>
      <trkpt lat="46.128066" lon="11.479693">
        <ele>1094.203304</ele>
        <time>2026-08-21T09:48:45.094Z</time>
      </trkpt>
      <trkpt lat="46.127727" lon="11.479715">
        <ele>1090.332947</ele>
        <time>2026-08-21T09:48:46.817Z</time>
      </trkpt>
      <trkpt lat="46.127564" lon="11.479764">
        <ele>1088.433939</ele>
        <time>2026-08-21T09:48:47.658Z</time>
      </trkpt>
      <trkpt lat="46.127200" lon="11.480045">
        <ele>1083.725500</ele>
        <time>2026-08-21T09:48:49.739Z</time>
      </trkpt>
      <trkpt lat="46.126625" lon="11.480596">
        <ele>1079.070400</ele>
        <time>2026-08-21T09:48:53.289Z</time>
      </trkpt>
      <trkpt lat="46.126285" lon="11.480824">
        <ele>1076.953309</ele>
        <time>2026-08-21T09:48:55.521Z</time>
      </trkpt>
      <trkpt lat="46.126138" lon="11.480879">
        <ele>1076.095794</ele>
        <time>2026-08-21T09:48:56.499Z</time>
      </trkpt>
      <trkpt lat="46.125966" lon="11.480819">
        <ele>1075.096583</ele>
        <time>2026-08-21T09:48:57.649Z</time>
      </trkpt>
      <trkpt lat="46.125849" lon="11.480671">
        <ele>1074.217972</ele>
        <time>2026-08-21T09:48:58.647Z</time>
      </trkpt>
      <trkpt lat="46.125702" lon="11.480322">
        <ele>1072.619684</ele>
        <time>2026-08-21T09:49:00.424Z</time>
      </trkpt>
      <trkpt lat="46.125634" lon="11.480260">
        <ele>1072.165469</ele>
        <time>2026-08-21T09:49:00.930Z</time>
      </trkpt>
      <trkpt lat="46.125545" lon="11.480235">
        <ele>1071.644884</ele>
        <time>2026-08-21T09:49:01.479Z</time>
      </trkpt>
      <trkpt lat="46.125380" lon="11.480290">
        <ele>1070.668862</ele>
        <time>2026-08-21T09:49:02.513Z</time>
      </trkpt>
      <trkpt lat="46.125147" lon="11.480548">
        <ele>1068.976086</ele>
        <time>2026-08-21T09:49:04.291Z</time>
      </trkpt>
      <trkpt lat="46.124614" lon="11.481218">
        <ele>1064.901801</ele>
        <time>2026-08-21T09:49:08.144Z</time>
      </trkpt>
      <trkpt lat="46.124369" lon="11.481471">
        <ele>1063.165344</ele>
        <time>2026-08-21T09:49:09.705Z</time>
      </trkpt>
      <trkpt lat="46.124246" lon="11.481531">
        <ele>1062.417015</ele>
        <time>2026-08-21T09:49:10.381Z</time>
      </trkpt>
      <trkpt lat="46.123621" lon="11.481471">
        <ele>1060.630565</ele>
        <time>2026-08-21T09:49:13.801Z</time>
      </trkpt>
      <trkpt lat="46.123524" lon="11.481481">
        <ele>1060.423070</ele>
        <time>2026-08-21T09:49:14.378Z</time>
      </trkpt>
      <trkpt lat="46.123477" lon="11.481489">
        <ele>1060.322092</ele>
        <time>2026-08-21T09:49:14.659Z</time>
      </trkpt>
      <trkpt lat="46.122574" lon="11.481645">
        <ele>1058.381613</ele>
        <time>2026-08-21T09:49:21.688Z</time>
      </trkpt>
      <trkpt lat="46.121971" lon="11.482067">
        <ele>1057.876525</ele>
        <time>2026-08-21T09:49:32.344Z</time>
      </trkpt>
      <trkpt lat="46.121898" lon="11.482084">
        <ele>1057.878544</ele>
        <time>2026-08-21T09:49:33.503Z</time>
      </trkpt>
      <trkpt lat="46.121609" lon="11.482022">
        <ele>1057.886521</ele>
        <time>2026-08-21T09:49:37.403Z</time>
      </trkpt>
      <trkpt lat="46.121427" lon="11.482046">
        <ele>1057.891511</ele>
        <time>2026-08-21T09:49:39.276Z</time>
      </trkpt>
      <trkpt lat="46.121143" lon="11.482359">
        <ele>1057.901268</ele>
        <time>2026-08-21T09:49:41.938Z</time>
      </trkpt>
      <trkpt lat="46.120980" lon="11.482592">
        <ele>1057.907532</ele>
        <time>2026-08-21T09:49:43.437Z</time>
      </trkpt>
      <trkpt lat="46.120435" lon="11.483605">
        <ele>1056.569583</ele>
        <time>2026-08-21T09:49:48.895Z</time>
      </trkpt>
      <trkpt lat="46.120143" lon="11.483879">
        <ele>1055.853471</ele>
        <time>2026-08-21T09:49:51.289Z</time>
      </trkpt>
      <trkpt lat="46.119874" lon="11.484373">
        <ele>1054.958272</ele>
        <time>2026-08-21T09:49:54.532Z</time>
      </trkpt>
      <trkpt lat="46.119652" lon="11.484589">
        <ele>1054.407782</ele>
        <time>2026-08-21T09:49:56.721Z</time>
      </trkpt>
      <trkpt lat="46.119389" lon="11.484850">
        <ele>1052.555575</ele>
        <time>2026-08-21T09:49:59.327Z</time>
      </trkpt>
      <trkpt lat="46.118583" lon="11.486414">
        <ele>1042.630901</ele>
        <time>2026-08-21T09:50:06.620Z</time>
      </trkpt>
      <trkpt lat="46.117975" lon="11.488481">
        <ele>1021.463246</ele>
        <time>2026-08-21T09:50:14.348Z</time>
      </trkpt>
      <trkpt lat="46.117888" lon="11.488710">
        <ele>1018.813430</ele>
        <time>2026-08-21T09:50:15.250Z</time>
      </trkpt>
      <trkpt lat="46.117761" lon="11.488841">
        <ele>1016.527985</ele>
        <time>2026-08-21T09:50:16.033Z</time>
      </trkpt>
      <trkpt lat="46.117434" lon="11.489058">
        <ele>1012.196661</ele>
        <time>2026-08-21T09:50:17.837Z</time>
      </trkpt>
      <trkpt lat="46.117349" lon="11.489148">
        <ele>1011.077190</ele>
        <time>2026-08-21T09:50:18.366Z</time>
      </trkpt>
      <trkpt lat="46.116991" lon="11.489733">
        <ele>1005.333930</ele>
        <time>2026-08-21T09:50:21.066Z</time>
      </trkpt>
      <trkpt lat="46.116739" lon="11.489998">
        <ele>1002.022943</ele>
        <time>2026-08-21T09:50:22.643Z</time>
      </trkpt>
      <trkpt lat="46.116572" lon="11.490242">
        <ele>999.499288</ele>
        <time>2026-08-21T09:50:23.885Z</time>
      </trkpt>
      <trkpt lat="46.116546" lon="11.490286">
        <ele>999.073760</ele>
        <time>2026-08-21T09:50:24.101Z</time>
      </trkpt>
      <trkpt lat="46.116540" lon="11.490295">
        <ele>998.981858</ele>
        <time>2026-08-21T09:50:24.146Z</time>
      </trkpt>
      <trkpt lat="46.116475" lon="11.490418">
        <ele>997.843531</ele>
        <time>2026-08-21T09:50:24.734Z</time>
      </trkpt>
      <trkpt lat="46.116435" lon="11.490490">
        <ele>997.164432</ele>
        <time>2026-08-21T09:50:25.099Z</time>
      </trkpt>
      <trkpt lat="46.116415" lon="11.490526">
        <ele>996.824883</ele>
        <time>2026-08-21T09:50:25.279Z</time>
      </trkpt>
      <trkpt lat="46.116278" lon="11.490719">
        <ele>995.361687</ele>
        <time>2026-08-21T09:50:26.471Z</time>
      </trkpt>
      <trkpt lat="46.116184" lon="11.490774">
        <ele>995.067828</ele>
        <time>2026-08-21T09:50:27.246Z</time>
      </trkpt>
      <trkpt lat="46.116082" lon="11.490780">
        <ele>994.772095</ele>
        <time>2026-08-21T09:50:28.291Z</time>
      </trkpt>
      <trkpt lat="46.115985" lon="11.490737">
        <ele>994.478123</ele>
        <time>2026-08-21T09:50:29.183Z</time>
      </trkpt>
      <trkpt lat="46.115731" lon="11.490494">
        <ele>993.595192</ele>
        <time>2026-08-21T09:50:32.201Z</time>
      </trkpt>
      <trkpt lat="46.115133" lon="11.490185">
        <ele>991.755037</ele>
        <time>2026-08-21T09:50:37.549Z</time>
      </trkpt>
      <trkpt lat="46.115063" lon="11.490180">
        <ele>991.552003</ele>
        <time>2026-08-21T09:50:38.039Z</time>
      </trkpt>
      <trkpt lat="46.115007" lon="11.490231">
        <ele>991.360150</ele>
        <time>2026-08-21T09:50:38.447Z</time>
      </trkpt>
      <trkpt lat="46.114957" lon="11.490313">
        <ele>991.140838</ele>
        <time>2026-08-21T09:50:38.892Z</time>
      </trkpt>
      <trkpt lat="46.114948" lon="11.490419">
        <ele>990.926377</ele>
        <time>2026-08-21T09:50:39.315Z</time>
      </trkpt>
      <trkpt lat="46.114976" lon="11.490513">
        <ele>990.720917</ele>
        <time>2026-08-21T09:50:39.710Z</time>
      </trkpt>
      <trkpt lat="46.115302" lon="11.490935">
        <ele>988.023705</ele>
        <time>2026-08-21T09:50:42.021Z</time>
      </trkpt>
      <trkpt lat="46.115555" lon="11.491446">
        <ele>984.789723</ele>
        <time>2026-08-21T09:50:44.233Z</time>
      </trkpt>
      <trkpt lat="46.115606" lon="11.491604">
        <ele>983.892129</ele>
        <time>2026-08-21T09:50:44.846Z</time>
      </trkpt>
      <trkpt lat="46.115617" lon="11.491822">
        <ele>982.766453</ele>
        <time>2026-08-21T09:50:45.618Z</time>
      </trkpt>
      <trkpt lat="46.115474" lon="11.492269">
        <ele>980.231069</ele>
        <time>2026-08-21T09:50:47.415Z</time>
      </trkpt>
      <trkpt lat="46.115376" lon="11.492468">
        <ele>978.973920</ele>
        <time>2026-08-21T09:50:48.373Z</time>
      </trkpt>
      <trkpt lat="46.114539" lon="11.493131">
        <ele>974.492591</ele>
        <time>2026-08-21T09:50:54.689Z</time>
      </trkpt>
      <trkpt lat="46.113666" lon="11.494388">
        <ele>969.254253</ele>
        <time>2026-08-21T09:51:02.246Z</time>
      </trkpt>
      <trkpt lat="46.113445" lon="11.494556">
        <ele>966.840730</ele>
        <time>2026-08-21T09:51:03.534Z</time>
      </trkpt>
      <trkpt lat="46.113326" lon="11.494747">
        <ele>965.120751</ele>
        <time>2026-08-21T09:51:04.448Z</time>
      </trkpt>
      <trkpt lat="46.113059" lon="11.495737">
        <ele>958.005938</ele>
        <time>2026-08-21T09:51:08.205Z</time>
      </trkpt>
      <trkpt lat="46.112897" lon="11.496029">
        <ele>955.501024</ele>
        <time>2026-08-21T09:51:09.520Z</time>
      </trkpt>
      <trkpt lat="46.112449" lon="11.496364">
        <ele>951.618535</ele>
        <time>2026-08-21T09:51:12.079Z</time>
      </trkpt>
      <trkpt lat="46.112279" lon="11.496640">
        <ele>950.146909</ele>
        <time>2026-08-21T09:51:13.437Z</time>
      </trkpt>
      <trkpt lat="46.111995" lon="11.496831">
        <ele>948.345235</ele>
        <time>2026-08-21T09:51:15.230Z</time>
      </trkpt>
      <trkpt lat="46.111791" lon="11.496921">
        <ele>947.118662</ele>
        <time>2026-08-21T09:51:16.534Z</time>
      </trkpt>
      <trkpt lat="46.111525" lon="11.497199">
        <ele>945.230001</ele>
        <time>2026-08-21T09:51:18.635Z</time>
      </trkpt>
      <trkpt lat="46.111354" lon="11.497422">
        <ele>943.904559</ele>
        <time>2026-08-21T09:51:20.079Z</time>
      </trkpt>
      <trkpt lat="46.111196" lon="11.497535">
        <ele>942.890573</ele>
        <time>2026-08-21T09:51:21.123Z</time>
      </trkpt>
      <trkpt lat="46.110730" lon="11.497694">
        <ele>940.124803</ele>
        <time>2026-08-21T09:51:23.865Z</time>
      </trkpt>
      <trkpt lat="46.110637" lon="11.497773">
        <ele>939.501270</ele>
        <time>2026-08-21T09:51:24.467Z</time>
      </trkpt>
      <trkpt lat="46.110387" lon="11.498166">
        <ele>937.364987</ele>
        <time>2026-08-21T09:51:26.498Z</time>
      </trkpt>
      <trkpt lat="46.110096" lon="11.498496">
        <ele>935.226443</ele>
        <time>2026-08-21T09:51:28.496Z</time>
      </trkpt>
      <trkpt lat="46.109657" lon="11.498796">
        <ele>932.419976</ele>
        <time>2026-08-21T09:51:31.102Z</time>
      </trkpt>
      <trkpt lat="46.109194" lon="11.499168">
        <ele>929.886835</ele>
        <time>2026-08-21T09:51:34.016Z</time>
      </trkpt>
      <trkpt lat="46.108335" lon="11.499515">
        <ele>925.645491</ele>
        <time>2026-08-21T09:51:39.200Z</time>
      </trkpt>
      <trkpt lat="46.107885" lon="11.499832">
        <ele>923.361442</ele>
        <time>2026-08-21T09:51:42.185Z</time>
      </trkpt>
      <trkpt lat="46.107577" lon="11.499995">
        <ele>922.087913</ele>
        <time>2026-08-21T09:51:44.134Z</time>
      </trkpt>
      <trkpt lat="46.106985" lon="11.500207">
        <ele>919.720124</ele>
        <time>2026-08-21T09:51:47.693Z</time>
      </trkpt>
      <trkpt lat="46.106658" lon="11.500249">
        <ele>918.445755</ele>
        <time>2026-08-21T09:51:49.594Z</time>
      </trkpt>
      <trkpt lat="46.106045" lon="11.500460">
        <ele>916.375744</ele>
        <time>2026-08-21T09:51:53.318Z</time>
      </trkpt>
      <trkpt lat="46.105784" lon="11.500637">
        <ele>915.775248</ele>
        <time>2026-08-21T09:51:55.076Z</time>
      </trkpt>
      <trkpt lat="46.105420" lon="11.500703">
        <ele>915.011403</ele>
        <time>2026-08-21T09:51:57.431Z</time>
      </trkpt>
      <trkpt lat="46.104878" lon="11.500923">
        <ele>913.839075</ele>
        <time>2026-08-21T09:52:01.574Z</time>
      </trkpt>
      <trkpt lat="46.104645" lon="11.500932">
        <ele>913.353775</ele>
        <time>2026-08-21T09:52:03.286Z</time>
      </trkpt>
      <trkpt lat="46.104167" lon="11.500887">
        <ele>912.095455</ele>
        <time>2026-08-21T09:52:06.826Z</time>
      </trkpt>
      <trkpt lat="46.103950" lon="11.500936">
        <ele>911.470001</ele>
        <time>2026-08-21T09:52:08.352Z</time>
      </trkpt>
      <trkpt lat="46.103152" lon="11.501059">
        <ele>909.184682</ele>
        <time>2026-08-21T09:52:13.309Z</time>
      </trkpt>
      <trkpt lat="46.102471" lon="11.501258">
        <ele>906.791595</ele>
        <time>2026-08-21T09:52:17.252Z</time>
      </trkpt>
      <trkpt lat="46.102193" lon="11.501276">
        <ele>905.554335</ele>
        <time>2026-08-21T09:52:18.833Z</time>
      </trkpt>
      <trkpt lat="46.101562" lon="11.501119">
        <ele>902.707402</ele>
        <time>2026-08-21T09:52:22.482Z</time>
      </trkpt>
      <trkpt lat="46.100255" lon="11.501138">
        <ele>897.627415</ele>
        <time>2026-08-21T09:52:30.151Z</time>
      </trkpt>
      <trkpt lat="46.099973" lon="11.501061">
        <ele>896.657189</ele>
        <time>2026-08-21T09:52:31.850Z</time>
      </trkpt>
      <trkpt lat="46.099783" lon="11.500961">
        <ele>895.973465</ele>
        <time>2026-08-21T09:52:33.031Z</time>
      </trkpt>
      <trkpt lat="46.099574" lon="11.500787">
        <ele>895.157673</ele>
        <time>2026-08-21T09:52:34.446Z</time>
      </trkpt>
      <trkpt lat="46.099279" lon="11.500692">
        <ele>894.135877</ele>
        <time>2026-08-21T09:52:36.385Z</time>
      </trkpt>
      <trkpt lat="46.098889" lon="11.500793">
        <ele>891.902308</ele>
        <time>2026-08-21T09:52:39.361Z</time>
      </trkpt>
      <trkpt lat="46.098619" lon="11.500782">
        <ele>890.226815</ele>
        <time>2026-08-21T09:52:41.426Z</time>
      </trkpt>
      <trkpt lat="46.098217" lon="11.500628">
        <ele>887.646708</ele>
        <time>2026-08-21T09:52:43.835Z</time>
      </trkpt>
      <trkpt lat="46.097740" lon="11.500505">
        <ele>884.640923</ele>
        <time>2026-08-21T09:52:46.393Z</time>
      </trkpt>
      <trkpt lat="46.097597" lon="11.500503">
        <ele>883.753845</ele>
        <time>2026-08-21T09:52:47.135Z</time>
      </trkpt>
      <trkpt lat="46.097293" lon="11.500714">
        <ele>880.161723</ele>
        <time>2026-08-21T09:52:48.841Z</time>
      </trkpt>
      <trkpt lat="46.096923" lon="11.500808">
        <ele>874.500508</ele>
        <time>2026-08-21T09:52:50.707Z</time>
      </trkpt>
      <trkpt lat="46.096886" lon="11.500804">
        <ele>873.941408</ele>
        <time>2026-08-21T09:52:50.890Z</time>
      </trkpt>
      <trkpt lat="46.096555" lon="11.500778">
        <ele>868.946330</ele>
        <time>2026-08-21T09:52:52.520Z</time>
      </trkpt>
      <trkpt lat="46.096382" lon="11.500721">
        <ele>866.272298</ele>
        <time>2026-08-21T09:52:53.386Z</time>
      </trkpt>
      <trkpt lat="46.096125" lon="11.500607">
        <ele>862.220617</ele>
        <time>2026-08-21T09:52:54.713Z</time>
      </trkpt>
      <trkpt lat="46.095999" lon="11.500523">
        <ele>860.128908</ele>
        <time>2026-08-21T09:52:55.398Z</time>
      </trkpt>
      <trkpt lat="46.095911" lon="11.500426">
        <ele>858.459864</ele>
        <time>2026-08-21T09:52:55.948Z</time>
      </trkpt>
      <trkpt lat="46.095767" lon="11.500150">
        <ele>855.361170</ele>
        <time>2026-08-21T09:52:57.151Z</time>
      </trkpt>
      <trkpt lat="46.095597" lon="11.499668">
        <ele>853.523258</ele>
        <time>2026-08-21T09:52:59.110Z</time>
      </trkpt>
      <trkpt lat="46.095544" lon="11.499598">
        <ele>853.171009</ele>
        <time>2026-08-21T09:52:59.532Z</time>
      </trkpt>
      <trkpt lat="46.095367" lon="11.499477">
        <ele>852.210958</ele>
        <time>2026-08-21T09:53:00.734Z</time>
      </trkpt>
      <trkpt lat="46.095243" lon="11.499218">
        <ele>851.141259</ele>
        <time>2026-08-21T09:53:02.529Z</time>
      </trkpt>
      <trkpt lat="46.095157" lon="11.498808">
        <ele>849.685406</ele>
        <time>2026-08-21T09:53:05.302Z</time>
      </trkpt>
      <trkpt lat="46.095166" lon="11.498274">
        <ele>847.869918</ele>
        <time>2026-08-21T09:53:07.971Z</time>
      </trkpt>
      <trkpt lat="46.095094" lon="11.498047">
        <ele>847.021521</ele>
        <time>2026-08-21T09:53:09.040Z</time>
      </trkpt>
      <trkpt lat="46.095012" lon="11.497984">
        <ele>846.359722</ele>
        <time>2026-08-21T09:53:09.591Z</time>
      </trkpt>
      <trkpt lat="46.094824" lon="11.497961">
        <ele>844.588932</ele>
        <time>2026-08-21T09:53:10.658Z</time>
      </trkpt>
      <trkpt lat="46.094789" lon="11.497976">
        <ele>844.246243</ele>
        <time>2026-08-21T09:53:10.854Z</time>
      </trkpt>
      <trkpt lat="46.094650" lon="11.498132">
        <ele>842.593132</ele>
        <time>2026-08-21T09:53:11.816Z</time>
      </trkpt>
      <trkpt lat="46.094465" lon="11.498492">
        <ele>839.676863</ele>
        <time>2026-08-21T09:53:13.470Z</time>
      </trkpt>
      <trkpt lat="46.094350" lon="11.498570">
        <ele>838.484113</ele>
        <time>2026-08-21T09:53:14.120Z</time>
      </trkpt>
      <trkpt lat="46.094245" lon="11.498600">
        <ele>837.479491</ele>
        <time>2026-08-21T09:53:14.669Z</time>
      </trkpt>
      <trkpt lat="46.093910" lon="11.498604">
        <ele>834.335279</ele>
        <time>2026-08-21T09:53:16.372Z</time>
      </trkpt>
      <trkpt lat="46.093788" lon="11.498725">
        <ele>832.945575</ele>
        <time>2026-08-21T09:53:17.120Z</time>
      </trkpt>
      <trkpt lat="46.093723" lon="11.498744">
        <ele>832.323118</ele>
        <time>2026-08-21T09:53:17.452Z</time>
      </trkpt>
      <trkpt lat="46.093563" lon="11.498737">
        <ele>830.820765</ele>
        <time>2026-08-21T09:53:18.254Z</time>
      </trkpt>
      <trkpt lat="46.093401" lon="11.498642">
        <ele>828.889097</ele>
        <time>2026-08-21T09:53:19.132Z</time>
      </trkpt>
      <trkpt lat="46.093337" lon="11.498518">
        <ele>827.483686</ele>
        <time>2026-08-21T09:53:19.662Z</time>
      </trkpt>
      <trkpt lat="46.093283" lon="11.498303">
        <ele>825.404606</ele>
        <time>2026-08-21T09:53:20.458Z</time>
      </trkpt>
      <trkpt lat="46.093232" lon="11.498199">
        <ele>824.246488</ele>
        <time>2026-08-21T09:53:20.901Z</time>
      </trkpt>
      <trkpt lat="46.093109" lon="11.498115">
        <ele>822.462140</ele>
        <time>2026-08-21T09:53:21.587Z</time>
      </trkpt>
      <trkpt lat="46.092999" lon="11.498133">
        <ele>821.010689</ele>
        <time>2026-08-21T09:53:22.142Z</time>
      </trkpt>
      <trkpt lat="46.092729" lon="11.498320">
        <ele>817.083607</ele>
        <time>2026-08-21T09:53:23.656Z</time>
      </trkpt>
      <trkpt lat="46.092400" lon="11.498496">
        <ele>812.482865</ele>
        <time>2026-08-21T09:53:25.432Z</time>
      </trkpt>
      <trkpt lat="46.092174" lon="11.498507">
        <ele>809.518124</ele>
        <time>2026-08-21T09:53:26.562Z</time>
      </trkpt>
      <trkpt lat="46.092020" lon="11.498492">
        <ele>807.494452</ele>
        <time>2026-08-21T09:53:27.330Z</time>
      </trkpt>
      <trkpt lat="46.091769" lon="11.498567">
        <ele>804.715330</ele>
        <time>2026-08-21T09:53:28.616Z</time>
      </trkpt>
      <trkpt lat="46.091690" lon="11.498558">
        <ele>803.951606</ele>
        <time>2026-08-21T09:53:29.014Z</time>
      </trkpt>
      <trkpt lat="46.091505" lon="11.498452">
        <ele>802.033094</ele>
        <time>2026-08-21T09:53:30.027Z</time>
      </trkpt>
      <trkpt lat="46.091456" lon="11.498403">
        <ele>801.458416</ele>
        <time>2026-08-21T09:53:30.331Z</time>
      </trkpt>
      <trkpt lat="46.091274" lon="11.498169">
        <ele>799.108416</ele>
        <time>2026-08-21T09:53:31.596Z</time>
      </trkpt>
      <trkpt lat="46.091127" lon="11.497923">
        <ele>796.938089</ele>
        <time>2026-08-21T09:53:32.790Z</time>
      </trkpt>
      <trkpt lat="46.091068" lon="11.497826">
        <ele>796.075754</ele>
        <time>2026-08-21T09:53:33.266Z</time>
      </trkpt>
      <trkpt lat="46.090936" lon="11.497625">
        <ele>794.225597</ele>
        <time>2026-08-21T09:53:34.294Z</time>
      </trkpt>
      <trkpt lat="46.090754" lon="11.497367">
        <ele>791.765917</ele>
        <time>2026-08-21T09:53:35.647Z</time>
      </trkpt>
      <trkpt lat="46.090255" lon="11.496859">
        <ele>785.738866</ele>
        <time>2026-08-21T09:53:38.895Z</time>
      </trkpt>
      <trkpt lat="46.090084" lon="11.496826">
        <ele>784.001374</ele>
        <time>2026-08-21T09:53:39.810Z</time>
      </trkpt>
      <trkpt lat="46.089801" lon="11.496870">
        <ele>781.134767</ele>
        <time>2026-08-21T09:53:41.289Z</time>
      </trkpt>
      <trkpt lat="46.089718" lon="11.496836">
        <ele>780.265798</ele>
        <time>2026-08-21T09:53:41.736Z</time>
      </trkpt>
      <trkpt lat="46.089067" lon="11.496206">
        <ele>772.369831</ele>
        <time>2026-08-21T09:53:45.761Z</time>
      </trkpt>
      <trkpt lat="46.088603" lon="11.495943">
        <ele>766.087691</ele>
        <time>2026-08-21T09:53:48.279Z</time>
      </trkpt>
      <trkpt lat="46.088054" lon="11.495603">
        <ele>757.921745</ele>
        <time>2026-08-21T09:53:51.238Z</time>
      </trkpt>
      <trkpt lat="46.087693" lon="11.495464">
        <ele>752.815113</ele>
        <time>2026-08-21T09:53:53.096Z</time>
      </trkpt>
      <trkpt lat="46.087550" lon="11.495379">
        <ele>750.701190</ele>
        <time>2026-08-21T09:53:53.869Z</time>
      </trkpt>
      <trkpt lat="46.087340" lon="11.495205">
        <ele>747.391000</ele>
        <time>2026-08-21T09:53:55.092Z</time>
      </trkpt>
      <trkpt lat="46.087164" lon="11.494983">
        <ele>745.267402</ele>
        <time>2026-08-21T09:53:56.289Z</time>
      </trkpt>
      <trkpt lat="46.086970" lon="11.494495">
        <ele>742.653192</ele>
        <time>2026-08-21T09:53:58.348Z</time>
      </trkpt>
      <trkpt lat="46.086688" lon="11.494062">
        <ele>739.892592</ele>
        <time>2026-08-21T09:54:00.658Z</time>
      </trkpt>
      <trkpt lat="46.086407" lon="11.493449">
        <ele>736.477520</ele>
        <time>2026-08-21T09:54:03.896Z</time>
      </trkpt>
      <trkpt lat="46.086316" lon="11.493304">
        <ele>735.568664</ele>
        <time>2026-08-21T09:54:04.692Z</time>
      </trkpt>
      <trkpt lat="46.085709" lon="11.492709">
        <ele>728.018976</ele>
        <time>2026-08-21T09:54:08.632Z</time>
      </trkpt>
      <trkpt lat="46.085398" lon="11.492431">
        <ele>723.772781</ele>
        <time>2026-08-21T09:54:10.497Z</time>
      </trkpt>
      <trkpt lat="46.085160" lon="11.492265">
        <ele>720.704817</ele>
        <time>2026-08-21T09:54:11.807Z</time>
      </trkpt>
      <trkpt lat="46.084798" lon="11.492067">
        <ele>716.212014</ele>
        <time>2026-08-21T09:54:13.721Z</time>
      </trkpt>
      <trkpt lat="46.084640" lon="11.492018">
        <ele>714.336631</ele>
        <time>2026-08-21T09:54:14.520Z</time>
      </trkpt>
      <trkpt lat="46.084372" lon="11.492002">
        <ele>712.304322</ele>
        <time>2026-08-21T09:54:15.861Z</time>
      </trkpt>
      <trkpt lat="46.084128" lon="11.491982">
        <ele>710.893001</ele>
        <time>2026-08-21T09:54:17.113Z</time>
      </trkpt>
      <trkpt lat="46.084008" lon="11.491902">
        <ele>710.129530</ele>
        <time>2026-08-21T09:54:17.809Z</time>
      </trkpt>
      <trkpt lat="46.083895" lon="11.491795">
        <ele>709.348825</ele>
        <time>2026-08-21T09:54:18.541Z</time>
      </trkpt>
      <trkpt lat="46.083761" lon="11.491495">
        <ele>707.919595</ele>
        <time>2026-08-21T09:54:19.968Z</time>
      </trkpt>
      <trkpt lat="46.083736" lon="11.491191">
        <ele>706.693419</ele>
        <time>2026-08-21T09:54:21.205Z</time>
      </trkpt>
      <trkpt lat="46.083873" lon="11.490591">
        <ele>704.163297</ele>
        <time>2026-08-21T09:54:24.759Z</time>
      </trkpt>
      <trkpt lat="46.083828" lon="11.489991">
        <ele>702.423409</ele>
        <time>2026-08-21T09:54:30.121Z</time>
      </trkpt>
      <trkpt lat="46.083787" lon="11.489865">
        <ele>702.170061</ele>
        <time>2026-08-21T09:54:30.906Z</time>
      </trkpt>
      <trkpt lat="46.083699" lon="11.489823">
        <ele>701.926784</ele>
        <time>2026-08-21T09:54:31.590Z</time>
      </trkpt>
      <trkpt lat="46.083638" lon="11.489828">
        <ele>701.766434</ele>
        <time>2026-08-21T09:54:32.018Z</time>
      </trkpt>
      <trkpt lat="46.083525" lon="11.489872">
        <ele>701.459246</ele>
        <time>2026-08-21T09:54:32.793Z</time>
      </trkpt>
      <trkpt lat="46.083331" lon="11.490016">
        <ele>700.886586</ele>
        <time>2026-08-21T09:54:34.121Z</time>
      </trkpt>
      <trkpt lat="46.083162" lon="11.490001">
        <ele>700.442215</ele>
        <time>2026-08-21T09:54:35.093Z</time>
      </trkpt>
      <trkpt lat="46.083034" lon="11.489953">
        <ele>700.095108</ele>
        <time>2026-08-21T09:54:35.834Z</time>
      </trkpt>
      <trkpt lat="46.082872" lon="11.489832">
        <ele>699.616278</ele>
        <time>2026-08-21T09:54:36.841Z</time>
      </trkpt>
      <trkpt lat="46.082622" lon="11.489529">
        <ele>698.759123</ele>
        <time>2026-08-21T09:54:38.674Z</time>
      </trkpt>
      <trkpt lat="46.082413" lon="11.489421">
        <ele>698.234045</ele>
        <time>2026-08-21T09:54:40.035Z</time>
      </trkpt>
      <trkpt lat="46.082354" lon="11.489320">
        <ele>698.146132</ele>
        <time>2026-08-21T09:54:40.620Z</time>
      </trkpt>
      <trkpt lat="46.082337" lon="11.489222">
        <ele>698.078877</ele>
        <time>2026-08-21T09:54:41.115Z</time>
      </trkpt>
      <trkpt lat="46.082345" lon="11.488716">
        <ele>697.741910</ele>
        <time>2026-08-21T09:54:44.068Z</time>
      </trkpt>
      <trkpt lat="46.082250" lon="11.488242">
        <ele>697.413425</ele>
        <time>2026-08-21T09:54:48.385Z</time>
      </trkpt>
      <trkpt lat="46.082234" lon="11.487963">
        <ele>697.227040</ele>
        <time>2026-08-21T09:54:50.779Z</time>
      </trkpt>
      <trkpt lat="46.082140" lon="11.487652">
        <ele>697.001181</ele>
        <time>2026-08-21T09:54:52.850Z</time>
      </trkpt>
      <trkpt lat="46.082055" lon="11.487505">
        <ele>696.873766</ele>
        <time>2026-08-21T09:54:53.778Z</time>
      </trkpt>
      <trkpt lat="46.081936" lon="11.487368">
        <ele>696.727595</ele>
        <time>2026-08-21T09:54:54.837Z</time>
      </trkpt>
      <trkpt lat="46.081819" lon="11.487303">
        <ele>696.607244</ele>
        <time>2026-08-21T09:54:55.767Z</time>
      </trkpt>
      <trkpt lat="46.081708" lon="11.487315">
        <ele>696.273934</ele>
        <time>2026-08-21T09:54:56.577Z</time>
      </trkpt>
      <trkpt lat="46.081398" lon="11.487470">
        <ele>694.195337</ele>
        <time>2026-08-21T09:54:58.680Z</time>
      </trkpt>
      <trkpt lat="46.081248" lon="11.487502">
        <ele>693.234743</ele>
        <time>2026-08-21T09:54:59.547Z</time>
      </trkpt>
      <trkpt lat="46.081087" lon="11.487474">
        <ele>692.207418</ele>
        <time>2026-08-21T09:55:00.433Z</time>
      </trkpt>
      <trkpt lat="46.081008" lon="11.487394">
        <ele>691.595829</ele>
        <time>2026-08-21T09:55:00.949Z</time>
      </trkpt>
      <trkpt lat="46.080821" lon="11.486952">
        <ele>689.320821</ele>
        <time>2026-08-21T09:55:02.865Z</time>
      </trkpt>
      <trkpt lat="46.080663" lon="11.486642">
        <ele>687.630418</ele>
        <time>2026-08-21T09:55:04.278Z</time>
      </trkpt>
      <trkpt lat="46.080450" lon="11.486430">
        <ele>685.990729</ele>
        <time>2026-08-21T09:55:05.648Z</time>
      </trkpt>
      <trkpt lat="46.080352" lon="11.486393">
        <ele>685.348964</ele>
        <time>2026-08-21T09:55:06.183Z</time>
      </trkpt>
      <trkpt lat="46.080108" lon="11.486389">
        <ele>682.696883</ele>
        <time>2026-08-21T09:55:07.463Z</time>
      </trkpt>
      <trkpt lat="46.079727" lon="11.486392">
        <ele>678.295574</ele>
        <time>2026-08-21T09:55:09.393Z</time>
      </trkpt>
      <trkpt lat="46.079279" lon="11.486296">
        <ele>673.063499</ele>
        <time>2026-08-21T09:55:11.665Z</time>
      </trkpt>
      <trkpt lat="46.079072" lon="11.486235">
        <ele>670.622825</ele>
        <time>2026-08-21T09:55:12.730Z</time>
      </trkpt>
      <trkpt lat="46.078705" lon="11.486068">
        <ele>666.177123</ele>
        <time>2026-08-21T09:55:14.666Z</time>
      </trkpt>
      <trkpt lat="46.077577" lon="11.485129">
        <ele>654.129797</ele>
        <time>2026-08-21T09:55:21.413Z</time>
      </trkpt>
      <trkpt lat="46.077221" lon="11.484819">
        <ele>650.413895</ele>
        <time>2026-08-21T09:55:23.651Z</time>
      </trkpt>
      <trkpt lat="46.076931" lon="11.484612">
        <ele>647.710568</ele>
        <time>2026-08-21T09:55:25.403Z</time>
      </trkpt>
      <trkpt lat="46.076840" lon="11.484537">
        <ele>647.000693</ele>
        <time>2026-08-21T09:55:25.974Z</time>
      </trkpt>
      <trkpt lat="46.076647" lon="11.484348">
        <ele>645.420613</ele>
        <time>2026-08-21T09:55:27.245Z</time>
      </trkpt>
      <trkpt lat="46.076507" lon="11.484129">
        <ele>644.021553</ele>
        <time>2026-08-21T09:55:28.379Z</time>
      </trkpt>
      <trkpt lat="46.076126" lon="11.483537">
        <ele>640.227875</ele>
        <time>2026-08-21T09:55:31.403Z</time>
      </trkpt>
      <trkpt lat="46.076091" lon="11.483474">
        <ele>639.848697</ele>
        <time>2026-08-21T09:55:31.709Z</time>
      </trkpt>
      <trkpt lat="46.076045" lon="11.483393">
        <ele>639.356920</ele>
        <time>2026-08-21T09:55:32.103Z</time>
      </trkpt>
      <trkpt lat="46.075392" lon="11.481870">
        <ele>631.508182</ele>
        <time>2026-08-21T09:55:38.816Z</time>
      </trkpt>
      <trkpt lat="46.075236" lon="11.481476">
        <ele>629.608681</ele>
        <time>2026-08-21T09:55:40.537Z</time>
      </trkpt>
      <trkpt lat="46.075150" lon="11.481234">
        <ele>628.470189</ele>
        <time>2026-08-21T09:55:41.597Z</time>
      </trkpt>
      <trkpt lat="46.075122" lon="11.480970">
        <ele>627.351952</ele>
        <time>2026-08-21T09:55:42.612Z</time>
      </trkpt>
      <trkpt lat="46.075199" lon="11.480260">
        <ele>624.708348</ele>
        <time>2026-08-21T09:55:45.414Z</time>
      </trkpt>
      <trkpt lat="46.075293" lon="11.480047">
        <ele>624.071460</ele>
        <time>2026-08-21T09:55:46.428Z</time>
      </trkpt>
      <trkpt lat="46.075420" lon="11.479809">
        <ele>623.313936</ele>
        <time>2026-08-21T09:55:47.675Z</time>
      </trkpt>
      <trkpt lat="46.075456" lon="11.479661">
        <ele>622.918268</ele>
        <time>2026-08-21T09:55:48.337Z</time>
      </trkpt>
      <trkpt lat="46.075432" lon="11.479490">
        <ele>622.478122</ele>
        <time>2026-08-21T09:55:49.089Z</time>
      </trkpt>
      <trkpt lat="46.075346" lon="11.479273">
        <ele>621.847624</ele>
        <time>2026-08-21T09:55:50.205Z</time>
      </trkpt>
      <trkpt lat="46.075351" lon="11.479162">
        <ele>621.566999</ele>
        <time>2026-08-21T09:55:50.702Z</time>
      </trkpt>
      <trkpt lat="46.075398" lon="11.479075">
        <ele>621.288808</ele>
        <time>2026-08-21T09:55:51.173Z</time>
      </trkpt>
      <trkpt lat="46.075525" lon="11.478968">
        <ele>620.753841</ele>
        <time>2026-08-21T09:55:52.087Z</time>
      </trkpt>
      <trkpt lat="46.075571" lon="11.478896">
        <ele>620.506899</ele>
        <time>2026-08-21T09:55:52.525Z</time>
      </trkpt>
      <trkpt lat="46.075635" lon="11.478706">
        <ele>619.974041</ele>
        <time>2026-08-21T09:55:53.403Z</time>
      </trkpt>
      <trkpt lat="46.075665" lon="11.477998">
        <ele>618.207184</ele>
        <time>2026-08-21T09:55:56.261Z</time>
      </trkpt>
      <trkpt lat="46.075731" lon="11.477638">
        <ele>617.307421</ele>
        <time>2026-08-21T09:55:57.811Z</time>
      </trkpt>
      <trkpt lat="46.075756" lon="11.477289">
        <ele>616.459621</ele>
        <time>2026-08-21T09:55:59.328Z</time>
      </trkpt>
      <trkpt lat="46.075877" lon="11.476754">
        <ele>615.099888</ele>
        <time>2026-08-21T09:56:01.850Z</time>
      </trkpt>
      <trkpt lat="46.075874" lon="11.476326">
        <ele>614.065628</ele>
        <time>2026-08-21T09:56:03.629Z</time>
      </trkpt>
      <trkpt lat="46.075843" lon="11.476010">
        <ele>613.294457</ele>
        <time>2026-08-21T09:56:04.856Z</time>
      </trkpt>
      <trkpt lat="46.075805" lon="11.475788">
        <ele>612.741933</ele>
        <time>2026-08-21T09:56:05.749Z</time>
      </trkpt>
      <trkpt lat="46.075651" lon="11.475243">
        <ele>611.475241</ele>
        <time>2026-08-21T09:56:08.257Z</time>
      </trkpt>
      <trkpt lat="46.075531" lon="11.474842">
        <ele>610.564236</ele>
        <time>2026-08-21T09:56:10.027Z</time>
      </trkpt>
      <trkpt lat="46.075423" lon="11.474890">
        <ele>610.224390</ele>
        <time>2026-08-21T09:56:10.682Z</time>
      </trkpt>
      <trkpt lat="46.075359" lon="11.474861">
        <ele>610.022655</ele>
        <time>2026-08-21T09:56:11.086Z</time>
      </trkpt>
      <trkpt lat="46.075300" lon="11.474834">
        <ele>609.836513</ele>
        <time>2026-08-21T09:56:11.450Z</time>
      </trkpt>
      <trkpt lat="46.075273" lon="11.474850">
        <ele>609.748730</ele>
        <time>2026-08-21T09:56:11.608Z</time>
      </trkpt>
      <trkpt lat="46.075300" lon="11.474834">
        <ele>609.660947</ele>
        <time>2026-08-21T09:56:11.784Z</time>
      </trkpt>
      <trkpt lat="46.075359" lon="11.474861">
        <ele>609.474806</ele>
        <time>2026-08-21T09:56:12.158Z</time>
      </trkpt>
      <trkpt lat="46.075423" lon="11.474890">
        <ele>609.273071</ele>
        <time>2026-08-21T09:56:12.538Z</time>
      </trkpt>
      <trkpt lat="46.075531" lon="11.474842">
        <ele>608.933224</ele>
        <time>2026-08-21T09:56:13.216Z</time>
      </trkpt>
      <trkpt lat="46.075398" lon="11.474345">
        <ele>607.822007</ele>
        <time>2026-08-21T09:56:15.354Z</time>
      </trkpt>
      <trkpt lat="46.075392" lon="11.474132">
        <ele>607.377318</ele>
        <time>2026-08-21T09:56:16.304Z</time>
      </trkpt>
      <trkpt lat="46.075421" lon="11.473902">
        <ele>607.325735</ele>
        <time>2026-08-21T09:56:17.618Z</time>
      </trkpt>
      <trkpt lat="46.075559" lon="11.473442">
        <ele>609.174302</ele>
        <time>2026-08-21T09:56:23.189Z</time>
      </trkpt>
      <trkpt lat="46.075545" lon="11.473299">
        <ele>609.706982</ele>
        <time>2026-08-21T09:56:24.524Z</time>
      </trkpt>
      <trkpt lat="46.075517" lon="11.473243">
        <ele>609.961598</ele>
        <time>2026-08-21T09:56:25.188Z</time>
      </trkpt>
      <trkpt lat="46.075485" lon="11.473207">
        <ele>610.177426</ele>
        <time>2026-08-21T09:56:25.720Z</time>
      </trkpt>
      <trkpt lat="46.075453" lon="11.473198">
        <ele>610.350780</ele>
        <time>2026-08-21T09:56:26.159Z</time>
      </trkpt>
      <trkpt lat="46.075702" lon="11.472657">
        <ele>612.745509</ele>
        <time>2026-08-21T09:56:35.860Z</time>
      </trkpt>
      <trkpt lat="46.075889" lon="11.472135">
        <ele>614.912465</ele>
        <time>2026-08-21T09:56:47.331Z</time>
      </trkpt>
      <trkpt lat="46.075983" lon="11.471795">
        <ele>616.262469</ele>
        <time>2026-08-21T09:56:55.401Z</time>
      </trkpt>
      <trkpt lat="46.076026" lon="11.471505">
        <ele>618.368494</ele>
        <time>2026-08-21T09:57:02.700Z</time>
      </trkpt>
      <trkpt lat="46.076037" lon="11.471297">
        <ele>620.182456</ele>
        <time>2026-08-21T09:57:07.999Z</time>
      </trkpt>
      <trkpt lat="46.076022" lon="11.470904">
        <ele>623.605051</ele>
        <time>2026-08-21T09:57:18.324Z</time>
      </trkpt>
      <trkpt lat="46.075972" lon="11.470612">
        <ele>626.220419</ele>
        <time>2026-08-21T09:57:26.519Z</time>
      </trkpt>
      <trkpt lat="46.075939" lon="11.470475">
        <ele>627.481511</ele>
        <time>2026-08-21T09:57:30.618Z</time>
      </trkpt>
      <trkpt lat="46.075790" lon="11.470105">
        <ele>631.201776</ele>
        <time>2026-08-21T09:57:43.056Z</time>
      </trkpt>
      <trkpt lat="46.075548" lon="11.469684">
        <ele>635.956217</ele>
        <time>2026-08-21T09:57:59.099Z</time>
      </trkpt>
      <trkpt lat="46.075373" lon="11.469317">
        <ele>639.751805</ele>
        <time>2026-08-21T09:58:12.034Z</time>
      </trkpt>
      <trkpt lat="46.075266" lon="11.468916">
        <ele>643.059572</ele>
        <time>2026-08-21T09:58:24.552Z</time>
      </trkpt>
      <trkpt lat="46.075247" lon="11.468545">
        <ele>645.923641</ele>
        <time>2026-08-21T09:58:35.602Z</time>
      </trkpt>
      <trkpt lat="46.075280" lon="11.468250">
        <ele>648.224158</ele>
        <time>2026-08-21T09:58:43.434Z</time>
      </trkpt>
      <trkpt lat="46.075342" lon="11.468001">
        <ele>650.260933</ele>
        <time>2026-08-21T09:58:49.720Z</time>
      </trkpt>
      <trkpt lat="46.075480" lon="11.467629">
        <ele>653.508707</ele>
        <time>2026-08-21T09:58:58.664Z</time>
      </trkpt>
      <trkpt lat="46.075471" lon="11.467454">
        <ele>654.859708</ele>
        <time>2026-08-21T09:59:02.292Z</time>
      </trkpt>
      <trkpt lat="46.075389" lon="11.467342">
        <ele>656.113384</ele>
        <time>2026-08-21T09:59:05.811Z</time>
      </trkpt>
      <trkpt lat="46.075272" lon="11.467327">
        <ele>657.416989</ele>
        <time>2026-08-21T09:59:09.292Z</time>
      </trkpt>
      <trkpt lat="46.075206" lon="11.467359">
        <ele>658.189787</ele>
        <time>2026-08-21T09:59:11.278Z</time>
      </trkpt>
      <trkpt lat="46.075064" lon="11.467608">
        <ele>660.597273</ele>
        <time>2026-08-21T09:59:18.124Z</time>
      </trkpt>
      <trkpt lat="46.074912" lon="11.467883">
        <ele>663.175054</ele>
        <time>2026-08-21T09:59:25.484Z</time>
      </trkpt>
      <trkpt lat="46.074700" lon="11.468174">
        <ele>666.268741</ele>
        <time>2026-08-21T09:59:34.695Z</time>
      </trkpt>
      <trkpt lat="46.074204" lon="11.469089">
        <ele>674.781977</ele>
        <time>2026-08-21T10:00:01.957Z</time>
      </trkpt>
      <trkpt lat="46.074147" lon="11.469211">
        <ele>675.860334</ele>
        <time>2026-08-21T10:00:06.392Z</time>
      </trkpt>
      <trkpt lat="46.074030" lon="11.469662">
        <ele>678.982744</ele>
        <time>2026-08-21T10:00:20.695Z</time>
      </trkpt>
      <trkpt lat="46.073978" lon="11.469708">
        <ele>679.419495</ele>
        <time>2026-08-21T10:00:23.227Z</time>
      </trkpt>
      <trkpt lat="46.073876" lon="11.469702">
        <ele>680.150277</ele>
        <time>2026-08-21T10:00:27.578Z</time>
      </trkpt>
      <trkpt lat="46.073816" lon="11.469557">
        <ele>680.988733</ele>
        <time>2026-08-21T10:00:32.576Z</time>
      </trkpt>
      <trkpt lat="46.073821" lon="11.469484">
        <ele>681.353022</ele>
        <time>2026-08-21T10:00:34.660Z</time>
      </trkpt>
      <trkpt lat="46.073922" lon="11.469092">
        <ele>683.429669</ele>
        <time>2026-08-21T10:00:45.669Z</time>
      </trkpt>
      <trkpt lat="46.074124" lon="11.467989">
        <ele>689.094935</ele>
        <time>2026-08-21T10:01:03.848Z</time>
      </trkpt>
      <trkpt lat="46.074179" lon="11.467701">
        <ele>690.578372</ele>
        <time>2026-08-21T10:01:05.457Z</time>
      </trkpt>
      <trkpt lat="46.074466" lon="11.466395">
        <ele>691.525000</ele>
        <time>2026-08-21T10:01:11.591Z</time>
      </trkpt>
      <trkpt lat="46.074613" lon="11.465746">
        <ele>691.802681</ele>
        <time>2026-08-21T10:01:15.038Z</time>
      </trkpt>
      <trkpt lat="46.074666" lon="11.465463">
        <ele>691.921906</ele>
        <time>2026-08-21T10:01:17.937Z</time>
      </trkpt>
      <trkpt lat="46.074673" lon="11.465185">
        <ele>692.035051</ele>
        <time>2026-08-21T10:01:21.529Z</time>
      </trkpt>
      <trkpt lat="46.074648" lon="11.464989">
        <ele>692.705075</ele>
        <time>2026-08-21T10:01:24.663Z</time>
      </trkpt>
      <trkpt lat="46.074617" lon="11.464794">
        <ele>693.598335</ele>
        <time>2026-08-21T10:01:28.243Z</time>
      </trkpt>
      <trkpt lat="46.074525" lon="11.464582">
        <ele>694.714888</ele>
        <time>2026-08-21T10:01:33.004Z</time>
      </trkpt>
      <trkpt lat="46.074438" lon="11.464460">
        <ele>695.496110</ele>
        <time>2026-08-21T10:01:36.386Z</time>
      </trkpt>
      <trkpt lat="46.073929" lon="11.463890">
        <ele>699.644689</ele>
        <time>2026-08-21T10:01:53.933Z</time>
      </trkpt>
      <trkpt lat="46.073771" lon="11.463583">
        <ele>701.351524</ele>
        <time>2026-08-21T10:02:00.704Z</time>
      </trkpt>
      <trkpt lat="46.073692" lon="11.463357">
        <ele>702.481516</ele>
        <time>2026-08-21T10:02:05.041Z</time>
      </trkpt>
      <trkpt lat="46.073630" lon="11.463112">
        <ele>703.644803</ele>
        <time>2026-08-21T10:02:09.356Z</time>
      </trkpt>
      <trkpt lat="46.073603" lon="11.462832">
        <ele>704.782844</ele>
        <time>2026-08-21T10:02:13.934Z</time>
      </trkpt>
      <trkpt lat="46.073526" lon="11.461529">
        <ele>710.047372</ele>
        <time>2026-08-21T10:02:34.379Z</time>
      </trkpt>
      <trkpt lat="46.073376" lon="11.459035">
        <ele>719.570017</ele>
        <time>2026-08-21T10:03:13.253Z</time>
      </trkpt>
      <trkpt lat="46.073390" lon="11.458537">
        <ele>721.392464</ele>
        <time>2026-08-21T10:03:20.845Z</time>
      </trkpt>
      <trkpt lat="46.073443" lon="11.458159">
        <ele>722.802580</ele>
        <time>2026-08-21T10:03:26.497Z</time>
      </trkpt>
      <trkpt lat="46.073617" lon="11.457155">
        <ele>725.320999</ele>
        <time>2026-08-21T10:03:40.345Z</time>
      </trkpt>
      <trkpt lat="46.073618" lon="11.457149">
        <ele>725.334153</ele>
        <time>2026-08-21T10:03:40.417Z</time>
      </trkpt>
      <trkpt lat="46.073757" lon="11.456133">
        <ele>727.541716</ele>
        <time>2026-08-21T10:03:51.473Z</time>
      </trkpt>
      <trkpt lat="46.073787" lon="11.456032">
        <ele>727.775926</ele>
        <time>2026-08-21T10:03:52.505Z</time>
      </trkpt>
      <trkpt lat="46.074081" lon="11.454726">
        <ele>730.684378</ele>
        <time>2026-08-21T10:04:04.893Z</time>
      </trkpt>
      <trkpt lat="46.074216" lon="11.454089">
        <ele>732.088065</ele>
        <time>2026-08-21T10:04:11.682Z</time>
      </trkpt>
      <trkpt lat="46.074297" lon="11.453740">
        <ele>732.863631</ele>
        <time>2026-08-21T10:04:15.920Z</time>
      </trkpt>
      <trkpt lat="46.074335" lon="11.453578">
        <ele>733.224024</ele>
        <time>2026-08-21T10:04:18.000Z</time>
      </trkpt>
      <trkpt lat="46.074503" lon="11.452942">
        <ele>734.779681</ele>
        <time>2026-08-21T10:04:27.065Z</time>
      </trkpt>
      <trkpt lat="46.074656" lon="11.451931">
        <ele>739.252044</ele>
        <time>2026-08-21T10:04:43.085Z</time>
      </trkpt>
      <trkpt lat="46.074751" lon="11.451607">
        <ele>740.772331</ele>
        <time>2026-08-21T10:04:49.142Z</time>
      </trkpt>
      <trkpt lat="46.074834" lon="11.451485">
        <ele>741.510868</ele>
        <time>2026-08-21T10:04:52.121Z</time>
      </trkpt>
      <trkpt lat="46.075114" lon="11.451185">
        <ele>743.684428</ele>
        <time>2026-08-21T10:05:00.973Z</time>
      </trkpt>
      <trkpt lat="46.075520" lon="11.450756">
        <ele>747.111757</ele>
        <time>2026-08-21T10:05:14.365Z</time>
      </trkpt>
      <trkpt lat="46.075621" lon="11.450650">
        <ele>748.101455</ele>
        <time>2026-08-21T10:05:17.789Z</time>
      </trkpt>
      <trkpt lat="46.075882" lon="11.450448">
        <ele>750.448211</ele>
        <time>2026-08-21T10:05:26.144Z</time>
      </trkpt>
      <trkpt lat="46.076053" lon="11.450348">
        <ele>751.910073</ele>
        <time>2026-08-21T10:05:31.365Z</time>
      </trkpt>
      <trkpt lat="46.076322" lon="11.450191">
        <ele>754.209086</ele>
        <time>2026-08-21T10:05:39.469Z</time>
      </trkpt>
      <trkpt lat="46.076587" lon="11.450032">
        <ele>756.482957</ele>
        <time>2026-08-21T10:05:47.529Z</time>
      </trkpt>
      <trkpt lat="46.076890" lon="11.449894">
        <ele>759.000229</ele>
        <time>2026-08-21T10:05:56.565Z</time>
      </trkpt>
      <trkpt lat="46.077194" lon="11.449777">
        <ele>761.801212</ele>
        <time>2026-08-21T10:06:05.727Z</time>
      </trkpt>
      <trkpt lat="46.077335" lon="11.449729">
        <ele>763.185572</ele>
        <time>2026-08-21T10:06:09.980Z</time>
      </trkpt>
      <trkpt lat="46.077425" lon="11.449696">
        <ele>764.072935</ele>
        <time>2026-08-21T10:06:12.737Z</time>
      </trkpt>
      <trkpt lat="46.077551" lon="11.449652">
        <ele>765.311729</ele>
        <time>2026-08-21T10:06:16.570Z</time>
      </trkpt>
      <trkpt lat="46.078026" lon="11.449475">
        <ele>769.999695</ele>
        <time>2026-08-21T10:06:31.190Z</time>
      </trkpt>
      <trkpt lat="46.078094" lon="11.449436">
        <ele>770.698992</ele>
        <time>2026-08-21T10:06:33.418Z</time>
      </trkpt>
      <trkpt lat="46.078144" lon="11.449401">
        <ele>771.230105</ele>
        <time>2026-08-21T10:06:35.104Z</time>
      </trkpt>
      <trkpt lat="46.079090" lon="11.448681">
        <ele>783.337953</ele>
        <time>2026-08-21T10:07:13.381Z</time>
      </trkpt>
      <trkpt lat="46.079278" lon="11.448455">
        <ele>786.710583</ele>
        <time>2026-08-21T10:07:23.850Z</time>
      </trkpt>
      <trkpt lat="46.079312" lon="11.448404">
        <ele>787.386614</ele>
        <time>2026-08-21T10:07:26.220Z</time>
      </trkpt>
      <trkpt lat="46.079642" lon="11.447701">
        <ele>795.499144</ele>
        <time>2026-08-21T10:07:53.851Z</time>
      </trkpt>
      <trkpt lat="46.079659" lon="11.447532">
        <ele>797.131193</ele>
        <time>2026-08-21T10:07:59.392Z</time>
      </trkpt>
      <trkpt lat="46.079633" lon="11.447295">
        <ele>799.424385</ele>
        <time>2026-08-21T10:08:07.295Z</time>
      </trkpt>
      <trkpt lat="46.079600" lon="11.447162">
        <ele>800.774354</ele>
        <time>2026-08-21T10:08:11.938Z</time>
      </trkpt>
      <trkpt lat="46.079542" lon="11.447048">
        <ele>802.059450</ele>
        <time>2026-08-21T10:08:16.435Z</time>
      </trkpt>
      <trkpt lat="46.079346" lon="11.446883">
        <ele>803.896645</ele>
        <time>2026-08-21T10:08:26.204Z</time>
      </trkpt>
      <trkpt lat="46.079057" lon="11.446763">
        <ele>806.331030</ele>
        <time>2026-08-21T10:08:37.621Z</time>
      </trkpt>
      <trkpt lat="46.078381" lon="11.446612">
        <ele>811.868150</ele>
        <time>2026-08-21T10:08:55.625Z</time>
      </trkpt>
      <trkpt lat="46.077917" lon="11.446617">
        <ele>815.624063</ele>
        <time>2026-08-21T10:09:02.492Z</time>
      </trkpt>
      <trkpt lat="46.077805" lon="11.446682">
        <ele>816.591599</ele>
        <time>2026-08-21T10:09:04.185Z</time>
      </trkpt>
      <trkpt lat="46.077575" lon="11.446917">
        <ele>818.584742</ele>
        <time>2026-08-21T10:09:09.556Z</time>
      </trkpt>
      <trkpt lat="46.077491" lon="11.446959">
        <ele>819.213339</ele>
        <time>2026-08-21T10:09:11.659Z</time>
      </trkpt>
      <trkpt lat="46.077373" lon="11.446966">
        <ele>820.048317</ele>
        <time>2026-08-21T10:09:14.382Z</time>
      </trkpt>
      <trkpt lat="46.077233" lon="11.446900">
        <ele>821.089715</ele>
        <time>2026-08-21T10:09:17.867Z</time>
      </trkpt>
      <trkpt lat="46.077049" lon="11.446683">
        <ele>822.770490</ele>
        <time>2026-08-21T10:09:23.933Z</time>
      </trkpt>
      <trkpt lat="46.076975" lon="11.446469">
        <ele>823.943219</ele>
        <time>2026-08-21T10:09:28.484Z</time>
      </trkpt>
      <trkpt lat="46.076895" lon="11.446114">
        <ele>825.773875</ele>
        <time>2026-08-21T10:09:36.409Z</time>
      </trkpt>
      <trkpt lat="46.076811" lon="11.445952">
        <ele>826.765830</ele>
        <time>2026-08-21T10:09:41.040Z</time>
      </trkpt>
      <trkpt lat="46.076660" lon="11.445785">
        <ele>828.111409</ele>
        <time>2026-08-21T10:09:47.608Z</time>
      </trkpt>
      <trkpt lat="46.075723" lon="11.445294">
        <ele>833.419949</ele>
        <time>2026-08-21T10:10:16.951Z</time>
      </trkpt>
      <trkpt lat="46.075133" lon="11.444896">
        <ele>836.671445</ele>
        <time>2026-08-21T10:10:27.487Z</time>
      </trkpt>
      <trkpt lat="46.074785" lon="11.444864">
        <ele>838.273718</ele>
        <time>2026-08-21T10:10:31.328Z</time>
      </trkpt>
      <trkpt lat="46.074643" lon="11.444676">
        <ele>838.547033</ele>
        <time>2026-08-21T10:10:32.683Z</time>
      </trkpt>
      <trkpt lat="46.074548" lon="11.444567">
        <ele>838.719155</ele>
        <time>2026-08-21T10:10:33.558Z</time>
      </trkpt>
      <trkpt lat="46.074295" lon="11.444424">
        <ele>839.104387</ele>
        <time>2026-08-21T10:10:35.529Z</time>
      </trkpt>
      <trkpt lat="46.073802" lon="11.444564">
        <ele>839.816687</ele>
        <time>2026-08-21T10:10:40.173Z</time>
      </trkpt>
      <trkpt lat="46.073565" lon="11.444553">
        <ele>840.152827</ele>
        <time>2026-08-21T10:10:43.450Z</time>
      </trkpt>
      <trkpt lat="46.072518" lon="11.443898">
        <ele>842.256326</ele>
        <time>2026-08-21T10:11:05.573Z</time>
      </trkpt>
      <trkpt lat="46.072326" lon="11.443771">
        <ele>842.700872</ele>
        <time>2026-08-21T10:11:09.518Z</time>
      </trkpt>
      <trkpt lat="46.071974" lon="11.443453">
        <ele>843.575064</ele>
        <time>2026-08-21T10:11:14.730Z</time>
      </trkpt>
      <trkpt lat="46.071821" lon="11.443479">
        <ele>843.899260</ele>
        <time>2026-08-21T10:11:16.115Z</time>
      </trkpt>
      <trkpt lat="46.071597" lon="11.443725">
        <ele>844.491860</ele>
        <time>2026-08-21T10:11:18.321Z</time>
      </trkpt>
      <trkpt lat="46.071491" lon="11.443827">
        <ele>844.374358</ele>
        <time>2026-08-21T10:11:19.286Z</time>
      </trkpt>
      <trkpt lat="46.071433" lon="11.443837">
        <ele>844.267679</ele>
        <time>2026-08-21T10:11:19.756Z</time>
      </trkpt>
      <trkpt lat="46.071298" lon="11.443773">
        <ele>844.008137</ele>
        <time>2026-08-21T10:11:20.727Z</time>
      </trkpt>
      <trkpt lat="46.071142" lon="11.443629">
        <ele>843.669823</ele>
        <time>2026-08-21T10:11:21.910Z</time>
      </trkpt>
      <trkpt lat="46.070830" lon="11.443307">
        <ele>842.969022</ele>
        <time>2026-08-21T10:11:24.157Z</time>
      </trkpt>
      <trkpt lat="46.070772" lon="11.443174">
        <ele>842.769982</ele>
        <time>2026-08-21T10:11:24.795Z</time>
      </trkpt>
      <trkpt lat="46.070732" lon="11.443005">
        <ele>842.543737</ele>
        <time>2026-08-21T10:11:25.539Z</time>
      </trkpt>
      <trkpt lat="46.070713" lon="11.442450">
        <ele>841.839683</ele>
        <time>2026-08-21T10:11:28.226Z</time>
      </trkpt>
      <trkpt lat="46.070749" lon="11.442303">
        <ele>841.642167</ele>
        <time>2026-08-21T10:11:29.226Z</time>
      </trkpt>
      <trkpt lat="46.070803" lon="11.442199">
        <ele>841.477579</ele>
        <time>2026-08-21T10:11:30.156Z</time>
      </trkpt>
      <trkpt lat="46.070926" lon="11.442009">
        <ele>841.105348</ele>
        <time>2026-08-21T10:11:32.329Z</time>
      </trkpt>
      <trkpt lat="46.071527" lon="11.441290">
        <ele>839.169921</ele>
        <time>2026-08-21T10:11:37.582Z</time>
      </trkpt>
      <trkpt lat="46.071678" lon="11.441055">
        <ele>838.619259</ele>
        <time>2026-08-21T10:11:38.932Z</time>
      </trkpt>
      <trkpt lat="46.071732" lon="11.440856">
        <ele>838.251910</ele>
        <time>2026-08-21T10:11:39.836Z</time>
      </trkpt>
      <trkpt lat="46.071799" lon="11.440482">
        <ele>837.587859</ele>
        <time>2026-08-21T10:11:41.454Z</time>
      </trkpt>
      <trkpt lat="46.071892" lon="11.440260">
        <ele>837.142026</ele>
        <time>2026-08-21T10:11:42.548Z</time>
      </trkpt>
      <trkpt lat="46.072580" lon="11.439247">
        <ele>833.342499</ele>
        <time>2026-08-21T10:11:48.226Z</time>
      </trkpt>
      <trkpt lat="46.072659" lon="11.438992">
        <ele>832.551908</ele>
        <time>2026-08-21T10:11:49.398Z</time>
      </trkpt>
      <trkpt lat="46.072663" lon="11.438873">
        <ele>832.214635</ele>
        <time>2026-08-21T10:11:49.905Z</time>
      </trkpt>
      <trkpt lat="46.072628" lon="11.438677">
        <ele>831.641691</ele>
        <time>2026-08-21T10:11:50.751Z</time>
      </trkpt>
      <trkpt lat="46.072576" lon="11.438578">
        <ele>831.290164</ele>
        <time>2026-08-21T10:11:51.265Z</time>
      </trkpt>
      <trkpt lat="46.072462" lon="11.438449">
        <ele>830.698756</ele>
        <time>2026-08-21T10:11:52.128Z</time>
      </trkpt>
      <trkpt lat="46.071877" lon="11.438172">
        <ele>827.645623</ele>
        <time>2026-08-21T10:11:55.690Z</time>
      </trkpt>
      <trkpt lat="46.071718" lon="11.438045">
        <ele>826.592096</ele>
        <time>2026-08-21T10:11:56.685Z</time>
      </trkpt>
      <trkpt lat="46.071298" lon="11.437306">
        <ele>822.750992</ele>
        <time>2026-08-21T10:12:00.276Z</time>
      </trkpt>
      <trkpt lat="46.071075" lon="11.437087">
        <ele>821.187107</ele>
        <time>2026-08-21T10:12:01.752Z</time>
      </trkpt>
      <trkpt lat="46.070682" lon="11.436913">
        <ele>818.806527</ele>
        <time>2026-08-21T10:12:04.029Z</time>
      </trkpt>
      <trkpt lat="46.070534" lon="11.436785">
        <ele>817.814965</ele>
        <time>2026-08-21T10:12:04.995Z</time>
      </trkpt>
      <trkpt lat="46.070449" lon="11.436611">
        <ele>816.966784</ele>
        <time>2026-08-21T10:12:05.811Z</time>
      </trkpt>
      <trkpt lat="46.070346" lon="11.436096">
        <ele>814.830566</ele>
        <time>2026-08-21T10:12:07.867Z</time>
      </trkpt>
      <trkpt lat="46.070245" lon="11.435820">
        <ele>813.586866</ele>
        <time>2026-08-21T10:12:09.067Z</time>
      </trkpt>
      <trkpt lat="46.069827" lon="11.435295">
        <ele>810.401714</ele>
        <time>2026-08-21T10:12:12.172Z</time>
      </trkpt>
      <trkpt lat="46.069237" lon="11.434493">
        <ele>803.352456</ele>
        <time>2026-08-21T10:12:16.680Z</time>
      </trkpt>
      <trkpt lat="46.068596" lon="11.434041">
        <ele>795.955932</ele>
        <time>2026-08-21T10:12:20.330Z</time>
      </trkpt>
      <trkpt lat="46.068370" lon="11.433966">
        <ele>793.552128</ele>
        <time>2026-08-21T10:12:21.489Z</time>
      </trkpt>
      <trkpt lat="46.068221" lon="11.433950">
        <ele>792.003446</ele>
        <time>2026-08-21T10:12:22.236Z</time>
      </trkpt>
      <trkpt lat="46.067737" lon="11.433896">
        <ele>786.171157</ele>
        <time>2026-08-21T10:12:24.669Z</time>
      </trkpt>
      <trkpt lat="46.067378" lon="11.433829">
        <ele>781.449994</ele>
        <time>2026-08-21T10:12:26.482Z</time>
      </trkpt>
      <trkpt lat="46.067328" lon="11.433786">
        <ele>780.690634</ele>
        <time>2026-08-21T10:12:26.772Z</time>
      </trkpt>
      <trkpt lat="46.067248" lon="11.433677">
        <ele>779.254875</ele>
        <time>2026-08-21T10:12:27.321Z</time>
      </trkpt>
      <trkpt lat="46.066936" lon="11.433087">
        <ele>772.542208</ele>
        <time>2026-08-21T10:12:29.906Z</time>
      </trkpt>
      <trkpt lat="46.066710" lon="11.432738">
        <ele>768.222391</ele>
        <time>2026-08-21T10:12:31.590Z</time>
      </trkpt>
      <trkpt lat="46.066669" lon="11.432681">
        <ele>767.479452</ele>
        <time>2026-08-21T10:12:31.878Z</time>
      </trkpt>
      <trkpt lat="46.066497" lon="11.432413">
        <ele>764.388073</ele>
        <time>2026-08-21T10:12:33.187Z</time>
      </trkpt>
      <trkpt lat="46.066325" lon="11.432269">
        <ele>762.019591</ele>
        <time>2026-08-21T10:12:34.204Z</time>
      </trkpt>
      <trkpt lat="46.066217" lon="11.432256">
        <ele>760.729140</ele>
        <time>2026-08-21T10:12:34.763Z</time>
      </trkpt>
      <trkpt lat="46.065939" lon="11.432323">
        <ele>757.372988</ele>
        <time>2026-08-21T10:12:36.190Z</time>
      </trkpt>
      <trkpt lat="46.065758" lon="11.432282">
        <ele>755.191336</ele>
        <time>2026-08-21T10:12:37.120Z</time>
      </trkpt>
      <trkpt lat="46.065399" lon="11.432066">
        <ele>750.559136</ele>
        <time>2026-08-21T10:12:39.085Z</time>
      </trkpt>
      <trkpt lat="46.065224" lon="11.431838">
        <ele>747.750189</ele>
        <time>2026-08-21T10:12:40.278Z</time>
      </trkpt>
      <trkpt lat="46.064900" lon="11.431207">
        <ele>741.852784</ele>
        <time>2026-08-21T10:12:43.036Z</time>
      </trkpt>
      <trkpt lat="46.064717" lon="11.430924">
        <ele>739.134654</ele>
        <time>2026-08-21T10:12:44.411Z</time>
      </trkpt>
      <trkpt lat="46.064043" lon="11.430195">
        <ele>730.601004</ele>
        <time>2026-08-21T10:12:48.777Z</time>
      </trkpt>
      <trkpt lat="46.063806" lon="11.429837">
        <ele>727.124267</ele>
        <time>2026-08-21T10:12:50.554Z</time>
      </trkpt>
      <trkpt lat="46.063696" lon="11.429621">
        <ele>726.095067</ele>
        <time>2026-08-21T10:12:51.525Z</time>
      </trkpt>
      <trkpt lat="46.063177" lon="11.428654">
        <ele>721.715707</ele>
        <time>2026-08-21T10:12:56.151Z</time>
      </trkpt>
      <trkpt lat="46.062423" lon="11.427746">
        <ele>717.458105</ele>
        <time>2026-08-21T10:13:02.123Z</time>
      </trkpt>
      <trkpt lat="46.062038" lon="11.427235">
        <ele>716.846128</ele>
        <time>2026-08-21T10:13:09.422Z</time>
      </trkpt>
      <trkpt lat="46.061893" lon="11.426950">
        <ele>716.559408</ele>
        <time>2026-08-21T10:13:12.883Z</time>
      </trkpt>
      <trkpt lat="46.061662" lon="11.426355">
        <ele>716.006253</ele>
        <time>2026-08-21T10:13:17.168Z</time>
      </trkpt>
      <trkpt lat="46.061496" lon="11.426136">
        <ele>715.743115</ele>
        <time>2026-08-21T10:13:18.596Z</time>
      </trkpt>
      <trkpt lat="46.061362" lon="11.426040">
        <ele>715.383946</ele>
        <time>2026-08-21T10:13:19.469Z</time>
      </trkpt>
      <trkpt lat="46.061253" lon="11.425992">
        <ele>714.291403</ele>
        <time>2026-08-21T10:13:20.112Z</time>
      </trkpt>
      <trkpt lat="46.061036" lon="11.425981">
        <ele>712.209999</ele>
        <time>2026-08-21T10:13:21.288Z</time>
      </trkpt>
      <trkpt lat="46.060326" lon="11.426189">
        <ele>705.264884</ele>
        <time>2026-08-21T10:13:24.997Z</time>
      </trkpt>
      <trkpt lat="46.060268" lon="11.426185">
        <ele>704.708271</ele>
        <time>2026-08-21T10:13:25.289Z</time>
      </trkpt>
      <trkpt lat="46.060156" lon="11.426116">
        <ele>703.540674</ele>
        <time>2026-08-21T10:13:25.900Z</time>
      </trkpt>
      <trkpt lat="46.060092" lon="11.425970">
        <ele>702.391990</ele>
        <time>2026-08-21T10:13:26.498Z</time>
      </trkpt>
      <trkpt lat="46.060080" lon="11.425840">
        <ele>701.519662</ele>
        <time>2026-08-21T10:13:26.955Z</time>
      </trkpt>
      <trkpt lat="46.060248" lon="11.425066">
        <ele>696.819085</ele>
        <time>2026-08-21T10:13:29.816Z</time>
      </trkpt>
      <trkpt lat="46.060239" lon="11.424719">
        <ele>695.228904</ele>
        <time>2026-08-21T10:13:31.097Z</time>
      </trkpt>
      <trkpt lat="46.060215" lon="11.423961">
        <ele>691.754063</ele>
        <time>2026-08-21T10:13:34.130Z</time>
      </trkpt>
      <trkpt lat="46.060226" lon="11.423782">
        <ele>690.931131</ele>
        <time>2026-08-21T10:13:34.860Z</time>
      </trkpt>
      <trkpt lat="46.060280" lon="11.422940">
        <ele>687.058796</ele>
        <time>2026-08-21T10:13:38.212Z</time>
      </trkpt>
      <trkpt lat="46.060271" lon="11.422790">
        <ele>686.301986</ele>
        <time>2026-08-21T10:13:38.815Z</time>
      </trkpt>
      <trkpt lat="46.060166" lon="11.422610">
        <ele>684.581824</ele>
        <time>2026-08-21T10:13:39.745Z</time>
      </trkpt>
      <trkpt lat="46.059858" lon="11.422457">
        <ele>681.147429</ele>
        <time>2026-08-21T10:13:41.516Z</time>
      </trkpt>
      <trkpt lat="46.059750" lon="11.422344">
        <ele>679.740472</ele>
        <time>2026-08-21T10:13:42.211Z</time>
      </trkpt>
      <trkpt lat="46.059416" lon="11.421498">
        <ele>672.620333</ele>
        <time>2026-08-21T10:13:45.626Z</time>
      </trkpt>
      <trkpt lat="46.059114" lon="11.421175">
        <ele>668.655671</ele>
        <time>2026-08-21T10:13:47.505Z</time>
      </trkpt>
      <trkpt lat="46.058985" lon="11.420880">
        <ele>665.895990</ele>
        <time>2026-08-21T10:13:48.723Z</time>
      </trkpt>
      <trkpt lat="46.058762" lon="11.419873">
        <ele>657.022482</ele>
        <time>2026-08-21T10:13:52.399Z</time>
      </trkpt>
      <trkpt lat="46.058276" lon="11.418911">
        <ele>647.033216</ele>
        <time>2026-08-21T10:13:56.632Z</time>
      </trkpt>
      <trkpt lat="46.058096" lon="11.418233">
        <ele>641.063657</ele>
        <time>2026-08-21T10:13:59.240Z</time>
      </trkpt>
      <trkpt lat="46.057931" lon="11.417972">
        <ele>638.176182</ele>
        <time>2026-08-21T10:14:00.494Z</time>
      </trkpt>
      <trkpt lat="46.057638" lon="11.417643">
        <ele>633.798577</ele>
        <time>2026-08-21T10:14:02.383Z</time>
      </trkpt>
      <trkpt lat="46.057532" lon="11.417579">
        <ele>632.444114</ele>
        <time>2026-08-21T10:14:02.966Z</time>
      </trkpt>
      <trkpt lat="46.057107" lon="11.417432">
        <ele>627.293092</ele>
        <time>2026-08-21T10:14:05.174Z</time>
      </trkpt>
      <trkpt lat="46.056909" lon="11.417262">
        <ele>624.576810</ele>
        <time>2026-08-21T10:14:06.332Z</time>
      </trkpt>
      <trkpt lat="46.056679" lon="11.416854">
        <ele>620.466334</ele>
        <time>2026-08-21T10:14:08.153Z</time>
      </trkpt>
      <trkpt lat="46.056501" lon="11.416465">
        <ele>616.823184</ele>
        <time>2026-08-21T10:14:09.776Z</time>
      </trkpt>
      <trkpt lat="46.056317" lon="11.416011">
        <ele>612.712462</ele>
        <time>2026-08-21T10:14:11.630Z</time>
      </trkpt>
      <trkpt lat="46.056279" lon="11.415840">
        <ele>611.308586</ele>
        <time>2026-08-21T10:14:12.269Z</time>
      </trkpt>
      <trkpt lat="46.056287" lon="11.415565">
        <ele>609.156555</ele>
        <time>2026-08-21T10:14:13.254Z</time>
      </trkpt>
      <trkpt lat="46.056317" lon="11.414878">
        <ele>603.901812</ele>
        <time>2026-08-21T10:14:15.759Z</time>
      </trkpt>
      <trkpt lat="46.056302" lon="11.414587">
        <ele>602.174226</ele>
        <time>2026-08-21T10:14:16.841Z</time>
      </trkpt>
      <trkpt lat="46.056232" lon="11.414093">
        <ele>599.189192</ele>
        <time>2026-08-21T10:14:18.752Z</time>
      </trkpt>
      <trkpt lat="46.056314" lon="11.413255">
        <ele>594.178805</ele>
        <time>2026-08-21T10:14:21.836Z</time>
      </trkpt>
      <trkpt lat="46.056359" lon="11.412800">
        <ele>591.457799</ele>
        <time>2026-08-21T10:14:23.486Z</time>
      </trkpt>
      <trkpt lat="46.056363" lon="11.412763">
        <ele>591.236102</ele>
        <time>2026-08-21T10:14:23.618Z</time>
      </trkpt>
      <trkpt lat="46.056403" lon="11.411812">
        <ele>587.053967</ele>
        <time>2026-08-21T10:14:27.058Z</time>
      </trkpt>
      <trkpt lat="46.056432" lon="11.411594">
        <ele>586.310531</ele>
        <time>2026-08-21T10:14:27.869Z</time>
      </trkpt>
      <trkpt lat="46.056721" lon="11.410915">
        <ele>583.642705</ele>
        <time>2026-08-21T10:14:30.906Z</time>
      </trkpt>
      <trkpt lat="46.056815" lon="11.410437">
        <ele>581.978722</ele>
        <time>2026-08-21T10:14:34.350Z</time>
      </trkpt>
      <trkpt lat="46.056889" lon="11.410225">
        <ele>581.183917</ele>
        <time>2026-08-21T10:14:36.753Z</time>
      </trkpt>
      <trkpt lat="46.057022" lon="11.410003">
        <ele>580.132215</ele>
        <time>2026-08-21T10:14:39.018Z</time>
      </trkpt>
      <trkpt lat="46.057347" lon="11.409585">
        <ele>575.982701</ele>
        <time>2026-08-21T10:14:41.842Z</time>
      </trkpt>
      <trkpt lat="46.057386" lon="11.409503">
        <ele>575.325580</ele>
        <time>2026-08-21T10:14:42.274Z</time>
      </trkpt>
      <trkpt lat="46.057391" lon="11.409385">
        <ele>574.544130</ele>
        <time>2026-08-21T10:14:42.716Z</time>
      </trkpt>
      <trkpt lat="46.057347" lon="11.409284">
        <ele>573.755848</ele>
        <time>2026-08-21T10:14:43.185Z</time>
      </trkpt>
      <trkpt lat="46.057312" lon="11.409253">
        <ele>573.364514</ele>
        <time>2026-08-21T10:14:43.401Z</time>
      </trkpt>
      <trkpt lat="46.057203" lon="11.409224">
        <ele>572.308680</ele>
        <time>2026-08-21T10:14:43.997Z</time>
      </trkpt>
      <trkpt lat="46.056597" lon="11.409558">
        <ele>566.128385</ele>
        <time>2026-08-21T10:14:47.280Z</time>
      </trkpt>
      <trkpt lat="46.056103" lon="11.409702">
        <ele>559.990923</ele>
        <time>2026-08-21T10:14:49.756Z</time>
      </trkpt>
      <trkpt lat="46.055896" lon="11.409711">
        <ele>556.563502</ele>
        <time>2026-08-21T10:14:50.770Z</time>
      </trkpt>
      <trkpt lat="46.055691" lon="11.409667">
        <ele>553.133312</ele>
        <time>2026-08-21T10:14:51.787Z</time>
      </trkpt>
      <trkpt lat="46.054978" lon="11.409456">
        <ele>541.086851</ele>
        <time>2026-08-21T10:14:55.391Z</time>
      </trkpt>
      <trkpt lat="46.054763" lon="11.409346">
        <ele>537.310960</ele>
        <time>2026-08-21T10:14:56.532Z</time>
      </trkpt>
      <trkpt lat="46.054595" lon="11.409296">
        <ele>534.471866</ele>
        <time>2026-08-21T10:14:57.384Z</time>
      </trkpt>
      <trkpt lat="46.054302" lon="11.409331">
        <ele>530.848106</ele>
        <time>2026-08-21T10:14:58.850Z</time>
      </trkpt>
      <trkpt lat="46.054165" lon="11.409387">
        <ele>529.268549</ele>
        <time>2026-08-21T10:14:59.562Z</time>
      </trkpt>
      <trkpt lat="46.053801" lon="11.409450">
        <ele>525.202053</ele>
        <time>2026-08-21T10:15:01.399Z</time>
      </trkpt>
      <trkpt lat="46.053588" lon="11.409341">
        <ele>522.694899</ele>
        <time>2026-08-21T10:15:02.536Z</time>
      </trkpt>
      <trkpt lat="46.053238" lon="11.409028">
        <ele>518.125820</ele>
        <time>2026-08-21T10:15:04.655Z</time>
      </trkpt>
      <trkpt lat="46.052773" lon="11.408356">
        <ele>513.257959</ele>
        <time>2026-08-21T10:15:08.229Z</time>
      </trkpt>
      <trkpt lat="46.052661" lon="11.408243">
        <ele>513.162481</ele>
        <time>2026-08-21T10:15:09.074Z</time>
      </trkpt>
      <trkpt lat="46.052495" lon="11.408110">
        <ele>513.029845</ele>
        <time>2026-08-21T10:15:10.390Z</time>
      </trkpt>
      <trkpt lat="46.052285" lon="11.408008">
        <ele>512.875091</ele>
        <time>2026-08-21T10:15:12.189Z</time>
      </trkpt>
      <trkpt lat="46.052210" lon="11.407970">
        <ele>512.819573</ele>
        <time>2026-08-21T10:15:13.065Z</time>
      </trkpt>
      <trkpt lat="46.051890" lon="11.407821">
        <ele>512.584733</ele>
        <time>2026-08-21T10:15:17.118Z</time>
      </trkpt>
      <trkpt lat="46.051784" lon="11.407773">
        <ele>512.507142</ele>
        <time>2026-08-21T10:15:18.617Z</time>
      </trkpt>
      <trkpt lat="46.051754" lon="11.407759">
        <ele>512.485121</ele>
        <time>2026-08-21T10:15:19.107Z</time>
      </trkpt>
      <trkpt lat="46.051183" lon="11.407461">
        <ele>512.241503</ele>
        <time>2026-08-21T10:15:27.927Z</time>
      </trkpt>
      <trkpt lat="46.050901" lon="11.407175">
        <ele>512.416035</ele>
        <time>2026-08-21T10:15:33.244Z</time>
      </trkpt>
      <trkpt lat="46.050862" lon="11.407140">
        <ele>512.439288</ele>
        <time>2026-08-21T10:15:33.773Z</time>
      </trkpt>
      <trkpt lat="46.050230" lon="11.406732">
        <ele>512.789786</ele>
        <time>2026-08-21T10:15:41.665Z</time>
      </trkpt>
      <trkpt lat="46.050077" lon="11.406673">
        <ele>512.869945</ele>
        <time>2026-08-21T10:15:43.165Z</time>
      </trkpt>
      <trkpt lat="46.049984" lon="11.406685">
        <ele>512.917202</ele>
        <time>2026-08-21T10:15:43.917Z</time>
      </trkpt>
      <trkpt lat="46.049861" lon="11.406755">
        <ele>512.984133</ele>
        <time>2026-08-21T10:15:44.870Z</time>
      </trkpt>
      <trkpt lat="46.049750" lon="11.406726">
        <ele>513.041227</ele>
        <time>2026-08-21T10:15:45.628Z</time>
      </trkpt>
      <trkpt lat="46.049643" lon="11.406569">
        <ele>512.738071</ele>
        <time>2026-08-21T10:15:46.599Z</time>
      </trkpt>
      <trkpt lat="46.049512" lon="11.406263">
        <ele>511.734992</ele>
        <time>2026-08-21T10:15:48.091Z</time>
      </trkpt>
      <trkpt lat="46.049442" lon="11.406146">
        <ele>511.304021</ele>
        <time>2026-08-21T10:15:48.704Z</time>
      </trkpt>
      <trkpt lat="46.049161" lon="11.405873">
        <ele>509.941628</ele>
        <time>2026-08-21T10:15:50.698Z</time>
      </trkpt>
      <trkpt lat="46.048681" lon="11.405497">
        <ele>507.745344</ele>
        <time>2026-08-21T10:15:53.998Z</time>
      </trkpt>
      <trkpt lat="46.048646" lon="11.405480">
        <ele>507.596868</ele>
        <time>2026-08-21T10:15:54.205Z</time>
      </trkpt>
      <trkpt lat="46.048563" lon="11.405202">
        <ele>506.752525</ele>
        <time>2026-08-21T10:15:55.371Z</time>
      </trkpt>
      <trkpt lat="46.048394" lon="11.404792">
        <ele>504.965162</ele>
        <time>2026-08-21T10:15:57.172Z</time>
      </trkpt>
      <trkpt lat="46.048378" lon="11.404707">
        <ele>504.454331</ele>
        <time>2026-08-21T10:15:57.508Z</time>
      </trkpt>
      <trkpt lat="46.048322" lon="11.404736">
        <ele>503.957025</ele>
        <time>2026-08-21T10:15:57.825Z</time>
      </trkpt>
      <trkpt lat="46.047947" lon="11.405429">
        <ele>498.860125</ele>
        <time>2026-08-21T10:16:01.128Z</time>
      </trkpt>
      <trkpt lat="46.047485" lon="11.406330">
        <ele>492.362515</ele>
        <time>2026-08-21T10:16:05.161Z</time>
      </trkpt>
      <trkpt lat="46.046934" lon="11.407560">
        <ele>483.076459</ele>
        <time>2026-08-21T10:16:10.353Z</time>
      </trkpt>
      <trkpt lat="46.046648" lon="11.408306">
        <ele>477.567357</ele>
        <time>2026-08-21T10:16:13.423Z</time>
      </trkpt>
      <trkpt lat="46.046437" lon="11.408780">
        <ele>473.984501</ele>
        <time>2026-08-21T10:16:15.530Z</time>
      </trkpt>
      <trkpt lat="46.045998" lon="11.408163">
        <ele>470.692087</ele>
        <time>2026-08-21T10:16:18.959Z</time>
      </trkpt>
      <trkpt lat="46.045642" lon="11.407679">
        <ele>468.064318</ele>
        <time>2026-08-21T10:16:21.790Z</time>
      </trkpt>
      <trkpt lat="46.045574" lon="11.407625">
        <ele>467.647478</ele>
        <time>2026-08-21T10:16:22.254Z</time>
      </trkpt>
      <trkpt lat="46.044862" lon="11.407106">
        <ele>463.101038</ele>
        <time>2026-08-21T10:16:26.775Z</time>
      </trkpt>
      <trkpt lat="46.044843" lon="11.407091">
        <ele>462.955424</ele>
        <time>2026-08-21T10:16:26.896Z</time>
      </trkpt>
      <trkpt lat="46.044776" lon="11.407032">
        <ele>462.427664</ele>
        <time>2026-08-21T10:16:27.321Z</time>
      </trkpt>
      <trkpt lat="46.044357" lon="11.406659">
        <ele>459.117344</ele>
        <time>2026-08-21T10:16:29.961Z</time>
      </trkpt>
      <trkpt lat="46.043660" lon="11.405942">
        <ele>453.361217</ele>
        <time>2026-08-21T10:16:34.566Z</time>
      </trkpt>
      <trkpt lat="46.043058" lon="11.405339">
        <ele>448.497467</ele>
        <time>2026-08-21T10:16:38.512Z</time>
      </trkpt>
      <trkpt lat="46.042590" lon="11.404750">
        <ele>444.389795</ele>
        <time>2026-08-21T10:16:41.881Z</time>
      </trkpt>
      <trkpt lat="46.041666" lon="11.403083">
        <ele>435.497537</ele>
        <time>2026-08-21T10:16:50.013Z</time>
      </trkpt>
      <trkpt lat="46.041475" lon="11.402793">
        <ele>433.945266</ele>
        <time>2026-08-21T10:16:51.555Z</time>
      </trkpt>
      <trkpt lat="46.041249" lon="11.402491">
        <ele>432.220921</ele>
        <time>2026-08-21T10:16:53.274Z</time>
      </trkpt>
      <trkpt lat="46.040222" lon="11.401121">
        <ele>426.366212</ele>
        <time>2026-08-21T10:17:01.307Z</time>
      </trkpt>
      <trkpt lat="46.038832" lon="11.399475">
        <ele>421.285602</ele>
        <time>2026-08-21T10:17:12.748Z</time>
      </trkpt>
      <trkpt lat="46.038621" lon="11.399274">
        <ele>420.730621</ele>
        <time>2026-08-21T10:17:14.440Z</time>
      </trkpt>
      <trkpt lat="46.038498" lon="11.399197">
        <ele>420.436387</ele>
        <time>2026-08-21T10:17:15.338Z</time>
      </trkpt>
      <trkpt lat="46.038485" lon="11.399112">
        <ele>420.303829</ele>
        <time>2026-08-21T10:17:15.747Z</time>
      </trkpt>
      <trkpt lat="46.038387" lon="11.399000">
        <ele>420.029378</ele>
        <time>2026-08-21T10:17:16.587Z</time>
      </trkpt>
      <trkpt lat="46.037077" lon="11.397631">
        <ele>417.415768</ele>
        <time>2026-08-21T10:17:27.555Z</time>
      </trkpt>
      <trkpt lat="46.036857" lon="11.397448">
        <ele>417.021317</ele>
        <time>2026-08-21T10:17:29.326Z</time>
      </trkpt>
      <trkpt lat="46.036487" lon="11.397261">
        <ele>416.918887</ele>
        <time>2026-08-21T10:17:32.178Z</time>
      </trkpt>
      <trkpt lat="46.036413" lon="11.397267">
        <ele>416.925334</ele>
        <time>2026-08-21T10:17:32.741Z</time>
      </trkpt>
      <trkpt lat="46.036119" lon="11.396897">
        <ele>416.959295</ele>
        <time>2026-08-21T10:17:35.851Z</time>
      </trkpt>
      <trkpt lat="46.035183" lon="11.395835">
        <ele>417.306061</ele>
        <time>2026-08-21T10:17:48.391Z</time>
      </trkpt>
      <trkpt lat="46.034525" lon="11.395036">
        <ele>418.639848</ele>
        <time>2026-08-21T10:17:59.780Z</time>
      </trkpt>
      <trkpt lat="46.034183" lon="11.394540">
        <ele>419.392006</ele>
        <time>2026-08-21T10:18:05.666Z</time>
      </trkpt>
      <trkpt lat="46.033996" lon="11.394192">
        <ele>419.864114</ele>
        <time>2026-08-21T10:18:09.895Z</time>
      </trkpt>
      <trkpt lat="46.033693" lon="11.393594">
        <ele>420.623317</ele>
        <time>2026-08-21T10:18:17.064Z</time>
      </trkpt>
      <trkpt lat="46.033609" lon="11.393372">
        <ele>420.882594</ele>
        <time>2026-08-21T10:18:19.333Z</time>
      </trkpt>
      <trkpt lat="46.033602" lon="11.393314">
        <ele>420.942964</ele>
        <time>2026-08-21T10:18:19.852Z</time>
      </trkpt>
      <trkpt lat="46.033516" lon="11.392898">
        <ele>421.388082</ele>
        <time>2026-08-21T10:18:23.425Z</time>
      </trkpt>
      <trkpt lat="46.033439" lon="11.392703">
        <ele>421.618137</ele>
        <time>2026-08-21T10:18:25.052Z</time>
      </trkpt>
      <trkpt lat="46.032940" lon="11.392020">
        <ele>422.666063</ele>
        <time>2026-08-21T10:18:33.235Z</time>
      </trkpt>
      <trkpt lat="46.032771" lon="11.391768">
        <ele>423.104116</ele>
        <time>2026-08-21T10:18:36.322Z</time>
      </trkpt>
      <trkpt lat="46.032530" lon="11.391456">
        <ele>423.687660</ele>
        <time>2026-08-21T10:18:39.898Z</time>
      </trkpt>
      <trkpt lat="46.032220" lon="11.390958">
        <ele>424.523917</ele>
        <time>2026-08-21T10:18:45.638Z</time>
      </trkpt>
      <trkpt lat="46.031624" lon="11.390089">
        <ele>425.910853</ele>
        <time>2026-08-21T10:18:58.927Z</time>
      </trkpt>
      <trkpt lat="46.031609" lon="11.390067">
        <ele>425.932455</ele>
        <time>2026-08-21T10:18:59.239Z</time>
      </trkpt>
      <trkpt lat="46.031225" lon="11.389470">
        <ele>426.502597</ele>
        <time>2026-08-21T10:19:07.102Z</time>
      </trkpt>
      <trkpt lat="46.030890" lon="11.388875">
        <ele>427.039275</ele>
        <time>2026-08-21T10:19:12.713Z</time>
      </trkpt>
      <trkpt lat="46.030565" lon="11.388323">
        <ele>427.546322</ele>
        <time>2026-08-21T10:19:16.843Z</time>
      </trkpt>
      <trkpt lat="46.030183" lon="11.387655">
        <ele>427.181905</ele>
        <time>2026-08-21T10:19:21.187Z</time>
      </trkpt>
      <trkpt lat="46.030060" lon="11.387380">
        <ele>427.043739</ele>
        <time>2026-08-21T10:19:22.822Z</time>
      </trkpt>
      <trkpt lat="46.030032" lon="11.387314">
        <ele>427.011071</ele>
        <time>2026-08-21T10:19:23.229Z</time>
      </trkpt>
      <trkpt lat="46.029927" lon="11.387062">
        <ele>426.886938</ele>
        <time>2026-08-21T10:19:24.791Z</time>
      </trkpt>
      <trkpt lat="46.029857" lon="11.386820">
        <ele>426.776210</ele>
        <time>2026-08-21T10:19:26.262Z</time>
      </trkpt>
      <trkpt lat="46.029785" lon="11.386569">
        <ele>426.661504</ele>
        <time>2026-08-21T10:19:27.821Z</time>
      </trkpt>
      <trkpt lat="46.029512" lon="11.385306">
        <ele>426.254009</ele>
        <time>2026-08-21T10:19:35.587Z</time>
      </trkpt>
      <trkpt lat="46.029456" lon="11.384592">
        <ele>426.081631</ele>
        <time>2026-08-21T10:19:39.700Z</time>
      </trkpt>
      <trkpt lat="46.029396" lon="11.383542">
        <ele>425.827917</ele>
        <time>2026-08-21T10:19:45.489Z</time>
      </trkpt>
      <trkpt lat="46.029381" lon="11.382855">
        <ele>425.597508</ele>
        <time>2026-08-21T10:19:49.382Z</time>
      </trkpt>
      <trkpt lat="46.029254" lon="11.381714">
        <ele>425.210140</ele>
        <time>2026-08-21T10:19:55.836Z</time>
      </trkpt>
      <trkpt lat="46.029211" lon="11.381317">
        <ele>425.075448</ele>
        <time>2026-08-21T10:19:58.042Z</time>
      </trkpt>
      <trkpt lat="46.029158" lon="11.380611">
        <ele>424.786677</ele>
        <time>2026-08-21T10:20:01.909Z</time>
      </trkpt>
      <trkpt lat="46.029156" lon="11.379821">
        <ele>424.414805</ele>
        <time>2026-08-21T10:20:06.150Z</time>
      </trkpt>
      <trkpt lat="46.029175" lon="11.379435">
        <ele>424.232650</ele>
        <time>2026-08-21T10:20:08.120Z</time>
      </trkpt>
      <trkpt lat="46.029349" lon="11.378431">
        <ele>423.745545</ele>
        <time>2026-08-21T10:20:13.611Z</time>
      </trkpt>
      <trkpt lat="46.029429" lon="11.377840">
        <ele>423.889832</ele>
        <time>2026-08-21T10:20:16.899Z</time>
      </trkpt>
      <trkpt lat="46.029423" lon="11.377585">
        <ele>423.952330</ele>
        <time>2026-08-21T10:20:18.374Z</time>
      </trkpt>
      <trkpt lat="46.029362" lon="11.377181">
        <ele>424.053604</ele>
        <time>2026-08-21T10:20:20.919Z</time>
      </trkpt>
      <trkpt lat="46.029236" lon="11.376731">
        <ele>424.172458</ele>
        <time>2026-08-21T10:20:24.282Z</time>
      </trkpt>
      <trkpt lat="46.029099" lon="11.376445">
        <ele>424.257571</ele>
        <time>2026-08-21T10:20:26.952Z</time>
      </trkpt>
      <trkpt lat="46.028933" lon="11.376194">
        <ele>424.342484</ele>
        <time>2026-08-21T10:20:29.817Z</time>
      </trkpt>
      <trkpt lat="46.028614" lon="11.375771">
        <ele>425.459135</ele>
        <time>2026-08-21T10:20:35.297Z</time>
      </trkpt>
      <trkpt lat="46.028432" lon="11.375546">
        <ele>426.238071</ele>
        <time>2026-08-21T10:20:38.520Z</time>
      </trkpt>
      <trkpt lat="46.028042" lon="11.375070">
        <ele>427.898236</ele>
        <time>2026-08-21T10:20:46.579Z</time>
      </trkpt>
      <trkpt lat="46.027758" lon="11.374672">
        <ele>429.185109</ele>
        <time>2026-08-21T10:20:53.987Z</time>
      </trkpt>
      <trkpt lat="46.027678" lon="11.374527">
        <ele>429.602719</ele>
        <time>2026-08-21T10:20:56.663Z</time>
      </trkpt>
      <trkpt lat="46.027674" lon="11.374519">
        <ele>429.624948</ele>
        <time>2026-08-21T10:20:56.809Z</time>
      </trkpt>
      <trkpt lat="46.027277" lon="11.373777">
        <ele>433.332303</ele>
        <time>2026-08-21T10:21:11.349Z</time>
      </trkpt>
      <trkpt lat="46.027105" lon="11.373417">
        <ele>435.353177</ele>
        <time>2026-08-21T10:21:18.871Z</time>
      </trkpt>
      <trkpt lat="46.027028" lon="11.373232">
        <ele>436.350642</ele>
        <time>2026-08-21T10:21:22.792Z</time>
      </trkpt>
      <trkpt lat="46.026908" lon="11.372944">
        <ele>437.903899</ele>
        <time>2026-08-21T10:21:29.078Z</time>
      </trkpt>
      <trkpt lat="46.026684" lon="11.372547">
        <ele>440.269580</ele>
        <time>2026-08-21T10:21:38.751Z</time>
      </trkpt>
      <trkpt lat="46.026292" lon="11.372030">
        <ele>443.892311</ele>
        <time>2026-08-21T10:21:53.129Z</time>
      </trkpt>
      <trkpt lat="46.025757" lon="11.371523">
        <ele>448.376405</ele>
        <time>2026-08-21T10:22:09.421Z</time>
      </trkpt>
      <trkpt lat="46.025658" lon="11.371427">
        <ele>449.212049</ele>
        <time>2026-08-21T10:22:12.467Z</time>
      </trkpt>
      <trkpt lat="46.025309" lon="11.371042">
        <ele>452.290108</ele>
        <time>2026-08-21T10:22:23.614Z</time>
      </trkpt>
      <trkpt lat="46.025054" lon="11.370721">
        <ele>454.661431</ele>
        <time>2026-08-21T10:22:32.212Z</time>
      </trkpt>
      <trkpt lat="46.024998" lon="11.370642">
        <ele>455.148068</ele>
        <time>2026-08-21T10:22:34.189Z</time>
      </trkpt>
      <trkpt lat="46.024761" lon="11.370304">
        <ele>457.135531</ele>
        <time>2026-08-21T10:22:42.713Z</time>
      </trkpt>
      <trkpt lat="46.024465" lon="11.369870">
        <ele>459.652526</ele>
        <time>2026-08-21T10:22:53.270Z</time>
      </trkpt>
      <trkpt lat="46.024328" lon="11.369667">
        <ele>460.823788</ele>
        <time>2026-08-21T10:22:58.064Z</time>
      </trkpt>
      <trkpt lat="46.023982" lon="11.369188">
        <ele>463.683577</ele>
        <time>2026-08-21T10:23:09.313Z</time>
      </trkpt>
      <trkpt lat="46.023884" lon="11.369067">
        <ele>464.452758</ele>
        <time>2026-08-21T10:23:12.163Z</time>
      </trkpt>
      <trkpt lat="46.023655" lon="11.368785">
        <ele>465.775144</ele>
        <time>2026-08-21T10:23:17.892Z</time>
      </trkpt>
      <trkpt lat="46.023579" lon="11.368702">
        <ele>465.979201</ele>
        <time>2026-08-21T10:23:19.497Z</time>
      </trkpt>
      <trkpt lat="46.023444" lon="11.368473">
        <ele>466.425452</ele>
        <time>2026-08-21T10:23:22.846Z</time>
      </trkpt>
      <trkpt lat="46.023357" lon="11.368300">
        <ele>466.742769</ele>
        <time>2026-08-21T10:23:25.219Z</time>
      </trkpt>
      <trkpt lat="46.023110" lon="11.367843">
        <ele>467.603072</ele>
        <time>2026-08-21T10:23:31.054Z</time>
      </trkpt>
      <trkpt lat="46.022943" lon="11.367586">
        <ele>468.125954</ele>
        <time>2026-08-21T10:23:33.891Z</time>
      </trkpt>
      <trkpt lat="46.022819" lon="11.367387">
        <ele>468.523154</ele>
        <time>2026-08-21T10:23:35.753Z</time>
      </trkpt>
      <trkpt lat="46.022746" lon="11.367247">
        <ele>468.783239</ele>
        <time>2026-08-21T10:23:36.997Z</time>
      </trkpt>
      <trkpt lat="46.022707" lon="11.367166">
        <ele>468.929665</ele>
        <time>2026-08-21T10:23:37.783Z</time>
      </trkpt>
      <trkpt lat="46.022589" lon="11.366898">
        <ele>469.356722</ele>
        <time>2026-08-21T10:23:39.937Z</time>
      </trkpt>
      <trkpt lat="46.022381" lon="11.366456">
        <ele>469.329204</ele>
        <time>2026-08-21T10:23:43.514Z</time>
      </trkpt>
      <trkpt lat="46.022252" lon="11.366133">
        <ele>469.310001</ele>
        <time>2026-08-21T10:23:46.401Z</time>
      </trkpt>
      <trkpt lat="46.022173" lon="11.365941">
        <ele>469.298500</ele>
        <time>2026-08-21T10:23:48.187Z</time>
      </trkpt>
      <trkpt lat="46.022028" lon="11.365570">
        <ele>469.276559</ele>
        <time>2026-08-21T10:23:51.127Z</time>
      </trkpt>
      <trkpt lat="46.021824" lon="11.365024">
        <ele>469.244605</ele>
        <time>2026-08-21T10:23:54.415Z</time>
      </trkpt>
      <trkpt lat="46.021720" lon="11.364798">
        <ele>469.230633</ele>
        <time>2026-08-21T10:23:55.738Z</time>
      </trkpt>
      <trkpt lat="46.021426" lon="11.364207">
        <ele>468.315245</ele>
        <time>2026-08-21T10:23:59.238Z</time>
      </trkpt>
      <trkpt lat="46.021363" lon="11.364081">
        <ele>468.084583</ele>
        <time>2026-08-21T10:23:59.976Z</time>
      </trkpt>
      <trkpt lat="46.021243" lon="11.363844">
        <ele>467.648835</ele>
        <time>2026-08-21T10:24:01.337Z</time>
      </trkpt>
      <trkpt lat="46.021208" lon="11.363774">
        <ele>467.520689</ele>
        <time>2026-08-21T10:24:01.724Z</time>
      </trkpt>
      <trkpt lat="46.021036" lon="11.363416">
        <ele>466.873951</ele>
        <time>2026-08-21T10:24:03.615Z</time>
      </trkpt>
      <trkpt lat="46.020821" lon="11.362856">
        <ele>465.923318</ele>
        <time>2026-08-21T10:24:06.363Z</time>
      </trkpt>
      <trkpt lat="46.020651" lon="11.362386">
        <ele>465.089509</ele>
        <time>2026-08-21T10:24:08.654Z</time>
      </trkpt>
      <trkpt lat="46.020479" lon="11.362062">
        <ele>464.366470</ele>
        <time>2026-08-21T10:24:10.485Z</time>
      </trkpt>
      <trkpt lat="46.020421" lon="11.361882">
        <ele>464.014669</ele>
        <time>2026-08-21T10:24:11.415Z</time>
      </trkpt>
      <trkpt lat="46.020406" lon="11.361828">
        <ele>463.911558</ele>
        <time>2026-08-21T10:24:11.682Z</time>
      </trkpt>
      <trkpt lat="46.020364" lon="11.361615">
        <ele>463.519005</ele>
        <time>2026-08-21T10:24:12.698Z</time>
      </trkpt>
      <trkpt lat="46.020280" lon="11.361147">
        <ele>462.662028</ele>
        <time>2026-08-21T10:24:14.871Z</time>
      </trkpt>
      <trkpt lat="46.020137" lon="11.360295">
        <ele>461.108035</ele>
        <time>2026-08-21T10:24:18.676Z</time>
      </trkpt>
      <trkpt lat="46.020076" lon="11.359929">
        <ele>460.441974</ele>
        <time>2026-08-21T10:24:20.275Z</time>
      </trkpt>
      <trkpt lat="46.020001" lon="11.359602">
        <ele>459.833644</ele>
        <time>2026-08-21T10:24:21.715Z</time>
      </trkpt>
      <trkpt lat="46.019887" lon="11.359254">
        <ele>459.153939</ele>
        <time>2026-08-21T10:24:23.324Z</time>
      </trkpt>
      <trkpt lat="46.019531" lon="11.358297">
        <ele>457.236123</ele>
        <time>2026-08-21T10:24:28.081Z</time>
      </trkpt>
      <trkpt lat="46.019518" lon="11.358249">
        <ele>457.145110</ele>
        <time>2026-08-21T10:24:28.321Z</time>
      </trkpt>
      <trkpt lat="46.019460" lon="11.357962">
        <ele>456.617094</ele>
        <time>2026-08-21T10:24:29.726Z</time>
      </trkpt>
      <trkpt lat="46.019459" lon="11.357765">
        <ele>456.269085</ele>
        <time>2026-08-21T10:24:30.669Z</time>
      </trkpt>
      <trkpt lat="46.019511" lon="11.357413">
        <ele>455.722504</ele>
        <time>2026-08-21T10:24:32.413Z</time>
      </trkpt>
      <trkpt lat="46.019538" lon="11.357244">
        <ele>455.463602</ele>
        <time>2026-08-21T10:24:33.257Z</time>
      </trkpt>
      <trkpt lat="46.019573" lon="11.356821">
        <ele>454.827612</ele>
        <time>2026-08-21T10:24:35.230Z</time>
      </trkpt>
      <trkpt lat="46.019573" lon="11.356496">
        <ele>454.342400</ele>
        <time>2026-08-21T10:24:36.675Z</time>
      </trkpt>
      <trkpt lat="46.019494" lon="11.356245">
        <ele>453.930973</ele>
        <time>2026-08-21T10:24:37.897Z</time>
      </trkpt>
      <trkpt lat="46.019296" lon="11.355811">
        <ele>453.155699</ele>
        <time>2026-08-21T10:24:40.216Z</time>
      </trkpt>
      <trkpt lat="46.019115" lon="11.355438">
        <ele>452.476328</ele>
        <time>2026-08-21T10:24:42.209Z</time>
      </trkpt>
      <trkpt lat="46.019048" lon="11.355311">
        <ele>452.249105</ele>
        <time>2026-08-21T10:24:42.907Z</time>
      </trkpt>
      <trkpt lat="46.018946" lon="11.355075">
        <ele>451.877651</ele>
        <time>2026-08-21T10:24:44.127Z</time>
      </trkpt>
      <trkpt lat="46.018905" lon="11.354918">
        <ele>451.653511</ele>
        <time>2026-08-21T10:24:44.865Z</time>
      </trkpt>
      <trkpt lat="46.018788" lon="11.354173">
        <ele>450.632841</ele>
        <time>2026-08-21T10:24:48.310Z</time>
      </trkpt>
      <trkpt lat="46.018772" lon="11.353888">
        <ele>450.250758</ele>
        <time>2026-08-21T10:24:49.663Z</time>
      </trkpt>
      <trkpt lat="46.018833" lon="11.352956">
        <ele>448.999825</ele>
        <time>2026-08-21T10:24:54.344Z</time>
      </trkpt>
      <trkpt lat="46.018787" lon="11.352630">
        <ele>448.576345</ele>
        <time>2026-08-21T10:24:55.911Z</time>
      </trkpt>
      <trkpt lat="46.018473" lon="11.351564">
        <ele>447.129051</ele>
        <time>2026-08-21T10:25:01.073Z</time>
      </trkpt>
      <trkpt lat="46.018391" lon="11.351063">
        <ele>446.485696</ele>
        <time>2026-08-21T10:25:03.371Z</time>
      </trkpt>
      <trkpt lat="46.018283" lon="11.349927">
        <ele>445.242633</ele>
        <time>2026-08-21T10:25:09.017Z</time>
      </trkpt>
      <trkpt lat="46.018263" lon="11.349147">
        <ele>444.580824</ele>
        <time>2026-08-21T10:25:13.416Z</time>
      </trkpt>
      <trkpt lat="46.018330" lon="11.347643">
        <ele>443.126775</ele>
        <time>2026-08-21T10:25:20.917Z</time>
      </trkpt>
      <trkpt lat="46.018366" lon="11.347178">
        <ele>442.246028</ele>
        <time>2026-08-21T10:25:22.929Z</time>
      </trkpt>
      <trkpt lat="46.018337" lon="11.346850">
        <ele>441.623611</ele>
        <time>2026-08-21T10:25:24.313Z</time>
      </trkpt>
      <trkpt lat="46.018038" lon="11.345983">
        <ele>439.801373</ele>
        <time>2026-08-21T10:25:28.332Z</time>
      </trkpt>
      <trkpt lat="46.017962" lon="11.345662">
        <ele>439.162959</ele>
        <time>2026-08-21T10:25:29.752Z</time>
      </trkpt>
      <trkpt lat="46.017958" lon="11.345414">
        <ele>438.695990</ele>
        <time>2026-08-21T10:25:30.819Z</time>
      </trkpt>
      <trkpt lat="46.018017" lon="11.344671">
        <ele>438.656899</ele>
        <time>2026-08-21T10:25:34.303Z</time>
      </trkpt>
      <trkpt lat="46.018029" lon="11.344056">
        <ele>438.733766</ele>
        <time>2026-08-21T10:25:38.034Z</time>
      </trkpt>
      <trkpt lat="46.018000" lon="11.343460">
        <ele>438.808412</ele>
        <time>2026-08-21T10:25:42.666Z</time>
      </trkpt>
      <trkpt lat="46.017950" lon="11.343082">
        <ele>438.856487</ele>
        <time>2026-08-21T10:25:45.985Z</time>
      </trkpt>
      <trkpt lat="46.017857" lon="11.342656">
        <ele>439.212046</ele>
        <time>2026-08-21T10:25:50.419Z</time>
      </trkpt>
      <trkpt lat="46.017810" lon="11.342391">
        <ele>439.850017</ele>
        <time>2026-08-21T10:25:53.428Z</time>
      </trkpt>
      <trkpt lat="46.017613" lon="11.341715">
        <ele>441.560053</ele>
        <time>2026-08-21T10:26:02.434Z</time>
      </trkpt>
      <trkpt lat="46.017237" lon="11.340461">
        <ele>444.746125</ele>
        <time>2026-08-21T10:26:19.762Z</time>
      </trkpt>
      <trkpt lat="46.017032" lon="11.339886">
        <ele>445.644402</ele>
        <time>2026-08-21T10:26:27.730Z</time>
      </trkpt>
      <trkpt lat="46.016464" lon="11.338095">
        <ele>448.111916</ele>
        <time>2026-08-21T10:26:45.268Z</time>
      </trkpt>
      <trkpt lat="46.016290" lon="11.337360">
        <ele>446.994981</ele>
        <time>2026-08-21T10:26:49.243Z</time>
      </trkpt>
      <trkpt lat="46.016248" lon="11.336968">
        <ele>446.340652</ele>
        <time>2026-08-21T10:26:51.039Z</time>
      </trkpt>
      <trkpt lat="46.016246" lon="11.336407">
        <ele>445.415165</ele>
        <time>2026-08-21T10:26:53.428Z</time>
      </trkpt>
      <trkpt lat="46.016418" lon="11.331871">
        <ele>435.164920</ele>
        <time>2026-08-21T10:27:11.873Z</time>
      </trkpt>
      <trkpt lat="46.016453" lon="11.330887">
        <ele>433.754702</ele>
        <time>2026-08-21T10:27:16.589Z</time>
      </trkpt>
      <trkpt lat="46.016472" lon="11.330449">
        <ele>433.126583</ele>
        <time>2026-08-21T10:27:19.156Z</time>
      </trkpt>
      <trkpt lat="46.016429" lon="11.329911">
        <ele>433.414374</ele>
        <time>2026-08-21T10:27:23.047Z</time>
      </trkpt>
      <trkpt lat="46.016330" lon="11.329535">
        <ele>433.866118</ele>
        <time>2026-08-21T10:27:26.225Z</time>
      </trkpt>
      <trkpt lat="46.016253" lon="11.329332">
        <ele>434.125971</ele>
        <time>2026-08-21T10:27:28.113Z</time>
      </trkpt>
      <trkpt lat="46.016103" lon="11.329080">
        <ele>434.498834</ele>
        <time>2026-08-21T10:27:30.972Z</time>
      </trkpt>
      <trkpt lat="46.015202" lon="11.327834">
        <ele>437.382908</ele>
        <time>2026-08-21T10:27:49.651Z</time>
      </trkpt>
      <trkpt lat="46.013038" lon="11.324908">
        <ele>448.575691</ele>
        <time>2026-08-21T10:28:45.670Z</time>
      </trkpt>
      <trkpt lat="46.013024" lon="11.324874">
        <ele>448.680323</ele>
        <time>2026-08-21T10:28:46.141Z</time>
      </trkpt>
      <trkpt lat="46.010954" lon="11.322362">
        <ele>455.702533</ele>
        <time>2026-08-21T10:29:25.558Z</time>
      </trkpt>
      <trkpt lat="46.010343" lon="11.321625">
        <ele>457.698143</ele>
        <time>2026-08-21T10:29:37.606Z</time>
      </trkpt>
      <trkpt lat="46.010008" lon="11.321102">
        <ele>459.038204</ele>
        <time>2026-08-21T10:29:45.034Z</time>
      </trkpt>
      <trkpt lat="46.009511" lon="11.319877">
        <ele>461.988906</ele>
        <time>2026-08-21T10:30:00.240Z</time>
      </trkpt>
      <trkpt lat="46.009307" lon="11.319193">
        <ele>463.537169</ele>
        <time>2026-08-21T10:30:08.861Z</time>
      </trkpt>
      <trkpt lat="46.009105" lon="11.317864">
        <ele>467.220304</ele>
        <time>2026-08-21T10:30:26.425Z</time>
      </trkpt>
      <trkpt lat="46.009062" lon="11.317547">
        <ele>468.115197</ele>
        <time>2026-08-21T10:30:30.807Z</time>
      </trkpt>
      <trkpt lat="46.008882" lon="11.316139">
        <ele>472.054257</ele>
        <time>2026-08-21T10:30:49.423Z</time>
      </trkpt>
      <trkpt lat="46.008859" lon="11.315964">
        <ele>472.535471</ele>
        <time>2026-08-21T10:30:51.565Z</time>
      </trkpt>
      <trkpt lat="46.008758" lon="11.315236">
        <ele>474.541277</ele>
        <time>2026-08-21T10:31:00.433Z</time>
      </trkpt>
      <trkpt lat="46.008632" lon="11.314279">
        <ele>477.173003</ele>
        <time>2026-08-21T10:31:13.145Z</time>
      </trkpt>
      <trkpt lat="46.008601" lon="11.313988">
        <ele>477.968439</ele>
        <time>2026-08-21T10:31:16.988Z</time>
      </trkpt>
      <trkpt lat="46.008572" lon="11.313810">
        <ele>478.329100</ele>
        <time>2026-08-21T10:31:19.359Z</time>
      </trkpt>
      <trkpt lat="46.008489" lon="11.313205">
        <ele>479.545347</ele>
        <time>2026-08-21T10:31:27.134Z</time>
      </trkpt>
      <trkpt lat="46.008435" lon="11.312815">
        <ele>480.329648</ele>
        <time>2026-08-21T10:31:32.014Z</time>
      </trkpt>
      <trkpt lat="46.008397" lon="11.312546">
        <ele>480.871039</ele>
        <time>2026-08-21T10:31:35.345Z</time>
      </trkpt>
      <trkpt lat="46.008337" lon="11.312096">
        <ele>481.774745</ele>
        <time>2026-08-21T10:31:40.389Z</time>
      </trkpt>
      <trkpt lat="46.008189" lon="11.311023">
        <ele>483.026806</ele>
        <time>2026-08-21T10:31:49.251Z</time>
      </trkpt>
      <trkpt lat="46.008177" lon="11.310937">
        <ele>483.016850</ele>
        <time>2026-08-21T10:31:49.805Z</time>
      </trkpt>
      <trkpt lat="46.008045" lon="11.309821">
        <ele>482.888357</ele>
        <time>2026-08-21T10:31:56.461Z</time>
      </trkpt>
      <trkpt lat="46.008046" lon="11.309697">
        <ele>482.874281</ele>
        <time>2026-08-21T10:31:57.150Z</time>
      </trkpt>
      <trkpt lat="46.008047" lon="11.309576">
        <ele>482.860547</ele>
        <time>2026-08-21T10:31:57.781Z</time>
      </trkpt>
      <trkpt lat="46.008241" lon="11.307345">
        <ele>481.273421</ele>
        <time>2026-08-21T10:32:08.935Z</time>
      </trkpt>
      <trkpt lat="46.008327" lon="11.306478">
        <ele>480.425166</ele>
        <time>2026-08-21T10:32:13.118Z</time>
      </trkpt>
      <trkpt lat="46.008426" lon="11.305369">
        <ele>478.968465</ele>
        <time>2026-08-21T10:32:18.252Z</time>
      </trkpt>
      <trkpt lat="46.008627" lon="11.303236">
        <ele>476.363451</ele>
        <time>2026-08-21T10:32:28.052Z</time>
      </trkpt>
      <trkpt lat="46.008750" lon="11.302383">
        <ele>475.705847</ele>
        <time>2026-08-21T10:32:32.199Z</time>
      </trkpt>
      <trkpt lat="46.008856" lon="11.301881">
        <ele>475.309796</ele>
        <time>2026-08-21T10:32:34.900Z</time>
      </trkpt>
      <trkpt lat="46.009016" lon="11.301382">
        <ele>474.894934</ele>
        <time>2026-08-21T10:32:38.035Z</time>
      </trkpt>
      <trkpt lat="46.009202" lon="11.300888">
        <ele>474.685038</ele>
        <time>2026-08-21T10:32:41.966Z</time>
      </trkpt>
      <trkpt lat="46.009526" lon="11.300225">
        <ele>474.465517</ele>
        <time>2026-08-21T10:32:48.448Z</time>
      </trkpt>
      <trkpt lat="46.010021" lon="11.299194">
        <ele>474.126124</ele>
        <time>2026-08-21T10:32:55.499Z</time>
      </trkpt>
      <trkpt lat="46.010042" lon="11.299147">
        <ele>474.110991</ele>
        <time>2026-08-21T10:32:55.747Z</time>
      </trkpt>
      <trkpt lat="46.010100" lon="11.299012">
        <ele>473.544704</ele>
        <time>2026-08-21T10:32:56.440Z</time>
      </trkpt>
      <trkpt lat="46.010189" lon="11.298787">
        <ele>472.445006</ele>
        <time>2026-08-21T10:32:57.523Z</time>
      </trkpt>
      <trkpt lat="46.010231" lon="11.298796">
        <ele>472.185347</ele>
        <time>2026-08-21T10:32:57.777Z</time>
      </trkpt>
      <trkpt lat="46.010308" lon="11.298724">
        <ele>471.623912</ele>
        <time>2026-08-21T10:32:58.310Z</time>
      </trkpt>
      <trkpt lat="46.010318" lon="11.298640">
        <ele>471.261958</ele>
        <time>2026-08-21T10:32:58.650Z</time>
      </trkpt>
      <trkpt lat="46.010300" lon="11.298580">
        <ele>470.984380</ele>
        <time>2026-08-21T10:32:58.914Z</time>
      </trkpt>
      <trkpt lat="46.010268" lon="11.298539">
        <ele>470.722442</ele>
        <time>2026-08-21T10:32:59.151Z</time>
      </trkpt>
      <trkpt lat="46.010210" lon="11.298525">
        <ele>470.362824</ele>
        <time>2026-08-21T10:32:59.481Z</time>
      </trkpt>
      <trkpt lat="46.010157" lon="11.298563">
        <ele>470.000769</ele>
        <time>2026-08-21T10:32:59.810Z</time>
      </trkpt>
      <trkpt lat="46.010076" lon="11.298509">
        <ele>469.454937</ele>
        <time>2026-08-21T10:33:00.301Z</time>
      </trkpt>
      <trkpt lat="46.010036" lon="11.298493">
        <ele>469.201073</ele>
        <time>2026-08-21T10:33:00.527Z</time>
      </trkpt>
      <trkpt lat="46.009883" lon="11.298437">
        <ele>468.235723</ele>
        <time>2026-08-21T10:33:01.385Z</time>
      </trkpt>
      <trkpt lat="46.009435" lon="11.298305">
        <ele>465.439434</ele>
        <time>2026-08-21T10:33:03.805Z</time>
      </trkpt>
      <trkpt lat="46.009288" lon="11.298182">
        <ele>464.399759</ele>
        <time>2026-08-21T10:33:04.690Z</time>
      </trkpt>
      <trkpt lat="46.009166" lon="11.298028">
        <ele>463.407616</ele>
        <time>2026-08-21T10:33:05.536Z</time>
      </trkpt>
      <trkpt lat="46.009048" lon="11.297770">
        <ele>461.998523</ele>
        <time>2026-08-21T10:33:06.653Z</time>
      </trkpt>
      <trkpt lat="46.008985" lon="11.297527">
        <ele>460.790944</ele>
        <time>2026-08-21T10:33:07.599Z</time>
      </trkpt>
      <trkpt lat="46.008859" lon="11.297039">
        <ele>458.367059</ele>
        <time>2026-08-21T10:33:09.522Z</time>
      </trkpt>
      <trkpt lat="46.008711" lon="11.296470">
        <ele>455.538297</ele>
        <time>2026-08-21T10:33:11.803Z</time>
      </trkpt>
      <trkpt lat="46.008601" lon="11.296042">
        <ele>453.413606</ele>
        <time>2026-08-21T10:33:13.555Z</time>
      </trkpt>
      <trkpt lat="46.008535" lon="11.295786">
        <ele>452.142282</ele>
        <time>2026-08-21T10:33:14.623Z</time>
      </trkpt>
      <trkpt lat="46.008509" lon="11.295687">
        <ele>451.649516</ele>
        <time>2026-08-21T10:33:15.042Z</time>
      </trkpt>
      <trkpt lat="46.008403" lon="11.295291">
        <ele>450.383291</ele>
        <time>2026-08-21T10:33:16.740Z</time>
      </trkpt>
      <trkpt lat="46.007967" lon="11.294083">
        <ele>447.317077</ele>
        <time>2026-08-21T10:33:22.461Z</time>
      </trkpt>
      <trkpt lat="46.007810" lon="11.293709">
        <ele>446.332809</ele>
        <time>2026-08-21T10:33:24.369Z</time>
      </trkpt>
      <trkpt lat="46.007528" lon="11.293198">
        <ele>445.068071</ele>
        <time>2026-08-21T10:33:27.309Z</time>
      </trkpt>
      <trkpt lat="46.007503" lon="11.293109">
        <ele>444.977633</ele>
        <time>2026-08-21T10:33:27.740Z</time>
      </trkpt>
      <trkpt lat="46.007580" lon="11.292990">
        <ele>444.824420</ele>
        <time>2026-08-21T10:33:28.478Z</time>
      </trkpt>
      <trkpt lat="46.007581" lon="11.292863">
        <ele>444.704773</ele>
        <time>2026-08-21T10:33:29.064Z</time>
      </trkpt>
      <trkpt lat="46.007529" lon="11.292760">
        <ele>444.584818</ele>
        <time>2026-08-21T10:33:29.646Z</time>
      </trkpt>
      <trkpt lat="46.007483" lon="11.292729">
        <ele>444.515932</ele>
        <time>2026-08-21T10:33:29.992Z</time>
      </trkpt>
      <trkpt lat="46.007384" lon="11.292745">
        <ele>444.380814</ele>
        <time>2026-08-21T10:33:30.666Z</time>
      </trkpt>
      <trkpt lat="46.007317" lon="11.292852">
        <ele>444.245100</ele>
        <time>2026-08-21T10:33:31.356Z</time>
      </trkpt>
      <trkpt lat="46.007186" lon="11.292798">
        <ele>444.060284</ele>
        <time>2026-08-21T10:33:32.302Z</time>
      </trkpt>
      <trkpt lat="46.007074" lon="11.292672">
        <ele>443.867502</ele>
        <time>2026-08-21T10:33:33.313Z</time>
      </trkpt>
      <trkpt lat="46.006786" lon="11.292326">
        <ele>443.358752</ele>
        <time>2026-08-21T10:33:36.076Z</time>
      </trkpt>
      <trkpt lat="46.006345" lon="11.291786">
        <ele>442.818374</ele>
        <time>2026-08-21T10:33:40.505Z</time>
      </trkpt>
      <trkpt lat="46.006162" lon="11.291563">
        <ele>442.886176</ele>
        <time>2026-08-21T10:33:42.428Z</time>
      </trkpt>
      <trkpt lat="46.006146" lon="11.291546">
        <ele>442.891800</ele>
        <time>2026-08-21T10:33:42.590Z</time>
      </trkpt>
      <trkpt lat="46.006090" lon="11.291480">
        <ele>442.912267</ele>
        <time>2026-08-21T10:33:43.206Z</time>
      </trkpt>
      <trkpt lat="46.006011" lon="11.291392">
        <ele>442.940514</ele>
        <time>2026-08-21T10:33:44.122Z</time>
      </trkpt>
      <trkpt lat="46.005629" lon="11.290937">
        <ele>443.080725</ele>
        <time>2026-08-21T10:33:49.097Z</time>
      </trkpt>
      <trkpt lat="46.005666" lon="11.290893">
        <ele>443.094296</ele>
        <time>2026-08-21T10:33:49.610Z</time>
      </trkpt>
      <trkpt lat="46.005748" lon="11.289983">
        <ele>443.274548</ele>
        <time>2026-08-21T10:33:56.289Z</time>
      </trkpt>
      <trkpt lat="46.005902" lon="11.286275">
        <ele>449.596452</ele>
        <time>2026-08-21T10:34:27.135Z</time>
      </trkpt>
      <trkpt lat="46.005972" lon="11.284931">
        <ele>454.758574</ele>
        <time>2026-08-21T10:34:51.905Z</time>
      </trkpt>
      <trkpt lat="46.006218" lon="11.283811">
        <ele>463.217911</ele>
        <time>2026-08-21T10:35:22.283Z</time>
      </trkpt>
      <trkpt lat="46.006257" lon="11.283073">
        <ele>468.966775</ele>
        <time>2026-08-21T10:35:42.728Z</time>
      </trkpt>
      <trkpt lat="46.006238" lon="11.282398">
        <ele>474.214031</ele>
        <time>2026-08-21T10:35:59.155Z</time>
      </trkpt>
      <trkpt lat="46.006231" lon="11.282049">
        <ele>476.830445</ele>
        <time>2026-08-21T10:36:07.379Z</time>
      </trkpt>
      <trkpt lat="46.006303" lon="11.281750">
        <ele>479.121610</ele>
        <time>2026-08-21T10:36:14.758Z</time>
      </trkpt>
      <trkpt lat="46.006468" lon="11.281252">
        <ele>483.116326</ele>
        <time>2026-08-21T10:36:27.917Z</time>
      </trkpt>
      <trkpt lat="46.006797" lon="11.279957">
        <ele>493.099565</ele>
        <time>2026-08-21T10:36:59.893Z</time>
      </trkpt>
      <trkpt lat="46.007057" lon="11.279393">
        <ele>497.650175</ele>
        <time>2026-08-21T10:37:16.736Z</time>
      </trkpt>
      <trkpt lat="46.007735" lon="11.278169">
        <ele>507.921365</ele>
        <time>2026-08-21T10:37:51.811Z</time>
      </trkpt>
      <trkpt lat="46.008135" lon="11.277019">
        <ele>515.488567</ele>
        <time>2026-08-21T10:38:16.410Z</time>
      </trkpt>
      <trkpt lat="46.008622" lon="11.276191">
        <ele>521.392169</ele>
        <time>2026-08-21T10:38:36.513Z</time>
      </trkpt>
      <trkpt lat="46.009088" lon="11.275612">
        <ele>526.213115</ele>
        <time>2026-08-21T10:38:53.632Z</time>
      </trkpt>
      <trkpt lat="46.009614" lon="11.274863">
        <ele>532.001396</ele>
        <time>2026-08-21T10:39:15.917Z</time>
      </trkpt>
      <trkpt lat="46.009836" lon="11.274361">
        <ele>535.235403</ele>
        <time>2026-08-21T10:39:28.937Z</time>
      </trkpt>
      <trkpt lat="46.010231" lon="11.273063">
        <ele>539.251423</ele>
        <time>2026-08-21T10:39:53.072Z</time>
      </trkpt>
      <trkpt lat="46.010429" lon="11.272624">
        <ele>539.114968</ele>
        <time>2026-08-21T10:39:56.573Z</time>
      </trkpt>
      <trkpt lat="46.010656" lon="11.272203">
        <ele>538.976028</ele>
        <time>2026-08-21T10:39:58.771Z</time>
      </trkpt>
      <trkpt lat="46.010790" lon="11.272097">
        <ele>538.918641</ele>
        <time>2026-08-21T10:39:59.621Z</time>
      </trkpt>
      <trkpt lat="46.010976" lon="11.272097">
        <ele>538.848827</ele>
        <time>2026-08-21T10:40:00.639Z</time>
      </trkpt>
      <trkpt lat="46.011144" lon="11.272177">
        <ele>538.782410</ele>
        <time>2026-08-21T10:40:01.601Z</time>
      </trkpt>
      <trkpt lat="46.011536" lon="11.272518">
        <ele>540.975819</ele>
        <time>2026-08-21T10:40:04.234Z</time>
      </trkpt>
      <trkpt lat="46.011802" lon="11.272959">
        <ele>543.501537</ele>
        <time>2026-08-21T10:40:09.367Z</time>
      </trkpt>
      <trkpt lat="46.011949" lon="11.272971">
        <ele>544.418248</ele>
        <time>2026-08-21T10:40:12.830Z</time>
      </trkpt>
      <trkpt lat="46.012048" lon="11.272897">
        <ele>545.112743</ele>
        <time>2026-08-21T10:40:16.057Z</time>
      </trkpt>
      <trkpt lat="46.012086" lon="11.272806">
        <ele>545.571886</ele>
        <time>2026-08-21T10:40:18.436Z</time>
      </trkpt>
      <trkpt lat="46.012109" lon="11.272645">
        <ele>546.282640</ele>
        <time>2026-08-21T10:40:22.559Z</time>
      </trkpt>
      <trkpt lat="46.012071" lon="11.272119">
        <ele>548.569384</ele>
        <time>2026-08-21T10:40:39.038Z</time>
      </trkpt>
      <trkpt lat="46.012002" lon="11.271820">
        <ele>549.931793</ele>
        <time>2026-08-21T10:40:49.657Z</time>
      </trkpt>
      <trkpt lat="46.011997" lon="11.271797">
        <ele>550.076348</ele>
        <time>2026-08-21T10:40:50.472Z</time>
      </trkpt>
      <trkpt lat="46.011840" lon="11.271068">
        <ele>554.817343</ele>
        <time>2026-08-21T10:41:15.540Z</time>
      </trkpt>
      <trkpt lat="46.011794" lon="11.270617">
        <ele>557.648840</ele>
        <time>2026-08-21T10:41:27.921Z</time>
      </trkpt>
      <trkpt lat="46.011783" lon="11.270329">
        <ele>559.440495</ele>
        <time>2026-08-21T10:41:34.173Z</time>
      </trkpt>
      <trkpt lat="46.011807" lon="11.270174">
        <ele>560.426937</ele>
        <time>2026-08-21T10:41:37.079Z</time>
      </trkpt>
      <trkpt lat="46.011825" lon="11.270094">
        <ele>560.949296</ele>
        <time>2026-08-21T10:41:38.374Z</time>
      </trkpt>
      <trkpt lat="46.011868" lon="11.269934">
        <ele>562.014973</ele>
        <time>2026-08-21T10:41:40.866Z</time>
      </trkpt>
      <trkpt lat="46.011888" lon="11.269866">
        <ele>562.473679</ele>
        <time>2026-08-21T10:41:41.767Z</time>
      </trkpt>
      <trkpt lat="46.011902" lon="11.269821">
        <ele>562.779967</ele>
        <time>2026-08-21T10:41:42.365Z</time>
      </trkpt>
      <trkpt lat="46.012034" lon="11.269383">
        <ele>565.745764</ele>
        <time>2026-08-21T10:41:46.492Z</time>
      </trkpt>
      <trkpt lat="46.012050" lon="11.269306">
        <ele>566.070535</ele>
        <time>2026-08-21T10:41:46.967Z</time>
      </trkpt>
      <trkpt lat="46.012112" lon="11.269013">
        <ele>566.425690</ele>
        <time>2026-08-21T10:41:48.528Z</time>
      </trkpt>
      <trkpt lat="46.012165" lon="11.268932">
        <ele>566.554728</ele>
        <time>2026-08-21T10:41:49.089Z</time>
      </trkpt>
      <trkpt lat="46.012273" lon="11.268766">
        <ele>566.818470</ele>
        <time>2026-08-21T10:41:50.282Z</time>
      </trkpt>
      <trkpt lat="46.012388" lon="11.268700">
        <ele>567.025157</ele>
        <time>2026-08-21T10:41:51.262Z</time>
      </trkpt>
      <trkpt lat="46.013016" lon="11.268394">
        <ele>568.132037</ele>
        <time>2026-08-21T10:41:58.501Z</time>
      </trkpt>
      <trkpt lat="46.013950" lon="11.267973">
        <ele>571.776732</ele>
        <time>2026-08-21T10:42:15.324Z</time>
      </trkpt>
      <trkpt lat="46.015113" lon="11.267482">
        <ele>579.353664</ele>
        <time>2026-08-21T10:42:46.954Z</time>
      </trkpt>
      <trkpt lat="46.015426" lon="11.267298">
        <ele>581.696231</ele>
        <time>2026-08-21T10:42:56.829Z</time>
      </trkpt>
      <trkpt lat="46.015830" lon="11.267107">
        <ele>584.866491</ele>
        <time>2026-08-21T10:43:09.058Z</time>
      </trkpt>
      <trkpt lat="46.016524" lon="11.266628">
        <ele>590.604355</ele>
        <time>2026-08-21T10:43:29.896Z</time>
      </trkpt>
      <trkpt lat="46.016638" lon="11.266551">
        <ele>591.543151</ele>
        <time>2026-08-21T10:43:33.021Z</time>
      </trkpt>
      <trkpt lat="46.016854" lon="11.266405">
        <ele>593.322154</ele>
        <time>2026-08-21T10:43:38.919Z</time>
      </trkpt>
      <trkpt lat="46.017394" lon="11.266040">
        <ele>597.529296</ele>
        <time>2026-08-21T10:43:53.356Z</time>
      </trkpt>
      <trkpt lat="46.017435" lon="11.266013">
        <ele>597.845630</ele>
        <time>2026-08-21T10:43:54.400Z</time>
      </trkpt>
      <trkpt lat="46.018191" lon="11.265446">
        <ele>603.826483</ele>
        <time>2026-08-21T10:44:15.738Z</time>
      </trkpt>
      <trkpt lat="46.018230" lon="11.265416">
        <ele>604.136723</ele>
        <time>2026-08-21T10:44:16.904Z</time>
      </trkpt>
      <trkpt lat="46.018635" lon="11.265047">
        <ele>607.776490</ele>
        <time>2026-08-21T10:44:30.519Z</time>
      </trkpt>
      <trkpt lat="46.019041" lon="11.264677">
        <ele>611.931953</ele>
        <time>2026-08-21T10:44:45.151Z</time>
      </trkpt>
      <trkpt lat="46.019094" lon="11.264623">
        <ele>612.493465</ele>
        <time>2026-08-21T10:44:47.236Z</time>
      </trkpt>
      <trkpt lat="46.019958" lon="11.263792">
        <ele>621.479375</ele>
        <time>2026-08-21T10:45:19.458Z</time>
      </trkpt>
      <trkpt lat="46.020530" lon="11.263267">
        <ele>625.026076</ele>
        <time>2026-08-21T10:45:37.726Z</time>
      </trkpt>
      <trkpt lat="46.020806" lon="11.263008">
        <ele>626.669439</ele>
        <time>2026-08-21T10:45:44.978Z</time>
      </trkpt>
      <trkpt lat="46.021158" lon="11.262760">
        <ele>628.624293</ele>
        <time>2026-08-21T10:45:51.947Z</time>
      </trkpt>
      <trkpt lat="46.021424" lon="11.262595">
        <ele>630.069110</ele>
        <time>2026-08-21T10:45:56.345Z</time>
      </trkpt>
      <trkpt lat="46.021646" lon="11.262536">
        <ele>630.827972</ele>
        <time>2026-08-21T10:45:59.308Z</time>
      </trkpt>
      <trkpt lat="46.022039" lon="11.262511">
        <ele>630.778011</ele>
        <time>2026-08-21T10:46:03.618Z</time>
      </trkpt>
      <trkpt lat="46.022376" lon="11.262508">
        <ele>630.735210</ele>
        <time>2026-08-21T10:46:06.534Z</time>
      </trkpt>
      <trkpt lat="46.022527" lon="11.262458">
        <ele>630.715532</ele>
        <time>2026-08-21T10:46:07.734Z</time>
      </trkpt>
      <trkpt lat="46.022630" lon="11.262408">
        <ele>630.701727</ele>
        <time>2026-08-21T10:46:08.542Z</time>
      </trkpt>
      <trkpt lat="46.023059" lon="11.262107">
        <ele>630.641121</ele>
        <time>2026-08-21T10:46:11.990Z</time>
      </trkpt>
      <trkpt lat="46.023242" lon="11.262014">
        <ele>630.616475</ele>
        <time>2026-08-21T10:46:13.411Z</time>
      </trkpt>
      <trkpt lat="46.023961" lon="11.261738">
        <ele>629.235235</ele>
        <time>2026-08-21T10:46:18.684Z</time>
      </trkpt>
      <trkpt lat="46.024183" lon="11.261577">
        <ele>628.735086</ele>
        <time>2026-08-21T10:46:20.355Z</time>
      </trkpt>
      <trkpt lat="46.024488" lon="11.261230">
        <ele>627.952970</ele>
        <time>2026-08-21T10:46:22.936Z</time>
      </trkpt>
      <trkpt lat="46.025286" lon="11.259808">
        <ele>623.420495</ele>
        <time>2026-08-21T10:46:30.632Z</time>
      </trkpt>
      <trkpt lat="46.025867" lon="11.259256">
        <ele>620.278743</ele>
        <time>2026-08-21T10:46:34.557Z</time>
      </trkpt>
      <trkpt lat="46.026527" lon="11.258885">
        <ele>616.460617</ele>
        <time>2026-08-21T10:46:38.442Z</time>
      </trkpt>
      <trkpt lat="46.026869" lon="11.258835">
        <ele>614.371372</ele>
        <time>2026-08-21T10:46:40.325Z</time>
      </trkpt>
      <trkpt lat="46.027613" lon="11.258796">
        <ele>609.846590</ele>
        <time>2026-08-21T10:46:44.412Z</time>
      </trkpt>
      <trkpt lat="46.027901" lon="11.258779">
        <ele>608.094751</ele>
        <time>2026-08-21T10:46:45.994Z</time>
      </trkpt>
      <trkpt lat="46.028092" lon="11.258686">
        <ele>606.981005</ele>
        <time>2026-08-21T10:46:47.097Z</time>
      </trkpt>
      <trkpt lat="46.028433" lon="11.258225">
        <ele>604.435186</ele>
        <time>2026-08-21T10:46:49.670Z</time>
      </trkpt>
      <trkpt lat="46.028691" lon="11.257639">
        <ele>601.812711</ele>
        <time>2026-08-21T10:46:52.316Z</time>
      </trkpt>
      <trkpt lat="46.029203" lon="11.256633">
        <ele>597.513418</ele>
        <time>2026-08-21T10:46:57.219Z</time>
      </trkpt>
      <trkpt lat="46.029305" lon="11.256429">
        <ele>596.938795</ele>
        <time>2026-08-21T10:46:58.309Z</time>
      </trkpt>
      <trkpt lat="46.029483" lon="11.256018">
        <ele>595.831569</ele>
        <time>2026-08-21T10:47:00.573Z</time>
      </trkpt>
      <trkpt lat="46.029697" lon="11.255300">
        <ele>594.045585</ele>
        <time>2026-08-21T10:47:04.180Z</time>
      </trkpt>
      <trkpt lat="46.029871" lon="11.254926">
        <ele>593.016541</ele>
        <time>2026-08-21T10:47:06.158Z</time>
      </trkpt>
      <trkpt lat="46.030081" lon="11.254685">
        <ele>591.996093</ele>
        <time>2026-08-21T10:47:07.788Z</time>
      </trkpt>
      <trkpt lat="46.030888" lon="11.253910">
        <ele>584.179439</ele>
        <time>2026-08-21T10:47:13.025Z</time>
      </trkpt>
      <trkpt lat="46.031043" lon="11.253732">
        <ele>582.581865</ele>
        <time>2026-08-21T10:47:14.050Z</time>
      </trkpt>
      <trkpt lat="46.031222" lon="11.253268">
        <ele>579.611873</ele>
        <time>2026-08-21T10:47:15.943Z</time>
      </trkpt>
      <trkpt lat="46.031507" lon="11.252528">
        <ele>573.527440</ele>
        <time>2026-08-21T10:47:18.953Z</time>
      </trkpt>
      <trkpt lat="46.031914" lon="11.250981">
        <ele>559.894620</ele>
        <time>2026-08-21T10:47:24.770Z</time>
      </trkpt>
      <trkpt lat="46.032044" lon="11.250717">
        <ele>557.227449</ele>
        <time>2026-08-21T10:47:25.901Z</time>
      </trkpt>
      <trkpt lat="46.032257" lon="11.250448">
        <ele>554.186077</ele>
        <time>2026-08-21T10:47:27.330Z</time>
      </trkpt>
      <trkpt lat="46.032583" lon="11.250124">
        <ele>550.084377</ele>
        <time>2026-08-21T10:47:29.351Z</time>
      </trkpt>
      <trkpt lat="46.033311" lon="11.249582">
        <ele>541.597732</ele>
        <time>2026-08-21T10:47:33.553Z</time>
      </trkpt>
      <trkpt lat="46.033368" lon="11.249532">
        <ele>540.906599</ele>
        <time>2026-08-21T10:47:33.904Z</time>
      </trkpt>
      <trkpt lat="46.033517" lon="11.249297">
        <ele>538.618482</ele>
        <time>2026-08-21T10:47:35.074Z</time>
      </trkpt>
      <trkpt lat="46.033556" lon="11.249151">
        <ele>537.569345</ele>
        <time>2026-08-21T10:47:35.662Z</time>
      </trkpt>
      <trkpt lat="46.033567" lon="11.248995">
        <ele>536.767162</ele>
        <time>2026-08-21T10:47:36.253Z</time>
      </trkpt>
      <trkpt lat="46.033569" lon="11.248919">
        <ele>536.378076</ele>
        <time>2026-08-21T10:47:36.538Z</time>
      </trkpt>
      <trkpt lat="46.033493" lon="11.248440">
        <ele>533.864384</ele>
        <time>2026-08-21T10:47:38.377Z</time>
      </trkpt>
      <trkpt lat="46.033507" lon="11.248179">
        <ele>532.525158</ele>
        <time>2026-08-21T10:47:39.348Z</time>
      </trkpt>
      <trkpt lat="46.033574" lon="11.248017">
        <ele>531.560465</ele>
        <time>2026-08-21T10:47:40.043Z</time>
      </trkpt>
      <trkpt lat="46.033640" lon="11.247939">
        <ele>530.931358</ele>
        <time>2026-08-21T10:47:40.501Z</time>
      </trkpt>
      <trkpt lat="46.034049" lon="11.247580">
        <ele>527.401915</ele>
        <time>2026-08-21T10:47:43.065Z</time>
      </trkpt>
      <trkpt lat="46.034064" lon="11.247454">
        <ele>526.747911</ele>
        <time>2026-08-21T10:47:43.548Z</time>
      </trkpt>
      <trkpt lat="46.034014" lon="11.247352">
        <ele>526.109124</ele>
        <time>2026-08-21T10:47:44.020Z</time>
      </trkpt>
      <trkpt lat="46.033957" lon="11.247344">
        <ele>525.687097</ele>
        <time>2026-08-21T10:47:44.332Z</time>
      </trkpt>
      <trkpt lat="46.033265" lon="11.247607">
        <ele>519.769728</ele>
        <time>2026-08-21T10:47:48.196Z</time>
      </trkpt>
      <trkpt lat="46.032594" lon="11.247977">
        <ele>513.641819</ele>
        <time>2026-08-21T10:47:51.974Z</time>
      </trkpt>
      <trkpt lat="46.032448" lon="11.248009">
        <ele>512.382264</ele>
        <time>2026-08-21T10:47:52.739Z</time>
      </trkpt>
      <trkpt lat="46.032272" lon="11.247948">
        <ele>510.838332</ele>
        <time>2026-08-21T10:47:53.669Z</time>
      </trkpt>
      <trkpt lat="46.032016" lon="11.247597">
        <ele>507.923734</ele>
        <time>2026-08-21T10:47:55.483Z</time>
      </trkpt>
      <trkpt lat="46.031962" lon="11.247505">
        <ele>507.263644</ele>
        <time>2026-08-21T10:47:55.911Z</time>
      </trkpt>
      <trkpt lat="46.031787" lon="11.247180">
        <ele>505.010103</ele>
        <time>2026-08-21T10:47:57.385Z</time>
      </trkpt>
      <trkpt lat="46.031743" lon="11.247046">
        <ele>504.197919</ele>
        <time>2026-08-21T10:47:57.922Z</time>
      </trkpt>
      <trkpt lat="46.031726" lon="11.246899">
        <ele>503.381385</ele>
        <time>2026-08-21T10:47:58.459Z</time>
      </trkpt>
      <trkpt lat="46.031737" lon="11.246751">
        <ele>502.565836</ele>
        <time>2026-08-21T10:47:58.997Z</time>
      </trkpt>
      <trkpt lat="46.031825" lon="11.246553">
        <ele>501.277705</ele>
        <time>2026-08-21T10:47:59.860Z</time>
      </trkpt>
      <trkpt lat="46.032000" lon="11.246293">
        <ele>499.293544</ele>
        <time>2026-08-21T10:48:01.204Z</time>
      </trkpt>
      <trkpt lat="46.032168" lon="11.246158">
        <ele>497.775301</ele>
        <time>2026-08-21T10:48:02.254Z</time>
      </trkpt>
      <trkpt lat="46.032564" lon="11.246124">
        <ele>494.758991</ele>
        <time>2026-08-21T10:48:04.538Z</time>
      </trkpt>
      <trkpt lat="46.033382" lon="11.245844">
        <ele>490.487374</ele>
        <time>2026-08-21T10:48:09.303Z</time>
      </trkpt>
      <trkpt lat="46.034144" lon="11.245422">
        <ele>486.339730</ele>
        <time>2026-08-21T10:48:13.862Z</time>
      </trkpt>
      <trkpt lat="46.035328" lon="11.244767">
        <ele>480.191757</ele>
        <time>2026-08-21T10:48:21.182Z</time>
      </trkpt>
      <trkpt lat="46.035823" lon="11.244721">
        <ele>477.797310</ele>
        <time>2026-08-21T10:48:24.084Z</time>
      </trkpt>
      <trkpt lat="46.036549" lon="11.244710">
        <ele>473.519798</ele>
        <time>2026-08-21T10:48:28.017Z</time>
      </trkpt>
      <trkpt lat="46.036699" lon="11.244649">
        <ele>472.563611</ele>
        <time>2026-08-21T10:48:28.850Z</time>
      </trkpt>
      <trkpt lat="46.036834" lon="11.244481">
        <ele>471.469166</ele>
        <time>2026-08-21T10:48:29.807Z</time>
      </trkpt>
      <trkpt lat="46.036988" lon="11.244147">
        <ele>469.761579</ele>
        <time>2026-08-21T10:48:31.298Z</time>
      </trkpt>
      <trkpt lat="46.037398" lon="11.243827">
        <ele>466.900850</ele>
        <time>2026-08-21T10:48:33.849Z</time>
      </trkpt>
      <trkpt lat="46.037683" lon="11.243709">
        <ele>465.458874</ele>
        <time>2026-08-21T10:48:35.532Z</time>
      </trkpt>
      <trkpt lat="46.038935" lon="11.243691">
        <ele>460.592541</ele>
        <time>2026-08-21T10:48:43.291Z</time>
      </trkpt>
      <trkpt lat="46.039208" lon="11.243571">
        <ele>459.483189</ele>
        <time>2026-08-21T10:48:44.923Z</time>
      </trkpt>
      <trkpt lat="46.039414" lon="11.243313">
        <ele>458.415231</ele>
        <time>2026-08-21T10:48:46.466Z</time>
      </trkpt>
      <trkpt lat="46.039490" lon="11.243016">
        <ele>457.552621</ele>
        <time>2026-08-21T10:48:47.694Z</time>
      </trkpt>
      <trkpt lat="46.039520" lon="11.242790">
        <ele>456.925579</ele>
        <time>2026-08-21T10:48:48.586Z</time>
      </trkpt>
      <trkpt lat="46.039540" lon="11.242066">
        <ele>454.951015</ele>
        <time>2026-08-21T10:48:51.445Z</time>
      </trkpt>
      <trkpt lat="46.039552" lon="11.241418">
        <ele>453.184495</ele>
        <time>2026-08-21T10:48:54.089Z</time>
      </trkpt>
      <trkpt lat="46.039792" lon="11.240463">
        <ele>451.837650</ele>
        <time>2026-08-21T10:48:58.899Z</time>
      </trkpt>
      <trkpt lat="46.039820" lon="11.240358">
        <ele>451.796301</ele>
        <time>2026-08-21T10:48:59.544Z</time>
      </trkpt>
      <trkpt lat="46.039772" lon="11.240315">
        <ele>451.766369</ele>
        <time>2026-08-21T10:49:00.059Z</time>
      </trkpt>
      <trkpt lat="46.039424" lon="11.239714">
        <ele>451.478668</ele>
        <time>2026-08-21T10:49:05.268Z</time>
      </trkpt>
      <trkpt lat="46.039318" lon="11.239524">
        <ele>451.389062</ele>
        <time>2026-08-21T10:49:06.755Z</time>
      </trkpt>
      <trkpt lat="46.039305" lon="11.239481">
        <ele>451.371821</ele>
        <time>2026-08-21T10:49:07.040Z</time>
      </trkpt>
      <trkpt lat="46.039218" lon="11.239063">
        <ele>451.211404</ele>
        <time>2026-08-21T10:49:09.597Z</time>
      </trkpt>
      <trkpt lat="46.039061" lon="11.238526">
        <ele>451.106720</ele>
        <time>2026-08-21T10:49:13.031Z</time>
      </trkpt>
      <trkpt lat="46.039046" lon="11.238376">
        <ele>451.106720</ele>
        <time>2026-08-21T10:49:13.989Z</time>
      </trkpt>
      <trkpt lat="46.039097" lon="11.238252">
        <ele>451.106720</ele>
        <time>2026-08-21T10:49:14.915Z</time>
      </trkpt>
      <trkpt lat="46.039184" lon="11.238136">
        <ele>451.106720</ele>
        <time>2026-08-21T10:49:16.049Z</time>
      </trkpt>
      <trkpt lat="46.039438" lon="11.237960">
        <ele>451.106720</ele>
        <time>2026-08-21T10:49:18.617Z</time>
      </trkpt>
      <trkpt lat="46.039503" lon="11.237821">
        <ele>451.106720</ele>
        <time>2026-08-21T10:49:19.606Z</time>
      </trkpt>
      <trkpt lat="46.039474" lon="11.237807">
        <ele>451.106720</ele>
        <time>2026-08-21T10:49:19.863Z</time>
      </trkpt>
      <trkpt lat="46.039295" lon="11.237716">
        <ele>451.106720</ele>
        <time>2026-08-21T10:49:21.403Z</time>
      </trkpt>
    </trkseg>
  </trk>
</gpx>