<?xml version='1.0' encoding='UTF-8'?>
<gpx version="1.1" creator="https://www.komoot.de" xmlns="http://www.topografix.com/GPX/1/1" xmlns:xsi="http://www.w3.org/2001/XMLSchema-instance" xsi:schemaLocation="http://www.topografix.com/GPX/1/1 http://www.topografix.com/GPX/1/1/gpx.xsd">
  <metadata>
    <name>The Ride Dolomites - Etappe 5 - vrijdag</name>
    <author>
      <link href="https://www.komoot.de">
        <text>komoot</text>
        <type>text/html</type>
      </link>
    </author>
  </metadata>
  <wpt lat="46.306744" lon="11.599155">
    <name>Let op: Links fietspad nemen</name>
    <desc></desc>
    <sym>Flag, Blue</sym>
  </wpt>
  <wpt lat="46.288150" lon="11.568407">
    <name>Let op, links af drukke weg</name>
    <sym>Flag, Blue</sym>
  </wpt>
  <wpt lat="46.289467" lon="11.510195">
    <name>Drinkfontein</name>
    <sym>Drinking Water</sym>
  </wpt>
  <wpt lat="46.279303" lon="11.433358">
    <name>Drinkfontein</name>
    <sym>Drinking Water</sym>
  </wpt>
  <wpt lat="46.272133" lon="11.423109">
    <name>VP 1</name>
    <desc></desc>
    <sym>Flag, Blue</sym>
  </wpt>
  <wpt lat="46.270600" lon="11.422351">
    <name>Start Challenge Passo Manghen</name>
    <desc></desc>
    <sym>Flag, Blue</sym>
  </wpt>
  <wpt lat="46.266440" lon="11.417135">
    <name>Drinkfontein</name>
    <sym>Drinking Water</sym>
  </wpt>
  <wpt lat="46.220161" lon="11.419640">
    <name>Drinkfontein</name>
    <sym>Flag, Blue</sym>
  </wpt>
  <wpt lat="46.173427" lon="11.441027">
    <name>Passo Manghen</name>
    <sym>Flag, Blue</sym>
  </wpt>
  <wpt lat="46.173109" lon="11.441820">
    <name>Einde Challenge</name>
    <desc></desc>
    <sym>Flag, Blue</sym>
  </wpt>
  <wpt lat="46.075519" lon="11.473579">
    <name>Let op: links aanhouden</name>
    <desc></desc>
    <sym>Flag, Blue</sym>
  </wpt>
  <wpt lat="46.075103" lon="11.473708">
    <name>Let op: rechtsaf dorp in</name>
    <desc>VP2 is in het dorp</desc>
    <sym>Flag, Blue</sym>
  </wpt>
  <wpt lat="46.070150" lon="11.471764">
    <name>VP2</name>
    <desc></desc>
    <sym>Flag, Blue</sym>
  </wpt>
  <wpt lat="46.070169" lon="11.471814">
    <name>Parkeerterrein</name>
    <sym>Flag, Blue</sym>
  </wpt>
  <wpt lat="46.075569" lon="11.450851">
    <name>Drinkfontein</name>
    <sym>Drinking Water</sym>
  </wpt>
  <trk>
    <name>The Ride Dolomites - Etappe 5 - vrijdag</name>
    <type>racebike</type>
    <trkseg>
      <trkpt lat="46.475214" lon="11.740727">
        <ele>1419.882060</ele>
        <time>2026-09-02T15:31:30.813Z</time>
      </trkpt>
      <trkpt lat="46.475406" lon="11.740773">
        <ele>1419.882060</ele>
        <time>2026-09-02T15:31:34.564Z</time>
      </trkpt>
      <trkpt lat="46.475747" lon="11.740716">
        <ele>1419.882060</ele>
        <time>2026-09-02T15:31:40.797Z</time>
      </trkpt>
      <trkpt lat="46.475977" lon="11.740733">
        <ele>1419.882060</ele>
        <time>2026-09-02T15:31:44.633Z</time>
      </trkpt>
      <trkpt lat="46.476166" lon="11.740689">
        <ele>1419.771153</ele>
        <time>2026-09-02T15:31:47.624Z</time>
      </trkpt>
      <trkpt lat="46.476206" lon="11.740676">
        <ele>1419.695684</ele>
        <time>2026-09-02T15:31:48.263Z</time>
      </trkpt>
      <trkpt lat="46.476240" lon="11.740666">
        <ele>1419.631813</ele>
        <time>2026-09-02T15:31:48.794Z</time>
      </trkpt>
      <trkpt lat="46.476124" lon="11.740363">
        <ele>1419.192255</ele>
        <time>2026-09-02T15:31:51.375Z</time>
      </trkpt>
      <trkpt lat="46.475932" lon="11.740102">
        <ele>1418.708023</ele>
        <time>2026-09-02T15:31:53.697Z</time>
      </trkpt>
      <trkpt lat="46.475661" lon="11.739802">
        <ele>1418.080608</ele>
        <time>2026-09-02T15:31:56.047Z</time>
      </trkpt>
      <trkpt lat="46.475378" lon="11.739503">
        <ele>1417.436230</ele>
        <time>2026-09-02T15:31:58.160Z</time>
      </trkpt>
      <trkpt lat="46.474793" lon="11.738903">
        <ele>1415.416489</ele>
        <time>2026-09-02T15:32:02.237Z</time>
      </trkpt>
      <trkpt lat="46.474595" lon="11.738667">
        <ele>1414.214761</ele>
        <time>2026-09-02T15:32:03.703Z</time>
      </trkpt>
      <trkpt lat="46.474466" lon="11.738463">
        <ele>1413.319988</ele>
        <time>2026-09-02T15:32:04.785Z</time>
      </trkpt>
      <trkpt lat="46.474276" lon="11.738162">
        <ele>1412.000829</ele>
        <time>2026-09-02T15:32:06.378Z</time>
      </trkpt>
      <trkpt lat="46.474076" lon="11.737834">
        <ele>1410.585453</ele>
        <time>2026-09-02T15:32:08.077Z</time>
      </trkpt>
      <trkpt lat="46.473480" lon="11.736788">
        <ele>1406.250458</ele>
        <time>2026-09-02T15:32:13.487Z</time>
      </trkpt>
      <trkpt lat="46.473414" lon="11.736543">
        <ele>1405.422987</ele>
        <time>2026-09-02T15:32:14.530Z</time>
      </trkpt>
      <trkpt lat="46.473334" lon="11.736515">
        <ele>1405.047149</ele>
        <time>2026-09-02T15:32:15.003Z</time>
      </trkpt>
      <trkpt lat="46.473268" lon="11.736442">
        <ele>1404.668225</ele>
        <time>2026-09-02T15:32:15.475Z</time>
      </trkpt>
      <trkpt lat="46.473187" lon="11.736299">
        <ele>1404.085845</ele>
        <time>2026-09-02T15:32:16.210Z</time>
      </trkpt>
      <trkpt lat="46.473056" lon="11.736071">
        <ele>1403.151895</ele>
        <time>2026-09-02T15:32:17.398Z</time>
      </trkpt>
      <trkpt lat="46.472900" lon="11.735838">
        <ele>1402.129773</ele>
        <time>2026-09-02T15:32:18.693Z</time>
      </trkpt>
      <trkpt lat="46.472599" lon="11.735567">
        <ele>1400.512231</ele>
        <time>2026-09-02T15:32:20.711Z</time>
      </trkpt>
      <trkpt lat="46.472424" lon="11.735412">
        <ele>1399.588222</ele>
        <time>2026-09-02T15:32:21.869Z</time>
      </trkpt>
      <trkpt lat="46.472129" lon="11.735148">
        <ele>1398.062090</ele>
        <time>2026-09-02T15:32:23.813Z</time>
      </trkpt>
      <trkpt lat="46.472068" lon="11.735104">
        <ele>1397.762120</ele>
        <time>2026-09-02T15:32:24.189Z</time>
      </trkpt>
      <trkpt lat="46.471960" lon="11.735087">
        <ele>1397.283697</ele>
        <time>2026-09-02T15:32:24.797Z</time>
      </trkpt>
      <trkpt lat="46.471909" lon="11.735069">
        <ele>1397.052550</ele>
        <time>2026-09-02T15:32:25.088Z</time>
      </trkpt>
      <trkpt lat="46.471764" lon="11.734952">
        <ele>1396.321983</ele>
        <time>2026-09-02T15:32:26.019Z</time>
      </trkpt>
      <trkpt lat="46.471497" lon="11.734471">
        <ele>1394.448169</ele>
        <time>2026-09-02T15:32:28.485Z</time>
      </trkpt>
      <trkpt lat="46.471105" lon="11.734126">
        <ele>1392.429399</ele>
        <time>2026-09-02T15:32:31.199Z</time>
      </trkpt>
      <trkpt lat="46.471060" lon="11.734038">
        <ele>1392.096952</ele>
        <time>2026-09-02T15:32:31.649Z</time>
      </trkpt>
      <trkpt lat="46.470909" lon="11.733294">
        <ele>1390.632291</ele>
        <time>2026-09-02T15:32:34.971Z</time>
      </trkpt>
      <trkpt lat="46.470804" lon="11.732937">
        <ele>1389.919071</ele>
        <time>2026-09-02T15:32:36.607Z</time>
      </trkpt>
      <trkpt lat="46.470633" lon="11.732928">
        <ele>1389.462598</ele>
        <time>2026-09-02T15:32:37.667Z</time>
      </trkpt>
      <trkpt lat="46.470534" lon="11.732970">
        <ele>1389.187455</ele>
        <time>2026-09-02T15:32:38.315Z</time>
      </trkpt>
      <trkpt lat="46.470288" lon="11.733211">
        <ele>1388.395793</ele>
        <time>2026-09-02T15:32:40.226Z</time>
      </trkpt>
      <trkpt lat="46.470133" lon="11.733300">
        <ele>1387.951143</ele>
        <time>2026-09-02T15:32:41.299Z</time>
      </trkpt>
      <trkpt lat="46.469990" lon="11.733343">
        <ele>1387.561570</ele>
        <time>2026-09-02T15:32:42.244Z</time>
      </trkpt>
      <trkpt lat="46.469890" lon="11.733320">
        <ele>1387.291475</ele>
        <time>2026-09-02T15:32:42.898Z</time>
      </trkpt>
      <trkpt lat="46.469853" lon="11.733407">
        <ele>1387.147740</ele>
        <time>2026-09-02T15:32:43.355Z</time>
      </trkpt>
      <trkpt lat="46.469253" lon="11.732294">
        <ele>1385.761062</ele>
        <time>2026-09-02T15:32:49.931Z</time>
      </trkpt>
      <trkpt lat="46.469051" lon="11.731990">
        <ele>1385.346630</ele>
        <time>2026-09-02T15:32:52.242Z</time>
      </trkpt>
      <trkpt lat="46.468116" lon="11.731006">
        <ele>1383.470378</ele>
        <time>2026-09-02T15:33:00.682Z</time>
      </trkpt>
      <trkpt lat="46.467635" lon="11.729089">
        <ele>1380.873825</ele>
        <time>2026-09-02T15:33:09.767Z</time>
      </trkpt>
      <trkpt lat="46.467604" lon="11.729020">
        <ele>1380.751513</ele>
        <time>2026-09-02T15:33:10.126Z</time>
      </trkpt>
      <trkpt lat="46.467538" lon="11.728592">
        <ele>1380.100328</ele>
        <time>2026-09-02T15:33:12.057Z</time>
      </trkpt>
      <trkpt lat="46.467479" lon="11.728378">
        <ele>1379.758091</ele>
        <time>2026-09-02T15:33:13.074Z</time>
      </trkpt>
      <trkpt lat="46.467390" lon="11.728168">
        <ele>1379.392006</ele>
        <time>2026-09-02T15:33:14.168Z</time>
      </trkpt>
      <trkpt lat="46.467183" lon="11.727844">
        <ele>1378.735874</ele>
        <time>2026-09-02T15:33:16.136Z</time>
      </trkpt>
      <trkpt lat="46.466931" lon="11.727205">
        <ele>1377.642631</ele>
        <time>2026-09-02T15:33:19.484Z</time>
      </trkpt>
      <trkpt lat="46.466726" lon="11.726481">
        <ele>1376.875758</ele>
        <time>2026-09-02T15:33:23.170Z</time>
      </trkpt>
      <trkpt lat="46.466248" lon="11.725535">
        <ele>1375.770052</ele>
        <time>2026-09-02T15:33:28.830Z</time>
      </trkpt>
      <trkpt lat="46.466046" lon="11.725224">
        <ele>1375.367193</ele>
        <time>2026-09-02T15:33:30.960Z</time>
      </trkpt>
      <trkpt lat="46.465805" lon="11.725010">
        <ele>1375.008939</ele>
        <time>2026-09-02T15:33:33.043Z</time>
      </trkpt>
      <trkpt lat="46.465683" lon="11.724865">
        <ele>1374.843572</ele>
        <time>2026-09-02T15:33:34.206Z</time>
      </trkpt>
      <trkpt lat="46.464797" lon="11.723210">
        <ele>1373.329290</ele>
        <time>2026-09-02T15:33:44.870Z</time>
      </trkpt>
      <trkpt lat="46.464732" lon="11.723011">
        <ele>1373.147195</ele>
        <time>2026-09-02T15:33:45.968Z</time>
      </trkpt>
      <trkpt lat="46.464654" lon="11.722594">
        <ele>1372.676100</ele>
        <time>2026-09-02T15:33:48.106Z</time>
      </trkpt>
      <trkpt lat="46.464396" lon="11.720975">
        <ele>1370.864374</ele>
        <time>2026-09-02T15:33:55.852Z</time>
      </trkpt>
      <trkpt lat="46.464250" lon="11.720144">
        <ele>1370.051337</ele>
        <time>2026-09-02T15:33:59.737Z</time>
      </trkpt>
      <trkpt lat="46.464143" lon="11.719682">
        <ele>1369.667553</ele>
        <time>2026-09-02T15:34:01.996Z</time>
      </trkpt>
      <trkpt lat="46.463925" lon="11.719005">
        <ele>1369.079120</ele>
        <time>2026-09-02T15:34:05.643Z</time>
      </trkpt>
      <trkpt lat="46.463762" lon="11.718655">
        <ele>1368.746456</ele>
        <time>2026-09-02T15:34:07.873Z</time>
      </trkpt>
      <trkpt lat="46.463358" lon="11.717908">
        <ele>1368.149341</ele>
        <time>2026-09-02T15:34:13.454Z</time>
      </trkpt>
      <trkpt lat="46.462793" lon="11.717137">
        <ele>1367.688734</ele>
        <time>2026-09-02T15:34:22.503Z</time>
      </trkpt>
      <trkpt lat="46.462088" lon="11.716135">
        <ele>1366.857782</ele>
        <time>2026-09-02T15:34:32.821Z</time>
      </trkpt>
      <trkpt lat="46.461503" lon="11.715241">
        <ele>1365.478690</ele>
        <time>2026-09-02T15:34:38.490Z</time>
      </trkpt>
      <trkpt lat="46.461393" lon="11.714987">
        <ele>1365.143132</ele>
        <time>2026-09-02T15:34:39.853Z</time>
      </trkpt>
      <trkpt lat="46.461315" lon="11.714827">
        <ele>1364.923904</ele>
        <time>2026-09-02T15:34:40.748Z</time>
      </trkpt>
      <trkpt lat="46.460676" lon="11.713897">
        <ele>1363.725317</ele>
        <time>2026-09-02T15:34:46.880Z</time>
      </trkpt>
      <trkpt lat="46.460405" lon="11.713451">
        <ele>1363.267271</ele>
        <time>2026-09-02T15:34:49.888Z</time>
      </trkpt>
      <trkpt lat="46.460340" lon="11.713250">
        <ele>1363.096252</ele>
        <time>2026-09-02T15:34:51.050Z</time>
      </trkpt>
      <trkpt lat="46.460364" lon="11.713052">
        <ele>1362.941410</ele>
        <time>2026-09-02T15:34:52.116Z</time>
      </trkpt>
      <trkpt lat="46.460589" lon="11.712483">
        <ele>1362.436096</ele>
        <time>2026-09-02T15:34:55.624Z</time>
      </trkpt>
      <trkpt lat="46.460627" lon="11.712268">
        <ele>1362.271817</ele>
        <time>2026-09-02T15:34:56.802Z</time>
      </trkpt>
      <trkpt lat="46.460609" lon="11.711960">
        <ele>1362.067241</ele>
        <time>2026-09-02T15:34:58.431Z</time>
      </trkpt>
      <trkpt lat="46.460643" lon="11.711464">
        <ele>1361.737351</ele>
        <time>2026-09-02T15:35:00.987Z</time>
      </trkpt>
      <trkpt lat="46.460554" lon="11.710895">
        <ele>1361.351182</ele>
        <time>2026-09-02T15:35:03.905Z</time>
      </trkpt>
      <trkpt lat="46.460232" lon="11.709909">
        <ele>1360.628994</ele>
        <time>2026-09-02T15:35:09.326Z</time>
      </trkpt>
      <trkpt lat="46.460075" lon="11.709592">
        <ele>1360.495081</ele>
        <time>2026-09-02T15:35:11.303Z</time>
      </trkpt>
      <trkpt lat="46.459821" lon="11.709216">
        <ele>1360.349372</ele>
        <time>2026-09-02T15:35:14.028Z</time>
      </trkpt>
      <trkpt lat="46.459297" lon="11.708748">
        <ele>1360.102261</ele>
        <time>2026-09-02T15:35:18.920Z</time>
      </trkpt>
      <trkpt lat="46.459211" lon="11.708628">
        <ele>1360.054348</ele>
        <time>2026-09-02T15:35:19.930Z</time>
      </trkpt>
      <trkpt lat="46.459177" lon="11.708488">
        <ele>1360.013275</ele>
        <time>2026-09-02T15:35:20.811Z</time>
      </trkpt>
      <trkpt lat="46.459150" lon="11.707792">
        <ele>1359.865485</ele>
        <time>2026-09-02T15:35:25.261Z</time>
      </trkpt>
      <trkpt lat="46.459175" lon="11.707663">
        <ele>1359.868520</ele>
        <time>2026-09-02T15:35:26.184Z</time>
      </trkpt>
      <trkpt lat="46.459289" lon="11.707463">
        <ele>1359.874398</ele>
        <time>2026-09-02T15:35:28.011Z</time>
      </trkpt>
      <trkpt lat="46.459310" lon="11.707368">
        <ele>1359.876657</ele>
        <time>2026-09-02T15:35:28.740Z</time>
      </trkpt>
      <trkpt lat="46.459297" lon="11.707027">
        <ele>1359.884391</ele>
        <time>2026-09-02T15:35:31.259Z</time>
      </trkpt>
      <trkpt lat="46.459195" lon="11.706737">
        <ele>1359.891764</ele>
        <time>2026-09-02T15:35:33.648Z</time>
      </trkpt>
      <trkpt lat="46.459059" lon="11.706529">
        <ele>1359.898258</ele>
        <time>2026-09-02T15:35:35.699Z</time>
      </trkpt>
      <trkpt lat="46.459018" lon="11.706403">
        <ele>1359.901413</ele>
        <time>2026-09-02T15:35:36.686Z</time>
      </trkpt>
      <trkpt lat="46.458950" lon="11.705719">
        <ele>1359.917062</ele>
        <time>2026-09-02T15:35:40.838Z</time>
      </trkpt>
      <trkpt lat="46.458816" lon="11.704816">
        <ele>1359.073921</ele>
        <time>2026-09-02T15:35:45.201Z</time>
      </trkpt>
      <trkpt lat="46.458690" lon="11.704408">
        <ele>1358.562716</ele>
        <time>2026-09-02T15:35:47.164Z</time>
      </trkpt>
      <trkpt lat="46.458489" lon="11.703972">
        <ele>1357.962899</ele>
        <time>2026-09-02T15:35:49.443Z</time>
      </trkpt>
      <trkpt lat="46.458202" lon="11.703522">
        <ele>1357.261757</ele>
        <time>2026-09-02T15:35:52.149Z</time>
      </trkpt>
      <trkpt lat="46.457128" lon="11.702239">
        <ele>1356.497659</ele>
        <time>2026-09-02T15:36:03.096Z</time>
      </trkpt>
      <trkpt lat="46.457018" lon="11.702008">
        <ele>1356.426676</ele>
        <time>2026-09-02T15:36:05.201Z</time>
      </trkpt>
      <trkpt lat="46.456935" lon="11.701894">
        <ele>1356.384749</ele>
        <time>2026-09-02T15:36:06.395Z</time>
      </trkpt>
      <trkpt lat="46.456370" lon="11.701417">
        <ele>1355.966589</ele>
        <time>2026-09-02T15:36:12.708Z</time>
      </trkpt>
      <trkpt lat="46.456126" lon="11.701366">
        <ele>1355.753108</ele>
        <time>2026-09-02T15:36:14.955Z</time>
      </trkpt>
      <trkpt lat="46.456049" lon="11.701311">
        <ele>1355.678791</ele>
        <time>2026-09-02T15:36:15.701Z</time>
      </trkpt>
      <trkpt lat="46.455961" lon="11.701071">
        <ele>1355.516591</ele>
        <time>2026-09-02T15:36:17.240Z</time>
      </trkpt>
      <trkpt lat="46.455919" lon="11.700931">
        <ele>1355.425493</ele>
        <time>2026-09-02T15:36:19.487Z</time>
      </trkpt>
      <trkpt lat="46.455686" lon="11.700605">
        <ele>1355.145244</ele>
        <time>2026-09-02T15:36:21.870Z</time>
      </trkpt>
      <trkpt lat="46.455579" lon="11.700170">
        <ele>1354.869679</ele>
        <time>2026-09-02T15:36:24.019Z</time>
      </trkpt>
      <trkpt lat="46.455475" lon="11.699920">
        <ele>1354.614432</ele>
        <time>2026-09-02T15:36:25.289Z</time>
      </trkpt>
      <trkpt lat="46.455405" lon="11.699818">
        <ele>1354.225763</ele>
        <time>2026-09-02T15:36:25.902Z</time>
      </trkpt>
      <trkpt lat="46.455239" lon="11.699692">
        <ele>1353.491708</ele>
        <time>2026-09-02T15:36:27.054Z</time>
      </trkpt>
      <trkpt lat="46.454826" lon="11.699557">
        <ele>1351.832798</ele>
        <time>2026-09-02T15:36:29.586Z</time>
      </trkpt>
      <trkpt lat="46.453097" lon="11.699229">
        <ele>1345.125236</ele>
        <time>2026-09-02T15:36:39.552Z</time>
      </trkpt>
      <trkpt lat="46.452986" lon="11.699220">
        <ele>1344.710038</ele>
        <time>2026-09-02T15:36:40.196Z</time>
      </trkpt>
      <trkpt lat="46.452328" lon="11.699348">
        <ele>1342.230631</ele>
        <time>2026-09-02T15:36:44.158Z</time>
      </trkpt>
      <trkpt lat="46.452211" lon="11.699343">
        <ele>1341.793481</ele>
        <time>2026-09-02T15:36:44.881Z</time>
      </trkpt>
      <trkpt lat="46.452008" lon="11.699214">
        <ele>1340.965859</ele>
        <time>2026-09-02T15:36:46.279Z</time>
      </trkpt>
      <trkpt lat="46.451799" lon="11.699001">
        <ele>1340.599334</ele>
        <time>2026-09-02T15:36:47.939Z</time>
      </trkpt>
      <trkpt lat="46.451589" lon="11.698699">
        <ele>1340.184433</ele>
        <time>2026-09-02T15:36:49.916Z</time>
      </trkpt>
      <trkpt lat="46.451386" lon="11.698510">
        <ele>1339.845949</ele>
        <time>2026-09-02T15:36:51.590Z</time>
      </trkpt>
      <trkpt lat="46.450528" lon="11.698054">
        <ele>1338.563568</ele>
        <time>2026-09-02T15:36:58.462Z</time>
      </trkpt>
      <trkpt lat="46.450181" lon="11.697923">
        <ele>1338.024369</ele>
        <time>2026-09-02T15:37:01.362Z</time>
      </trkpt>
      <trkpt lat="46.449047" lon="11.697673">
        <ele>1336.257210</ele>
        <time>2026-09-02T15:37:09.524Z</time>
      </trkpt>
      <trkpt lat="46.447964" lon="11.697310">
        <ele>1333.776943</ele>
        <time>2026-09-02T15:37:16.382Z</time>
      </trkpt>
      <trkpt lat="46.447351" lon="11.697230">
        <ele>1332.174342</ele>
        <time>2026-09-02T15:37:20.156Z</time>
      </trkpt>
      <trkpt lat="46.446831" lon="11.697292">
        <ele>1330.886831</ele>
        <time>2026-09-02T15:37:23.516Z</time>
      </trkpt>
      <trkpt lat="46.445099" lon="11.697623">
        <ele>1328.386606</ele>
        <time>2026-09-02T15:37:35.809Z</time>
      </trkpt>
      <trkpt lat="46.444822" lon="11.697608">
        <ele>1328.158905</ele>
        <time>2026-09-02T15:37:37.845Z</time>
      </trkpt>
      <trkpt lat="46.443085" lon="11.697101">
        <ele>1326.783285</ele>
        <time>2026-09-02T15:37:51.223Z</time>
      </trkpt>
      <trkpt lat="46.442874" lon="11.697060">
        <ele>1326.673915</ele>
        <time>2026-09-02T15:37:53.107Z</time>
      </trkpt>
      <trkpt lat="46.442406" lon="11.697045">
        <ele>1326.433420</ele>
        <time>2026-09-02T15:37:57.734Z</time>
      </trkpt>
      <trkpt lat="46.442337" lon="11.697002">
        <ele>1326.394841</ele>
        <time>2026-09-02T15:37:58.382Z</time>
      </trkpt>
      <trkpt lat="46.442280" lon="11.696865">
        <ele>1326.338185</ele>
        <time>2026-09-02T15:37:59.330Z</time>
      </trkpt>
      <trkpt lat="46.442270" lon="11.696298">
        <ele>1326.137390</ele>
        <time>2026-09-02T15:38:02.225Z</time>
      </trkpt>
      <trkpt lat="46.442235" lon="11.696243">
        <ele>1326.110887</ele>
        <time>2026-09-02T15:38:02.605Z</time>
      </trkpt>
      <trkpt lat="46.441956" lon="11.696203">
        <ele>1325.894991</ele>
        <time>2026-09-02T15:38:05.461Z</time>
      </trkpt>
      <trkpt lat="46.441906" lon="11.696235">
        <ele>1325.788237</ele>
        <time>2026-09-02T15:38:05.855Z</time>
      </trkpt>
      <trkpt lat="46.441830" lon="11.696794">
        <ele>1325.021221</ele>
        <time>2026-09-02T15:38:08.695Z</time>
      </trkpt>
      <trkpt lat="46.441745" lon="11.697017">
        <ele>1324.678160</ele>
        <time>2026-09-02T15:38:09.927Z</time>
      </trkpt>
      <trkpt lat="46.441675" lon="11.697092">
        <ele>1324.508179</ele>
        <time>2026-09-02T15:38:10.504Z</time>
      </trkpt>
      <trkpt lat="46.441583" lon="11.697127">
        <ele>1324.322380</ele>
        <time>2026-09-02T15:38:11.145Z</time>
      </trkpt>
      <trkpt lat="46.441436" lon="11.697077">
        <ele>1324.027426</ele>
        <time>2026-09-02T15:38:12.113Z</time>
      </trkpt>
      <trkpt lat="46.440313" lon="11.696600">
        <ele>1321.605352</ele>
        <time>2026-09-02T15:38:19.453Z</time>
      </trkpt>
      <trkpt lat="46.440035" lon="11.696469">
        <ele>1320.928861</ele>
        <time>2026-09-02T15:38:21.330Z</time>
      </trkpt>
      <trkpt lat="46.438511" lon="11.695504">
        <ele>1317.423480</ele>
        <time>2026-09-02T15:38:32.097Z</time>
      </trkpt>
      <trkpt lat="46.437174" lon="11.694766">
        <ele>1315.097369</ele>
        <time>2026-09-02T15:38:42.019Z</time>
      </trkpt>
      <trkpt lat="46.436705" lon="11.694549">
        <ele>1314.468750</ele>
        <time>2026-09-02T15:38:45.602Z</time>
      </trkpt>
      <trkpt lat="46.436366" lon="11.694410">
        <ele>1314.018898</ele>
        <time>2026-09-02T15:38:48.151Z</time>
      </trkpt>
      <trkpt lat="46.436074" lon="11.694220">
        <ele>1313.610242</ele>
        <time>2026-09-02T15:38:50.451Z</time>
      </trkpt>
      <trkpt lat="46.435883" lon="11.694050">
        <ele>1313.324107</ele>
        <time>2026-09-02T15:38:52.046Z</time>
      </trkpt>
      <trkpt lat="46.435684" lon="11.693818">
        <ele>1312.995398</ele>
        <time>2026-09-02T15:38:53.821Z</time>
      </trkpt>
      <trkpt lat="46.435482" lon="11.693514">
        <ele>1312.550745</ele>
        <time>2026-09-02T15:38:55.804Z</time>
      </trkpt>
      <trkpt lat="46.435341" lon="11.693260">
        <ele>1312.207320</ele>
        <time>2026-09-02T15:38:57.308Z</time>
      </trkpt>
      <trkpt lat="46.433621" lon="11.689539">
        <ele>1307.522727</ele>
        <time>2026-09-02T15:39:18.569Z</time>
      </trkpt>
      <trkpt lat="46.433562" lon="11.689364">
        <ele>1307.391915</ele>
        <time>2026-09-02T15:39:19.502Z</time>
      </trkpt>
      <trkpt lat="46.433272" lon="11.688809">
        <ele>1306.924258</ele>
        <time>2026-09-02T15:39:22.868Z</time>
      </trkpt>
      <trkpt lat="46.432994" lon="11.688198">
        <ele>1306.432654</ele>
        <time>2026-09-02T15:39:26.430Z</time>
      </trkpt>
      <trkpt lat="46.432551" lon="11.687401">
        <ele>1305.781472</ele>
        <time>2026-09-02T15:39:32.153Z</time>
      </trkpt>
      <trkpt lat="46.432364" lon="11.687129">
        <ele>1305.746566</ele>
        <time>2026-09-02T15:39:34.502Z</time>
      </trkpt>
      <trkpt lat="46.432117" lon="11.686840">
        <ele>1305.704737</ele>
        <time>2026-09-02T15:39:37.385Z</time>
      </trkpt>
      <trkpt lat="46.431972" lon="11.686646">
        <ele>1305.678736</ele>
        <time>2026-09-02T15:39:39.237Z</time>
      </trkpt>
      <trkpt lat="46.430805" lon="11.685866">
        <ele>1304.995244</ele>
        <time>2026-09-02T15:39:50.511Z</time>
      </trkpt>
      <trkpt lat="46.430465" lon="11.685750">
        <ele>1304.367489</ele>
        <time>2026-09-02T15:39:52.936Z</time>
      </trkpt>
      <trkpt lat="46.430388" lon="11.685820">
        <ele>1304.204173</ele>
        <time>2026-09-02T15:39:53.540Z</time>
      </trkpt>
      <trkpt lat="46.430362" lon="11.686036">
        <ele>1303.932548</ele>
        <time>2026-09-02T15:39:54.537Z</time>
      </trkpt>
      <trkpt lat="46.430369" lon="11.686148">
        <ele>1303.793236</ele>
        <time>2026-09-02T15:39:55.044Z</time>
      </trkpt>
      <trkpt lat="46.430354" lon="11.686202">
        <ele>1303.721114</ele>
        <time>2026-09-02T15:39:55.302Z</time>
      </trkpt>
      <trkpt lat="46.430326" lon="11.686224">
        <ele>1303.663884</ele>
        <time>2026-09-02T15:39:55.592Z</time>
      </trkpt>
      <trkpt lat="46.430221" lon="11.686269">
        <ele>1303.467105</ele>
        <time>2026-09-02T15:39:56.295Z</time>
      </trkpt>
      <trkpt lat="46.430006" lon="11.686400">
        <ele>1303.047990</ele>
        <time>2026-09-02T15:39:57.749Z</time>
      </trkpt>
      <trkpt lat="46.428907" lon="11.686923">
        <ele>1300.824373</ele>
        <time>2026-09-02T15:40:04.936Z</time>
      </trkpt>
      <trkpt lat="46.428708" lon="11.686552">
        <ele>1300.179439</ele>
        <time>2026-09-02T15:40:07.058Z</time>
      </trkpt>
      <trkpt lat="46.428678" lon="11.686506">
        <ele>1300.092559</ele>
        <time>2026-09-02T15:40:07.352Z</time>
      </trkpt>
      <trkpt lat="46.428230" lon="11.686538">
        <ele>1299.199781</ele>
        <time>2026-09-02T15:40:10.525Z</time>
      </trkpt>
      <trkpt lat="46.427626" lon="11.686483">
        <ele>1298.385647</ele>
        <time>2026-09-02T15:40:15.049Z</time>
      </trkpt>
      <trkpt lat="46.427368" lon="11.686549">
        <ele>1298.138549</ele>
        <time>2026-09-02T15:40:17.049Z</time>
      </trkpt>
      <trkpt lat="46.427297" lon="11.686219">
        <ele>1297.913800</ele>
        <time>2026-09-02T15:40:21.994Z</time>
      </trkpt>
      <trkpt lat="46.427237" lon="11.686259">
        <ele>1297.851519</ele>
        <time>2026-09-02T15:40:22.503Z</time>
      </trkpt>
      <trkpt lat="46.426983" lon="11.686560">
        <ele>1297.542184</ele>
        <time>2026-09-02T15:40:24.967Z</time>
      </trkpt>
      <trkpt lat="46.426654" lon="11.686942">
        <ele>1297.144729</ele>
        <time>2026-09-02T15:40:28.055Z</time>
      </trkpt>
      <trkpt lat="46.426435" lon="11.687079">
        <ele>1296.872385</ele>
        <time>2026-09-02T15:40:29.743Z</time>
      </trkpt>
      <trkpt lat="46.426221" lon="11.687166">
        <ele>1296.580683</ele>
        <time>2026-09-02T15:40:31.330Z</time>
      </trkpt>
      <trkpt lat="46.425971" lon="11.687214">
        <ele>1296.249689</ele>
        <time>2026-09-02T15:40:33.133Z</time>
      </trkpt>
      <trkpt lat="46.425713" lon="11.687187">
        <ele>1295.910175</ele>
        <time>2026-09-02T15:40:34.976Z</time>
      </trkpt>
      <trkpt lat="46.425431" lon="11.687087">
        <ele>1295.529144</ele>
        <time>2026-09-02T15:40:36.983Z</time>
      </trkpt>
      <trkpt lat="46.424475" lon="11.686644">
        <ele>1294.140574</ele>
        <time>2026-09-02T15:40:43.963Z</time>
      </trkpt>
      <trkpt lat="46.424348" lon="11.686194">
        <ele>1293.633603</ele>
        <time>2026-09-02T15:40:46.275Z</time>
      </trkpt>
      <trkpt lat="46.424331" lon="11.686079">
        <ele>1293.510978</ele>
        <time>2026-09-02T15:40:46.828Z</time>
      </trkpt>
      <trkpt lat="46.424249" lon="11.685987">
        <ele>1293.354187</ele>
        <time>2026-09-02T15:40:47.520Z</time>
      </trkpt>
      <trkpt lat="46.423988" lon="11.685847">
        <ele>1292.933297</ele>
        <time>2026-09-02T15:40:49.390Z</time>
      </trkpt>
      <trkpt lat="46.423634" lon="11.685790">
        <ele>1292.394575</ele>
        <time>2026-09-02T15:40:51.826Z</time>
      </trkpt>
      <trkpt lat="46.423160" lon="11.685785">
        <ele>1291.911689</ele>
        <time>2026-09-02T15:40:55.177Z</time>
      </trkpt>
      <trkpt lat="46.422740" lon="11.685590">
        <ele>1291.798449</ele>
        <time>2026-09-02T15:40:58.377Z</time>
      </trkpt>
      <trkpt lat="46.422213" lon="11.685267">
        <ele>1291.651538</ele>
        <time>2026-09-02T15:41:02.838Z</time>
      </trkpt>
      <trkpt lat="46.421790" lon="11.684954">
        <ele>1291.529602</ele>
        <time>2026-09-02T15:41:07.679Z</time>
      </trkpt>
      <trkpt lat="46.421151" lon="11.684591">
        <ele>1292.028857</ele>
        <time>2026-09-02T15:41:16.365Z</time>
      </trkpt>
      <trkpt lat="46.420291" lon="11.684030">
        <ele>1292.920170</ele>
        <time>2026-09-02T15:41:28.706Z</time>
      </trkpt>
      <trkpt lat="46.420215" lon="11.684033">
        <ele>1292.992035</ele>
        <time>2026-09-02T15:41:29.413Z</time>
      </trkpt>
      <trkpt lat="46.420210" lon="11.684064">
        <ele>1293.012780</ele>
        <time>2026-09-02T15:41:29.618Z</time>
      </trkpt>
      <trkpt lat="46.420167" lon="11.684239">
        <ele>1293.133839</ele>
        <time>2026-09-02T15:41:30.731Z</time>
      </trkpt>
      <trkpt lat="46.420111" lon="11.684359">
        <ele>1293.067741</ele>
        <time>2026-09-02T15:41:31.550Z</time>
      </trkpt>
      <trkpt lat="46.420054" lon="11.684178">
        <ele>1292.513588</ele>
        <time>2026-09-02T15:41:32.560Z</time>
      </trkpt>
      <trkpt lat="46.419748" lon="11.683471">
        <ele>1290.188843</ele>
        <time>2026-09-02T15:41:36.272Z</time>
      </trkpt>
      <trkpt lat="46.419658" lon="11.683394">
        <ele>1289.766749</ele>
        <time>2026-09-02T15:41:36.898Z</time>
      </trkpt>
      <trkpt lat="46.419156" lon="11.683330">
        <ele>1287.731025</ele>
        <time>2026-09-02T15:41:39.728Z</time>
      </trkpt>
      <trkpt lat="46.418625" lon="11.683217">
        <ele>1285.291703</ele>
        <time>2026-09-02T15:41:42.621Z</time>
      </trkpt>
      <trkpt lat="46.418424" lon="11.683145">
        <ele>1283.840279</ele>
        <time>2026-09-02T15:41:43.719Z</time>
      </trkpt>
      <trkpt lat="46.418033" lon="11.682940">
        <ele>1280.925645</ele>
        <time>2026-09-02T15:41:45.922Z</time>
      </trkpt>
      <trkpt lat="46.417711" lon="11.682701">
        <ele>1278.389928</ele>
        <time>2026-09-02T15:41:47.849Z</time>
      </trkpt>
      <trkpt lat="46.417485" lon="11.682558">
        <ele>1276.661394</ele>
        <time>2026-09-02T15:41:49.174Z</time>
      </trkpt>
      <trkpt lat="46.417314" lon="11.682513">
        <ele>1275.443043</ele>
        <time>2026-09-02T15:41:50.115Z</time>
      </trkpt>
      <trkpt lat="46.417009" lon="11.682549">
        <ele>1273.308264</ele>
        <time>2026-09-02T15:41:51.785Z</time>
      </trkpt>
      <trkpt lat="46.416558" lon="11.682781">
        <ele>1271.365808</ele>
        <time>2026-09-02T15:41:54.471Z</time>
      </trkpt>
      <trkpt lat="46.416232" lon="11.682854">
        <ele>1270.026804</ele>
        <time>2026-09-02T15:41:56.421Z</time>
      </trkpt>
      <trkpt lat="46.415997" lon="11.682741">
        <ele>1269.021820</ele>
        <time>2026-09-02T15:41:57.924Z</time>
      </trkpt>
      <trkpt lat="46.415364" lon="11.682235">
        <ele>1266.087925</ele>
        <time>2026-09-02T15:42:02.334Z</time>
      </trkpt>
      <trkpt lat="46.415039" lon="11.682088">
        <ele>1265.058054</ele>
        <time>2026-09-02T15:42:04.408Z</time>
      </trkpt>
      <trkpt lat="46.414329" lon="11.681984">
        <ele>1262.936553</ele>
        <time>2026-09-02T15:42:08.766Z</time>
      </trkpt>
      <trkpt lat="46.414135" lon="11.681922">
        <ele>1262.345975</ele>
        <time>2026-09-02T15:42:09.990Z</time>
      </trkpt>
      <trkpt lat="46.412963" lon="11.681365">
        <ele>1259.383023</ele>
        <time>2026-09-02T15:42:17.704Z</time>
      </trkpt>
      <trkpt lat="46.412235" lon="11.680955">
        <ele>1257.880185</ele>
        <time>2026-09-02T15:42:22.995Z</time>
      </trkpt>
      <trkpt lat="46.411916" lon="11.680734">
        <ele>1257.202832</ele>
        <time>2026-09-02T15:42:25.634Z</time>
      </trkpt>
      <trkpt lat="46.411564" lon="11.680265">
        <ele>1256.489713</ele>
        <time>2026-09-02T15:42:29.113Z</time>
      </trkpt>
      <trkpt lat="46.411097" lon="11.680051">
        <ele>1255.759030</ele>
        <time>2026-09-02T15:42:32.493Z</time>
      </trkpt>
      <trkpt lat="46.410468" lon="11.679656">
        <ele>1254.736412</ele>
        <time>2026-09-02T15:42:37.116Z</time>
      </trkpt>
      <trkpt lat="46.410136" lon="11.679502">
        <ele>1253.971732</ele>
        <time>2026-09-02T15:42:39.462Z</time>
      </trkpt>
      <trkpt lat="46.409626" lon="11.679155">
        <ele>1252.474757</ele>
        <time>2026-09-02T15:42:43.228Z</time>
      </trkpt>
      <trkpt lat="46.409208" lon="11.678671">
        <ele>1251.053401</ele>
        <time>2026-09-02T15:42:46.484Z</time>
      </trkpt>
      <trkpt lat="46.409005" lon="11.678317">
        <ele>1250.209773</ele>
        <time>2026-09-02T15:42:48.409Z</time>
      </trkpt>
      <trkpt lat="46.408881" lon="11.678135">
        <ele>1249.739018</ele>
        <time>2026-09-02T15:42:49.471Z</time>
      </trkpt>
      <trkpt lat="46.408700" lon="11.677941">
        <ele>1249.010906</ele>
        <time>2026-09-02T15:42:50.827Z</time>
      </trkpt>
      <trkpt lat="46.408469" lon="11.677760">
        <ele>1248.161499</ele>
        <time>2026-09-02T15:42:52.406Z</time>
      </trkpt>
      <trkpt lat="46.408176" lon="11.677619">
        <ele>1247.162788</ele>
        <time>2026-09-02T15:42:54.242Z</time>
      </trkpt>
      <trkpt lat="46.407957" lon="11.677563">
        <ele>1246.443367</ele>
        <time>2026-09-02T15:42:55.542Z</time>
      </trkpt>
      <trkpt lat="46.407478" lon="11.677539">
        <ele>1244.892816</ele>
        <time>2026-09-02T15:42:58.594Z</time>
      </trkpt>
      <trkpt lat="46.407347" lon="11.677507">
        <ele>1244.463045</ele>
        <time>2026-09-02T15:42:59.442Z</time>
      </trkpt>
      <trkpt lat="46.406740" lon="11.677240">
        <ele>1241.935531</ele>
        <time>2026-09-02T15:43:03.337Z</time>
      </trkpt>
      <trkpt lat="46.405054" lon="11.676750">
        <ele>1235.414080</ele>
        <time>2026-09-02T15:43:13.094Z</time>
      </trkpt>
      <trkpt lat="46.404497" lon="11.676624">
        <ele>1234.147188</ele>
        <time>2026-09-02T15:43:16.444Z</time>
      </trkpt>
      <trkpt lat="46.403534" lon="11.676269">
        <ele>1232.508227</ele>
        <time>2026-09-02T15:43:24.264Z</time>
      </trkpt>
      <trkpt lat="46.402256" lon="11.675339">
        <ele>1234.977570</ele>
        <time>2026-09-02T15:43:45.820Z</time>
      </trkpt>
      <trkpt lat="46.402067" lon="11.675302">
        <ele>1235.306926</ele>
        <time>2026-09-02T15:43:47.927Z</time>
      </trkpt>
      <trkpt lat="46.401933" lon="11.675220">
        <ele>1235.298286</ele>
        <time>2026-09-02T15:43:49.728Z</time>
      </trkpt>
      <trkpt lat="46.401653" lon="11.674835">
        <ele>1235.106815</ele>
        <time>2026-09-02T15:43:54.607Z</time>
      </trkpt>
      <trkpt lat="46.401243" lon="11.674388">
        <ele>1234.852279</ele>
        <time>2026-09-02T15:43:58.621Z</time>
      </trkpt>
      <trkpt lat="46.400975" lon="11.674116">
        <ele>1234.689955</ele>
        <time>2026-09-02T15:44:00.713Z</time>
      </trkpt>
      <trkpt lat="46.400411" lon="11.673623">
        <ele>1234.094043</ele>
        <time>2026-09-02T15:44:04.976Z</time>
      </trkpt>
      <trkpt lat="46.400226" lon="11.673310">
        <ele>1233.575526</ele>
        <time>2026-09-02T15:44:07.296Z</time>
      </trkpt>
      <trkpt lat="46.400118" lon="11.673235">
        <ele>1233.357115</ele>
        <time>2026-09-02T15:44:08.177Z</time>
      </trkpt>
      <trkpt lat="46.400019" lon="11.673204">
        <ele>1233.172381</ele>
        <time>2026-09-02T15:44:08.842Z</time>
      </trkpt>
      <trkpt lat="46.399316" lon="11.673194">
        <ele>1231.890078</ele>
        <time>2026-09-02T15:44:13.790Z</time>
      </trkpt>
      <trkpt lat="46.399153" lon="11.673150">
        <ele>1231.587666</ele>
        <time>2026-09-02T15:44:14.943Z</time>
      </trkpt>
      <trkpt lat="46.398778" lon="11.672969">
        <ele>1230.452127</ele>
        <time>2026-09-02T15:44:17.416Z</time>
      </trkpt>
      <trkpt lat="46.398580" lon="11.672919">
        <ele>1229.605012</ele>
        <time>2026-09-02T15:44:18.595Z</time>
      </trkpt>
      <trkpt lat="46.398487" lon="11.672868">
        <ele>1229.185929</ele>
        <time>2026-09-02T15:44:19.170Z</time>
      </trkpt>
      <trkpt lat="46.398194" lon="11.672615">
        <ele>1227.748574</ele>
        <time>2026-09-02T15:44:21.112Z</time>
      </trkpt>
      <trkpt lat="46.398084" lon="11.672444">
        <ele>1227.068844</ele>
        <time>2026-09-02T15:44:22.015Z</time>
      </trkpt>
      <trkpt lat="46.398050" lon="11.672308">
        <ele>1226.648347</ele>
        <time>2026-09-02T15:44:22.571Z</time>
      </trkpt>
      <trkpt lat="46.398041" lon="11.672132">
        <ele>1226.135347</ele>
        <time>2026-09-02T15:44:23.249Z</time>
      </trkpt>
      <trkpt lat="46.397892" lon="11.672047">
        <ele>1225.460469</ele>
        <time>2026-09-02T15:44:24.143Z</time>
      </trkpt>
      <trkpt lat="46.397519" lon="11.671925">
        <ele>1223.848804</ele>
        <time>2026-09-02T15:44:26.270Z</time>
      </trkpt>
      <trkpt lat="46.396517" lon="11.671326">
        <ele>1220.848564</ele>
        <time>2026-09-02T15:44:33.086Z</time>
      </trkpt>
      <trkpt lat="46.396380" lon="11.671212">
        <ele>1220.424358</ele>
        <time>2026-09-02T15:44:34.505Z</time>
      </trkpt>
      <trkpt lat="46.396212" lon="11.670823">
        <ele>1219.574261</ele>
        <time>2026-09-02T15:44:36.778Z</time>
      </trkpt>
      <trkpt lat="46.396119" lon="11.670687">
        <ele>1219.219535</ele>
        <time>2026-09-02T15:44:37.587Z</time>
      </trkpt>
      <trkpt lat="46.395665" lon="11.670286">
        <ele>1217.447592</ele>
        <time>2026-09-02T15:44:40.826Z</time>
      </trkpt>
      <trkpt lat="46.395502" lon="11.670109">
        <ele>1216.708500</ele>
        <time>2026-09-02T15:44:42.052Z</time>
      </trkpt>
      <trkpt lat="46.395498" lon="11.669983">
        <ele>1216.392779</ele>
        <time>2026-09-02T15:44:42.559Z</time>
      </trkpt>
      <trkpt lat="46.395593" lon="11.669763">
        <ele>1215.743070</ele>
        <time>2026-09-02T15:44:44.117Z</time>
      </trkpt>
      <trkpt lat="46.395645" lon="11.669583">
        <ele>1215.254588</ele>
        <time>2026-09-02T15:44:44.938Z</time>
      </trkpt>
      <trkpt lat="46.395633" lon="11.669533">
        <ele>1215.122073</ele>
        <time>2026-09-02T15:44:45.161Z</time>
      </trkpt>
      <trkpt lat="46.395426" lon="11.669342">
        <ele>1214.231579</ele>
        <time>2026-09-02T15:44:46.595Z</time>
      </trkpt>
      <trkpt lat="46.395375" lon="11.669253">
        <ele>1213.941943</ele>
        <time>2026-09-02T15:44:47.059Z</time>
      </trkpt>
      <trkpt lat="46.395330" lon="11.669093">
        <ele>1213.509430</ele>
        <time>2026-09-02T15:44:47.726Z</time>
      </trkpt>
      <trkpt lat="46.395233" lon="11.668292">
        <ele>1211.495608</ele>
        <time>2026-09-02T15:44:50.917Z</time>
      </trkpt>
      <trkpt lat="46.395156" lon="11.667978">
        <ele>1210.685078</ele>
        <time>2026-09-02T15:44:52.351Z</time>
      </trkpt>
      <trkpt lat="46.394795" lon="11.667428">
        <ele>1208.838438</ele>
        <time>2026-09-02T15:44:55.505Z</time>
      </trkpt>
      <trkpt lat="46.394539" lon="11.667113">
        <ele>1207.654391</ele>
        <time>2026-09-02T15:44:57.525Z</time>
      </trkpt>
      <trkpt lat="46.394059" lon="11.666707">
        <ele>1205.821538</ele>
        <time>2026-09-02T15:45:02.343Z</time>
      </trkpt>
      <trkpt lat="46.393629" lon="11.666448">
        <ele>1205.190034</ele>
        <time>2026-09-02T15:45:06.451Z</time>
      </trkpt>
      <trkpt lat="46.393352" lon="11.666315">
        <ele>1204.794291</ele>
        <time>2026-09-02T15:45:08.343Z</time>
      </trkpt>
      <trkpt lat="46.393022" lon="11.666180">
        <ele>1204.329256</ele>
        <time>2026-09-02T15:45:10.760Z</time>
      </trkpt>
      <trkpt lat="46.392554" lon="11.665797">
        <ele>1203.600404</ele>
        <time>2026-09-02T15:45:15.337Z</time>
      </trkpt>
      <trkpt lat="46.392166" lon="11.665479">
        <ele>1204.911979</ele>
        <time>2026-09-02T15:45:20.333Z</time>
      </trkpt>
      <trkpt lat="46.391875" lon="11.665276">
        <ele>1206.276854</ele>
        <time>2026-09-02T15:45:25.123Z</time>
      </trkpt>
      <trkpt lat="46.391730" lon="11.665210">
        <ele>1206.919190</ele>
        <time>2026-09-02T15:45:27.867Z</time>
      </trkpt>
      <trkpt lat="46.391588" lon="11.665208">
        <ele>1207.519384</ele>
        <time>2026-09-02T15:45:30.787Z</time>
      </trkpt>
      <trkpt lat="46.391146" lon="11.665351">
        <ele>1209.433450</ele>
        <time>2026-09-02T15:45:41.358Z</time>
      </trkpt>
      <trkpt lat="46.390932" lon="11.665300">
        <ele>1210.350062</ele>
        <time>2026-09-02T15:45:46.803Z</time>
      </trkpt>
      <trkpt lat="46.390833" lon="11.665216">
        <ele>1210.834874</ele>
        <time>2026-09-02T15:45:49.708Z</time>
      </trkpt>
      <trkpt lat="46.390803" lon="11.665138">
        <ele>1211.113971</ele>
        <time>2026-09-02T15:45:51.285Z</time>
      </trkpt>
      <trkpt lat="46.390761" lon="11.664838">
        <ele>1212.532062</ele>
        <time>2026-09-02T15:45:56.884Z</time>
      </trkpt>
      <trkpt lat="46.390643" lon="11.664619">
        <ele>1213.819444</ele>
        <time>2026-09-02T15:46:02.260Z</time>
      </trkpt>
      <trkpt lat="46.389711" lon="11.664488">
        <ele>1220.108425</ele>
        <time>2026-09-02T15:46:28.240Z</time>
      </trkpt>
      <trkpt lat="46.389520" lon="11.664525">
        <ele>1221.402648</ele>
        <time>2026-09-02T15:46:32.721Z</time>
      </trkpt>
      <trkpt lat="46.388777" lon="11.664789">
        <ele>1223.918309</ele>
        <time>2026-09-02T15:46:47.471Z</time>
      </trkpt>
      <trkpt lat="46.388510" lon="11.664816">
        <ele>1224.328230</ele>
        <time>2026-09-02T15:46:51.341Z</time>
      </trkpt>
      <trkpt lat="46.388203" lon="11.664690">
        <ele>1224.816899</ele>
        <time>2026-09-02T15:46:54.976Z</time>
      </trkpt>
      <trkpt lat="46.387992" lon="11.664654">
        <ele>1225.142289</ele>
        <time>2026-09-02T15:46:56.902Z</time>
      </trkpt>
      <trkpt lat="46.387892" lon="11.664711">
        <ele>1225.306858</ele>
        <time>2026-09-02T15:46:57.781Z</time>
      </trkpt>
      <trkpt lat="46.387727" lon="11.664986">
        <ele>1225.691907</ele>
        <time>2026-09-02T15:46:59.642Z</time>
      </trkpt>
      <trkpt lat="46.387677" lon="11.665003">
        <ele>1225.770563</ele>
        <time>2026-09-02T15:47:00.003Z</time>
      </trkpt>
      <trkpt lat="46.387526" lon="11.664962">
        <ele>1225.767302</ele>
        <time>2026-09-02T15:47:01.042Z</time>
      </trkpt>
      <trkpt lat="46.387131" lon="11.664678">
        <ele>1224.942859</ele>
        <time>2026-09-02T15:47:03.878Z</time>
      </trkpt>
      <trkpt lat="46.386695" lon="11.664202">
        <ele>1223.922276</ele>
        <time>2026-09-02T15:47:07.384Z</time>
      </trkpt>
      <trkpt lat="46.386435" lon="11.664032">
        <ele>1223.388950</ele>
        <time>2026-09-02T15:47:09.271Z</time>
      </trkpt>
      <trkpt lat="46.386224" lon="11.663894">
        <ele>1222.956115</ele>
        <time>2026-09-02T15:47:10.841Z</time>
      </trkpt>
      <trkpt lat="46.385893" lon="11.663486">
        <ele>1221.958649</ele>
        <time>2026-09-02T15:47:13.861Z</time>
      </trkpt>
      <trkpt lat="46.385761" lon="11.663394">
        <ele>1221.555331</ele>
        <time>2026-09-02T15:47:14.896Z</time>
      </trkpt>
      <trkpt lat="46.384839" lon="11.662971">
        <ele>1218.892291</ele>
        <time>2026-09-02T15:47:21.347Z</time>
      </trkpt>
      <trkpt lat="46.384393" lon="11.662957">
        <ele>1217.663843</ele>
        <time>2026-09-02T15:47:23.941Z</time>
      </trkpt>
      <trkpt lat="46.383967" lon="11.662866">
        <ele>1214.469100</ele>
        <time>2026-09-02T15:47:26.310Z</time>
      </trkpt>
      <trkpt lat="46.383811" lon="11.662991">
        <ele>1213.085195</ele>
        <time>2026-09-02T15:47:27.269Z</time>
      </trkpt>
      <trkpt lat="46.383703" lon="11.663468">
        <ele>1210.396368</ele>
        <time>2026-09-02T15:47:29.103Z</time>
      </trkpt>
      <trkpt lat="46.383662" lon="11.663538">
        <ele>1209.904546</ele>
        <time>2026-09-02T15:47:29.435Z</time>
      </trkpt>
      <trkpt lat="46.383588" lon="11.663577">
        <ele>1209.293213</ele>
        <time>2026-09-02T15:47:29.847Z</time>
      </trkpt>
      <trkpt lat="46.383387" lon="11.663576">
        <ele>1207.732628</ele>
        <time>2026-09-02T15:47:30.888Z</time>
      </trkpt>
      <trkpt lat="46.382983" lon="11.663485">
        <ele>1204.558307</ele>
        <time>2026-09-02T15:47:33.006Z</time>
      </trkpt>
      <trkpt lat="46.382830" lon="11.663498">
        <ele>1203.466579</ele>
        <time>2026-09-02T15:47:33.799Z</time>
      </trkpt>
      <trkpt lat="46.382323" lon="11.663890">
        <ele>1200.764223</ele>
        <time>2026-09-02T15:47:36.803Z</time>
      </trkpt>
      <trkpt lat="46.382162" lon="11.663940">
        <ele>1199.989866</ele>
        <time>2026-09-02T15:47:37.681Z</time>
      </trkpt>
      <trkpt lat="46.381861" lon="11.663846">
        <ele>1198.541799</ele>
        <time>2026-09-02T15:47:39.387Z</time>
      </trkpt>
      <trkpt lat="46.381452" lon="11.663817">
        <ele>1196.615991</ele>
        <time>2026-09-02T15:47:41.956Z</time>
      </trkpt>
      <trkpt lat="46.381216" lon="11.663668">
        <ele>1195.405389</ele>
        <time>2026-09-02T15:47:44.645Z</time>
      </trkpt>
      <trkpt lat="46.380837" lon="11.663133">
        <ele>1196.307081</ele>
        <time>2026-09-02T15:47:55.685Z</time>
      </trkpt>
      <trkpt lat="46.380628" lon="11.662152">
        <ele>1198.014252</ele>
        <time>2026-09-02T15:48:12.040Z</time>
      </trkpt>
      <trkpt lat="46.380473" lon="11.661978">
        <ele>1198.486773</ele>
        <time>2026-09-02T15:48:16.232Z</time>
      </trkpt>
      <trkpt lat="46.379684" lon="11.661353">
        <ele>1197.793798</ele>
        <time>2026-09-02T15:48:27.691Z</time>
      </trkpt>
      <trkpt lat="46.379350" lon="11.661088">
        <ele>1196.449099</ele>
        <time>2026-09-02T15:48:30.793Z</time>
      </trkpt>
      <trkpt lat="46.379283" lon="11.660918">
        <ele>1195.972088</ele>
        <time>2026-09-02T15:48:31.875Z</time>
      </trkpt>
      <trkpt lat="46.379237" lon="11.660873">
        <ele>1195.776099</ele>
        <time>2026-09-02T15:48:32.321Z</time>
      </trkpt>
      <trkpt lat="46.379175" lon="11.660913">
        <ele>1195.536430</ele>
        <time>2026-09-02T15:48:32.864Z</time>
      </trkpt>
      <trkpt lat="46.379114" lon="11.660881">
        <ele>1195.307327</ele>
        <time>2026-09-02T15:48:33.382Z</time>
      </trkpt>
      <trkpt lat="46.379048" lon="11.660714">
        <ele>1194.838413</ele>
        <time>2026-09-02T15:48:34.452Z</time>
      </trkpt>
      <trkpt lat="46.378943" lon="11.660166">
        <ele>1193.452722</ele>
        <time>2026-09-02T15:48:37.619Z</time>
      </trkpt>
      <trkpt lat="46.378878" lon="11.659969">
        <ele>1192.750995</ele>
        <time>2026-09-02T15:48:38.825Z</time>
      </trkpt>
      <trkpt lat="46.378710" lon="11.659608">
        <ele>1190.875198</ele>
        <time>2026-09-02T15:48:41.186Z</time>
      </trkpt>
      <trkpt lat="46.378328" lon="11.658908">
        <ele>1187.030496</ele>
        <time>2026-09-02T15:48:45.984Z</time>
      </trkpt>
      <trkpt lat="46.378169" lon="11.658562">
        <ele>1185.239648</ele>
        <time>2026-09-02T15:48:48.217Z</time>
      </trkpt>
      <trkpt lat="46.377962" lon="11.658252">
        <ele>1183.381193</ele>
        <time>2026-09-02T15:48:50.531Z</time>
      </trkpt>
      <trkpt lat="46.377888" lon="11.658138">
        <ele>1182.706911</ele>
        <time>2026-09-02T15:48:51.368Z</time>
      </trkpt>
      <trkpt lat="46.377410" lon="11.658397">
        <ele>1179.853855</ele>
        <time>2026-09-02T15:48:55.319Z</time>
      </trkpt>
      <trkpt lat="46.377258" lon="11.658581">
        <ele>1178.789733</ele>
        <time>2026-09-02T15:48:56.876Z</time>
      </trkpt>
      <trkpt lat="46.377197" lon="11.658707">
        <ele>1178.219105</ele>
        <time>2026-09-02T15:48:57.709Z</time>
      </trkpt>
      <trkpt lat="46.377065" lon="11.659108">
        <ele>1176.572004</ele>
        <time>2026-09-02T15:49:00.157Z</time>
      </trkpt>
      <trkpt lat="46.377017" lon="11.659016">
        <ele>1176.144403</ele>
        <time>2026-09-02T15:49:00.802Z</time>
      </trkpt>
      <trkpt lat="46.376978" lon="11.658784">
        <ele>1175.259184</ele>
        <time>2026-09-02T15:49:02.121Z</time>
      </trkpt>
      <trkpt lat="46.376837" lon="11.658440">
        <ele>1173.775842</ele>
        <time>2026-09-02T15:49:04.377Z</time>
      </trkpt>
      <trkpt lat="46.376633" lon="11.658606">
        <ele>1172.518749</ele>
        <time>2026-09-02T15:49:06.319Z</time>
      </trkpt>
      <trkpt lat="46.376625" lon="11.658461">
        <ele>1172.087122</ele>
        <time>2026-09-02T15:49:07.178Z</time>
      </trkpt>
      <trkpt lat="46.376207" lon="11.658701">
        <ele>1170.646485</ele>
        <time>2026-09-02T15:49:11.055Z</time>
      </trkpt>
      <trkpt lat="46.375683" lon="11.658124">
        <ele>1168.537878</ele>
        <time>2026-09-02T15:49:14.992Z</time>
      </trkpt>
      <trkpt lat="46.375090" lon="11.657486">
        <ele>1166.258548</ele>
        <time>2026-09-02T15:49:19.761Z</time>
      </trkpt>
      <trkpt lat="46.374556" lon="11.656880">
        <ele>1164.693148</ele>
        <time>2026-09-02T15:49:24.029Z</time>
      </trkpt>
      <trkpt lat="46.373923" lon="11.656176">
        <ele>1162.851524</ele>
        <time>2026-09-02T15:49:29.042Z</time>
      </trkpt>
      <trkpt lat="46.373568" lon="11.655784">
        <ele>1162.165997</ele>
        <time>2026-09-02T15:49:32.012Z</time>
      </trkpt>
      <trkpt lat="46.373181" lon="11.655344">
        <ele>1161.797980</ele>
        <time>2026-09-02T15:49:36.430Z</time>
      </trkpt>
      <trkpt lat="46.372953" lon="11.655090">
        <ele>1161.582817</ele>
        <time>2026-09-02T15:49:39.047Z</time>
      </trkpt>
      <trkpt lat="46.372690" lon="11.654807">
        <ele>1161.337734</ele>
        <time>2026-09-02T15:49:42.049Z</time>
      </trkpt>
      <trkpt lat="46.372551" lon="11.654658">
        <ele>1161.208379</ele>
        <time>2026-09-02T15:49:43.625Z</time>
      </trkpt>
      <trkpt lat="46.372375" lon="11.654469">
        <ele>1161.044486</ele>
        <time>2026-09-02T15:49:45.452Z</time>
      </trkpt>
      <trkpt lat="46.372241" lon="11.654377">
        <ele>1160.783176</ele>
        <time>2026-09-02T15:49:46.596Z</time>
      </trkpt>
      <trkpt lat="46.372177" lon="11.654333">
        <ele>1160.576801</ele>
        <time>2026-09-02T15:49:47.087Z</time>
      </trkpt>
      <trkpt lat="46.370964" lon="11.653667">
        <ele>1156.797685</ele>
        <time>2026-09-02T15:49:54.918Z</time>
      </trkpt>
      <trkpt lat="46.370629" lon="11.653412">
        <ele>1155.692074</ele>
        <time>2026-09-02T15:49:57.152Z</time>
      </trkpt>
      <trkpt lat="46.369823" lon="11.652681">
        <ele>1152.745921</ele>
        <time>2026-09-02T15:50:02.879Z</time>
      </trkpt>
      <trkpt lat="46.368939" lon="11.651878">
        <ele>1149.703903</ele>
        <time>2026-09-02T15:50:09.376Z</time>
      </trkpt>
      <trkpt lat="46.368001" lon="11.651025">
        <ele>1147.265793</ele>
        <time>2026-09-02T15:50:16.583Z</time>
      </trkpt>
      <trkpt lat="46.367012" lon="11.650133">
        <ele>1145.022089</ele>
        <time>2026-09-02T15:50:24.304Z</time>
      </trkpt>
      <trkpt lat="46.366119" lon="11.649328">
        <ele>1143.198619</ele>
        <time>2026-09-02T15:50:31.432Z</time>
      </trkpt>
      <trkpt lat="46.366074" lon="11.649423">
        <ele>1143.068165</ele>
        <time>2026-09-02T15:50:31.993Z</time>
      </trkpt>
      <trkpt lat="46.365977" lon="11.649560">
        <ele>1142.886781</ele>
        <time>2026-09-02T15:50:32.944Z</time>
      </trkpt>
      <trkpt lat="46.365912" lon="11.649592">
        <ele>1142.794852</ele>
        <time>2026-09-02T15:50:33.434Z</time>
      </trkpt>
      <trkpt lat="46.365594" lon="11.649107">
        <ele>1142.176624</ele>
        <time>2026-09-02T15:50:36.719Z</time>
      </trkpt>
      <trkpt lat="46.365485" lon="11.649028">
        <ele>1142.013420</ele>
        <time>2026-09-02T15:50:37.591Z</time>
      </trkpt>
      <trkpt lat="46.365095" lon="11.648887">
        <ele>1141.475149</ele>
        <time>2026-09-02T15:50:40.471Z</time>
      </trkpt>
      <trkpt lat="46.364430" lon="11.648567">
        <ele>1140.512293</ele>
        <time>2026-09-02T15:50:45.427Z</time>
      </trkpt>
      <trkpt lat="46.363522" lon="11.647783">
        <ele>1138.862206</ele>
        <time>2026-09-02T15:50:52.635Z</time>
      </trkpt>
      <trkpt lat="46.363161" lon="11.647389">
        <ele>1138.156659</ele>
        <time>2026-09-02T15:50:55.702Z</time>
      </trkpt>
      <trkpt lat="46.362297" lon="11.646222">
        <ele>1136.467148</ele>
        <time>2026-09-02T15:51:03.752Z</time>
      </trkpt>
      <trkpt lat="46.361468" lon="11.645250">
        <ele>1135.221152</ele>
        <time>2026-09-02T15:51:11.294Z</time>
      </trkpt>
      <trkpt lat="46.360457" lon="11.644315">
        <ele>1134.665723</ele>
        <time>2026-09-02T15:51:21.672Z</time>
      </trkpt>
      <trkpt lat="46.359579" lon="11.643546">
        <ele>1134.740208</ele>
        <time>2026-09-02T15:51:29.754Z</time>
      </trkpt>
      <trkpt lat="46.358943" lon="11.642883">
        <ele>1134.995874</ele>
        <time>2026-09-02T15:51:36.380Z</time>
      </trkpt>
      <trkpt lat="46.358854" lon="11.642847">
        <ele>1135.026027</ele>
        <time>2026-09-02T15:51:37.542Z</time>
      </trkpt>
      <trkpt lat="46.358705" lon="11.642857">
        <ele>1135.074701</ele>
        <time>2026-09-02T15:51:39.674Z</time>
      </trkpt>
      <trkpt lat="46.358581" lon="11.643049">
        <ele>1135.357142</ele>
        <time>2026-09-02T15:51:42.607Z</time>
      </trkpt>
      <trkpt lat="46.358405" lon="11.643416">
        <ele>1136.119219</ele>
        <time>2026-09-02T15:51:47.607Z</time>
      </trkpt>
      <trkpt lat="46.358309" lon="11.643561">
        <ele>1136.461858</ele>
        <time>2026-09-02T15:51:49.708Z</time>
      </trkpt>
      <trkpt lat="46.358231" lon="11.643553">
        <ele>1136.655066</ele>
        <time>2026-09-02T15:51:50.903Z</time>
      </trkpt>
      <trkpt lat="46.358173" lon="11.643512">
        <ele>1136.814520</ele>
        <time>2026-09-02T15:51:51.901Z</time>
      </trkpt>
      <trkpt lat="46.357729" lon="11.643085">
        <ele>1138.131227</ele>
        <time>2026-09-02T15:52:01.300Z</time>
      </trkpt>
      <trkpt lat="46.357387" lon="11.642595">
        <ele>1139.319614</ele>
        <time>2026-09-02T15:52:08.995Z</time>
      </trkpt>
      <trkpt lat="46.357318" lon="11.642466">
        <ele>1139.526755</ele>
        <time>2026-09-02T15:52:10.460Z</time>
      </trkpt>
      <trkpt lat="46.356869" lon="11.641151">
        <ele>1138.719724</ele>
        <time>2026-09-02T15:52:18.567Z</time>
      </trkpt>
      <trkpt lat="46.356778" lon="11.640947">
        <ele>1138.586110</ele>
        <time>2026-09-02T15:52:19.800Z</time>
      </trkpt>
      <trkpt lat="46.356467" lon="11.640493">
        <ele>1138.234244</ele>
        <time>2026-09-02T15:52:22.746Z</time>
      </trkpt>
      <trkpt lat="46.356122" lon="11.639935">
        <ele>1137.006616</ele>
        <time>2026-09-02T15:52:25.944Z</time>
      </trkpt>
      <trkpt lat="46.355597" lon="11.639083">
        <ele>1134.601735</ele>
        <time>2026-09-02T15:52:30.642Z</time>
      </trkpt>
      <trkpt lat="46.355169" lon="11.638104">
        <ele>1132.181229</ele>
        <time>2026-09-02T15:52:35.528Z</time>
      </trkpt>
      <trkpt lat="46.355040" lon="11.637685">
        <ele>1131.256191</ele>
        <time>2026-09-02T15:52:37.577Z</time>
      </trkpt>
      <trkpt lat="46.354987" lon="11.637414">
        <ele>1130.688281</ele>
        <time>2026-09-02T15:52:38.841Z</time>
      </trkpt>
      <trkpt lat="46.354939" lon="11.636961">
        <ele>1129.764229</ele>
        <time>2026-09-02T15:52:40.863Z</time>
      </trkpt>
      <trkpt lat="46.354920" lon="11.636345">
        <ele>1128.520991</ele>
        <time>2026-09-02T15:52:43.485Z</time>
      </trkpt>
      <trkpt lat="46.354889" lon="11.636240">
        <ele>1128.290731</ele>
        <time>2026-09-02T15:52:43.960Z</time>
      </trkpt>
      <trkpt lat="46.354769" lon="11.635970">
        <ele>1127.643243</ele>
        <time>2026-09-02T15:52:45.274Z</time>
      </trkpt>
      <trkpt lat="46.354642" lon="11.635573">
        <ele>1126.818744</ele>
        <time>2026-09-02T15:52:47.065Z</time>
      </trkpt>
      <trkpt lat="46.354509" lon="11.635253">
        <ele>1126.137124</ele>
        <time>2026-09-02T15:52:48.608Z</time>
      </trkpt>
      <trkpt lat="46.354343" lon="11.634950">
        <ele>1125.431212</ele>
        <time>2026-09-02T15:52:50.214Z</time>
      </trkpt>
      <trkpt lat="46.354104" lon="11.634678">
        <ele>1124.627710</ele>
        <time>2026-09-02T15:52:52.084Z</time>
      </trkpt>
      <trkpt lat="46.353499" lon="11.633942">
        <ele>1122.589781</ele>
        <time>2026-09-02T15:52:57.331Z</time>
      </trkpt>
      <trkpt lat="46.352591" lon="11.633240">
        <ele>1121.716595</ele>
        <time>2026-09-02T15:53:04.767Z</time>
      </trkpt>
      <trkpt lat="46.352505" lon="11.633144">
        <ele>1121.624486</ele>
        <time>2026-09-02T15:53:05.559Z</time>
      </trkpt>
      <trkpt lat="46.352282" lon="11.632787">
        <ele>1121.342526</ele>
        <time>2026-09-02T15:53:08.118Z</time>
      </trkpt>
      <trkpt lat="46.352157" lon="11.632653">
        <ele>1121.210599</ele>
        <time>2026-09-02T15:53:09.445Z</time>
      </trkpt>
      <trkpt lat="46.351841" lon="11.632459">
        <ele>1121.122453</ele>
        <time>2026-09-02T15:53:12.669Z</time>
      </trkpt>
      <trkpt lat="46.351430" lon="11.632441">
        <ele>1121.194463</ele>
        <time>2026-09-02T15:53:16.964Z</time>
      </trkpt>
      <trkpt lat="46.351312" lon="11.632404">
        <ele>1121.215607</ele>
        <time>2026-09-02T15:53:18.214Z</time>
      </trkpt>
      <trkpt lat="46.351258" lon="11.632388">
        <ele>1121.225260</ele>
        <time>2026-09-02T15:53:18.804Z</time>
      </trkpt>
      <trkpt lat="46.350605" lon="11.631846">
        <ele>1121.357056</ele>
        <time>2026-09-02T15:53:27.208Z</time>
      </trkpt>
      <trkpt lat="46.349975" lon="11.630855">
        <ele>1120.352729</ele>
        <time>2026-09-02T15:53:33.708Z</time>
      </trkpt>
      <trkpt lat="46.349566" lon="11.630382">
        <ele>1119.531713</ele>
        <time>2026-09-02T15:53:37.188Z</time>
      </trkpt>
      <trkpt lat="46.349489" lon="11.630237">
        <ele>1119.333603</ele>
        <time>2026-09-02T15:53:38.109Z</time>
      </trkpt>
      <trkpt lat="46.349453" lon="11.630076">
        <ele>1119.150338</ele>
        <time>2026-09-02T15:53:38.922Z</time>
      </trkpt>
      <trkpt lat="46.349425" lon="11.629726">
        <ele>1118.768788</ele>
        <time>2026-09-02T15:53:54.182Z</time>
      </trkpt>
      <trkpt lat="46.349400" lon="11.629656">
        <ele>1118.683440</ele>
        <time>2026-09-02T15:53:54.545Z</time>
      </trkpt>
      <trkpt lat="46.349137" lon="11.629692">
        <ele>1117.891612</ele>
        <time>2026-09-02T15:53:56.204Z</time>
      </trkpt>
      <trkpt lat="46.349030" lon="11.629679">
        <ele>1117.519369</ele>
        <time>2026-09-02T15:53:56.897Z</time>
      </trkpt>
      <trkpt lat="46.348774" lon="11.629601">
        <ele>1116.612468</ele>
        <time>2026-09-02T15:53:58.546Z</time>
      </trkpt>
      <trkpt lat="46.348683" lon="11.629550">
        <ele>1116.274212</ele>
        <time>2026-09-02T15:53:59.156Z</time>
      </trkpt>
      <trkpt lat="46.348628" lon="11.629520">
        <ele>1116.070474</ele>
        <time>2026-09-02T15:53:59.538Z</time>
      </trkpt>
      <trkpt lat="46.348506" lon="11.629421">
        <ele>1115.585702</ele>
        <time>2026-09-02T15:54:00.423Z</time>
      </trkpt>
      <trkpt lat="46.348265" lon="11.629142">
        <ele>1114.516224</ele>
        <time>2026-09-02T15:54:02.339Z</time>
      </trkpt>
      <trkpt lat="46.348049" lon="11.628876">
        <ele>1113.533419</ele>
        <time>2026-09-02T15:54:03.961Z</time>
      </trkpt>
      <trkpt lat="46.347891" lon="11.628569">
        <ele>1112.617046</ele>
        <time>2026-09-02T15:54:05.416Z</time>
      </trkpt>
      <trkpt lat="46.347741" lon="11.627829">
        <ele>1110.616506</ele>
        <time>2026-09-02T15:54:08.384Z</time>
      </trkpt>
      <trkpt lat="46.347694" lon="11.627795">
        <ele>1110.416459</ele>
        <time>2026-09-02T15:54:08.688Z</time>
      </trkpt>
      <trkpt lat="46.347510" lon="11.627189">
        <ele>1108.676259</ele>
        <time>2026-09-02T15:54:11.330Z</time>
      </trkpt>
      <trkpt lat="46.347508" lon="11.626827">
        <ele>1107.724685</ele>
        <time>2026-09-02T15:54:12.814Z</time>
      </trkpt>
      <trkpt lat="46.347369" lon="11.626058">
        <ele>1105.635160</ele>
        <time>2026-09-02T15:54:16.282Z</time>
      </trkpt>
      <trkpt lat="46.347294" lon="11.625770">
        <ele>1105.229082</ele>
        <time>2026-09-02T15:54:17.722Z</time>
      </trkpt>
      <trkpt lat="46.347207" lon="11.625674">
        <ele>1105.063026</ele>
        <time>2026-09-02T15:54:18.481Z</time>
      </trkpt>
      <trkpt lat="46.346987" lon="11.625642">
        <ele>1104.727303</ele>
        <time>2026-09-02T15:54:20.045Z</time>
      </trkpt>
      <trkpt lat="46.346916" lon="11.625567">
        <ele>1104.593881</ele>
        <time>2026-09-02T15:54:20.664Z</time>
      </trkpt>
      <trkpt lat="46.346912" lon="11.625475">
        <ele>1104.497262</ele>
        <time>2026-09-02T15:54:21.111Z</time>
      </trkpt>
      <trkpt lat="46.346964" lon="11.625264">
        <ele>1104.262437</ele>
        <time>2026-09-02T15:54:22.194Z</time>
      </trkpt>
      <trkpt lat="46.347177" lon="11.624396">
        <ele>1103.296892</ele>
        <time>2026-09-02T15:54:26.658Z</time>
      </trkpt>
      <trkpt lat="46.347177" lon="11.624262">
        <ele>1103.156444</ele>
        <time>2026-09-02T15:54:27.317Z</time>
      </trkpt>
      <trkpt lat="46.346918" lon="11.624192">
        <ele>1102.760093</ele>
        <time>2026-09-02T15:54:29.167Z</time>
      </trkpt>
      <trkpt lat="46.346782" lon="11.624142">
        <ele>1102.635143</ele>
        <time>2026-09-02T15:54:30.566Z</time>
      </trkpt>
      <trkpt lat="46.346566" lon="11.623883">
        <ele>1102.385447</ele>
        <time>2026-09-02T15:54:33.385Z</time>
      </trkpt>
      <trkpt lat="46.346447" lon="11.623694">
        <ele>1102.228195</ele>
        <time>2026-09-02T15:54:35.162Z</time>
      </trkpt>
      <trkpt lat="46.346275" lon="11.623115">
        <ele>1101.840711</ele>
        <time>2026-09-02T15:54:39.563Z</time>
      </trkpt>
      <trkpt lat="46.346187" lon="11.622928">
        <ele>1101.701587</ele>
        <time>2026-09-02T15:54:41.189Z</time>
      </trkpt>
      <trkpt lat="46.345501" lon="11.622029">
        <ele>1101.572196</ele>
        <time>2026-09-02T15:54:51.729Z</time>
      </trkpt>
      <trkpt lat="46.345068" lon="11.621397">
        <ele>1102.354761</ele>
        <time>2026-09-02T15:55:00.333Z</time>
      </trkpt>
      <trkpt lat="46.344795" lon="11.621148">
        <ele>1102.765482</ele>
        <time>2026-09-02T15:55:05.517Z</time>
      </trkpt>
      <trkpt lat="46.344321" lon="11.620450">
        <ele>1103.771948</ele>
        <time>2026-09-02T15:55:17.949Z</time>
      </trkpt>
      <trkpt lat="46.343434" lon="11.618803">
        <ele>1107.161351</ele>
        <time>2026-09-02T15:55:46.171Z</time>
      </trkpt>
      <trkpt lat="46.343114" lon="11.618030">
        <ele>1107.298023</ele>
        <time>2026-09-02T15:55:53.732Z</time>
      </trkpt>
      <trkpt lat="46.343036" lon="11.617712">
        <ele>1107.075515</ele>
        <time>2026-09-02T15:55:55.992Z</time>
      </trkpt>
      <trkpt lat="46.342994" lon="11.617067">
        <ele>1106.648359</ele>
        <time>2026-09-02T15:56:00.287Z</time>
      </trkpt>
      <trkpt lat="46.342953" lon="11.616795">
        <ele>1106.464796</ele>
        <time>2026-09-02T15:56:02.261Z</time>
      </trkpt>
      <trkpt lat="46.342835" lon="11.616522">
        <ele>1106.252428</ele>
        <time>2026-09-02T15:56:04.657Z</time>
      </trkpt>
      <trkpt lat="46.342561" lon="11.616373">
        <ele>1105.972903</ele>
        <time>2026-09-02T15:56:07.798Z</time>
      </trkpt>
      <trkpt lat="46.341824" lon="11.615853">
        <ele>1102.372202</ele>
        <time>2026-09-02T15:56:15.179Z</time>
      </trkpt>
      <trkpt lat="46.341657" lon="11.615492">
        <ele>1101.041653</ele>
        <time>2026-09-02T15:56:17.675Z</time>
      </trkpt>
      <trkpt lat="46.341499" lon="11.614688">
        <ele>1098.482114</ele>
        <time>2026-09-02T15:56:22.213Z</time>
      </trkpt>
      <trkpt lat="46.341324" lon="11.614319">
        <ele>1096.628074</ele>
        <time>2026-09-02T15:56:24.533Z</time>
      </trkpt>
      <trkpt lat="46.340922" lon="11.613911">
        <ele>1093.247950</ele>
        <time>2026-09-02T15:56:28.170Z</time>
      </trkpt>
      <trkpt lat="46.340559" lon="11.613301">
        <ele>1089.419374</ele>
        <time>2026-09-02T15:56:32.487Z</time>
      </trkpt>
      <trkpt lat="46.340437" lon="11.613149">
        <ele>1088.311244</ele>
        <time>2026-09-02T15:56:33.785Z</time>
      </trkpt>
      <trkpt lat="46.340108" lon="11.612916">
        <ele>1085.789404</ele>
        <time>2026-09-02T15:56:36.723Z</time>
      </trkpt>
      <trkpt lat="46.339779" lon="11.612897">
        <ele>1084.303635</ele>
        <time>2026-09-02T15:56:39.307Z</time>
      </trkpt>
      <trkpt lat="46.339536" lon="11.612764">
        <ele>1083.187595</ele>
        <time>2026-09-02T15:56:41.307Z</time>
      </trkpt>
      <trkpt lat="46.339149" lon="11.612685">
        <ele>1081.508506</ele>
        <time>2026-09-02T15:56:44.364Z</time>
      </trkpt>
      <trkpt lat="46.338789" lon="11.612380">
        <ele>1079.716699</ele>
        <time>2026-09-02T15:56:47.898Z</time>
      </trkpt>
      <trkpt lat="46.338584" lon="11.612207">
        <ele>1078.697381</ele>
        <time>2026-09-02T15:56:50.043Z</time>
      </trkpt>
      <trkpt lat="46.338352" lon="11.611961">
        <ele>1077.993293</ele>
        <time>2026-09-02T15:56:52.900Z</time>
      </trkpt>
      <trkpt lat="46.338084" lon="11.611908">
        <ele>1078.334596</ele>
        <time>2026-09-02T15:56:56.091Z</time>
      </trkpt>
      <trkpt lat="46.337346" lon="11.611787">
        <ele>1079.271761</ele>
        <time>2026-09-02T15:57:09.752Z</time>
      </trkpt>
      <trkpt lat="46.336931" lon="11.611411">
        <ele>1079.889423</ele>
        <time>2026-09-02T15:57:20.077Z</time>
      </trkpt>
      <trkpt lat="46.335894" lon="11.610104">
        <ele>1076.390965</ele>
        <time>2026-09-02T15:57:35.555Z</time>
      </trkpt>
      <trkpt lat="46.335757" lon="11.609831">
        <ele>1075.646586</ele>
        <time>2026-09-02T15:57:37.363Z</time>
      </trkpt>
      <trkpt lat="46.335480" lon="11.608230">
        <ele>1068.356710</ele>
        <time>2026-09-02T15:57:45.702Z</time>
      </trkpt>
      <trkpt lat="46.335459" lon="11.608063">
        <ele>1067.410660</ele>
        <time>2026-09-02T15:57:46.553Z</time>
      </trkpt>
      <trkpt lat="46.335428" lon="11.607813">
        <ele>1065.995044</ele>
        <time>2026-09-02T15:57:47.835Z</time>
      </trkpt>
      <trkpt lat="46.335478" lon="11.607355">
        <ele>1063.410764</ele>
        <time>2026-09-02T15:57:50.237Z</time>
      </trkpt>
      <trkpt lat="46.335421" lon="11.606859">
        <ele>1060.608380</ele>
        <time>2026-09-02T15:57:52.968Z</time>
      </trkpt>
      <trkpt lat="46.335267" lon="11.606375">
        <ele>1059.330728</ele>
        <time>2026-09-02T15:57:56.089Z</time>
      </trkpt>
      <trkpt lat="46.335127" lon="11.606138">
        <ele>1058.906265</ele>
        <time>2026-09-02T15:57:58.088Z</time>
      </trkpt>
      <trkpt lat="46.334828" lon="11.605823">
        <ele>1058.177511</ele>
        <time>2026-09-02T15:58:01.654Z</time>
      </trkpt>
      <trkpt lat="46.334284" lon="11.605453">
        <ele>1056.992926</ele>
        <time>2026-09-02T15:58:07.541Z</time>
      </trkpt>
      <trkpt lat="46.333662" lon="11.605074">
        <ele>1057.250821</ele>
        <time>2026-09-02T15:58:15.291Z</time>
      </trkpt>
      <trkpt lat="46.332681" lon="11.604902">
        <ele>1059.923061</ele>
        <time>2026-09-02T15:58:35.515Z</time>
      </trkpt>
      <trkpt lat="46.332453" lon="11.605200">
        <ele>1060.753585</ele>
        <time>2026-09-02T15:58:42.602Z</time>
      </trkpt>
      <trkpt lat="46.332324" lon="11.605265">
        <ele>1061.122943</ele>
        <time>2026-09-02T15:58:45.980Z</time>
      </trkpt>
      <trkpt lat="46.332154" lon="11.605139">
        <ele>1060.919648</ele>
        <time>2026-09-02T15:58:50.061Z</time>
      </trkpt>
      <trkpt lat="46.332023" lon="11.604921">
        <ele>1060.582693</ele>
        <time>2026-09-02T15:58:53.648Z</time>
      </trkpt>
      <trkpt lat="46.331900" lon="11.604509">
        <ele>1060.059343</ele>
        <time>2026-09-02T15:58:57.877Z</time>
      </trkpt>
      <trkpt lat="46.331517" lon="11.603951">
        <ele>1059.141980</ele>
        <time>2026-09-02T15:59:01.351Z</time>
      </trkpt>
      <trkpt lat="46.330842" lon="11.603217">
        <ele>1056.368038</ele>
        <time>2026-09-02T15:59:05.946Z</time>
      </trkpt>
      <trkpt lat="46.330439" lon="11.602469">
        <ele>1051.890086</ele>
        <time>2026-09-02T15:59:09.354Z</time>
      </trkpt>
      <trkpt lat="46.330144" lon="11.602029">
        <ele>1048.995461</ele>
        <time>2026-09-02T15:59:11.625Z</time>
      </trkpt>
      <trkpt lat="46.329958" lon="11.601807">
        <ele>1047.347940</ele>
        <time>2026-09-02T15:59:12.973Z</time>
      </trkpt>
      <trkpt lat="46.329641" lon="11.601558">
        <ele>1045.565718</ele>
        <time>2026-09-02T15:59:15.039Z</time>
      </trkpt>
      <trkpt lat="46.329107" lon="11.601274">
        <ele>1044.381691</ele>
        <time>2026-09-02T15:59:18.559Z</time>
      </trkpt>
      <trkpt lat="46.328924" lon="11.601271">
        <ele>1044.000777</ele>
        <time>2026-09-02T15:59:19.784Z</time>
      </trkpt>
      <trkpt lat="46.328657" lon="11.601356">
        <ele>1043.431784</ele>
        <time>2026-09-02T15:59:21.762Z</time>
      </trkpt>
      <trkpt lat="46.328634" lon="11.601233">
        <ele>1043.248638</ele>
        <time>2026-09-02T15:59:22.378Z</time>
      </trkpt>
      <trkpt lat="46.328584" lon="11.600799">
        <ele>1042.616259</ele>
        <time>2026-09-02T15:59:24.722Z</time>
      </trkpt>
      <trkpt lat="46.328579" lon="11.600708">
        <ele>1042.485058</ele>
        <time>2026-09-02T15:59:25.530Z</time>
      </trkpt>
      <trkpt lat="46.328493" lon="11.600824">
        <ele>1042.240446</ele>
        <time>2026-09-02T15:59:26.433Z</time>
      </trkpt>
      <trkpt lat="46.328137" lon="11.601015">
        <ele>1041.942474</ele>
        <time>2026-09-02T15:59:29.635Z</time>
      </trkpt>
      <trkpt lat="46.327654" lon="11.601209">
        <ele>1041.664773</ele>
        <time>2026-09-02T15:59:33.967Z</time>
      </trkpt>
      <trkpt lat="46.327389" lon="11.601159">
        <ele>1041.516713</ele>
        <time>2026-09-02T15:59:36.082Z</time>
      </trkpt>
      <trkpt lat="46.327120" lon="11.600946">
        <ele>1041.346854</ele>
        <time>2026-09-02T15:59:38.421Z</time>
      </trkpt>
      <trkpt lat="46.326759" lon="11.600456">
        <ele>1041.027768</ele>
        <time>2026-09-02T15:59:42.082Z</time>
      </trkpt>
      <trkpt lat="46.326570" lon="11.600243">
        <ele>1040.779888</ele>
        <time>2026-09-02T15:59:43.844Z</time>
      </trkpt>
      <trkpt lat="46.326384" lon="11.600114">
        <ele>1040.566432</ele>
        <time>2026-09-02T15:59:45.339Z</time>
      </trkpt>
      <trkpt lat="46.325823" lon="11.599844">
        <ele>1039.954550</ele>
        <time>2026-09-02T15:59:49.644Z</time>
      </trkpt>
      <trkpt lat="46.325490" lon="11.599633">
        <ele>1039.578333</ele>
        <time>2026-09-02T15:59:52.290Z</time>
      </trkpt>
      <trkpt lat="46.324967" lon="11.599227">
        <ele>1038.711581</ele>
        <time>2026-09-02T15:59:56.628Z</time>
      </trkpt>
      <trkpt lat="46.324773" lon="11.599120">
        <ele>1038.315054</ele>
        <time>2026-09-02T15:59:58.131Z</time>
      </trkpt>
      <trkpt lat="46.323929" lon="11.598960">
        <ele>1036.689179</ele>
        <time>2026-09-02T16:00:03.811Z</time>
      </trkpt>
      <trkpt lat="46.323793" lon="11.598880">
        <ele>1036.408790</ele>
        <time>2026-09-02T16:00:04.731Z</time>
      </trkpt>
      <trkpt lat="46.323584" lon="11.598657">
        <ele>1035.912912</ele>
        <time>2026-09-02T16:00:06.337Z</time>
      </trkpt>
      <trkpt lat="46.321965" lon="11.597925">
        <ele>1031.151889</ele>
        <time>2026-09-02T16:00:16.825Z</time>
      </trkpt>
      <trkpt lat="46.321086" lon="11.597668">
        <ele>1028.149111</ele>
        <time>2026-09-02T16:00:22.437Z</time>
      </trkpt>
      <trkpt lat="46.320811" lon="11.597508">
        <ele>1027.126557</ele>
        <time>2026-09-02T16:00:24.214Z</time>
      </trkpt>
      <trkpt lat="46.320319" lon="11.597059">
        <ele>1025.120000</ele>
        <time>2026-09-02T16:00:27.612Z</time>
      </trkpt>
      <trkpt lat="46.320215" lon="11.596880">
        <ele>1024.562609</ele>
        <time>2026-09-02T16:00:28.539Z</time>
      </trkpt>
      <trkpt lat="46.320041" lon="11.596424">
        <ele>1023.500956</ele>
        <time>2026-09-02T16:00:30.601Z</time>
      </trkpt>
      <trkpt lat="46.319457" lon="11.595798">
        <ele>1021.367105</ele>
        <time>2026-09-02T16:00:34.951Z</time>
      </trkpt>
      <trkpt lat="46.319249" lon="11.595621">
        <ele>1020.658592</ele>
        <time>2026-09-02T16:00:36.566Z</time>
      </trkpt>
      <trkpt lat="46.318958" lon="11.595373">
        <ele>1019.666973</ele>
        <time>2026-09-02T16:00:38.899Z</time>
      </trkpt>
      <trkpt lat="46.318970" lon="11.595346">
        <ele>1019.601852</ele>
        <time>2026-09-02T16:00:39.042Z</time>
      </trkpt>
      <trkpt lat="46.319294" lon="11.595617">
        <ele>1018.837380</ele>
        <time>2026-09-02T16:00:41.675Z</time>
      </trkpt>
      <trkpt lat="46.319284" lon="11.595673">
        <ele>1018.772811</ele>
        <time>2026-09-02T16:00:41.958Z</time>
      </trkpt>
      <trkpt lat="46.318903" lon="11.595966">
        <ele>1018.075507</ele>
        <time>2026-09-02T16:00:50.386Z</time>
      </trkpt>
      <trkpt lat="46.318921" lon="11.596015">
        <ele>1018.013551</ele>
        <time>2026-09-02T16:00:53.049Z</time>
      </trkpt>
      <trkpt lat="46.318031" lon="11.596687">
        <ele>1016.391140</ele>
        <time>2026-09-02T16:00:59.827Z</time>
      </trkpt>
      <trkpt lat="46.317617" lon="11.596882">
        <ele>1015.716976</ele>
        <time>2026-09-02T16:01:02.766Z</time>
      </trkpt>
      <trkpt lat="46.316580" lon="11.597155">
        <ele>1014.090479</ele>
        <time>2026-09-02T16:01:10.071Z</time>
      </trkpt>
      <trkpt lat="46.316263" lon="11.597237">
        <ele>1013.593550</ele>
        <time>2026-09-02T16:01:12.304Z</time>
      </trkpt>
      <trkpt lat="46.315950" lon="11.597363">
        <ele>1013.207647</ele>
        <time>2026-09-02T16:01:14.536Z</time>
      </trkpt>
      <trkpt lat="46.315527" lon="11.597612">
        <ele>1012.675456</ele>
        <time>2026-09-02T16:01:17.660Z</time>
      </trkpt>
      <trkpt lat="46.315003" lon="11.598070">
        <ele>1011.962081</ele>
        <time>2026-09-02T16:01:21.979Z</time>
      </trkpt>
      <trkpt lat="46.314608" lon="11.598563">
        <ele>1011.509340</ele>
        <time>2026-09-02T16:01:25.972Z</time>
      </trkpt>
      <trkpt lat="46.314557" lon="11.598629">
        <ele>1011.538742</ele>
        <time>2026-09-02T16:01:26.532Z</time>
      </trkpt>
      <trkpt lat="46.314524" lon="11.598688">
        <ele>1011.561281</ele>
        <time>2026-09-02T16:01:26.960Z</time>
      </trkpt>
      <trkpt lat="46.314475" lon="11.598773">
        <ele>1011.594150</ele>
        <time>2026-09-02T16:01:27.586Z</time>
      </trkpt>
      <trkpt lat="46.313545" lon="11.600306">
        <ele>1012.199892</ele>
        <time>2026-09-02T16:01:41.977Z</time>
      </trkpt>
      <trkpt lat="46.313487" lon="11.600395">
        <ele>1012.236219</ele>
        <time>2026-09-02T16:01:42.991Z</time>
      </trkpt>
      <trkpt lat="46.313215" lon="11.600851">
        <ele>1012.894297</ele>
        <time>2026-09-02T16:01:48.202Z</time>
      </trkpt>
      <trkpt lat="46.313022" lon="11.601182">
        <ele>1013.376192</ele>
        <time>2026-09-02T16:01:52.345Z</time>
      </trkpt>
      <trkpt lat="46.312574" lon="11.601898">
        <ele>1014.450963</ele>
        <time>2026-09-02T16:02:01.689Z</time>
      </trkpt>
      <trkpt lat="46.312444" lon="11.602199">
        <ele>1014.845897</ele>
        <time>2026-09-02T16:02:04.799Z</time>
      </trkpt>
      <trkpt lat="46.312379" lon="11.602367">
        <ele>1015.060120</ele>
        <time>2026-09-02T16:02:06.412Z</time>
      </trkpt>
      <trkpt lat="46.312221" lon="11.602540">
        <ele>1015.078733</ele>
        <time>2026-09-02T16:02:08.759Z</time>
      </trkpt>
      <trkpt lat="46.312005" lon="11.602559">
        <ele>1014.993808</ele>
        <time>2026-09-02T16:02:11.223Z</time>
      </trkpt>
      <trkpt lat="46.311810" lon="11.602566">
        <ele>1014.917258</ele>
        <time>2026-09-02T16:02:13.256Z</time>
      </trkpt>
      <trkpt lat="46.311636" lon="11.602569">
        <ele>1014.848968</ele>
        <time>2026-09-02T16:02:14.870Z</time>
      </trkpt>
      <trkpt lat="46.311194" lon="11.602578">
        <ele>1014.675490</ele>
        <time>2026-09-02T16:02:18.216Z</time>
      </trkpt>
      <trkpt lat="46.310946" lon="11.602569">
        <ele>1014.578134</ele>
        <time>2026-09-02T16:02:19.924Z</time>
      </trkpt>
      <trkpt lat="46.310910" lon="11.602546">
        <ele>1014.562691</ele>
        <time>2026-09-02T16:02:20.189Z</time>
      </trkpt>
      <trkpt lat="46.310271" lon="11.602195">
        <ele>1013.703709</ele>
        <time>2026-09-02T16:02:24.823Z</time>
      </trkpt>
      <trkpt lat="46.310250" lon="11.602179">
        <ele>1013.654312</ele>
        <time>2026-09-02T16:02:24.981Z</time>
      </trkpt>
      <trkpt lat="46.310230" lon="11.602165">
        <ele>1013.608069</ele>
        <time>2026-09-02T16:02:25.133Z</time>
      </trkpt>
      <trkpt lat="46.309794" lon="11.601958">
        <ele>1012.652940</ele>
        <time>2026-09-02T16:02:28.095Z</time>
      </trkpt>
      <trkpt lat="46.309532" lon="11.601861">
        <ele>1012.090014</ele>
        <time>2026-09-02T16:02:29.784Z</time>
      </trkpt>
      <trkpt lat="46.309370" lon="11.601794">
        <ele>1011.739307</ele>
        <time>2026-09-02T16:02:30.865Z</time>
      </trkpt>
      <trkpt lat="46.309375" lon="11.601735">
        <ele>1011.653836</ele>
        <time>2026-09-02T16:02:31.134Z</time>
      </trkpt>
      <trkpt lat="46.309340" lon="11.601664">
        <ele>1011.528416</ele>
        <time>2026-09-02T16:02:31.526Z</time>
      </trkpt>
      <trkpt lat="46.309295" lon="11.601653">
        <ele>1011.433419</ele>
        <time>2026-09-02T16:02:31.821Z</time>
      </trkpt>
      <trkpt lat="46.309242" lon="11.601711">
        <ele>1011.295120</ele>
        <time>2026-09-02T16:02:32.270Z</time>
      </trkpt>
      <trkpt lat="46.308724" lon="11.601490">
        <ele>1010.137255</ele>
        <time>2026-09-02T16:02:35.884Z</time>
      </trkpt>
      <trkpt lat="46.308570" lon="11.601412">
        <ele>1009.775451</ele>
        <time>2026-09-02T16:02:36.956Z</time>
      </trkpt>
      <trkpt lat="46.308534" lon="11.601396">
        <ele>1009.691941</ele>
        <time>2026-09-02T16:02:37.204Z</time>
      </trkpt>
      <trkpt lat="46.308523" lon="11.601388">
        <ele>1009.664643</ele>
        <time>2026-09-02T16:02:37.286Z</time>
      </trkpt>
      <trkpt lat="46.308284" lon="11.601267">
        <ele>1009.103168</ele>
        <time>2026-09-02T16:02:38.866Z</time>
      </trkpt>
      <trkpt lat="46.308227" lon="11.601243">
        <ele>1008.971528</ele>
        <time>2026-09-02T16:02:39.243Z</time>
      </trkpt>
      <trkpt lat="46.308034" lon="11.601147">
        <ele>1008.518978</ele>
        <time>2026-09-02T16:02:40.513Z</time>
      </trkpt>
      <trkpt lat="46.307787" lon="11.600962">
        <ele>1007.902269</ele>
        <time>2026-09-02T16:02:42.306Z</time>
      </trkpt>
      <trkpt lat="46.307703" lon="11.600843">
        <ele>1007.641637</ele>
        <time>2026-09-02T16:02:43.093Z</time>
      </trkpt>
      <trkpt lat="46.307441" lon="11.600389">
        <ele>1006.735415</ele>
        <time>2026-09-02T16:02:45.839Z</time>
      </trkpt>
      <trkpt lat="46.306826" lon="11.599296">
        <ele>1004.382368</ele>
        <time>2026-09-02T16:02:52.111Z</time>
      </trkpt>
      <trkpt lat="46.306781" lon="11.599227">
        <ele>1004.223751</ele>
        <time>2026-09-02T16:02:52.530Z</time>
      </trkpt>
      <trkpt lat="46.306744" lon="11.599155">
        <ele>1004.073751</ele>
        <time>2026-09-02T16:02:52.933Z</time>
      </trkpt>
      <trkpt lat="46.306704" lon="11.599083">
        <ele>1003.919308</ele>
        <time>2026-09-02T16:02:53.350Z</time>
      </trkpt>
      <trkpt lat="46.306664" lon="11.599132">
        <ele>1003.792514</ele>
        <time>2026-09-02T16:02:57.010Z</time>
      </trkpt>
      <trkpt lat="46.305299" lon="11.596683">
        <ele>997.777193</ele>
        <time>2026-09-02T16:03:10.463Z</time>
      </trkpt>
      <trkpt lat="46.304997" lon="11.596172">
        <ele>996.522415</ele>
        <time>2026-09-02T16:03:13.308Z</time>
      </trkpt>
      <trkpt lat="46.304850" lon="11.596026">
        <ele>996.073272</ele>
        <time>2026-09-02T16:03:14.411Z</time>
      </trkpt>
      <trkpt lat="46.304645" lon="11.595958">
        <ele>995.543410</ele>
        <time>2026-09-02T16:03:15.719Z</time>
      </trkpt>
      <trkpt lat="46.304604" lon="11.595888">
        <ele>995.383682</ele>
        <time>2026-09-02T16:03:16.113Z</time>
      </trkpt>
      <trkpt lat="46.304572" lon="11.595768">
        <ele>995.159807</ele>
        <time>2026-09-02T16:03:16.669Z</time>
      </trkpt>
      <trkpt lat="46.304578" lon="11.595516">
        <ele>994.720951</ele>
        <time>2026-09-02T16:03:17.765Z</time>
      </trkpt>
      <trkpt lat="46.304502" lon="11.595321">
        <ele>994.331275</ele>
        <time>2026-09-02T16:03:18.744Z</time>
      </trkpt>
      <trkpt lat="46.302859" lon="11.592423">
        <ele>988.582382</ele>
        <time>2026-09-02T16:03:35.723Z</time>
      </trkpt>
      <trkpt lat="46.302666" lon="11.592153">
        <ele>987.980039</ele>
        <time>2026-09-02T16:03:37.439Z</time>
      </trkpt>
      <trkpt lat="46.302579" lon="11.591960">
        <ele>987.622756</ele>
        <time>2026-09-02T16:03:38.446Z</time>
      </trkpt>
      <trkpt lat="46.302450" lon="11.591766">
        <ele>987.205298</ele>
        <time>2026-09-02T16:03:39.611Z</time>
      </trkpt>
      <trkpt lat="46.301783" lon="11.590834">
        <ele>985.124809</ele>
        <time>2026-09-02T16:03:45.459Z</time>
      </trkpt>
      <trkpt lat="46.301520" lon="11.590482">
        <ele>984.605994</ele>
        <time>2026-09-02T16:03:47.976Z</time>
      </trkpt>
      <trkpt lat="46.301405" lon="11.590329">
        <ele>984.472790</ele>
        <time>2026-09-02T16:03:49.136Z</time>
      </trkpt>
      <trkpt lat="46.301099" lon="11.590029">
        <ele>984.157612</ele>
        <time>2026-09-02T16:03:52.089Z</time>
      </trkpt>
      <trkpt lat="46.300921" lon="11.589804">
        <ele>983.956080</ele>
        <time>2026-09-02T16:03:54.029Z</time>
      </trkpt>
      <trkpt lat="46.300745" lon="11.589525">
        <ele>983.733487</ele>
        <time>2026-09-02T16:03:56.214Z</time>
      </trkpt>
      <trkpt lat="46.300354" lon="11.589035">
        <ele>983.292435</ele>
        <time>2026-09-02T16:04:00.409Z</time>
      </trkpt>
      <trkpt lat="46.299979" lon="11.588532">
        <ele>982.295509</ele>
        <time>2026-09-02T16:04:03.964Z</time>
      </trkpt>
      <trkpt lat="46.299890" lon="11.588345">
        <ele>981.969494</ele>
        <time>2026-09-02T16:04:04.989Z</time>
      </trkpt>
      <trkpt lat="46.299738" lon="11.588170">
        <ele>981.565886</ele>
        <time>2026-09-02T16:04:06.233Z</time>
      </trkpt>
      <trkpt lat="46.299499" lon="11.588138">
        <ele>981.067106</ele>
        <time>2026-09-02T16:04:07.753Z</time>
      </trkpt>
      <trkpt lat="46.299394" lon="11.588055">
        <ele>980.818488</ele>
        <time>2026-09-02T16:04:08.506Z</time>
      </trkpt>
      <trkpt lat="46.299203" lon="11.587816">
        <ele>980.293813</ele>
        <time>2026-09-02T16:04:10.095Z</time>
      </trkpt>
      <trkpt lat="46.299073" lon="11.587618">
        <ele>979.901649</ele>
        <time>2026-09-02T16:04:11.283Z</time>
      </trkpt>
      <trkpt lat="46.298988" lon="11.587489">
        <ele>979.645713</ele>
        <time>2026-09-02T16:04:12.060Z</time>
      </trkpt>
      <trkpt lat="46.298882" lon="11.587248">
        <ele>979.163944</ele>
        <time>2026-09-02T16:04:13.308Z</time>
      </trkpt>
      <trkpt lat="46.298682" lon="11.586950">
        <ele>978.411371</ele>
        <time>2026-09-02T16:04:15.127Z</time>
      </trkpt>
      <trkpt lat="46.298506" lon="11.586706">
        <ele>977.772391</ele>
        <time>2026-09-02T16:04:16.679Z</time>
      </trkpt>
      <trkpt lat="46.298179" lon="11.586340">
        <ele>976.688593</ele>
        <time>2026-09-02T16:04:19.281Z</time>
      </trkpt>
      <trkpt lat="46.297967" lon="11.586151">
        <ele>976.035775</ele>
        <time>2026-09-02T16:04:20.840Z</time>
      </trkpt>
      <trkpt lat="46.297616" lon="11.586006">
        <ele>975.078745</ele>
        <time>2026-09-02T16:04:23.105Z</time>
      </trkpt>
      <trkpt lat="46.297366" lon="11.586035">
        <ele>974.470282</ele>
        <time>2026-09-02T16:04:24.659Z</time>
      </trkpt>
      <trkpt lat="46.297272" lon="11.585995">
        <ele>974.247294</ele>
        <time>2026-09-02T16:04:25.274Z</time>
      </trkpt>
      <trkpt lat="46.297159" lon="11.585877">
        <ele>973.930171</ele>
        <time>2026-09-02T16:04:26.148Z</time>
      </trkpt>
      <trkpt lat="46.296638" lon="11.585180">
        <ele>972.315495</ele>
        <time>2026-09-02T16:04:30.703Z</time>
      </trkpt>
      <trkpt lat="46.295775" lon="11.584187">
        <ele>969.950753</ele>
        <time>2026-09-02T16:04:38.037Z</time>
      </trkpt>
      <trkpt lat="46.295061" lon="11.583243">
        <ele>968.105540</ele>
        <time>2026-09-02T16:04:44.404Z</time>
      </trkpt>
      <trkpt lat="46.294844" lon="11.583141">
        <ele>967.670205</ele>
        <time>2026-09-02T16:04:45.912Z</time>
      </trkpt>
      <trkpt lat="46.294698" lon="11.582999">
        <ele>967.334570</ele>
        <time>2026-09-02T16:04:47.084Z</time>
      </trkpt>
      <trkpt lat="46.293428" lon="11.581489">
        <ele>964.761878</ele>
        <time>2026-09-02T16:04:58.425Z</time>
      </trkpt>
      <trkpt lat="46.293193" lon="11.581167">
        <ele>964.253295</ele>
        <time>2026-09-02T16:05:00.647Z</time>
      </trkpt>
      <trkpt lat="46.292574" lon="11.580403">
        <ele>962.958878</ele>
        <time>2026-09-02T16:05:06.162Z</time>
      </trkpt>
      <trkpt lat="46.292149" lon="11.579627">
        <ele>961.870242</ele>
        <time>2026-09-02T16:05:10.778Z</time>
      </trkpt>
      <trkpt lat="46.290665" lon="11.576594">
        <ele>958.565370</ele>
        <time>2026-09-02T16:05:29.296Z</time>
      </trkpt>
      <trkpt lat="46.290532" lon="11.576154">
        <ele>958.066405</ele>
        <time>2026-09-02T16:05:31.613Z</time>
      </trkpt>
      <trkpt lat="46.289607" lon="11.574681">
        <ele>955.802930</ele>
        <time>2026-09-02T16:05:40.837Z</time>
      </trkpt>
      <trkpt lat="46.289485" lon="11.574452">
        <ele>955.425998</ele>
        <time>2026-09-02T16:05:42.140Z</time>
      </trkpt>
      <trkpt lat="46.289488" lon="11.574384">
        <ele>955.337176</ele>
        <time>2026-09-02T16:05:42.452Z</time>
      </trkpt>
      <trkpt lat="46.289439" lon="11.574208">
        <ele>955.089829</ele>
        <time>2026-09-02T16:05:43.305Z</time>
      </trkpt>
      <trkpt lat="46.289251" lon="11.574034">
        <ele>954.668850</ele>
        <time>2026-09-02T16:05:44.762Z</time>
      </trkpt>
      <trkpt lat="46.288728" lon="11.573061">
        <ele>953.177615</ele>
        <time>2026-09-02T16:05:50.384Z</time>
      </trkpt>
      <trkpt lat="46.287330" lon="11.570644">
        <ele>951.632314</ele>
        <time>2026-09-02T16:06:06.244Z</time>
      </trkpt>
      <trkpt lat="46.287515" lon="11.570384">
        <ele>951.817678</ele>
        <time>2026-09-02T16:06:09.041Z</time>
      </trkpt>
      <trkpt lat="46.287788" lon="11.569968">
        <ele>952.102632</ele>
        <time>2026-09-02T16:06:13.882Z</time>
      </trkpt>
      <trkpt lat="46.288125" lon="11.569509">
        <ele>952.435273</ele>
        <time>2026-09-02T16:06:20.251Z</time>
      </trkpt>
      <trkpt lat="46.288149" lon="11.569475">
        <ele>952.459414</ele>
        <time>2026-09-02T16:06:20.718Z</time>
      </trkpt>
      <trkpt lat="46.288228" lon="11.569351">
        <ele>952.545935</ele>
        <time>2026-09-02T16:06:22.365Z</time>
      </trkpt>
      <trkpt lat="46.288260" lon="11.569151">
        <ele>952.677701</ele>
        <time>2026-09-02T16:06:24.313Z</time>
      </trkpt>
      <trkpt lat="46.288118" lon="11.568576">
        <ele>953.069623</ele>
        <time>2026-09-02T16:06:29.716Z</time>
      </trkpt>
      <trkpt lat="46.288123" lon="11.568480">
        <ele>953.131415</ele>
        <time>2026-09-02T16:06:30.502Z</time>
      </trkpt>
      <trkpt lat="46.288150" lon="11.568407">
        <ele>953.184559</ele>
        <time>2026-09-02T16:06:31.195Z</time>
      </trkpt>
      <trkpt lat="46.288133" lon="11.568351">
        <ele>953.223818</ele>
        <time>2026-09-02T16:06:31.672Z</time>
      </trkpt>
      <trkpt lat="46.287626" lon="11.566647">
        <ele>954.259929</ele>
        <time>2026-09-02T16:06:44.380Z</time>
      </trkpt>
      <trkpt lat="46.287533" lon="11.566333">
        <ele>954.317851</ele>
        <time>2026-09-02T16:06:46.458Z</time>
      </trkpt>
      <trkpt lat="46.287500" lon="11.566161">
        <ele>954.348116</ele>
        <time>2026-09-02T16:06:47.526Z</time>
      </trkpt>
      <trkpt lat="46.287435" lon="11.565779">
        <ele>954.414818</ele>
        <time>2026-09-02T16:06:49.949Z</time>
      </trkpt>
      <trkpt lat="46.287378" lon="11.565227">
        <ele>954.509448</ele>
        <time>2026-09-02T16:06:53.640Z</time>
      </trkpt>
      <trkpt lat="46.287373" lon="11.565181">
        <ele>954.517343</ele>
        <time>2026-09-02T16:06:53.959Z</time>
      </trkpt>
      <trkpt lat="46.287313" lon="11.564518">
        <ele>954.630713</ele>
        <time>2026-09-02T16:06:58.711Z</time>
      </trkpt>
      <trkpt lat="46.287309" lon="11.564473">
        <ele>954.638406</ele>
        <time>2026-09-02T16:06:59.038Z</time>
      </trkpt>
      <trkpt lat="46.287273" lon="11.564102">
        <ele>954.560818</ele>
        <time>2026-09-02T16:07:01.571Z</time>
      </trkpt>
      <trkpt lat="46.287193" lon="11.563283">
        <ele>954.349075</ele>
        <time>2026-09-02T16:07:06.478Z</time>
      </trkpt>
      <trkpt lat="46.287178" lon="11.563138">
        <ele>954.311542</ele>
        <time>2026-09-02T16:07:07.296Z</time>
      </trkpt>
      <trkpt lat="46.287171" lon="11.563064">
        <ele>954.292422</ele>
        <time>2026-09-02T16:07:07.727Z</time>
      </trkpt>
      <trkpt lat="46.287096" lon="11.562228">
        <ele>954.076615</ele>
        <time>2026-09-02T16:07:12.044Z</time>
      </trkpt>
      <trkpt lat="46.287088" lon="11.562130">
        <ele>954.051353</ele>
        <time>2026-09-02T16:07:12.549Z</time>
      </trkpt>
      <trkpt lat="46.287074" lon="11.562005">
        <ele>954.018936</ele>
        <time>2026-09-02T16:07:13.184Z</time>
      </trkpt>
      <trkpt lat="46.287047" lon="11.561744">
        <ele>953.895319</ele>
        <time>2026-09-02T16:07:14.540Z</time>
      </trkpt>
      <trkpt lat="46.287022" lon="11.561445">
        <ele>953.664011</ele>
        <time>2026-09-02T16:07:16.177Z</time>
      </trkpt>
      <trkpt lat="46.286999" lon="11.561200">
        <ele>953.474122</ele>
        <time>2026-09-02T16:07:17.567Z</time>
      </trkpt>
      <trkpt lat="46.286968" lon="11.560885">
        <ele>953.229760</ele>
        <time>2026-09-02T16:07:19.209Z</time>
      </trkpt>
      <trkpt lat="46.286898" lon="11.560159">
        <ele>952.666788</ele>
        <time>2026-09-02T16:07:22.822Z</time>
      </trkpt>
      <trkpt lat="46.286889" lon="11.560080">
        <ele>952.605296</ele>
        <time>2026-09-02T16:07:23.195Z</time>
      </trkpt>
      <trkpt lat="46.286836" lon="11.559763">
        <ele>952.354815</ele>
        <time>2026-09-02T16:07:24.776Z</time>
      </trkpt>
      <trkpt lat="46.286757" lon="11.559460">
        <ele>952.106097</ele>
        <time>2026-09-02T16:07:26.341Z</time>
      </trkpt>
      <trkpt lat="46.286489" lon="11.558610">
        <ele>951.184750</ele>
        <time>2026-09-02T16:07:30.899Z</time>
      </trkpt>
      <trkpt lat="46.286421" lon="11.558323">
        <ele>950.871505</ele>
        <time>2026-09-02T16:07:32.274Z</time>
      </trkpt>
      <trkpt lat="46.285629" lon="11.555709">
        <ele>948.802655</ele>
        <time>2026-09-02T16:07:45.893Z</time>
      </trkpt>
      <trkpt lat="46.285532" lon="11.555252">
        <ele>948.625720</ele>
        <time>2026-09-02T16:07:48.985Z</time>
      </trkpt>
      <trkpt lat="46.285467" lon="11.554800">
        <ele>948.454849</ele>
        <time>2026-09-02T16:07:52.184Z</time>
      </trkpt>
      <trkpt lat="46.285444" lon="11.554173">
        <ele>948.428793</ele>
        <time>2026-09-02T16:07:56.747Z</time>
      </trkpt>
      <trkpt lat="46.285469" lon="11.553712">
        <ele>948.586116</ele>
        <time>2026-09-02T16:08:00.405Z</time>
      </trkpt>
      <trkpt lat="46.285605" lon="11.552371">
        <ele>949.047234</ele>
        <time>2026-09-02T16:08:10.135Z</time>
      </trkpt>
      <trkpt lat="46.285773" lon="11.550845">
        <ele>950.586062</ele>
        <time>2026-09-02T16:08:19.433Z</time>
      </trkpt>
      <trkpt lat="46.285774" lon="11.550489">
        <ele>951.050420</ele>
        <time>2026-09-02T16:08:22.356Z</time>
      </trkpt>
      <trkpt lat="46.285604" lon="11.548613">
        <ele>954.595882</ele>
        <time>2026-09-02T16:08:45.443Z</time>
      </trkpt>
      <trkpt lat="46.285521" lon="11.547725">
        <ele>957.151753</ele>
        <time>2026-09-02T16:08:58.546Z</time>
      </trkpt>
      <trkpt lat="46.285531" lon="11.547378">
        <ele>958.142349</ele>
        <time>2026-09-02T16:09:03.281Z</time>
      </trkpt>
      <trkpt lat="46.285603" lon="11.546718">
        <ele>960.043122</ele>
        <time>2026-09-02T16:09:11.642Z</time>
      </trkpt>
      <trkpt lat="46.285674" lon="11.546026">
        <ele>961.329828</ele>
        <time>2026-09-02T16:09:19.303Z</time>
      </trkpt>
      <trkpt lat="46.285711" lon="11.545613">
        <ele>962.095790</ele>
        <time>2026-09-02T16:09:23.364Z</time>
      </trkpt>
      <trkpt lat="46.285864" lon="11.544149">
        <ele>964.819049</ele>
        <time>2026-09-02T16:09:38.225Z</time>
      </trkpt>
      <trkpt lat="46.285911" lon="11.543643">
        <ele>965.187057</ele>
        <time>2026-09-02T16:09:43.846Z</time>
      </trkpt>
      <trkpt lat="46.285910" lon="11.543357">
        <ele>965.392540</ele>
        <time>2026-09-02T16:09:46.884Z</time>
      </trkpt>
      <trkpt lat="46.285659" lon="11.542324">
        <ele>966.179255</ele>
        <time>2026-09-02T16:09:56.804Z</time>
      </trkpt>
      <trkpt lat="46.285634" lon="11.542213">
        <ele>966.263133</ele>
        <time>2026-09-02T16:09:57.539Z</time>
      </trkpt>
      <trkpt lat="46.285606" lon="11.542101">
        <ele>966.348705</ele>
        <time>2026-09-02T16:09:58.210Z</time>
      </trkpt>
      <trkpt lat="46.285522" lon="11.541750">
        <ele>966.615581</ele>
        <time>2026-09-02T16:09:59.980Z</time>
      </trkpt>
      <trkpt lat="46.285476" lon="11.541417">
        <ele>966.512422</ele>
        <time>2026-09-02T16:10:01.452Z</time>
      </trkpt>
      <trkpt lat="46.285469" lon="11.541188">
        <ele>966.337991</ele>
        <time>2026-09-02T16:10:02.445Z</time>
      </trkpt>
      <trkpt lat="46.285446" lon="11.540705">
        <ele>965.969573</ele>
        <time>2026-09-02T16:10:04.674Z</time>
      </trkpt>
      <trkpt lat="46.285444" lon="11.540639">
        <ele>965.919301</ele>
        <time>2026-09-02T16:10:05.013Z</time>
      </trkpt>
      <trkpt lat="46.285426" lon="11.540278">
        <ele>965.643879</ele>
        <time>2026-09-02T16:10:06.925Z</time>
      </trkpt>
      <trkpt lat="46.285409" lon="11.539902">
        <ele>965.357144</ele>
        <time>2026-09-02T16:10:08.884Z</time>
      </trkpt>
      <trkpt lat="46.285403" lon="11.539732">
        <ele>965.227611</ele>
        <time>2026-09-02T16:10:09.778Z</time>
      </trkpt>
      <trkpt lat="46.285366" lon="11.539022">
        <ele>964.653819</ele>
        <time>2026-09-02T16:10:13.418Z</time>
      </trkpt>
      <trkpt lat="46.285359" lon="11.538894">
        <ele>964.429207</ele>
        <time>2026-09-02T16:10:14.098Z</time>
      </trkpt>
      <trkpt lat="46.285323" lon="11.538045">
        <ele>962.941252</ele>
        <time>2026-09-02T16:10:19.172Z</time>
      </trkpt>
      <trkpt lat="46.285312" lon="11.537806">
        <ele>962.522242</ele>
        <time>2026-09-02T16:10:20.390Z</time>
      </trkpt>
      <trkpt lat="46.285326" lon="11.537650">
        <ele>962.247058</ele>
        <time>2026-09-02T16:10:21.083Z</time>
      </trkpt>
      <trkpt lat="46.285384" lon="11.537521">
        <ele>961.977841</ele>
        <time>2026-09-02T16:10:21.739Z</time>
      </trkpt>
      <trkpt lat="46.285463" lon="11.537398">
        <ele>961.684098</ele>
        <time>2026-09-02T16:10:22.423Z</time>
      </trkpt>
      <trkpt lat="46.285761" lon="11.537088">
        <ele>960.755074</ele>
        <time>2026-09-02T16:10:24.477Z</time>
      </trkpt>
      <trkpt lat="46.286004" lon="11.536768">
        <ele>960.128531</ele>
        <time>2026-09-02T16:10:26.305Z</time>
      </trkpt>
      <trkpt lat="46.286236" lon="11.536306">
        <ele>960.004988</ele>
        <time>2026-09-02T16:10:28.577Z</time>
      </trkpt>
      <trkpt lat="46.286318" lon="11.536070">
        <ele>959.947845</ele>
        <time>2026-09-02T16:10:29.680Z</time>
      </trkpt>
      <trkpt lat="46.286424" lon="11.535560">
        <ele>959.832636</ele>
        <time>2026-09-02T16:10:32.080Z</time>
      </trkpt>
      <trkpt lat="46.286482" lon="11.534567">
        <ele>959.617059</ele>
        <time>2026-09-02T16:10:42.109Z</time>
      </trkpt>
      <trkpt lat="46.286538" lon="11.534065">
        <ele>961.445360</ele>
        <time>2026-09-02T16:10:51.433Z</time>
      </trkpt>
      <trkpt lat="46.286595" lon="11.533815">
        <ele>962.651681</ele>
        <time>2026-09-02T16:10:57.272Z</time>
      </trkpt>
      <trkpt lat="46.287030" lon="11.532428">
        <ele>969.631247</ele>
        <time>2026-09-02T16:11:28.468Z</time>
      </trkpt>
      <trkpt lat="46.287134" lon="11.532068">
        <ele>971.419212</ele>
        <time>2026-09-02T16:11:34.403Z</time>
      </trkpt>
      <trkpt lat="46.287563" lon="11.530742">
        <ele>971.991602</ele>
        <time>2026-09-02T16:11:46.189Z</time>
      </trkpt>
      <trkpt lat="46.287641" lon="11.530383">
        <ele>972.114395</ele>
        <time>2026-09-02T16:11:47.886Z</time>
      </trkpt>
      <trkpt lat="46.287670" lon="11.529977">
        <ele>972.247577</ele>
        <time>2026-09-02T16:11:49.717Z</time>
      </trkpt>
      <trkpt lat="46.287638" lon="11.529536">
        <ele>972.294426</ele>
        <time>2026-09-02T16:11:51.741Z</time>
      </trkpt>
      <trkpt lat="46.287412" lon="11.528394">
        <ele>970.947301</ele>
        <time>2026-09-02T16:11:57.367Z</time>
      </trkpt>
      <trkpt lat="46.287370" lon="11.528063">
        <ele>970.565660</ele>
        <time>2026-09-02T16:11:58.936Z</time>
      </trkpt>
      <trkpt lat="46.287339" lon="11.527222">
        <ele>969.610580</ele>
        <time>2026-09-02T16:12:03.038Z</time>
      </trkpt>
      <trkpt lat="46.287277" lon="11.523301">
        <ele>965.889017</ele>
        <time>2026-09-02T16:12:21.205Z</time>
      </trkpt>
      <trkpt lat="46.287114" lon="11.521933">
        <ele>965.460282</ele>
        <time>2026-09-02T16:12:31.236Z</time>
      </trkpt>
      <trkpt lat="46.286963" lon="11.520234">
        <ele>966.134205</ele>
        <time>2026-09-02T16:12:43.598Z</time>
      </trkpt>
      <trkpt lat="46.286897" lon="11.519250">
        <ele>966.572148</ele>
        <time>2026-09-02T16:12:50.220Z</time>
      </trkpt>
      <trkpt lat="46.286955" lon="11.518337">
        <ele>967.541378</ele>
        <time>2026-09-02T16:12:57.177Z</time>
      </trkpt>
      <trkpt lat="46.287138" lon="11.516850">
        <ele>969.138061</ele>
        <time>2026-09-02T16:13:10.405Z</time>
      </trkpt>
      <trkpt lat="46.287220" lon="11.516490">
        <ele>969.824420</ele>
        <time>2026-09-02T16:13:14.559Z</time>
      </trkpt>
      <trkpt lat="46.287428" lon="11.515894">
        <ele>971.332295</ele>
        <time>2026-09-02T16:13:23.083Z</time>
      </trkpt>
      <trkpt lat="46.287795" lon="11.514936">
        <ele>973.805975</ele>
        <time>2026-09-02T16:13:36.033Z</time>
      </trkpt>
      <trkpt lat="46.287968" lon="11.514566">
        <ele>974.814848</ele>
        <time>2026-09-02T16:13:41.139Z</time>
      </trkpt>
      <trkpt lat="46.288024" lon="11.514342">
        <ele>975.384274</ele>
        <time>2026-09-02T16:13:44.081Z</time>
      </trkpt>
      <trkpt lat="46.288056" lon="11.514037">
        <ele>976.197955</ele>
        <time>2026-09-02T16:13:47.820Z</time>
      </trkpt>
      <trkpt lat="46.287879" lon="11.513426">
        <ele>977.945397</ele>
        <time>2026-09-02T16:13:55.056Z</time>
      </trkpt>
      <trkpt lat="46.287866" lon="11.513306">
        <ele>978.265774</ele>
        <time>2026-09-02T16:13:56.207Z</time>
      </trkpt>
      <trkpt lat="46.287885" lon="11.513241">
        <ele>978.451924</ele>
        <time>2026-09-02T16:13:56.883Z</time>
      </trkpt>
      <trkpt lat="46.287902" lon="11.513169">
        <ele>978.652610</ele>
        <time>2026-09-02T16:13:57.651Z</time>
      </trkpt>
      <trkpt lat="46.288153" lon="11.512380">
        <ele>980.943593</ele>
        <time>2026-09-02T16:14:08.006Z</time>
      </trkpt>
      <trkpt lat="46.288438" lon="11.511667">
        <ele>982.775841</ele>
        <time>2026-09-02T16:14:21.857Z</time>
      </trkpt>
      <trkpt lat="46.288639" lon="11.511373">
        <ele>983.524729</ele>
        <time>2026-09-02T16:14:28.389Z</time>
      </trkpt>
      <trkpt lat="46.288865" lon="11.511140">
        <ele>984.251863</ele>
        <time>2026-09-02T16:14:34.359Z</time>
      </trkpt>
      <trkpt lat="46.289003" lon="11.511008">
        <ele>984.685335</ele>
        <time>2026-09-02T16:14:37.316Z</time>
      </trkpt>
      <trkpt lat="46.289120" lon="11.510869">
        <ele>985.082005</ele>
        <time>2026-09-02T16:14:39.529Z</time>
      </trkpt>
      <trkpt lat="46.289206" lon="11.510779">
        <ele>985.360113</ele>
        <time>2026-09-02T16:14:40.767Z</time>
      </trkpt>
      <trkpt lat="46.289382" lon="11.510535">
        <ele>985.998789</ele>
        <time>2026-09-02T16:14:42.796Z</time>
      </trkpt>
      <trkpt lat="46.289437" lon="11.510365">
        <ele>986.338685</ele>
        <time>2026-09-02T16:14:43.625Z</time>
      </trkpt>
      <trkpt lat="46.289450" lon="11.510269">
        <ele>986.515823</ele>
        <time>2026-09-02T16:14:44.030Z</time>
      </trkpt>
      <trkpt lat="46.289447" lon="11.510164">
        <ele>986.706114</ele>
        <time>2026-09-02T16:14:44.496Z</time>
      </trkpt>
      <trkpt lat="46.289448" lon="11.510136">
        <ele>986.749320</ele>
        <time>2026-09-02T16:14:44.613Z</time>
      </trkpt>
      <trkpt lat="46.289448" lon="11.510109">
        <ele>986.770077</ele>
        <time>2026-09-02T16:14:44.726Z</time>
      </trkpt>
      <trkpt lat="46.289425" lon="11.509737">
        <ele>987.057207</ele>
        <time>2026-09-02T16:14:46.322Z</time>
      </trkpt>
      <trkpt lat="46.289486" lon="11.509036">
        <ele>987.600381</ele>
        <time>2026-09-02T16:14:49.580Z</time>
      </trkpt>
      <trkpt lat="46.289496" lon="11.508936">
        <ele>987.678060</ele>
        <time>2026-09-02T16:14:50.094Z</time>
      </trkpt>
      <trkpt lat="46.289511" lon="11.508798">
        <ele>987.785456</ele>
        <time>2026-09-02T16:14:51.039Z</time>
      </trkpt>
      <trkpt lat="46.289586" lon="11.508086">
        <ele>988.339153</ele>
        <time>2026-09-02T16:14:57.144Z</time>
      </trkpt>
      <trkpt lat="46.289594" lon="11.508016">
        <ele>988.393698</ele>
        <time>2026-09-02T16:14:58.094Z</time>
      </trkpt>
      <trkpt lat="46.289864" lon="11.507919">
        <ele>988.703203</ele>
        <time>2026-09-02T16:15:03.848Z</time>
      </trkpt>
      <trkpt lat="46.290086" lon="11.507822">
        <ele>990.312713</ele>
        <time>2026-09-02T16:15:09.997Z</time>
      </trkpt>
      <trkpt lat="46.290148" lon="11.507760">
        <ele>990.920215</ele>
        <time>2026-09-02T16:15:12.252Z</time>
      </trkpt>
      <trkpt lat="46.290347" lon="11.507430">
        <ele>993.359934</ele>
        <time>2026-09-02T16:15:21.161Z</time>
      </trkpt>
      <trkpt lat="46.290440" lon="11.507341">
        <ele>994.258705</ele>
        <time>2026-09-02T16:15:24.453Z</time>
      </trkpt>
      <trkpt lat="46.290668" lon="11.507204">
        <ele>996.248762</ele>
        <time>2026-09-02T16:15:31.671Z</time>
      </trkpt>
      <trkpt lat="46.291184" lon="11.506916">
        <ele>1000.706910</ele>
        <time>2026-09-02T16:15:48.378Z</time>
      </trkpt>
      <trkpt lat="46.291385" lon="11.506756">
        <ele>1002.556120</ele>
        <time>2026-09-02T16:15:55.337Z</time>
      </trkpt>
      <trkpt lat="46.292177" lon="11.505618">
        <ele>1010.751984</ele>
        <time>2026-09-02T16:16:29.802Z</time>
      </trkpt>
      <trkpt lat="46.292403" lon="11.505337">
        <ele>1012.922323</ele>
        <time>2026-09-02T16:16:37.844Z</time>
      </trkpt>
      <trkpt lat="46.292623" lon="11.505161">
        <ele>1014.753379</ele>
        <time>2026-09-02T16:16:43.458Z</time>
      </trkpt>
      <trkpt lat="46.292846" lon="11.505034">
        <ele>1016.409075</ele>
        <time>2026-09-02T16:16:47.831Z</time>
      </trkpt>
      <trkpt lat="46.293177" lon="11.504915">
        <ele>1017.438866</ele>
        <time>2026-09-02T16:16:52.949Z</time>
      </trkpt>
      <trkpt lat="46.293405" lon="11.504891">
        <ele>1018.129104</ele>
        <time>2026-09-02T16:16:55.715Z</time>
      </trkpt>
      <trkpt lat="46.293841" lon="11.504957">
        <ele>1019.452737</ele>
        <time>2026-09-02T16:17:00.360Z</time>
      </trkpt>
      <trkpt lat="46.294564" lon="11.505113">
        <ele>1021.659879</ele>
        <time>2026-09-02T16:17:11.935Z</time>
      </trkpt>
      <trkpt lat="46.294723" lon="11.505105">
        <ele>1022.494970</ele>
        <time>2026-09-02T16:17:15.525Z</time>
      </trkpt>
      <trkpt lat="46.294876" lon="11.505050">
        <ele>1023.434786</ele>
        <time>2026-09-02T16:17:19.327Z</time>
      </trkpt>
      <trkpt lat="46.295194" lon="11.504799">
        <ele>1025.594123</ele>
        <time>2026-09-02T16:17:28.633Z</time>
      </trkpt>
      <trkpt lat="46.295505" lon="11.504574">
        <ele>1027.666869</ele>
        <time>2026-09-02T16:17:37.543Z</time>
      </trkpt>
      <trkpt lat="46.295728" lon="11.504474">
        <ele>1029.058621</ele>
        <time>2026-09-02T16:17:43.224Z</time>
      </trkpt>
      <trkpt lat="46.296406" lon="11.504347">
        <ele>1033.198692</ele>
        <time>2026-09-02T16:18:00.236Z</time>
      </trkpt>
      <trkpt lat="46.296591" lon="11.504401">
        <ele>1034.437956</ele>
        <time>2026-09-02T16:18:03.796Z</time>
      </trkpt>
      <trkpt lat="46.296717" lon="11.504513">
        <ele>1035.408917</ele>
        <time>2026-09-02T16:18:06.328Z</time>
      </trkpt>
      <trkpt lat="46.296786" lon="11.504665">
        <ele>1036.234061</ele>
        <time>2026-09-02T16:18:08.593Z</time>
      </trkpt>
      <trkpt lat="46.296827" lon="11.504831">
        <ele>1037.033870</ele>
        <time>2026-09-02T16:18:11.062Z</time>
      </trkpt>
      <trkpt lat="46.296817" lon="11.505022">
        <ele>1037.902913</ele>
        <time>2026-09-02T16:18:14.025Z</time>
      </trkpt>
      <trkpt lat="46.296765" lon="11.505223">
        <ele>1038.876672</ele>
        <time>2026-09-02T16:18:17.505Z</time>
      </trkpt>
      <trkpt lat="46.296507" lon="11.505632">
        <ele>1041.389341</ele>
        <time>2026-09-02T16:18:27.068Z</time>
      </trkpt>
      <trkpt lat="46.296415" lon="11.505761">
        <ele>1042.230472</ele>
        <time>2026-09-02T16:18:30.639Z</time>
      </trkpt>
      <trkpt lat="46.296363" lon="11.505892">
        <ele>1042.915921</ele>
        <time>2026-09-02T16:18:33.764Z</time>
      </trkpt>
      <trkpt lat="46.296366" lon="11.506033">
        <ele>1043.555940</ele>
        <time>2026-09-02T16:18:36.727Z</time>
      </trkpt>
      <trkpt lat="46.296447" lon="11.506217">
        <ele>1044.696347</ele>
        <time>2026-09-02T16:18:41.148Z</time>
      </trkpt>
      <trkpt lat="46.296534" lon="11.506283">
        <ele>1045.752414</ele>
        <time>2026-09-02T16:18:43.955Z</time>
      </trkpt>
      <trkpt lat="46.296598" lon="11.506289">
        <ele>1046.441942</ele>
        <time>2026-09-02T16:18:45.888Z</time>
      </trkpt>
      <trkpt lat="46.296847" lon="11.506169">
        <ele>1049.263531</ele>
        <time>2026-09-02T16:18:54.261Z</time>
      </trkpt>
      <trkpt lat="46.297569" lon="11.506177">
        <ele>1057.026223</ele>
        <time>2026-09-02T16:19:21.488Z</time>
      </trkpt>
      <trkpt lat="46.297594" lon="11.506178">
        <ele>1057.295109</ele>
        <time>2026-09-02T16:19:22.405Z</time>
      </trkpt>
      <trkpt lat="46.297841" lon="11.506196">
        <ele>1059.954052</ele>
        <time>2026-09-02T16:19:31.005Z</time>
      </trkpt>
      <trkpt lat="46.298053" lon="11.506212">
        <ele>1062.236432</ele>
        <time>2026-09-02T16:19:38.706Z</time>
      </trkpt>
      <trkpt lat="46.298472" lon="11.506151">
        <ele>1067.180717</ele>
        <time>2026-09-02T16:19:54.045Z</time>
      </trkpt>
      <trkpt lat="46.298699" lon="11.506118">
        <ele>1069.961536</ele>
        <time>2026-09-02T16:20:02.494Z</time>
      </trkpt>
      <trkpt lat="46.299182" lon="11.506037">
        <ele>1075.888197</ele>
        <time>2026-09-02T16:20:21.108Z</time>
      </trkpt>
      <trkpt lat="46.299820" lon="11.505841">
        <ele>1083.837998</ele>
        <time>2026-09-02T16:20:47.244Z</time>
      </trkpt>
      <trkpt lat="46.300207" lon="11.505814">
        <ele>1088.499746</ele>
        <time>2026-09-02T16:21:03.005Z</time>
      </trkpt>
      <trkpt lat="46.300778" lon="11.505800">
        <ele>1095.318942</ele>
        <time>2026-09-02T16:21:24.497Z</time>
      </trkpt>
      <trkpt lat="46.300967" lon="11.505770">
        <ele>1097.589290</ele>
        <time>2026-09-02T16:21:32.065Z</time>
      </trkpt>
      <trkpt lat="46.301608" lon="11.505470">
        <ele>1105.633530</ele>
        <time>2026-09-02T16:21:57.400Z</time>
      </trkpt>
      <trkpt lat="46.302147" lon="11.505271">
        <ele>1110.992560</ele>
        <time>2026-09-02T16:22:16.491Z</time>
      </trkpt>
      <trkpt lat="46.303205" lon="11.504954">
        <ele>1120.726982</ele>
        <time>2026-09-02T16:22:49.631Z</time>
      </trkpt>
      <trkpt lat="46.304188" lon="11.504789">
        <ele>1128.160528</ele>
        <time>2026-09-02T16:23:13.410Z</time>
      </trkpt>
      <trkpt lat="46.304360" lon="11.504774">
        <ele>1129.352816</ele>
        <time>2026-09-02T16:23:17.344Z</time>
      </trkpt>
      <trkpt lat="46.304562" lon="11.504800">
        <ele>1130.756042</ele>
        <time>2026-09-02T16:23:22.151Z</time>
      </trkpt>
      <trkpt lat="46.304975" lon="11.504915">
        <ele>1133.666129</ele>
        <time>2026-09-02T16:23:33.058Z</time>
      </trkpt>
      <trkpt lat="46.305280" lon="11.504953">
        <ele>1135.806550</ele>
        <time>2026-09-02T16:23:41.595Z</time>
      </trkpt>
      <trkpt lat="46.306213" lon="11.505011">
        <ele>1143.953003</ele>
        <time>2026-09-02T16:24:08.673Z</time>
      </trkpt>
      <trkpt lat="46.306579" lon="11.505049">
        <ele>1147.153977</ele>
        <time>2026-09-02T16:24:20.079Z</time>
      </trkpt>
      <trkpt lat="46.307746" lon="11.505174">
        <ele>1158.528632</ele>
        <time>2026-09-02T16:24:57.102Z</time>
      </trkpt>
      <trkpt lat="46.308527" lon="11.505441">
        <ele>1166.896377</ele>
        <time>2026-09-02T16:25:25.119Z</time>
      </trkpt>
      <trkpt lat="46.308686" lon="11.505464">
        <ele>1168.562578</ele>
        <time>2026-09-02T16:25:30.692Z</time>
      </trkpt>
      <trkpt lat="46.308974" lon="11.505447">
        <ele>1171.594451</ele>
        <time>2026-09-02T16:25:41.222Z</time>
      </trkpt>
      <trkpt lat="46.309240" lon="11.505369">
        <ele>1174.476747</ele>
        <time>2026-09-02T16:25:51.589Z</time>
      </trkpt>
      <trkpt lat="46.309644" lon="11.505215">
        <ele>1178.913479</ele>
        <time>2026-09-02T16:26:07.386Z</time>
      </trkpt>
      <trkpt lat="46.309895" lon="11.505157">
        <ele>1181.612848</ele>
        <time>2026-09-02T16:26:16.806Z</time>
      </trkpt>
      <trkpt lat="46.310027" lon="11.505132">
        <ele>1183.026637</ele>
        <time>2026-09-02T16:26:21.696Z</time>
      </trkpt>
      <trkpt lat="46.310750" lon="11.504999">
        <ele>1190.216188</ele>
        <time>2026-09-02T16:26:44.873Z</time>
      </trkpt>
      <trkpt lat="46.312697" lon="11.504616">
        <ele>1203.938469</ele>
        <time>2026-09-02T16:27:31.348Z</time>
      </trkpt>
      <trkpt lat="46.313291" lon="11.504412">
        <ele>1208.882612</ele>
        <time>2026-09-02T16:27:47.635Z</time>
      </trkpt>
      <trkpt lat="46.313613" lon="11.504225">
        <ele>1211.692382</ele>
        <time>2026-09-02T16:27:58.044Z</time>
      </trkpt>
      <trkpt lat="46.313983" lon="11.504011">
        <ele>1214.919177</ele>
        <time>2026-09-02T16:28:10.928Z</time>
      </trkpt>
      <trkpt lat="46.315849" lon="11.503414">
        <ele>1233.156771</ele>
        <time>2026-09-02T16:29:13.509Z</time>
      </trkpt>
      <trkpt lat="46.316241" lon="11.503197">
        <ele>1236.495250</ele>
        <time>2026-09-02T16:29:25.821Z</time>
      </trkpt>
      <trkpt lat="46.316313" lon="11.503144">
        <ele>1237.130562</ele>
        <time>2026-09-02T16:29:28.107Z</time>
      </trkpt>
      <trkpt lat="46.316487" lon="11.503005">
        <ele>1238.693669</ele>
        <time>2026-09-02T16:29:33.797Z</time>
      </trkpt>
      <trkpt lat="46.317198" lon="11.502252">
        <ele>1245.622510</ele>
        <time>2026-09-02T16:29:56.303Z</time>
      </trkpt>
      <trkpt lat="46.317467" lon="11.502036">
        <ele>1248.096432</ele>
        <time>2026-09-02T16:30:04.717Z</time>
      </trkpt>
      <trkpt lat="46.318047" lon="11.501716">
        <ele>1253.475444</ele>
        <time>2026-09-02T16:30:22.559Z</time>
      </trkpt>
      <trkpt lat="46.318699" lon="11.501469">
        <ele>1259.316073</ele>
        <time>2026-09-02T16:30:42.671Z</time>
      </trkpt>
      <trkpt lat="46.318889" lon="11.501458">
        <ele>1260.963985</ele>
        <time>2026-09-02T16:30:48.457Z</time>
      </trkpt>
      <trkpt lat="46.319310" lon="11.501517">
        <ele>1264.834804</ele>
        <time>2026-09-02T16:31:02.106Z</time>
      </trkpt>
      <trkpt lat="46.319471" lon="11.501548">
        <ele>1266.430546</ele>
        <time>2026-09-02T16:31:07.554Z</time>
      </trkpt>
      <trkpt lat="46.319858" lon="11.501630">
        <ele>1270.273299</ele>
        <time>2026-09-02T16:31:20.992Z</time>
      </trkpt>
      <trkpt lat="46.320190" lon="11.501688">
        <ele>1273.558840</ele>
        <time>2026-09-02T16:31:32.325Z</time>
      </trkpt>
      <trkpt lat="46.320694" lon="11.501775">
        <ele>1278.545681</ele>
        <time>2026-09-02T16:31:48.993Z</time>
      </trkpt>
      <trkpt lat="46.320789" lon="11.501723">
        <ele>1279.543516</ele>
        <time>2026-09-02T16:31:52.606Z</time>
      </trkpt>
      <trkpt lat="46.320880" lon="11.501596">
        <ele>1280.780210</ele>
        <time>2026-09-02T16:31:56.593Z</time>
      </trkpt>
      <trkpt lat="46.320973" lon="11.501449">
        <ele>1281.779847</ele>
        <time>2026-09-02T16:32:00.852Z</time>
      </trkpt>
      <trkpt lat="46.321248" lon="11.501008">
        <ele>1284.759212</ele>
        <time>2026-09-02T16:32:12.553Z</time>
      </trkpt>
      <trkpt lat="46.321300" lon="11.500863">
        <ele>1285.578469</ele>
        <time>2026-09-02T16:32:15.510Z</time>
      </trkpt>
      <trkpt lat="46.321305" lon="11.500647">
        <ele>1286.662165</ele>
        <time>2026-09-02T16:32:19.266Z</time>
      </trkpt>
      <trkpt lat="46.321251" lon="11.500467">
        <ele>1287.646218</ele>
        <time>2026-09-02T16:32:22.658Z</time>
      </trkpt>
      <trkpt lat="46.321196" lon="11.500388">
        <ele>1288.208701</ele>
        <time>2026-09-02T16:32:24.331Z</time>
      </trkpt>
      <trkpt lat="46.320568" lon="11.499794">
        <ele>1293.655006</ele>
        <time>2026-09-02T16:32:42.528Z</time>
      </trkpt>
      <trkpt lat="46.320114" lon="11.498977">
        <ele>1299.303918</ele>
        <time>2026-09-02T16:32:59.886Z</time>
      </trkpt>
      <trkpt lat="46.320051" lon="11.498837">
        <ele>1300.206143</ele>
        <time>2026-09-02T16:33:02.840Z</time>
      </trkpt>
      <trkpt lat="46.320021" lon="11.498684">
        <ele>1301.064904</ele>
        <time>2026-09-02T16:33:05.698Z</time>
      </trkpt>
      <trkpt lat="46.320039" lon="11.498143">
        <ele>1303.989379</ele>
        <time>2026-09-02T16:33:16.357Z</time>
      </trkpt>
      <trkpt lat="46.320020" lon="11.497984">
        <ele>1304.860644</ele>
        <time>2026-09-02T16:33:19.739Z</time>
      </trkpt>
      <trkpt lat="46.319902" lon="11.497731">
        <ele>1306.509032</ele>
        <time>2026-09-02T16:33:26.415Z</time>
      </trkpt>
      <trkpt lat="46.319735" lon="11.497282">
        <ele>1309.691447</ele>
        <time>2026-09-02T16:33:38.037Z</time>
      </trkpt>
      <trkpt lat="46.319722" lon="11.496770">
        <ele>1313.320385</ele>
        <time>2026-09-02T16:33:50.271Z</time>
      </trkpt>
      <trkpt lat="46.319760" lon="11.496633">
        <ele>1314.366089</ele>
        <time>2026-09-02T16:33:53.832Z</time>
      </trkpt>
      <trkpt lat="46.319837" lon="11.496559">
        <ele>1315.313897</ele>
        <time>2026-09-02T16:33:57.123Z</time>
      </trkpt>
      <trkpt lat="46.319945" lon="11.496531">
        <ele>1316.439137</ele>
        <time>2026-09-02T16:34:00.979Z</time>
      </trkpt>
      <trkpt lat="46.320799" lon="11.496536">
        <ele>1325.197643</ele>
        <time>2026-09-02T16:34:30.254Z</time>
      </trkpt>
      <trkpt lat="46.321058" lon="11.496556">
        <ele>1328.011335</ele>
        <time>2026-09-02T16:34:38.522Z</time>
      </trkpt>
      <trkpt lat="46.321174" lon="11.496631">
        <ele>1329.445592</ele>
        <time>2026-09-02T16:34:42.503Z</time>
      </trkpt>
      <trkpt lat="46.321286" lon="11.496928">
        <ele>1332.084032</ele>
        <time>2026-09-02T16:34:50.017Z</time>
      </trkpt>
      <trkpt lat="46.321367" lon="11.497289">
        <ele>1335.043566</ele>
        <time>2026-09-02T16:34:58.712Z</time>
      </trkpt>
      <trkpt lat="46.321414" lon="11.497346">
        <ele>1335.735721</ele>
        <time>2026-09-02T16:35:00.742Z</time>
      </trkpt>
      <trkpt lat="46.321465" lon="11.497362">
        <ele>1336.324866</ele>
        <time>2026-09-02T16:35:02.504Z</time>
      </trkpt>
      <trkpt lat="46.321532" lon="11.497334">
        <ele>1337.112165</ele>
        <time>2026-09-02T16:35:04.900Z</time>
      </trkpt>
      <trkpt lat="46.321578" lon="11.497258">
        <ele>1337.900102</ele>
        <time>2026-09-02T16:35:07.259Z</time>
      </trkpt>
      <trkpt lat="46.321629" lon="11.496793">
        <ele>1341.571109</ele>
        <time>2026-09-02T16:35:18.789Z</time>
      </trkpt>
      <trkpt lat="46.321672" lon="11.496159">
        <ele>1346.538137</ele>
        <time>2026-09-02T16:35:36.555Z</time>
      </trkpt>
      <trkpt lat="46.321630" lon="11.495562">
        <ele>1352.222802</ele>
        <time>2026-09-02T16:35:55.608Z</time>
      </trkpt>
      <trkpt lat="46.321641" lon="11.495430">
        <ele>1353.487282</ele>
        <time>2026-09-02T16:35:59.877Z</time>
      </trkpt>
      <trkpt lat="46.321756" lon="11.494982">
        <ele>1358.032744</ele>
        <time>2026-09-02T16:36:15.000Z</time>
      </trkpt>
      <trkpt lat="46.321813" lon="11.494635">
        <ele>1361.424915</ele>
        <time>2026-09-02T16:36:25.976Z</time>
      </trkpt>
      <trkpt lat="46.321785" lon="11.494194">
        <ele>1365.636680</ele>
        <time>2026-09-02T16:36:39.098Z</time>
      </trkpt>
      <trkpt lat="46.321709" lon="11.493782">
        <ele>1369.692329</ele>
        <time>2026-09-02T16:36:50.879Z</time>
      </trkpt>
      <trkpt lat="46.321680" lon="11.493534">
        <ele>1371.992579</ele>
        <time>2026-09-02T16:36:57.471Z</time>
      </trkpt>
      <trkpt lat="46.321732" lon="11.492708">
        <ele>1378.806912</ele>
        <time>2026-09-02T16:37:17.804Z</time>
      </trkpt>
      <trkpt lat="46.321706" lon="11.492588">
        <ele>1379.840181</ele>
        <time>2026-09-02T16:37:20.779Z</time>
      </trkpt>
      <trkpt lat="46.321654" lon="11.492508">
        <ele>1380.742771</ele>
        <time>2026-09-02T16:37:23.417Z</time>
      </trkpt>
      <trkpt lat="46.321588" lon="11.492470">
        <ele>1381.587723</ele>
        <time>2026-09-02T16:37:25.985Z</time>
      </trkpt>
      <trkpt lat="46.321319" lon="11.492440">
        <ele>1384.797324</ele>
        <time>2026-09-02T16:37:36.331Z</time>
      </trkpt>
      <trkpt lat="46.321203" lon="11.492346">
        <ele>1386.378705</ele>
        <time>2026-09-02T16:37:41.599Z</time>
      </trkpt>
      <trkpt lat="46.321089" lon="11.492071">
        <ele>1389.013834</ele>
        <time>2026-09-02T16:37:50.370Z</time>
      </trkpt>
      <trkpt lat="46.321143" lon="11.491556">
        <ele>1393.281238</ele>
        <time>2026-09-02T16:38:04.117Z</time>
      </trkpt>
      <trkpt lat="46.321135" lon="11.491451">
        <ele>1394.127319</ele>
        <time>2026-09-02T16:38:06.844Z</time>
      </trkpt>
      <trkpt lat="46.321080" lon="11.491291">
        <ele>1395.558782</ele>
        <time>2026-09-02T16:38:11.505Z</time>
      </trkpt>
      <trkpt lat="46.320789" lon="11.490931">
        <ele>1399.997625</ele>
        <time>2026-09-02T16:38:25.881Z</time>
      </trkpt>
      <trkpt lat="46.320675" lon="11.490835">
        <ele>1401.527055</ele>
        <time>2026-09-02T16:38:30.839Z</time>
      </trkpt>
      <trkpt lat="46.320498" lon="11.490767">
        <ele>1403.650815</ele>
        <time>2026-09-02T16:38:37.803Z</time>
      </trkpt>
      <trkpt lat="46.320419" lon="11.490778">
        <ele>1404.571233</ele>
        <time>2026-09-02T16:38:40.846Z</time>
      </trkpt>
      <trkpt lat="46.320135" lon="11.490934">
        <ele>1408.093923</ele>
        <time>2026-09-02T16:38:52.504Z</time>
      </trkpt>
      <trkpt lat="46.319975" lon="11.490988">
        <ele>1409.999243</ele>
        <time>2026-09-02T16:38:58.602Z</time>
      </trkpt>
      <trkpt lat="46.319767" lon="11.490982">
        <ele>1412.411975</ele>
        <time>2026-09-02T16:39:06.065Z</time>
      </trkpt>
      <trkpt lat="46.319584" lon="11.490922">
        <ele>1414.401191</ele>
        <time>2026-09-02T16:39:12.262Z</time>
      </trkpt>
      <trkpt lat="46.319368" lon="11.490673">
        <ele>1416.954176</ele>
        <time>2026-09-02T16:39:21.082Z</time>
      </trkpt>
      <trkpt lat="46.319236" lon="11.490567">
        <ele>1418.349891</ele>
        <time>2026-09-02T16:39:25.802Z</time>
      </trkpt>
      <trkpt lat="46.318786" lon="11.490433">
        <ele>1422.598000</ele>
        <time>2026-09-02T16:39:40.281Z</time>
      </trkpt>
      <trkpt lat="46.318570" lon="11.490462">
        <ele>1424.603859</ele>
        <time>2026-09-02T16:39:47.382Z</time>
      </trkpt>
      <trkpt lat="46.318337" lon="11.490585">
        <ele>1426.897074</ele>
        <time>2026-09-02T16:39:55.635Z</time>
      </trkpt>
      <trkpt lat="46.318248" lon="11.490683">
        <ele>1427.930975</ele>
        <time>2026-09-02T16:39:59.239Z</time>
      </trkpt>
      <trkpt lat="46.318073" lon="11.490987">
        <ele>1430.356786</ele>
        <time>2026-09-02T16:40:07.263Z</time>
      </trkpt>
      <trkpt lat="46.317966" lon="11.491010">
        <ele>1430.724267</ele>
        <time>2026-09-02T16:40:10.092Z</time>
      </trkpt>
      <trkpt lat="46.317853" lon="11.490988">
        <ele>1431.111602</ele>
        <time>2026-09-02T16:40:12.849Z</time>
      </trkpt>
      <trkpt lat="46.317488" lon="11.490615">
        <ele>1432.629306</ele>
        <time>2026-09-02T16:40:22.131Z</time>
      </trkpt>
      <trkpt lat="46.317451" lon="11.490516">
        <ele>1432.893417</ele>
        <time>2026-09-02T16:40:23.614Z</time>
      </trkpt>
      <trkpt lat="46.317449" lon="11.490387">
        <ele>1433.196166</ele>
        <time>2026-09-02T16:40:25.263Z</time>
      </trkpt>
      <trkpt lat="46.317540" lon="11.490188">
        <ele>1433.756144</ele>
        <time>2026-09-02T16:40:28.109Z</time>
      </trkpt>
      <trkpt lat="46.317993" lon="11.489722">
        <ele>1435.643924</ele>
        <time>2026-09-02T16:40:35.413Z</time>
      </trkpt>
      <trkpt lat="46.318266" lon="11.489117">
        <ele>1436.495611</ele>
        <time>2026-09-02T16:40:38.888Z</time>
      </trkpt>
      <trkpt lat="46.318524" lon="11.488851">
        <ele>1436.596710</ele>
        <time>2026-09-02T16:40:40.949Z</time>
      </trkpt>
      <trkpt lat="46.318680" lon="11.488645">
        <ele>1436.664105</ele>
        <time>2026-09-02T16:40:42.449Z</time>
      </trkpt>
      <trkpt lat="46.318797" lon="11.488393">
        <ele>1436.731047</ele>
        <time>2026-09-02T16:40:44.113Z</time>
      </trkpt>
      <trkpt lat="46.318892" lon="11.488097">
        <ele>1436.803004</ele>
        <time>2026-09-02T16:40:46.286Z</time>
      </trkpt>
      <trkpt lat="46.318959" lon="11.487785">
        <ele>1436.875035</ele>
        <time>2026-09-02T16:40:48.962Z</time>
      </trkpt>
      <trkpt lat="46.319103" lon="11.486802">
        <ele>1438.328808</ele>
        <time>2026-09-02T16:40:59.721Z</time>
      </trkpt>
      <trkpt lat="46.319151" lon="11.486649">
        <ele>1438.765112</ele>
        <time>2026-09-02T16:41:01.830Z</time>
      </trkpt>
      <trkpt lat="46.319253" lon="11.486559">
        <ele>1439.214151</ele>
        <time>2026-09-02T16:41:04.065Z</time>
      </trkpt>
      <trkpt lat="46.319379" lon="11.486530">
        <ele>1439.693772</ele>
        <time>2026-09-02T16:41:06.540Z</time>
      </trkpt>
      <trkpt lat="46.319966" lon="11.486469">
        <ele>1441.906170</ele>
        <time>2026-09-02T16:41:18.389Z</time>
      </trkpt>
      <trkpt lat="46.321107" lon="11.486270">
        <ele>1444.976474</ele>
        <time>2026-09-02T16:41:39.358Z</time>
      </trkpt>
      <trkpt lat="46.321714" lon="11.486184">
        <ele>1446.114790</ele>
        <time>2026-09-02T16:41:46.952Z</time>
      </trkpt>
      <trkpt lat="46.322202" lon="11.486115">
        <ele>1447.029925</ele>
        <time>2026-09-02T16:41:51.484Z</time>
      </trkpt>
      <trkpt lat="46.322739" lon="11.486102">
        <ele>1446.673920</ele>
        <time>2026-09-02T16:41:55.567Z</time>
      </trkpt>
      <trkpt lat="46.323180" lon="11.486217">
        <ele>1446.290545</ele>
        <time>2026-09-02T16:41:58.789Z</time>
      </trkpt>
      <trkpt lat="46.323409" lon="11.486244">
        <ele>1446.093972</ele>
        <time>2026-09-02T16:42:00.532Z</time>
      </trkpt>
      <trkpt lat="46.324604" lon="11.486020">
        <ele>1445.160619</ele>
        <time>2026-09-02T16:42:09.253Z</time>
      </trkpt>
      <trkpt lat="46.324842" lon="11.485892">
        <ele>1444.985881</ele>
        <time>2026-09-02T16:42:11.054Z</time>
      </trkpt>
      <trkpt lat="46.325125" lon="11.485647">
        <ele>1444.758950</ele>
        <time>2026-09-02T16:42:13.413Z</time>
      </trkpt>
      <trkpt lat="46.325241" lon="11.485512">
        <ele>1444.656524</ele>
        <time>2026-09-02T16:42:14.485Z</time>
      </trkpt>
      <trkpt lat="46.326209" lon="11.484795">
        <ele>1444.407290</ele>
        <time>2026-09-02T16:42:25.038Z</time>
      </trkpt>
      <trkpt lat="46.326323" lon="11.484777">
        <ele>1444.423077</ele>
        <time>2026-09-02T16:42:26.591Z</time>
      </trkpt>
      <trkpt lat="46.326686" lon="11.484880">
        <ele>1444.473998</ele>
        <time>2026-09-02T16:42:31.134Z</time>
      </trkpt>
      <trkpt lat="46.326815" lon="11.484852">
        <ele>1444.491955</ele>
        <time>2026-09-02T16:42:32.388Z</time>
      </trkpt>
      <trkpt lat="46.327224" lon="11.484499">
        <ele>1444.557501</ele>
        <time>2026-09-02T16:42:36.190Z</time>
      </trkpt>
      <trkpt lat="46.327344" lon="11.484345">
        <ele>1444.351376</ele>
        <time>2026-09-02T16:42:37.339Z</time>
      </trkpt>
      <trkpt lat="46.327387" lon="11.484241">
        <ele>1444.028584</ele>
        <time>2026-09-02T16:42:37.914Z</time>
      </trkpt>
      <trkpt lat="46.327340" lon="11.484189">
        <ele>1443.800494</ele>
        <time>2026-09-02T16:42:41.784Z</time>
      </trkpt>
      <trkpt lat="46.327289" lon="11.484114">
        <ele>1443.520194</ele>
        <time>2026-09-02T16:42:46.538Z</time>
      </trkpt>
      <trkpt lat="46.326986" lon="11.484022">
        <ele>1442.326324</ele>
        <time>2026-09-02T16:43:05.978Z</time>
      </trkpt>
      <trkpt lat="46.326359" lon="11.484061">
        <ele>1439.906186</ele>
        <time>2026-09-02T16:43:42.696Z</time>
      </trkpt>
      <trkpt lat="46.326374" lon="11.483832">
        <ele>1439.293627</ele>
        <time>2026-09-02T16:43:51.662Z</time>
      </trkpt>
      <trkpt lat="46.326268" lon="11.483842">
        <ele>1438.883991</ele>
        <time>2026-09-02T16:43:52.243Z</time>
      </trkpt>
      <trkpt lat="46.325561" lon="11.484213">
        <ele>1435.266411</ele>
        <time>2026-09-02T16:43:56.419Z</time>
      </trkpt>
      <trkpt lat="46.324151" lon="11.484257">
        <ele>1427.500810</ele>
        <time>2026-09-02T16:44:04.229Z</time>
      </trkpt>
      <trkpt lat="46.323735" lon="11.484408">
        <ele>1425.520432</ele>
        <time>2026-09-02T16:44:06.732Z</time>
      </trkpt>
      <trkpt lat="46.322802" lon="11.484238">
        <ele>1421.178181</ele>
        <time>2026-09-02T16:44:12.234Z</time>
      </trkpt>
      <trkpt lat="46.322582" lon="11.484262">
        <ele>1420.159417</ele>
        <time>2026-09-02T16:44:13.496Z</time>
      </trkpt>
      <trkpt lat="46.322362" lon="11.484350">
        <ele>1419.026938</ele>
        <time>2026-09-02T16:44:14.787Z</time>
      </trkpt>
      <trkpt lat="46.322188" lon="11.484331">
        <ele>1417.990396</ele>
        <time>2026-09-02T16:44:15.764Z</time>
      </trkpt>
      <trkpt lat="46.320973" lon="11.483772">
        <ele>1410.417395</ele>
        <time>2026-09-02T16:44:22.740Z</time>
      </trkpt>
      <trkpt lat="46.320312" lon="11.483143">
        <ele>1406.077713</ele>
        <time>2026-09-02T16:44:27.071Z</time>
      </trkpt>
      <trkpt lat="46.319684" lon="11.482231">
        <ele>1401.431233</ele>
        <time>2026-09-02T16:44:32.045Z</time>
      </trkpt>
      <trkpt lat="46.318989" lon="11.481097">
        <ele>1396.886682</ele>
        <time>2026-09-02T16:44:38.235Z</time>
      </trkpt>
      <trkpt lat="46.318332" lon="11.480214">
        <ele>1393.502232</ele>
        <time>2026-09-02T16:44:43.662Z</time>
      </trkpt>
      <trkpt lat="46.317644" lon="11.479548">
        <ele>1389.184481</ele>
        <time>2026-09-02T16:44:48.462Z</time>
      </trkpt>
      <trkpt lat="46.317198" lon="11.479019">
        <ele>1385.788746</ele>
        <time>2026-09-02T16:44:51.584Z</time>
      </trkpt>
      <trkpt lat="46.316615" lon="11.477790">
        <ele>1379.828200</ele>
        <time>2026-09-02T16:44:57.140Z</time>
      </trkpt>
      <trkpt lat="46.316448" lon="11.477404">
        <ele>1378.063753</ele>
        <time>2026-09-02T16:44:58.866Z</time>
      </trkpt>
      <trkpt lat="46.316365" lon="11.477236">
        <ele>1377.263586</ele>
        <time>2026-09-02T16:44:59.657Z</time>
      </trkpt>
      <trkpt lat="46.315844" lon="11.476134">
        <ele>1372.090239</ele>
        <time>2026-09-02T16:45:04.895Z</time>
      </trkpt>
      <trkpt lat="46.315150" lon="11.474673">
        <ele>1367.254964</ele>
        <time>2026-09-02T16:45:11.895Z</time>
      </trkpt>
      <trkpt lat="46.314946" lon="11.473842">
        <ele>1364.890426</ele>
        <time>2026-09-02T16:45:15.670Z</time>
      </trkpt>
      <trkpt lat="46.314619" lon="11.471929">
        <ele>1360.820320</ele>
        <time>2026-09-02T16:45:25.070Z</time>
      </trkpt>
      <trkpt lat="46.314553" lon="11.471748">
        <ele>1360.398711</ele>
        <time>2026-09-02T16:45:25.897Z</time>
      </trkpt>
      <trkpt lat="46.314261" lon="11.471520">
        <ele>1359.258736</ele>
        <time>2026-09-02T16:45:27.776Z</time>
      </trkpt>
      <trkpt lat="46.313454" lon="11.470980">
        <ele>1350.983633</ele>
        <time>2026-09-02T16:45:32.473Z</time>
      </trkpt>
      <trkpt lat="46.313357" lon="11.470988">
        <ele>1350.079287</ele>
        <time>2026-09-02T16:45:32.972Z</time>
      </trkpt>
      <trkpt lat="46.313284" lon="11.470994">
        <ele>1349.398703</ele>
        <time>2026-09-02T16:45:33.348Z</time>
      </trkpt>
      <trkpt lat="46.312901" lon="11.471234">
        <ele>1345.514110</ele>
        <time>2026-09-02T16:45:35.468Z</time>
      </trkpt>
      <trkpt lat="46.312802" lon="11.471231">
        <ele>1344.592409</ele>
        <time>2026-09-02T16:45:35.970Z</time>
      </trkpt>
      <trkpt lat="46.312725" lon="11.471160">
        <ele>1343.742666</ele>
        <time>2026-09-02T16:45:36.435Z</time>
      </trkpt>
      <trkpt lat="46.312636" lon="11.470713">
        <ele>1340.560137</ele>
        <time>2026-09-02T16:45:38.064Z</time>
      </trkpt>
      <trkpt lat="46.312484" lon="11.470366">
        <ele>1337.663553</ele>
        <time>2026-09-02T16:45:39.505Z</time>
      </trkpt>
      <trkpt lat="46.312500" lon="11.469825">
        <ele>1333.846305</ele>
        <time>2026-09-02T16:45:41.411Z</time>
      </trkpt>
      <trkpt lat="46.312453" lon="11.469675">
        <ele>1332.685175</ele>
        <time>2026-09-02T16:45:41.999Z</time>
      </trkpt>
      <trkpt lat="46.312285" lon="11.469450">
        <ele>1330.349448</ele>
        <time>2026-09-02T16:45:43.182Z</time>
      </trkpt>
      <trkpt lat="46.312276" lon="11.469239">
        <ele>1328.859174</ele>
        <time>2026-09-02T16:45:43.948Z</time>
      </trkpt>
      <trkpt lat="46.312260" lon="11.468841">
        <ele>1326.048732</ele>
        <time>2026-09-02T16:45:45.414Z</time>
      </trkpt>
      <trkpt lat="46.312163" lon="11.468362">
        <ele>1322.431913</ele>
        <time>2026-09-02T16:45:47.262Z</time>
      </trkpt>
      <trkpt lat="46.312296" lon="11.467303">
        <ele>1314.442595</ele>
        <time>2026-09-02T16:45:51.101Z</time>
      </trkpt>
      <trkpt lat="46.312250" lon="11.467113">
        <ele>1312.948197</ele>
        <time>2026-09-02T16:45:51.817Z</time>
      </trkpt>
      <trkpt lat="46.311960" lon="11.466882">
        <ele>1309.391328</ele>
        <time>2026-09-02T16:45:53.497Z</time>
      </trkpt>
      <trkpt lat="46.311856" lon="11.466705">
        <ele>1307.666500</ele>
        <time>2026-09-02T16:45:54.307Z</time>
      </trkpt>
      <trkpt lat="46.311817" lon="11.466466">
        <ele>1305.843675</ele>
        <time>2026-09-02T16:45:55.159Z</time>
      </trkpt>
      <trkpt lat="46.311917" lon="11.465161">
        <ele>1297.268558</ele>
        <time>2026-09-02T16:45:59.715Z</time>
      </trkpt>
      <trkpt lat="46.311837" lon="11.464257">
        <ele>1291.388060</ele>
        <time>2026-09-02T16:46:03.111Z</time>
      </trkpt>
      <trkpt lat="46.311907" lon="11.464075">
        <ele>1290.043978</ele>
        <time>2026-09-02T16:46:03.925Z</time>
      </trkpt>
      <trkpt lat="46.312251" lon="11.463516">
        <ele>1285.847792</ele>
        <time>2026-09-02T16:46:06.910Z</time>
      </trkpt>
      <trkpt lat="46.312336" lon="11.463290">
        <ele>1284.534072</ele>
        <time>2026-09-02T16:46:07.923Z</time>
      </trkpt>
      <trkpt lat="46.312334" lon="11.463097">
        <ele>1283.548664</ele>
        <time>2026-09-02T16:46:08.674Z</time>
      </trkpt>
      <trkpt lat="46.312272" lon="11.462944">
        <ele>1282.643077</ele>
        <time>2026-09-02T16:46:09.361Z</time>
      </trkpt>
      <trkpt lat="46.311955" lon="11.462611">
        <ele>1279.748341</ele>
        <time>2026-09-02T16:46:11.486Z</time>
      </trkpt>
      <trkpt lat="46.311442" lon="11.462438">
        <ele>1275.855249</ele>
        <time>2026-09-02T16:46:14.216Z</time>
      </trkpt>
      <trkpt lat="46.311220" lon="11.462403">
        <ele>1273.775630</ele>
        <time>2026-09-02T16:46:15.360Z</time>
      </trkpt>
      <trkpt lat="46.310887" lon="11.462479">
        <ele>1269.865314</ele>
        <time>2026-09-02T16:46:17.070Z</time>
      </trkpt>
      <trkpt lat="46.310783" lon="11.462479">
        <ele>1268.658972</ele>
        <time>2026-09-02T16:46:17.593Z</time>
      </trkpt>
      <trkpt lat="46.310633" lon="11.462390">
        <ele>1266.778598</ele>
        <time>2026-09-02T16:46:18.411Z</time>
      </trkpt>
      <trkpt lat="46.310355" lon="11.461994">
        <ele>1262.254721</ele>
        <time>2026-09-02T16:46:20.384Z</time>
      </trkpt>
      <trkpt lat="46.310216" lon="11.461946">
        <ele>1260.597165</ele>
        <time>2026-09-02T16:46:21.110Z</time>
      </trkpt>
      <trkpt lat="46.310124" lon="11.461966">
        <ele>1259.518052</ele>
        <time>2026-09-02T16:46:21.582Z</time>
      </trkpt>
      <trkpt lat="46.310011" lon="11.462043">
        <ele>1258.069377</ele>
        <time>2026-09-02T16:46:22.215Z</time>
      </trkpt>
      <trkpt lat="46.309653" lon="11.462741">
        <ele>1251.394394</ele>
        <time>2026-09-02T16:46:25.290Z</time>
      </trkpt>
      <trkpt lat="46.309556" lon="11.462859">
        <ele>1250.067602</ele>
        <time>2026-09-02T16:46:25.941Z</time>
      </trkpt>
      <trkpt lat="46.309293" lon="11.462970">
        <ele>1247.198827</ele>
        <time>2026-09-02T16:46:27.346Z</time>
      </trkpt>
      <trkpt lat="46.309263" lon="11.462960">
        <ele>1246.876449</ele>
        <time>2026-09-02T16:46:27.502Z</time>
      </trkpt>
      <trkpt lat="46.309065" lon="11.462889">
        <ele>1244.740345</ele>
        <time>2026-09-02T16:46:28.541Z</time>
      </trkpt>
      <trkpt lat="46.308965" lon="11.462801">
        <ele>1243.514854</ele>
        <time>2026-09-02T16:46:29.143Z</time>
      </trkpt>
      <trkpt lat="46.308888" lon="11.462687">
        <ele>1242.361505</ele>
        <time>2026-09-02T16:46:29.710Z</time>
      </trkpt>
      <trkpt lat="46.308684" lon="11.462157">
        <ele>1237.972631</ele>
        <time>2026-09-02T16:46:31.879Z</time>
      </trkpt>
      <trkpt lat="46.308616" lon="11.461915">
        <ele>1236.082778</ele>
        <time>2026-09-02T16:46:32.813Z</time>
      </trkpt>
      <trkpt lat="46.308408" lon="11.461641">
        <ele>1233.301338</ele>
        <time>2026-09-02T16:46:34.270Z</time>
      </trkpt>
      <trkpt lat="46.308159" lon="11.461312">
        <ele>1230.043093</ele>
        <time>2026-09-02T16:46:36.024Z</time>
      </trkpt>
      <trkpt lat="46.307818" lon="11.460790">
        <ele>1225.246490</ele>
        <time>2026-09-02T16:46:38.599Z</time>
      </trkpt>
      <trkpt lat="46.307695" lon="11.460124">
        <ele>1220.643861</ele>
        <time>2026-09-02T16:46:41.082Z</time>
      </trkpt>
      <trkpt lat="46.307577" lon="11.459898">
        <ele>1218.752484</ele>
        <time>2026-09-02T16:46:42.090Z</time>
      </trkpt>
      <trkpt lat="46.307265" lon="11.459522">
        <ele>1214.518053</ele>
        <time>2026-09-02T16:46:44.176Z</time>
      </trkpt>
      <trkpt lat="46.307148" lon="11.459318">
        <ele>1212.567257</ele>
        <time>2026-09-02T16:46:45.123Z</time>
      </trkpt>
      <trkpt lat="46.306562" lon="11.458676">
        <ele>1204.740019</ele>
        <time>2026-09-02T16:46:48.888Z</time>
      </trkpt>
      <trkpt lat="46.306498" lon="11.458608">
        <ele>1203.894469</ele>
        <time>2026-09-02T16:46:49.292Z</time>
      </trkpt>
      <trkpt lat="46.306233" lon="11.458446">
        <ele>1200.830669</ele>
        <time>2026-09-02T16:46:50.756Z</time>
      </trkpt>
      <trkpt lat="46.306170" lon="11.458439">
        <ele>1200.157700</ele>
        <time>2026-09-02T16:46:51.079Z</time>
      </trkpt>
      <trkpt lat="46.305828" lon="11.458370">
        <ele>1196.758856</ele>
        <time>2026-09-02T16:46:52.844Z</time>
      </trkpt>
      <trkpt lat="46.305544" lon="11.458205">
        <ele>1193.905477</ele>
        <time>2026-09-02T16:46:54.426Z</time>
      </trkpt>
      <trkpt lat="46.305369" lon="11.458013">
        <ele>1191.858036</ele>
        <time>2026-09-02T16:46:55.570Z</time>
      </trkpt>
      <trkpt lat="46.305321" lon="11.457960">
        <ele>1191.295138</ele>
        <time>2026-09-02T16:46:55.884Z</time>
      </trkpt>
      <trkpt lat="46.305242" lon="11.457722">
        <ele>1189.594328</ele>
        <time>2026-09-02T16:46:56.825Z</time>
      </trkpt>
      <trkpt lat="46.305134" lon="11.457010">
        <ele>1184.898878</ele>
        <time>2026-09-02T16:46:59.441Z</time>
      </trkpt>
      <trkpt lat="46.305055" lon="11.456783">
        <ele>1183.261641</ele>
        <time>2026-09-02T16:47:00.381Z</time>
      </trkpt>
      <trkpt lat="46.304865" lon="11.456656">
        <ele>1181.421077</ele>
        <time>2026-09-02T16:47:01.521Z</time>
      </trkpt>
      <trkpt lat="46.304724" lon="11.456652">
        <ele>1180.334385</ele>
        <time>2026-09-02T16:47:02.281Z</time>
      </trkpt>
      <trkpt lat="46.304486" lon="11.456605">
        <ele>1178.483474</ele>
        <time>2026-09-02T16:47:03.571Z</time>
      </trkpt>
      <trkpt lat="46.304078" lon="11.456439">
        <ele>1175.217781</ele>
        <time>2026-09-02T16:47:05.839Z</time>
      </trkpt>
      <trkpt lat="46.303991" lon="11.456400">
        <ele>1174.515988</ele>
        <time>2026-09-02T16:47:06.325Z</time>
      </trkpt>
      <trkpt lat="46.303631" lon="11.456233">
        <ele>1171.603020</ele>
        <time>2026-09-02T16:47:11.976Z</time>
      </trkpt>
      <trkpt lat="46.303325" lon="11.456000">
        <ele>1168.938792</ele>
        <time>2026-09-02T16:47:17.239Z</time>
      </trkpt>
      <trkpt lat="46.303254" lon="11.455932">
        <ele>1168.282785</ele>
        <time>2026-09-02T16:47:18.573Z</time>
      </trkpt>
      <trkpt lat="46.303164" lon="11.455892">
        <ele>1167.862615</ele>
        <time>2026-09-02T16:47:20.050Z</time>
      </trkpt>
      <trkpt lat="46.302891" lon="11.455823">
        <ele>1166.953578</ele>
        <time>2026-09-02T16:47:24.374Z</time>
      </trkpt>
      <trkpt lat="46.302725" lon="11.455816">
        <ele>1166.408838</ele>
        <time>2026-09-02T16:47:26.959Z</time>
      </trkpt>
      <trkpt lat="46.302669" lon="11.455700">
        <ele>1166.088148</ele>
        <time>2026-09-02T16:47:28.482Z</time>
      </trkpt>
      <trkpt lat="46.302667" lon="11.455574">
        <ele>1165.802543</ele>
        <time>2026-09-02T16:47:29.860Z</time>
      </trkpt>
      <trkpt lat="46.302715" lon="11.455484">
        <ele>1165.544890</ele>
        <time>2026-09-02T16:47:31.160Z</time>
      </trkpt>
      <trkpt lat="46.303020" lon="11.455296">
        <ele>1164.457504</ele>
        <time>2026-09-02T16:47:37.039Z</time>
      </trkpt>
      <trkpt lat="46.303123" lon="11.455138">
        <ele>1163.965222</ele>
        <time>2026-09-02T16:47:38.025Z</time>
      </trkpt>
      <trkpt lat="46.303189" lon="11.454958">
        <ele>1163.503434</ele>
        <time>2026-09-02T16:47:39.098Z</time>
      </trkpt>
      <trkpt lat="46.303205" lon="11.454757">
        <ele>1163.044938</ele>
        <time>2026-09-02T16:47:40.529Z</time>
      </trkpt>
      <trkpt lat="46.303180" lon="11.454598">
        <ele>1162.675416</ele>
        <time>2026-09-02T16:47:41.960Z</time>
      </trkpt>
      <trkpt lat="46.303164" lon="11.454493">
        <ele>1162.431758</ele>
        <time>2026-09-02T16:47:42.897Z</time>
      </trkpt>
      <trkpt lat="46.303129" lon="11.454403">
        <ele>1162.197717</ele>
        <time>2026-09-02T16:47:44.064Z</time>
      </trkpt>
      <trkpt lat="46.303030" lon="11.454256">
        <ele>1162.155474</ele>
        <time>2026-09-02T16:47:46.447Z</time>
      </trkpt>
      <trkpt lat="46.302597" lon="11.453712">
        <ele>1162.017243</ele>
        <time>2026-09-02T16:47:54.202Z</time>
      </trkpt>
      <trkpt lat="46.302225" lon="11.453279">
        <ele>1161.902156</ele>
        <time>2026-09-02T16:47:59.277Z</time>
      </trkpt>
      <trkpt lat="46.302045" lon="11.453211">
        <ele>1161.857305</ele>
        <time>2026-09-02T16:48:00.546Z</time>
      </trkpt>
      <trkpt lat="46.301612" lon="11.453169">
        <ele>1161.688961</ele>
        <time>2026-09-02T16:48:03.256Z</time>
      </trkpt>
      <trkpt lat="46.301394" lon="11.453252">
        <ele>1160.356625</ele>
        <time>2026-09-02T16:48:04.589Z</time>
      </trkpt>
      <trkpt lat="46.301261" lon="11.453314">
        <ele>1159.530755</ele>
        <time>2026-09-02T16:48:05.397Z</time>
      </trkpt>
      <trkpt lat="46.301182" lon="11.453308">
        <ele>1159.063177</ele>
        <time>2026-09-02T16:48:05.850Z</time>
      </trkpt>
      <trkpt lat="46.301125" lon="11.453279">
        <ele>1158.706068</ele>
        <time>2026-09-02T16:48:06.193Z</time>
      </trkpt>
      <trkpt lat="46.301014" lon="11.453140">
        <ele>1157.838542</ele>
        <time>2026-09-02T16:48:07.019Z</time>
      </trkpt>
      <trkpt lat="46.300492" lon="11.451904">
        <ele>1151.923050</ele>
        <time>2026-09-02T16:48:12.477Z</time>
      </trkpt>
      <trkpt lat="46.300356" lon="11.451706">
        <ele>1150.528169</ele>
        <time>2026-09-02T16:48:13.491Z</time>
      </trkpt>
      <trkpt lat="46.300249" lon="11.451663">
        <ele>1149.382071</ele>
        <time>2026-09-02T16:48:14.069Z</time>
      </trkpt>
      <trkpt lat="46.300137" lon="11.451689">
        <ele>1148.211371</ele>
        <time>2026-09-02T16:48:14.661Z</time>
      </trkpt>
      <trkpt lat="46.300036" lon="11.451792">
        <ele>1146.936227</ele>
        <time>2026-09-02T16:48:15.298Z</time>
      </trkpt>
      <trkpt lat="46.299780" lon="11.452397">
        <ele>1141.877492</ele>
        <time>2026-09-02T16:48:17.801Z</time>
      </trkpt>
      <trkpt lat="46.299741" lon="11.452541">
        <ele>1140.774627</ele>
        <time>2026-09-02T16:48:18.344Z</time>
      </trkpt>
      <trkpt lat="46.299320" lon="11.453729">
        <ele>1131.452960</ele>
        <time>2026-09-02T16:48:23.049Z</time>
      </trkpt>
      <trkpt lat="46.299214" lon="11.454272">
        <ele>1128.041417</ele>
        <time>2026-09-02T16:48:25.072Z</time>
      </trkpt>
      <trkpt lat="46.299162" lon="11.454803">
        <ele>1124.798865</ele>
        <time>2026-09-02T16:48:27.019Z</time>
      </trkpt>
      <trkpt lat="46.298883" lon="11.457400">
        <ele>1110.157545</ele>
        <time>2026-09-02T16:48:36.676Z</time>
      </trkpt>
      <trkpt lat="46.298863" lon="11.457532">
        <ele>1109.469475</ele>
        <time>2026-09-02T16:48:37.172Z</time>
      </trkpt>
      <trkpt lat="46.298785" lon="11.457702">
        <ele>1108.430407</ele>
        <time>2026-09-02T16:48:37.922Z</time>
      </trkpt>
      <trkpt lat="46.298669" lon="11.457752">
        <ele>1107.538427</ele>
        <time>2026-09-02T16:48:38.568Z</time>
      </trkpt>
      <trkpt lat="46.298608" lon="11.457703">
        <ele>1107.024288</ele>
        <time>2026-09-02T16:48:38.942Z</time>
      </trkpt>
      <trkpt lat="46.298529" lon="11.457639">
        <ele>1106.357094</ele>
        <time>2026-09-02T16:48:39.428Z</time>
      </trkpt>
      <trkpt lat="46.298058" lon="11.456656">
        <ele>1100.935063</ele>
        <time>2026-09-02T16:48:43.925Z</time>
      </trkpt>
      <trkpt lat="46.297927" lon="11.456097">
        <ele>1098.538883</ele>
        <time>2026-09-02T16:48:46.195Z</time>
      </trkpt>
      <trkpt lat="46.297731" lon="11.454879">
        <ele>1093.462192</ele>
        <time>2026-09-02T16:48:51.006Z</time>
      </trkpt>
      <trkpt lat="46.297662" lon="11.454719">
        <ele>1092.699013</ele>
        <time>2026-09-02T16:48:51.732Z</time>
      </trkpt>
      <trkpt lat="46.297553" lon="11.454689">
        <ele>1092.052452</ele>
        <time>2026-09-02T16:48:52.346Z</time>
      </trkpt>
      <trkpt lat="46.297490" lon="11.454722">
        <ele>1091.662027</ele>
        <time>2026-09-02T16:48:52.720Z</time>
      </trkpt>
      <trkpt lat="46.297409" lon="11.454891">
        <ele>1090.833911</ele>
        <time>2026-09-02T16:48:53.505Z</time>
      </trkpt>
      <trkpt lat="46.297301" lon="11.455906">
        <ele>1086.699144</ele>
        <time>2026-09-02T16:48:57.436Z</time>
      </trkpt>
      <trkpt lat="46.297069" lon="11.457496">
        <ele>1079.952782</ele>
        <time>2026-09-02T16:49:03.623Z</time>
      </trkpt>
      <trkpt lat="46.297013" lon="11.457664">
        <ele>1079.137019</ele>
        <time>2026-09-02T16:49:04.334Z</time>
      </trkpt>
      <trkpt lat="46.296899" lon="11.457818">
        <ele>1078.149952</ele>
        <time>2026-09-02T16:49:05.188Z</time>
      </trkpt>
      <trkpt lat="46.296774" lon="11.457920">
        <ele>1077.241643</ele>
        <time>2026-09-02T16:49:05.976Z</time>
      </trkpt>
      <trkpt lat="46.296606" lon="11.457916">
        <ele>1076.178097</ele>
        <time>2026-09-02T16:49:06.892Z</time>
      </trkpt>
      <trkpt lat="46.296522" lon="11.457858">
        <ele>1075.588989</ele>
        <time>2026-09-02T16:49:07.400Z</time>
      </trkpt>
      <trkpt lat="46.296448" lon="11.457766">
        <ele>1074.971501</ele>
        <time>2026-09-02T16:49:07.929Z</time>
      </trkpt>
      <trkpt lat="46.296347" lon="11.457551">
        <ele>1073.834466</ele>
        <time>2026-09-02T16:49:08.902Z</time>
      </trkpt>
      <trkpt lat="46.296258" lon="11.457131">
        <ele>1071.913179</ele>
        <time>2026-09-02T16:49:10.546Z</time>
      </trkpt>
      <trkpt lat="46.296176" lon="11.456458">
        <ele>1069.013352</ele>
        <time>2026-09-02T16:49:13.108Z</time>
      </trkpt>
      <trkpt lat="46.296022" lon="11.455779">
        <ele>1066.013799</ele>
        <time>2026-09-02T16:49:15.799Z</time>
      </trkpt>
      <trkpt lat="46.295938" lon="11.455440">
        <ele>1064.502193</ele>
        <time>2026-09-02T16:49:17.158Z</time>
      </trkpt>
      <trkpt lat="46.295569" lon="11.454171">
        <ele>1058.324848</ele>
        <time>2026-09-02T16:49:22.496Z</time>
      </trkpt>
      <trkpt lat="46.295397" lon="11.453578">
        <ele>1054.899346</ele>
        <time>2026-09-02T16:49:24.947Z</time>
      </trkpt>
      <trkpt lat="46.295216" lon="11.453307">
        <ele>1052.891785</ele>
        <time>2026-09-02T16:49:26.347Z</time>
      </trkpt>
      <trkpt lat="46.295036" lon="11.453275">
        <ele>1051.493780</ele>
        <time>2026-09-02T16:49:27.309Z</time>
      </trkpt>
      <trkpt lat="46.294907" lon="11.453340">
        <ele>1050.440807</ele>
        <time>2026-09-02T16:49:28.027Z</time>
      </trkpt>
      <trkpt lat="46.294785" lon="11.453501">
        <ele>1049.168071</ele>
        <time>2026-09-02T16:49:28.886Z</time>
      </trkpt>
      <trkpt lat="46.294729" lon="11.453704">
        <ele>1048.003829</ele>
        <time>2026-09-02T16:49:29.671Z</time>
      </trkpt>
      <trkpt lat="46.294703" lon="11.454083">
        <ele>1045.862369</ele>
        <time>2026-09-02T16:49:31.025Z</time>
      </trkpt>
      <trkpt lat="46.294717" lon="11.455039">
        <ele>1039.192457</ele>
        <time>2026-09-02T16:49:34.391Z</time>
      </trkpt>
      <trkpt lat="46.294577" lon="11.455688">
        <ele>1034.449969</ele>
        <time>2026-09-02T16:49:36.813Z</time>
      </trkpt>
      <trkpt lat="46.294175" lon="11.457069">
        <ele>1024.808969</ele>
        <time>2026-09-02T16:49:42.208Z</time>
      </trkpt>
      <trkpt lat="46.294057" lon="11.457372">
        <ele>1022.853552</ele>
        <time>2026-09-02T16:49:43.462Z</time>
      </trkpt>
      <trkpt lat="46.293941" lon="11.457539">
        <ele>1021.522260</ele>
        <time>2026-09-02T16:49:44.321Z</time>
      </trkpt>
      <trkpt lat="46.293802" lon="11.457646">
        <ele>1020.241243</ele>
        <time>2026-09-02T16:49:45.149Z</time>
      </trkpt>
      <trkpt lat="46.293611" lon="11.457662">
        <ele>1018.684553</ele>
        <time>2026-09-02T16:49:46.160Z</time>
      </trkpt>
      <trkpt lat="46.293393" lon="11.457496">
        <ele>1016.680240</ele>
        <time>2026-09-02T16:49:47.478Z</time>
      </trkpt>
      <trkpt lat="46.293344" lon="11.457423">
        <ele>1016.108055</ele>
        <time>2026-09-02T16:49:47.852Z</time>
      </trkpt>
      <trkpt lat="46.293288" lon="11.457249">
        <ele>1015.028896</ele>
        <time>2026-09-02T16:49:48.564Z</time>
      </trkpt>
      <trkpt lat="46.293260" lon="11.457065">
        <ele>1013.969636</ele>
        <time>2026-09-02T16:49:49.261Z</time>
      </trkpt>
      <trkpt lat="46.293213" lon="11.456215">
        <ele>1011.453382</ele>
        <time>2026-09-02T16:49:52.483Z</time>
      </trkpt>
      <trkpt lat="46.293144" lon="11.456051">
        <ele>1010.936363</ele>
        <time>2026-09-02T16:49:53.265Z</time>
      </trkpt>
      <trkpt lat="46.293011" lon="11.455999">
        <ele>1010.399489</ele>
        <time>2026-09-02T16:49:54.105Z</time>
      </trkpt>
      <trkpt lat="46.292899" lon="11.456025">
        <ele>1009.957453</ele>
        <time>2026-09-02T16:49:54.810Z</time>
      </trkpt>
      <trkpt lat="46.292844" lon="11.455944">
        <ele>1009.651661</ele>
        <time>2026-09-02T16:49:55.305Z</time>
      </trkpt>
      <trkpt lat="46.292767" lon="11.455966">
        <ele>1009.345805</ele>
        <time>2026-09-02T16:49:55.803Z</time>
      </trkpt>
      <trkpt lat="46.292743" lon="11.456013">
        <ele>1009.188440</ele>
        <time>2026-09-02T16:49:56.060Z</time>
      </trkpt>
      <trkpt lat="46.292620" lon="11.455919">
        <ele>1008.646391</ele>
        <time>2026-09-02T16:49:56.946Z</time>
      </trkpt>
      <trkpt lat="46.292485" lon="11.455818">
        <ele>1008.054166</ele>
        <time>2026-09-02T16:49:57.915Z</time>
      </trkpt>
      <trkpt lat="46.291944" lon="11.455452">
        <ele>1006.177909</ele>
        <time>2026-09-02T16:50:01.732Z</time>
      </trkpt>
      <trkpt lat="46.290700" lon="11.454702">
        <ele>1003.846747</ele>
        <time>2026-09-02T16:50:10.975Z</time>
      </trkpt>
      <trkpt lat="46.290097" lon="11.454324">
        <ele>1002.861688</ele>
        <time>2026-09-02T16:50:15.498Z</time>
      </trkpt>
      <trkpt lat="46.289913" lon="11.454116">
        <ele>1002.543299</ele>
        <time>2026-09-02T16:50:17.103Z</time>
      </trkpt>
      <trkpt lat="46.289690" lon="11.453742">
        <ele>1002.077819</ele>
        <time>2026-09-02T16:50:19.456Z</time>
      </trkpt>
      <trkpt lat="46.289358" lon="11.452744">
        <ele>1001.034099</ele>
        <time>2026-09-02T16:50:24.924Z</time>
      </trkpt>
      <trkpt lat="46.288969" lon="11.451520">
        <ele>1000.354143</ele>
        <time>2026-09-02T16:50:31.643Z</time>
      </trkpt>
      <trkpt lat="46.288919" lon="11.451249">
        <ele>1000.218695</ele>
        <time>2026-09-02T16:50:33.105Z</time>
      </trkpt>
      <trkpt lat="46.288894" lon="11.450955">
        <ele>1000.075654</ele>
        <time>2026-09-02T16:50:34.688Z</time>
      </trkpt>
      <trkpt lat="46.288900" lon="11.450667">
        <ele>999.936518</ele>
        <time>2026-09-02T16:50:36.268Z</time>
      </trkpt>
      <trkpt lat="46.288938" lon="11.450380">
        <ele>999.795407</ele>
        <time>2026-09-02T16:50:37.908Z</time>
      </trkpt>
      <trkpt lat="46.289333" lon="11.448858">
        <ele>1000.341681</ele>
        <time>2026-09-02T16:50:49.212Z</time>
      </trkpt>
      <trkpt lat="46.289392" lon="11.448552">
        <ele>1000.477321</ele>
        <time>2026-09-02T16:50:51.645Z</time>
      </trkpt>
      <trkpt lat="46.289395" lon="11.448470">
        <ele>1000.512380</ele>
        <time>2026-09-02T16:50:52.258Z</time>
      </trkpt>
      <trkpt lat="46.289373" lon="11.447664">
        <ele>1000.875552</ele>
        <time>2026-09-02T16:50:58.352Z</time>
      </trkpt>
      <trkpt lat="46.289362" lon="11.447349">
        <ele>1001.098843</ele>
        <time>2026-09-02T16:51:01.060Z</time>
      </trkpt>
      <trkpt lat="46.289352" lon="11.446853">
        <ele>1001.450138</ele>
        <time>2026-09-02T16:51:05.476Z</time>
      </trkpt>
      <trkpt lat="46.289336" lon="11.446486">
        <ele>1001.710475</ele>
        <time>2026-09-02T16:51:08.390Z</time>
      </trkpt>
      <trkpt lat="46.289306" lon="11.446261">
        <ele>1001.872704</ele>
        <time>2026-09-02T16:51:10.397Z</time>
      </trkpt>
      <trkpt lat="46.289233" lon="11.446026">
        <ele>1002.055111</ele>
        <time>2026-09-02T16:51:12.333Z</time>
      </trkpt>
      <trkpt lat="46.289159" lon="11.445880">
        <ele>1002.183296</ele>
        <time>2026-09-02T16:51:13.560Z</time>
      </trkpt>
      <trkpt lat="46.288996" lon="11.445725">
        <ele>1002.383119</ele>
        <time>2026-09-02T16:51:15.560Z</time>
      </trkpt>
      <trkpt lat="46.288796" lon="11.445597">
        <ele>1002.607166</ele>
        <time>2026-09-02T16:51:17.588Z</time>
      </trkpt>
      <trkpt lat="46.288666" lon="11.445518">
        <ele>1002.699960</ele>
        <time>2026-09-02T16:51:19.109Z</time>
      </trkpt>
      <trkpt lat="46.288656" lon="11.445368">
        <ele>1002.738295</ele>
        <time>2026-09-02T16:51:20.430Z</time>
      </trkpt>
      <trkpt lat="46.288597" lon="11.445299">
        <ele>1002.766220</ele>
        <time>2026-09-02T16:51:21.242Z</time>
      </trkpt>
      <trkpt lat="46.288521" lon="11.445298">
        <ele>1002.794199</ele>
        <time>2026-09-02T16:51:22.262Z</time>
      </trkpt>
      <trkpt lat="46.288467" lon="11.445356">
        <ele>1002.818955</ele>
        <time>2026-09-02T16:51:22.939Z</time>
      </trkpt>
      <trkpt lat="46.288181" lon="11.445133">
        <ele>1002.938550</ele>
        <time>2026-09-02T16:51:26.359Z</time>
      </trkpt>
      <trkpt lat="46.288039" lon="11.444926">
        <ele>1003.012749</ele>
        <time>2026-09-02T16:51:28.159Z</time>
      </trkpt>
      <trkpt lat="46.287950" lon="11.444717">
        <ele>1003.075200</ele>
        <time>2026-09-02T16:51:29.695Z</time>
      </trkpt>
      <trkpt lat="46.287860" lon="11.444307">
        <ele>1003.184635</ele>
        <time>2026-09-02T16:51:32.249Z</time>
      </trkpt>
      <trkpt lat="46.287793" lon="11.443348">
        <ele>1003.101575</ele>
        <time>2026-09-02T16:51:38.961Z</time>
      </trkpt>
      <trkpt lat="46.287783" lon="11.442715">
        <ele>1002.715988</ele>
        <time>2026-09-02T16:51:42.680Z</time>
      </trkpt>
      <trkpt lat="46.287774" lon="11.442648">
        <ele>1002.674422</ele>
        <time>2026-09-02T16:51:43.048Z</time>
      </trkpt>
      <trkpt lat="46.287628" lon="11.441988">
        <ele>1002.252402</ele>
        <time>2026-09-02T16:51:46.620Z</time>
      </trkpt>
      <trkpt lat="46.287483" lon="11.441664">
        <ele>1002.017327</ele>
        <time>2026-09-02T16:51:48.569Z</time>
      </trkpt>
      <trkpt lat="46.287185" lon="11.441002">
        <ele>1000.680798</ele>
        <time>2026-09-02T16:51:52.118Z</time>
      </trkpt>
      <trkpt lat="46.286955" lon="11.440525">
        <ele>998.896436</ele>
        <time>2026-09-02T16:51:54.511Z</time>
      </trkpt>
      <trkpt lat="46.286910" lon="11.440432">
        <ele>998.548141</ele>
        <time>2026-09-02T16:51:54.974Z</time>
      </trkpt>
      <trkpt lat="46.286844" lon="11.440427">
        <ele>998.254741</ele>
        <time>2026-09-02T16:51:55.357Z</time>
      </trkpt>
      <trkpt lat="46.286737" lon="11.440352">
        <ele>997.726935</ele>
        <time>2026-09-02T16:51:56.050Z</time>
      </trkpt>
      <trkpt lat="46.286542" lon="11.440043">
        <ele>996.443177</ele>
        <time>2026-09-02T16:51:57.704Z</time>
      </trkpt>
      <trkpt lat="46.286190" lon="11.439438">
        <ele>994.016895</ele>
        <time>2026-09-02T16:52:00.736Z</time>
      </trkpt>
      <trkpt lat="46.285264" lon="11.438455">
        <ele>985.381043</ele>
        <time>2026-09-02T16:52:06.861Z</time>
      </trkpt>
      <trkpt lat="46.284825" lon="11.438192">
        <ele>981.731586</ele>
        <time>2026-09-02T16:52:09.364Z</time>
      </trkpt>
      <trkpt lat="46.284636" lon="11.438084">
        <ele>980.170810</ele>
        <time>2026-09-02T16:52:10.434Z</time>
      </trkpt>
      <trkpt lat="46.284486" lon="11.437914">
        <ele>978.753774</ele>
        <time>2026-09-02T16:52:11.438Z</time>
      </trkpt>
      <trkpt lat="46.284371" lon="11.437736">
        <ele>977.508737</ele>
        <time>2026-09-02T16:52:12.325Z</time>
      </trkpt>
      <trkpt lat="46.283770" lon="11.436804">
        <ele>970.995483</ele>
        <time>2026-09-02T16:52:17.020Z</time>
      </trkpt>
      <trkpt lat="46.283702" lon="11.436722">
        <ele>970.341023</ele>
        <time>2026-09-02T16:52:17.504Z</time>
      </trkpt>
      <trkpt lat="46.283577" lon="11.436571">
        <ele>969.137105</ele>
        <time>2026-09-02T16:52:18.393Z</time>
      </trkpt>
      <trkpt lat="46.283553" lon="11.436547">
        <ele>968.921408</ele>
        <time>2026-09-02T16:52:18.552Z</time>
      </trkpt>
      <trkpt lat="46.282854" lon="11.435820">
        <ele>962.934674</ele>
        <time>2026-09-02T16:52:23.242Z</time>
      </trkpt>
      <trkpt lat="46.282358" lon="11.435306">
        <ele>958.840434</ele>
        <time>2026-09-02T16:52:26.515Z</time>
      </trkpt>
      <trkpt lat="46.282179" lon="11.435150">
        <ele>957.438109</ele>
        <time>2026-09-02T16:52:27.645Z</time>
      </trkpt>
      <trkpt lat="46.281911" lon="11.434996">
        <ele>955.502938</ele>
        <time>2026-09-02T16:52:29.213Z</time>
      </trkpt>
      <trkpt lat="46.281688" lon="11.434887">
        <ele>953.977759</ele>
        <time>2026-09-02T16:52:30.510Z</time>
      </trkpt>
      <trkpt lat="46.281375" lon="11.434768">
        <ele>951.986242</ele>
        <time>2026-09-02T16:52:32.279Z</time>
      </trkpt>
      <trkpt lat="46.281185" lon="11.434696">
        <ele>950.777588</ele>
        <time>2026-09-02T16:52:33.357Z</time>
      </trkpt>
      <trkpt lat="46.280758" lon="11.434547">
        <ele>948.074587</ele>
        <time>2026-09-02T16:52:35.757Z</time>
      </trkpt>
      <trkpt lat="46.280578" lon="11.434488">
        <ele>946.938838</ele>
        <time>2026-09-02T16:52:36.779Z</time>
      </trkpt>
      <trkpt lat="46.280482" lon="11.434454">
        <ele>946.330634</ele>
        <time>2026-09-02T16:52:37.350Z</time>
      </trkpt>
      <trkpt lat="46.280094" lon="11.434316">
        <ele>943.871884</ele>
        <time>2026-09-02T16:52:39.695Z</time>
      </trkpt>
      <trkpt lat="46.279817" lon="11.434227">
        <ele>941.498017</ele>
        <time>2026-09-02T16:52:41.229Z</time>
      </trkpt>
      <trkpt lat="46.279747" lon="11.434198">
        <ele>940.846834</ele>
        <time>2026-09-02T16:52:41.606Z</time>
      </trkpt>
      <trkpt lat="46.279654" lon="11.434173">
        <ele>940.000880</ele>
        <time>2026-09-02T16:52:42.099Z</time>
      </trkpt>
      <trkpt lat="46.279544" lon="11.434144">
        <ele>939.000927</ele>
        <time>2026-09-02T16:52:42.674Z</time>
      </trkpt>
      <trkpt lat="46.279463" lon="11.434122">
        <ele>938.263872</ele>
        <time>2026-09-02T16:52:43.873Z</time>
      </trkpt>
      <trkpt lat="46.279419" lon="11.434110">
        <ele>937.863440</ele>
        <time>2026-09-02T16:52:44.525Z</time>
      </trkpt>
      <trkpt lat="46.279302" lon="11.434020">
        <ele>936.678395</ele>
        <time>2026-09-02T16:52:46.466Z</time>
      </trkpt>
      <trkpt lat="46.279258" lon="11.433939">
        <ele>936.041598</ele>
        <time>2026-09-02T16:52:47.499Z</time>
      </trkpt>
      <trkpt lat="46.279229" lon="11.433867">
        <ele>935.526503</ele>
        <time>2026-09-02T16:52:48.333Z</time>
      </trkpt>
      <trkpt lat="46.279232" lon="11.433811">
        <ele>935.179325</ele>
        <time>2026-09-02T16:52:48.896Z</time>
      </trkpt>
      <trkpt lat="46.279255" lon="11.433725">
        <ele>934.609344</ele>
        <time>2026-09-02T16:52:49.827Z</time>
      </trkpt>
      <trkpt lat="46.279332" lon="11.433419">
        <ele>932.596479</ele>
        <time>2026-09-02T16:52:50.985Z</time>
      </trkpt>
      <trkpt lat="46.279344" lon="11.433370">
        <ele>932.275156</ele>
        <time>2026-09-02T16:52:51.172Z</time>
      </trkpt>
      <trkpt lat="46.279374" lon="11.433229">
        <ele>931.363264</ele>
        <time>2026-09-02T16:52:51.698Z</time>
      </trkpt>
      <trkpt lat="46.279434" lon="11.432943">
        <ele>929.515839</ele>
        <time>2026-09-02T16:52:52.776Z</time>
      </trkpt>
      <trkpt lat="46.279487" lon="11.432699">
        <ele>927.934935</ele>
        <time>2026-09-02T16:52:53.701Z</time>
      </trkpt>
      <trkpt lat="46.279562" lon="11.432353">
        <ele>926.712077</ele>
        <time>2026-09-02T16:52:55.000Z</time>
      </trkpt>
      <trkpt lat="46.279581" lon="11.432271">
        <ele>926.491977</ele>
        <time>2026-09-02T16:52:55.310Z</time>
      </trkpt>
      <trkpt lat="46.279626" lon="11.431948">
        <ele>925.653428</ele>
        <time>2026-09-02T16:52:56.506Z</time>
      </trkpt>
      <trkpt lat="46.279577" lon="11.431624">
        <ele>924.809359</ele>
        <time>2026-09-02T16:52:57.790Z</time>
      </trkpt>
      <trkpt lat="46.279519" lon="11.431448">
        <ele>924.313139</ele>
        <time>2026-09-02T16:52:58.619Z</time>
      </trkpt>
      <trkpt lat="46.278984" lon="11.430156">
        <ele>920.690191</ele>
        <time>2026-09-02T16:53:07.148Z</time>
      </trkpt>
      <trkpt lat="46.278885" lon="11.429917">
        <ele>920.444023</ele>
        <time>2026-09-02T16:53:09.005Z</time>
      </trkpt>
      <trkpt lat="46.278854" lon="11.429843">
        <ele>920.367574</ele>
        <time>2026-09-02T16:53:09.550Z</time>
      </trkpt>
      <trkpt lat="46.277723" lon="11.427098">
        <ele>913.923351</ele>
        <time>2026-09-02T16:53:24.591Z</time>
      </trkpt>
      <trkpt lat="46.277607" lon="11.426845">
        <ele>912.641917</ele>
        <time>2026-09-02T16:53:25.798Z</time>
      </trkpt>
      <trkpt lat="46.277560" lon="11.426775">
        <ele>912.230010</ele>
        <time>2026-09-02T16:53:26.181Z</time>
      </trkpt>
      <trkpt lat="46.277428" lon="11.426628">
        <ele>911.212799</ele>
        <time>2026-09-02T16:53:27.094Z</time>
      </trkpt>
      <trkpt lat="46.276815" lon="11.426052">
        <ele>905.996193</ele>
        <time>2026-09-02T16:53:30.818Z</time>
      </trkpt>
      <trkpt lat="46.276677" lon="11.425957">
        <ele>904.150038</ele>
        <time>2026-09-02T16:53:31.587Z</time>
      </trkpt>
      <trkpt lat="46.276565" lon="11.425918">
        <ele>902.758421</ele>
        <time>2026-09-02T16:53:32.160Z</time>
      </trkpt>
      <trkpt lat="46.276500" lon="11.425908">
        <ele>901.968782</ele>
        <time>2026-09-02T16:53:32.491Z</time>
      </trkpt>
      <trkpt lat="46.276395" lon="11.425907">
        <ele>900.700334</ele>
        <time>2026-09-02T16:53:33.016Z</time>
      </trkpt>
      <trkpt lat="46.276227" lon="11.425921">
        <ele>898.667497</ele>
        <time>2026-09-02T16:53:33.856Z</time>
      </trkpt>
      <trkpt lat="46.276046" lon="11.425907">
        <ele>896.477860</ele>
        <time>2026-09-02T16:53:34.765Z</time>
      </trkpt>
      <trkpt lat="46.275975" lon="11.425847">
        <ele>895.484573</ele>
        <time>2026-09-02T16:53:35.181Z</time>
      </trkpt>
      <trkpt lat="46.275929" lon="11.425761">
        <ele>894.576599</ele>
        <time>2026-09-02T16:53:35.557Z</time>
      </trkpt>
      <trkpt lat="46.275896" lon="11.425615">
        <ele>893.294022</ele>
        <time>2026-09-02T16:53:36.088Z</time>
      </trkpt>
      <trkpt lat="46.275785" lon="11.424379">
        <ele>884.279239</ele>
        <time>2026-09-02T16:53:40.474Z</time>
      </trkpt>
      <trkpt lat="46.275410" lon="11.423534">
        <ele>879.914145</ele>
        <time>2026-09-02T16:53:44.397Z</time>
      </trkpt>
      <trkpt lat="46.275207" lon="11.422772">
        <ele>876.364254</ele>
        <time>2026-09-02T16:53:47.755Z</time>
      </trkpt>
      <trkpt lat="46.275205" lon="11.422759">
        <ele>876.306361</ele>
        <time>2026-09-02T16:53:47.806Z</time>
      </trkpt>
      <trkpt lat="46.275182" lon="11.422493">
        <ele>875.141058</ele>
        <time>2026-09-02T16:53:48.857Z</time>
      </trkpt>
      <trkpt lat="46.275224" lon="11.421906">
        <ele>872.312778</ele>
        <time>2026-09-02T16:53:51.090Z</time>
      </trkpt>
      <trkpt lat="46.275206" lon="11.421673">
        <ele>871.152836</ele>
        <time>2026-09-02T16:53:51.954Z</time>
      </trkpt>
      <trkpt lat="46.275166" lon="11.421584">
        <ele>870.627608</ele>
        <time>2026-09-02T16:53:52.342Z</time>
      </trkpt>
      <trkpt lat="46.275107" lon="11.421529">
        <ele>870.125219</ele>
        <time>2026-09-02T16:53:52.712Z</time>
      </trkpt>
      <trkpt lat="46.274605" lon="11.421362">
        <ele>866.438197</ele>
        <time>2026-09-02T16:53:55.417Z</time>
      </trkpt>
      <trkpt lat="46.274516" lon="11.421226">
        <ele>865.511600</ele>
        <time>2026-09-02T16:53:56.099Z</time>
      </trkpt>
      <trkpt lat="46.274493" lon="11.421128">
        <ele>864.999552</ele>
        <time>2026-09-02T16:53:56.475Z</time>
      </trkpt>
      <trkpt lat="46.274475" lon="11.420501">
        <ele>861.894762</ele>
        <time>2026-09-02T16:53:58.784Z</time>
      </trkpt>
      <trkpt lat="46.274533" lon="11.420184">
        <ele>860.616255</ele>
        <time>2026-09-02T16:54:00.042Z</time>
      </trkpt>
      <trkpt lat="46.274723" lon="11.419557">
        <ele>858.103244</ele>
        <time>2026-09-02T16:54:02.752Z</time>
      </trkpt>
      <trkpt lat="46.274778" lon="11.419133">
        <ele>856.519691</ele>
        <time>2026-09-02T16:54:04.448Z</time>
      </trkpt>
      <trkpt lat="46.274791" lon="11.418634">
        <ele>854.686705</ele>
        <time>2026-09-02T16:54:06.478Z</time>
      </trkpt>
      <trkpt lat="46.274681" lon="11.418074">
        <ele>852.549710</ele>
        <time>2026-09-02T16:54:08.866Z</time>
      </trkpt>
      <trkpt lat="46.274600" lon="11.417701">
        <ele>850.795762</ele>
        <time>2026-09-02T16:54:10.399Z</time>
      </trkpt>
      <trkpt lat="46.274484" lon="11.417164">
        <ele>848.028995</ele>
        <time>2026-09-02T16:54:12.408Z</time>
      </trkpt>
      <trkpt lat="46.274503" lon="11.416899">
        <ele>846.718809</ele>
        <time>2026-09-02T16:54:13.343Z</time>
      </trkpt>
      <trkpt lat="46.274629" lon="11.416412">
        <ele>844.161607</ele>
        <time>2026-09-02T16:54:15.218Z</time>
      </trkpt>
      <trkpt lat="46.274628" lon="11.416332">
        <ele>843.768127</ele>
        <time>2026-09-02T16:54:15.519Z</time>
      </trkpt>
      <trkpt lat="46.274583" lon="11.416225">
        <ele>843.152185</ele>
        <time>2026-09-02T16:54:15.985Z</time>
      </trkpt>
      <trkpt lat="46.274555" lon="11.416190">
        <ele>842.888917</ele>
        <time>2026-09-02T16:54:16.191Z</time>
      </trkpt>
      <trkpt lat="46.274462" lon="11.416176">
        <ele>842.223677</ele>
        <time>2026-09-02T16:54:16.715Z</time>
      </trkpt>
      <trkpt lat="46.274408" lon="11.416227">
        <ele>841.764866</ele>
        <time>2026-09-02T16:54:17.089Z</time>
      </trkpt>
      <trkpt lat="46.274361" lon="11.416296">
        <ele>841.288466</ele>
        <time>2026-09-02T16:54:17.469Z</time>
      </trkpt>
      <trkpt lat="46.274290" lon="11.416505">
        <ele>840.143235</ele>
        <time>2026-09-02T16:54:18.397Z</time>
      </trkpt>
      <trkpt lat="46.274260" lon="11.416585">
        <ele>839.695647</ele>
        <time>2026-09-02T16:54:18.767Z</time>
      </trkpt>
      <trkpt lat="46.274207" lon="11.416803">
        <ele>838.836119</ele>
        <time>2026-09-02T16:54:19.681Z</time>
      </trkpt>
      <trkpt lat="46.274213" lon="11.416960">
        <ele>838.370100</ele>
        <time>2026-09-02T16:54:20.291Z</time>
      </trkpt>
      <trkpt lat="46.274346" lon="11.417617">
        <ele>836.341130</ele>
        <time>2026-09-02T16:54:22.894Z</time>
      </trkpt>
      <trkpt lat="46.274396" lon="11.417878">
        <ele>835.538435</ele>
        <time>2026-09-02T16:54:24.132Z</time>
      </trkpt>
      <trkpt lat="46.274411" lon="11.418189">
        <ele>834.614472</ele>
        <time>2026-09-02T16:54:25.771Z</time>
      </trkpt>
      <trkpt lat="46.274366" lon="11.418503">
        <ele>833.664066</ele>
        <time>2026-09-02T16:54:27.410Z</time>
      </trkpt>
      <trkpt lat="46.274274" lon="11.418821">
        <ele>832.642372</ele>
        <time>2026-09-02T16:54:28.892Z</time>
      </trkpt>
      <trkpt lat="46.274234" lon="11.418921">
        <ele>832.299948</ele>
        <time>2026-09-02T16:54:29.362Z</time>
      </trkpt>
      <trkpt lat="46.274172" lon="11.419073">
        <ele>831.776868</ele>
        <time>2026-09-02T16:54:30.061Z</time>
      </trkpt>
      <trkpt lat="46.273930" lon="11.419740">
        <ele>827.648899</ele>
        <time>2026-09-02T16:54:32.804Z</time>
      </trkpt>
      <trkpt lat="46.273650" lon="11.420428">
        <ele>823.039832</ele>
        <time>2026-09-02T16:54:35.657Z</time>
      </trkpt>
      <trkpt lat="46.273491" lon="11.420743">
        <ele>820.788107</ele>
        <time>2026-09-02T16:54:37.048Z</time>
      </trkpt>
      <trkpt lat="46.273471" lon="11.420786">
        <ele>820.488904</ele>
        <time>2026-09-02T16:54:37.234Z</time>
      </trkpt>
      <trkpt lat="46.273389" lon="11.420984">
        <ele>819.156400</ele>
        <time>2026-09-02T16:54:38.055Z</time>
      </trkpt>
      <trkpt lat="46.273362" lon="11.421145">
        <ele>818.199992</ele>
        <time>2026-09-02T16:54:38.648Z</time>
      </trkpt>
      <trkpt lat="46.273332" lon="11.421878">
        <ele>815.436393</ele>
        <time>2026-09-02T16:54:41.333Z</time>
      </trkpt>
      <trkpt lat="46.273372" lon="11.422176">
        <ele>814.693525</ele>
        <time>2026-09-02T16:54:42.501Z</time>
      </trkpt>
      <trkpt lat="46.273621" lon="11.422904">
        <ele>812.705845</ele>
        <time>2026-09-02T16:54:46.137Z</time>
      </trkpt>
      <trkpt lat="46.273669" lon="11.423168">
        <ele>812.037830</ele>
        <time>2026-09-02T16:54:47.432Z</time>
      </trkpt>
      <trkpt lat="46.273737" lon="11.424121">
        <ele>809.963213</ele>
        <time>2026-09-02T16:54:52.352Z</time>
      </trkpt>
      <trkpt lat="46.273727" lon="11.424284">
        <ele>809.797255</ele>
        <time>2026-09-02T16:54:53.185Z</time>
      </trkpt>
      <trkpt lat="46.273627" lon="11.424603">
        <ele>809.442020</ele>
        <time>2026-09-02T16:54:54.848Z</time>
      </trkpt>
      <trkpt lat="46.273617" lon="11.424622">
        <ele>809.417801</ele>
        <time>2026-09-02T16:54:54.967Z</time>
      </trkpt>
      <trkpt lat="46.273548" lon="11.424715">
        <ele>809.279436</ele>
        <time>2026-09-02T16:54:55.603Z</time>
      </trkpt>
      <trkpt lat="46.273397" lon="11.424818">
        <ele>809.034494</ele>
        <time>2026-09-02T16:54:56.714Z</time>
      </trkpt>
      <trkpt lat="46.273233" lon="11.424889">
        <ele>808.783327</ele>
        <time>2026-09-02T16:54:57.851Z</time>
      </trkpt>
      <trkpt lat="46.273007" lon="11.424863">
        <ele>808.450689</ele>
        <time>2026-09-02T16:54:59.377Z</time>
      </trkpt>
      <trkpt lat="46.272871" lon="11.424789">
        <ele>808.237500</ele>
        <time>2026-09-02T16:55:00.348Z</time>
      </trkpt>
      <trkpt lat="46.272743" lon="11.424661">
        <ele>808.009197</ele>
        <time>2026-09-02T16:55:01.373Z</time>
      </trkpt>
      <trkpt lat="46.272440" lon="11.424130">
        <ele>807.818573</ele>
        <time>2026-09-02T16:55:04.729Z</time>
      </trkpt>
      <trkpt lat="46.272360" lon="11.423985">
        <ele>808.097914</ele>
        <time>2026-09-02T16:55:05.698Z</time>
      </trkpt>
      <trkpt lat="46.272245" lon="11.423715">
        <ele>808.575427</ele>
        <time>2026-09-02T16:55:07.372Z</time>
      </trkpt>
      <trkpt lat="46.272143" lon="11.423445">
        <ele>809.038713</ele>
        <time>2026-09-02T16:55:08.991Z</time>
      </trkpt>
      <trkpt lat="46.272154" lon="11.423249">
        <ele>809.334798</ele>
        <time>2026-09-02T16:55:10.038Z</time>
      </trkpt>
      <trkpt lat="46.272187" lon="11.422907">
        <ele>809.854734</ele>
        <time>2026-09-02T16:55:11.914Z</time>
      </trkpt>
      <trkpt lat="46.272133" lon="11.423109">
        <ele>810.180834</ele>
        <time>2026-09-02T16:55:13.569Z</time>
      </trkpt>
      <trkpt lat="46.272085" lon="11.423379">
        <ele>810.600598</ele>
        <time>2026-09-02T16:55:16.634Z</time>
      </trkpt>
      <trkpt lat="46.271976" lon="11.423272">
        <ele>810.887528</ele>
        <time>2026-09-02T16:55:19.272Z</time>
      </trkpt>
      <trkpt lat="46.271823" lon="11.423138">
        <ele>811.277116</ele>
        <time>2026-09-02T16:55:23.540Z</time>
      </trkpt>
      <trkpt lat="46.271765" lon="11.422959">
        <ele>812.263113</ele>
        <time>2026-09-02T16:55:27.950Z</time>
      </trkpt>
      <trkpt lat="46.271734" lon="11.422868">
        <ele>813.158067</ele>
        <time>2026-09-02T16:55:30.580Z</time>
      </trkpt>
      <trkpt lat="46.271653" lon="11.422799">
        <ele>814.357682</ele>
        <time>2026-09-02T16:55:34.684Z</time>
      </trkpt>
      <trkpt lat="46.271566" lon="11.422813">
        <ele>815.474820</ele>
        <time>2026-09-02T16:55:38.051Z</time>
      </trkpt>
      <trkpt lat="46.271501" lon="11.422897">
        <ele>816.587123</ele>
        <time>2026-09-02T16:55:42.011Z</time>
      </trkpt>
      <trkpt lat="46.271488" lon="11.422939">
        <ele>816.993079</ele>
        <time>2026-09-02T16:55:43.262Z</time>
      </trkpt>
      <trkpt lat="46.271398" lon="11.423047">
        <ele>818.485369</ele>
        <time>2026-09-02T16:55:48.459Z</time>
      </trkpt>
      <trkpt lat="46.271316" lon="11.423066">
        <ele>819.545187</ele>
        <time>2026-09-02T16:55:51.981Z</time>
      </trkpt>
      <trkpt lat="46.270892" lon="11.422877">
        <ele>825.207303</ele>
        <time>2026-09-02T16:56:11.344Z</time>
      </trkpt>
      <trkpt lat="46.270829" lon="11.422838">
        <ele>826.081825</ele>
        <time>2026-09-02T16:56:14.785Z</time>
      </trkpt>
      <trkpt lat="46.270731" lon="11.422732">
        <ele>827.643426</ele>
        <time>2026-09-02T16:56:20.275Z</time>
      </trkpt>
      <trkpt lat="46.270600" lon="11.422351">
        <ele>831.397335</ele>
        <time>2026-09-02T16:56:33.554Z</time>
      </trkpt>
      <trkpt lat="46.270576" lon="11.422282">
        <ele>832.078752</ele>
        <time>2026-09-02T16:56:35.955Z</time>
      </trkpt>
      <trkpt lat="46.270274" lon="11.421535">
        <ele>838.672338</ele>
        <time>2026-09-02T16:56:59.677Z</time>
      </trkpt>
      <trkpt lat="46.269825" lon="11.420828">
        <ele>845.487083</ele>
        <time>2026-09-02T16:57:21.455Z</time>
      </trkpt>
      <trkpt lat="46.269713" lon="11.420651">
        <ele>847.190347</ele>
        <time>2026-09-02T16:57:27.049Z</time>
      </trkpt>
      <trkpt lat="46.269180" lon="11.419881">
        <ele>854.013413</ele>
        <time>2026-09-02T16:57:49.162Z</time>
      </trkpt>
      <trkpt lat="46.269025" lon="11.419586">
        <ele>855.484403</ele>
        <time>2026-09-02T16:57:55.727Z</time>
      </trkpt>
      <trkpt lat="46.268990" lon="11.419473">
        <ele>855.975967</ele>
        <time>2026-09-02T16:57:57.800Z</time>
      </trkpt>
      <trkpt lat="46.269005" lon="11.419357">
        <ele>856.444455</ele>
        <time>2026-09-02T16:57:59.739Z</time>
      </trkpt>
      <trkpt lat="46.269097" lon="11.419041">
        <ele>857.805642</ele>
        <time>2026-09-02T16:58:04.688Z</time>
      </trkpt>
      <trkpt lat="46.269225" lon="11.418742">
        <ele>859.201800</ele>
        <time>2026-09-02T16:58:09.297Z</time>
      </trkpt>
      <trkpt lat="46.269255" lon="11.418568">
        <ele>859.913710</ele>
        <time>2026-09-02T16:58:11.387Z</time>
      </trkpt>
      <trkpt lat="46.269250" lon="11.418392">
        <ele>860.612988</ele>
        <time>2026-09-02T16:58:13.279Z</time>
      </trkpt>
      <trkpt lat="46.269205" lon="11.418211">
        <ele>861.376586</ele>
        <time>2026-09-02T16:58:15.417Z</time>
      </trkpt>
      <trkpt lat="46.269107" lon="11.418068">
        <ele>862.175962</ele>
        <time>2026-09-02T16:58:17.866Z</time>
      </trkpt>
      <trkpt lat="46.268943" lon="11.417974">
        <ele>863.187782</ele>
        <time>2026-09-02T16:58:21.127Z</time>
      </trkpt>
      <trkpt lat="46.268846" lon="11.417983">
        <ele>863.539106</ele>
        <time>2026-09-02T16:58:23.140Z</time>
      </trkpt>
      <trkpt lat="46.268067" lon="11.418117">
        <ele>866.374615</ele>
        <time>2026-09-02T16:58:45.539Z</time>
      </trkpt>
      <trkpt lat="46.267793" lon="11.417994">
        <ele>867.411570</ele>
        <time>2026-09-02T16:58:52.594Z</time>
      </trkpt>
      <trkpt lat="46.267317" lon="11.417641">
        <ele>869.344973</ele>
        <time>2026-09-02T16:58:59.462Z</time>
      </trkpt>
      <trkpt lat="46.266488" lon="11.417004">
        <ele>864.601417</ele>
        <time>2026-09-02T16:59:04.561Z</time>
      </trkpt>
      <trkpt lat="46.266349" lon="11.416897">
        <ele>863.652816</ele>
        <time>2026-09-02T16:59:05.368Z</time>
      </trkpt>
      <trkpt lat="46.266279" lon="11.416852">
        <ele>863.191329</ele>
        <time>2026-09-02T16:59:05.755Z</time>
      </trkpt>
      <trkpt lat="46.266128" lon="11.416828">
        <ele>862.276150</ele>
        <time>2026-09-02T16:59:06.539Z</time>
      </trkpt>
      <trkpt lat="46.265851" lon="11.416905">
        <ele>860.576820</ele>
        <time>2026-09-02T16:59:08.031Z</time>
      </trkpt>
      <trkpt lat="46.265623" lon="11.416914">
        <ele>859.202715</ele>
        <time>2026-09-02T16:59:09.285Z</time>
      </trkpt>
      <trkpt lat="46.265322" lon="11.417066">
        <ele>859.942582</ele>
        <time>2026-09-02T16:59:11.140Z</time>
      </trkpt>
      <trkpt lat="46.265221" lon="11.417054">
        <ele>860.367438</ele>
        <time>2026-09-02T16:59:11.857Z</time>
      </trkpt>
      <trkpt lat="46.265103" lon="11.417116">
        <ele>860.893762</ele>
        <time>2026-09-02T16:59:12.931Z</time>
      </trkpt>
      <trkpt lat="46.264915" lon="11.417513">
        <ele>862.288442</ele>
        <time>2026-09-02T16:59:17.745Z</time>
      </trkpt>
      <trkpt lat="46.264575" lon="11.418057">
        <ele>864.413929</ele>
        <time>2026-09-02T16:59:31.238Z</time>
      </trkpt>
      <trkpt lat="46.264338" lon="11.418396">
        <ele>865.811280</ele>
        <time>2026-09-02T16:59:42.544Z</time>
      </trkpt>
      <trkpt lat="46.264182" lon="11.418848">
        <ele>868.043426</ele>
        <time>2026-09-02T16:59:55.177Z</time>
      </trkpt>
      <trkpt lat="46.264080" lon="11.419000">
        <ele>869.190680</ele>
        <time>2026-09-02T17:00:00.872Z</time>
      </trkpt>
      <trkpt lat="46.263925" lon="11.419142">
        <ele>870.628003</ele>
        <time>2026-09-02T17:00:08.345Z</time>
      </trkpt>
      <trkpt lat="46.263768" lon="11.419195">
        <ele>871.890989</ele>
        <time>2026-09-02T17:00:15.062Z</time>
      </trkpt>
      <trkpt lat="46.262984" lon="11.419237">
        <ele>878.037038</ele>
        <time>2026-09-02T17:00:37.853Z</time>
      </trkpt>
      <trkpt lat="46.262672" lon="11.419149">
        <ele>880.487294</ele>
        <time>2026-09-02T17:00:41.537Z</time>
      </trkpt>
      <trkpt lat="46.262600" lon="11.419044">
        <ele>880.581526</ele>
        <time>2026-09-02T17:00:42.345Z</time>
      </trkpt>
      <trkpt lat="46.262543" lon="11.418641">
        <ele>880.843628</ele>
        <time>2026-09-02T17:00:44.485Z</time>
      </trkpt>
      <trkpt lat="46.262478" lon="11.418379">
        <ele>881.020993</ele>
        <time>2026-09-02T17:00:45.871Z</time>
      </trkpt>
      <trkpt lat="46.262232" lon="11.418058">
        <ele>881.326343</ele>
        <time>2026-09-02T17:00:48.178Z</time>
      </trkpt>
      <trkpt lat="46.262130" lon="11.417983">
        <ele>881.431800</ele>
        <time>2026-09-02T17:00:49.033Z</time>
      </trkpt>
      <trkpt lat="46.262025" lon="11.417958">
        <ele>881.529874</ele>
        <time>2026-09-02T17:00:49.837Z</time>
      </trkpt>
      <trkpt lat="46.261951" lon="11.418015">
        <ele>881.607144</ele>
        <time>2026-09-02T17:00:50.464Z</time>
      </trkpt>
      <trkpt lat="46.261520" lon="11.418807">
        <ele>882.874171</ele>
        <time>2026-09-02T17:00:59.260Z</time>
      </trkpt>
      <trkpt lat="46.261412" lon="11.418905">
        <ele>883.660837</ele>
        <time>2026-09-02T17:01:01.926Z</time>
      </trkpt>
      <trkpt lat="46.261199" lon="11.419061">
        <ele>885.133981</ele>
        <time>2026-09-02T17:01:08.084Z</time>
      </trkpt>
      <trkpt lat="46.261074" lon="11.419115">
        <ele>885.938928</ele>
        <time>2026-09-02T17:01:11.250Z</time>
      </trkpt>
      <trkpt lat="46.260912" lon="11.419160">
        <ele>886.956773</ele>
        <time>2026-09-02T17:01:14.714Z</time>
      </trkpt>
      <trkpt lat="46.260608" lon="11.419107">
        <ele>888.846104</ele>
        <time>2026-09-02T17:01:21.361Z</time>
      </trkpt>
      <trkpt lat="46.260514" lon="11.419119">
        <ele>889.428362</ele>
        <time>2026-09-02T17:01:23.572Z</time>
      </trkpt>
      <trkpt lat="46.260306" lon="11.419282">
        <ele>890.888041</ele>
        <time>2026-09-02T17:01:30.284Z</time>
      </trkpt>
      <trkpt lat="46.260274" lon="11.419311">
        <ele>891.121045</ele>
        <time>2026-09-02T17:01:31.328Z</time>
      </trkpt>
      <trkpt lat="46.260258" lon="11.419325">
        <ele>891.236428</ele>
        <time>2026-09-02T17:01:31.902Z</time>
      </trkpt>
      <trkpt lat="46.260176" lon="11.419366">
        <ele>891.771767</ele>
        <time>2026-09-02T17:01:34.679Z</time>
      </trkpt>
      <trkpt lat="46.260114" lon="11.419366">
        <ele>892.154322</ele>
        <time>2026-09-02T17:01:36.478Z</time>
      </trkpt>
      <trkpt lat="46.260071" lon="11.419341">
        <ele>892.440275</ele>
        <time>2026-09-02T17:01:37.903Z</time>
      </trkpt>
      <trkpt lat="46.260036" lon="11.419313">
        <ele>892.687067</ele>
        <time>2026-09-02T17:01:39.170Z</time>
      </trkpt>
      <trkpt lat="46.259996" lon="11.419280">
        <ele>892.971203</ele>
        <time>2026-09-02T17:01:40.477Z</time>
      </trkpt>
      <trkpt lat="46.259809" lon="11.419201">
        <ele>894.532684</ele>
        <time>2026-09-02T17:01:46.503Z</time>
      </trkpt>
      <trkpt lat="46.259599" lon="11.419222">
        <ele>896.330555</ele>
        <time>2026-09-02T17:01:53.416Z</time>
      </trkpt>
      <trkpt lat="46.259520" lon="11.419266">
        <ele>897.053584</ele>
        <time>2026-09-02T17:01:56.096Z</time>
      </trkpt>
      <trkpt lat="46.259389" lon="11.419380">
        <ele>898.359349</ele>
        <time>2026-09-02T17:02:01.327Z</time>
      </trkpt>
      <trkpt lat="46.259199" lon="11.419628">
        <ele>900.545230</ele>
        <time>2026-09-02T17:02:09.524Z</time>
      </trkpt>
      <trkpt lat="46.259046" lon="11.419744">
        <ele>902.020641</ele>
        <time>2026-09-02T17:02:14.627Z</time>
      </trkpt>
      <trkpt lat="46.258512" lon="11.419864">
        <ele>906.636204</ele>
        <time>2026-09-02T17:02:32.681Z</time>
      </trkpt>
      <trkpt lat="46.257979" lon="11.419907">
        <ele>909.762966</ele>
        <time>2026-09-02T17:02:44.129Z</time>
      </trkpt>
      <trkpt lat="46.257594" lon="11.419802">
        <ele>911.262418</ele>
        <time>2026-09-02T17:02:50.397Z</time>
      </trkpt>
      <trkpt lat="46.257012" lon="11.419734">
        <ele>913.497123</ele>
        <time>2026-09-02T17:02:59.204Z</time>
      </trkpt>
      <trkpt lat="46.256827" lon="11.419883">
        <ele>914.307545</ele>
        <time>2026-09-02T17:03:02.532Z</time>
      </trkpt>
      <trkpt lat="46.256756" lon="11.419907">
        <ele>914.586601</ele>
        <time>2026-09-02T17:03:03.707Z</time>
      </trkpt>
      <trkpt lat="46.256687" lon="11.419888">
        <ele>914.855424</ele>
        <time>2026-09-02T17:03:04.840Z</time>
      </trkpt>
      <trkpt lat="46.256386" lon="11.419477">
        <ele>916.747883</ele>
        <time>2026-09-02T17:03:11.814Z</time>
      </trkpt>
      <trkpt lat="46.256209" lon="11.419398">
        <ele>917.685320</ele>
        <time>2026-09-02T17:03:15.149Z</time>
      </trkpt>
      <trkpt lat="46.255224" lon="11.419204">
        <ele>922.716162</ele>
        <time>2026-09-02T17:03:36.413Z</time>
      </trkpt>
      <trkpt lat="46.254973" lon="11.419046">
        <ele>924.101515</ele>
        <time>2026-09-02T17:03:43.055Z</time>
      </trkpt>
      <trkpt lat="46.254701" lon="11.418775">
        <ele>926.016067</ele>
        <time>2026-09-02T17:03:51.512Z</time>
      </trkpt>
      <trkpt lat="46.254365" lon="11.418568">
        <ele>928.242701</ele>
        <time>2026-09-02T17:04:01.059Z</time>
      </trkpt>
      <trkpt lat="46.253653" lon="11.418225">
        <ele>932.818093</ele>
        <time>2026-09-02T17:04:19.684Z</time>
      </trkpt>
      <trkpt lat="46.253329" lon="11.418217">
        <ele>934.793731</ele>
        <time>2026-09-02T17:04:26.990Z</time>
      </trkpt>
      <trkpt lat="46.252404" lon="11.417511">
        <ele>938.819073</ele>
        <time>2026-09-02T17:04:46.163Z</time>
      </trkpt>
      <trkpt lat="46.251905" lon="11.417324">
        <ele>940.646571</ele>
        <time>2026-09-02T17:04:54.054Z</time>
      </trkpt>
      <trkpt lat="46.251276" lon="11.416996">
        <ele>942.771663</ele>
        <time>2026-09-02T17:05:04.416Z</time>
      </trkpt>
      <trkpt lat="46.250574" lon="11.416696">
        <ele>944.781746</ele>
        <time>2026-09-02T17:05:16.593Z</time>
      </trkpt>
      <trkpt lat="46.250252" lon="11.416372">
        <ele>945.858930</ele>
        <time>2026-09-02T17:05:23.719Z</time>
      </trkpt>
      <trkpt lat="46.249333" lon="11.415845">
        <ele>948.619068</ele>
        <time>2026-09-02T17:05:35.338Z</time>
      </trkpt>
      <trkpt lat="46.248774" lon="11.415389">
        <ele>950.428368</ele>
        <time>2026-09-02T17:05:44.742Z</time>
      </trkpt>
      <trkpt lat="46.248448" lon="11.415362">
        <ele>951.348890</ele>
        <time>2026-09-02T17:05:49.808Z</time>
      </trkpt>
      <trkpt lat="46.248095" lon="11.415528">
        <ele>953.239443</ele>
        <time>2026-09-02T17:05:56.081Z</time>
      </trkpt>
      <trkpt lat="46.247109" lon="11.416060">
        <ele>961.683279</ele>
        <time>2026-09-02T17:06:29.451Z</time>
      </trkpt>
      <trkpt lat="46.246322" lon="11.416476">
        <ele>968.302613</ele>
        <time>2026-09-02T17:06:54.379Z</time>
      </trkpt>
      <trkpt lat="46.246184" lon="11.416507">
        <ele>969.366057</ele>
        <time>2026-09-02T17:06:58.253Z</time>
      </trkpt>
      <trkpt lat="46.245536" lon="11.416168">
        <ele>974.613440</ele>
        <time>2026-09-02T17:07:17.394Z</time>
      </trkpt>
      <trkpt lat="46.245401" lon="11.416165">
        <ele>975.641556</ele>
        <time>2026-09-02T17:07:20.743Z</time>
      </trkpt>
      <trkpt lat="46.245256" lon="11.416212">
        <ele>976.773100</ele>
        <time>2026-09-02T17:07:24.289Z</time>
      </trkpt>
      <trkpt lat="46.244974" lon="11.416505">
        <ele>979.417341</ele>
        <time>2026-09-02T17:07:32.146Z</time>
      </trkpt>
      <trkpt lat="46.244698" lon="11.416891">
        <ele>982.763407</ele>
        <time>2026-09-02T17:07:42.338Z</time>
      </trkpt>
      <trkpt lat="46.244377" lon="11.417236">
        <ele>986.374035</ele>
        <time>2026-09-02T17:07:54.983Z</time>
      </trkpt>
      <trkpt lat="46.244127" lon="11.417345">
        <ele>988.731263</ele>
        <time>2026-09-02T17:08:03.593Z</time>
      </trkpt>
      <trkpt lat="46.243741" lon="11.417401">
        <ele>992.233353</ele>
        <time>2026-09-02T17:08:15.976Z</time>
      </trkpt>
      <trkpt lat="46.243588" lon="11.417463">
        <ele>993.667768</ele>
        <time>2026-09-02T17:08:21.102Z</time>
      </trkpt>
      <trkpt lat="46.243450" lon="11.417668">
        <ele>995.453850</ele>
        <time>2026-09-02T17:08:27.457Z</time>
      </trkpt>
      <trkpt lat="46.243343" lon="11.417758">
        <ele>996.614439</ele>
        <time>2026-09-02T17:08:31.444Z</time>
      </trkpt>
      <trkpt lat="46.242623" lon="11.417936">
        <ele>1004.266785</ele>
        <time>2026-09-02T17:08:55.449Z</time>
      </trkpt>
      <trkpt lat="46.242224" lon="11.418166">
        <ele>1008.766740</ele>
        <time>2026-09-02T17:09:10.112Z</time>
      </trkpt>
      <trkpt lat="46.241939" lon="11.418247">
        <ele>1011.809600</ele>
        <time>2026-09-02T17:09:20.377Z</time>
      </trkpt>
      <trkpt lat="46.241415" lon="11.418259">
        <ele>1017.264762</ele>
        <time>2026-09-02T17:09:39.571Z</time>
      </trkpt>
      <trkpt lat="46.240866" lon="11.418106">
        <ele>1023.026713</ele>
        <time>2026-09-02T17:10:00.311Z</time>
      </trkpt>
      <trkpt lat="46.240648" lon="11.418096">
        <ele>1025.274478</ele>
        <time>2026-09-02T17:10:07.852Z</time>
      </trkpt>
      <trkpt lat="46.240393" lon="11.418260">
        <ele>1028.150680</ele>
        <time>2026-09-02T17:10:16.939Z</time>
      </trkpt>
      <trkpt lat="46.240187" lon="11.418570">
        <ele>1031.214885</ele>
        <time>2026-09-02T17:10:26.353Z</time>
      </trkpt>
      <trkpt lat="46.239850" lon="11.418875">
        <ele>1034.774647</ele>
        <time>2026-09-02T17:10:38.507Z</time>
      </trkpt>
      <trkpt lat="46.239536" lon="11.419069">
        <ele>1037.133338</ele>
        <time>2026-09-02T17:10:48.038Z</time>
      </trkpt>
      <trkpt lat="46.238993" lon="11.419323">
        <ele>1041.075538</ele>
        <time>2026-09-02T17:11:02.318Z</time>
      </trkpt>
      <trkpt lat="46.238818" lon="11.419354">
        <ele>1042.293393</ele>
        <time>2026-09-02T17:11:06.542Z</time>
      </trkpt>
      <trkpt lat="46.237966" lon="11.419177">
        <ele>1047.646819</ele>
        <time>2026-09-02T17:11:26.335Z</time>
      </trkpt>
      <trkpt lat="46.237166" lon="11.419153">
        <ele>1051.639360</ele>
        <time>2026-09-02T17:11:41.995Z</time>
      </trkpt>
      <trkpt lat="46.236740" lon="11.419190">
        <ele>1053.768763</ele>
        <time>2026-09-02T17:11:50.297Z</time>
      </trkpt>
      <trkpt lat="46.235000" lon="11.419465">
        <ele>1063.787843</ele>
        <time>2026-09-02T17:12:29.247Z</time>
      </trkpt>
      <trkpt lat="46.234757" lon="11.419467">
        <ele>1065.210340</ele>
        <time>2026-09-02T17:12:35.482Z</time>
      </trkpt>
      <trkpt lat="46.234388" lon="11.419470">
        <ele>1067.651725</ele>
        <time>2026-09-02T17:12:45.220Z</time>
      </trkpt>
      <trkpt lat="46.233770" lon="11.419383">
        <ele>1071.867124</ele>
        <time>2026-09-02T17:13:01.806Z</time>
      </trkpt>
      <trkpt lat="46.232906" lon="11.419080">
        <ele>1077.888129</ele>
        <time>2026-09-02T17:13:24.281Z</time>
      </trkpt>
      <trkpt lat="46.231125" lon="11.419025">
        <ele>1087.820587</ele>
        <time>2026-09-02T17:14:03.051Z</time>
      </trkpt>
      <trkpt lat="46.230458" lon="11.419222">
        <ele>1091.885792</ele>
        <time>2026-09-02T17:14:18.159Z</time>
      </trkpt>
      <trkpt lat="46.230057" lon="11.419218">
        <ele>1094.281575</ele>
        <time>2026-09-02T17:14:27.581Z</time>
      </trkpt>
      <trkpt lat="46.228411" lon="11.419388">
        <ele>1104.172037</ele>
        <time>2026-09-02T17:15:07.614Z</time>
      </trkpt>
      <trkpt lat="46.228174" lon="11.419373">
        <ele>1105.597389</ele>
        <time>2026-09-02T17:15:12.734Z</time>
      </trkpt>
      <trkpt lat="46.228016" lon="11.419295">
        <ele>1106.600549</ele>
        <time>2026-09-02T17:15:16.345Z</time>
      </trkpt>
      <trkpt lat="46.227611" lon="11.419007">
        <ele>1109.312455</ele>
        <time>2026-09-02T17:15:26.308Z</time>
      </trkpt>
      <trkpt lat="46.227437" lon="11.418935">
        <ele>1110.616380</ele>
        <time>2026-09-02T17:15:30.346Z</time>
      </trkpt>
      <trkpt lat="46.227260" lon="11.418920">
        <ele>1111.912706</ele>
        <time>2026-09-02T17:15:34.338Z</time>
      </trkpt>
      <trkpt lat="46.225090" lon="11.419429">
        <ele>1128.189563</ele>
        <time>2026-09-02T17:16:35.447Z</time>
      </trkpt>
      <trkpt lat="46.224302" lon="11.419539">
        <ele>1134.194735</ele>
        <time>2026-09-02T17:16:57.621Z</time>
      </trkpt>
      <trkpt lat="46.223999" lon="11.419578">
        <ele>1136.444465</ele>
        <time>2026-09-02T17:17:05.673Z</time>
      </trkpt>
      <trkpt lat="46.223072" lon="11.419828">
        <ele>1142.249568</ele>
        <time>2026-09-02T17:17:26.870Z</time>
      </trkpt>
      <trkpt lat="46.222654" lon="11.419759">
        <ele>1144.839507</ele>
        <time>2026-09-02T17:17:36.068Z</time>
      </trkpt>
      <trkpt lat="46.222326" lon="11.419547">
        <ele>1147.051368</ele>
        <time>2026-09-02T17:17:44.482Z</time>
      </trkpt>
      <trkpt lat="46.222099" lon="11.419476">
        <ele>1148.856934</ele>
        <time>2026-09-02T17:17:50.124Z</time>
      </trkpt>
      <trkpt lat="46.220161" lon="11.419640">
        <ele>1164.498706</ele>
        <time>2026-09-02T17:18:47.304Z</time>
      </trkpt>
      <trkpt lat="46.218822" lon="11.419754">
        <ele>1175.268186</ele>
        <time>2026-09-02T17:19:25.928Z</time>
      </trkpt>
      <trkpt lat="46.218728" lon="11.419785">
        <ele>1176.042312</ele>
        <time>2026-09-02T17:19:28.311Z</time>
      </trkpt>
      <trkpt lat="46.218629" lon="11.419866">
        <ele>1176.917423</ele>
        <time>2026-09-02T17:19:31.117Z</time>
      </trkpt>
      <trkpt lat="46.218016" lon="11.420528">
        <ele>1182.744918</ele>
        <time>2026-09-02T17:19:49.673Z</time>
      </trkpt>
      <trkpt lat="46.217606" lon="11.420794">
        <ele>1186.167382</ele>
        <time>2026-09-02T17:20:01.600Z</time>
      </trkpt>
      <trkpt lat="46.217317" lon="11.421022">
        <ele>1188.674776</ele>
        <time>2026-09-02T17:20:11.266Z</time>
      </trkpt>
      <trkpt lat="46.217017" lon="11.421168">
        <ele>1191.456122</ele>
        <time>2026-09-02T17:20:21.183Z</time>
      </trkpt>
      <trkpt lat="46.216690" lon="11.421219">
        <ele>1194.750536</ele>
        <time>2026-09-02T17:20:31.974Z</time>
      </trkpt>
      <trkpt lat="46.216535" lon="11.421205">
        <ele>1196.306123</ele>
        <time>2026-09-02T17:20:37.216Z</time>
      </trkpt>
      <trkpt lat="46.216292" lon="11.421095">
        <ele>1198.856738</ele>
        <time>2026-09-02T17:20:45.953Z</time>
      </trkpt>
      <trkpt lat="46.216126" lon="11.421107">
        <ele>1200.521556</ele>
        <time>2026-09-02T17:20:51.768Z</time>
      </trkpt>
      <trkpt lat="46.215973" lon="11.421173">
        <ele>1202.120893</ele>
        <time>2026-09-02T17:20:57.205Z</time>
      </trkpt>
      <trkpt lat="46.215292" lon="11.421688">
        <ele>1209.455142</ele>
        <time>2026-09-02T17:21:23.190Z</time>
      </trkpt>
      <trkpt lat="46.214964" lon="11.421802">
        <ele>1212.183913</ele>
        <time>2026-09-02T17:21:34.307Z</time>
      </trkpt>
      <trkpt lat="46.214229" lon="11.421938">
        <ele>1218.177706</ele>
        <time>2026-09-02T17:21:56.021Z</time>
      </trkpt>
      <trkpt lat="46.214106" lon="11.422009">
        <ele>1219.249057</ele>
        <time>2026-09-02T17:21:59.440Z</time>
      </trkpt>
      <trkpt lat="46.213947" lon="11.422203">
        <ele>1220.932260</ele>
        <time>2026-09-02T17:22:04.487Z</time>
      </trkpt>
      <trkpt lat="46.213086" lon="11.423447">
        <ele>1227.868018</ele>
        <time>2026-09-02T17:22:29.405Z</time>
      </trkpt>
      <trkpt lat="46.212832" lon="11.423960">
        <ele>1230.160701</ele>
        <time>2026-09-02T17:22:38.557Z</time>
      </trkpt>
      <trkpt lat="46.212668" lon="11.424199">
        <ele>1231.384056</ele>
        <time>2026-09-02T17:22:43.771Z</time>
      </trkpt>
      <trkpt lat="46.212550" lon="11.424292">
        <ele>1232.117113</ele>
        <time>2026-09-02T17:22:46.838Z</time>
      </trkpt>
      <trkpt lat="46.211758" lon="11.424624">
        <ele>1237.146841</ele>
        <time>2026-09-02T17:23:06.016Z</time>
      </trkpt>
      <trkpt lat="46.210618" lon="11.425029">
        <ele>1245.247241</ele>
        <time>2026-09-02T17:23:33.112Z</time>
      </trkpt>
      <trkpt lat="46.209905" lon="11.425438">
        <ele>1253.035878</ele>
        <time>2026-09-02T17:23:56.782Z</time>
      </trkpt>
      <trkpt lat="46.209491" lon="11.425658">
        <ele>1257.514449</ele>
        <time>2026-09-02T17:24:16.117Z</time>
      </trkpt>
      <trkpt lat="46.209359" lon="11.425651">
        <ele>1258.855555</ele>
        <time>2026-09-02T17:24:21.752Z</time>
      </trkpt>
      <trkpt lat="46.209240" lon="11.425586">
        <ele>1260.147203</ele>
        <time>2026-09-02T17:24:26.936Z</time>
      </trkpt>
      <trkpt lat="46.209081" lon="11.425386">
        <ele>1262.210802</ele>
        <time>2026-09-02T17:24:34.904Z</time>
      </trkpt>
      <trkpt lat="46.209012" lon="11.425177">
        <ele>1263.727757</ele>
        <time>2026-09-02T17:24:40.273Z</time>
      </trkpt>
      <trkpt lat="46.209000" lon="11.425022">
        <ele>1264.749477</ele>
        <time>2026-09-02T17:24:43.551Z</time>
      </trkpt>
      <trkpt lat="46.209054" lon="11.424696">
        <ele>1266.945388</ele>
        <time>2026-09-02T17:24:50.907Z</time>
      </trkpt>
      <trkpt lat="46.209209" lon="11.424279">
        <ele>1270.046208</ele>
        <time>2026-09-02T17:25:01.606Z</time>
      </trkpt>
      <trkpt lat="46.209292" lon="11.424096">
        <ele>1271.479543</ele>
        <time>2026-09-02T17:25:06.707Z</time>
      </trkpt>
      <trkpt lat="46.209494" lon="11.423647">
        <ele>1274.987786</ele>
        <time>2026-09-02T17:25:17.046Z</time>
      </trkpt>
      <trkpt lat="46.209502" lon="11.423523">
        <ele>1275.803610</ele>
        <time>2026-09-02T17:25:18.918Z</time>
      </trkpt>
      <trkpt lat="46.209484" lon="11.423474">
        <ele>1276.167022</ele>
        <time>2026-09-02T17:25:19.680Z</time>
      </trkpt>
      <trkpt lat="46.209096" lon="11.423092">
        <ele>1280.807451</ele>
        <time>2026-09-02T17:25:31.019Z</time>
      </trkpt>
      <trkpt lat="46.208162" lon="11.421596">
        <ele>1295.071136</ele>
        <time>2026-09-02T17:26:21.989Z</time>
      </trkpt>
      <trkpt lat="46.207792" lon="11.421122">
        <ele>1299.584675</ele>
        <time>2026-09-02T17:26:38.942Z</time>
      </trkpt>
      <trkpt lat="46.207376" lon="11.420680">
        <ele>1304.056112</ele>
        <time>2026-09-02T17:26:54.806Z</time>
      </trkpt>
      <trkpt lat="46.206945" lon="11.420513">
        <ele>1307.920268</ele>
        <time>2026-09-02T17:27:07.038Z</time>
      </trkpt>
      <trkpt lat="46.206546" lon="11.420311">
        <ele>1311.581396</ele>
        <time>2026-09-02T17:27:18.228Z</time>
      </trkpt>
      <trkpt lat="46.206398" lon="11.420285">
        <ele>1312.717343</ele>
        <time>2026-09-02T17:27:22.181Z</time>
      </trkpt>
      <trkpt lat="46.205988" lon="11.420358">
        <ele>1315.520552</ele>
        <time>2026-09-02T17:27:33.120Z</time>
      </trkpt>
      <trkpt lat="46.205305" lon="11.420108">
        <ele>1320.301629</ele>
        <time>2026-09-02T17:27:51.528Z</time>
      </trkpt>
      <trkpt lat="46.205029" lon="11.419751">
        <ele>1322.815302</ele>
        <time>2026-09-02T17:28:00.567Z</time>
      </trkpt>
      <trkpt lat="46.204631" lon="11.419386">
        <ele>1325.759208</ele>
        <time>2026-09-02T17:28:11.328Z</time>
      </trkpt>
      <trkpt lat="46.204258" lon="11.419188">
        <ele>1328.039981</ele>
        <time>2026-09-02T17:28:19.680Z</time>
      </trkpt>
      <trkpt lat="46.203985" lon="11.419101">
        <ele>1329.644549</ele>
        <time>2026-09-02T17:28:25.545Z</time>
      </trkpt>
      <trkpt lat="46.203664" lon="11.419137">
        <ele>1331.492500</ele>
        <time>2026-09-02T17:28:32.361Z</time>
      </trkpt>
      <trkpt lat="46.203345" lon="11.419132">
        <ele>1333.323539</ele>
        <time>2026-09-02T17:28:39.474Z</time>
      </trkpt>
      <trkpt lat="46.202878" lon="11.419361">
        <ele>1336.712053</ele>
        <time>2026-09-02T17:28:51.736Z</time>
      </trkpt>
      <trkpt lat="46.202715" lon="11.419441">
        <ele>1338.075194</ele>
        <time>2026-09-02T17:28:56.403Z</time>
      </trkpt>
      <trkpt lat="46.202080" lon="11.419451">
        <ele>1343.103714</ele>
        <time>2026-09-02T17:29:14.878Z</time>
      </trkpt>
      <trkpt lat="46.201830" lon="11.419386">
        <ele>1345.115126</ele>
        <time>2026-09-02T17:29:22.387Z</time>
      </trkpt>
      <trkpt lat="46.201223" lon="11.419510">
        <ele>1350.018236</ele>
        <time>2026-09-02T17:29:40.523Z</time>
      </trkpt>
      <trkpt lat="46.200934" lon="11.419453">
        <ele>1352.435993</ele>
        <time>2026-09-02T17:29:49.023Z</time>
      </trkpt>
      <trkpt lat="46.200027" lon="11.419092">
        <ele>1360.234238</ele>
        <time>2026-09-02T17:30:14.656Z</time>
      </trkpt>
      <trkpt lat="46.199526" lon="11.418973">
        <ele>1364.622186</ele>
        <time>2026-09-02T17:30:29.771Z</time>
      </trkpt>
      <trkpt lat="46.199342" lon="11.418991">
        <ele>1366.602645</ele>
        <time>2026-09-02T17:30:35.653Z</time>
      </trkpt>
      <trkpt lat="46.199158" lon="11.419064">
        <ele>1368.651726</ele>
        <time>2026-09-02T17:30:41.943Z</time>
      </trkpt>
      <trkpt lat="46.198298" lon="11.419736">
        <ele>1379.151300</ele>
        <time>2026-09-02T17:31:17.095Z</time>
      </trkpt>
      <trkpt lat="46.197908" lon="11.419859">
        <ele>1383.460696</ele>
        <time>2026-09-02T17:31:32.223Z</time>
      </trkpt>
      <trkpt lat="46.197524" lon="11.420097">
        <ele>1388.301897</ele>
        <time>2026-09-02T17:31:47.461Z</time>
      </trkpt>
      <trkpt lat="46.197439" lon="11.420102">
        <ele>1389.287534</ele>
        <time>2026-09-02T17:31:50.511Z</time>
      </trkpt>
      <trkpt lat="46.197077" lon="11.419970">
        <ele>1393.613241</ele>
        <time>2026-09-02T17:32:03.931Z</time>
      </trkpt>
      <trkpt lat="46.196754" lon="11.419905">
        <ele>1397.391690</ele>
        <time>2026-09-02T17:32:15.735Z</time>
      </trkpt>
      <trkpt lat="46.196573" lon="11.419913">
        <ele>1399.489759</ele>
        <time>2026-09-02T17:32:22.381Z</time>
      </trkpt>
      <trkpt lat="46.196361" lon="11.419976">
        <ele>1401.997443</ele>
        <time>2026-09-02T17:32:30.452Z</time>
      </trkpt>
      <trkpt lat="46.195441" lon="11.420376">
        <ele>1413.374260</ele>
        <time>2026-09-02T17:33:07.905Z</time>
      </trkpt>
      <trkpt lat="46.195360" lon="11.420371">
        <ele>1414.338808</ele>
        <time>2026-09-02T17:33:11.119Z</time>
      </trkpt>
      <trkpt lat="46.195158" lon="11.420221">
        <ele>1417.040922</ele>
        <time>2026-09-02T17:33:20.121Z</time>
      </trkpt>
      <trkpt lat="46.195015" lon="11.420167">
        <ele>1418.799376</ele>
        <time>2026-09-02T17:33:25.860Z</time>
      </trkpt>
      <trkpt lat="46.194883" lon="11.420023">
        <ele>1420.767254</ele>
        <time>2026-09-02T17:33:32.112Z</time>
      </trkpt>
      <trkpt lat="46.194847" lon="11.420023">
        <ele>1421.195552</ele>
        <time>2026-09-02T17:33:33.455Z</time>
      </trkpt>
      <trkpt lat="46.194804" lon="11.420063">
        <ele>1421.804012</ele>
        <time>2026-09-02T17:33:35.323Z</time>
      </trkpt>
      <trkpt lat="46.194778" lon="11.420150">
        <ele>1422.584406</ele>
        <time>2026-09-02T17:33:37.709Z</time>
      </trkpt>
      <trkpt lat="46.194824" lon="11.420617">
        <ele>1426.258514</ele>
        <time>2026-09-02T17:33:49.323Z</time>
      </trkpt>
      <trkpt lat="46.194766" lon="11.420718">
        <ele>1427.128566</ele>
        <time>2026-09-02T17:33:52.421Z</time>
      </trkpt>
      <trkpt lat="46.194501" lon="11.420607">
        <ele>1429.771241</ele>
        <time>2026-09-02T17:34:01.230Z</time>
      </trkpt>
      <trkpt lat="46.194084" lon="11.420567">
        <ele>1433.774015</ele>
        <time>2026-09-02T17:34:13.631Z</time>
      </trkpt>
      <trkpt lat="46.193910" lon="11.420393">
        <ele>1435.800893</ele>
        <time>2026-09-02T17:34:20.287Z</time>
      </trkpt>
      <trkpt lat="46.193843" lon="11.420367">
        <ele>1436.465361</ele>
        <time>2026-09-02T17:34:22.361Z</time>
      </trkpt>
      <trkpt lat="46.193606" lon="11.420386">
        <ele>1438.738813</ele>
        <time>2026-09-02T17:34:30.047Z</time>
      </trkpt>
      <trkpt lat="46.193485" lon="11.420496">
        <ele>1440.108116</ele>
        <time>2026-09-02T17:34:34.611Z</time>
      </trkpt>
      <trkpt lat="46.193455" lon="11.420599">
        <ele>1440.849000</ele>
        <time>2026-09-02T17:34:36.976Z</time>
      </trkpt>
      <trkpt lat="46.193484" lon="11.420688">
        <ele>1441.501180</ele>
        <time>2026-09-02T17:34:39.272Z</time>
      </trkpt>
      <trkpt lat="46.193664" lon="11.420913">
        <ele>1443.831164</ele>
        <time>2026-09-02T17:34:46.814Z</time>
      </trkpt>
      <trkpt lat="46.193762" lon="11.421149">
        <ele>1445.734377</ele>
        <time>2026-09-02T17:34:52.823Z</time>
      </trkpt>
      <trkpt lat="46.193962" lon="11.421509">
        <ele>1448.926619</ele>
        <time>2026-09-02T17:35:02.366Z</time>
      </trkpt>
      <trkpt lat="46.193957" lon="11.421580">
        <ele>1449.420157</ele>
        <time>2026-09-02T17:35:03.786Z</time>
      </trkpt>
      <trkpt lat="46.193882" lon="11.421623">
        <ele>1450.226288</ele>
        <time>2026-09-02T17:35:06.117Z</time>
      </trkpt>
      <trkpt lat="46.193552" lon="11.421557">
        <ele>1453.554561</ele>
        <time>2026-09-02T17:35:16.596Z</time>
      </trkpt>
      <trkpt lat="46.193321" lon="11.421586">
        <ele>1455.871038</ele>
        <time>2026-09-02T17:35:24.826Z</time>
      </trkpt>
      <trkpt lat="46.192952" lon="11.421832">
        <ele>1459.931109</ele>
        <time>2026-09-02T17:35:39.282Z</time>
      </trkpt>
      <trkpt lat="46.192842" lon="11.421836">
        <ele>1461.124239</ele>
        <time>2026-09-02T17:35:43.173Z</time>
      </trkpt>
      <trkpt lat="46.192694" lon="11.421885">
        <ele>1462.961065</ele>
        <time>2026-09-02T17:35:48.690Z</time>
      </trkpt>
      <trkpt lat="46.192548" lon="11.422011">
        <ele>1465.018453</ele>
        <time>2026-09-02T17:35:55.085Z</time>
      </trkpt>
      <trkpt lat="46.192458" lon="11.422180">
        <ele>1466.804039</ele>
        <time>2026-09-02T17:36:00.663Z</time>
      </trkpt>
      <trkpt lat="46.192336" lon="11.422275">
        <ele>1468.480677</ele>
        <time>2026-09-02T17:36:06.137Z</time>
      </trkpt>
      <trkpt lat="46.191307" lon="11.422422">
        <ele>1480.989559</ele>
        <time>2026-09-02T17:36:48.531Z</time>
      </trkpt>
      <trkpt lat="46.191215" lon="11.422375">
        <ele>1482.170063</ele>
        <time>2026-09-02T17:36:51.881Z</time>
      </trkpt>
      <trkpt lat="46.191068" lon="11.422204">
        <ele>1484.248020</ele>
        <time>2026-09-02T17:36:58.091Z</time>
      </trkpt>
      <trkpt lat="46.190530" lon="11.422068">
        <ele>1490.212237</ele>
        <time>2026-09-02T17:37:15.723Z</time>
      </trkpt>
      <trkpt lat="46.190078" lon="11.421958">
        <ele>1495.217616</ele>
        <time>2026-09-02T17:37:30.680Z</time>
      </trkpt>
      <trkpt lat="46.189914" lon="11.422058">
        <ele>1497.161504</ele>
        <time>2026-09-02T17:37:36.765Z</time>
      </trkpt>
      <trkpt lat="46.189653" lon="11.422363">
        <ele>1500.827463</ele>
        <time>2026-09-02T17:37:48.789Z</time>
      </trkpt>
      <trkpt lat="46.189529" lon="11.422406">
        <ele>1502.261813</ele>
        <time>2026-09-02T17:37:53.623Z</time>
      </trkpt>
      <trkpt lat="46.189094" lon="11.422391">
        <ele>1507.859852</ele>
        <time>2026-09-02T17:38:11.486Z</time>
      </trkpt>
      <trkpt lat="46.188778" lon="11.422455">
        <ele>1511.965081</ele>
        <time>2026-09-02T17:38:25.809Z</time>
      </trkpt>
      <trkpt lat="46.187413" lon="11.422372">
        <ele>1528.441238</ele>
        <time>2026-09-02T17:39:20.884Z</time>
      </trkpt>
      <trkpt lat="46.186538" lon="11.422092">
        <ele>1537.097775</ele>
        <time>2026-09-02T17:39:48.621Z</time>
      </trkpt>
      <trkpt lat="46.186367" lon="11.422069">
        <ele>1538.756609</ele>
        <time>2026-09-02T17:39:53.419Z</time>
      </trkpt>
      <trkpt lat="46.186007" lon="11.422142">
        <ele>1542.267946</ele>
        <time>2026-09-02T17:40:03.421Z</time>
      </trkpt>
      <trkpt lat="46.185677" lon="11.422407">
        <ele>1545.659888</ele>
        <time>2026-09-02T17:40:14.040Z</time>
      </trkpt>
      <trkpt lat="46.184972" lon="11.422608">
        <ele>1552.082744</ele>
        <time>2026-09-02T17:40:34.575Z</time>
      </trkpt>
      <trkpt lat="46.184460" lon="11.422923">
        <ele>1557.056834</ele>
        <time>2026-09-02T17:40:51.450Z</time>
      </trkpt>
      <trkpt lat="46.184374" lon="11.423044">
        <ele>1558.129910</ele>
        <time>2026-09-02T17:40:55.421Z</time>
      </trkpt>
      <trkpt lat="46.184394" lon="11.423114">
        <ele>1558.613790</ele>
        <time>2026-09-02T17:40:57.203Z</time>
      </trkpt>
      <trkpt lat="46.184461" lon="11.423169">
        <ele>1559.748795</ele>
        <time>2026-09-02T17:40:59.868Z</time>
      </trkpt>
      <trkpt lat="46.184713" lon="11.423021">
        <ele>1563.755313</ele>
        <time>2026-09-02T17:41:10.159Z</time>
      </trkpt>
      <trkpt lat="46.184941" lon="11.422946">
        <ele>1567.199262</ele>
        <time>2026-09-02T17:41:20.023Z</time>
      </trkpt>
      <trkpt lat="46.185478" lon="11.423123">
        <ele>1575.311472</ele>
        <time>2026-09-02T17:41:45.610Z</time>
      </trkpt>
      <trkpt lat="46.185898" lon="11.423368">
        <ele>1581.982600</ele>
        <time>2026-09-02T17:42:08.879Z</time>
      </trkpt>
      <trkpt lat="46.187279" lon="11.424252">
        <ele>1605.111589</ele>
        <time>2026-09-02T17:43:24.137Z</time>
      </trkpt>
      <trkpt lat="46.187470" lon="11.424466">
        <ele>1608.835513</ele>
        <time>2026-09-02T17:43:34.343Z</time>
      </trkpt>
      <trkpt lat="46.187734" lon="11.424592">
        <ele>1612.959840</ele>
        <time>2026-09-02T17:43:45.270Z</time>
      </trkpt>
      <trkpt lat="46.187750" lon="11.424658">
        <ele>1613.361098</ele>
        <time>2026-09-02T17:43:47.073Z</time>
      </trkpt>
      <trkpt lat="46.187724" lon="11.424728">
        <ele>1613.816919</ele>
        <time>2026-09-02T17:43:49.110Z</time>
      </trkpt>
      <trkpt lat="46.187689" lon="11.424751">
        <ele>1614.135623</ele>
        <time>2026-09-02T17:43:50.494Z</time>
      </trkpt>
      <trkpt lat="46.187453" lon="11.424698">
        <ele>1616.115186</ele>
        <time>2026-09-02T17:43:58.737Z</time>
      </trkpt>
      <trkpt lat="46.187085" lon="11.424695">
        <ele>1619.165367</ele>
        <time>2026-09-02T17:44:10.115Z</time>
      </trkpt>
      <trkpt lat="46.186122" lon="11.424780">
        <ele>1627.161988</ele>
        <time>2026-09-02T17:44:33.658Z</time>
      </trkpt>
      <trkpt lat="46.185816" lon="11.424843">
        <ele>1629.544531</ele>
        <time>2026-09-02T17:44:40.370Z</time>
      </trkpt>
      <trkpt lat="46.185575" lon="11.424954">
        <ele>1631.456936</ele>
        <time>2026-09-02T17:44:46.052Z</time>
      </trkpt>
      <trkpt lat="46.185069" lon="11.425320">
        <ele>1635.735278</ele>
        <time>2026-09-02T17:44:59.082Z</time>
      </trkpt>
      <trkpt lat="46.184924" lon="11.425540">
        <ele>1637.325162</ele>
        <time>2026-09-02T17:45:04.722Z</time>
      </trkpt>
      <trkpt lat="46.184756" lon="11.425716">
        <ele>1638.894191</ele>
        <time>2026-09-02T17:45:11.263Z</time>
      </trkpt>
      <trkpt lat="46.184462" lon="11.425898">
        <ele>1641.328177</ele>
        <time>2026-09-02T17:45:22.182Z</time>
      </trkpt>
      <trkpt lat="46.184424" lon="11.425937">
        <ele>1641.855132</ele>
        <time>2026-09-02T17:45:23.697Z</time>
      </trkpt>
      <trkpt lat="46.184424" lon="11.426002">
        <ele>1642.363841</ele>
        <time>2026-09-02T17:45:25.291Z</time>
      </trkpt>
      <trkpt lat="46.184464" lon="11.426044">
        <ele>1642.922857</ele>
        <time>2026-09-02T17:45:27.268Z</time>
      </trkpt>
      <trkpt lat="46.185283" lon="11.425709">
        <ele>1652.545006</ele>
        <time>2026-09-02T17:46:00.242Z</time>
      </trkpt>
      <trkpt lat="46.185929" lon="11.425749">
        <ele>1659.854177</ele>
        <time>2026-09-02T17:46:24.940Z</time>
      </trkpt>
      <trkpt lat="46.186336" lon="11.425930">
        <ele>1663.910804</ele>
        <time>2026-09-02T17:46:38.453Z</time>
      </trkpt>
      <trkpt lat="46.186499" lon="11.425955">
        <ele>1665.304477</ele>
        <time>2026-09-02T17:46:43.174Z</time>
      </trkpt>
      <trkpt lat="46.186560" lon="11.425987">
        <ele>1665.856266</ele>
        <time>2026-09-02T17:46:44.962Z</time>
      </trkpt>
      <trkpt lat="46.186589" lon="11.426054">
        <ele>1666.321381</ele>
        <time>2026-09-02T17:46:46.543Z</time>
      </trkpt>
      <trkpt lat="46.186535" lon="11.426111">
        <ele>1666.890037</ele>
        <time>2026-09-02T17:46:48.363Z</time>
      </trkpt>
      <trkpt lat="46.186211" lon="11.426081">
        <ele>1669.650451</ele>
        <time>2026-09-02T17:46:57.123Z</time>
      </trkpt>
      <trkpt lat="46.186104" lon="11.426098">
        <ele>1670.565689</ele>
        <time>2026-09-02T17:47:00.006Z</time>
      </trkpt>
      <trkpt lat="46.185475" lon="11.426417">
        <ele>1676.233739</ele>
        <time>2026-09-02T17:47:17.916Z</time>
      </trkpt>
      <trkpt lat="46.185057" lon="11.427002">
        <ele>1682.027324</ele>
        <time>2026-09-02T17:47:36.226Z</time>
      </trkpt>
      <trkpt lat="46.184702" lon="11.427699">
        <ele>1688.127122</ele>
        <time>2026-09-02T17:47:56.237Z</time>
      </trkpt>
      <trkpt lat="46.183714" lon="11.429837">
        <ele>1708.298845</ele>
        <time>2026-09-02T17:49:00.771Z</time>
      </trkpt>
      <trkpt lat="46.183539" lon="11.430421">
        <ele>1713.619125</ele>
        <time>2026-09-02T17:49:19.428Z</time>
      </trkpt>
      <trkpt lat="46.183502" lon="11.430770">
        <ele>1716.570984</ele>
        <time>2026-09-02T17:49:29.678Z</time>
      </trkpt>
      <trkpt lat="46.183335" lon="11.431049">
        <ele>1719.163238</ele>
        <time>2026-09-02T17:49:40.017Z</time>
      </trkpt>
      <trkpt lat="46.183279" lon="11.431736">
        <ele>1723.900345</ele>
        <time>2026-09-02T17:49:57.674Z</time>
      </trkpt>
      <trkpt lat="46.183093" lon="11.432092">
        <ele>1726.954522</ele>
        <time>2026-09-02T17:50:07.601Z</time>
      </trkpt>
      <trkpt lat="46.182980" lon="11.432256">
        <ele>1728.538988</ele>
        <time>2026-09-02T17:50:12.263Z</time>
      </trkpt>
      <trkpt lat="46.182822" lon="11.432903">
        <ele>1733.237241</ele>
        <time>2026-09-02T17:50:24.701Z</time>
      </trkpt>
      <trkpt lat="46.182765" lon="11.433259">
        <ele>1735.872205</ele>
        <time>2026-09-02T17:50:31.186Z</time>
      </trkpt>
      <trkpt lat="46.182738" lon="11.433632">
        <ele>1738.777914</ele>
        <time>2026-09-02T17:50:38.187Z</time>
      </trkpt>
      <trkpt lat="46.182415" lon="11.434395">
        <ele>1745.707019</ele>
        <time>2026-09-02T17:50:57.912Z</time>
      </trkpt>
      <trkpt lat="46.182335" lon="11.434636">
        <ele>1747.777788</ele>
        <time>2026-09-02T17:51:04.909Z</time>
      </trkpt>
      <trkpt lat="46.182247" lon="11.435223">
        <ele>1752.431222</ele>
        <time>2026-09-02T17:51:22.206Z</time>
      </trkpt>
      <trkpt lat="46.182130" lon="11.435721">
        <ele>1756.878378</ele>
        <time>2026-09-02T17:51:39.533Z</time>
      </trkpt>
      <trkpt lat="46.181683" lon="11.436473">
        <ele>1766.293193</ele>
        <time>2026-09-02T17:52:13.890Z</time>
      </trkpt>
      <trkpt lat="46.181342" lon="11.436948">
        <ele>1772.792994</ele>
        <time>2026-09-02T17:52:33.912Z</time>
      </trkpt>
      <trkpt lat="46.181017" lon="11.437372">
        <ele>1778.801703</ele>
        <time>2026-09-02T17:52:49.398Z</time>
      </trkpt>
      <trkpt lat="46.181017" lon="11.437468">
        <ele>1779.638161</ele>
        <time>2026-09-02T17:52:51.497Z</time>
      </trkpt>
      <trkpt lat="46.181057" lon="11.437517">
        <ele>1780.054803</ele>
        <time>2026-09-02T17:52:53.234Z</time>
      </trkpt>
      <trkpt lat="46.181161" lon="11.437507">
        <ele>1780.882764</ele>
        <time>2026-09-02T17:52:56.572Z</time>
      </trkpt>
      <trkpt lat="46.181298" lon="11.437425">
        <ele>1782.060783</ele>
        <time>2026-09-02T17:53:01.181Z</time>
      </trkpt>
      <trkpt lat="46.181635" lon="11.437381">
        <ele>1784.748683</ele>
        <time>2026-09-02T17:53:10.642Z</time>
      </trkpt>
      <trkpt lat="46.181877" lon="11.437148">
        <ele>1787.059008</ele>
        <time>2026-09-02T17:53:18.253Z</time>
      </trkpt>
      <trkpt lat="46.181924" lon="11.437167">
        <ele>1787.446705</ele>
        <time>2026-09-02T17:53:19.735Z</time>
      </trkpt>
      <trkpt lat="46.181943" lon="11.437245">
        <ele>1787.901472</ele>
        <time>2026-09-02T17:53:21.043Z</time>
      </trkpt>
      <trkpt lat="46.181548" lon="11.437936">
        <ele>1792.829818</ele>
        <time>2026-09-02T17:53:36.472Z</time>
      </trkpt>
      <trkpt lat="46.181385" lon="11.438298">
        <ele>1794.980342</ele>
        <time>2026-09-02T17:53:44.571Z</time>
      </trkpt>
      <trkpt lat="46.181385" lon="11.438321">
        <ele>1795.086307</ele>
        <time>2026-09-02T17:53:44.983Z</time>
      </trkpt>
      <trkpt lat="46.181388" lon="11.438342">
        <ele>1795.185096</ele>
        <time>2026-09-02T17:53:45.363Z</time>
      </trkpt>
      <trkpt lat="46.181394" lon="11.438364">
        <ele>1795.294035</ele>
        <time>2026-09-02T17:53:45.844Z</time>
      </trkpt>
      <trkpt lat="46.181405" lon="11.438378">
        <ele>1795.391595</ele>
        <time>2026-09-02T17:53:46.306Z</time>
      </trkpt>
      <trkpt lat="46.181426" lon="11.438381">
        <ele>1795.532014</ele>
        <time>2026-09-02T17:53:46.934Z</time>
      </trkpt>
      <trkpt lat="46.181445" lon="11.438380">
        <ele>1795.658527</ele>
        <time>2026-09-02T17:53:47.470Z</time>
      </trkpt>
      <trkpt lat="46.181640" lon="11.438164">
        <ele>1797.293763</ele>
        <time>2026-09-02T17:53:53.639Z</time>
      </trkpt>
      <trkpt lat="46.181964" lon="11.437780">
        <ele>1800.082673</ele>
        <time>2026-09-02T17:54:03.957Z</time>
      </trkpt>
      <trkpt lat="46.181978" lon="11.437764">
        <ele>1800.201468</ele>
        <time>2026-09-02T17:54:04.348Z</time>
      </trkpt>
      <trkpt lat="46.182248" lon="11.437612">
        <ele>1802.129747</ele>
        <time>2026-09-02T17:54:11.004Z</time>
      </trkpt>
      <trkpt lat="46.182452" lon="11.437475">
        <ele>1803.626762</ele>
        <time>2026-09-02T17:54:15.732Z</time>
      </trkpt>
      <trkpt lat="46.182865" lon="11.437038">
        <ele>1807.707512</ele>
        <time>2026-09-02T17:54:28.351Z</time>
      </trkpt>
      <trkpt lat="46.182946" lon="11.437033">
        <ele>1808.539524</ele>
        <time>2026-09-02T17:54:30.603Z</time>
      </trkpt>
      <trkpt lat="46.182967" lon="11.437125">
        <ele>1809.227816</ele>
        <time>2026-09-02T17:54:32.571Z</time>
      </trkpt>
      <trkpt lat="46.182710" lon="11.437563">
        <ele>1813.307187</ele>
        <time>2026-09-02T17:54:44.785Z</time>
      </trkpt>
      <trkpt lat="46.182518" lon="11.438020">
        <ele>1817.105368</ele>
        <time>2026-09-02T17:54:58.187Z</time>
      </trkpt>
      <trkpt lat="46.182306" lon="11.438161">
        <ele>1819.500584</ele>
        <time>2026-09-02T17:55:06.909Z</time>
      </trkpt>
      <trkpt lat="46.182240" lon="11.438263">
        <ele>1820.492558</ele>
        <time>2026-09-02T17:55:10.575Z</time>
      </trkpt>
      <trkpt lat="46.182215" lon="11.438423">
        <ele>1821.658003</ele>
        <time>2026-09-02T17:55:14.907Z</time>
      </trkpt>
      <trkpt lat="46.182237" lon="11.438807">
        <ele>1824.445304</ele>
        <time>2026-09-02T17:55:25.161Z</time>
      </trkpt>
      <trkpt lat="46.182207" lon="11.438992">
        <ele>1826.250490</ele>
        <time>2026-09-02T17:55:30.490Z</time>
      </trkpt>
      <trkpt lat="46.182103" lon="11.439112">
        <ele>1828.077061</ele>
        <time>2026-09-02T17:55:36.046Z</time>
      </trkpt>
      <trkpt lat="46.182033" lon="11.439261">
        <ele>1829.787782</ele>
        <time>2026-09-02T17:55:41.328Z</time>
      </trkpt>
      <trkpt lat="46.181959" lon="11.440004">
        <ele>1836.919460</ele>
        <time>2026-09-02T17:56:03.737Z</time>
      </trkpt>
      <trkpt lat="46.181890" lon="11.440185">
        <ele>1838.882515</ele>
        <time>2026-09-02T17:56:09.811Z</time>
      </trkpt>
      <trkpt lat="46.181816" lon="11.440490">
        <ele>1841.952999</ele>
        <time>2026-09-02T17:56:19.428Z</time>
      </trkpt>
      <trkpt lat="46.181408" lon="11.441302">
        <ele>1851.335500</ele>
        <time>2026-09-02T17:56:49.881Z</time>
      </trkpt>
      <trkpt lat="46.181371" lon="11.441375">
        <ele>1852.144736</ele>
        <time>2026-09-02T17:56:52.383Z</time>
      </trkpt>
      <trkpt lat="46.181264" lon="11.441585">
        <ele>1854.476971</ele>
        <time>2026-09-02T17:56:59.740Z</time>
      </trkpt>
      <trkpt lat="46.181194" lon="11.441744">
        <ele>1856.162371</ele>
        <time>2026-09-02T17:57:05.015Z</time>
      </trkpt>
      <trkpt lat="46.181168" lon="11.441801">
        <ele>1856.772928</ele>
        <time>2026-09-02T17:57:06.890Z</time>
      </trkpt>
      <trkpt lat="46.181153" lon="11.441837">
        <ele>1857.148757</ele>
        <time>2026-09-02T17:57:08.107Z</time>
      </trkpt>
      <trkpt lat="46.181033" lon="11.441998">
        <ele>1859.264733</ele>
        <time>2026-09-02T17:57:14.424Z</time>
      </trkpt>
      <trkpt lat="46.180815" lon="11.442074">
        <ele>1862.161968</ele>
        <time>2026-09-02T17:57:22.736Z</time>
      </trkpt>
      <trkpt lat="46.180719" lon="11.442070">
        <ele>1863.402712</ele>
        <time>2026-09-02T17:57:26.441Z</time>
      </trkpt>
      <trkpt lat="46.180631" lon="11.442026">
        <ele>1864.605786</ele>
        <time>2026-09-02T17:57:29.795Z</time>
      </trkpt>
      <trkpt lat="46.180319" lon="11.441819">
        <ele>1869.041475</ele>
        <time>2026-09-02T17:57:43.112Z</time>
      </trkpt>
      <trkpt lat="46.180159" lon="11.441675">
        <ele>1871.477013</ele>
        <time>2026-09-02T17:57:50.795Z</time>
      </trkpt>
      <trkpt lat="46.179999" lon="11.441656">
        <ele>1873.895754</ele>
        <time>2026-09-02T17:57:57.117Z</time>
      </trkpt>
      <trkpt lat="46.179840" lon="11.441596">
        <ele>1876.547477</ele>
        <time>2026-09-02T17:58:03.709Z</time>
      </trkpt>
      <trkpt lat="46.179659" lon="11.441421">
        <ele>1880.062088</ele>
        <time>2026-09-02T17:58:13.045Z</time>
      </trkpt>
      <trkpt lat="46.179502" lon="11.441319">
        <ele>1882.839926</ele>
        <time>2026-09-02T17:58:20.919Z</time>
      </trkpt>
      <trkpt lat="46.179195" lon="11.441259">
        <ele>1887.838771</ele>
        <time>2026-09-02T17:58:36.287Z</time>
      </trkpt>
      <trkpt lat="46.179003" lon="11.441076">
        <ele>1891.550692</ele>
        <time>2026-09-02T17:58:48.240Z</time>
      </trkpt>
      <trkpt lat="46.178781" lon="11.441048">
        <ele>1895.146476</ele>
        <time>2026-09-02T17:59:00.271Z</time>
      </trkpt>
      <trkpt lat="46.178048" lon="11.440216">
        <ele>1909.265918</ele>
        <time>2026-09-02T17:59:50.128Z</time>
      </trkpt>
      <trkpt lat="46.177816" lon="11.439867">
        <ele>1914.116499</ele>
        <time>2026-09-02T18:00:05.948Z</time>
      </trkpt>
      <trkpt lat="46.177735" lon="11.439684">
        <ele>1916.294092</ele>
        <time>2026-09-02T18:00:12.739Z</time>
      </trkpt>
      <trkpt lat="46.177693" lon="11.439544">
        <ele>1917.823815</ele>
        <time>2026-09-02T18:00:17.311Z</time>
      </trkpt>
      <trkpt lat="46.177614" lon="11.439410">
        <ele>1919.588309</ele>
        <time>2026-09-02T18:00:22.469Z</time>
      </trkpt>
      <trkpt lat="46.177483" lon="11.439291">
        <ele>1921.829166</ele>
        <time>2026-09-02T18:00:28.778Z</time>
      </trkpt>
      <trkpt lat="46.177388" lon="11.439148">
        <ele>1923.816059</ele>
        <time>2026-09-02T18:00:34.070Z</time>
      </trkpt>
      <trkpt lat="46.177315" lon="11.438910">
        <ele>1926.425899</ele>
        <time>2026-09-02T18:00:40.448Z</time>
      </trkpt>
      <trkpt lat="46.176946" lon="11.438617">
        <ele>1929.445071</ele>
        <time>2026-09-02T18:00:52.170Z</time>
      </trkpt>
      <trkpt lat="46.176773" lon="11.438259">
        <ele>1931.275411</ele>
        <time>2026-09-02T18:00:58.730Z</time>
      </trkpt>
      <trkpt lat="46.176677" lon="11.437888">
        <ele>1932.935942</ele>
        <time>2026-09-02T18:01:04.355Z</time>
      </trkpt>
      <trkpt lat="46.176725" lon="11.437377">
        <ele>1935.098006</ele>
        <time>2026-09-02T18:01:10.771Z</time>
      </trkpt>
      <trkpt lat="46.176656" lon="11.436852">
        <ele>1937.338443</ele>
        <time>2026-09-02T18:01:17.649Z</time>
      </trkpt>
      <trkpt lat="46.176620" lon="11.436779">
        <ele>1937.714194</ele>
        <time>2026-09-02T18:01:18.864Z</time>
      </trkpt>
      <trkpt lat="46.176570" lon="11.436755">
        <ele>1938.033224</ele>
        <time>2026-09-02T18:01:19.907Z</time>
      </trkpt>
      <trkpt lat="46.176179" lon="11.436890">
        <ele>1941.139955</ele>
        <time>2026-09-02T18:01:28.710Z</time>
      </trkpt>
      <trkpt lat="46.175166" lon="11.437411">
        <ele>1949.519074</ele>
        <time>2026-09-02T18:02:02.561Z</time>
      </trkpt>
      <trkpt lat="46.175085" lon="11.437437">
        <ele>1950.165644</ele>
        <time>2026-09-02T18:02:05.180Z</time>
      </trkpt>
      <trkpt lat="46.174912" lon="11.437405">
        <ele>1951.524705</ele>
        <time>2026-09-02T18:02:10.451Z</time>
      </trkpt>
      <trkpt lat="46.174831" lon="11.437451">
        <ele>1952.200569</ele>
        <time>2026-09-02T18:02:13.009Z</time>
      </trkpt>
      <trkpt lat="46.174823" lon="11.437530">
        <ele>1952.615578</ele>
        <time>2026-09-02T18:02:14.488Z</time>
      </trkpt>
      <trkpt lat="46.174872" lon="11.437620">
        <ele>1953.210679</ele>
        <time>2026-09-02T18:02:16.655Z</time>
      </trkpt>
      <trkpt lat="46.175180" lon="11.437580">
        <ele>1955.532024</ele>
        <time>2026-09-02T18:02:24.196Z</time>
      </trkpt>
      <trkpt lat="46.175227" lon="11.437616">
        <ele>1955.931385</ele>
        <time>2026-09-02T18:02:25.361Z</time>
      </trkpt>
      <trkpt lat="46.175306" lon="11.437750">
        <ele>1956.846161</ele>
        <time>2026-09-02T18:02:28.132Z</time>
      </trkpt>
      <trkpt lat="46.175369" lon="11.437791">
        <ele>1957.364874</ele>
        <time>2026-09-02T18:02:29.633Z</time>
      </trkpt>
      <trkpt lat="46.175508" lon="11.437755">
        <ele>1958.424930</ele>
        <time>2026-09-02T18:02:32.797Z</time>
      </trkpt>
      <trkpt lat="46.175852" lon="11.437541">
        <ele>1961.236574</ele>
        <time>2026-09-02T18:02:41.436Z</time>
      </trkpt>
      <trkpt lat="46.175922" lon="11.437548">
        <ele>1961.763290</ele>
        <time>2026-09-02T18:02:42.993Z</time>
      </trkpt>
      <trkpt lat="46.175979" lon="11.437605">
        <ele>1962.283729</ele>
        <time>2026-09-02T18:02:44.646Z</time>
      </trkpt>
      <trkpt lat="46.175991" lon="11.437652">
        <ele>1962.544107</ele>
        <time>2026-09-02T18:02:45.511Z</time>
      </trkpt>
      <trkpt lat="46.175971" lon="11.437720">
        <ele>1962.928125</ele>
        <time>2026-09-02T18:02:46.730Z</time>
      </trkpt>
      <trkpt lat="46.175821" lon="11.437734">
        <ele>1964.056455</ele>
        <time>2026-09-02T18:02:50.707Z</time>
      </trkpt>
      <trkpt lat="46.175647" lon="11.437919">
        <ele>1965.715507</ele>
        <time>2026-09-02T18:02:57.114Z</time>
      </trkpt>
      <trkpt lat="46.175363" lon="11.438152">
        <ele>1970.559365</ele>
        <time>2026-09-02T18:03:09.571Z</time>
      </trkpt>
      <trkpt lat="46.175145" lon="11.438133">
        <ele>1973.798147</ele>
        <time>2026-09-02T18:03:18.818Z</time>
      </trkpt>
      <trkpt lat="46.175078" lon="11.438183">
        <ele>1974.916569</ele>
        <time>2026-09-02T18:03:21.942Z</time>
      </trkpt>
      <trkpt lat="46.175060" lon="11.438249">
        <ele>1975.644996</ele>
        <time>2026-09-02T18:03:24.197Z</time>
      </trkpt>
      <trkpt lat="46.175082" lon="11.438321">
        <ele>1976.453148</ele>
        <time>2026-09-02T18:03:26.617Z</time>
      </trkpt>
      <trkpt lat="46.175306" lon="11.438398">
        <ele>1979.867837</ele>
        <time>2026-09-02T18:03:37.416Z</time>
      </trkpt>
      <trkpt lat="46.175359" lon="11.438455">
        <ele>1980.847825</ele>
        <time>2026-09-02T18:03:40.691Z</time>
      </trkpt>
      <trkpt lat="46.175389" lon="11.438549">
        <ele>1981.910698</ele>
        <time>2026-09-02T18:03:44.143Z</time>
      </trkpt>
      <trkpt lat="46.175391" lon="11.438853">
        <ele>1985.032600</ele>
        <time>2026-09-02T18:03:55.007Z</time>
      </trkpt>
      <trkpt lat="46.175475" lon="11.438961">
        <ele>1986.700461</ele>
        <time>2026-09-02T18:04:00.693Z</time>
      </trkpt>
      <trkpt lat="46.175506" lon="11.439116">
        <ele>1988.357207</ele>
        <time>2026-09-02T18:04:06.503Z</time>
      </trkpt>
      <trkpt lat="46.175448" lon="11.439230">
        <ele>1989.809882</ele>
        <time>2026-09-02T18:04:11.720Z</time>
      </trkpt>
      <trkpt lat="46.175390" lon="11.439265">
        <ele>1990.742083</ele>
        <time>2026-09-02T18:04:14.943Z</time>
      </trkpt>
      <trkpt lat="46.175263" lon="11.439228">
        <ele>1992.653169</ele>
        <time>2026-09-02T18:04:21.902Z</time>
      </trkpt>
      <trkpt lat="46.175056" lon="11.439110">
        <ele>1995.856716</ele>
        <time>2026-09-02T18:04:34.575Z</time>
      </trkpt>
      <trkpt lat="46.174478" lon="11.439372">
        <ele>2004.577372</ele>
        <time>2026-09-02T18:05:04.476Z</time>
      </trkpt>
      <trkpt lat="46.174278" lon="11.439476">
        <ele>2007.637365</ele>
        <time>2026-09-02T18:05:14.418Z</time>
      </trkpt>
      <trkpt lat="46.174219" lon="11.439547">
        <ele>2008.742911</ele>
        <time>2026-09-02T18:05:18.136Z</time>
      </trkpt>
      <trkpt lat="46.174158" lon="11.439707">
        <ele>2010.563574</ele>
        <time>2026-09-02T18:05:23.578Z</time>
      </trkpt>
      <trkpt lat="46.174092" lon="11.439964">
        <ele>2013.295903</ele>
        <time>2026-09-02T18:05:31.264Z</time>
      </trkpt>
      <trkpt lat="46.174090" lon="11.440011">
        <ele>2013.765293</ele>
        <time>2026-09-02T18:05:32.394Z</time>
      </trkpt>
      <trkpt lat="46.174105" lon="11.440099">
        <ele>2014.668681</ele>
        <time>2026-09-02T18:05:34.708Z</time>
      </trkpt>
      <trkpt lat="46.174130" lon="11.440149">
        <ele>2015.283438</ele>
        <time>2026-09-02T18:05:36.350Z</time>
      </trkpt>
      <trkpt lat="46.174157" lon="11.440186">
        <ele>2015.819250</ele>
        <time>2026-09-02T18:05:37.543Z</time>
      </trkpt>
      <trkpt lat="46.174167" lon="11.440199">
        <ele>2016.012937</ele>
        <time>2026-09-02T18:05:37.959Z</time>
      </trkpt>
      <trkpt lat="46.174183" lon="11.440218">
        <ele>2016.311131</ele>
        <time>2026-09-02T18:05:38.621Z</time>
      </trkpt>
      <trkpt lat="46.174215" lon="11.440255">
        <ele>2016.901236</ele>
        <time>2026-09-02T18:05:40.025Z</time>
      </trkpt>
      <trkpt lat="46.174247" lon="11.440400">
        <ele>2018.246205</ele>
        <time>2026-09-02T18:05:43.278Z</time>
      </trkpt>
      <trkpt lat="46.174214" lon="11.440483">
        <ele>2018.428120</ele>
        <time>2026-09-02T18:05:45.355Z</time>
      </trkpt>
      <trkpt lat="46.174142" lon="11.440588">
        <ele>2018.708991</ele>
        <time>2026-09-02T18:05:48.026Z</time>
      </trkpt>
      <trkpt lat="46.174079" lon="11.440634">
        <ele>2018.902764</ele>
        <time>2026-09-02T18:05:50.017Z</time>
      </trkpt>
      <trkpt lat="46.173989" lon="11.440649">
        <ele>2019.151442</ele>
        <time>2026-09-02T18:05:52.043Z</time>
      </trkpt>
      <trkpt lat="46.173911" lon="11.440557">
        <ele>2019.427879</ele>
        <time>2026-09-02T18:05:54.260Z</time>
      </trkpt>
      <trkpt lat="46.173856" lon="11.440321">
        <ele>2019.901176</ele>
        <time>2026-09-02T18:05:56.916Z</time>
      </trkpt>
      <trkpt lat="46.173839" lon="11.440074">
        <ele>2020.372972</ele>
        <time>2026-09-02T18:05:58.710Z</time>
      </trkpt>
      <trkpt lat="46.173887" lon="11.439642">
        <ele>2021.204596</ele>
        <time>2026-09-02T18:06:01.878Z</time>
      </trkpt>
      <trkpt lat="46.173866" lon="11.439560">
        <ele>2021.370774</ele>
        <time>2026-09-02T18:06:02.734Z</time>
      </trkpt>
      <trkpt lat="46.173822" lon="11.439570">
        <ele>2021.493034</ele>
        <time>2026-09-02T18:06:03.276Z</time>
      </trkpt>
      <trkpt lat="46.173803" lon="11.439609">
        <ele>2021.583671</ele>
        <time>2026-09-02T18:06:03.663Z</time>
      </trkpt>
      <trkpt lat="46.173761" lon="11.439819">
        <ele>2021.999142</ele>
        <time>2026-09-02T18:06:05.096Z</time>
      </trkpt>
      <trkpt lat="46.173577" lon="11.440420">
        <ele>2023.066101</ele>
        <time>2026-09-02T18:06:08.454Z</time>
      </trkpt>
      <trkpt lat="46.173564" lon="11.440457">
        <ele>2023.008824</ele>
        <time>2026-09-02T18:06:08.660Z</time>
      </trkpt>
      <trkpt lat="46.173507" lon="11.440612">
        <ele>2022.766546</ele>
        <time>2026-09-02T18:06:09.624Z</time>
      </trkpt>
      <trkpt lat="46.173468" lon="11.440793">
        <ele>2022.504858</ele>
        <time>2026-09-02T18:06:10.785Z</time>
      </trkpt>
      <trkpt lat="46.173459" lon="11.440879">
        <ele>2022.384787</ele>
        <time>2026-09-02T18:06:11.214Z</time>
      </trkpt>
      <trkpt lat="46.173457" lon="11.440906">
        <ele>2022.347301</ele>
        <time>2026-09-02T18:06:11.362Z</time>
      </trkpt>
      <trkpt lat="46.173456" lon="11.440934">
        <ele>2022.308595</ele>
        <time>2026-09-02T18:06:11.532Z</time>
      </trkpt>
      <trkpt lat="46.173452" lon="11.440968">
        <ele>2022.260985</ele>
        <time>2026-09-02T18:06:11.728Z</time>
      </trkpt>
      <trkpt lat="46.173443" lon="11.441037">
        <ele>2022.164056</ele>
        <time>2026-09-02T18:06:12.051Z</time>
      </trkpt>
      <trkpt lat="46.173440" lon="11.441057">
        <ele>2022.135805</ele>
        <time>2026-09-02T18:06:12.143Z</time>
      </trkpt>
      <trkpt lat="46.173418" lon="11.441146">
        <ele>2022.005347</ele>
        <time>2026-09-02T18:06:12.597Z</time>
      </trkpt>
      <trkpt lat="46.173399" lon="11.441191">
        <ele>2021.932588</ele>
        <time>2026-09-02T18:06:12.855Z</time>
      </trkpt>
      <trkpt lat="46.173357" lon="11.441273">
        <ele>2021.791786</ele>
        <time>2026-09-02T18:06:13.303Z</time>
      </trkpt>
      <trkpt lat="46.173316" lon="11.441353">
        <ele>2021.654389</ele>
        <time>2026-09-02T18:06:13.779Z</time>
      </trkpt>
      <trkpt lat="46.173288" lon="11.441407">
        <ele>2021.561259</ele>
        <time>2026-09-02T18:06:14.076Z</time>
      </trkpt>
      <trkpt lat="46.173131" lon="11.441659">
        <ele>2021.093296</ele>
        <time>2026-09-02T18:06:15.599Z</time>
      </trkpt>
      <trkpt lat="46.173096" lon="11.441754">
        <ele>2020.944741</ele>
        <time>2026-09-02T18:06:16.075Z</time>
      </trkpt>
      <trkpt lat="46.173109" lon="11.441820">
        <ele>2020.850013</ele>
        <time>2026-09-02T18:06:16.382Z</time>
      </trkpt>
      <trkpt lat="46.173168" lon="11.442126">
        <ele>2020.411508</ele>
        <time>2026-09-02T18:06:17.864Z</time>
      </trkpt>
      <trkpt lat="46.173014" lon="11.442520">
        <ele>2019.786924</ele>
        <time>2026-09-02T18:06:19.861Z</time>
      </trkpt>
      <trkpt lat="46.172899" lon="11.443221">
        <ele>2016.819053</ele>
        <time>2026-09-02T18:06:22.796Z</time>
      </trkpt>
      <trkpt lat="46.173032" lon="11.443872">
        <ele>2013.463656</ele>
        <time>2026-09-02T18:06:25.405Z</time>
      </trkpt>
      <trkpt lat="46.173028" lon="11.444039">
        <ele>2012.637588</ele>
        <time>2026-09-02T18:06:26.031Z</time>
      </trkpt>
      <trkpt lat="46.172972" lon="11.444240">
        <ele>2011.566527</ele>
        <time>2026-09-02T18:06:26.830Z</time>
      </trkpt>
      <trkpt lat="46.172880" lon="11.444368">
        <ele>2010.654516</ele>
        <time>2026-09-02T18:06:27.503Z</time>
      </trkpt>
      <trkpt lat="46.172862" lon="11.444381">
        <ele>2010.510842</ele>
        <time>2026-09-02T18:06:27.609Z</time>
      </trkpt>
      <trkpt lat="46.172831" lon="11.444404">
        <ele>2010.262036</ele>
        <time>2026-09-02T18:06:27.789Z</time>
      </trkpt>
      <trkpt lat="46.172753" lon="11.444418">
        <ele>2009.700918</ele>
        <time>2026-09-02T18:06:28.203Z</time>
      </trkpt>
      <trkpt lat="46.172676" lon="11.444408">
        <ele>2009.149005</ele>
        <time>2026-09-02T18:06:28.602Z</time>
      </trkpt>
      <trkpt lat="46.172659" lon="11.444398">
        <ele>2009.017962</ele>
        <time>2026-09-02T18:06:28.693Z</time>
      </trkpt>
      <trkpt lat="46.172642" lon="11.444388">
        <ele>2008.886918</ele>
        <time>2026-09-02T18:06:28.792Z</time>
      </trkpt>
      <trkpt lat="46.172486" lon="11.444247">
        <ele>2007.573096</ele>
        <time>2026-09-02T18:06:29.730Z</time>
      </trkpt>
      <trkpt lat="46.172298" lon="11.443910">
        <ele>2004.517262</ele>
        <time>2026-09-02T18:06:31.258Z</time>
      </trkpt>
      <trkpt lat="46.172242" lon="11.443706">
        <ele>2002.657425</ele>
        <time>2026-09-02T18:06:32.033Z</time>
      </trkpt>
      <trkpt lat="46.172243" lon="11.443443">
        <ele>2000.428404</ele>
        <time>2026-09-02T18:06:32.955Z</time>
      </trkpt>
      <trkpt lat="46.172192" lon="11.443303">
        <ele>1999.087710</ele>
        <time>2026-09-02T18:06:33.509Z</time>
      </trkpt>
      <trkpt lat="46.172114" lon="11.443222">
        <ele>1997.911879</ele>
        <time>2026-09-02T18:06:33.993Z</time>
      </trkpt>
      <trkpt lat="46.172024" lon="11.443211">
        <ele>1996.806454</ele>
        <time>2026-09-02T18:06:34.454Z</time>
      </trkpt>
      <trkpt lat="46.171954" lon="11.443265">
        <ele>1995.835160</ele>
        <time>2026-09-02T18:06:34.852Z</time>
      </trkpt>
      <trkpt lat="46.171776" lon="11.443607">
        <ele>1992.209219</ele>
        <time>2026-09-02T18:06:36.340Z</time>
      </trkpt>
      <trkpt lat="46.171730" lon="11.443694">
        <ele>1991.281514</ele>
        <time>2026-09-02T18:06:36.722Z</time>
      </trkpt>
      <trkpt lat="46.171701" lon="11.443753">
        <ele>1990.668314</ele>
        <time>2026-09-02T18:06:36.973Z</time>
      </trkpt>
      <trkpt lat="46.171679" lon="11.443786">
        <ele>1990.280086</ele>
        <time>2026-09-02T18:06:37.131Z</time>
      </trkpt>
      <trkpt lat="46.171622" lon="11.443827">
        <ele>1989.500723</ele>
        <time>2026-09-02T18:06:37.450Z</time>
      </trkpt>
      <trkpt lat="46.171339" lon="11.443832">
        <ele>1986.036901</ele>
        <time>2026-09-02T18:06:38.866Z</time>
      </trkpt>
      <trkpt lat="46.171164" lon="11.443924">
        <ele>1983.918307</ele>
        <time>2026-09-02T18:06:39.805Z</time>
      </trkpt>
      <trkpt lat="46.170323" lon="11.444233">
        <ele>1975.101939</ele>
        <time>2026-09-02T18:06:44.292Z</time>
      </trkpt>
      <trkpt lat="46.170126" lon="11.444205">
        <ele>1973.090848</ele>
        <time>2026-09-02T18:06:45.313Z</time>
      </trkpt>
      <trkpt lat="46.169922" lon="11.444127">
        <ele>1970.946889</ele>
        <time>2026-09-02T18:06:46.411Z</time>
      </trkpt>
      <trkpt lat="46.169594" lon="11.444116">
        <ele>1967.613679</ele>
        <time>2026-09-02T18:06:48.120Z</time>
      </trkpt>
      <trkpt lat="46.169004" lon="11.443649">
        <ele>1960.705225</ele>
        <time>2026-09-02T18:06:51.647Z</time>
      </trkpt>
      <trkpt lat="46.168729" lon="11.443213">
        <ele>1956.502517</ele>
        <time>2026-09-02T18:06:53.758Z</time>
      </trkpt>
      <trkpt lat="46.168484" lon="11.442902">
        <ele>1953.145649</ele>
        <time>2026-09-02T18:06:55.421Z</time>
      </trkpt>
      <trkpt lat="46.168394" lon="11.442823">
        <ele>1952.061807</ele>
        <time>2026-09-02T18:06:55.956Z</time>
      </trkpt>
      <trkpt lat="46.168127" lon="11.442687">
        <ele>1949.148306</ele>
        <time>2026-09-02T18:06:57.394Z</time>
      </trkpt>
      <trkpt lat="46.168117" lon="11.442602">
        <ele>1948.533864</ele>
        <time>2026-09-02T18:06:57.701Z</time>
      </trkpt>
      <trkpt lat="46.168150" lon="11.442539">
        <ele>1947.970926</ele>
        <time>2026-09-02T18:06:57.977Z</time>
      </trkpt>
      <trkpt lat="46.168295" lon="11.442551">
        <ele>1946.323478</ele>
        <time>2026-09-02T18:06:58.715Z</time>
      </trkpt>
      <trkpt lat="46.169056" lon="11.443048">
        <ele>1936.819337</ele>
        <time>2026-09-02T18:07:02.981Z</time>
      </trkpt>
      <trkpt lat="46.169177" lon="11.443103">
        <ele>1935.375842</ele>
        <time>2026-09-02T18:07:03.640Z</time>
      </trkpt>
      <trkpt lat="46.169490" lon="11.443156">
        <ele>1931.789735</ele>
        <time>2026-09-02T18:07:05.276Z</time>
      </trkpt>
      <trkpt lat="46.169717" lon="11.443125">
        <ele>1929.195122</ele>
        <time>2026-09-02T18:07:06.435Z</time>
      </trkpt>
      <trkpt lat="46.169955" lon="11.442914">
        <ele>1925.476925</ele>
        <time>2026-09-02T18:07:07.842Z</time>
      </trkpt>
      <trkpt lat="46.170165" lon="11.442823">
        <ele>1922.044025</ele>
        <time>2026-09-02T18:07:08.940Z</time>
      </trkpt>
      <trkpt lat="46.170227" lon="11.442800">
        <ele>1921.041748</ele>
        <time>2026-09-02T18:07:09.259Z</time>
      </trkpt>
      <trkpt lat="46.170448" lon="11.442711">
        <ele>1917.449432</ele>
        <time>2026-09-02T18:07:10.403Z</time>
      </trkpt>
      <trkpt lat="46.170527" lon="11.442626">
        <ele>1915.906892</ele>
        <time>2026-09-02T18:07:10.893Z</time>
      </trkpt>
      <trkpt lat="46.170575" lon="11.442490">
        <ele>1914.251784</ele>
        <time>2026-09-02T18:07:11.420Z</time>
      </trkpt>
      <trkpt lat="46.170616" lon="11.442242">
        <ele>1911.487178</ele>
        <time>2026-09-02T18:07:12.296Z</time>
      </trkpt>
      <trkpt lat="46.170691" lon="11.442094">
        <ele>1909.498661</ele>
        <time>2026-09-02T18:07:12.924Z</time>
      </trkpt>
      <trkpt lat="46.171080" lon="11.441445">
        <ele>1900.191881</ele>
        <time>2026-09-02T18:07:15.848Z</time>
      </trkpt>
      <trkpt lat="46.171389" lon="11.441001">
        <ele>1894.356550</ele>
        <time>2026-09-02T18:07:17.998Z</time>
      </trkpt>
      <trkpt lat="46.171527" lon="11.440443">
        <ele>1889.005309</ele>
        <time>2026-09-02T18:07:20.041Z</time>
      </trkpt>
      <trkpt lat="46.171636" lon="11.439466">
        <ele>1880.067892</ele>
        <time>2026-09-02T18:07:23.513Z</time>
      </trkpt>
      <trkpt lat="46.171650" lon="11.439057">
        <ele>1876.369560</ele>
        <time>2026-09-02T18:07:25.011Z</time>
      </trkpt>
      <trkpt lat="46.171615" lon="11.438779">
        <ele>1874.569112</ele>
        <time>2026-09-02T18:07:26.066Z</time>
      </trkpt>
      <trkpt lat="46.171404" lon="11.437937">
        <ele>1869.494583</ele>
        <time>2026-09-02T18:07:29.442Z</time>
      </trkpt>
      <trkpt lat="46.171207" lon="11.437420">
        <ele>1866.150419</ele>
        <time>2026-09-02T18:07:31.611Z</time>
      </trkpt>
      <trkpt lat="46.170953" lon="11.436956">
        <ele>1862.798514</ele>
        <time>2026-09-02T18:07:33.772Z</time>
      </trkpt>
      <trkpt lat="46.170446" lon="11.436296">
        <ele>1856.095178</ele>
        <time>2026-09-02T18:07:37.301Z</time>
      </trkpt>
      <trkpt lat="46.170068" lon="11.435994">
        <ele>1851.548006</ele>
        <time>2026-09-02T18:07:39.509Z</time>
      </trkpt>
      <trkpt lat="46.169905" lon="11.435697">
        <ele>1848.785637</ele>
        <time>2026-09-02T18:07:40.853Z</time>
      </trkpt>
      <trkpt lat="46.169774" lon="11.435561">
        <ele>1847.087366</ele>
        <time>2026-09-02T18:07:41.676Z</time>
      </trkpt>
      <trkpt lat="46.169514" lon="11.435402">
        <ele>1844.115330</ele>
        <time>2026-09-02T18:07:43.120Z</time>
      </trkpt>
      <trkpt lat="46.169325" lon="11.434992">
        <ele>1840.668242</ele>
        <time>2026-09-02T18:07:44.863Z</time>
      </trkpt>
      <trkpt lat="46.169288" lon="11.434977">
        <ele>1840.298649</ele>
        <time>2026-09-02T18:07:45.060Z</time>
      </trkpt>
      <trkpt lat="46.169252" lon="11.435013">
        <ele>1839.877514</ele>
        <time>2026-09-02T18:07:45.288Z</time>
      </trkpt>
      <trkpt lat="46.169276" lon="11.435145">
        <ele>1838.968577</ele>
        <time>2026-09-02T18:07:45.771Z</time>
      </trkpt>
      <trkpt lat="46.169452" lon="11.435538">
        <ele>1835.851530</ele>
        <time>2026-09-02T18:07:47.438Z</time>
      </trkpt>
      <trkpt lat="46.169603" lon="11.435756">
        <ele>1833.798019</ele>
        <time>2026-09-02T18:07:48.538Z</time>
      </trkpt>
      <trkpt lat="46.169670" lon="11.436056">
        <ele>1831.698651</ele>
        <time>2026-09-02T18:07:49.674Z</time>
      </trkpt>
      <trkpt lat="46.169740" lon="11.436235">
        <ele>1830.329546</ele>
        <time>2026-09-02T18:07:50.414Z</time>
      </trkpt>
      <trkpt lat="46.169845" lon="11.436437">
        <ele>1828.647390</ele>
        <time>2026-09-02T18:07:51.331Z</time>
      </trkpt>
      <trkpt lat="46.169961" lon="11.436579">
        <ele>1827.184873</ele>
        <time>2026-09-02T18:07:52.139Z</time>
      </trkpt>
      <trkpt lat="46.170119" lon="11.437039">
        <ele>1823.849803</ele>
        <time>2026-09-02T18:07:54.023Z</time>
      </trkpt>
      <trkpt lat="46.170405" lon="11.437584">
        <ele>1819.639921</ele>
        <time>2026-09-02T18:07:56.523Z</time>
      </trkpt>
      <trkpt lat="46.170470" lon="11.437796">
        <ele>1818.212526</ele>
        <time>2026-09-02T18:07:57.363Z</time>
      </trkpt>
      <trkpt lat="46.170464" lon="11.438231">
        <ele>1815.533884</ele>
        <time>2026-09-02T18:07:58.925Z</time>
      </trkpt>
      <trkpt lat="46.170243" lon="11.438834">
        <ele>1811.333617</ele>
        <time>2026-09-02T18:08:01.403Z</time>
      </trkpt>
      <trkpt lat="46.170082" lon="11.439134">
        <ele>1808.996950</ele>
        <time>2026-09-02T18:08:02.792Z</time>
      </trkpt>
      <trkpt lat="46.169990" lon="11.439195">
        <ele>1807.898320</ele>
        <time>2026-09-02T18:08:03.316Z</time>
      </trkpt>
      <trkpt lat="46.169907" lon="11.439168">
        <ele>1806.953742</ele>
        <time>2026-09-02T18:08:03.753Z</time>
      </trkpt>
      <trkpt lat="46.169860" lon="11.439084">
        <ele>1806.123450</ele>
        <time>2026-09-02T18:08:04.138Z</time>
      </trkpt>
      <trkpt lat="46.169857" lon="11.438951">
        <ele>1805.100332</ele>
        <time>2026-09-02T18:08:04.608Z</time>
      </trkpt>
      <trkpt lat="46.169924" lon="11.438843">
        <ele>1803.985517</ele>
        <time>2026-09-02T18:08:05.124Z</time>
      </trkpt>
      <trkpt lat="46.170064" lon="11.438725">
        <ele>1802.185802</ele>
        <time>2026-09-02T18:08:05.949Z</time>
      </trkpt>
      <trkpt lat="46.170102" lon="11.438646">
        <ele>1801.446267</ele>
        <time>2026-09-02T18:08:06.298Z</time>
      </trkpt>
      <trkpt lat="46.170109" lon="11.438433">
        <ele>1799.806773</ele>
        <time>2026-09-02T18:08:07.059Z</time>
      </trkpt>
      <trkpt lat="46.170105" lon="11.438396">
        <ele>1799.518853</ele>
        <time>2026-09-02T18:08:07.192Z</time>
      </trkpt>
      <trkpt lat="46.170104" lon="11.438381">
        <ele>1799.402992</ele>
        <time>2026-09-02T18:08:07.245Z</time>
      </trkpt>
      <trkpt lat="46.170102" lon="11.438368">
        <ele>1799.300605</ele>
        <time>2026-09-02T18:08:07.291Z</time>
      </trkpt>
      <trkpt lat="46.170089" lon="11.438300">
        <ele>1798.758230</ele>
        <time>2026-09-02T18:08:07.543Z</time>
      </trkpt>
      <trkpt lat="46.170056" lon="11.438204">
        <ele>1797.934206</ele>
        <time>2026-09-02T18:08:07.927Z</time>
      </trkpt>
      <trkpt lat="46.170040" lon="11.438174">
        <ele>1797.643077</ele>
        <time>2026-09-02T18:08:08.059Z</time>
      </trkpt>
      <trkpt lat="46.170030" lon="11.438154">
        <ele>1797.453416</ele>
        <time>2026-09-02T18:08:08.149Z</time>
      </trkpt>
      <trkpt lat="46.170023" lon="11.438140">
        <ele>1797.320653</ele>
        <time>2026-09-02T18:08:08.209Z</time>
      </trkpt>
      <trkpt lat="46.169945" lon="11.438023">
        <ele>1796.072009</ele>
        <time>2026-09-02T18:08:08.782Z</time>
      </trkpt>
      <trkpt lat="46.169737" lon="11.437812">
        <ele>1793.249866</ele>
        <time>2026-09-02T18:08:10.080Z</time>
      </trkpt>
      <trkpt lat="46.169504" lon="11.437625">
        <ele>1790.290342</ele>
        <time>2026-09-02T18:08:11.434Z</time>
      </trkpt>
      <trkpt lat="46.169342" lon="11.437549">
        <ele>1788.310168</ele>
        <time>2026-09-02T18:08:12.288Z</time>
      </trkpt>
      <trkpt lat="46.169159" lon="11.437438">
        <ele>1785.734085</ele>
        <time>2026-09-02T18:08:13.284Z</time>
      </trkpt>
      <trkpt lat="46.169016" lon="11.437303">
        <ele>1783.516721</ele>
        <time>2026-09-02T18:08:14.134Z</time>
      </trkpt>
      <trkpt lat="46.168968" lon="11.437030">
        <ele>1780.985152</ele>
        <time>2026-09-02T18:08:15.107Z</time>
      </trkpt>
      <trkpt lat="46.168927" lon="11.436941">
        <ele>1780.024403</ele>
        <time>2026-09-02T18:08:15.480Z</time>
      </trkpt>
      <trkpt lat="46.168777" lon="11.436747">
        <ele>1777.410920</ele>
        <time>2026-09-02T18:08:16.488Z</time>
      </trkpt>
      <trkpt lat="46.168518" lon="11.436328">
        <ele>1772.362970</ele>
        <time>2026-09-02T18:08:18.439Z</time>
      </trkpt>
      <trkpt lat="46.167690" lon="11.435386">
        <ele>1760.559749</ele>
        <time>2026-09-02T18:08:23.804Z</time>
      </trkpt>
      <trkpt lat="46.167631" lon="11.435339">
        <ele>1759.923179</ele>
        <time>2026-09-02T18:08:24.156Z</time>
      </trkpt>
      <trkpt lat="46.167595" lon="11.435345">
        <ele>1759.580829</ele>
        <time>2026-09-02T18:08:24.345Z</time>
      </trkpt>
      <trkpt lat="46.167565" lon="11.435413">
        <ele>1759.053333</ele>
        <time>2026-09-02T18:08:24.641Z</time>
      </trkpt>
      <trkpt lat="46.167749" lon="11.435742">
        <ele>1756.286611</ele>
        <time>2026-09-02T18:08:26.178Z</time>
      </trkpt>
      <trkpt lat="46.167860" lon="11.436066">
        <ele>1753.921648</ele>
        <time>2026-09-02T18:08:27.490Z</time>
      </trkpt>
      <trkpt lat="46.167927" lon="11.436244">
        <ele>1752.596189</ele>
        <time>2026-09-02T18:08:28.237Z</time>
      </trkpt>
      <trkpt lat="46.168139" lon="11.436523">
        <ele>1749.886392</ele>
        <time>2026-09-02T18:08:29.784Z</time>
      </trkpt>
      <trkpt lat="46.168140" lon="11.436629">
        <ele>1749.192825</ele>
        <time>2026-09-02T18:08:30.177Z</time>
      </trkpt>
      <trkpt lat="46.168095" lon="11.436659">
        <ele>1748.724586</ele>
        <time>2026-09-02T18:08:30.434Z</time>
      </trkpt>
      <trkpt lat="46.167613" lon="11.436284">
        <ele>1742.573378</ele>
        <time>2026-09-02T18:08:33.291Z</time>
      </trkpt>
      <trkpt lat="46.167318" lon="11.436102">
        <ele>1738.954048</ele>
        <time>2026-09-02T18:08:34.964Z</time>
      </trkpt>
      <trkpt lat="46.167237" lon="11.436077">
        <ele>1738.019544</ele>
        <time>2026-09-02T18:08:35.385Z</time>
      </trkpt>
      <trkpt lat="46.166843" lon="11.435980">
        <ele>1733.510198</ele>
        <time>2026-09-02T18:08:37.403Z</time>
      </trkpt>
      <trkpt lat="46.166602" lon="11.436049">
        <ele>1730.738246</ele>
        <time>2026-09-02T18:08:38.634Z</time>
      </trkpt>
      <trkpt lat="46.166537" lon="11.436038">
        <ele>1729.999882</ele>
        <time>2026-09-02T18:08:38.959Z</time>
      </trkpt>
      <trkpt lat="46.166523" lon="11.436023">
        <ele>1729.803195</ele>
        <time>2026-09-02T18:08:39.045Z</time>
      </trkpt>
      <trkpt lat="46.166511" lon="11.436010">
        <ele>1729.633939</ele>
        <time>2026-09-02T18:08:39.122Z</time>
      </trkpt>
      <trkpt lat="46.166492" lon="11.435972">
        <ele>1729.267726</ele>
        <time>2026-09-02T18:08:39.286Z</time>
      </trkpt>
      <trkpt lat="46.166478" lon="11.435856">
        <ele>1728.347680</ele>
        <time>2026-09-02T18:08:39.691Z</time>
      </trkpt>
      <trkpt lat="46.166467" lon="11.435775">
        <ele>1727.650676</ele>
        <time>2026-09-02T18:08:39.975Z</time>
      </trkpt>
      <trkpt lat="46.166438" lon="11.435703">
        <ele>1726.942995</ele>
        <time>2026-09-02T18:08:40.263Z</time>
      </trkpt>
      <trkpt lat="46.166404" lon="11.435661">
        <ele>1726.394060</ele>
        <time>2026-09-02T18:08:40.483Z</time>
      </trkpt>
      <trkpt lat="46.166395" lon="11.435649">
        <ele>1726.243772</ele>
        <time>2026-09-02T18:08:40.546Z</time>
      </trkpt>
      <trkpt lat="46.166280" lon="11.435603">
        <ele>1724.779799</ele>
        <time>2026-09-02T18:08:41.135Z</time>
      </trkpt>
      <trkpt lat="46.166032" lon="11.435497">
        <ele>1721.606797</ele>
        <time>2026-09-02T18:08:42.428Z</time>
      </trkpt>
      <trkpt lat="46.165950" lon="11.435412">
        <ele>1720.368413</ele>
        <time>2026-09-02T18:08:42.937Z</time>
      </trkpt>
      <trkpt lat="46.165729" lon="11.434983">
        <ele>1715.825593</ele>
        <time>2026-09-02T18:08:44.824Z</time>
      </trkpt>
      <trkpt lat="46.165700" lon="11.434844">
        <ele>1714.592140</ele>
        <time>2026-09-02T18:08:45.340Z</time>
      </trkpt>
      <trkpt lat="46.165734" lon="11.434378">
        <ele>1710.610811</ele>
        <time>2026-09-02T18:08:46.979Z</time>
      </trkpt>
      <trkpt lat="46.165714" lon="11.434283">
        <ele>1709.767165</ele>
        <time>2026-09-02T18:08:47.329Z</time>
      </trkpt>
      <trkpt lat="46.165411" lon="11.433690">
        <ele>1703.816744</ele>
        <time>2026-09-02T18:08:49.967Z</time>
      </trkpt>
      <trkpt lat="46.165349" lon="11.433501">
        <ele>1702.242484</ele>
        <time>2026-09-02T18:08:50.727Z</time>
      </trkpt>
      <trkpt lat="46.165309" lon="11.433189">
        <ele>1699.853938</ele>
        <time>2026-09-02T18:08:51.881Z</time>
      </trkpt>
      <trkpt lat="46.165267" lon="11.433140">
        <ele>1699.267040</ele>
        <time>2026-09-02T18:08:52.162Z</time>
      </trkpt>
      <trkpt lat="46.165206" lon="11.433189">
        <ele>1698.508328</ele>
        <time>2026-09-02T18:08:52.523Z</time>
      </trkpt>
      <trkpt lat="46.165210" lon="11.433338">
        <ele>1697.385854</ele>
        <time>2026-09-02T18:08:53.063Z</time>
      </trkpt>
      <trkpt lat="46.165291" lon="11.434004">
        <ele>1692.295680</ele>
        <time>2026-09-02T18:08:55.474Z</time>
      </trkpt>
      <trkpt lat="46.165376" lon="11.434467">
        <ele>1688.689983</ele>
        <time>2026-09-02T18:08:57.150Z</time>
      </trkpt>
      <trkpt lat="46.165372" lon="11.434542">
        <ele>1688.123734</ele>
        <time>2026-09-02T18:08:57.414Z</time>
      </trkpt>
      <trkpt lat="46.165354" lon="11.434613">
        <ele>1687.554584</ele>
        <time>2026-09-02T18:08:57.678Z</time>
      </trkpt>
      <trkpt lat="46.165221" lon="11.434829">
        <ele>1685.156797</ele>
        <time>2026-09-02T18:08:58.684Z</time>
      </trkpt>
      <trkpt lat="46.165191" lon="11.435168">
        <ele>1682.145858</ele>
        <time>2026-09-02T18:08:59.869Z</time>
      </trkpt>
      <trkpt lat="46.165129" lon="11.435207">
        <ele>1681.285573</ele>
        <time>2026-09-02T18:09:00.207Z</time>
      </trkpt>
      <trkpt lat="46.165087" lon="11.435178">
        <ele>1680.693351</ele>
        <time>2026-09-02T18:09:00.438Z</time>
      </trkpt>
      <trkpt lat="46.165070" lon="11.435083">
        <ele>1679.828894</ele>
        <time>2026-09-02T18:09:00.775Z</time>
      </trkpt>
      <trkpt lat="46.165137" lon="11.434820">
        <ele>1677.360030</ele>
        <time>2026-09-02T18:09:01.747Z</time>
      </trkpt>
      <trkpt lat="46.165140" lon="11.434678">
        <ele>1676.108399</ele>
        <time>2026-09-02T18:09:02.235Z</time>
      </trkpt>
      <trkpt lat="46.164817" lon="11.433716">
        <ele>1666.689506</ele>
        <time>2026-09-02T18:09:05.967Z</time>
      </trkpt>
      <trkpt lat="46.164611" lon="11.433327">
        <ele>1662.651286</ele>
        <time>2026-09-02T18:09:07.713Z</time>
      </trkpt>
      <trkpt lat="46.164149" lon="11.432740">
        <ele>1656.336806</ele>
        <time>2026-09-02T18:09:10.912Z</time>
      </trkpt>
      <trkpt lat="46.164059" lon="11.432545">
        <ele>1654.671542</ele>
        <time>2026-09-02T18:09:11.758Z</time>
      </trkpt>
      <trkpt lat="46.163983" lon="11.432251">
        <ele>1652.441456</ele>
        <time>2026-09-02T18:09:12.890Z</time>
      </trkpt>
      <trkpt lat="46.163913" lon="11.432193">
        <ele>1651.613348</ele>
        <time>2026-09-02T18:09:13.313Z</time>
      </trkpt>
      <trkpt lat="46.163865" lon="11.432241">
        <ele>1651.014246</ele>
        <time>2026-09-02T18:09:13.617Z</time>
      </trkpt>
      <trkpt lat="46.163859" lon="11.432297">
        <ele>1650.611548</ele>
        <time>2026-09-02T18:09:13.824Z</time>
      </trkpt>
      <trkpt lat="46.164073" lon="11.432913">
        <ele>1645.714128</ele>
        <time>2026-09-02T18:09:16.271Z</time>
      </trkpt>
      <trkpt lat="46.164112" lon="11.433090">
        <ele>1644.362619</ele>
        <time>2026-09-02T18:09:16.925Z</time>
      </trkpt>
      <trkpt lat="46.164074" lon="11.433680">
        <ele>1640.012341</ele>
        <time>2026-09-02T18:09:19.004Z</time>
      </trkpt>
      <trkpt lat="46.164137" lon="11.434131">
        <ele>1636.634571</ele>
        <time>2026-09-02T18:09:20.623Z</time>
      </trkpt>
      <trkpt lat="46.164087" lon="11.434275">
        <ele>1635.451953</ele>
        <time>2026-09-02T18:09:21.191Z</time>
      </trkpt>
      <trkpt lat="46.163785" lon="11.434578">
        <ele>1631.553659</ele>
        <time>2026-09-02T18:09:23.088Z</time>
      </trkpt>
      <trkpt lat="46.163663" lon="11.434760">
        <ele>1629.694127</ele>
        <time>2026-09-02T18:09:23.996Z</time>
      </trkpt>
      <trkpt lat="46.163659" lon="11.434871">
        <ele>1628.878093</ele>
        <time>2026-09-02T18:09:24.394Z</time>
      </trkpt>
      <trkpt lat="46.163751" lon="11.435168">
        <ele>1626.489451</ele>
        <time>2026-09-02T18:09:25.567Z</time>
      </trkpt>
      <trkpt lat="46.163755" lon="11.435300">
        <ele>1625.585145</ele>
        <time>2026-09-02T18:09:26.043Z</time>
      </trkpt>
      <trkpt lat="46.163733" lon="11.435398">
        <ele>1624.894065</ele>
        <time>2026-09-02T18:09:26.414Z</time>
      </trkpt>
      <trkpt lat="46.163625" lon="11.435634">
        <ele>1622.996544</ele>
        <time>2026-09-02T18:09:27.440Z</time>
      </trkpt>
      <trkpt lat="46.163417" lon="11.435857">
        <ele>1620.487258</ele>
        <time>2026-09-02T18:09:28.798Z</time>
      </trkpt>
      <trkpt lat="46.162993" lon="11.436165">
        <ele>1615.890078</ele>
        <time>2026-09-02T18:09:31.306Z</time>
      </trkpt>
      <trkpt lat="46.162426" lon="11.436478">
        <ele>1610.010608</ele>
        <time>2026-09-02T18:09:34.430Z</time>
      </trkpt>
      <trkpt lat="46.162116" lon="11.436729">
        <ele>1606.285077</ele>
        <time>2026-09-02T18:09:36.235Z</time>
      </trkpt>
      <trkpt lat="46.162007" lon="11.436856">
        <ele>1604.760906</ele>
        <time>2026-09-02T18:09:36.941Z</time>
      </trkpt>
      <trkpt lat="46.161985" lon="11.436868">
        <ele>1604.504991</ele>
        <time>2026-09-02T18:09:37.062Z</time>
      </trkpt>
      <trkpt lat="46.161976" lon="11.436873">
        <ele>1604.400055</ele>
        <time>2026-09-02T18:09:37.111Z</time>
      </trkpt>
      <trkpt lat="46.161944" lon="11.436872">
        <ele>1604.051755</ele>
        <time>2026-09-02T18:09:37.273Z</time>
      </trkpt>
      <trkpt lat="46.161923" lon="11.436853">
        <ele>1603.782075</ele>
        <time>2026-09-02T18:09:37.398Z</time>
      </trkpt>
      <trkpt lat="46.161905" lon="11.436820">
        <ele>1603.465487</ele>
        <time>2026-09-02T18:09:37.546Z</time>
      </trkpt>
      <trkpt lat="46.161898" lon="11.436768">
        <ele>1603.066229</ele>
        <time>2026-09-02T18:09:37.729Z</time>
      </trkpt>
      <trkpt lat="46.161907" lon="11.436720">
        <ele>1602.691432</ele>
        <time>2026-09-02T18:09:37.905Z</time>
      </trkpt>
      <trkpt lat="46.162151" lon="11.436527">
        <ele>1599.663916</ele>
        <time>2026-09-02T18:09:39.308Z</time>
      </trkpt>
      <trkpt lat="46.162305" lon="11.436198">
        <ele>1596.671092</ele>
        <time>2026-09-02T18:09:40.708Z</time>
      </trkpt>
      <trkpt lat="46.162616" lon="11.435695">
        <ele>1591.589231</ele>
        <time>2026-09-02T18:09:43.094Z</time>
      </trkpt>
      <trkpt lat="46.162627" lon="11.435337">
        <ele>1589.015099</ele>
        <time>2026-09-02T18:09:44.402Z</time>
      </trkpt>
      <trkpt lat="46.162716" lon="11.435088">
        <ele>1587.573424</ele>
        <time>2026-09-02T18:09:45.445Z</time>
      </trkpt>
      <trkpt lat="46.162738" lon="11.434948">
        <ele>1586.834799</ele>
        <time>2026-09-02T18:09:45.976Z</time>
      </trkpt>
      <trkpt lat="46.162681" lon="11.434498">
        <ele>1584.481091</ele>
        <time>2026-09-02T18:09:47.696Z</time>
      </trkpt>
      <trkpt lat="46.162608" lon="11.434230">
        <ele>1582.999393</ele>
        <time>2026-09-02T18:09:48.784Z</time>
      </trkpt>
      <trkpt lat="46.162502" lon="11.434091">
        <ele>1581.935664</ele>
        <time>2026-09-02T18:09:49.566Z</time>
      </trkpt>
      <trkpt lat="46.162374" lon="11.434067">
        <ele>1580.976821</ele>
        <time>2026-09-02T18:09:50.273Z</time>
      </trkpt>
      <trkpt lat="46.162169" lon="11.434127">
        <ele>1579.422987</ele>
        <time>2026-09-02T18:09:51.419Z</time>
      </trkpt>
      <trkpt lat="46.161912" lon="11.434126">
        <ele>1577.513835</ele>
        <time>2026-09-02T18:09:52.808Z</time>
      </trkpt>
      <trkpt lat="46.161562" lon="11.434273">
        <ele>1574.342733</ele>
        <time>2026-09-02T18:09:54.749Z</time>
      </trkpt>
      <trkpt lat="46.161014" lon="11.434275">
        <ele>1568.588274</ele>
        <time>2026-09-02T18:09:57.586Z</time>
      </trkpt>
      <trkpt lat="46.160874" lon="11.434261">
        <ele>1567.114639</ele>
        <time>2026-09-02T18:09:58.302Z</time>
      </trkpt>
      <trkpt lat="46.160597" lon="11.434140">
        <ele>1564.075695</ele>
        <time>2026-09-02T18:09:59.786Z</time>
      </trkpt>
      <trkpt lat="46.160371" lon="11.434121">
        <ele>1561.698493</ele>
        <time>2026-09-02T18:10:00.940Z</time>
      </trkpt>
      <trkpt lat="46.160117" lon="11.434167">
        <ele>1559.010386</ele>
        <time>2026-09-02T18:10:02.249Z</time>
      </trkpt>
      <trkpt lat="46.159735" lon="11.434154">
        <ele>1554.585058</ele>
        <time>2026-09-02T18:10:04.182Z</time>
      </trkpt>
      <trkpt lat="46.159473" lon="11.434103">
        <ele>1551.247383</ele>
        <time>2026-09-02T18:10:05.504Z</time>
      </trkpt>
      <trkpt lat="46.159168" lon="11.433923">
        <ele>1547.087465</ele>
        <time>2026-09-02T18:10:07.144Z</time>
      </trkpt>
      <trkpt lat="46.159056" lon="11.433889">
        <ele>1545.642546</ele>
        <time>2026-09-02T18:10:07.721Z</time>
      </trkpt>
      <trkpt lat="46.158586" lon="11.433807">
        <ele>1539.665634</ele>
        <time>2026-09-02T18:10:10.085Z</time>
      </trkpt>
      <trkpt lat="46.158503" lon="11.433821">
        <ele>1538.610633</ele>
        <time>2026-09-02T18:10:10.503Z</time>
      </trkpt>
      <trkpt lat="46.158477" lon="11.433856">
        <ele>1538.161826</ele>
        <time>2026-09-02T18:10:10.683Z</time>
      </trkpt>
      <trkpt lat="46.158486" lon="11.433971">
        <ele>1537.149765</ele>
        <time>2026-09-02T18:10:11.089Z</time>
      </trkpt>
      <trkpt lat="46.158544" lon="11.434037">
        <ele>1536.217399</ele>
        <time>2026-09-02T18:10:11.470Z</time>
      </trkpt>
      <trkpt lat="46.158749" lon="11.434106">
        <ele>1533.916967</ele>
        <time>2026-09-02T18:10:12.565Z</time>
      </trkpt>
      <trkpt lat="46.158813" lon="11.434194">
        <ele>1533.317646</ele>
        <time>2026-09-02T18:10:13.035Z</time>
      </trkpt>
      <trkpt lat="46.159000" lon="11.434527">
        <ele>1531.304119</ele>
        <time>2026-09-02T18:10:14.627Z</time>
      </trkpt>
      <trkpt lat="46.159075" lon="11.434644">
        <ele>1530.555357</ele>
        <time>2026-09-02T18:10:15.227Z</time>
      </trkpt>
      <trkpt lat="46.159131" lon="11.434724">
        <ele>1530.021138</ele>
        <time>2026-09-02T18:10:15.660Z</time>
      </trkpt>
      <trkpt lat="46.159169" lon="11.434769">
        <ele>1529.687864</ele>
        <time>2026-09-02T18:10:15.934Z</time>
      </trkpt>
      <trkpt lat="46.159499" lon="11.434959">
        <ele>1527.278747</ele>
        <time>2026-09-02T18:10:17.993Z</time>
      </trkpt>
      <trkpt lat="46.159757" lon="11.435045">
        <ele>1525.483222</ele>
        <time>2026-09-02T18:10:19.492Z</time>
      </trkpt>
      <trkpt lat="46.159827" lon="11.435177">
        <ele>1524.702393</ele>
        <time>2026-09-02T18:10:20.126Z</time>
      </trkpt>
      <trkpt lat="46.159836" lon="11.435257">
        <ele>1524.321720</ele>
        <time>2026-09-02T18:10:20.451Z</time>
      </trkpt>
      <trkpt lat="46.159810" lon="11.435388">
        <ele>1523.681670</ele>
        <time>2026-09-02T18:10:20.972Z</time>
      </trkpt>
      <trkpt lat="46.159746" lon="11.435484">
        <ele>1523.055849</ele>
        <time>2026-09-02T18:10:21.509Z</time>
      </trkpt>
      <trkpt lat="46.159498" lon="11.435608">
        <ele>1520.647861</ele>
        <time>2026-09-02T18:10:22.975Z</time>
      </trkpt>
      <trkpt lat="46.159268" lon="11.435901">
        <ele>1517.045695</ele>
        <time>2026-09-02T18:10:24.572Z</time>
      </trkpt>
      <trkpt lat="46.159166" lon="11.435977">
        <ele>1515.697741</ele>
        <time>2026-09-02T18:10:25.157Z</time>
      </trkpt>
      <trkpt lat="46.158938" lon="11.436010">
        <ele>1513.006804</ele>
        <time>2026-09-02T18:10:26.317Z</time>
      </trkpt>
      <trkpt lat="46.158557" lon="11.435877">
        <ele>1508.403600</ele>
        <time>2026-09-02T18:10:28.289Z</time>
      </trkpt>
      <trkpt lat="46.158098" lon="11.435958">
        <ele>1502.973220</ele>
        <time>2026-09-02T18:10:30.604Z</time>
      </trkpt>
      <trkpt lat="46.157828" lon="11.436135">
        <ele>1499.209008</ele>
        <time>2026-09-02T18:10:32.081Z</time>
      </trkpt>
      <trkpt lat="46.157591" lon="11.436224">
        <ele>1495.800373</ele>
        <time>2026-09-02T18:10:33.301Z</time>
      </trkpt>
      <trkpt lat="46.157315" lon="11.436515">
        <ele>1491.043205</ele>
        <time>2026-09-02T18:10:34.999Z</time>
      </trkpt>
      <trkpt lat="46.156818" lon="11.436859">
        <ele>1483.371348</ele>
        <time>2026-09-02T18:10:37.752Z</time>
      </trkpt>
      <trkpt lat="46.156661" lon="11.437031">
        <ele>1480.628026</ele>
        <time>2026-09-02T18:10:38.742Z</time>
      </trkpt>
      <trkpt lat="46.156574" lon="11.437248">
        <ele>1478.210596</ele>
        <time>2026-09-02T18:10:39.617Z</time>
      </trkpt>
      <trkpt lat="46.156255" lon="11.437439">
        <ele>1474.043762</ele>
        <time>2026-09-02T18:10:41.375Z</time>
      </trkpt>
      <trkpt lat="46.156200" lon="11.437513">
        <ele>1473.257629</ele>
        <time>2026-09-02T18:10:41.760Z</time>
      </trkpt>
      <trkpt lat="46.156120" lon="11.437749">
        <ele>1471.354583</ele>
        <time>2026-09-02T18:10:42.693Z</time>
      </trkpt>
      <trkpt lat="46.156045" lon="11.438080">
        <ele>1468.832151</ele>
        <time>2026-09-02T18:10:43.936Z</time>
      </trkpt>
      <trkpt lat="46.155999" lon="11.438177">
        <ele>1467.980709</ele>
        <time>2026-09-02T18:10:44.354Z</time>
      </trkpt>
      <trkpt lat="46.155836" lon="11.438370">
        <ele>1465.776398</ele>
        <time>2026-09-02T18:10:45.448Z</time>
      </trkpt>
      <trkpt lat="46.155775" lon="11.438483">
        <ele>1464.738753</ele>
        <time>2026-09-02T18:10:45.962Z</time>
      </trkpt>
      <trkpt lat="46.155519" lon="11.438661">
        <ele>1461.767655</ele>
        <time>2026-09-02T18:10:47.435Z</time>
      </trkpt>
      <trkpt lat="46.155091" lon="11.439177">
        <ele>1455.888254</ele>
        <time>2026-09-02T18:10:50.323Z</time>
      </trkpt>
      <trkpt lat="46.154823" lon="11.439360">
        <ele>1452.665692</ele>
        <time>2026-09-02T18:10:51.849Z</time>
      </trkpt>
      <trkpt lat="46.154713" lon="11.439480">
        <ele>1451.167001</ele>
        <time>2026-09-02T18:10:52.554Z</time>
      </trkpt>
      <trkpt lat="46.154513" lon="11.439880">
        <ele>1447.452499</ele>
        <time>2026-09-02T18:10:54.296Z</time>
      </trkpt>
      <trkpt lat="46.154436" lon="11.440123">
        <ele>1445.440435</ele>
        <time>2026-09-02T18:10:55.238Z</time>
      </trkpt>
      <trkpt lat="46.154243" lon="11.440500">
        <ele>1441.910655</ele>
        <time>2026-09-02T18:10:56.895Z</time>
      </trkpt>
      <trkpt lat="46.154014" lon="11.440720">
        <ele>1438.920636</ele>
        <time>2026-09-02T18:10:58.313Z</time>
      </trkpt>
      <trkpt lat="46.153754" lon="11.441026">
        <ele>1435.140972</ele>
        <time>2026-09-02T18:11:00.039Z</time>
      </trkpt>
      <trkpt lat="46.153649" lon="11.441207">
        <ele>1433.262236</ele>
        <time>2026-09-02T18:11:00.869Z</time>
      </trkpt>
      <trkpt lat="46.153571" lon="11.441401">
        <ele>1431.477209</ele>
        <time>2026-09-02T18:11:01.648Z</time>
      </trkpt>
      <trkpt lat="46.153170" lon="11.441881">
        <ele>1425.492918</ele>
        <time>2026-09-02T18:11:04.279Z</time>
      </trkpt>
      <trkpt lat="46.153108" lon="11.441990">
        <ele>1424.370552</ele>
        <time>2026-09-02T18:11:04.777Z</time>
      </trkpt>
      <trkpt lat="46.153001" lon="11.442206">
        <ele>1422.257351</ele>
        <time>2026-09-02T18:11:05.714Z</time>
      </trkpt>
      <trkpt lat="46.152962" lon="11.442337">
        <ele>1421.122659</ele>
        <time>2026-09-02T18:11:06.218Z</time>
      </trkpt>
      <trkpt lat="46.152856" lon="11.442503">
        <ele>1419.326017</ele>
        <time>2026-09-02T18:11:07.022Z</time>
      </trkpt>
      <trkpt lat="46.152605" lon="11.442630">
        <ele>1416.319235</ele>
        <time>2026-09-02T18:11:08.397Z</time>
      </trkpt>
      <trkpt lat="46.152439" lon="11.442876">
        <ele>1413.780181</ele>
        <time>2026-09-02T18:11:09.622Z</time>
      </trkpt>
      <trkpt lat="46.152351" lon="11.443272">
        <ele>1410.705423</ele>
        <time>2026-09-02T18:11:11.087Z</time>
      </trkpt>
      <trkpt lat="46.152202" lon="11.443779">
        <ele>1406.633570</ele>
        <time>2026-09-02T18:11:13.051Z</time>
      </trkpt>
      <trkpt lat="46.152043" lon="11.444165">
        <ele>1403.313278</ele>
        <time>2026-09-02T18:11:14.662Z</time>
      </trkpt>
      <trkpt lat="46.151919" lon="11.444616">
        <ele>1399.725783</ele>
        <time>2026-09-02T18:11:16.393Z</time>
      </trkpt>
      <trkpt lat="46.151649" lon="11.445170">
        <ele>1394.933803</ele>
        <time>2026-09-02T18:11:18.784Z</time>
      </trkpt>
      <trkpt lat="46.151377" lon="11.445932">
        <ele>1389.046243</ele>
        <time>2026-09-02T18:11:21.787Z</time>
      </trkpt>
      <trkpt lat="46.151291" lon="11.446053">
        <ele>1387.855582</ele>
        <time>2026-09-02T18:11:22.404Z</time>
      </trkpt>
      <trkpt lat="46.151001" lon="11.446302">
        <ele>1384.510196</ele>
        <time>2026-09-02T18:11:24.149Z</time>
      </trkpt>
      <trkpt lat="46.150811" lon="11.446526">
        <ele>1382.078007</ele>
        <time>2026-09-02T18:11:25.449Z</time>
      </trkpt>
      <trkpt lat="46.150565" lon="11.447019">
        <ele>1378.954877</ele>
        <time>2026-09-02T18:11:27.718Z</time>
      </trkpt>
      <trkpt lat="46.150458" lon="11.447351">
        <ele>1377.745617</ele>
        <time>2026-09-02T18:11:29.121Z</time>
      </trkpt>
      <trkpt lat="46.150255" lon="11.448458">
        <ele>1373.963866</ele>
        <time>2026-09-02T18:11:34.017Z</time>
      </trkpt>
      <trkpt lat="46.150100" lon="11.448855">
        <ele>1372.458902</ele>
        <time>2026-09-02T18:11:35.935Z</time>
      </trkpt>
      <trkpt lat="46.150019" lon="11.449086">
        <ele>1371.603871</ele>
        <time>2026-09-02T18:11:36.973Z</time>
      </trkpt>
      <trkpt lat="46.150007" lon="11.449811">
        <ele>1367.716725</ele>
        <time>2026-09-02T18:11:39.725Z</time>
      </trkpt>
      <trkpt lat="46.149953" lon="11.450152">
        <ele>1365.757577</ele>
        <time>2026-09-02T18:11:41.008Z</time>
      </trkpt>
      <trkpt lat="46.149781" lon="11.450897">
        <ele>1361.359334</ele>
        <time>2026-09-02T18:11:43.824Z</time>
      </trkpt>
      <trkpt lat="46.149528" lon="11.451441">
        <ele>1357.689566</ele>
        <time>2026-09-02T18:11:46.169Z</time>
      </trkpt>
      <trkpt lat="46.149462" lon="11.451798">
        <ele>1355.817291</ele>
        <time>2026-09-02T18:11:47.501Z</time>
      </trkpt>
      <trkpt lat="46.149462" lon="11.452229">
        <ele>1353.802880</ele>
        <time>2026-09-02T18:11:49.084Z</time>
      </trkpt>
      <trkpt lat="46.149440" lon="11.452454">
        <ele>1352.740850</ele>
        <time>2026-09-02T18:11:49.927Z</time>
      </trkpt>
      <trkpt lat="46.149452" lon="11.452737">
        <ele>1351.415687</ele>
        <time>2026-09-02T18:11:50.993Z</time>
      </trkpt>
      <trkpt lat="46.149535" lon="11.453272">
        <ele>1348.853270</ele>
        <time>2026-09-02T18:11:53.102Z</time>
      </trkpt>
      <trkpt lat="46.149540" lon="11.453506">
        <ele>1347.759081</ele>
        <time>2026-09-02T18:11:54.016Z</time>
      </trkpt>
      <trkpt lat="46.149286" lon="11.454900">
        <ele>1341.331117</ele>
        <time>2026-09-02T18:11:59.568Z</time>
      </trkpt>
      <trkpt lat="46.149163" lon="11.455195">
        <ele>1339.857900</ele>
        <time>2026-09-02T18:12:00.874Z</time>
      </trkpt>
      <trkpt lat="46.149019" lon="11.455953">
        <ele>1336.494836</ele>
        <time>2026-09-02T18:12:03.846Z</time>
      </trkpt>
      <trkpt lat="46.148925" lon="11.456338">
        <ele>1334.748183</ele>
        <time>2026-09-02T18:12:05.379Z</time>
      </trkpt>
      <trkpt lat="46.148879" lon="11.456751">
        <ele>1332.911058</ele>
        <time>2026-09-02T18:12:06.952Z</time>
      </trkpt>
      <trkpt lat="46.148872" lon="11.457021">
        <ele>1331.665339</ele>
        <time>2026-09-02T18:12:07.976Z</time>
      </trkpt>
      <trkpt lat="46.148869" lon="11.457150">
        <ele>1331.070243</ele>
        <time>2026-09-02T18:12:08.470Z</time>
      </trkpt>
      <trkpt lat="46.148807" lon="11.457319">
        <ele>1330.188553</ele>
        <time>2026-09-02T18:12:09.200Z</time>
      </trkpt>
      <trkpt lat="46.148754" lon="11.457378">
        <ele>1329.743124</ele>
        <time>2026-09-02T18:12:09.562Z</time>
      </trkpt>
      <trkpt lat="46.148363" lon="11.457668">
        <ele>1326.817574</ele>
        <time>2026-09-02T18:12:11.921Z</time>
      </trkpt>
      <trkpt lat="46.147923" lon="11.458172">
        <ele>1323.079347</ele>
        <time>2026-09-02T18:12:14.922Z</time>
      </trkpt>
      <trkpt lat="46.147709" lon="11.458629">
        <ele>1320.651044</ele>
        <time>2026-09-02T18:12:17.059Z</time>
      </trkpt>
      <trkpt lat="46.147669" lon="11.458701">
        <ele>1320.271574</ele>
        <time>2026-09-02T18:12:17.428Z</time>
      </trkpt>
      <trkpt lat="46.147625" lon="11.458793">
        <ele>1319.811917</ele>
        <time>2026-09-02T18:12:17.859Z</time>
      </trkpt>
      <trkpt lat="46.147608" lon="11.458850">
        <ele>1319.556756</ele>
        <time>2026-09-02T18:12:18.107Z</time>
      </trkpt>
      <trkpt lat="46.147553" lon="11.459079">
        <ele>1318.560200</ele>
        <time>2026-09-02T18:12:19.049Z</time>
      </trkpt>
      <trkpt lat="46.147539" lon="11.459138">
        <ele>1318.303775</ele>
        <time>2026-09-02T18:12:19.288Z</time>
      </trkpt>
      <trkpt lat="46.147492" lon="11.459424">
        <ele>1317.095196</ele>
        <time>2026-09-02T18:12:20.406Z</time>
      </trkpt>
      <trkpt lat="46.147496" lon="11.459476">
        <ele>1316.880074</ele>
        <time>2026-09-02T18:12:20.608Z</time>
      </trkpt>
      <trkpt lat="46.147498" lon="11.459504">
        <ele>1316.764335</ele>
        <time>2026-09-02T18:12:20.713Z</time>
      </trkpt>
      <trkpt lat="46.147512" lon="11.459937">
        <ele>1314.982027</ele>
        <time>2026-09-02T18:12:22.349Z</time>
      </trkpt>
      <trkpt lat="46.147433" lon="11.460142">
        <ele>1314.017503</ele>
        <time>2026-09-02T18:12:23.248Z</time>
      </trkpt>
      <trkpt lat="46.147289" lon="11.460317">
        <ele>1312.900304</ele>
        <time>2026-09-02T18:12:24.308Z</time>
      </trkpt>
      <trkpt lat="46.146898" lon="11.461004">
        <ele>1309.475690</ele>
        <time>2026-09-02T18:12:27.721Z</time>
      </trkpt>
      <trkpt lat="46.146401" lon="11.461962">
        <ele>1305.232061</ele>
        <time>2026-09-02T18:12:32.204Z</time>
      </trkpt>
      <trkpt lat="46.145800" lon="11.462381">
        <ele>1301.816189</ele>
        <time>2026-09-02T18:12:36.231Z</time>
      </trkpt>
      <trkpt lat="46.145639" lon="11.462785">
        <ele>1300.551542</ele>
        <time>2026-09-02T18:12:38.255Z</time>
      </trkpt>
      <trkpt lat="46.145359" lon="11.463164">
        <ele>1299.077255</ele>
        <time>2026-09-02T18:12:40.725Z</time>
      </trkpt>
      <trkpt lat="46.145087" lon="11.463247">
        <ele>1298.009500</ele>
        <time>2026-09-02T18:12:42.560Z</time>
      </trkpt>
      <trkpt lat="46.144813" lon="11.463486">
        <ele>1296.779912</ele>
        <time>2026-09-02T18:12:44.575Z</time>
      </trkpt>
      <trkpt lat="46.144647" lon="11.463684">
        <ele>1295.952828</ele>
        <time>2026-09-02T18:12:45.779Z</time>
      </trkpt>
      <trkpt lat="46.144399" lon="11.464124">
        <ele>1294.090474</ele>
        <time>2026-09-02T18:12:47.899Z</time>
      </trkpt>
      <trkpt lat="46.144273" lon="11.464458">
        <ele>1292.103952</ele>
        <time>2026-09-02T18:12:49.305Z</time>
      </trkpt>
      <trkpt lat="46.143829" lon="11.465135">
        <ele>1287.234532</ele>
        <time>2026-09-02T18:12:52.767Z</time>
      </trkpt>
      <trkpt lat="46.143694" lon="11.465403">
        <ele>1285.503717</ele>
        <time>2026-09-02T18:12:53.986Z</time>
      </trkpt>
      <trkpt lat="46.143500" lon="11.465922">
        <ele>1282.423277</ele>
        <time>2026-09-02T18:12:56.123Z</time>
      </trkpt>
      <trkpt lat="46.143402" lon="11.466095">
        <ele>1281.255992</ele>
        <time>2026-09-02T18:12:56.936Z</time>
      </trkpt>
      <trkpt lat="46.143322" lon="11.466188">
        <ele>1280.693526</ele>
        <time>2026-09-02T18:12:57.473Z</time>
      </trkpt>
      <trkpt lat="46.143242" lon="11.466219">
        <ele>1280.241392</ele>
        <time>2026-09-02T18:12:57.908Z</time>
      </trkpt>
      <trkpt lat="46.142859" lon="11.466234">
        <ele>1278.150067</ele>
        <time>2026-09-02T18:12:59.963Z</time>
      </trkpt>
      <trkpt lat="46.142753" lon="11.466282">
        <ele>1277.543670</ele>
        <time>2026-09-02T18:13:00.577Z</time>
      </trkpt>
      <trkpt lat="46.142536" lon="11.466546">
        <ele>1275.994536</ele>
        <time>2026-09-02T18:13:02.165Z</time>
      </trkpt>
      <trkpt lat="46.142388" lon="11.466794">
        <ele>1274.756678</ele>
        <time>2026-09-02T18:13:03.471Z</time>
      </trkpt>
      <trkpt lat="46.142284" lon="11.467025">
        <ele>1273.714816</ele>
        <time>2026-09-02T18:13:04.581Z</time>
      </trkpt>
      <trkpt lat="46.141982" lon="11.467403">
        <ele>1271.532843</ele>
        <time>2026-09-02T18:13:06.962Z</time>
      </trkpt>
      <trkpt lat="46.141915" lon="11.467530">
        <ele>1271.065265</ele>
        <time>2026-09-02T18:13:07.656Z</time>
      </trkpt>
      <trkpt lat="46.141838" lon="11.467940">
        <ele>1269.893635</ele>
        <time>2026-09-02T18:13:09.556Z</time>
      </trkpt>
      <trkpt lat="46.141760" lon="11.468111">
        <ele>1269.328970</ele>
        <time>2026-09-02T18:13:10.486Z</time>
      </trkpt>
      <trkpt lat="46.141580" lon="11.468323">
        <ele>1268.404144</ele>
        <time>2026-09-02T18:13:11.957Z</time>
      </trkpt>
      <trkpt lat="46.141398" lon="11.468380">
        <ele>1267.662800</ele>
        <time>2026-09-02T18:13:13.102Z</time>
      </trkpt>
      <trkpt lat="46.141182" lon="11.468366">
        <ele>1266.802108</ele>
        <time>2026-09-02T18:13:14.391Z</time>
      </trkpt>
      <trkpt lat="46.140928" lon="11.468304">
        <ele>1265.776657</ele>
        <time>2026-09-02T18:13:15.864Z</time>
      </trkpt>
      <trkpt lat="46.140669" lon="11.468296">
        <ele>1264.745426</ele>
        <time>2026-09-02T18:13:17.290Z</time>
      </trkpt>
      <trkpt lat="46.140494" lon="11.468383">
        <ele>1263.852932</ele>
        <time>2026-09-02T18:13:18.298Z</time>
      </trkpt>
      <trkpt lat="46.140290" lon="11.468573">
        <ele>1262.315304</ele>
        <time>2026-09-02T18:13:19.623Z</time>
      </trkpt>
      <trkpt lat="46.140063" lon="11.468797">
        <ele>1260.573767</ele>
        <time>2026-09-02T18:13:21.119Z</time>
      </trkpt>
      <trkpt lat="46.139971" lon="11.468941">
        <ele>1259.714245</ele>
        <time>2026-09-02T18:13:21.861Z</time>
      </trkpt>
      <trkpt lat="46.139650" lon="11.469629">
        <ele>1256.074494</ele>
        <time>2026-09-02T18:13:25.034Z</time>
      </trkpt>
      <trkpt lat="46.139613" lon="11.469761">
        <ele>1255.449645</ele>
        <time>2026-09-02T18:13:25.573Z</time>
      </trkpt>
      <trkpt lat="46.139292" lon="11.470846">
        <ele>1249.018760</ele>
        <time>2026-09-02T18:13:29.987Z</time>
      </trkpt>
      <trkpt lat="46.139187" lon="11.471275">
        <ele>1246.062559</ele>
        <time>2026-09-02T18:13:31.653Z</time>
      </trkpt>
      <trkpt lat="46.139201" lon="11.471436">
        <ele>1245.008259</ele>
        <time>2026-09-02T18:13:32.242Z</time>
      </trkpt>
      <trkpt lat="46.139274" lon="11.471762">
        <ele>1242.782219</ele>
        <time>2026-09-02T18:13:33.471Z</time>
      </trkpt>
      <trkpt lat="46.139234" lon="11.471932">
        <ele>1241.615701</ele>
        <time>2026-09-02T18:13:34.112Z</time>
      </trkpt>
      <trkpt lat="46.139158" lon="11.471985">
        <ele>1240.824201</ele>
        <time>2026-09-02T18:13:34.547Z</time>
      </trkpt>
      <trkpt lat="46.139075" lon="11.471962">
        <ele>1240.031684</ele>
        <time>2026-09-02T18:13:34.980Z</time>
      </trkpt>
      <trkpt lat="46.138856" lon="11.471607">
        <ele>1236.943368</ele>
        <time>2026-09-02T18:13:36.654Z</time>
      </trkpt>
      <trkpt lat="46.138826" lon="11.471555">
        <ele>1236.503716</ele>
        <time>2026-09-02T18:13:36.893Z</time>
      </trkpt>
      <trkpt lat="46.138530" lon="11.471052">
        <ele>1231.176298</ele>
        <time>2026-09-02T18:13:39.211Z</time>
      </trkpt>
      <trkpt lat="46.138420" lon="11.470960">
        <ele>1229.657899</ele>
        <time>2026-09-02T18:13:39.856Z</time>
      </trkpt>
      <trkpt lat="46.138301" lon="11.471001">
        <ele>1228.196742</ele>
        <time>2026-09-02T18:13:40.470Z</time>
      </trkpt>
      <trkpt lat="46.138245" lon="11.471076">
        <ele>1227.284312</ele>
        <time>2026-09-02T18:13:40.856Z</time>
      </trkpt>
      <trkpt lat="46.137713" lon="11.472328">
        <ele>1215.130290</ele>
        <time>2026-09-02T18:13:46.016Z</time>
      </trkpt>
      <trkpt lat="46.137554" lon="11.473000">
        <ele>1209.555574</ele>
        <time>2026-09-02T18:13:48.529Z</time>
      </trkpt>
      <trkpt lat="46.137435" lon="11.473278">
        <ele>1207.005921</ele>
        <time>2026-09-02T18:13:49.686Z</time>
      </trkpt>
      <trkpt lat="46.137110" lon="11.473799">
        <ele>1201.536119</ele>
        <time>2026-09-02T18:13:52.172Z</time>
      </trkpt>
      <trkpt lat="46.136802" lon="11.474231">
        <ele>1196.699738</ele>
        <time>2026-09-02T18:13:54.367Z</time>
      </trkpt>
      <trkpt lat="46.136288" lon="11.474614">
        <ele>1189.909969</ele>
        <time>2026-09-02T18:13:57.316Z</time>
      </trkpt>
      <trkpt lat="46.135869" lon="11.475147">
        <ele>1183.196667</ele>
        <time>2026-09-02T18:14:00.147Z</time>
      </trkpt>
      <trkpt lat="46.135753" lon="11.475245">
        <ele>1181.581089</ele>
        <time>2026-09-02T18:14:00.824Z</time>
      </trkpt>
      <trkpt lat="46.135400" lon="11.475440">
        <ele>1177.038069</ele>
        <time>2026-09-02T18:14:02.729Z</time>
      </trkpt>
      <trkpt lat="46.134964" lon="11.475579">
        <ele>1171.916660</ele>
        <time>2026-09-02T18:14:04.988Z</time>
      </trkpt>
      <trkpt lat="46.134890" lon="11.475611">
        <ele>1171.218081</ele>
        <time>2026-09-02T18:14:05.381Z</time>
      </trkpt>
      <trkpt lat="46.134708" lon="11.475794">
        <ele>1169.212143</ele>
        <time>2026-09-02T18:14:06.509Z</time>
      </trkpt>
      <trkpt lat="46.134476" lon="11.476080">
        <ele>1166.452884</ele>
        <time>2026-09-02T18:14:08.079Z</time>
      </trkpt>
      <trkpt lat="46.134160" lon="11.476565">
        <ele>1162.281212</ele>
        <time>2026-09-02T18:14:10.485Z</time>
      </trkpt>
      <trkpt lat="46.133492" lon="11.477635">
        <ele>1154.008691</ele>
        <time>2026-09-02T18:14:15.898Z</time>
      </trkpt>
      <trkpt lat="46.133310" lon="11.477873">
        <ele>1152.319736</ele>
        <time>2026-09-02T18:14:17.278Z</time>
      </trkpt>
      <trkpt lat="46.133071" lon="11.478085">
        <ele>1150.390587</ele>
        <time>2026-09-02T18:14:18.860Z</time>
      </trkpt>
      <trkpt lat="46.132801" lon="11.478253">
        <ele>1148.368689</ele>
        <time>2026-09-02T18:14:20.478Z</time>
      </trkpt>
      <trkpt lat="46.132380" lon="11.478498">
        <ele>1145.247133</ele>
        <time>2026-09-02T18:14:22.926Z</time>
      </trkpt>
      <trkpt lat="46.132189" lon="11.478517">
        <ele>1143.875605</ele>
        <time>2026-09-02T18:14:23.935Z</time>
      </trkpt>
      <trkpt lat="46.130688" lon="11.478238">
        <ele>1127.630691</ele>
        <time>2026-09-02T18:14:31.703Z</time>
      </trkpt>
      <trkpt lat="46.130443" lon="11.478218">
        <ele>1124.996647</ele>
        <time>2026-09-02T18:14:32.933Z</time>
      </trkpt>
      <trkpt lat="46.130153" lon="11.478272">
        <ele>1121.550834</ele>
        <time>2026-09-02T18:14:34.402Z</time>
      </trkpt>
      <trkpt lat="46.129668" lon="11.478413">
        <ele>1115.670708</ele>
        <time>2026-09-02T18:14:36.900Z</time>
      </trkpt>
      <trkpt lat="46.129386" lon="11.478612">
        <ele>1111.939757</ele>
        <time>2026-09-02T18:14:38.495Z</time>
      </trkpt>
      <trkpt lat="46.128504" lon="11.479417">
        <ele>1099.680493</ele>
        <time>2026-09-02T18:14:43.833Z</time>
      </trkpt>
      <trkpt lat="46.128214" lon="11.479646">
        <ele>1095.900447</ele>
        <time>2026-09-02T18:14:45.524Z</time>
      </trkpt>
      <trkpt lat="46.128066" lon="11.479693">
        <ele>1094.167664</ele>
        <time>2026-09-02T18:14:46.292Z</time>
      </trkpt>
      <trkpt lat="46.127727" lon="11.479715">
        <ele>1090.287507</ele>
        <time>2026-09-02T18:14:48.015Z</time>
      </trkpt>
      <trkpt lat="46.127564" lon="11.479764">
        <ele>1088.383690</ele>
        <time>2026-09-02T18:14:48.856Z</time>
      </trkpt>
      <trkpt lat="46.127200" lon="11.480045">
        <ele>1083.663330</ele>
        <time>2026-09-02T18:14:50.937Z</time>
      </trkpt>
      <trkpt lat="46.126625" lon="11.480596">
        <ele>1079.193061</ele>
        <time>2026-09-02T18:14:54.487Z</time>
      </trkpt>
      <trkpt lat="46.126285" lon="11.480824">
        <ele>1076.999652</ele>
        <time>2026-09-02T18:14:56.719Z</time>
      </trkpt>
      <trkpt lat="46.126138" lon="11.480879">
        <ele>1076.111224</ele>
        <time>2026-09-02T18:14:57.697Z</time>
      </trkpt>
      <trkpt lat="46.125966" lon="11.480819">
        <ele>1075.075993</ele>
        <time>2026-09-02T18:14:58.847Z</time>
      </trkpt>
      <trkpt lat="46.125849" lon="11.480671">
        <ele>1074.165710</ele>
        <time>2026-09-02T18:14:59.845Z</time>
      </trkpt>
      <trkpt lat="46.125702" lon="11.480322">
        <ele>1072.509805</ele>
        <time>2026-09-02T18:15:01.622Z</time>
      </trkpt>
      <trkpt lat="46.125634" lon="11.480260">
        <ele>1072.045504</ele>
        <time>2026-09-02T18:15:02.128Z</time>
      </trkpt>
      <trkpt lat="46.125545" lon="11.480235">
        <ele>1071.530438</ele>
        <time>2026-09-02T18:15:02.677Z</time>
      </trkpt>
      <trkpt lat="46.125380" lon="11.480290">
        <ele>1070.568451</ele>
        <time>2026-09-02T18:15:03.711Z</time>
      </trkpt>
      <trkpt lat="46.125147" lon="11.480548">
        <ele>1068.900017</ele>
        <time>2026-09-02T18:15:05.489Z</time>
      </trkpt>
      <trkpt lat="46.124614" lon="11.481218">
        <ele>1064.884319</ele>
        <time>2026-09-02T18:15:09.342Z</time>
      </trkpt>
      <trkpt lat="46.124369" lon="11.481471">
        <ele>1063.172830</ele>
        <time>2026-09-02T18:15:10.903Z</time>
      </trkpt>
      <trkpt lat="46.124246" lon="11.481531">
        <ele>1062.435262</ele>
        <time>2026-09-02T18:15:11.579Z</time>
      </trkpt>
      <trkpt lat="46.123621" lon="11.481471">
        <ele>1060.725791</ele>
        <time>2026-09-02T18:15:14.999Z</time>
      </trkpt>
      <trkpt lat="46.123524" lon="11.481481">
        <ele>1060.496395</ele>
        <time>2026-09-02T18:15:15.576Z</time>
      </trkpt>
      <trkpt lat="46.123477" lon="11.481489">
        <ele>1060.384757</ele>
        <time>2026-09-02T18:15:15.857Z</time>
      </trkpt>
      <trkpt lat="46.122574" lon="11.481645">
        <ele>1058.239453</ele>
        <time>2026-09-02T18:15:22.886Z</time>
      </trkpt>
      <trkpt lat="46.121971" lon="11.482067">
        <ele>1057.858332</ele>
        <time>2026-09-02T18:15:33.542Z</time>
      </trkpt>
      <trkpt lat="46.121898" lon="11.482084">
        <ele>1057.867913</ele>
        <time>2026-09-02T18:15:34.701Z</time>
      </trkpt>
      <trkpt lat="46.121609" lon="11.482022">
        <ele>1057.905770</ele>
        <time>2026-09-02T18:15:38.601Z</time>
      </trkpt>
      <trkpt lat="46.121427" lon="11.482046">
        <ele>1057.929450</ele>
        <time>2026-09-02T18:15:40.474Z</time>
      </trkpt>
      <trkpt lat="46.121143" lon="11.482359">
        <ele>1057.975756</ele>
        <time>2026-09-02T18:15:43.136Z</time>
      </trkpt>
      <trkpt lat="46.120980" lon="11.482592">
        <ele>1058.005486</ele>
        <time>2026-09-02T18:15:44.635Z</time>
      </trkpt>
      <trkpt lat="46.120435" lon="11.483605">
        <ele>1056.590458</ele>
        <time>2026-09-02T18:15:50.093Z</time>
      </trkpt>
      <trkpt lat="46.120143" lon="11.483879">
        <ele>1055.882822</ele>
        <time>2026-09-02T18:15:52.487Z</time>
      </trkpt>
      <trkpt lat="46.119874" lon="11.484373">
        <ele>1054.998219</ele>
        <time>2026-09-02T18:15:55.730Z</time>
      </trkpt>
      <trkpt lat="46.119652" lon="11.484589">
        <ele>1054.454244</ele>
        <time>2026-09-02T18:15:57.919Z</time>
      </trkpt>
      <trkpt lat="46.119389" lon="11.484850">
        <ele>1052.394949</ele>
        <time>2026-09-02T18:16:00.525Z</time>
      </trkpt>
      <trkpt lat="46.118583" lon="11.486414">
        <ele>1042.848506</ele>
        <time>2026-09-02T18:16:07.818Z</time>
      </trkpt>
      <trkpt lat="46.117975" lon="11.488481">
        <ele>1021.433712</ele>
        <time>2026-09-02T18:16:15.546Z</time>
      </trkpt>
      <trkpt lat="46.117888" lon="11.488710">
        <ele>1018.797030</ele>
        <time>2026-09-02T18:16:16.448Z</time>
      </trkpt>
      <trkpt lat="46.117761" lon="11.488841">
        <ele>1016.522914</ele>
        <time>2026-09-02T18:16:17.231Z</time>
      </trkpt>
      <trkpt lat="46.117434" lon="11.489058">
        <ele>1012.326628</ele>
        <time>2026-09-02T18:16:19.035Z</time>
      </trkpt>
      <trkpt lat="46.117349" lon="11.489148">
        <ele>1011.174877</ele>
        <time>2026-09-02T18:16:19.564Z</time>
      </trkpt>
      <trkpt lat="46.116991" lon="11.489733">
        <ele>1005.266003</ele>
        <time>2026-09-02T18:16:22.264Z</time>
      </trkpt>
      <trkpt lat="46.116739" lon="11.489998">
        <ele>1001.859539</ele>
        <time>2026-09-02T18:16:23.841Z</time>
      </trkpt>
      <trkpt lat="46.116572" lon="11.490242">
        <ele>999.263112</ele>
        <time>2026-09-02T18:16:25.083Z</time>
      </trkpt>
      <trkpt lat="46.116546" lon="11.490286">
        <ele>998.825313</ele>
        <time>2026-09-02T18:16:25.299Z</time>
      </trkpt>
      <trkpt lat="46.116540" lon="11.490295">
        <ele>998.730762</ele>
        <time>2026-09-02T18:16:25.344Z</time>
      </trkpt>
      <trkpt lat="46.116475" lon="11.490418">
        <ele>997.559609</ele>
        <time>2026-09-02T18:16:25.932Z</time>
      </trkpt>
      <trkpt lat="46.116435" lon="11.490490">
        <ele>996.860928</ele>
        <time>2026-09-02T18:16:26.297Z</time>
      </trkpt>
      <trkpt lat="46.116415" lon="11.490526">
        <ele>996.511588</ele>
        <time>2026-09-02T18:16:26.477Z</time>
      </trkpt>
      <trkpt lat="46.116278" lon="11.490719">
        <ele>995.454768</ele>
        <time>2026-09-02T18:16:27.669Z</time>
      </trkpt>
      <trkpt lat="46.116184" lon="11.490774">
        <ele>995.167081</ele>
        <time>2026-09-02T18:16:28.444Z</time>
      </trkpt>
      <trkpt lat="46.116082" lon="11.490780">
        <ele>994.877558</ele>
        <time>2026-09-02T18:16:29.489Z</time>
      </trkpt>
      <trkpt lat="46.115985" lon="11.490737">
        <ele>994.589761</ele>
        <time>2026-09-02T18:16:30.381Z</time>
      </trkpt>
      <trkpt lat="46.115731" lon="11.490494">
        <ele>993.725374</ele>
        <time>2026-09-02T18:16:33.399Z</time>
      </trkpt>
      <trkpt lat="46.115133" lon="11.490185">
        <ele>991.923867</ele>
        <time>2026-09-02T18:16:38.747Z</time>
      </trkpt>
      <trkpt lat="46.115063" lon="11.490180">
        <ele>991.725097</ele>
        <time>2026-09-02T18:16:39.237Z</time>
      </trkpt>
      <trkpt lat="46.115007" lon="11.490231">
        <ele>991.537273</ele>
        <time>2026-09-02T18:16:39.645Z</time>
      </trkpt>
      <trkpt lat="46.114957" lon="11.490313">
        <ele>991.322567</ele>
        <time>2026-09-02T18:16:40.090Z</time>
      </trkpt>
      <trkpt lat="46.114948" lon="11.490419">
        <ele>991.112612</ele>
        <time>2026-09-02T18:16:40.513Z</time>
      </trkpt>
      <trkpt lat="46.114976" lon="11.490513">
        <ele>990.911466</ele>
        <time>2026-09-02T18:16:40.908Z</time>
      </trkpt>
      <trkpt lat="46.115302" lon="11.490935">
        <ele>987.949381</ele>
        <time>2026-09-02T18:16:43.219Z</time>
      </trkpt>
      <trkpt lat="46.115555" lon="11.491446">
        <ele>984.687533</ele>
        <time>2026-09-02T18:16:45.431Z</time>
      </trkpt>
      <trkpt lat="46.115606" lon="11.491604">
        <ele>983.782204</ele>
        <time>2026-09-02T18:16:46.044Z</time>
      </trkpt>
      <trkpt lat="46.115617" lon="11.491822">
        <ele>982.646828</ele>
        <time>2026-09-02T18:16:46.816Z</time>
      </trkpt>
      <trkpt lat="46.115474" lon="11.492269">
        <ele>980.089597</ele>
        <time>2026-09-02T18:16:48.613Z</time>
      </trkpt>
      <trkpt lat="46.115376" lon="11.492468">
        <ele>978.821615</ele>
        <time>2026-09-02T18:16:49.571Z</time>
      </trkpt>
      <trkpt lat="46.114539" lon="11.493131">
        <ele>974.574146</ele>
        <time>2026-09-02T18:16:55.887Z</time>
      </trkpt>
      <trkpt lat="46.113666" lon="11.494388">
        <ele>969.088174</ele>
        <time>2026-09-02T18:17:03.444Z</time>
      </trkpt>
      <trkpt lat="46.113445" lon="11.494556">
        <ele>966.700612</ele>
        <time>2026-09-02T18:17:04.732Z</time>
      </trkpt>
      <trkpt lat="46.113326" lon="11.494747">
        <ele>964.999132</ele>
        <time>2026-09-02T18:17:05.646Z</time>
      </trkpt>
      <trkpt lat="46.113059" lon="11.495737">
        <ele>957.960846</ele>
        <time>2026-09-02T18:17:09.403Z</time>
      </trkpt>
      <trkpt lat="46.112897" lon="11.496029">
        <ele>955.482875</ele>
        <time>2026-09-02T18:17:10.718Z</time>
      </trkpt>
      <trkpt lat="46.112449" lon="11.496364">
        <ele>951.780202</ele>
        <time>2026-09-02T18:17:13.277Z</time>
      </trkpt>
      <trkpt lat="46.112279" lon="11.496640">
        <ele>950.264999</ele>
        <time>2026-09-02T18:17:14.635Z</time>
      </trkpt>
      <trkpt lat="46.111995" lon="11.496831">
        <ele>948.409977</ele>
        <time>2026-09-02T18:17:16.428Z</time>
      </trkpt>
      <trkpt lat="46.111791" lon="11.496921">
        <ele>947.147083</ele>
        <time>2026-09-02T18:17:17.732Z</time>
      </trkpt>
      <trkpt lat="46.111525" lon="11.497199">
        <ele>945.202497</ele>
        <time>2026-09-02T18:17:19.833Z</time>
      </trkpt>
      <trkpt lat="46.111354" lon="11.497422">
        <ele>943.837807</ele>
        <time>2026-09-02T18:17:21.277Z</time>
      </trkpt>
      <trkpt lat="46.111196" lon="11.497535">
        <ele>942.799449</ele>
        <time>2026-09-02T18:17:22.321Z</time>
      </trkpt>
      <trkpt lat="46.110730" lon="11.497694">
        <ele>940.063793</ele>
        <time>2026-09-02T18:17:25.063Z</time>
      </trkpt>
      <trkpt lat="46.110637" lon="11.497773">
        <ele>939.447213</ele>
        <time>2026-09-02T18:17:25.665Z</time>
      </trkpt>
      <trkpt lat="46.110387" lon="11.498166">
        <ele>937.334756</ele>
        <time>2026-09-02T18:17:27.697Z</time>
      </trkpt>
      <trkpt lat="46.110096" lon="11.498496">
        <ele>935.220062</ele>
        <time>2026-09-02T18:17:29.694Z</time>
      </trkpt>
      <trkpt lat="46.109657" lon="11.498796">
        <ele>932.481537</ele>
        <time>2026-09-02T18:17:32.300Z</time>
      </trkpt>
      <trkpt lat="46.109194" lon="11.499168">
        <ele>929.925677</ele>
        <time>2026-09-02T18:17:35.214Z</time>
      </trkpt>
      <trkpt lat="46.108335" lon="11.499515">
        <ele>925.623731</ele>
        <time>2026-09-02T18:17:40.398Z</time>
      </trkpt>
      <trkpt lat="46.107885" lon="11.499832">
        <ele>923.361903</ele>
        <time>2026-09-02T18:17:43.383Z</time>
      </trkpt>
      <trkpt lat="46.107577" lon="11.499995">
        <ele>922.083910</ele>
        <time>2026-09-02T18:17:45.332Z</time>
      </trkpt>
      <trkpt lat="46.106985" lon="11.500207">
        <ele>919.707821</ele>
        <time>2026-09-02T18:17:48.891Z</time>
      </trkpt>
      <trkpt lat="46.106658" lon="11.500249">
        <ele>918.428986</ele>
        <time>2026-09-02T18:17:50.792Z</time>
      </trkpt>
      <trkpt lat="46.106045" lon="11.500460">
        <ele>916.434817</ele>
        <time>2026-09-02T18:17:54.516Z</time>
      </trkpt>
      <trkpt lat="46.105784" lon="11.500637">
        <ele>915.816120</ele>
        <time>2026-09-02T18:17:56.274Z</time>
      </trkpt>
      <trkpt lat="46.105420" lon="11.500703">
        <ele>915.029125</ele>
        <time>2026-09-02T18:17:58.629Z</time>
      </trkpt>
      <trkpt lat="46.104878" lon="11.500923">
        <ele>913.821265</ele>
        <time>2026-09-02T18:18:02.772Z</time>
      </trkpt>
      <trkpt lat="46.104645" lon="11.500932">
        <ele>913.321257</ele>
        <time>2026-09-02T18:18:04.484Z</time>
      </trkpt>
      <trkpt lat="46.104167" lon="11.500887">
        <ele>912.051140</ele>
        <time>2026-09-02T18:18:08.024Z</time>
      </trkpt>
      <trkpt lat="46.103950" lon="11.500936">
        <ele>911.445118</ele>
        <time>2026-09-02T18:18:09.550Z</time>
      </trkpt>
      <trkpt lat="46.103152" lon="11.501059">
        <ele>909.230803</ele>
        <time>2026-09-02T18:18:14.507Z</time>
      </trkpt>
      <trkpt lat="46.102471" lon="11.501258">
        <ele>906.782649</ele>
        <time>2026-09-02T18:18:18.450Z</time>
      </trkpt>
      <trkpt lat="46.102193" lon="11.501276">
        <ele>905.543385</ele>
        <time>2026-09-02T18:18:20.031Z</time>
      </trkpt>
      <trkpt lat="46.101562" lon="11.501119">
        <ele>902.691843</ele>
        <time>2026-09-02T18:18:23.680Z</time>
      </trkpt>
      <trkpt lat="46.100255" lon="11.501138">
        <ele>897.631740</ele>
        <time>2026-09-02T18:18:31.349Z</time>
      </trkpt>
      <trkpt lat="46.099973" lon="11.501061">
        <ele>896.648437</ele>
        <time>2026-09-02T18:18:33.048Z</time>
      </trkpt>
      <trkpt lat="46.099783" lon="11.500961">
        <ele>895.955498</ele>
        <time>2026-09-02T18:18:34.229Z</time>
      </trkpt>
      <trkpt lat="46.099574" lon="11.500787">
        <ele>895.128710</ele>
        <time>2026-09-02T18:18:35.644Z</time>
      </trkpt>
      <trkpt lat="46.099279" lon="11.500692">
        <ele>894.093141</ele>
        <time>2026-09-02T18:18:37.583Z</time>
      </trkpt>
      <trkpt lat="46.098889" lon="11.500793">
        <ele>891.814599</ele>
        <time>2026-09-02T18:18:40.559Z</time>
      </trkpt>
      <trkpt lat="46.098619" lon="11.500782">
        <ele>890.218495</ele>
        <time>2026-09-02T18:18:42.624Z</time>
      </trkpt>
      <trkpt lat="46.098217" lon="11.500628">
        <ele>887.760637</ele>
        <time>2026-09-02T18:18:45.033Z</time>
      </trkpt>
      <trkpt lat="46.097740" lon="11.500505">
        <ele>884.897272</ele>
        <time>2026-09-02T18:18:47.591Z</time>
      </trkpt>
      <trkpt lat="46.097597" lon="11.500503">
        <ele>884.052225</ele>
        <time>2026-09-02T18:18:48.333Z</time>
      </trkpt>
      <trkpt lat="46.097293" lon="11.500714">
        <ele>880.008676</ele>
        <time>2026-09-02T18:18:50.039Z</time>
      </trkpt>
      <trkpt lat="46.096923" lon="11.500808">
        <ele>874.339172</ele>
        <time>2026-09-02T18:18:51.905Z</time>
      </trkpt>
      <trkpt lat="46.096886" lon="11.500804">
        <ele>873.779254</ele>
        <time>2026-09-02T18:18:52.088Z</time>
      </trkpt>
      <trkpt lat="46.096555" lon="11.500778">
        <ele>868.776862</ele>
        <time>2026-09-02T18:18:53.718Z</time>
      </trkpt>
      <trkpt lat="46.096382" lon="11.500721">
        <ele>866.098916</ele>
        <time>2026-09-02T18:18:54.584Z</time>
      </trkpt>
      <trkpt lat="46.096125" lon="11.500607">
        <ele>862.041302</ele>
        <time>2026-09-02T18:18:55.911Z</time>
      </trkpt>
      <trkpt lat="46.095999" lon="11.500523">
        <ele>859.946531</ele>
        <time>2026-09-02T18:18:56.596Z</time>
      </trkpt>
      <trkpt lat="46.095911" lon="11.500426">
        <ele>858.275043</ele>
        <time>2026-09-02T18:18:57.146Z</time>
      </trkpt>
      <trkpt lat="46.095767" lon="11.500150">
        <ele>855.699991</ele>
        <time>2026-09-02T18:18:58.349Z</time>
      </trkpt>
      <trkpt lat="46.095597" lon="11.499668">
        <ele>853.776164</ele>
        <time>2026-09-02T18:19:00.308Z</time>
      </trkpt>
      <trkpt lat="46.095544" lon="11.499598">
        <ele>853.407449</ele>
        <time>2026-09-02T18:19:00.730Z</time>
      </trkpt>
      <trkpt lat="46.095367" lon="11.499477">
        <ele>852.402519</ele>
        <time>2026-09-02T18:19:01.932Z</time>
      </trkpt>
      <trkpt lat="46.095243" lon="11.499218">
        <ele>851.282817</ele>
        <time>2026-09-02T18:19:03.727Z</time>
      </trkpt>
      <trkpt lat="46.095157" lon="11.498808">
        <ele>849.758908</ele>
        <time>2026-09-02T18:19:06.500Z</time>
      </trkpt>
      <trkpt lat="46.095166" lon="11.498274">
        <ele>847.858553</ele>
        <time>2026-09-02T18:19:09.169Z</time>
      </trkpt>
      <trkpt lat="46.095094" lon="11.498047">
        <ele>846.941534</ele>
        <time>2026-09-02T18:19:10.238Z</time>
      </trkpt>
      <trkpt lat="46.095012" lon="11.497984">
        <ele>846.094586</ele>
        <time>2026-09-02T18:19:10.789Z</time>
      </trkpt>
      <trkpt lat="46.094824" lon="11.497961">
        <ele>844.374700</ele>
        <time>2026-09-02T18:19:11.856Z</time>
      </trkpt>
      <trkpt lat="46.094789" lon="11.497976">
        <ele>844.041863</ele>
        <time>2026-09-02T18:19:12.052Z</time>
      </trkpt>
      <trkpt lat="46.094650" lon="11.498132">
        <ele>842.436274</ele>
        <time>2026-09-02T18:19:13.014Z</time>
      </trkpt>
      <trkpt lat="46.094465" lon="11.498492">
        <ele>839.603839</ele>
        <time>2026-09-02T18:19:14.668Z</time>
      </trkpt>
      <trkpt lat="46.094350" lon="11.498570">
        <ele>838.445377</ele>
        <time>2026-09-02T18:19:15.318Z</time>
      </trkpt>
      <trkpt lat="46.094245" lon="11.498600">
        <ele>837.469635</ele>
        <time>2026-09-02T18:19:15.867Z</time>
      </trkpt>
      <trkpt lat="46.093910" lon="11.498604">
        <ele>834.415810</ele>
        <time>2026-09-02T18:19:17.570Z</time>
      </trkpt>
      <trkpt lat="46.093788" lon="11.498725">
        <ele>833.066056</ele>
        <time>2026-09-02T18:19:18.318Z</time>
      </trkpt>
      <trkpt lat="46.093723" lon="11.498744">
        <ele>832.461492</ele>
        <time>2026-09-02T18:19:18.650Z</time>
      </trkpt>
      <trkpt lat="46.093563" lon="11.498737">
        <ele>831.002328</ele>
        <time>2026-09-02T18:19:19.452Z</time>
      </trkpt>
      <trkpt lat="46.093401" lon="11.498642">
        <ele>828.877908</ele>
        <time>2026-09-02T18:19:20.330Z</time>
      </trkpt>
      <trkpt lat="46.093337" lon="11.498518">
        <ele>827.470404</ele>
        <time>2026-09-02T18:19:20.860Z</time>
      </trkpt>
      <trkpt lat="46.093283" lon="11.498303">
        <ele>825.388229</ele>
        <time>2026-09-02T18:19:21.656Z</time>
      </trkpt>
      <trkpt lat="46.093232" lon="11.498199">
        <ele>824.228388</ele>
        <time>2026-09-02T18:19:22.099Z</time>
      </trkpt>
      <trkpt lat="46.093109" lon="11.498115">
        <ele>822.441382</ele>
        <time>2026-09-02T18:19:22.785Z</time>
      </trkpt>
      <trkpt lat="46.092999" lon="11.498133">
        <ele>820.987771</ele>
        <time>2026-09-02T18:19:23.340Z</time>
      </trkpt>
      <trkpt lat="46.092729" lon="11.498320">
        <ele>817.054842</ele>
        <time>2026-09-02T18:19:24.854Z</time>
      </trkpt>
      <trkpt lat="46.092400" lon="11.498496">
        <ele>812.447251</ele>
        <time>2026-09-02T18:19:26.630Z</time>
      </trkpt>
      <trkpt lat="46.092174" lon="11.498507">
        <ele>809.478096</ele>
        <time>2026-09-02T18:19:27.760Z</time>
      </trkpt>
      <trkpt lat="46.092020" lon="11.498492">
        <ele>807.451411</ele>
        <time>2026-09-02T18:19:28.528Z</time>
      </trkpt>
      <trkpt lat="46.091769" lon="11.498567">
        <ele>804.831693</ele>
        <time>2026-09-02T18:19:29.814Z</time>
      </trkpt>
      <trkpt lat="46.091690" lon="11.498558">
        <ele>804.057956</ele>
        <time>2026-09-02T18:19:30.212Z</time>
      </trkpt>
      <trkpt lat="46.091505" lon="11.498452">
        <ele>802.114292</ele>
        <time>2026-09-02T18:19:31.225Z</time>
      </trkpt>
      <trkpt lat="46.091456" lon="11.498403">
        <ele>801.532079</ele>
        <time>2026-09-02T18:19:31.529Z</time>
      </trkpt>
      <trkpt lat="46.091274" lon="11.498169">
        <ele>799.151270</ele>
        <time>2026-09-02T18:19:32.794Z</time>
      </trkpt>
      <trkpt lat="46.091127" lon="11.497923">
        <ele>796.952489</ele>
        <time>2026-09-02T18:19:33.988Z</time>
      </trkpt>
      <trkpt lat="46.091068" lon="11.497826">
        <ele>796.078849</ele>
        <time>2026-09-02T18:19:34.464Z</time>
      </trkpt>
      <trkpt lat="46.090936" lon="11.497625">
        <ele>794.204436</ele>
        <time>2026-09-02T18:19:35.492Z</time>
      </trkpt>
      <trkpt lat="46.090754" lon="11.497367">
        <ele>791.712509</ele>
        <time>2026-09-02T18:19:36.845Z</time>
      </trkpt>
      <trkpt lat="46.090255" lon="11.496859">
        <ele>785.686803</ele>
        <time>2026-09-02T18:19:40.093Z</time>
      </trkpt>
      <trkpt lat="46.090084" lon="11.496826">
        <ele>783.974136</ele>
        <time>2026-09-02T18:19:41.008Z</time>
      </trkpt>
      <trkpt lat="46.089801" lon="11.496870">
        <ele>781.148487</ele>
        <time>2026-09-02T18:19:42.487Z</time>
      </trkpt>
      <trkpt lat="46.089718" lon="11.496836">
        <ele>780.291933</ele>
        <time>2026-09-02T18:19:42.934Z</time>
      </trkpt>
      <trkpt lat="46.089067" lon="11.496206">
        <ele>772.508782</ele>
        <time>2026-09-02T18:19:46.959Z</time>
      </trkpt>
      <trkpt lat="46.088603" lon="11.495943">
        <ele>766.022745</ele>
        <time>2026-09-02T18:19:49.477Z</time>
      </trkpt>
      <trkpt lat="46.088054" lon="11.495603">
        <ele>757.823337</ele>
        <time>2026-09-02T18:19:52.436Z</time>
      </trkpt>
      <trkpt lat="46.087693" lon="11.495464">
        <ele>752.695779</ele>
        <time>2026-09-02T18:19:54.294Z</time>
      </trkpt>
      <trkpt lat="46.087550" lon="11.495379">
        <ele>750.573193</ele>
        <time>2026-09-02T18:19:55.067Z</time>
      </trkpt>
      <trkpt lat="46.087340" lon="11.495205">
        <ele>747.249439</ele>
        <time>2026-09-02T18:19:56.290Z</time>
      </trkpt>
      <trkpt lat="46.087164" lon="11.494983">
        <ele>745.471816</ele>
        <time>2026-09-02T18:19:57.487Z</time>
      </trkpt>
      <trkpt lat="46.086970" lon="11.494495">
        <ele>742.801819</ele>
        <time>2026-09-02T18:19:59.546Z</time>
      </trkpt>
      <trkpt lat="46.086688" lon="11.494062">
        <ele>739.982306</ele>
        <time>2026-09-02T18:20:01.856Z</time>
      </trkpt>
      <trkpt lat="46.086407" lon="11.493449">
        <ele>736.494355</ele>
        <time>2026-09-02T18:20:05.094Z</time>
      </trkpt>
      <trkpt lat="46.086316" lon="11.493304">
        <ele>735.566103</ele>
        <time>2026-09-02T18:20:05.890Z</time>
      </trkpt>
      <trkpt lat="46.085709" lon="11.492709">
        <ele>727.848420</ele>
        <time>2026-09-02T18:20:09.830Z</time>
      </trkpt>
      <trkpt lat="46.085398" lon="11.492431">
        <ele>723.675294</ele>
        <time>2026-09-02T18:20:11.695Z</time>
      </trkpt>
      <trkpt lat="46.085160" lon="11.492265">
        <ele>720.660124</ele>
        <time>2026-09-02T18:20:13.005Z</time>
      </trkpt>
      <trkpt lat="46.084798" lon="11.492067">
        <ele>716.244633</ele>
        <time>2026-09-02T18:20:14.919Z</time>
      </trkpt>
      <trkpt lat="46.084640" lon="11.492018">
        <ele>714.401522</ele>
        <time>2026-09-02T18:20:15.718Z</time>
      </trkpt>
      <trkpt lat="46.084372" lon="11.492002">
        <ele>712.606199</ele>
        <time>2026-09-02T18:20:17.059Z</time>
      </trkpt>
      <trkpt lat="46.084128" lon="11.491982">
        <ele>711.108742</ele>
        <time>2026-09-02T18:20:18.311Z</time>
      </trkpt>
      <trkpt lat="46.084008" lon="11.491902">
        <ele>710.298674</ele>
        <time>2026-09-02T18:20:19.007Z</time>
      </trkpt>
      <trkpt lat="46.083895" lon="11.491795">
        <ele>709.470320</ele>
        <time>2026-09-02T18:20:19.739Z</time>
      </trkpt>
      <trkpt lat="46.083761" lon="11.491495">
        <ele>707.953861</ele>
        <time>2026-09-02T18:20:21.166Z</time>
      </trkpt>
      <trkpt lat="46.083736" lon="11.491191">
        <ele>706.652847</ele>
        <time>2026-09-02T18:20:22.403Z</time>
      </trkpt>
      <trkpt lat="46.083873" lon="11.490591">
        <ele>703.968305</ele>
        <time>2026-09-02T18:20:25.957Z</time>
      </trkpt>
      <trkpt lat="46.083828" lon="11.489991">
        <ele>702.357264</ele>
        <time>2026-09-02T18:20:31.319Z</time>
      </trkpt>
      <trkpt lat="46.083787" lon="11.489865">
        <ele>702.107837</ele>
        <time>2026-09-02T18:20:32.104Z</time>
      </trkpt>
      <trkpt lat="46.083699" lon="11.489823">
        <ele>701.868324</ele>
        <time>2026-09-02T18:20:32.788Z</time>
      </trkpt>
      <trkpt lat="46.083638" lon="11.489828">
        <ele>701.710456</ele>
        <time>2026-09-02T18:20:33.216Z</time>
      </trkpt>
      <trkpt lat="46.083525" lon="11.489872">
        <ele>701.408021</ele>
        <time>2026-09-02T18:20:33.991Z</time>
      </trkpt>
      <trkpt lat="46.083331" lon="11.490016">
        <ele>700.844224</ele>
        <time>2026-09-02T18:20:35.319Z</time>
      </trkpt>
      <trkpt lat="46.083162" lon="11.490001">
        <ele>700.406729</ele>
        <time>2026-09-02T18:20:36.291Z</time>
      </trkpt>
      <trkpt lat="46.083034" lon="11.489953">
        <ele>700.064993</ele>
        <time>2026-09-02T18:20:37.032Z</time>
      </trkpt>
      <trkpt lat="46.082872" lon="11.489832">
        <ele>699.593573</ele>
        <time>2026-09-02T18:20:38.039Z</time>
      </trkpt>
      <trkpt lat="46.082622" lon="11.489529">
        <ele>698.749683</ele>
        <time>2026-09-02T18:20:39.872Z</time>
      </trkpt>
      <trkpt lat="46.082413" lon="11.489421">
        <ele>698.319671</ele>
        <time>2026-09-02T18:20:41.233Z</time>
      </trkpt>
      <trkpt lat="46.082354" lon="11.489320">
        <ele>698.231264</ele>
        <time>2026-09-02T18:20:41.818Z</time>
      </trkpt>
      <trkpt lat="46.082337" lon="11.489222">
        <ele>698.163630</ele>
        <time>2026-09-02T18:20:42.313Z</time>
      </trkpt>
      <trkpt lat="46.082345" lon="11.488716">
        <ele>697.824767</ele>
        <time>2026-09-02T18:20:45.266Z</time>
      </trkpt>
      <trkpt lat="46.082250" lon="11.488242">
        <ele>697.494433</ele>
        <time>2026-09-02T18:20:49.583Z</time>
      </trkpt>
      <trkpt lat="46.082234" lon="11.487963">
        <ele>697.307000</ele>
        <time>2026-09-02T18:20:51.977Z</time>
      </trkpt>
      <trkpt lat="46.082140" lon="11.487652">
        <ele>697.079869</ele>
        <time>2026-09-02T18:20:54.048Z</time>
      </trkpt>
      <trkpt lat="46.082055" lon="11.487505">
        <ele>696.951737</ele>
        <time>2026-09-02T18:20:54.976Z</time>
      </trkpt>
      <trkpt lat="46.081936" lon="11.487368">
        <ele>696.804743</ele>
        <time>2026-09-02T18:20:56.035Z</time>
      </trkpt>
      <trkpt lat="46.081819" lon="11.487303">
        <ele>696.683715</ele>
        <time>2026-09-02T18:20:56.965Z</time>
      </trkpt>
      <trkpt lat="46.081708" lon="11.487315">
        <ele>696.080820</ele>
        <time>2026-09-02T18:20:57.775Z</time>
      </trkpt>
      <trkpt lat="46.081398" lon="11.487470">
        <ele>694.075640</ele>
        <time>2026-09-02T18:20:59.878Z</time>
      </trkpt>
      <trkpt lat="46.081248" lon="11.487502">
        <ele>693.148975</ele>
        <time>2026-09-02T18:21:00.745Z</time>
      </trkpt>
      <trkpt lat="46.081087" lon="11.487474">
        <ele>692.157936</ele>
        <time>2026-09-02T18:21:01.631Z</time>
      </trkpt>
      <trkpt lat="46.081008" lon="11.487394">
        <ele>691.567949</ele>
        <time>2026-09-02T18:21:02.147Z</time>
      </trkpt>
      <trkpt lat="46.080821" lon="11.486952">
        <ele>689.373296</ele>
        <time>2026-09-02T18:21:04.063Z</time>
      </trkpt>
      <trkpt lat="46.080663" lon="11.486642">
        <ele>687.742599</ele>
        <time>2026-09-02T18:21:05.476Z</time>
      </trkpt>
      <trkpt lat="46.080450" lon="11.486430">
        <ele>686.160825</ele>
        <time>2026-09-02T18:21:06.846Z</time>
      </trkpt>
      <trkpt lat="46.080352" lon="11.486393">
        <ele>685.421952</ele>
        <time>2026-09-02T18:21:07.381Z</time>
      </trkpt>
      <trkpt lat="46.080108" lon="11.486389">
        <ele>682.613239</ele>
        <time>2026-09-02T18:21:08.661Z</time>
      </trkpt>
      <trkpt lat="46.079727" lon="11.486392">
        <ele>678.227721</ele>
        <time>2026-09-02T18:21:10.591Z</time>
      </trkpt>
      <trkpt lat="46.079279" lon="11.486296">
        <ele>673.014418</ele>
        <time>2026-09-02T18:21:12.863Z</time>
      </trkpt>
      <trkpt lat="46.079072" lon="11.486235">
        <ele>670.582500</ele>
        <time>2026-09-02T18:21:13.928Z</time>
      </trkpt>
      <trkpt lat="46.078705" lon="11.486068">
        <ele>666.152748</ele>
        <time>2026-09-02T18:21:15.864Z</time>
      </trkpt>
      <trkpt lat="46.077577" lon="11.485129">
        <ele>654.107474</ele>
        <time>2026-09-02T18:21:22.611Z</time>
      </trkpt>
      <trkpt lat="46.077221" lon="11.484819">
        <ele>650.341700</ele>
        <time>2026-09-02T18:21:24.849Z</time>
      </trkpt>
      <trkpt lat="46.076931" lon="11.484612">
        <ele>647.731838</ele>
        <time>2026-09-02T18:21:26.601Z</time>
      </trkpt>
      <trkpt lat="46.076840" lon="11.484537">
        <ele>647.020682</ele>
        <time>2026-09-02T18:21:27.172Z</time>
      </trkpt>
      <trkpt lat="46.076647" lon="11.484348">
        <ele>645.437749</ele>
        <time>2026-09-02T18:21:28.443Z</time>
      </trkpt>
      <trkpt lat="46.076507" lon="11.484129">
        <ele>644.036163</ele>
        <time>2026-09-02T18:21:29.577Z</time>
      </trkpt>
      <trkpt lat="46.076126" lon="11.483537">
        <ele>640.235635</ele>
        <time>2026-09-02T18:21:32.601Z</time>
      </trkpt>
      <trkpt lat="46.076091" lon="11.483474">
        <ele>639.855772</ele>
        <time>2026-09-02T18:21:32.907Z</time>
      </trkpt>
      <trkpt lat="46.076045" lon="11.483393">
        <ele>639.363107</ele>
        <time>2026-09-02T18:21:33.301Z</time>
      </trkpt>
      <trkpt lat="46.075392" lon="11.481870">
        <ele>631.497624</ele>
        <time>2026-09-02T18:21:40.014Z</time>
      </trkpt>
      <trkpt lat="46.075236" lon="11.481476">
        <ele>629.578334</ele>
        <time>2026-09-02T18:21:41.735Z</time>
      </trkpt>
      <trkpt lat="46.075150" lon="11.481234">
        <ele>628.427981</ele>
        <time>2026-09-02T18:21:42.795Z</time>
      </trkpt>
      <trkpt lat="46.075122" lon="11.480970">
        <ele>627.298095</ele>
        <time>2026-09-02T18:21:43.810Z</time>
      </trkpt>
      <trkpt lat="46.075199" lon="11.480260">
        <ele>624.756734</ele>
        <time>2026-09-02T18:21:46.612Z</time>
      </trkpt>
      <trkpt lat="46.075293" lon="11.480047">
        <ele>624.111964</ele>
        <time>2026-09-02T18:21:47.626Z</time>
      </trkpt>
      <trkpt lat="46.075420" lon="11.479809">
        <ele>623.345065</ele>
        <time>2026-09-02T18:21:48.873Z</time>
      </trkpt>
      <trkpt lat="46.075456" lon="11.479661">
        <ele>622.944500</ele>
        <time>2026-09-02T18:21:49.535Z</time>
      </trkpt>
      <trkpt lat="46.075432" lon="11.479490">
        <ele>622.498906</ele>
        <time>2026-09-02T18:21:50.287Z</time>
      </trkpt>
      <trkpt lat="46.075346" lon="11.479273">
        <ele>621.860606</ele>
        <time>2026-09-02T18:21:51.403Z</time>
      </trkpt>
      <trkpt lat="46.075351" lon="11.479162">
        <ele>621.576508</ele>
        <time>2026-09-02T18:21:51.900Z</time>
      </trkpt>
      <trkpt lat="46.075398" lon="11.479075">
        <ele>621.294874</ele>
        <time>2026-09-02T18:21:52.371Z</time>
      </trkpt>
      <trkpt lat="46.075525" lon="11.478968">
        <ele>620.753287</ele>
        <time>2026-09-02T18:21:53.285Z</time>
      </trkpt>
      <trkpt lat="46.075571" lon="11.478896">
        <ele>620.503289</ele>
        <time>2026-09-02T18:21:53.723Z</time>
      </trkpt>
      <trkpt lat="46.075635" lon="11.478706">
        <ele>619.963836</ele>
        <time>2026-09-02T18:21:54.601Z</time>
      </trkpt>
      <trkpt lat="46.075665" lon="11.477998">
        <ele>618.179539</ele>
        <time>2026-09-02T18:21:57.459Z</time>
      </trkpt>
      <trkpt lat="46.075731" lon="11.477638">
        <ele>617.263537</ele>
        <time>2026-09-02T18:21:59.009Z</time>
      </trkpt>
      <trkpt lat="46.075756" lon="11.477289">
        <ele>616.400435</ele>
        <time>2026-09-02T18:22:00.526Z</time>
      </trkpt>
      <trkpt lat="46.075877" lon="11.476754">
        <ele>615.016161</ele>
        <time>2026-09-02T18:22:03.048Z</time>
      </trkpt>
      <trkpt lat="46.075874" lon="11.476326">
        <ele>613.963234</ele>
        <time>2026-09-02T18:22:04.827Z</time>
      </trkpt>
      <trkpt lat="46.075843" lon="11.476010">
        <ele>613.178144</ele>
        <time>2026-09-02T18:22:06.086Z</time>
      </trkpt>
      <trkpt lat="46.075805" lon="11.475788">
        <ele>612.615647</ele>
        <time>2026-09-02T18:22:06.972Z</time>
      </trkpt>
      <trkpt lat="46.075651" lon="11.475243">
        <ele>610.801930</ele>
        <time>2026-09-02T18:22:09.300Z</time>
      </trkpt>
      <trkpt lat="46.075531" lon="11.474842">
        <ele>609.435935</ele>
        <time>2026-09-02T18:22:11.105Z</time>
      </trkpt>
      <trkpt lat="46.075398" lon="11.474345">
        <ele>607.769732</ele>
        <time>2026-09-02T18:22:13.230Z</time>
      </trkpt>
      <trkpt lat="46.075392" lon="11.474132">
        <ele>607.102949</ele>
        <time>2026-09-02T18:22:14.034Z</time>
      </trkpt>
      <trkpt lat="46.075421" lon="11.473902">
        <ele>606.371754</ele>
        <time>2026-09-02T18:22:14.896Z</time>
      </trkpt>
      <trkpt lat="46.075519" lon="11.473579">
        <ele>605.269051</ele>
        <time>2026-09-02T18:22:16.185Z</time>
      </trkpt>
      <trkpt lat="46.075559" lon="11.473442">
        <ele>604.804127</ele>
        <time>2026-09-02T18:22:16.755Z</time>
      </trkpt>
      <trkpt lat="46.075545" lon="11.473299">
        <ele>604.442467</ele>
        <time>2026-09-02T18:22:17.330Z</time>
      </trkpt>
      <trkpt lat="46.075517" lon="11.473243">
        <ele>604.586078</ele>
        <time>2026-09-02T18:22:17.710Z</time>
      </trkpt>
      <trkpt lat="46.075485" lon="11.473207">
        <ele>604.707811</ele>
        <time>2026-09-02T18:22:17.994Z</time>
      </trkpt>
      <trkpt lat="46.075453" lon="11.473198">
        <ele>604.805587</ele>
        <time>2026-09-02T18:22:18.223Z</time>
      </trkpt>
      <trkpt lat="46.075382" lon="11.473232">
        <ele>605.029955</ele>
        <time>2026-09-02T18:22:19.072Z</time>
      </trkpt>
      <trkpt lat="46.075198" lon="11.473459">
        <ele>605.756261</ele>
        <time>2026-09-02T18:22:22.270Z</time>
      </trkpt>
      <trkpt lat="46.075103" lon="11.473708">
        <ele>606.347463</ele>
        <time>2026-09-02T18:22:25.300Z</time>
      </trkpt>
      <trkpt lat="46.075073" lon="11.473875">
        <ele>606.706355</ele>
        <time>2026-09-02T18:22:27.083Z</time>
      </trkpt>
      <trkpt lat="46.074951" lon="11.473719">
        <ele>607.195430</ele>
        <time>2026-09-02T18:22:29.682Z</time>
      </trkpt>
      <trkpt lat="46.074809" lon="11.473470">
        <ele>607.866031</ele>
        <time>2026-09-02T18:22:33.754Z</time>
      </trkpt>
      <trkpt lat="46.074790" lon="11.473450">
        <ele>607.936586</ele>
        <time>2026-09-02T18:22:34.207Z</time>
      </trkpt>
      <trkpt lat="46.074643" lon="11.473371">
        <ele>608.407075</ele>
        <time>2026-09-02T18:22:37.295Z</time>
      </trkpt>
      <trkpt lat="46.074116" lon="11.473386">
        <ele>610.356733</ele>
        <time>2026-09-02T18:22:50.685Z</time>
      </trkpt>
      <trkpt lat="46.073699" lon="11.473404">
        <ele>614.072384</ele>
        <time>2026-09-02T18:23:04.851Z</time>
      </trkpt>
      <trkpt lat="46.073406" lon="11.473379">
        <ele>616.686539</ele>
        <time>2026-09-02T18:23:12.502Z</time>
      </trkpt>
      <trkpt lat="46.073231" lon="11.473300">
        <ele>618.319812</ele>
        <time>2026-09-02T18:23:17.531Z</time>
      </trkpt>
      <trkpt lat="46.073051" lon="11.473169">
        <ele>620.115717</ele>
        <time>2026-09-02T18:23:23.963Z</time>
      </trkpt>
      <trkpt lat="46.073027" lon="11.473151">
        <ele>620.356674</ele>
        <time>2026-09-02T18:23:24.966Z</time>
      </trkpt>
      <trkpt lat="46.072699" lon="11.472956">
        <ele>623.516700</ele>
        <time>2026-09-02T18:23:37.190Z</time>
      </trkpt>
      <trkpt lat="46.072507" lon="11.472757">
        <ele>625.622905</ele>
        <time>2026-09-02T18:23:45.168Z</time>
      </trkpt>
      <trkpt lat="46.072404" lon="11.472639">
        <ele>626.370408</ele>
        <time>2026-09-02T18:23:49.528Z</time>
      </trkpt>
      <trkpt lat="46.072115" lon="11.472334">
        <ele>628.171702</ele>
        <time>2026-09-02T18:24:01.461Z</time>
      </trkpt>
      <trkpt lat="46.071725" lon="11.472007">
        <ele>630.440700</ele>
        <time>2026-09-02T18:24:13.043Z</time>
      </trkpt>
      <trkpt lat="46.071550" lon="11.471848">
        <ele>631.481023</ele>
        <time>2026-09-02T18:24:16.841Z</time>
      </trkpt>
      <trkpt lat="46.071536" lon="11.471830">
        <ele>631.575368</ele>
        <time>2026-09-02T18:24:17.130Z</time>
      </trkpt>
      <trkpt lat="46.071228" lon="11.471734">
        <ele>633.160104</ele>
        <time>2026-09-02T18:24:21.339Z</time>
      </trkpt>
      <trkpt lat="46.071095" lon="11.471684">
        <ele>633.851338</ele>
        <time>2026-09-02T18:24:22.551Z</time>
      </trkpt>
      <trkpt lat="46.070602" lon="11.471588">
        <ele>635.409287</ele>
        <time>2026-09-02T18:24:26.091Z</time>
      </trkpt>
      <trkpt lat="46.070532" lon="11.471605">
        <ele>635.539781</ele>
        <time>2026-09-02T18:24:26.699Z</time>
      </trkpt>
      <trkpt lat="46.070288" lon="11.471699">
        <ele>636.004068</ele>
        <time>2026-09-02T18:24:28.897Z</time>
      </trkpt>
      <trkpt lat="46.070157" lon="11.471761">
        <ele>636.257534</ele>
        <time>2026-09-02T18:24:30.186Z</time>
      </trkpt>
      <trkpt lat="46.070150" lon="11.471764">
        <ele>636.270959</ele>
        <time>2026-09-02T18:24:30.245Z</time>
      </trkpt>
      <trkpt lat="46.070157" lon="11.471761">
        <ele>636.284384</ele>
        <time>2026-09-02T18:24:30.318Z</time>
      </trkpt>
      <trkpt lat="46.070288" lon="11.471699">
        <ele>636.537849</ele>
        <time>2026-09-02T18:24:31.491Z</time>
      </trkpt>
      <trkpt lat="46.070532" lon="11.471605">
        <ele>637.002137</ele>
        <time>2026-09-02T18:24:33.902Z</time>
      </trkpt>
      <trkpt lat="46.070602" lon="11.471588">
        <ele>637.132631</ele>
        <time>2026-09-02T18:24:34.755Z</time>
      </trkpt>
      <trkpt lat="46.071095" lon="11.471684">
        <ele>638.047140</ele>
        <time>2026-09-02T18:24:44.833Z</time>
      </trkpt>
      <trkpt lat="46.071228" lon="11.471734">
        <ele>638.651395</ele>
        <time>2026-09-02T18:24:48.141Z</time>
      </trkpt>
      <trkpt lat="46.071536" lon="11.471830">
        <ele>640.823072</ele>
        <time>2026-09-02T18:24:56.228Z</time>
      </trkpt>
      <trkpt lat="46.071512" lon="11.471720">
        <ele>641.374392</ele>
        <time>2026-09-02T18:24:58.252Z</time>
      </trkpt>
      <trkpt lat="46.071533" lon="11.471647">
        <ele>641.752230</ele>
        <time>2026-09-02T18:24:59.561Z</time>
      </trkpt>
      <trkpt lat="46.071625" lon="11.471564">
        <ele>642.500207</ele>
        <time>2026-09-02T18:25:02.271Z</time>
      </trkpt>
      <trkpt lat="46.071773" lon="11.471539">
        <ele>643.527147</ele>
        <time>2026-09-02T18:25:05.725Z</time>
      </trkpt>
      <trkpt lat="46.071944" lon="11.471531">
        <ele>644.706234</ele>
        <time>2026-09-02T18:25:09.355Z</time>
      </trkpt>
      <trkpt lat="46.072173" lon="11.471575">
        <ele>646.298374</ele>
        <time>2026-09-02T18:25:14.413Z</time>
      </trkpt>
      <trkpt lat="46.072243" lon="11.471601">
        <ele>646.796546</ele>
        <time>2026-09-02T18:25:16.191Z</time>
      </trkpt>
      <trkpt lat="46.072467" lon="11.471618">
        <ele>648.342407</ele>
        <time>2026-09-02T18:25:22.472Z</time>
      </trkpt>
      <trkpt lat="46.072664" lon="11.471648">
        <ele>649.707612</ele>
        <time>2026-09-02T18:25:28.645Z</time>
      </trkpt>
      <trkpt lat="46.072995" lon="11.471685">
        <ele>653.317868</ele>
        <time>2026-09-02T18:25:38.890Z</time>
      </trkpt>
      <trkpt lat="46.073251" lon="11.471724">
        <ele>656.734565</ele>
        <time>2026-09-02T18:25:47.705Z</time>
      </trkpt>
      <trkpt lat="46.073385" lon="11.471710">
        <ele>658.517752</ele>
        <time>2026-09-02T18:25:52.633Z</time>
      </trkpt>
      <trkpt lat="46.073568" lon="11.471548">
        <ele>661.368090</ele>
        <time>2026-09-02T18:26:00.977Z</time>
      </trkpt>
      <trkpt lat="46.073620" lon="11.471481">
        <ele>662.293789</ele>
        <time>2026-09-02T18:26:03.839Z</time>
      </trkpt>
      <trkpt lat="46.073691" lon="11.471347">
        <ele>663.846314</ele>
        <time>2026-09-02T18:26:08.769Z</time>
      </trkpt>
      <trkpt lat="46.073724" lon="11.471193">
        <ele>665.330390</ele>
        <time>2026-09-02T18:26:13.661Z</time>
      </trkpt>
      <trkpt lat="46.073755" lon="11.470239">
        <ele>674.124066</ele>
        <time>2026-09-02T18:26:46.889Z</time>
      </trkpt>
      <trkpt lat="46.073786" lon="11.470038">
        <ele>675.525950</ele>
        <time>2026-09-02T18:26:53.826Z</time>
      </trkpt>
      <trkpt lat="46.073876" lon="11.469702">
        <ele>677.805302</ele>
        <time>2026-09-02T18:27:05.690Z</time>
      </trkpt>
      <trkpt lat="46.073816" lon="11.469557">
        <ele>678.873765</ele>
        <time>2026-09-02T18:27:11.345Z</time>
      </trkpt>
      <trkpt lat="46.073821" lon="11.469484">
        <ele>679.337987</ele>
        <time>2026-09-02T18:27:13.720Z</time>
      </trkpt>
      <trkpt lat="46.073922" lon="11.469092">
        <ele>681.984305</ele>
        <time>2026-09-02T18:27:25.990Z</time>
      </trkpt>
      <trkpt lat="46.074124" lon="11.467989">
        <ele>689.203680</ele>
        <time>2026-09-02T18:27:45.150Z</time>
      </trkpt>
      <trkpt lat="46.074179" lon="11.467701">
        <ele>690.860863</ele>
        <time>2026-09-02T18:27:46.759Z</time>
      </trkpt>
      <trkpt lat="46.074466" lon="11.466395">
        <ele>691.318247</ele>
        <time>2026-09-02T18:27:52.893Z</time>
      </trkpt>
      <trkpt lat="46.074613" lon="11.465746">
        <ele>691.546183</ele>
        <time>2026-09-02T18:27:56.339Z</time>
      </trkpt>
      <trkpt lat="46.074666" lon="11.465463">
        <ele>691.644049</ele>
        <time>2026-09-02T18:27:59.238Z</time>
      </trkpt>
      <trkpt lat="46.074673" lon="11.465185">
        <ele>692.021089</ele>
        <time>2026-09-02T18:28:02.831Z</time>
      </trkpt>
      <trkpt lat="46.074648" lon="11.464989">
        <ele>692.894846</ele>
        <time>2026-09-02T18:28:05.965Z</time>
      </trkpt>
      <trkpt lat="46.074617" lon="11.464794">
        <ele>693.771977</ele>
        <time>2026-09-02T18:28:09.545Z</time>
      </trkpt>
      <trkpt lat="46.074525" lon="11.464582">
        <ele>694.868369</ele>
        <time>2026-09-02T18:28:14.306Z</time>
      </trkpt>
      <trkpt lat="46.074438" lon="11.464460">
        <ele>695.635484</ele>
        <time>2026-09-02T18:28:17.688Z</time>
      </trkpt>
      <trkpt lat="46.073929" lon="11.463890">
        <ele>699.709152</ele>
        <time>2026-09-02T18:28:35.235Z</time>
      </trkpt>
      <trkpt lat="46.073771" lon="11.463583">
        <ele>701.385167</ele>
        <time>2026-09-02T18:28:42.006Z</time>
      </trkpt>
      <trkpt lat="46.073692" lon="11.463357">
        <ele>702.494755</ele>
        <time>2026-09-02T18:28:46.343Z</time>
      </trkpt>
      <trkpt lat="46.073630" lon="11.463112">
        <ele>703.596019</ele>
        <time>2026-09-02T18:28:50.658Z</time>
      </trkpt>
      <trkpt lat="46.073603" lon="11.462832">
        <ele>704.741604</ele>
        <time>2026-09-02T18:28:55.235Z</time>
      </trkpt>
      <trkpt lat="46.073526" lon="11.461529">
        <ele>710.041030</ele>
        <time>2026-09-02T18:29:15.681Z</time>
      </trkpt>
      <trkpt lat="46.073376" lon="11.459035">
        <ele>719.598574</ele>
        <time>2026-09-02T18:29:54.555Z</time>
      </trkpt>
      <trkpt lat="46.073390" lon="11.458537">
        <ele>721.438605</ele>
        <time>2026-09-02T18:30:02.147Z</time>
      </trkpt>
      <trkpt lat="46.073443" lon="11.458159">
        <ele>722.862326</ele>
        <time>2026-09-02T18:30:07.798Z</time>
      </trkpt>
      <trkpt lat="46.073617" lon="11.457155">
        <ele>725.272136</ele>
        <time>2026-09-02T18:30:21.647Z</time>
      </trkpt>
      <trkpt lat="46.073618" lon="11.457149">
        <ele>725.285795</ele>
        <time>2026-09-02T18:30:21.719Z</time>
      </trkpt>
      <trkpt lat="46.073757" lon="11.456133">
        <ele>727.578104</ele>
        <time>2026-09-02T18:30:32.775Z</time>
      </trkpt>
      <trkpt lat="46.073787" lon="11.456032">
        <ele>727.821306</ele>
        <time>2026-09-02T18:30:33.807Z</time>
      </trkpt>
      <trkpt lat="46.074081" lon="11.454726">
        <ele>730.692363</ele>
        <time>2026-09-02T18:30:46.195Z</time>
      </trkpt>
      <trkpt lat="46.074216" lon="11.454089">
        <ele>732.040276</ele>
        <time>2026-09-02T18:30:52.984Z</time>
      </trkpt>
      <trkpt lat="46.074297" lon="11.453740">
        <ele>732.785025</ele>
        <time>2026-09-02T18:30:57.222Z</time>
      </trkpt>
      <trkpt lat="46.074335" lon="11.453578">
        <ele>733.131099</ele>
        <time>2026-09-02T18:30:59.302Z</time>
      </trkpt>
      <trkpt lat="46.074503" lon="11.452942">
        <ele>734.903560</ele>
        <time>2026-09-02T18:31:08.367Z</time>
      </trkpt>
      <trkpt lat="46.074656" lon="11.451931">
        <ele>739.280511</ele>
        <time>2026-09-02T18:31:24.387Z</time>
      </trkpt>
      <trkpt lat="46.074751" lon="11.451607">
        <ele>740.768365</ele>
        <time>2026-09-02T18:31:30.443Z</time>
      </trkpt>
      <trkpt lat="46.074834" lon="11.451485">
        <ele>741.491147</ele>
        <time>2026-09-02T18:31:33.423Z</time>
      </trkpt>
      <trkpt lat="46.075114" lon="11.451185">
        <ele>743.618336</ele>
        <time>2026-09-02T18:31:42.275Z</time>
      </trkpt>
      <trkpt lat="46.075520" lon="11.450756">
        <ele>747.147653</ele>
        <time>2026-09-02T18:31:55.667Z</time>
      </trkpt>
      <trkpt lat="46.075621" lon="11.450650">
        <ele>748.131874</ele>
        <time>2026-09-02T18:31:59.091Z</time>
      </trkpt>
      <trkpt lat="46.075882" lon="11.450448">
        <ele>750.465647</ele>
        <time>2026-09-02T18:32:07.446Z</time>
      </trkpt>
      <trkpt lat="46.076053" lon="11.450348">
        <ele>751.919420</ele>
        <time>2026-09-02T18:32:12.667Z</time>
      </trkpt>
      <trkpt lat="46.076322" lon="11.450191">
        <ele>754.205713</ele>
        <time>2026-09-02T18:32:20.771Z</time>
      </trkpt>
      <trkpt lat="46.076587" lon="11.450032">
        <ele>756.467004</ele>
        <time>2026-09-02T18:32:28.831Z</time>
      </trkpt>
      <trkpt lat="46.076890" lon="11.449894">
        <ele>758.970348</ele>
        <time>2026-09-02T18:32:37.867Z</time>
      </trkpt>
      <trkpt lat="46.077194" lon="11.449777">
        <ele>761.867429</ele>
        <time>2026-09-02T18:32:47.028Z</time>
      </trkpt>
      <trkpt lat="46.077335" lon="11.449729">
        <ele>763.229119</ele>
        <time>2026-09-02T18:32:51.282Z</time>
      </trkpt>
      <trkpt lat="46.077425" lon="11.449696">
        <ele>764.101950</ele>
        <time>2026-09-02T18:32:54.039Z</time>
      </trkpt>
      <trkpt lat="46.077551" lon="11.449652">
        <ele>765.320458</ele>
        <time>2026-09-02T18:32:57.872Z</time>
      </trkpt>
      <trkpt lat="46.078026" lon="11.449475">
        <ele>769.931654</ele>
        <time>2026-09-02T18:33:12.492Z</time>
      </trkpt>
      <trkpt lat="46.078094" lon="11.449436">
        <ele>770.619500</ele>
        <time>2026-09-02T18:33:14.720Z</time>
      </trkpt>
      <trkpt lat="46.078144" lon="11.449401">
        <ele>771.141915</ele>
        <time>2026-09-02T18:33:16.406Z</time>
      </trkpt>
      <trkpt lat="46.079090" lon="11.448681">
        <ele>783.484016</ele>
        <time>2026-09-02T18:33:54.683Z</time>
      </trkpt>
      <trkpt lat="46.079278" lon="11.448455">
        <ele>786.835567</ele>
        <time>2026-09-02T18:34:05.152Z</time>
      </trkpt>
      <trkpt lat="46.079312" lon="11.448404">
        <ele>787.507373</ele>
        <time>2026-09-02T18:34:07.522Z</time>
      </trkpt>
      <trkpt lat="46.079642" lon="11.447701">
        <ele>795.569198</ele>
        <time>2026-09-02T18:34:35.153Z</time>
      </trkpt>
      <trkpt lat="46.079659" lon="11.447532">
        <ele>797.191047</ele>
        <time>2026-09-02T18:34:40.693Z</time>
      </trkpt>
      <trkpt lat="46.079633" lon="11.447295">
        <ele>799.469906</ele>
        <time>2026-09-02T18:34:48.596Z</time>
      </trkpt>
      <trkpt lat="46.079600" lon="11.447162">
        <ele>800.811437</ele>
        <time>2026-09-02T18:34:53.240Z</time>
      </trkpt>
      <trkpt lat="46.079542" lon="11.447048">
        <ele>801.646048</ele>
        <time>2026-09-02T18:34:57.737Z</time>
      </trkpt>
      <trkpt lat="46.079346" lon="11.446883">
        <ele>803.575247</ele>
        <time>2026-09-02T18:35:07.506Z</time>
      </trkpt>
      <trkpt lat="46.079057" lon="11.446763">
        <ele>806.131543</ele>
        <time>2026-09-02T18:35:18.923Z</time>
      </trkpt>
      <trkpt lat="46.078381" lon="11.446612">
        <ele>811.945953</ele>
        <time>2026-09-02T18:35:36.927Z</time>
      </trkpt>
      <trkpt lat="46.077917" lon="11.446617">
        <ele>815.889957</ele>
        <time>2026-09-02T18:35:43.794Z</time>
      </trkpt>
      <trkpt lat="46.077805" lon="11.446682">
        <ele>816.761375</ele>
        <time>2026-09-02T18:35:45.486Z</time>
      </trkpt>
      <trkpt lat="46.077575" lon="11.446917">
        <ele>818.701792</ele>
        <time>2026-09-02T18:35:50.858Z</time>
      </trkpt>
      <trkpt lat="46.077491" lon="11.446959">
        <ele>819.313761</ele>
        <time>2026-09-02T18:35:52.961Z</time>
      </trkpt>
      <trkpt lat="46.077373" lon="11.446966">
        <ele>820.126651</ele>
        <time>2026-09-02T18:35:55.683Z</time>
      </trkpt>
      <trkpt lat="46.077233" lon="11.446900">
        <ele>821.140501</ele>
        <time>2026-09-02T18:35:59.169Z</time>
      </trkpt>
      <trkpt lat="46.077049" lon="11.446683">
        <ele>822.776813</ele>
        <time>2026-09-02T18:36:05.234Z</time>
      </trkpt>
      <trkpt lat="46.076975" lon="11.446469">
        <ele>823.918519</ele>
        <time>2026-09-02T18:36:09.786Z</time>
      </trkpt>
      <trkpt lat="46.076895" lon="11.446114">
        <ele>825.700748</ele>
        <time>2026-09-02T18:36:17.711Z</time>
      </trkpt>
      <trkpt lat="46.076811" lon="11.445952">
        <ele>826.666462</ele>
        <time>2026-09-02T18:36:22.342Z</time>
      </trkpt>
      <trkpt lat="46.076660" lon="11.445785">
        <ele>827.976446</ele>
        <time>2026-09-02T18:36:28.910Z</time>
      </trkpt>
      <trkpt lat="46.075723" lon="11.445294">
        <ele>833.442885</ele>
        <time>2026-09-02T18:36:58.253Z</time>
      </trkpt>
      <trkpt lat="46.075133" lon="11.444896">
        <ele>836.941908</ele>
        <time>2026-09-02T18:37:08.789Z</time>
      </trkpt>
      <trkpt lat="46.074785" lon="11.444864">
        <ele>838.305772</ele>
        <time>2026-09-02T18:37:12.630Z</time>
      </trkpt>
      <trkpt lat="46.074643" lon="11.444676">
        <ele>838.555587</ele>
        <time>2026-09-02T18:37:13.985Z</time>
      </trkpt>
      <trkpt lat="46.074548" lon="11.444567">
        <ele>838.712911</ele>
        <time>2026-09-02T18:37:14.860Z</time>
      </trkpt>
      <trkpt lat="46.074295" lon="11.444424">
        <ele>839.065022</ele>
        <time>2026-09-02T18:37:16.831Z</time>
      </trkpt>
      <trkpt lat="46.073802" lon="11.444564">
        <ele>839.716080</ele>
        <time>2026-09-02T18:37:21.475Z</time>
      </trkpt>
      <trkpt lat="46.073565" lon="11.444553">
        <ele>840.023320</ele>
        <time>2026-09-02T18:37:24.752Z</time>
      </trkpt>
      <trkpt lat="46.072518" lon="11.443898">
        <ele>842.306970</ele>
        <time>2026-09-02T18:37:46.875Z</time>
      </trkpt>
      <trkpt lat="46.072326" lon="11.443771">
        <ele>842.795019</ele>
        <time>2026-09-02T18:37:50.820Z</time>
      </trkpt>
      <trkpt lat="46.071974" lon="11.443453">
        <ele>843.754762</ele>
        <time>2026-09-02T18:37:56.032Z</time>
      </trkpt>
      <trkpt lat="46.071821" lon="11.443479">
        <ele>844.110685</ele>
        <time>2026-09-02T18:37:57.416Z</time>
      </trkpt>
      <trkpt lat="46.071597" lon="11.443725">
        <ele>844.527349</ele>
        <time>2026-09-02T18:37:59.623Z</time>
      </trkpt>
      <trkpt lat="46.071491" lon="11.443827">
        <ele>844.297968</ele>
        <time>2026-09-02T18:38:00.588Z</time>
      </trkpt>
      <trkpt lat="46.071433" lon="11.443837">
        <ele>844.192836</ele>
        <time>2026-09-02T18:38:01.058Z</time>
      </trkpt>
      <trkpt lat="46.071298" lon="11.443773">
        <ele>843.937063</ele>
        <time>2026-09-02T18:38:02.029Z</time>
      </trkpt>
      <trkpt lat="46.071142" lon="11.443629">
        <ele>843.603660</ele>
        <time>2026-09-02T18:38:03.212Z</time>
      </trkpt>
      <trkpt lat="46.070830" lon="11.443307">
        <ele>842.913032</ele>
        <time>2026-09-02T18:38:05.459Z</time>
      </trkpt>
      <trkpt lat="46.070772" lon="11.443174">
        <ele>842.716881</ele>
        <time>2026-09-02T18:38:06.097Z</time>
      </trkpt>
      <trkpt lat="46.070732" lon="11.443005">
        <ele>842.493920</ele>
        <time>2026-09-02T18:38:06.841Z</time>
      </trkpt>
      <trkpt lat="46.070713" lon="11.442450">
        <ele>841.800087</ele>
        <time>2026-09-02T18:38:09.528Z</time>
      </trkpt>
      <trkpt lat="46.070749" lon="11.442303">
        <ele>841.605438</ele>
        <time>2026-09-02T18:38:10.528Z</time>
      </trkpt>
      <trkpt lat="46.070803" lon="11.442199">
        <ele>841.443239</ele>
        <time>2026-09-02T18:38:11.458Z</time>
      </trkpt>
      <trkpt lat="46.070926" lon="11.442009">
        <ele>841.032965</ele>
        <time>2026-09-02T18:38:13.631Z</time>
      </trkpt>
      <trkpt lat="46.071527" lon="11.441290">
        <ele>839.186929</ele>
        <time>2026-09-02T18:38:18.884Z</time>
      </trkpt>
      <trkpt lat="46.071678" lon="11.441055">
        <ele>838.661701</ele>
        <time>2026-09-02T18:38:20.234Z</time>
      </trkpt>
      <trkpt lat="46.071732" lon="11.440856">
        <ele>838.311318</ele>
        <time>2026-09-02T18:38:21.138Z</time>
      </trkpt>
      <trkpt lat="46.071799" lon="11.440482">
        <ele>837.677938</ele>
        <time>2026-09-02T18:38:22.756Z</time>
      </trkpt>
      <trkpt lat="46.071892" lon="11.440260">
        <ele>837.252697</ele>
        <time>2026-09-02T18:38:23.850Z</time>
      </trkpt>
      <trkpt lat="46.072580" lon="11.439247">
        <ele>833.360085</ele>
        <time>2026-09-02T18:38:29.528Z</time>
      </trkpt>
      <trkpt lat="46.072659" lon="11.438992">
        <ele>832.577715</ele>
        <time>2026-09-02T18:38:30.700Z</time>
      </trkpt>
      <trkpt lat="46.072663" lon="11.438873">
        <ele>832.243949</ele>
        <time>2026-09-02T18:38:31.207Z</time>
      </trkpt>
      <trkpt lat="46.072628" lon="11.438677">
        <ele>831.676962</ele>
        <time>2026-09-02T18:38:32.053Z</time>
      </trkpt>
      <trkpt lat="46.072576" lon="11.438578">
        <ele>831.329091</ele>
        <time>2026-09-02T18:38:32.567Z</time>
      </trkpt>
      <trkpt lat="46.072462" lon="11.438449">
        <ele>830.743832</ele>
        <time>2026-09-02T18:38:33.430Z</time>
      </trkpt>
      <trkpt lat="46.071877" lon="11.438172">
        <ele>827.576276</ele>
        <time>2026-09-02T18:38:36.992Z</time>
      </trkpt>
      <trkpt lat="46.071718" lon="11.438045">
        <ele>826.533791</ele>
        <time>2026-09-02T18:38:37.987Z</time>
      </trkpt>
      <trkpt lat="46.071298" lon="11.437306">
        <ele>822.732945</ele>
        <time>2026-09-02T18:38:41.578Z</time>
      </trkpt>
      <trkpt lat="46.071075" lon="11.437087">
        <ele>821.185451</ele>
        <time>2026-09-02T18:38:43.054Z</time>
      </trkpt>
      <trkpt lat="46.070682" lon="11.436913">
        <ele>818.829742</ele>
        <time>2026-09-02T18:38:45.331Z</time>
      </trkpt>
      <trkpt lat="46.070534" lon="11.436785">
        <ele>817.842643</ele>
        <time>2026-09-02T18:38:46.296Z</time>
      </trkpt>
      <trkpt lat="46.070449" lon="11.436611">
        <ele>816.998280</ele>
        <time>2026-09-02T18:38:47.113Z</time>
      </trkpt>
      <trkpt lat="46.070346" lon="11.436096">
        <ele>814.871677</ele>
        <time>2026-09-02T18:38:49.169Z</time>
      </trkpt>
      <trkpt lat="46.070245" lon="11.435820">
        <ele>813.633574</ele>
        <time>2026-09-02T18:38:50.369Z</time>
      </trkpt>
      <trkpt lat="46.069827" lon="11.435295">
        <ele>810.462758</ele>
        <time>2026-09-02T18:38:53.474Z</time>
      </trkpt>
      <trkpt lat="46.069237" lon="11.434493">
        <ele>803.222855</ele>
        <time>2026-09-02T18:38:57.982Z</time>
      </trkpt>
      <trkpt lat="46.068596" lon="11.434041">
        <ele>796.065661</ele>
        <time>2026-09-02T18:39:01.632Z</time>
      </trkpt>
      <trkpt lat="46.068370" lon="11.433966">
        <ele>793.739638</ele>
        <time>2026-09-02T18:39:02.791Z</time>
      </trkpt>
      <trkpt lat="46.068221" lon="11.433950">
        <ele>792.241067</ele>
        <time>2026-09-02T18:39:03.538Z</time>
      </trkpt>
      <trkpt lat="46.067737" lon="11.433896">
        <ele>786.180240</ele>
        <time>2026-09-02T18:39:05.971Z</time>
      </trkpt>
      <trkpt lat="46.067378" lon="11.433829">
        <ele>781.429698</ele>
        <time>2026-09-02T18:39:07.784Z</time>
      </trkpt>
      <trkpt lat="46.067328" lon="11.433786">
        <ele>780.665613</ele>
        <time>2026-09-02T18:39:08.074Z</time>
      </trkpt>
      <trkpt lat="46.067248" lon="11.433677">
        <ele>779.220919</ele>
        <time>2026-09-02T18:39:08.622Z</time>
      </trkpt>
      <trkpt lat="46.066936" lon="11.433087">
        <ele>772.466480</ele>
        <time>2026-09-02T18:39:11.208Z</time>
      </trkpt>
      <trkpt lat="46.066710" lon="11.432738">
        <ele>768.119781</ele>
        <time>2026-09-02T18:39:12.892Z</time>
      </trkpt>
      <trkpt lat="46.066669" lon="11.432681">
        <ele>767.396373</ele>
        <time>2026-09-02T18:39:13.180Z</time>
      </trkpt>
      <trkpt lat="46.066497" lon="11.432413">
        <ele>764.380425</ele>
        <time>2026-09-02T18:39:14.489Z</time>
      </trkpt>
      <trkpt lat="46.066325" lon="11.432269">
        <ele>762.012020</ele>
        <time>2026-09-02T18:39:15.506Z</time>
      </trkpt>
      <trkpt lat="46.066217" lon="11.432256">
        <ele>760.721612</ele>
        <time>2026-09-02T18:39:16.065Z</time>
      </trkpt>
      <trkpt lat="46.065939" lon="11.432323">
        <ele>757.365570</ele>
        <time>2026-09-02T18:39:17.492Z</time>
      </trkpt>
      <trkpt lat="46.065758" lon="11.432282">
        <ele>755.183989</ele>
        <time>2026-09-02T18:39:18.422Z</time>
      </trkpt>
      <trkpt lat="46.065399" lon="11.432066">
        <ele>750.551941</ele>
        <time>2026-09-02T18:39:20.387Z</time>
      </trkpt>
      <trkpt lat="46.065224" lon="11.431838">
        <ele>747.743086</ele>
        <time>2026-09-02T18:39:21.580Z</time>
      </trkpt>
      <trkpt lat="46.064900" lon="11.431207">
        <ele>741.929456</ele>
        <time>2026-09-02T18:39:24.338Z</time>
      </trkpt>
      <trkpt lat="46.064717" lon="11.430924">
        <ele>739.166325</ele>
        <time>2026-09-02T18:39:25.712Z</time>
      </trkpt>
      <trkpt lat="46.064043" lon="11.430195">
        <ele>730.491395</ele>
        <time>2026-09-02T18:39:30.079Z</time>
      </trkpt>
      <trkpt lat="46.063806" lon="11.429837">
        <ele>727.304591</ele>
        <time>2026-09-02T18:39:31.856Z</time>
      </trkpt>
      <trkpt lat="46.063696" lon="11.429621">
        <ele>726.284837</ele>
        <time>2026-09-02T18:39:32.827Z</time>
      </trkpt>
      <trkpt lat="46.063177" lon="11.428654">
        <ele>721.631893</ele>
        <time>2026-09-02T18:39:37.453Z</time>
      </trkpt>
      <trkpt lat="46.062423" lon="11.427746">
        <ele>717.537754</ele>
        <time>2026-09-02T18:39:43.425Z</time>
      </trkpt>
      <trkpt lat="46.062038" lon="11.427235">
        <ele>717.002063</ele>
        <time>2026-09-02T18:39:50.724Z</time>
      </trkpt>
      <trkpt lat="46.061893" lon="11.426950">
        <ele>716.751085</ele>
        <time>2026-09-02T18:39:54.185Z</time>
      </trkpt>
      <trkpt lat="46.061662" lon="11.426355">
        <ele>716.266884</ele>
        <time>2026-09-02T18:39:58.470Z</time>
      </trkpt>
      <trkpt lat="46.061496" lon="11.426136">
        <ele>716.036547</ele>
        <time>2026-09-02T18:39:59.898Z</time>
      </trkpt>
      <trkpt lat="46.061362" lon="11.426040">
        <ele>714.985657</ele>
        <time>2026-09-02T18:40:00.771Z</time>
      </trkpt>
      <trkpt lat="46.061253" lon="11.425992">
        <ele>713.922697</ele>
        <time>2026-09-02T18:40:01.414Z</time>
      </trkpt>
      <trkpt lat="46.061036" lon="11.425981">
        <ele>711.897650</ele>
        <time>2026-09-02T18:40:02.590Z</time>
      </trkpt>
      <trkpt lat="46.060326" lon="11.426189">
        <ele>705.140586</ele>
        <time>2026-09-02T18:40:06.299Z</time>
      </trkpt>
      <trkpt lat="46.060268" lon="11.426185">
        <ele>704.599045</ele>
        <time>2026-09-02T18:40:06.591Z</time>
      </trkpt>
      <trkpt lat="46.060156" lon="11.426116">
        <ele>703.463063</ele>
        <time>2026-09-02T18:40:07.202Z</time>
      </trkpt>
      <trkpt lat="46.060092" lon="11.425970">
        <ele>702.345481</ele>
        <time>2026-09-02T18:40:07.800Z</time>
      </trkpt>
      <trkpt lat="46.060080" lon="11.425840">
        <ele>701.496773</ele>
        <time>2026-09-02T18:40:08.256Z</time>
      </trkpt>
      <trkpt lat="46.060248" lon="11.425066">
        <ele>697.058819</ele>
        <time>2026-09-02T18:40:11.118Z</time>
      </trkpt>
      <trkpt lat="46.060239" lon="11.424719">
        <ele>695.424552</ele>
        <time>2026-09-02T18:40:12.399Z</time>
      </trkpt>
      <trkpt lat="46.060215" lon="11.423961">
        <ele>691.853377</ele>
        <time>2026-09-02T18:40:15.432Z</time>
      </trkpt>
      <trkpt lat="46.060226" lon="11.423782">
        <ele>691.007631</ele>
        <time>2026-09-02T18:40:16.162Z</time>
      </trkpt>
      <trkpt lat="46.060280" lon="11.422940">
        <ele>687.027942</ele>
        <time>2026-09-02T18:40:19.514Z</time>
      </trkpt>
      <trkpt lat="46.060271" lon="11.422790">
        <ele>685.966749</ele>
        <time>2026-09-02T18:40:20.117Z</time>
      </trkpt>
      <trkpt lat="46.060166" lon="11.422610">
        <ele>684.303146</ele>
        <time>2026-09-02T18:40:21.047Z</time>
      </trkpt>
      <trkpt lat="46.059858" lon="11.422457">
        <ele>680.981677</ele>
        <time>2026-09-02T18:40:22.818Z</time>
      </trkpt>
      <trkpt lat="46.059750" lon="11.422344">
        <ele>679.620982</ele>
        <time>2026-09-02T18:40:23.513Z</time>
      </trkpt>
      <trkpt lat="46.059416" lon="11.421498">
        <ele>672.734958</ele>
        <time>2026-09-02T18:40:26.928Z</time>
      </trkpt>
      <trkpt lat="46.059114" lon="11.421175">
        <ele>668.900656</ele>
        <time>2026-09-02T18:40:28.807Z</time>
      </trkpt>
      <trkpt lat="46.058985" lon="11.420880">
        <ele>665.984343</ele>
        <time>2026-09-02T18:40:30.025Z</time>
      </trkpt>
      <trkpt lat="46.058762" lon="11.419873">
        <ele>657.011401</ele>
        <time>2026-09-02T18:40:33.701Z</time>
      </trkpt>
      <trkpt lat="46.058276" lon="11.418911">
        <ele>646.910200</ele>
        <time>2026-09-02T18:40:37.934Z</time>
      </trkpt>
      <trkpt lat="46.058096" lon="11.418233">
        <ele>641.021187</ele>
        <time>2026-09-02T18:40:40.541Z</time>
      </trkpt>
      <trkpt lat="46.057931" lon="11.417972">
        <ele>638.162100</ele>
        <time>2026-09-02T18:40:41.796Z</time>
      </trkpt>
      <trkpt lat="46.057638" lon="11.417643">
        <ele>633.827531</ele>
        <time>2026-09-02T18:40:43.685Z</time>
      </trkpt>
      <trkpt lat="46.057532" lon="11.417579">
        <ele>632.486384</ele>
        <time>2026-09-02T18:40:44.268Z</time>
      </trkpt>
      <trkpt lat="46.057107" lon="11.417432">
        <ele>627.386002</ele>
        <time>2026-09-02T18:40:46.476Z</time>
      </trkpt>
      <trkpt lat="46.056909" lon="11.417262">
        <ele>624.712900</ele>
        <time>2026-09-02T18:40:47.634Z</time>
      </trkpt>
      <trkpt lat="46.056679" lon="11.416854">
        <ele>620.526714</ele>
        <time>2026-09-02T18:40:49.454Z</time>
      </trkpt>
      <trkpt lat="46.056501" lon="11.416465">
        <ele>616.815957</ele>
        <time>2026-09-02T18:40:51.078Z</time>
      </trkpt>
      <trkpt lat="46.056317" lon="11.416011">
        <ele>612.628951</ele>
        <time>2026-09-02T18:40:52.932Z</time>
      </trkpt>
      <trkpt lat="46.056279" lon="11.415840">
        <ele>611.199023</ele>
        <time>2026-09-02T18:40:53.571Z</time>
      </trkpt>
      <trkpt lat="46.056287" lon="11.415565">
        <ele>609.007056</ele>
        <time>2026-09-02T18:40:54.556Z</time>
      </trkpt>
      <trkpt lat="46.056317" lon="11.414878">
        <ele>603.915977</ele>
        <time>2026-09-02T18:40:57.061Z</time>
      </trkpt>
      <trkpt lat="46.056302" lon="11.414587">
        <ele>602.188198</ele>
        <time>2026-09-02T18:40:58.143Z</time>
      </trkpt>
      <trkpt lat="46.056232" lon="11.414093">
        <ele>599.202830</ele>
        <time>2026-09-02T18:41:00.054Z</time>
      </trkpt>
      <trkpt lat="46.056314" lon="11.413255">
        <ele>594.191882</ele>
        <time>2026-09-02T18:41:03.137Z</time>
      </trkpt>
      <trkpt lat="46.056359" lon="11.412800">
        <ele>591.470572</ele>
        <time>2026-09-02T18:41:04.788Z</time>
      </trkpt>
      <trkpt lat="46.056363" lon="11.412763">
        <ele>591.248850</ele>
        <time>2026-09-02T18:41:04.920Z</time>
      </trkpt>
      <trkpt lat="46.056403" lon="11.411812">
        <ele>587.242258</ele>
        <time>2026-09-02T18:41:08.360Z</time>
      </trkpt>
      <trkpt lat="46.056432" lon="11.411594">
        <ele>586.452664</ele>
        <time>2026-09-02T18:41:09.171Z</time>
      </trkpt>
      <trkpt lat="46.056721" lon="11.410915">
        <ele>583.619198</ele>
        <time>2026-09-02T18:41:12.208Z</time>
      </trkpt>
      <trkpt lat="46.056815" lon="11.410437">
        <ele>581.851900</ele>
        <time>2026-09-02T18:41:15.651Z</time>
      </trkpt>
      <trkpt lat="46.056889" lon="11.410225">
        <ele>581.007747</ele>
        <time>2026-09-02T18:41:18.055Z</time>
      </trkpt>
      <trkpt lat="46.057022" lon="11.410003">
        <ele>579.588154</ele>
        <time>2026-09-02T18:41:20.320Z</time>
      </trkpt>
      <trkpt lat="46.057347" lon="11.409585">
        <ele>575.732240</ele>
        <time>2026-09-02T18:41:23.144Z</time>
      </trkpt>
      <trkpt lat="46.057386" lon="11.409503">
        <ele>575.121613</ele>
        <time>2026-09-02T18:41:23.576Z</time>
      </trkpt>
      <trkpt lat="46.057391" lon="11.409385">
        <ele>574.395455</ele>
        <time>2026-09-02T18:41:24.018Z</time>
      </trkpt>
      <trkpt lat="46.057347" lon="11.409284">
        <ele>573.662948</ele>
        <time>2026-09-02T18:41:24.486Z</time>
      </trkpt>
      <trkpt lat="46.057312" lon="11.409253">
        <ele>573.299304</ele>
        <time>2026-09-02T18:41:24.703Z</time>
      </trkpt>
      <trkpt lat="46.057203" lon="11.409224">
        <ele>572.318176</ele>
        <time>2026-09-02T18:41:25.298Z</time>
      </trkpt>
      <trkpt lat="46.056597" lon="11.409558">
        <ele>566.575170</ele>
        <time>2026-09-02T18:41:28.582Z</time>
      </trkpt>
      <trkpt lat="46.056103" lon="11.409702">
        <ele>559.964410</ele>
        <time>2026-09-02T18:41:31.058Z</time>
      </trkpt>
      <trkpt lat="46.055896" lon="11.409711">
        <ele>556.521379</ele>
        <time>2026-09-02T18:41:32.072Z</time>
      </trkpt>
      <trkpt lat="46.055691" lon="11.409667">
        <ele>553.075565</ele>
        <time>2026-09-02T18:41:33.089Z</time>
      </trkpt>
      <trkpt lat="46.054978" lon="11.409456">
        <ele>540.974238</ele>
        <time>2026-09-02T18:41:36.692Z</time>
      </trkpt>
      <trkpt lat="46.054763" lon="11.409346">
        <ele>537.181150</ele>
        <time>2026-09-02T18:41:37.834Z</time>
      </trkpt>
      <trkpt lat="46.054595" lon="11.409296">
        <ele>534.430174</ele>
        <time>2026-09-02T18:41:38.686Z</time>
      </trkpt>
      <trkpt lat="46.054302" lon="11.409331">
        <ele>531.043146</ele>
        <time>2026-09-02T18:41:40.152Z</time>
      </trkpt>
      <trkpt lat="46.054165" lon="11.409387">
        <ele>529.402593</ele>
        <time>2026-09-02T18:41:40.863Z</time>
      </trkpt>
      <trkpt lat="46.053801" lon="11.409450">
        <ele>525.179062</ele>
        <time>2026-09-02T18:41:42.701Z</time>
      </trkpt>
      <trkpt lat="46.053588" lon="11.409341">
        <ele>522.575090</ele>
        <time>2026-09-02T18:41:43.838Z</time>
      </trkpt>
      <trkpt lat="46.053238" lon="11.409028">
        <ele>517.829568</ele>
        <time>2026-09-02T18:41:45.957Z</time>
      </trkpt>
      <trkpt lat="46.052773" lon="11.408356">
        <ele>513.591412</ele>
        <time>2026-09-02T18:41:49.531Z</time>
      </trkpt>
      <trkpt lat="46.052661" lon="11.408243">
        <ele>513.443958</ele>
        <time>2026-09-02T18:41:50.376Z</time>
      </trkpt>
      <trkpt lat="46.052495" lon="11.408110">
        <ele>513.239118</ele>
        <time>2026-09-02T18:41:51.691Z</time>
      </trkpt>
      <trkpt lat="46.052285" lon="11.408008">
        <ele>513.000120</ele>
        <time>2026-09-02T18:41:53.491Z</time>
      </trkpt>
      <trkpt lat="46.052210" lon="11.407970">
        <ele>512.914380</ele>
        <time>2026-09-02T18:41:54.367Z</time>
      </trkpt>
      <trkpt lat="46.051890" lon="11.407821">
        <ele>512.551700</ele>
        <time>2026-09-02T18:41:58.420Z</time>
      </trkpt>
      <trkpt lat="46.051784" lon="11.407773">
        <ele>512.431870</ele>
        <time>2026-09-02T18:41:59.919Z</time>
      </trkpt>
      <trkpt lat="46.051754" lon="11.407759">
        <ele>512.397862</ele>
        <time>2026-09-02T18:42:00.409Z</time>
      </trkpt>
      <trkpt lat="46.051183" lon="11.407461">
        <ele>512.159651</ele>
        <time>2026-09-02T18:42:09.229Z</time>
      </trkpt>
      <trkpt lat="46.050901" lon="11.407175">
        <ele>512.396492</ele>
        <time>2026-09-02T18:42:14.546Z</time>
      </trkpt>
      <trkpt lat="46.050862" lon="11.407140">
        <ele>512.428047</ele>
        <time>2026-09-02T18:42:15.075Z</time>
      </trkpt>
      <trkpt lat="46.050230" lon="11.406732">
        <ele>512.903675</ele>
        <time>2026-09-02T18:42:22.967Z</time>
      </trkpt>
      <trkpt lat="46.050077" lon="11.406673">
        <ele>513.012453</ele>
        <time>2026-09-02T18:42:24.467Z</time>
      </trkpt>
      <trkpt lat="46.049984" lon="11.406685">
        <ele>513.076580</ele>
        <time>2026-09-02T18:42:25.219Z</time>
      </trkpt>
      <trkpt lat="46.049861" lon="11.406755">
        <ele>513.167406</ele>
        <time>2026-09-02T18:42:26.172Z</time>
      </trkpt>
      <trkpt lat="46.049750" lon="11.406726">
        <ele>513.165404</ele>
        <time>2026-09-02T18:42:26.930Z</time>
      </trkpt>
      <trkpt lat="46.049643" lon="11.406569">
        <ele>512.579912</ele>
        <time>2026-09-02T18:42:27.900Z</time>
      </trkpt>
      <trkpt lat="46.049512" lon="11.406263">
        <ele>511.623255</ele>
        <time>2026-09-02T18:42:29.393Z</time>
      </trkpt>
      <trkpt lat="46.049442" lon="11.406146">
        <ele>511.212229</ele>
        <time>2026-09-02T18:42:30.006Z</time>
      </trkpt>
      <trkpt lat="46.049161" lon="11.405873">
        <ele>509.912886</ele>
        <time>2026-09-02T18:42:32.000Z</time>
      </trkpt>
      <trkpt lat="46.048681" lon="11.405497">
        <ele>507.818244</ele>
        <time>2026-09-02T18:42:35.300Z</time>
      </trkpt>
      <trkpt lat="46.048646" lon="11.405480">
        <ele>507.676639</ele>
        <time>2026-09-02T18:42:35.506Z</time>
      </trkpt>
      <trkpt lat="46.048563" lon="11.405202">
        <ele>506.871372</ele>
        <time>2026-09-02T18:42:36.673Z</time>
      </trkpt>
      <trkpt lat="46.048394" lon="11.404792">
        <ele>504.779265</ele>
        <time>2026-09-02T18:42:38.474Z</time>
      </trkpt>
      <trkpt lat="46.048378" lon="11.404707">
        <ele>504.282269</ele>
        <time>2026-09-02T18:42:38.810Z</time>
      </trkpt>
      <trkpt lat="46.048322" lon="11.404736">
        <ele>503.798430</ele>
        <time>2026-09-02T18:42:39.126Z</time>
      </trkpt>
      <trkpt lat="46.047947" lon="11.405429">
        <ele>498.839566</ele>
        <time>2026-09-02T18:42:42.429Z</time>
      </trkpt>
      <trkpt lat="46.047485" lon="11.406330">
        <ele>492.517925</ele>
        <time>2026-09-02T18:42:46.463Z</time>
      </trkpt>
      <trkpt lat="46.046934" lon="11.407560">
        <ele>483.017732</ele>
        <time>2026-09-02T18:42:51.655Z</time>
      </trkpt>
      <trkpt lat="46.046648" lon="11.408306">
        <ele>477.409254</ele>
        <time>2026-09-02T18:42:54.725Z</time>
      </trkpt>
      <trkpt lat="46.046437" lon="11.408780">
        <ele>474.111638</ele>
        <time>2026-09-02T18:42:56.832Z</time>
      </trkpt>
      <trkpt lat="46.045998" lon="11.408163">
        <ele>470.781223</ele>
        <time>2026-09-02T18:43:00.261Z</time>
      </trkpt>
      <trkpt lat="46.045642" lon="11.407679">
        <ele>468.123123</ele>
        <time>2026-09-02T18:43:03.092Z</time>
      </trkpt>
      <trkpt lat="46.045574" lon="11.407625">
        <ele>467.701472</ele>
        <time>2026-09-02T18:43:03.556Z</time>
      </trkpt>
      <trkpt lat="46.044862" lon="11.407106">
        <ele>463.025238</ele>
        <time>2026-09-02T18:43:08.077Z</time>
      </trkpt>
      <trkpt lat="46.044843" lon="11.407091">
        <ele>462.881084</ele>
        <time>2026-09-02T18:43:08.198Z</time>
      </trkpt>
      <trkpt lat="46.044776" lon="11.407032">
        <ele>462.358618</ele>
        <time>2026-09-02T18:43:08.623Z</time>
      </trkpt>
      <trkpt lat="46.044357" lon="11.406659">
        <ele>459.081506</ele>
        <time>2026-09-02T18:43:11.263Z</time>
      </trkpt>
      <trkpt lat="46.043660" lon="11.405942">
        <ele>453.383121</ele>
        <time>2026-09-02T18:43:15.868Z</time>
      </trkpt>
      <trkpt lat="46.043058" lon="11.405339">
        <ele>448.508180</ele>
        <time>2026-09-02T18:43:19.813Z</time>
      </trkpt>
      <trkpt lat="46.042590" lon="11.404750">
        <ele>444.376732</ele>
        <time>2026-09-02T18:43:23.183Z</time>
      </trkpt>
      <trkpt lat="46.041666" lon="11.403083">
        <ele>435.490043</ele>
        <time>2026-09-02T18:43:31.315Z</time>
      </trkpt>
      <trkpt lat="46.041475" lon="11.402793">
        <ele>433.919870</ele>
        <time>2026-09-02T18:43:32.857Z</time>
      </trkpt>
      <trkpt lat="46.041249" lon="11.402491">
        <ele>432.175637</ele>
        <time>2026-09-02T18:43:34.576Z</time>
      </trkpt>
      <trkpt lat="46.040222" lon="11.401121">
        <ele>426.343357</ele>
        <time>2026-09-02T18:43:42.609Z</time>
      </trkpt>
      <trkpt lat="46.038832" lon="11.399475">
        <ele>421.281530</ele>
        <time>2026-09-02T18:43:54.050Z</time>
      </trkpt>
      <trkpt lat="46.038621" lon="11.399274">
        <ele>420.716173</ele>
        <time>2026-09-02T18:43:55.742Z</time>
      </trkpt>
      <trkpt lat="46.038498" lon="11.399197">
        <ele>420.416439</ele>
        <time>2026-09-02T18:43:56.640Z</time>
      </trkpt>
      <trkpt lat="46.038485" lon="11.399112">
        <ele>420.281403</ele>
        <time>2026-09-02T18:43:57.049Z</time>
      </trkpt>
      <trkpt lat="46.038387" lon="11.399000">
        <ele>420.001821</ele>
        <time>2026-09-02T18:43:57.889Z</time>
      </trkpt>
      <trkpt lat="46.037077" lon="11.397631">
        <ele>417.384631</ele>
        <time>2026-09-02T18:44:08.857Z</time>
      </trkpt>
      <trkpt lat="46.036857" lon="11.397448">
        <ele>416.985654</ele>
        <time>2026-09-02T18:44:10.628Z</time>
      </trkpt>
      <trkpt lat="46.036487" lon="11.397261">
        <ele>416.978989</ele>
        <time>2026-09-02T18:44:13.480Z</time>
      </trkpt>
      <trkpt lat="46.036413" lon="11.397267">
        <ele>416.977729</ele>
        <time>2026-09-02T18:44:14.043Z</time>
      </trkpt>
      <trkpt lat="46.036119" lon="11.396897">
        <ele>416.971093</ele>
        <time>2026-09-02T18:44:17.153Z</time>
      </trkpt>
      <trkpt lat="46.035183" lon="11.395835">
        <ele>417.337907</ele>
        <time>2026-09-02T18:44:29.693Z</time>
      </trkpt>
      <trkpt lat="46.034525" lon="11.395036">
        <ele>418.642864</ele>
        <time>2026-09-02T18:44:41.082Z</time>
      </trkpt>
      <trkpt lat="46.034183" lon="11.394540">
        <ele>419.378763</ele>
        <time>2026-09-02T18:44:46.968Z</time>
      </trkpt>
      <trkpt lat="46.033996" lon="11.394192">
        <ele>419.840869</ele>
        <time>2026-09-02T18:44:51.197Z</time>
      </trkpt>
      <trkpt lat="46.033693" lon="11.393594">
        <ele>420.614609</ele>
        <time>2026-09-02T18:44:58.366Z</time>
      </trkpt>
      <trkpt lat="46.033609" lon="11.393372">
        <ele>420.878851</ele>
        <time>2026-09-02T18:45:00.635Z</time>
      </trkpt>
      <trkpt lat="46.033602" lon="11.393314">
        <ele>420.940377</ele>
        <time>2026-09-02T18:45:01.154Z</time>
      </trkpt>
      <trkpt lat="46.033516" lon="11.392898">
        <ele>421.394018</ele>
        <time>2026-09-02T18:45:04.727Z</time>
      </trkpt>
      <trkpt lat="46.033439" lon="11.392703">
        <ele>421.628478</ele>
        <time>2026-09-02T18:45:06.354Z</time>
      </trkpt>
      <trkpt lat="46.032940" lon="11.392020">
        <ele>422.709101</ele>
        <time>2026-09-02T18:45:14.537Z</time>
      </trkpt>
      <trkpt lat="46.032771" lon="11.391768">
        <ele>423.134442</ele>
        <time>2026-09-02T18:45:17.624Z</time>
      </trkpt>
      <trkpt lat="46.032530" lon="11.391456">
        <ele>423.701052</ele>
        <time>2026-09-02T18:45:21.200Z</time>
      </trkpt>
      <trkpt lat="46.032220" lon="11.390958">
        <ele>424.513043</ele>
        <time>2026-09-02T18:45:26.940Z</time>
      </trkpt>
      <trkpt lat="46.031624" lon="11.390089">
        <ele>425.835936</ele>
        <time>2026-09-02T18:45:40.229Z</time>
      </trkpt>
      <trkpt lat="46.031609" lon="11.390067">
        <ele>425.860366</ele>
        <time>2026-09-02T18:45:40.541Z</time>
      </trkpt>
      <trkpt lat="46.031225" lon="11.389470">
        <ele>426.505136</ele>
        <time>2026-09-02T18:45:48.404Z</time>
      </trkpt>
      <trkpt lat="46.030890" lon="11.388875">
        <ele>427.112060</ele>
        <time>2026-09-02T18:45:54.015Z</time>
      </trkpt>
      <trkpt lat="46.030565" lon="11.388323">
        <ele>427.535125</ele>
        <time>2026-09-02T18:45:58.145Z</time>
      </trkpt>
      <trkpt lat="46.030183" lon="11.387655">
        <ele>427.164882</ele>
        <time>2026-09-02T18:46:02.489Z</time>
      </trkpt>
      <trkpt lat="46.030060" lon="11.387380">
        <ele>427.024931</ele>
        <time>2026-09-02T18:46:04.124Z</time>
      </trkpt>
      <trkpt lat="46.030032" lon="11.387314">
        <ele>426.991841</ele>
        <time>2026-09-02T18:46:04.531Z</time>
      </trkpt>
      <trkpt lat="46.029927" lon="11.387062">
        <ele>426.866105</ele>
        <time>2026-09-02T18:46:06.093Z</time>
      </trkpt>
      <trkpt lat="46.029857" lon="11.386820">
        <ele>426.753947</ele>
        <time>2026-09-02T18:46:07.563Z</time>
      </trkpt>
      <trkpt lat="46.029785" lon="11.386569">
        <ele>426.637759</ele>
        <time>2026-09-02T18:46:09.123Z</time>
      </trkpt>
      <trkpt lat="46.029512" lon="11.385306">
        <ele>426.254895</ele>
        <time>2026-09-02T18:46:16.889Z</time>
      </trkpt>
      <trkpt lat="46.029456" lon="11.384592">
        <ele>426.085522</ele>
        <time>2026-09-02T18:46:21.002Z</time>
      </trkpt>
      <trkpt lat="46.029396" lon="11.383542">
        <ele>425.824386</ele>
        <time>2026-09-02T18:46:26.791Z</time>
      </trkpt>
      <trkpt lat="46.029381" lon="11.382855">
        <ele>425.596923</ele>
        <time>2026-09-02T18:46:30.684Z</time>
      </trkpt>
      <trkpt lat="46.029254" lon="11.381714">
        <ele>425.214505</ele>
        <time>2026-09-02T18:46:37.138Z</time>
      </trkpt>
      <trkpt lat="46.029211" lon="11.381317">
        <ele>425.081535</ele>
        <time>2026-09-02T18:46:39.343Z</time>
      </trkpt>
      <trkpt lat="46.029158" lon="11.380611">
        <ele>424.777132</ele>
        <time>2026-09-02T18:46:43.211Z</time>
      </trkpt>
      <trkpt lat="46.029156" lon="11.379821">
        <ele>424.405722</ele>
        <time>2026-09-02T18:46:47.452Z</time>
      </trkpt>
      <trkpt lat="46.029175" lon="11.379435">
        <ele>424.223794</ele>
        <time>2026-09-02T18:46:49.422Z</time>
      </trkpt>
      <trkpt lat="46.029349" lon="11.378431">
        <ele>423.814766</ele>
        <time>2026-09-02T18:46:54.913Z</time>
      </trkpt>
      <trkpt lat="46.029429" lon="11.377840">
        <ele>423.921282</ele>
        <time>2026-09-02T18:46:58.201Z</time>
      </trkpt>
      <trkpt lat="46.029423" lon="11.377585">
        <ele>423.966417</ele>
        <time>2026-09-02T18:46:59.676Z</time>
      </trkpt>
      <trkpt lat="46.029362" lon="11.377181">
        <ele>424.039555</ele>
        <time>2026-09-02T18:47:02.221Z</time>
      </trkpt>
      <trkpt lat="46.029236" lon="11.376731">
        <ele>424.125389</ele>
        <time>2026-09-02T18:47:05.584Z</time>
      </trkpt>
      <trkpt lat="46.029099" lon="11.376445">
        <ele>424.186856</ele>
        <time>2026-09-02T18:47:08.253Z</time>
      </trkpt>
      <trkpt lat="46.028933" lon="11.376194">
        <ele>424.248178</ele>
        <time>2026-09-02T18:47:11.119Z</time>
      </trkpt>
      <trkpt lat="46.028614" lon="11.375771">
        <ele>425.539710</ele>
        <time>2026-09-02T18:47:16.599Z</time>
      </trkpt>
      <trkpt lat="46.028432" lon="11.375546">
        <ele>426.276675</ele>
        <time>2026-09-02T18:47:19.822Z</time>
      </trkpt>
      <trkpt lat="46.028042" lon="11.375070">
        <ele>427.847386</ele>
        <time>2026-09-02T18:47:27.881Z</time>
      </trkpt>
      <trkpt lat="46.027758" lon="11.374672">
        <ele>429.064918</ele>
        <time>2026-09-02T18:47:35.289Z</time>
      </trkpt>
      <trkpt lat="46.027678" lon="11.374527">
        <ele>429.460026</ele>
        <time>2026-09-02T18:47:37.965Z</time>
      </trkpt>
      <trkpt lat="46.027674" lon="11.374519">
        <ele>429.481058</ele>
        <time>2026-09-02T18:47:38.111Z</time>
      </trkpt>
      <trkpt lat="46.027277" lon="11.373777">
        <ele>433.408271</ele>
        <time>2026-09-02T18:47:52.651Z</time>
      </trkpt>
      <trkpt lat="46.027105" lon="11.373417">
        <ele>435.397618</ele>
        <time>2026-09-02T18:48:00.173Z</time>
      </trkpt>
      <trkpt lat="46.027028" lon="11.373232">
        <ele>436.379522</ele>
        <time>2026-09-02T18:48:04.094Z</time>
      </trkpt>
      <trkpt lat="46.026908" lon="11.372944">
        <ele>437.908547</ele>
        <time>2026-09-02T18:48:10.380Z</time>
      </trkpt>
      <trkpt lat="46.026684" lon="11.372547">
        <ele>440.237322</ele>
        <time>2026-09-02T18:48:20.053Z</time>
      </trkpt>
      <trkpt lat="46.026292" lon="11.372030">
        <ele>443.875743</ele>
        <time>2026-09-02T18:48:34.431Z</time>
      </trkpt>
      <trkpt lat="46.025757" lon="11.371523">
        <ele>448.374270</ele>
        <time>2026-09-02T18:48:50.723Z</time>
      </trkpt>
      <trkpt lat="46.025658" lon="11.371427">
        <ele>449.212604</ele>
        <time>2026-09-02T18:48:53.769Z</time>
      </trkpt>
      <trkpt lat="46.025309" lon="11.371042">
        <ele>452.300571</ele>
        <time>2026-09-02T18:49:04.916Z</time>
      </trkpt>
      <trkpt lat="46.025054" lon="11.370721">
        <ele>454.615315</ele>
        <time>2026-09-02T18:49:13.514Z</time>
      </trkpt>
      <trkpt lat="46.024998" lon="11.370642">
        <ele>455.091379</ele>
        <time>2026-09-02T18:49:15.491Z</time>
      </trkpt>
      <trkpt lat="46.024761" lon="11.370304">
        <ele>457.116980</ele>
        <time>2026-09-02T18:49:24.015Z</time>
      </trkpt>
      <trkpt lat="46.024465" lon="11.369870">
        <ele>459.682278</ele>
        <time>2026-09-02T18:49:34.572Z</time>
      </trkpt>
      <trkpt lat="46.024328" lon="11.369667">
        <ele>460.876016</ele>
        <time>2026-09-02T18:49:39.366Z</time>
      </trkpt>
      <trkpt lat="46.023982" lon="11.369188">
        <ele>463.790685</ele>
        <time>2026-09-02T18:49:50.615Z</time>
      </trkpt>
      <trkpt lat="46.023884" lon="11.369067">
        <ele>464.574627</ele>
        <time>2026-09-02T18:49:53.464Z</time>
      </trkpt>
      <trkpt lat="46.023655" lon="11.368785">
        <ele>465.614848</ele>
        <time>2026-09-02T18:49:59.194Z</time>
      </trkpt>
      <trkpt lat="46.023579" lon="11.368702">
        <ele>465.835603</ele>
        <time>2026-09-02T18:50:00.799Z</time>
      </trkpt>
      <trkpt lat="46.023444" lon="11.368473">
        <ele>466.318373</ele>
        <time>2026-09-02T18:50:04.148Z</time>
      </trkpt>
      <trkpt lat="46.023357" lon="11.368300">
        <ele>466.661657</ele>
        <time>2026-09-02T18:50:06.521Z</time>
      </trkpt>
      <trkpt lat="46.023110" lon="11.367843">
        <ele>467.592363</ele>
        <time>2026-09-02T18:50:12.356Z</time>
      </trkpt>
      <trkpt lat="46.022943" lon="11.367586">
        <ele>468.158034</ele>
        <time>2026-09-02T18:50:15.192Z</time>
      </trkpt>
      <trkpt lat="46.022819" lon="11.367387">
        <ele>468.587738</ele>
        <time>2026-09-02T18:50:17.055Z</time>
      </trkpt>
      <trkpt lat="46.022746" lon="11.367247">
        <ele>468.869107</ele>
        <time>2026-09-02T18:50:18.299Z</time>
      </trkpt>
      <trkpt lat="46.022707" lon="11.367166">
        <ele>469.027516</ele>
        <time>2026-09-02T18:50:19.085Z</time>
      </trkpt>
      <trkpt lat="46.022589" lon="11.366898">
        <ele>469.293236</ele>
        <time>2026-09-02T18:50:21.239Z</time>
      </trkpt>
      <trkpt lat="46.022381" lon="11.366456">
        <ele>469.299183</ele>
        <time>2026-09-02T18:50:24.816Z</time>
      </trkpt>
      <trkpt lat="46.022252" lon="11.366133">
        <ele>469.303334</ele>
        <time>2026-09-02T18:50:27.703Z</time>
      </trkpt>
      <trkpt lat="46.022173" lon="11.365941">
        <ele>469.305819</ele>
        <time>2026-09-02T18:50:29.489Z</time>
      </trkpt>
      <trkpt lat="46.022028" lon="11.365570">
        <ele>469.310561</ele>
        <time>2026-09-02T18:50:32.429Z</time>
      </trkpt>
      <trkpt lat="46.021824" lon="11.365024">
        <ele>469.317467</ele>
        <time>2026-09-02T18:50:35.717Z</time>
      </trkpt>
      <trkpt lat="46.021720" lon="11.364798">
        <ele>469.306889</ele>
        <time>2026-09-02T18:50:37.040Z</time>
      </trkpt>
      <trkpt lat="46.021426" lon="11.364207">
        <ele>468.260942</ele>
        <time>2026-09-02T18:50:40.540Z</time>
      </trkpt>
      <trkpt lat="46.021363" lon="11.364081">
        <ele>468.037562</ele>
        <time>2026-09-02T18:50:41.277Z</time>
      </trkpt>
      <trkpt lat="46.021243" lon="11.363844">
        <ele>467.615569</ele>
        <time>2026-09-02T18:50:42.639Z</time>
      </trkpt>
      <trkpt lat="46.021208" lon="11.363774">
        <ele>467.491468</ele>
        <time>2026-09-02T18:50:43.026Z</time>
      </trkpt>
      <trkpt lat="46.021036" lon="11.363416">
        <ele>466.865146</ele>
        <time>2026-09-02T18:50:44.917Z</time>
      </trkpt>
      <trkpt lat="46.020821" lon="11.362856">
        <ele>465.944520</ele>
        <time>2026-09-02T18:50:47.665Z</time>
      </trkpt>
      <trkpt lat="46.020651" lon="11.362386">
        <ele>465.090215</ele>
        <time>2026-09-02T18:50:49.956Z</time>
      </trkpt>
      <trkpt lat="46.020479" lon="11.362062">
        <ele>464.372514</ele>
        <time>2026-09-02T18:50:51.787Z</time>
      </trkpt>
      <trkpt lat="46.020421" lon="11.361882">
        <ele>464.023311</ele>
        <time>2026-09-02T18:50:52.717Z</time>
      </trkpt>
      <trkpt lat="46.020406" lon="11.361828">
        <ele>463.920961</ele>
        <time>2026-09-02T18:50:52.984Z</time>
      </trkpt>
      <trkpt lat="46.020364" lon="11.361615">
        <ele>463.531307</ele>
        <time>2026-09-02T18:50:54.000Z</time>
      </trkpt>
      <trkpt lat="46.020280" lon="11.361147">
        <ele>462.680658</ele>
        <time>2026-09-02T18:50:56.173Z</time>
      </trkpt>
      <trkpt lat="46.020137" lon="11.360295">
        <ele>461.138139</ele>
        <time>2026-09-02T18:50:59.978Z</time>
      </trkpt>
      <trkpt lat="46.020076" lon="11.359929">
        <ele>460.463611</ele>
        <time>2026-09-02T18:51:01.577Z</time>
      </trkpt>
      <trkpt lat="46.020001" lon="11.359602">
        <ele>459.844427</ele>
        <time>2026-09-02T18:51:03.017Z</time>
      </trkpt>
      <trkpt lat="46.019887" lon="11.359254">
        <ele>459.152595</ele>
        <time>2026-09-02T18:51:04.626Z</time>
      </trkpt>
      <trkpt lat="46.019531" lon="11.358297">
        <ele>457.200560</ele>
        <time>2026-09-02T18:51:09.383Z</time>
      </trkpt>
      <trkpt lat="46.019518" lon="11.358249">
        <ele>457.107924</ele>
        <time>2026-09-02T18:51:09.623Z</time>
      </trkpt>
      <trkpt lat="46.019460" lon="11.357962">
        <ele>456.570487</ele>
        <time>2026-09-02T18:51:11.028Z</time>
      </trkpt>
      <trkpt lat="46.019459" lon="11.357765">
        <ele>456.244993</ele>
        <time>2026-09-02T18:51:11.971Z</time>
      </trkpt>
      <trkpt lat="46.019511" lon="11.357413">
        <ele>455.712538</ele>
        <time>2026-09-02T18:51:13.715Z</time>
      </trkpt>
      <trkpt lat="46.019538" lon="11.357244">
        <ele>455.455963</ele>
        <time>2026-09-02T18:51:14.558Z</time>
      </trkpt>
      <trkpt lat="46.019573" lon="11.356821">
        <ele>454.825688</ele>
        <time>2026-09-02T18:51:16.532Z</time>
      </trkpt>
      <trkpt lat="46.019573" lon="11.356496">
        <ele>454.344836</ele>
        <time>2026-09-02T18:51:17.977Z</time>
      </trkpt>
      <trkpt lat="46.019494" lon="11.356245">
        <ele>453.937106</ele>
        <time>2026-09-02T18:51:19.199Z</time>
      </trkpt>
      <trkpt lat="46.019296" lon="11.355811">
        <ele>453.168799</ele>
        <time>2026-09-02T18:51:21.518Z</time>
      </trkpt>
      <trkpt lat="46.019115" lon="11.355438">
        <ele>452.499761</ele>
        <time>2026-09-02T18:51:23.511Z</time>
      </trkpt>
      <trkpt lat="46.019048" lon="11.355311">
        <ele>452.283480</ele>
        <time>2026-09-02T18:51:24.209Z</time>
      </trkpt>
      <trkpt lat="46.018946" lon="11.355075">
        <ele>451.906529</ele>
        <time>2026-09-02T18:51:25.429Z</time>
      </trkpt>
      <trkpt lat="46.018905" lon="11.354918">
        <ele>451.679072</ele>
        <time>2026-09-02T18:51:26.166Z</time>
      </trkpt>
      <trkpt lat="46.018788" lon="11.354173">
        <ele>450.643298</ele>
        <time>2026-09-02T18:51:29.611Z</time>
      </trkpt>
      <trkpt lat="46.018772" lon="11.353888">
        <ele>450.255561</ele>
        <time>2026-09-02T18:51:30.965Z</time>
      </trkpt>
      <trkpt lat="46.018833" lon="11.352956">
        <ele>448.989255</ele>
        <time>2026-09-02T18:51:35.646Z</time>
      </trkpt>
      <trkpt lat="46.018787" lon="11.352630">
        <ele>448.567837</ele>
        <time>2026-09-02T18:51:37.213Z</time>
      </trkpt>
      <trkpt lat="46.018473" lon="11.351564">
        <ele>447.100952</ele>
        <time>2026-09-02T18:51:42.375Z</time>
      </trkpt>
      <trkpt lat="46.018391" lon="11.351063">
        <ele>446.448887</ele>
        <time>2026-09-02T18:51:44.673Z</time>
      </trkpt>
      <trkpt lat="46.018283" lon="11.349927">
        <ele>445.261399</ele>
        <time>2026-09-02T18:51:50.319Z</time>
      </trkpt>
      <trkpt lat="46.018263" lon="11.349147">
        <ele>444.619136</ele>
        <time>2026-09-02T18:51:54.718Z</time>
      </trkpt>
      <trkpt lat="46.018330" lon="11.347643">
        <ele>443.068853</ele>
        <time>2026-09-02T18:52:02.219Z</time>
      </trkpt>
      <trkpt lat="46.018366" lon="11.347178">
        <ele>442.191085</ele>
        <time>2026-09-02T18:52:04.231Z</time>
      </trkpt>
      <trkpt lat="46.018337" lon="11.346850">
        <ele>441.570773</ele>
        <time>2026-09-02T18:52:05.615Z</time>
      </trkpt>
      <trkpt lat="46.018038" lon="11.345983">
        <ele>439.754699</ele>
        <time>2026-09-02T18:52:09.634Z</time>
      </trkpt>
      <trkpt lat="46.017962" lon="11.345662">
        <ele>439.118444</ele>
        <time>2026-09-02T18:52:11.054Z</time>
      </trkpt>
      <trkpt lat="46.017958" lon="11.345414">
        <ele>438.760707</ele>
        <time>2026-09-02T18:52:12.121Z</time>
      </trkpt>
      <trkpt lat="46.018017" lon="11.344671">
        <ele>438.741761</ele>
        <time>2026-09-02T18:52:15.604Z</time>
      </trkpt>
      <trkpt lat="46.018029" lon="11.344056">
        <ele>438.726174</ele>
        <time>2026-09-02T18:52:19.336Z</time>
      </trkpt>
      <trkpt lat="46.018000" lon="11.343460">
        <ele>438.711038</ele>
        <time>2026-09-02T18:52:23.968Z</time>
      </trkpt>
      <trkpt lat="46.017950" lon="11.343082">
        <ele>438.701289</ele>
        <time>2026-09-02T18:52:27.287Z</time>
      </trkpt>
      <trkpt lat="46.017857" lon="11.342656">
        <ele>439.294514</ele>
        <time>2026-09-02T18:52:31.721Z</time>
      </trkpt>
      <trkpt lat="46.017810" lon="11.342391">
        <ele>439.923594</ele>
        <time>2026-09-02T18:52:34.730Z</time>
      </trkpt>
      <trkpt lat="46.017613" lon="11.341715">
        <ele>441.609795</ele>
        <time>2026-09-02T18:52:43.736Z</time>
      </trkpt>
      <trkpt lat="46.017237" lon="11.340461">
        <ele>444.711607</ele>
        <time>2026-09-02T18:53:01.064Z</time>
      </trkpt>
      <trkpt lat="46.017032" lon="11.339886">
        <ele>445.590988</ele>
        <time>2026-09-02T18:53:09.032Z</time>
      </trkpt>
      <trkpt lat="46.016464" lon="11.338095">
        <ele>448.075035</ele>
        <time>2026-09-02T18:53:26.570Z</time>
      </trkpt>
      <trkpt lat="46.016290" lon="11.337360">
        <ele>446.896072</ele>
        <time>2026-09-02T18:53:30.545Z</time>
      </trkpt>
      <trkpt lat="46.016248" lon="11.336968">
        <ele>446.293880</ele>
        <time>2026-09-02T18:53:32.341Z</time>
      </trkpt>
      <trkpt lat="46.016246" lon="11.336407">
        <ele>445.442134</ele>
        <time>2026-09-02T18:53:34.730Z</time>
      </trkpt>
      <trkpt lat="46.016418" lon="11.331871">
        <ele>435.171433</ele>
        <time>2026-09-02T18:53:53.175Z</time>
      </trkpt>
      <trkpt lat="46.016453" lon="11.330887">
        <ele>433.635143</ele>
        <time>2026-09-02T18:53:57.891Z</time>
      </trkpt>
      <trkpt lat="46.016472" lon="11.330449">
        <ele>432.950871</ele>
        <time>2026-09-02T18:54:00.458Z</time>
      </trkpt>
      <trkpt lat="46.016429" lon="11.329911">
        <ele>433.503514</ele>
        <time>2026-09-02T18:54:04.349Z</time>
      </trkpt>
      <trkpt lat="46.016330" lon="11.329535">
        <ele>433.916383</ele>
        <time>2026-09-02T18:54:07.527Z</time>
      </trkpt>
      <trkpt lat="46.016253" lon="11.329332">
        <ele>434.153874</ele>
        <time>2026-09-02T18:54:09.415Z</time>
      </trkpt>
      <trkpt lat="46.016103" lon="11.329080">
        <ele>434.494650</ele>
        <time>2026-09-02T18:54:12.274Z</time>
      </trkpt>
      <trkpt lat="46.015202" lon="11.327834">
        <ele>437.425497</ele>
        <time>2026-09-02T18:54:30.953Z</time>
      </trkpt>
      <trkpt lat="46.013038" lon="11.324908">
        <ele>448.630467</ele>
        <time>2026-09-02T18:55:26.972Z</time>
      </trkpt>
      <trkpt lat="46.013024" lon="11.324874">
        <ele>448.736474</ele>
        <time>2026-09-02T18:55:27.443Z</time>
      </trkpt>
      <trkpt lat="46.010954" lon="11.322362">
        <ele>455.703869</ele>
        <time>2026-09-02T18:56:06.860Z</time>
      </trkpt>
      <trkpt lat="46.010343" lon="11.321625">
        <ele>457.690656</ele>
        <time>2026-09-02T18:56:18.908Z</time>
      </trkpt>
      <trkpt lat="46.010008" lon="11.321102">
        <ele>459.057302</ele>
        <time>2026-09-02T18:56:26.336Z</time>
      </trkpt>
      <trkpt lat="46.009511" lon="11.319877">
        <ele>461.962845</ele>
        <time>2026-09-02T18:56:41.542Z</time>
      </trkpt>
      <trkpt lat="46.009307" lon="11.319193">
        <ele>463.487412</ele>
        <time>2026-09-02T18:56:50.163Z</time>
      </trkpt>
      <trkpt lat="46.009105" lon="11.317864">
        <ele>467.239550</ele>
        <time>2026-09-02T18:57:07.727Z</time>
      </trkpt>
      <trkpt lat="46.009062" lon="11.317547">
        <ele>468.130466</ele>
        <time>2026-09-02T18:57:12.109Z</time>
      </trkpt>
      <trkpt lat="46.008882" lon="11.316139">
        <ele>472.049796</ele>
        <time>2026-09-02T18:57:30.725Z</time>
      </trkpt>
      <trkpt lat="46.008859" lon="11.315964">
        <ele>472.531005</ele>
        <time>2026-09-02T18:57:32.867Z</time>
      </trkpt>
      <trkpt lat="46.008758" lon="11.315236">
        <ele>474.536788</ele>
        <time>2026-09-02T18:57:41.735Z</time>
      </trkpt>
      <trkpt lat="46.008632" lon="11.314279">
        <ele>477.168484</ele>
        <time>2026-09-02T18:57:54.447Z</time>
      </trkpt>
      <trkpt lat="46.008601" lon="11.313988">
        <ele>477.884406</ele>
        <time>2026-09-02T18:57:58.290Z</time>
      </trkpt>
      <trkpt lat="46.008572" lon="11.313810">
        <ele>478.261218</ele>
        <time>2026-09-02T18:58:00.661Z</time>
      </trkpt>
      <trkpt lat="46.008489" lon="11.313205">
        <ele>479.532200</ele>
        <time>2026-09-02T18:58:08.436Z</time>
      </trkpt>
      <trkpt lat="46.008435" lon="11.312815">
        <ele>480.351798</ele>
        <time>2026-09-02T18:58:13.316Z</time>
      </trkpt>
      <trkpt lat="46.008397" lon="11.312546">
        <ele>480.917552</ele>
        <time>2026-09-02T18:58:16.647Z</time>
      </trkpt>
      <trkpt lat="46.008337" lon="11.312096">
        <ele>481.861929</ele>
        <time>2026-09-02T18:58:21.691Z</time>
      </trkpt>
      <trkpt lat="46.008189" lon="11.311023">
        <ele>482.944911</ele>
        <time>2026-09-02T18:58:30.553Z</time>
      </trkpt>
      <trkpt lat="46.008177" lon="11.310937">
        <ele>482.941609</ele>
        <time>2026-09-02T18:58:31.106Z</time>
      </trkpt>
      <trkpt lat="46.008045" lon="11.309821">
        <ele>482.898994</ele>
        <time>2026-09-02T18:58:37.763Z</time>
      </trkpt>
      <trkpt lat="46.008046" lon="11.309697">
        <ele>482.894325</ele>
        <time>2026-09-02T18:58:38.452Z</time>
      </trkpt>
      <trkpt lat="46.008047" lon="11.309576">
        <ele>482.889770</ele>
        <time>2026-09-02T18:58:39.083Z</time>
      </trkpt>
      <trkpt lat="46.008241" lon="11.307345">
        <ele>481.281561</ele>
        <time>2026-09-02T18:58:50.236Z</time>
      </trkpt>
      <trkpt lat="46.008327" lon="11.306478">
        <ele>480.455232</ele>
        <time>2026-09-02T18:58:54.420Z</time>
      </trkpt>
      <trkpt lat="46.008426" lon="11.305369">
        <ele>478.956787</ele>
        <time>2026-09-02T18:58:59.554Z</time>
      </trkpt>
      <trkpt lat="46.008627" lon="11.303236">
        <ele>476.392063</ele>
        <time>2026-09-02T18:59:09.353Z</time>
      </trkpt>
      <trkpt lat="46.008750" lon="11.302383">
        <ele>475.677591</ele>
        <time>2026-09-02T18:59:13.501Z</time>
      </trkpt>
      <trkpt lat="46.008856" lon="11.301881">
        <ele>475.247290</ele>
        <time>2026-09-02T18:59:16.202Z</time>
      </trkpt>
      <trkpt lat="46.009016" lon="11.301382">
        <ele>474.799641</ele>
        <time>2026-09-02T18:59:19.337Z</time>
      </trkpt>
      <trkpt lat="46.009202" lon="11.300888">
        <ele>474.693755</ele>
        <time>2026-09-02T18:59:23.268Z</time>
      </trkpt>
      <trkpt lat="46.009526" lon="11.300225">
        <ele>474.540996</ele>
        <time>2026-09-02T18:59:29.750Z</time>
      </trkpt>
      <trkpt lat="46.010021" lon="11.299194">
        <ele>474.145731</ele>
        <time>2026-09-02T18:59:36.801Z</time>
      </trkpt>
      <trkpt lat="46.010042" lon="11.299147">
        <ele>473.919131</ele>
        <time>2026-09-02T18:59:37.049Z</time>
      </trkpt>
      <trkpt lat="46.010100" lon="11.299012">
        <ele>473.275482</ele>
        <time>2026-09-02T18:59:37.742Z</time>
      </trkpt>
      <trkpt lat="46.010189" lon="11.298787">
        <ele>472.225590</ele>
        <time>2026-09-02T18:59:38.825Z</time>
      </trkpt>
      <trkpt lat="46.010231" lon="11.298796">
        <ele>471.977692</ele>
        <time>2026-09-02T18:59:39.079Z</time>
      </trkpt>
      <trkpt lat="46.010308" lon="11.298724">
        <ele>471.441685</ele>
        <time>2026-09-02T18:59:39.612Z</time>
      </trkpt>
      <trkpt lat="46.010318" lon="11.298640">
        <ele>471.096125</ele>
        <time>2026-09-02T18:59:39.952Z</time>
      </trkpt>
      <trkpt lat="46.010300" lon="11.298580">
        <ele>470.831118</ele>
        <time>2026-09-02T18:59:40.216Z</time>
      </trkpt>
      <trkpt lat="46.010268" lon="11.298539">
        <ele>470.581044</ele>
        <time>2026-09-02T18:59:40.452Z</time>
      </trkpt>
      <trkpt lat="46.010210" lon="11.298525">
        <ele>470.237713</ele>
        <time>2026-09-02T18:59:40.783Z</time>
      </trkpt>
      <trkpt lat="46.010157" lon="11.298563">
        <ele>469.892056</ele>
        <time>2026-09-02T18:59:41.111Z</time>
      </trkpt>
      <trkpt lat="46.010076" lon="11.298509">
        <ele>469.370945</ele>
        <time>2026-09-02T18:59:41.603Z</time>
      </trkpt>
      <trkpt lat="46.010036" lon="11.298493">
        <ele>469.128580</ele>
        <time>2026-09-02T18:59:41.829Z</time>
      </trkpt>
      <trkpt lat="46.009883" lon="11.298437">
        <ele>468.206951</ele>
        <time>2026-09-02T18:59:42.687Z</time>
      </trkpt>
      <trkpt lat="46.009435" lon="11.298305">
        <ele>465.537309</ele>
        <time>2026-09-02T18:59:45.107Z</time>
      </trkpt>
      <trkpt lat="46.009288" lon="11.298182">
        <ele>464.544723</ele>
        <time>2026-09-02T18:59:45.992Z</time>
      </trkpt>
      <trkpt lat="46.009166" lon="11.298028">
        <ele>463.559613</ele>
        <time>2026-09-02T18:59:46.838Z</time>
      </trkpt>
      <trkpt lat="46.009048" lon="11.297770">
        <ele>462.085724</ele>
        <time>2026-09-02T18:59:47.955Z</time>
      </trkpt>
      <trkpt lat="46.008985" lon="11.297527">
        <ele>460.848185</ele>
        <time>2026-09-02T18:59:48.901Z</time>
      </trkpt>
      <trkpt lat="46.008859" lon="11.297039">
        <ele>458.364161</ele>
        <time>2026-09-02T18:59:50.824Z</time>
      </trkpt>
      <trkpt lat="46.008711" lon="11.296470">
        <ele>455.465215</ele>
        <time>2026-09-02T18:59:53.105Z</time>
      </trkpt>
      <trkpt lat="46.008601" lon="11.296042">
        <ele>453.287809</ele>
        <time>2026-09-02T18:59:54.857Z</time>
      </trkpt>
      <trkpt lat="46.008535" lon="11.295786">
        <ele>451.984942</ele>
        <time>2026-09-02T18:59:55.925Z</time>
      </trkpt>
      <trkpt lat="46.008509" lon="11.295687">
        <ele>451.479950</ele>
        <time>2026-09-02T18:59:56.344Z</time>
      </trkpt>
      <trkpt lat="46.008403" lon="11.295291">
        <ele>450.477892</ele>
        <time>2026-09-02T18:59:58.042Z</time>
      </trkpt>
      <trkpt lat="46.007967" lon="11.294083">
        <ele>447.302354</ele>
        <time>2026-09-02T19:00:03.764Z</time>
      </trkpt>
      <trkpt lat="46.007810" lon="11.293709">
        <ele>446.282992</ele>
        <time>2026-09-02T19:00:05.671Z</time>
      </trkpt>
      <trkpt lat="46.007528" lon="11.293198">
        <ele>445.134222</ele>
        <time>2026-09-02T19:00:08.611Z</time>
      </trkpt>
      <trkpt lat="46.007503" lon="11.293109">
        <ele>445.038019</ele>
        <time>2026-09-02T19:00:09.042Z</time>
      </trkpt>
      <trkpt lat="46.007580" lon="11.292990">
        <ele>444.875042</ele>
        <time>2026-09-02T19:00:09.780Z</time>
      </trkpt>
      <trkpt lat="46.007581" lon="11.292863">
        <ele>444.747769</ele>
        <time>2026-09-02T19:00:10.365Z</time>
      </trkpt>
      <trkpt lat="46.007529" lon="11.292760">
        <ele>444.620169</ele>
        <time>2026-09-02T19:00:10.948Z</time>
      </trkpt>
      <trkpt lat="46.007483" lon="11.292729">
        <ele>444.546892</ele>
        <time>2026-09-02T19:00:11.293Z</time>
      </trkpt>
      <trkpt lat="46.007384" lon="11.292745">
        <ele>444.403162</ele>
        <time>2026-09-02T19:00:11.967Z</time>
      </trkpt>
      <trkpt lat="46.007317" lon="11.292852">
        <ele>444.258798</ele>
        <time>2026-09-02T19:00:12.658Z</time>
      </trkpt>
      <trkpt lat="46.007186" lon="11.292798">
        <ele>444.062203</ele>
        <time>2026-09-02T19:00:13.604Z</time>
      </trkpt>
      <trkpt lat="46.007074" lon="11.292672">
        <ele>443.857134</ele>
        <time>2026-09-02T19:00:14.614Z</time>
      </trkpt>
      <trkpt lat="46.006786" lon="11.292326">
        <ele>443.315960</ele>
        <time>2026-09-02T19:00:17.377Z</time>
      </trkpt>
      <trkpt lat="46.006345" lon="11.291786">
        <ele>442.870909</ele>
        <time>2026-09-02T19:00:21.806Z</time>
      </trkpt>
      <trkpt lat="46.006162" lon="11.291563">
        <ele>442.922075</ele>
        <time>2026-09-02T19:00:23.729Z</time>
      </trkpt>
      <trkpt lat="46.006146" lon="11.291546">
        <ele>442.926319</ele>
        <time>2026-09-02T19:00:23.891Z</time>
      </trkpt>
      <trkpt lat="46.006090" lon="11.291480">
        <ele>442.941764</ele>
        <time>2026-09-02T19:00:24.507Z</time>
      </trkpt>
      <trkpt lat="46.006011" lon="11.291392">
        <ele>442.963081</ele>
        <time>2026-09-02T19:00:25.423Z</time>
      </trkpt>
      <trkpt lat="46.005629" lon="11.290937">
        <ele>443.068888</ele>
        <time>2026-09-02T19:00:30.398Z</time>
      </trkpt>
      <trkpt lat="46.005666" lon="11.290893">
        <ele>443.079129</ele>
        <time>2026-09-02T19:00:30.911Z</time>
      </trkpt>
      <trkpt lat="46.005748" lon="11.289983">
        <ele>443.263966</ele>
        <time>2026-09-02T19:00:37.590Z</time>
      </trkpt>
      <trkpt lat="46.005902" lon="11.286275">
        <ele>449.605046</ele>
        <time>2026-09-02T19:01:08.436Z</time>
      </trkpt>
      <trkpt lat="46.005972" lon="11.284931">
        <ele>454.402113</ele>
        <time>2026-09-02T19:01:33.206Z</time>
      </trkpt>
      <trkpt lat="46.006218" lon="11.283811">
        <ele>463.294784</ele>
        <time>2026-09-02T19:02:03.584Z</time>
      </trkpt>
      <trkpt lat="46.006257" lon="11.283073">
        <ele>469.015210</ele>
        <time>2026-09-02T19:02:24.029Z</time>
      </trkpt>
      <trkpt lat="46.006238" lon="11.282398">
        <ele>474.236510</ele>
        <time>2026-09-02T19:02:40.456Z</time>
      </trkpt>
      <trkpt lat="46.006231" lon="11.282049">
        <ele>476.792400</ele>
        <time>2026-09-02T19:02:48.680Z</time>
      </trkpt>
      <trkpt lat="46.006303" lon="11.281750">
        <ele>479.090444</ele>
        <time>2026-09-02T19:02:56.059Z</time>
      </trkpt>
      <trkpt lat="46.006468" lon="11.281252">
        <ele>483.097152</ele>
        <time>2026-09-02T19:03:09.218Z</time>
      </trkpt>
      <trkpt lat="46.006797" lon="11.279957">
        <ele>493.110361</ele>
        <time>2026-09-02T19:03:41.194Z</time>
      </trkpt>
      <trkpt lat="46.007057" lon="11.279393">
        <ele>497.619701</ele>
        <time>2026-09-02T19:03:58.037Z</time>
      </trkpt>
      <trkpt lat="46.007735" lon="11.278169">
        <ele>507.994299</ele>
        <time>2026-09-02T19:04:33.112Z</time>
      </trkpt>
      <trkpt lat="46.008135" lon="11.277019">
        <ele>515.451767</ele>
        <time>2026-09-02T19:04:57.711Z</time>
      </trkpt>
      <trkpt lat="46.008622" lon="11.276191">
        <ele>521.360034</ele>
        <time>2026-09-02T19:05:17.814Z</time>
      </trkpt>
      <trkpt lat="46.009088" lon="11.275612">
        <ele>526.206944</ele>
        <time>2026-09-02T19:05:34.933Z</time>
      </trkpt>
      <trkpt lat="46.009614" lon="11.274863">
        <ele>532.086208</ele>
        <time>2026-09-02T19:05:57.218Z</time>
      </trkpt>
      <trkpt lat="46.009836" lon="11.274361">
        <ele>535.371048</ele>
        <time>2026-09-02T19:06:10.238Z</time>
      </trkpt>
      <trkpt lat="46.010231" lon="11.273063">
        <ele>538.953261</ele>
        <time>2026-09-02T19:06:34.373Z</time>
      </trkpt>
      <trkpt lat="46.010429" lon="11.272624">
        <ele>538.964861</ele>
        <time>2026-09-02T19:06:37.874Z</time>
      </trkpt>
      <trkpt lat="46.010656" lon="11.272203">
        <ele>538.976673</ele>
        <time>2026-09-02T19:06:40.072Z</time>
      </trkpt>
      <trkpt lat="46.010790" lon="11.272097">
        <ele>538.981552</ele>
        <time>2026-09-02T19:06:40.922Z</time>
      </trkpt>
      <trkpt lat="46.010976" lon="11.272097">
        <ele>538.987487</ele>
        <time>2026-09-02T19:06:41.940Z</time>
      </trkpt>
      <trkpt lat="46.011144" lon="11.272177">
        <ele>538.993134</ele>
        <time>2026-09-02T19:06:42.902Z</time>
      </trkpt>
      <trkpt lat="46.011536" lon="11.272518">
        <ele>541.406630</ele>
        <time>2026-09-02T19:06:45.535Z</time>
      </trkpt>
      <trkpt lat="46.011802" lon="11.272959">
        <ele>543.608672</ele>
        <time>2026-09-02T19:06:50.668Z</time>
      </trkpt>
      <trkpt lat="46.011949" lon="11.272971">
        <ele>544.407905</ele>
        <time>2026-09-02T19:06:54.131Z</time>
      </trkpt>
      <trkpt lat="46.012048" lon="11.272897">
        <ele>545.013398</ele>
        <time>2026-09-02T19:06:57.358Z</time>
      </trkpt>
      <trkpt lat="46.012086" lon="11.272806">
        <ele>545.413701</ele>
        <time>2026-09-02T19:06:59.737Z</time>
      </trkpt>
      <trkpt lat="46.012109" lon="11.272645">
        <ele>546.033370</ele>
        <time>2026-09-02T19:07:03.860Z</time>
      </trkpt>
      <trkpt lat="46.012071" lon="11.272119">
        <ele>548.027063</ele>
        <time>2026-09-02T19:07:20.339Z</time>
      </trkpt>
      <trkpt lat="46.012002" lon="11.271820">
        <ele>549.557550</ele>
        <time>2026-09-02T19:07:30.958Z</time>
      </trkpt>
      <trkpt lat="46.011997" lon="11.271797">
        <ele>549.716410</ele>
        <time>2026-09-02T19:07:31.774Z</time>
      </trkpt>
      <trkpt lat="46.011840" lon="11.271068">
        <ele>554.747400</ele>
        <time>2026-09-02T19:07:56.841Z</time>
      </trkpt>
      <trkpt lat="46.011794" lon="11.270617">
        <ele>557.752094</ele>
        <time>2026-09-02T19:08:09.222Z</time>
      </trkpt>
      <trkpt lat="46.011783" lon="11.270329">
        <ele>559.653341</ele>
        <time>2026-09-02T19:08:15.474Z</time>
      </trkpt>
      <trkpt lat="46.011807" lon="11.270174">
        <ele>560.700122</ele>
        <time>2026-09-02T19:08:18.380Z</time>
      </trkpt>
      <trkpt lat="46.011825" lon="11.270094">
        <ele>561.254431</ele>
        <time>2026-09-02T19:08:19.675Z</time>
      </trkpt>
      <trkpt lat="46.011868" lon="11.269934">
        <ele>562.385294</ele>
        <time>2026-09-02T19:08:22.167Z</time>
      </trkpt>
      <trkpt lat="46.011888" lon="11.269866">
        <ele>562.872058</ele>
        <time>2026-09-02T19:08:23.068Z</time>
      </trkpt>
      <trkpt lat="46.011902" lon="11.269821">
        <ele>563.197080</ele>
        <time>2026-09-02T19:08:23.666Z</time>
      </trkpt>
      <trkpt lat="46.012034" lon="11.269383">
        <ele>565.915236</ele>
        <time>2026-09-02T19:08:27.793Z</time>
      </trkpt>
      <trkpt lat="46.012050" lon="11.269306">
        <ele>566.004804</ele>
        <time>2026-09-02T19:08:28.268Z</time>
      </trkpt>
      <trkpt lat="46.012112" lon="11.269013">
        <ele>566.346145</ele>
        <time>2026-09-02T19:08:29.829Z</time>
      </trkpt>
      <trkpt lat="46.012165" lon="11.268932">
        <ele>566.470164</ele>
        <time>2026-09-02T19:08:30.390Z</time>
      </trkpt>
      <trkpt lat="46.012273" lon="11.268766">
        <ele>566.723647</ele>
        <time>2026-09-02T19:08:31.583Z</time>
      </trkpt>
      <trkpt lat="46.012388" lon="11.268700">
        <ele>566.922295</ele>
        <time>2026-09-02T19:08:32.563Z</time>
      </trkpt>
      <trkpt lat="46.013016" lon="11.268394">
        <ele>567.986123</ele>
        <time>2026-09-02T19:08:39.802Z</time>
      </trkpt>
      <trkpt lat="46.013950" lon="11.267973">
        <ele>571.895910</ele>
        <time>2026-09-02T19:08:56.625Z</time>
      </trkpt>
      <trkpt lat="46.015113" lon="11.267482">
        <ele>579.240581</ele>
        <time>2026-09-02T19:09:28.256Z</time>
      </trkpt>
      <trkpt lat="46.015426" lon="11.267298">
        <ele>581.687179</ele>
        <time>2026-09-02T19:09:38.131Z</time>
      </trkpt>
      <trkpt lat="46.015830" lon="11.267107">
        <ele>584.875942</ele>
        <time>2026-09-02T19:09:50.359Z</time>
      </trkpt>
      <trkpt lat="46.016524" lon="11.266628">
        <ele>590.647294</ele>
        <time>2026-09-02T19:10:11.197Z</time>
      </trkpt>
      <trkpt lat="46.016638" lon="11.266551">
        <ele>591.591569</ele>
        <time>2026-09-02T19:10:14.322Z</time>
      </trkpt>
      <trkpt lat="46.016854" lon="11.266405">
        <ele>593.360842</ele>
        <time>2026-09-02T19:10:20.220Z</time>
      </trkpt>
      <trkpt lat="46.017394" lon="11.266040">
        <ele>597.511298</ele>
        <time>2026-09-02T19:10:34.657Z</time>
      </trkpt>
      <trkpt lat="46.017435" lon="11.266013">
        <ele>597.824977</ele>
        <time>2026-09-02T19:10:35.701Z</time>
      </trkpt>
      <trkpt lat="46.018191" lon="11.265446">
        <ele>603.755629</ele>
        <time>2026-09-02T19:10:57.039Z</time>
      </trkpt>
      <trkpt lat="46.018230" lon="11.265416">
        <ele>604.063266</ele>
        <time>2026-09-02T19:10:58.205Z</time>
      </trkpt>
      <trkpt lat="46.018635" lon="11.265047">
        <ele>607.829965</ele>
        <time>2026-09-02T19:11:11.821Z</time>
      </trkpt>
      <trkpt lat="46.019041" lon="11.264677">
        <ele>611.984162</ele>
        <time>2026-09-02T19:11:26.452Z</time>
      </trkpt>
      <trkpt lat="46.019094" lon="11.264623">
        <ele>612.545503</ele>
        <time>2026-09-02T19:11:28.537Z</time>
      </trkpt>
      <trkpt lat="46.019958" lon="11.263792">
        <ele>621.388417</ele>
        <time>2026-09-02T19:12:00.759Z</time>
      </trkpt>
      <trkpt lat="46.020530" lon="11.263267">
        <ele>624.972417</ele>
        <time>2026-09-02T19:12:19.028Z</time>
      </trkpt>
      <trkpt lat="46.020806" lon="11.263008">
        <ele>626.713042</ele>
        <time>2026-09-02T19:12:26.279Z</time>
      </trkpt>
      <trkpt lat="46.021158" lon="11.262760">
        <ele>628.783594</ele>
        <time>2026-09-02T19:12:33.248Z</time>
      </trkpt>
      <trkpt lat="46.021424" lon="11.262595">
        <ele>630.313922</ele>
        <time>2026-09-02T19:12:37.646Z</time>
      </trkpt>
      <trkpt lat="46.021646" lon="11.262536">
        <ele>630.675181</ele>
        <time>2026-09-02T19:12:40.609Z</time>
      </trkpt>
      <trkpt lat="46.022039" lon="11.262511">
        <ele>630.683886</ele>
        <time>2026-09-02T19:12:44.919Z</time>
      </trkpt>
      <trkpt lat="46.022376" lon="11.262508">
        <ele>630.691343</ele>
        <time>2026-09-02T19:12:47.835Z</time>
      </trkpt>
      <trkpt lat="46.022527" lon="11.262458">
        <ele>630.694771</ele>
        <time>2026-09-02T19:12:49.036Z</time>
      </trkpt>
      <trkpt lat="46.022630" lon="11.262408">
        <ele>630.697176</ele>
        <time>2026-09-02T19:12:49.844Z</time>
      </trkpt>
      <trkpt lat="46.023059" lon="11.262107">
        <ele>630.707736</ele>
        <time>2026-09-02T19:12:53.291Z</time>
      </trkpt>
      <trkpt lat="46.023242" lon="11.262014">
        <ele>630.663930</ele>
        <time>2026-09-02T19:12:54.712Z</time>
      </trkpt>
      <trkpt lat="46.023961" lon="11.261738">
        <ele>629.230416</ele>
        <time>2026-09-02T19:12:59.985Z</time>
      </trkpt>
      <trkpt lat="46.024183" lon="11.261577">
        <ele>628.751568</ele>
        <time>2026-09-02T19:13:01.656Z</time>
      </trkpt>
      <trkpt lat="46.024488" lon="11.261230">
        <ele>628.002763</ele>
        <time>2026-09-02T19:13:04.238Z</time>
      </trkpt>
      <trkpt lat="46.025286" lon="11.259808">
        <ele>623.407464</ele>
        <time>2026-09-02T19:13:11.934Z</time>
      </trkpt>
      <trkpt lat="46.025867" lon="11.259256">
        <ele>620.360378</ele>
        <time>2026-09-02T19:13:15.858Z</time>
      </trkpt>
      <trkpt lat="46.026527" lon="11.258885">
        <ele>616.444737</ele>
        <time>2026-09-02T19:13:19.743Z</time>
      </trkpt>
      <trkpt lat="46.026869" lon="11.258835">
        <ele>614.360230</ele>
        <time>2026-09-02T19:13:21.626Z</time>
      </trkpt>
      <trkpt lat="46.027613" lon="11.258796">
        <ele>609.845709</ele>
        <time>2026-09-02T19:13:25.713Z</time>
      </trkpt>
      <trkpt lat="46.027901" lon="11.258779">
        <ele>608.129520</ele>
        <time>2026-09-02T19:13:27.295Z</time>
      </trkpt>
      <trkpt lat="46.028092" lon="11.258686">
        <ele>607.012253</ele>
        <time>2026-09-02T19:13:28.398Z</time>
      </trkpt>
      <trkpt lat="46.028433" lon="11.258225">
        <ele>604.420596</ele>
        <time>2026-09-02T19:13:30.971Z</time>
      </trkpt>
      <trkpt lat="46.028691" lon="11.257639">
        <ele>601.750902</ele>
        <time>2026-09-02T19:13:33.617Z</time>
      </trkpt>
      <trkpt lat="46.029203" lon="11.256633">
        <ele>597.585809</ele>
        <time>2026-09-02T19:13:38.520Z</time>
      </trkpt>
      <trkpt lat="46.029305" lon="11.256429">
        <ele>597.015064</ele>
        <time>2026-09-02T19:13:39.610Z</time>
      </trkpt>
      <trkpt lat="46.029483" lon="11.256018">
        <ele>595.915311</ele>
        <time>2026-09-02T19:13:41.874Z</time>
      </trkpt>
      <trkpt lat="46.029697" lon="11.255300">
        <ele>594.141382</ele>
        <time>2026-09-02T19:13:45.481Z</time>
      </trkpt>
      <trkpt lat="46.029871" lon="11.254926">
        <ele>593.119284</ele>
        <time>2026-09-02T19:13:47.459Z</time>
      </trkpt>
      <trkpt lat="46.030081" lon="11.254685">
        <ele>591.725492</ele>
        <time>2026-09-02T19:13:49.089Z</time>
      </trkpt>
      <trkpt lat="46.030888" lon="11.253910">
        <ele>584.198696</ele>
        <time>2026-09-02T19:13:54.326Z</time>
      </trkpt>
      <trkpt lat="46.031043" lon="11.253732">
        <ele>582.660364</ele>
        <time>2026-09-02T19:13:55.351Z</time>
      </trkpt>
      <trkpt lat="46.031222" lon="11.253268">
        <ele>579.800505</ele>
        <time>2026-09-02T19:13:57.244Z</time>
      </trkpt>
      <trkpt lat="46.031507" lon="11.252528">
        <ele>573.457520</ele>
        <time>2026-09-02T19:14:00.254Z</time>
      </trkpt>
      <trkpt lat="46.031914" lon="11.250981">
        <ele>559.892801</ele>
        <time>2026-09-02T19:14:06.071Z</time>
      </trkpt>
      <trkpt lat="46.032044" lon="11.250717">
        <ele>557.258268</ele>
        <time>2026-09-02T19:14:07.202Z</time>
      </trkpt>
      <trkpt lat="46.032257" lon="11.250448">
        <ele>554.276347</ele>
        <time>2026-09-02T19:14:08.631Z</time>
      </trkpt>
      <trkpt lat="46.032583" lon="11.250124">
        <ele>550.107099</ele>
        <time>2026-09-02T19:14:10.652Z</time>
      </trkpt>
      <trkpt lat="46.033311" lon="11.249582">
        <ele>541.480694</ele>
        <time>2026-09-02T19:14:14.854Z</time>
      </trkpt>
      <trkpt lat="46.033368" lon="11.249532">
        <ele>540.778180</ele>
        <time>2026-09-02T19:14:15.205Z</time>
      </trkpt>
      <trkpt lat="46.033517" lon="11.249297">
        <ele>538.461467</ele>
        <time>2026-09-02T19:14:16.375Z</time>
      </trkpt>
      <trkpt lat="46.033556" lon="11.249151">
        <ele>537.655028</ele>
        <time>2026-09-02T19:14:16.963Z</time>
      </trkpt>
      <trkpt lat="46.033567" lon="11.248995">
        <ele>536.846693</ele>
        <time>2026-09-02T19:14:17.554Z</time>
      </trkpt>
      <trkpt lat="46.033569" lon="11.248919">
        <ele>536.454623</ele>
        <time>2026-09-02T19:14:17.839Z</time>
      </trkpt>
      <trkpt lat="46.033493" lon="11.248440">
        <ele>533.921655</ele>
        <time>2026-09-02T19:14:19.678Z</time>
      </trkpt>
      <trkpt lat="46.033507" lon="11.248179">
        <ele>532.572159</ele>
        <time>2026-09-02T19:14:20.649Z</time>
      </trkpt>
      <trkpt lat="46.033574" lon="11.248017">
        <ele>531.600068</ele>
        <time>2026-09-02T19:14:21.344Z</time>
      </trkpt>
      <trkpt lat="46.033640" lon="11.247939">
        <ele>530.966136</ele>
        <time>2026-09-02T19:14:21.802Z</time>
      </trkpt>
      <trkpt lat="46.034049" lon="11.247580">
        <ele>527.409628</ele>
        <time>2026-09-02T19:14:24.366Z</time>
      </trkpt>
      <trkpt lat="46.034064" lon="11.247454">
        <ele>526.750608</ele>
        <time>2026-09-02T19:14:24.849Z</time>
      </trkpt>
      <trkpt lat="46.034014" lon="11.247352">
        <ele>526.106922</ele>
        <time>2026-09-02T19:14:25.321Z</time>
      </trkpt>
      <trkpt lat="46.033957" lon="11.247344">
        <ele>525.681660</ele>
        <time>2026-09-02T19:14:25.633Z</time>
      </trkpt>
      <trkpt lat="46.033265" lon="11.247607">
        <ele>519.734616</ele>
        <time>2026-09-02T19:14:29.497Z</time>
      </trkpt>
      <trkpt lat="46.032594" lon="11.247977">
        <ele>513.690285</ele>
        <time>2026-09-02T19:14:33.275Z</time>
      </trkpt>
      <trkpt lat="46.032448" lon="11.248009">
        <ele>512.447910</ele>
        <time>2026-09-02T19:14:34.041Z</time>
      </trkpt>
      <trkpt lat="46.032272" lon="11.247948">
        <ele>510.925036</ele>
        <time>2026-09-02T19:14:34.970Z</time>
      </trkpt>
      <trkpt lat="46.032016" lon="11.247597">
        <ele>508.030797</ele>
        <time>2026-09-02T19:14:36.784Z</time>
      </trkpt>
      <trkpt lat="46.031962" lon="11.247505">
        <ele>507.354390</ele>
        <time>2026-09-02T19:14:37.213Z</time>
      </trkpt>
      <trkpt lat="46.031787" lon="11.247180">
        <ele>505.045144</ele>
        <time>2026-09-02T19:14:38.686Z</time>
      </trkpt>
      <trkpt lat="46.031743" lon="11.247046">
        <ele>504.212884</ele>
        <time>2026-09-02T19:14:39.223Z</time>
      </trkpt>
      <trkpt lat="46.031726" lon="11.246899">
        <ele>503.376167</ele>
        <time>2026-09-02T19:14:39.760Z</time>
      </trkpt>
      <trkpt lat="46.031737" lon="11.246751">
        <ele>502.540458</ele>
        <time>2026-09-02T19:14:40.299Z</time>
      </trkpt>
      <trkpt lat="46.031825" lon="11.246553">
        <ele>501.220486</ele>
        <time>2026-09-02T19:14:41.161Z</time>
      </trkpt>
      <trkpt lat="46.032000" lon="11.246293">
        <ele>499.187279</ele>
        <time>2026-09-02T19:14:42.505Z</time>
      </trkpt>
      <trkpt lat="46.032168" lon="11.246158">
        <ele>497.631508</ele>
        <time>2026-09-02T19:14:43.555Z</time>
      </trkpt>
      <trkpt lat="46.032564" lon="11.246124">
        <ele>494.800481</ele>
        <time>2026-09-02T19:14:45.839Z</time>
      </trkpt>
      <trkpt lat="46.033382" lon="11.245844">
        <ele>490.498660</ele>
        <time>2026-09-02T19:14:50.604Z</time>
      </trkpt>
      <trkpt lat="46.034144" lon="11.245422">
        <ele>486.321690</ele>
        <time>2026-09-02T19:14:55.163Z</time>
      </trkpt>
      <trkpt lat="46.035328" lon="11.244767">
        <ele>480.242523</ele>
        <time>2026-09-02T19:15:02.483Z</time>
      </trkpt>
      <trkpt lat="46.035823" lon="11.244721">
        <ele>477.866861</ele>
        <time>2026-09-02T19:15:05.385Z</time>
      </trkpt>
      <trkpt lat="46.036549" lon="11.244710">
        <ele>473.455974</ele>
        <time>2026-09-02T19:15:09.318Z</time>
      </trkpt>
      <trkpt lat="46.036699" lon="11.244649">
        <ele>472.494618</ele>
        <time>2026-09-02T19:15:10.151Z</time>
      </trkpt>
      <trkpt lat="46.036834" lon="11.244481">
        <ele>471.394256</ele>
        <time>2026-09-02T19:15:11.108Z</time>
      </trkpt>
      <trkpt lat="46.036988" lon="11.244147">
        <ele>469.677438</ele>
        <time>2026-09-02T19:15:12.599Z</time>
      </trkpt>
      <trkpt lat="46.037398" lon="11.243827">
        <ele>466.801243</ele>
        <time>2026-09-02T19:15:15.150Z</time>
      </trkpt>
      <trkpt lat="46.037683" lon="11.243709">
        <ele>465.544457</ele>
        <time>2026-09-02T19:15:16.833Z</time>
      </trkpt>
      <trkpt lat="46.038935" lon="11.243691">
        <ele>460.642247</ele>
        <time>2026-09-02T19:15:24.592Z</time>
      </trkpt>
      <trkpt lat="46.039208" lon="11.243571">
        <ele>459.524717</ele>
        <time>2026-09-02T19:15:26.224Z</time>
      </trkpt>
      <trkpt lat="46.039414" lon="11.243313">
        <ele>458.424541</ele>
        <time>2026-09-02T19:15:27.767Z</time>
      </trkpt>
      <trkpt lat="46.039490" lon="11.243016">
        <ele>457.538260</ele>
        <time>2026-09-02T19:15:28.995Z</time>
      </trkpt>
      <trkpt lat="46.039520" lon="11.242790">
        <ele>456.894012</ele>
        <time>2026-09-02T19:15:29.887Z</time>
      </trkpt>
      <trkpt lat="46.039540" lon="11.242066">
        <ele>454.865265</ele>
        <time>2026-09-02T19:15:32.746Z</time>
      </trkpt>
      <trkpt lat="46.039552" lon="11.241418">
        <ele>453.050271</ele>
        <time>2026-09-02T19:15:35.390Z</time>
      </trkpt>
      <trkpt lat="46.039792" lon="11.240463">
        <ele>451.923611</ele>
        <time>2026-09-02T19:15:40.200Z</time>
      </trkpt>
      <trkpt lat="46.039820" lon="11.240358">
        <ele>451.874354</ele>
        <time>2026-09-02T19:15:40.845Z</time>
      </trkpt>
      <trkpt lat="46.039772" lon="11.240315">
        <ele>451.838696</ele>
        <time>2026-09-02T19:15:41.360Z</time>
      </trkpt>
      <trkpt lat="46.039424" lon="11.239714">
        <ele>451.495965</ele>
        <time>2026-09-02T19:15:46.569Z</time>
      </trkpt>
      <trkpt lat="46.039318" lon="11.239524">
        <ele>451.389220</ele>
        <time>2026-09-02T19:15:48.056Z</time>
      </trkpt>
      <trkpt lat="46.039305" lon="11.239481">
        <ele>451.368681</ele>
        <time>2026-09-02T19:15:48.341Z</time>
      </trkpt>
      <trkpt lat="46.039218" lon="11.239063">
        <ele>451.177580</ele>
        <time>2026-09-02T19:15:50.898Z</time>
      </trkpt>
      <trkpt lat="46.039061" lon="11.238526">
        <ele>451.107277</ele>
        <time>2026-09-02T19:15:54.333Z</time>
      </trkpt>
      <trkpt lat="46.039046" lon="11.238376">
        <ele>451.107277</ele>
        <time>2026-09-02T19:15:55.291Z</time>
      </trkpt>
      <trkpt lat="46.039097" lon="11.238252">
        <ele>451.107277</ele>
        <time>2026-09-02T19:15:56.216Z</time>
      </trkpt>
      <trkpt lat="46.039184" lon="11.238136">
        <ele>451.107277</ele>
        <time>2026-09-02T19:15:57.350Z</time>
      </trkpt>
      <trkpt lat="46.039438" lon="11.237960">
        <ele>451.107277</ele>
        <time>2026-09-02T19:15:59.918Z</time>
      </trkpt>
      <trkpt lat="46.039503" lon="11.237821">
        <ele>451.107277</ele>
        <time>2026-09-02T19:16:00.907Z</time>
      </trkpt>
      <trkpt lat="46.039474" lon="11.237807">
        <ele>451.107277</ele>
        <time>2026-09-02T19:16:01.164Z</time>
      </trkpt>
      <trkpt lat="46.039295" lon="11.237716">
        <ele>451.107277</ele>
        <time>2026-09-02T19:16:02.704Z</time>
      </trkpt>
    </trkseg>
  </trk>
</gpx>