<?xml version='1.0' encoding='UTF-8'?>
<gpx version="1.1" creator="https://www.komoot.de" xmlns="http://www.topografix.com/GPX/1/1" xmlns:xsi="http://www.w3.org/2001/XMLSchema-instance" xsi:schemaLocation="http://www.topografix.com/GPX/1/1 http://www.topografix.com/GPX/1/1/gpx.xsd">
  <metadata>
    <name>The Ride Dolomites - Etappe 1 - maandag</name>
    <author>
      <link href="https://www.komoot.de">
        <text>komoot</text>
        <type>text/html</type>
      </link>
    </author>
  </metadata>
  <wpt lat="46.005572" lon="11.323264">
    <name>Links Af. FIETSPAD</name>
    <sym>Flag, Blue</sym>
  </wpt>
  <wpt lat="46.014970" lon="11.362105">
    <name>Einde FIETSPAD</name>
    <sym>Flag, Blue</sym>
  </wpt>
  <wpt lat="46.033509" lon="11.395060">
    <name>Links fietspad opdraaien</name>
    <sym>Flag, Blue</sym>
  </wpt>
  <wpt lat="46.039167" lon="11.410431">
    <name>Einde Fietspad</name>
    <sym>Flag, Blue</sym>
  </wpt>
  <wpt lat="46.045982" lon="11.429211">
    <name>Let op,</name>
    <desc>Links tunneltje onderdoor, Meteen rechts fietspad blijven en bij verkeerslicht oversteken om fietspad te vervolgen.</desc>
    <sym>Flag, Blue</sym>
  </wpt>
  <wpt lat="46.053049" lon="11.451975">
    <name>Let op: 180 gr.  weg opdraaien</name>
    <sym>Flag, Blue</sym>
  </wpt>
  <wpt lat="46.052528" lon="11.451598">
    <name>Let op: drukke weg</name>
    <sym>Flag, Blue</sym>
  </wpt>
  <wpt lat="46.053117" lon="11.494907">
    <name>Start klim</name>
    <desc>Passo Forcella en Passo Brocon</desc>
    <sym>Flag, Blue</sym>
  </wpt>
  <wpt lat="46.070998" lon="11.592046">
    <name>Passo Forcella</name>
    <sym>Flag, Blue</sym>
  </wpt>
  <wpt lat="46.115736" lon="11.659773">
    <name>VP 1</name>
    <sym>Flag, Blue</sym>
  </wpt>
  <wpt lat="46.118614" lon="11.688537">
    <name>Passo Brocon</name>
    <sym>Flag, Blue</sym>
  </wpt>
  <wpt lat="46.156512" lon="11.730895">
    <name>Drinkfontein</name>
    <sym>Drinking Water</sym>
  </wpt>
  <wpt lat="46.147616" lon="11.758362">
    <name>Gobbera-pas</name>
    <sym>Flag, Blue</sym>
  </wpt>
  <wpt lat="46.186537" lon="11.850507">
    <name>Start Challenge</name>
    <desc></desc>
    <sym>Flag, Blue</sym>
  </wpt>
  <wpt lat="46.192869" lon="11.904360">
    <name>Einde Challenge</name>
    <desc></desc>
    <sym>Flag, Blue</sym>
  </wpt>
  <wpt lat="46.193234" lon="11.906532">
    <name>VP2</name>
    <desc></desc>
    <sym>Flag, Blue</sym>
  </wpt>
  <wpt lat="46.162709" lon="12.108573">
    <name>Kartuizerklooster van Vedana</name>
    <sym>Flag, Blue</sym>
  </wpt>
  <trk>
    <name>The Ride Dolomites - Etappe 1 - maandag</name>
    <type>racebike</type>
    <trkseg>
      <trkpt lat="46.005873" lon="11.286977">
        <ele>443.784041</ele>
        <time>2026-08-17T18:35:11.786Z</time>
      </trkpt>
      <trkpt lat="46.005748" lon="11.289983">
        <ele>443.109672</ele>
        <time>2026-08-17T18:35:28.292Z</time>
      </trkpt>
      <trkpt lat="46.005666" lon="11.290893">
        <ele>442.779068</ele>
        <time>2026-08-17T18:35:33.215Z</time>
      </trkpt>
      <trkpt lat="46.005629" lon="11.290937">
        <ele>442.798085</ele>
        <time>2026-08-17T18:35:33.590Z</time>
      </trkpt>
      <trkpt lat="46.006011" lon="11.291392">
        <ele>442.994553</ele>
        <time>2026-08-17T18:35:37.552Z</time>
      </trkpt>
      <trkpt lat="46.006090" lon="11.291480">
        <ele>443.034135</ele>
        <time>2026-08-17T18:35:38.414Z</time>
      </trkpt>
      <trkpt lat="46.006146" lon="11.291546">
        <ele>443.062814</ele>
        <time>2026-08-17T18:35:39.094Z</time>
      </trkpt>
      <trkpt lat="46.006162" lon="11.291563">
        <ele>443.070694</ele>
        <time>2026-08-17T18:35:39.282Z</time>
      </trkpt>
      <trkpt lat="46.006345" lon="11.291786">
        <ele>443.165702</ele>
        <time>2026-08-17T18:35:41.682Z</time>
      </trkpt>
      <trkpt lat="46.006786" lon="11.292326">
        <ele>443.395118</ele>
        <time>2026-08-17T18:35:48.057Z</time>
      </trkpt>
      <trkpt lat="46.007074" lon="11.292672">
        <ele>443.841598</ele>
        <time>2026-08-17T18:35:52.507Z</time>
      </trkpt>
      <trkpt lat="46.007186" lon="11.292798">
        <ele>444.159052</ele>
        <time>2026-08-17T18:35:54.277Z</time>
      </trkpt>
      <trkpt lat="46.007317" lon="11.292852">
        <ele>444.463387</ele>
        <time>2026-08-17T18:35:56.047Z</time>
      </trkpt>
      <trkpt lat="46.007315" lon="11.292988">
        <ele>444.674406</ele>
        <time>2026-08-17T18:35:57.314Z</time>
      </trkpt>
      <trkpt lat="46.007373" lon="11.293095">
        <ele>444.884956</ele>
        <time>2026-08-17T18:35:58.620Z</time>
      </trkpt>
      <trkpt lat="46.007414" lon="11.293120">
        <ele>444.984401</ele>
        <time>2026-08-17T18:35:59.240Z</time>
      </trkpt>
      <trkpt lat="46.007503" lon="11.293109">
        <ele>445.183907</ele>
        <time>2026-08-17T18:36:00.507Z</time>
      </trkpt>
      <trkpt lat="46.007528" lon="11.293198">
        <ele>445.332833</ele>
        <time>2026-08-17T18:36:01.458Z</time>
      </trkpt>
      <trkpt lat="46.007810" lon="11.293709">
        <ele>446.345276</ele>
        <time>2026-08-17T18:36:08.163Z</time>
      </trkpt>
      <trkpt lat="46.007967" lon="11.294083">
        <ele>447.023177</ele>
        <time>2026-08-17T18:36:12.789Z</time>
      </trkpt>
      <trkpt lat="46.008403" lon="11.295291">
        <ele>450.917722</ele>
        <time>2026-08-17T18:36:28.565Z</time>
      </trkpt>
      <trkpt lat="46.008509" lon="11.295687">
        <ele>452.292410</ele>
        <time>2026-08-17T18:36:34.305Z</time>
      </trkpt>
      <trkpt lat="46.008535" lon="11.295786">
        <ele>452.635249</ele>
        <time>2026-08-17T18:36:35.834Z</time>
      </trkpt>
      <trkpt lat="46.008601" lon="11.296042">
        <ele>453.519768</ele>
        <time>2026-08-17T18:36:39.863Z</time>
      </trkpt>
      <trkpt lat="46.008711" lon="11.296470">
        <ele>454.998013</ele>
        <time>2026-08-17T18:36:47.167Z</time>
      </trkpt>
      <trkpt lat="46.008859" lon="11.297039">
        <ele>457.676193</ele>
        <time>2026-08-17T18:36:57.868Z</time>
      </trkpt>
      <trkpt lat="46.008985" lon="11.297527">
        <ele>460.470282</ele>
        <time>2026-08-17T18:37:07.792Z</time>
      </trkpt>
      <trkpt lat="46.009048" lon="11.297770">
        <ele>461.862296</ele>
        <time>2026-08-17T18:37:13.166Z</time>
      </trkpt>
      <trkpt lat="46.009166" lon="11.298028">
        <ele>463.520162</ele>
        <time>2026-08-17T18:37:19.825Z</time>
      </trkpt>
      <trkpt lat="46.009288" lon="11.298182">
        <ele>464.773849</ele>
        <time>2026-08-17T18:37:24.965Z</time>
      </trkpt>
      <trkpt lat="46.009435" lon="11.298305">
        <ele>466.087598</ele>
        <time>2026-08-17T18:37:30.205Z</time>
      </trkpt>
      <trkpt lat="46.009883" lon="11.298437">
        <ele>469.621031</ele>
        <time>2026-08-17T18:37:43.312Z</time>
      </trkpt>
      <trkpt lat="46.010036" lon="11.298493">
        <ele>470.167507</ele>
        <time>2026-08-17T18:37:47.267Z</time>
      </trkpt>
      <trkpt lat="46.010076" lon="11.298509">
        <ele>470.284078</ele>
        <time>2026-08-17T18:37:48.200Z</time>
      </trkpt>
      <trkpt lat="46.010157" lon="11.298563">
        <ele>470.534716</ele>
        <time>2026-08-17T18:37:50.269Z</time>
      </trkpt>
      <trkpt lat="46.010130" lon="11.298681">
        <ele>470.777005</ele>
        <time>2026-08-17T18:37:52.078Z</time>
      </trkpt>
      <trkpt lat="46.010189" lon="11.298787">
        <ele>471.041918</ele>
        <time>2026-08-17T18:37:54.058Z</time>
      </trkpt>
      <trkpt lat="46.010100" lon="11.299012">
        <ele>471.546884</ele>
        <time>2026-08-17T18:37:57.436Z</time>
      </trkpt>
      <trkpt lat="46.010042" lon="11.299147">
        <ele>471.856459</ele>
        <time>2026-08-17T18:37:59.414Z</time>
      </trkpt>
      <trkpt lat="46.010021" lon="11.299194">
        <ele>471.965447</ele>
        <time>2026-08-17T18:38:00.051Z</time>
      </trkpt>
      <trkpt lat="46.009526" lon="11.300225">
        <ele>474.409749</ele>
        <time>2026-08-17T18:38:10.273Z</time>
      </trkpt>
      <trkpt lat="46.009202" lon="11.300888">
        <ele>474.996909</ele>
        <time>2026-08-17T18:38:14.355Z</time>
      </trkpt>
      <trkpt lat="46.009016" lon="11.301382">
        <ele>475.151586</ele>
        <time>2026-08-17T18:38:17.460Z</time>
      </trkpt>
      <trkpt lat="46.008856" lon="11.301881">
        <ele>475.302874</ele>
        <time>2026-08-17T18:38:21.168Z</time>
      </trkpt>
      <trkpt lat="46.008750" lon="11.302383">
        <ele>475.447302</ele>
        <time>2026-08-17T18:38:25.202Z</time>
      </trkpt>
      <trkpt lat="46.008627" lon="11.303236">
        <ele>476.209609</ele>
        <time>2026-08-17T18:38:32.890Z</time>
      </trkpt>
      <trkpt lat="46.008426" lon="11.305369">
        <ele>478.992861</ele>
        <time>2026-08-17T18:38:53.582Z</time>
      </trkpt>
      <trkpt lat="46.008327" lon="11.306478">
        <ele>480.293784</ele>
        <time>2026-08-17T18:39:04.142Z</time>
      </trkpt>
      <trkpt lat="46.008241" lon="11.307345">
        <ele>481.312765</ele>
        <time>2026-08-17T18:39:11.807Z</time>
      </trkpt>
      <trkpt lat="46.008047" lon="11.309576">
        <ele>482.934316</ele>
        <time>2026-08-17T18:39:30.209Z</time>
      </trkpt>
      <trkpt lat="46.008046" lon="11.309697">
        <ele>483.005415</ele>
        <time>2026-08-17T18:39:31.141Z</time>
      </trkpt>
      <trkpt lat="46.008045" lon="11.309821">
        <ele>483.078276</ele>
        <time>2026-08-17T18:39:32.007Z</time>
      </trkpt>
      <trkpt lat="46.008177" lon="11.310937">
        <ele>482.633585</ele>
        <time>2026-08-17T18:39:39.369Z</time>
      </trkpt>
      <trkpt lat="46.008189" lon="11.311023">
        <ele>482.495767</ele>
        <time>2026-08-17T18:39:39.896Z</time>
      </trkpt>
      <trkpt lat="46.008337" lon="11.312096">
        <ele>480.777014</ele>
        <time>2026-08-17T18:39:45.181Z</time>
      </trkpt>
      <trkpt lat="46.008397" lon="11.312546">
        <ele>480.057093</ele>
        <time>2026-08-17T18:39:47.071Z</time>
      </trkpt>
      <trkpt lat="46.008435" lon="11.312815">
        <ele>479.625805</ele>
        <time>2026-08-17T18:39:48.158Z</time>
      </trkpt>
      <trkpt lat="46.008302" lon="11.313361">
        <ele>477.477397</ele>
        <time>2026-08-17T18:39:50.386Z</time>
      </trkpt>
      <trkpt lat="46.008280" lon="11.313992">
        <ele>474.609244</ele>
        <time>2026-08-17T18:39:52.740Z</time>
      </trkpt>
      <trkpt lat="46.008252" lon="11.314206">
        <ele>473.620661</ele>
        <time>2026-08-17T18:39:53.545Z</time>
      </trkpt>
      <trkpt lat="46.008163" lon="11.314543">
        <ele>471.983920</ele>
        <time>2026-08-17T18:39:54.884Z</time>
      </trkpt>
      <trkpt lat="46.008088" lon="11.314828">
        <ele>470.600350</ele>
        <time>2026-08-17T18:39:56.020Z</time>
      </trkpt>
      <trkpt lat="46.007910" lon="11.315487">
        <ele>467.415303</ele>
        <time>2026-08-17T18:39:58.685Z</time>
      </trkpt>
      <trkpt lat="46.007842" lon="11.315825">
        <ele>465.993641</ele>
        <time>2026-08-17T18:40:00.026Z</time>
      </trkpt>
      <trkpt lat="46.007816" lon="11.316370">
        <ele>463.786634</ele>
        <time>2026-08-17T18:40:02.127Z</time>
      </trkpt>
      <trkpt lat="46.007833" lon="11.318291">
        <ele>455.941158</ele>
        <time>2026-08-17T18:40:09.576Z</time>
      </trkpt>
      <trkpt lat="46.007804" lon="11.318963">
        <ele>453.018836</ele>
        <time>2026-08-17T18:40:12.131Z</time>
      </trkpt>
      <trkpt lat="46.007639" lon="11.319546">
        <ele>450.286413</ele>
        <time>2026-08-17T18:40:14.510Z</time>
      </trkpt>
      <trkpt lat="46.007521" lon="11.319814">
        <ele>448.909170</ele>
        <time>2026-08-17T18:40:15.709Z</time>
      </trkpt>
      <trkpt lat="46.007159" lon="11.320316">
        <ele>445.783473</ele>
        <time>2026-08-17T18:40:18.444Z</time>
      </trkpt>
      <trkpt lat="46.006599" lon="11.321038">
        <ele>441.571611</ele>
        <time>2026-08-17T18:40:22.561Z</time>
      </trkpt>
      <trkpt lat="46.006184" lon="11.321612">
        <ele>438.347217</ele>
        <time>2026-08-17T18:40:25.739Z</time>
      </trkpt>
      <trkpt lat="46.006008" lon="11.321962">
        <ele>436.665623</ele>
        <time>2026-08-17T18:40:27.430Z</time>
      </trkpt>
      <trkpt lat="46.005812" lon="11.322542">
        <ele>435.208703</ele>
        <time>2026-08-17T18:40:30.054Z</time>
      </trkpt>
      <trkpt lat="46.005756" lon="11.322712">
        <ele>434.935145</ele>
        <time>2026-08-17T18:40:30.851Z</time>
      </trkpt>
      <trkpt lat="46.005572" lon="11.323264">
        <ele>434.044936</ele>
        <time>2026-08-17T18:40:33.551Z</time>
      </trkpt>
      <trkpt lat="46.005556" lon="11.323313">
        <ele>433.966213</ele>
        <time>2026-08-17T18:40:33.797Z</time>
      </trkpt>
      <trkpt lat="46.005841" lon="11.323865">
        <ele>432.966199</ele>
        <time>2026-08-17T18:40:37.179Z</time>
      </trkpt>
      <trkpt lat="46.006448" lon="11.324919">
        <ele>431.842257</ele>
        <time>2026-08-17T18:40:45.004Z</time>
      </trkpt>
      <trkpt lat="46.010274" lon="11.330908">
        <ele>429.456376</ele>
        <time>2026-08-17T18:41:30.568Z</time>
      </trkpt>
      <trkpt lat="46.010240" lon="11.330956">
        <ele>429.439564</ele>
        <time>2026-08-17T18:41:30.949Z</time>
      </trkpt>
      <trkpt lat="46.010140" lon="11.331081">
        <ele>429.392806</ele>
        <time>2026-08-17T18:41:32.021Z</time>
      </trkpt>
      <trkpt lat="46.010112" lon="11.331117">
        <ele>429.379551</ele>
        <time>2026-08-17T18:41:32.319Z</time>
      </trkpt>
      <trkpt lat="46.010661" lon="11.331951">
        <ele>429.097766</ele>
        <time>2026-08-17T18:41:38.873Z</time>
      </trkpt>
      <trkpt lat="46.011121" lon="11.332831">
        <ele>428.902546</ele>
        <time>2026-08-17T18:41:45.234Z</time>
      </trkpt>
      <trkpt lat="46.011461" lon="11.333647">
        <ele>428.734180</ele>
        <time>2026-08-17T18:41:50.848Z</time>
      </trkpt>
      <trkpt lat="46.013016" lon="11.337682">
        <ele>428.089965</ele>
        <time>2026-08-17T18:42:18.013Z</time>
      </trkpt>
      <trkpt lat="46.013059" lon="11.337803">
        <ele>428.071374</ele>
        <time>2026-08-17T18:42:18.819Z</time>
      </trkpt>
      <trkpt lat="46.013193" lon="11.338125">
        <ele>428.020030</ele>
        <time>2026-08-17T18:42:21.036Z</time>
      </trkpt>
      <trkpt lat="46.013330" lon="11.338613">
        <ele>427.948034</ele>
        <time>2026-08-17T18:42:24.116Z</time>
      </trkpt>
      <trkpt lat="46.013413" lon="11.339001">
        <ele>427.846687</ele>
        <time>2026-08-17T18:42:26.462Z</time>
      </trkpt>
      <trkpt lat="46.013789" lon="11.340530">
        <ele>427.404136</ele>
        <time>2026-08-17T18:42:35.601Z</time>
      </trkpt>
      <trkpt lat="46.014088" lon="11.341880">
        <ele>427.089344</ele>
        <time>2026-08-17T18:42:43.531Z</time>
      </trkpt>
      <trkpt lat="46.014235" lon="11.342656">
        <ele>426.943393</ele>
        <time>2026-08-17T18:42:48.163Z</time>
      </trkpt>
      <trkpt lat="46.014380" lon="11.343610">
        <ele>426.766191</ele>
        <time>2026-08-17T18:42:53.912Z</time>
      </trkpt>
      <trkpt lat="46.014473" lon="11.344693">
        <ele>426.688774</ele>
        <time>2026-08-17T18:43:00.502Z</time>
      </trkpt>
      <trkpt lat="46.014554" lon="11.346367">
        <ele>426.562064</ele>
        <time>2026-08-17T18:43:10.657Z</time>
      </trkpt>
      <trkpt lat="46.014538" lon="11.351403">
        <ele>425.851998</ele>
        <time>2026-08-17T18:43:40.092Z</time>
      </trkpt>
      <trkpt lat="46.014409" lon="11.352897">
        <ele>425.802240</ele>
        <time>2026-08-17T18:43:49.303Z</time>
      </trkpt>
      <trkpt lat="46.014253" lon="11.354359">
        <ele>425.668575</ele>
        <time>2026-08-17T18:43:58.522Z</time>
      </trkpt>
      <trkpt lat="46.014204" lon="11.355733">
        <ele>425.336660</ele>
        <time>2026-08-17T18:44:06.476Z</time>
      </trkpt>
      <trkpt lat="46.014206" lon="11.356693">
        <ele>425.099261</ele>
        <time>2026-08-17T18:44:11.636Z</time>
      </trkpt>
      <trkpt lat="46.014246" lon="11.357760">
        <ele>424.801009</ele>
        <time>2026-08-17T18:44:17.336Z</time>
      </trkpt>
      <trkpt lat="46.014394" lon="11.359072">
        <ele>424.430009</ele>
        <time>2026-08-17T18:44:24.923Z</time>
      </trkpt>
      <trkpt lat="46.014774" lon="11.361043">
        <ele>425.087482</ele>
        <time>2026-08-17T18:44:38.288Z</time>
      </trkpt>
      <trkpt lat="46.014781" lon="11.361081">
        <ele>425.100578</ele>
        <time>2026-08-17T18:44:38.587Z</time>
      </trkpt>
      <trkpt lat="46.014801" lon="11.361190">
        <ele>425.138134</ele>
        <time>2026-08-17T18:44:39.433Z</time>
      </trkpt>
      <trkpt lat="46.014970" lon="11.362105">
        <ele>426.255780</ele>
        <time>2026-08-17T18:44:47.191Z</time>
      </trkpt>
      <trkpt lat="46.013861" lon="11.362713">
        <ele>429.484770</ele>
        <time>2026-08-17T18:45:06.172Z</time>
      </trkpt>
      <trkpt lat="46.013805" lon="11.362834">
        <ele>429.759551</ele>
        <time>2026-08-17T18:45:08.006Z</time>
      </trkpt>
      <trkpt lat="46.013809" lon="11.362993">
        <ele>430.060216</ele>
        <time>2026-08-17T18:45:09.958Z</time>
      </trkpt>
      <trkpt lat="46.014304" lon="11.364626">
        <ele>434.914810</ele>
        <time>2026-08-17T18:45:33.931Z</time>
      </trkpt>
      <trkpt lat="46.014847" lon="11.365839">
        <ele>438.305512</ele>
        <time>2026-08-17T18:45:51.861Z</time>
      </trkpt>
      <trkpt lat="46.015364" lon="11.367120">
        <ele>440.877580</ele>
        <time>2026-08-17T18:46:07.923Z</time>
      </trkpt>
      <trkpt lat="46.015489" lon="11.367973">
        <ele>441.716020</ele>
        <time>2026-08-17T18:46:14.802Z</time>
      </trkpt>
      <trkpt lat="46.016302" lon="11.370983">
        <ele>439.863822</ele>
        <time>2026-08-17T18:46:31.776Z</time>
      </trkpt>
      <trkpt lat="46.016531" lon="11.371370">
        <ele>439.211617</ele>
        <time>2026-08-17T18:46:33.969Z</time>
      </trkpt>
      <trkpt lat="46.016819" lon="11.371711">
        <ele>438.522893</ele>
        <time>2026-08-17T18:46:36.285Z</time>
      </trkpt>
      <trkpt lat="46.017764" lon="11.373200">
        <ele>435.665330</ele>
        <time>2026-08-17T18:46:45.411Z</time>
      </trkpt>
      <trkpt lat="46.017956" lon="11.373502">
        <ele>435.063820</ele>
        <time>2026-08-17T18:46:47.412Z</time>
      </trkpt>
      <trkpt lat="46.018058" lon="11.373728">
        <ele>434.667850</ele>
        <time>2026-08-17T18:46:48.691Z</time>
      </trkpt>
      <trkpt lat="46.018237" lon="11.374253">
        <ele>433.831927</ele>
        <time>2026-08-17T18:46:51.267Z</time>
      </trkpt>
      <trkpt lat="46.018313" lon="11.374550">
        <ele>433.426819</ele>
        <time>2026-08-17T18:46:52.651Z</time>
      </trkpt>
      <trkpt lat="46.018449" lon="11.374894">
        <ele>432.920193</ele>
        <time>2026-08-17T18:46:54.376Z</time>
      </trkpt>
      <trkpt lat="46.018499" lon="11.374976">
        <ele>432.780528</ele>
        <time>2026-08-17T18:46:54.846Z</time>
      </trkpt>
      <trkpt lat="46.018623" lon="11.375083">
        <ele>432.514100</ele>
        <time>2026-08-17T18:46:55.765Z</time>
      </trkpt>
      <trkpt lat="46.018874" lon="11.375114">
        <ele>432.049795</ele>
        <time>2026-08-17T18:46:57.368Z</time>
      </trkpt>
      <trkpt lat="46.018945" lon="11.375105">
        <ele>431.918432</ele>
        <time>2026-08-17T18:46:57.808Z</time>
      </trkpt>
      <trkpt lat="46.018945" lon="11.375218">
        <ele>431.773809</ele>
        <time>2026-08-17T18:46:58.336Z</time>
      </trkpt>
      <trkpt lat="46.019039" lon="11.375495">
        <ele>431.379222</ele>
        <time>2026-08-17T18:46:59.732Z</time>
      </trkpt>
      <trkpt lat="46.019180" lon="11.375846">
        <ele>430.860244</ele>
        <time>2026-08-17T18:47:01.701Z</time>
      </trkpt>
      <trkpt lat="46.019440" lon="11.376289">
        <ele>431.202563</ele>
        <time>2026-08-17T18:47:05.149Z</time>
      </trkpt>
      <trkpt lat="46.019572" lon="11.376630">
        <ele>431.676687</ele>
        <time>2026-08-17T18:47:08.705Z</time>
      </trkpt>
      <trkpt lat="46.019680" lon="11.377032">
        <ele>432.200158</ele>
        <time>2026-08-17T18:47:13.151Z</time>
      </trkpt>
      <trkpt lat="46.019723" lon="11.377274">
        <ele>432.503523</ele>
        <time>2026-08-17T18:47:15.973Z</time>
      </trkpt>
      <trkpt lat="46.019783" lon="11.377939">
        <ele>433.317916</ele>
        <time>2026-08-17T18:47:23.729Z</time>
      </trkpt>
      <trkpt lat="46.019773" lon="11.378624">
        <ele>433.771848</ele>
        <time>2026-08-17T18:47:30.714Z</time>
      </trkpt>
      <trkpt lat="46.019753" lon="11.378932">
        <ele>433.716944</ele>
        <time>2026-08-17T18:47:33.375Z</time>
      </trkpt>
      <trkpt lat="46.019772" lon="11.379080">
        <ele>433.690230</ele>
        <time>2026-08-17T18:47:34.606Z</time>
      </trkpt>
      <trkpt lat="46.019858" lon="11.379412">
        <ele>433.627339</ele>
        <time>2026-08-17T18:47:36.979Z</time>
      </trkpt>
      <trkpt lat="46.019925" lon="11.379552">
        <ele>433.597161</ele>
        <time>2026-08-17T18:47:38.005Z</time>
      </trkpt>
      <trkpt lat="46.020152" lon="11.379869">
        <ele>433.516341</ele>
        <time>2026-08-17T18:47:40.456Z</time>
      </trkpt>
      <trkpt lat="46.020291" lon="11.380017">
        <ele>433.472158</ele>
        <time>2026-08-17T18:47:41.660Z</time>
      </trkpt>
      <trkpt lat="46.020704" lon="11.380336">
        <ele>433.312374</ele>
        <time>2026-08-17T18:47:44.618Z</time>
      </trkpt>
      <trkpt lat="46.020969" lon="11.380588">
        <ele>432.823958</ele>
        <time>2026-08-17T18:47:46.535Z</time>
      </trkpt>
      <trkpt lat="46.021312" lon="11.381114">
        <ele>432.053326</ele>
        <time>2026-08-17T18:47:49.944Z</time>
      </trkpt>
      <trkpt lat="46.021464" lon="11.381346">
        <ele>431.712675</ele>
        <time>2026-08-17T18:47:51.620Z</time>
      </trkpt>
      <trkpt lat="46.021668" lon="11.381660">
        <ele>431.253437</ele>
        <time>2026-08-17T18:47:53.769Z</time>
      </trkpt>
      <trkpt lat="46.021719" lon="11.381737">
        <ele>431.139793</ele>
        <time>2026-08-17T18:47:54.286Z</time>
      </trkpt>
      <trkpt lat="46.022000" lon="11.382406">
        <ele>430.436716</ele>
        <time>2026-08-17T18:47:58.024Z</time>
      </trkpt>
      <trkpt lat="46.022318" lon="11.383161">
        <ele>429.923871</ele>
        <time>2026-08-17T18:48:03.960Z</time>
      </trkpt>
      <trkpt lat="46.023028" lon="11.384560">
        <ele>428.831748</ele>
        <time>2026-08-17T18:48:12.671Z</time>
      </trkpt>
      <trkpt lat="46.023392" lon="11.384987">
        <ele>428.243486</ele>
        <time>2026-08-17T18:48:15.869Z</time>
      </trkpt>
      <trkpt lat="46.023798" lon="11.385322">
        <ele>427.657177</ele>
        <time>2026-08-17T18:48:18.976Z</time>
      </trkpt>
      <trkpt lat="46.024118" lon="11.385385">
        <ele>427.252480</ele>
        <time>2026-08-17T18:48:21.176Z</time>
      </trkpt>
      <trkpt lat="46.024232" lon="11.385358">
        <ele>427.107716</ele>
        <time>2026-08-17T18:48:21.993Z</time>
      </trkpt>
      <trkpt lat="46.024338" lon="11.385333">
        <ele>426.973126</ele>
        <time>2026-08-17T18:48:22.798Z</time>
      </trkpt>
      <trkpt lat="46.024572" lon="11.385356">
        <ele>426.878021</ele>
        <time>2026-08-17T18:48:24.737Z</time>
      </trkpt>
      <trkpt lat="46.025706" lon="11.386199">
        <ele>427.308165</ele>
        <time>2026-08-17T18:48:38.306Z</time>
      </trkpt>
      <trkpt lat="46.025823" lon="11.386301">
        <ele>427.354263</ele>
        <time>2026-08-17T18:48:39.901Z</time>
      </trkpt>
      <trkpt lat="46.026661" lon="11.386990">
        <ele>427.159321</ele>
        <time>2026-08-17T18:48:48.780Z</time>
      </trkpt>
      <trkpt lat="46.026891" lon="11.387068">
        <ele>427.064427</ele>
        <time>2026-08-17T18:48:50.543Z</time>
      </trkpt>
      <trkpt lat="46.027577" lon="11.387365">
        <ele>426.776751</ele>
        <time>2026-08-17T18:48:55.685Z</time>
      </trkpt>
      <trkpt lat="46.028081" lon="11.387531">
        <ele>426.729563</ele>
        <time>2026-08-17T18:48:59.808Z</time>
      </trkpt>
      <trkpt lat="46.028207" lon="11.387586">
        <ele>426.732987</ele>
        <time>2026-08-17T18:49:01.062Z</time>
      </trkpt>
      <trkpt lat="46.028332" lon="11.387698">
        <ele>426.736816</ele>
        <time>2026-08-17T18:49:02.586Z</time>
      </trkpt>
      <trkpt lat="46.028475" lon="11.387782">
        <ele>426.740833</ele>
        <time>2026-08-17T18:49:04.215Z</time>
      </trkpt>
      <trkpt lat="46.028636" lon="11.388081">
        <ele>426.747666</ele>
        <time>2026-08-17T18:49:07.017Z</time>
      </trkpt>
      <trkpt lat="46.028921" lon="11.388855">
        <ele>426.763487</ele>
        <time>2026-08-17T18:49:12.918Z</time>
      </trkpt>
      <trkpt lat="46.029020" lon="11.389057">
        <ele>426.726929</ele>
        <time>2026-08-17T18:49:14.453Z</time>
      </trkpt>
      <trkpt lat="46.029883" lon="11.390139">
        <ele>425.863310</ele>
        <time>2026-08-17T18:49:23.028Z</time>
      </trkpt>
      <trkpt lat="46.030094" lon="11.390577">
        <ele>425.583935</ele>
        <time>2026-08-17T18:49:25.625Z</time>
      </trkpt>
      <trkpt lat="46.030319" lon="11.390896">
        <ele>425.360867</ele>
        <time>2026-08-17T18:49:27.957Z</time>
      </trkpt>
      <trkpt lat="46.030556" lon="11.391175">
        <ele>425.185416</ele>
        <time>2026-08-17T18:49:30.374Z</time>
      </trkpt>
      <trkpt lat="46.031181" lon="11.391553">
        <ele>424.796862</ele>
        <time>2026-08-17T18:49:36.074Z</time>
      </trkpt>
      <trkpt lat="46.031776" lon="11.392222">
        <ele>424.352589</ele>
        <time>2026-08-17T18:49:41.860Z</time>
      </trkpt>
      <trkpt lat="46.032164" lon="11.392693">
        <ele>423.816574</ele>
        <time>2026-08-17T18:49:45.746Z</time>
      </trkpt>
      <trkpt lat="46.032312" lon="11.392886">
        <ele>423.605677</ele>
        <time>2026-08-17T18:49:47.250Z</time>
      </trkpt>
      <trkpt lat="46.032539" lon="11.393254">
        <ele>423.244651</ele>
        <time>2026-08-17T18:49:49.759Z</time>
      </trkpt>
      <trkpt lat="46.032842" lon="11.393821">
        <ele>422.719902</ele>
        <time>2026-08-17T18:49:53.352Z</time>
      </trkpt>
      <trkpt lat="46.032863" lon="11.393855">
        <ele>422.686527</ele>
        <time>2026-08-17T18:49:53.586Z</time>
      </trkpt>
      <trkpt lat="46.033509" lon="11.395060">
        <ele>420.412658</ele>
        <time>2026-08-17T18:50:00.713Z</time>
      </trkpt>
      <trkpt lat="46.034088" lon="11.395826">
        <ele>418.523616</ele>
        <time>2026-08-17T18:50:05.500Z</time>
      </trkpt>
      <trkpt lat="46.034226" lon="11.395893">
        <ele>418.173687</ele>
        <time>2026-08-17T18:50:06.381Z</time>
      </trkpt>
      <trkpt lat="46.034411" lon="11.395988">
        <ele>417.849579</ele>
        <time>2026-08-17T18:50:08.097Z</time>
      </trkpt>
      <trkpt lat="46.034478" lon="11.396030">
        <ele>417.731143</ele>
        <time>2026-08-17T18:50:08.540Z</time>
      </trkpt>
      <trkpt lat="46.034503" lon="11.396204">
        <ele>417.531199</ele>
        <time>2026-08-17T18:50:09.297Z</time>
      </trkpt>
      <trkpt lat="46.034684" lon="11.396830">
        <ele>416.768140</ele>
        <time>2026-08-17T18:50:12.306Z</time>
      </trkpt>
      <trkpt lat="46.035785" lon="11.400329">
        <ele>414.465085</ele>
        <time>2026-08-17T18:50:33.553Z</time>
      </trkpt>
      <trkpt lat="46.035887" lon="11.400550">
        <ele>414.401492</ele>
        <time>2026-08-17T18:50:35.124Z</time>
      </trkpt>
      <trkpt lat="46.035956" lon="11.400869">
        <ele>414.337747</ele>
        <time>2026-08-17T18:50:37.076Z</time>
      </trkpt>
      <trkpt lat="46.038424" lon="11.408723">
        <ele>414.227040</ele>
        <time>2026-08-17T18:51:26.805Z</time>
      </trkpt>
      <trkpt lat="46.038883" lon="11.409899">
        <ele>415.733206</ele>
        <time>2026-08-17T18:51:41.302Z</time>
      </trkpt>
      <trkpt lat="46.039167" lon="11.410431">
        <ele>417.864458</ele>
        <time>2026-08-17T18:51:50.599Z</time>
      </trkpt>
      <trkpt lat="46.039064" lon="11.410582">
        <ele>418.536746</ele>
        <time>2026-08-17T18:51:53.734Z</time>
      </trkpt>
      <trkpt lat="46.039011" lon="11.410660">
        <ele>418.883364</ele>
        <time>2026-08-17T18:51:55.366Z</time>
      </trkpt>
      <trkpt lat="46.039017" lon="11.410771">
        <ele>419.236928</ele>
        <time>2026-08-17T18:51:57.015Z</time>
      </trkpt>
      <trkpt lat="46.039253" lon="11.411181">
        <ele>420.928340</ele>
        <time>2026-08-17T18:52:04.915Z</time>
      </trkpt>
      <trkpt lat="46.039295" lon="11.411325">
        <ele>421.424358</ele>
        <time>2026-08-17T18:52:07.209Z</time>
      </trkpt>
      <trkpt lat="46.039204" lon="11.412023">
        <ele>423.676569</ele>
        <time>2026-08-17T18:52:17.278Z</time>
      </trkpt>
      <trkpt lat="46.039199" lon="11.412563">
        <ele>425.227447</ele>
        <time>2026-08-17T18:52:24.590Z</time>
      </trkpt>
      <trkpt lat="46.039330" lon="11.413168">
        <ele>427.047411</ele>
        <time>2026-08-17T18:52:33.576Z</time>
      </trkpt>
      <trkpt lat="46.040067" lon="11.415199">
        <ele>430.631394</ele>
        <time>2026-08-17T18:53:02.326Z</time>
      </trkpt>
      <trkpt lat="46.040929" lon="11.417257">
        <ele>427.027639</ele>
        <time>2026-08-17T18:53:12.528Z</time>
      </trkpt>
      <trkpt lat="46.041482" lon="11.418643">
        <ele>420.783633</ele>
        <time>2026-08-17T18:53:18.580Z</time>
      </trkpt>
      <trkpt lat="46.041840" lon="11.419308">
        <ele>417.118353</ele>
        <time>2026-08-17T18:53:21.699Z</time>
      </trkpt>
      <trkpt lat="46.041996" lon="11.419737">
        <ele>414.891404</ele>
        <time>2026-08-17T18:53:23.500Z</time>
      </trkpt>
      <trkpt lat="46.042204" lon="11.419945">
        <ele>413.214101</ele>
        <time>2026-08-17T18:53:24.861Z</time>
      </trkpt>
      <trkpt lat="46.042266" lon="11.420052">
        <ele>412.573193</ele>
        <time>2026-08-17T18:53:25.381Z</time>
      </trkpt>
      <trkpt lat="46.042763" lon="11.421658">
        <ele>405.800366</ele>
        <time>2026-08-17T18:53:32.105Z</time>
      </trkpt>
      <trkpt lat="46.043711" lon="11.423897">
        <ele>399.502879</ele>
        <time>2026-08-17T18:53:43.241Z</time>
      </trkpt>
      <trkpt lat="46.044490" lon="11.425604">
        <ele>396.452945</ele>
        <time>2026-08-17T18:53:52.634Z</time>
      </trkpt>
      <trkpt lat="46.044825" lon="11.426405">
        <ele>395.672040</ele>
        <time>2026-08-17T18:53:57.099Z</time>
      </trkpt>
      <trkpt lat="46.045982" lon="11.429211">
        <ele>393.838424</ele>
        <time>2026-08-17T18:54:14.066Z</time>
      </trkpt>
      <trkpt lat="46.046030" lon="11.429326">
        <ele>393.793127</ele>
        <time>2026-08-17T18:54:14.949Z</time>
      </trkpt>
      <trkpt lat="46.046091" lon="11.429280">
        <ele>393.759642</ele>
        <time>2026-08-17T18:54:15.656Z</time>
      </trkpt>
      <trkpt lat="46.046139" lon="11.429238">
        <ele>393.732331</ele>
        <time>2026-08-17T18:54:16.202Z</time>
      </trkpt>
      <trkpt lat="46.046178" lon="11.429199">
        <ele>393.709243</ele>
        <time>2026-08-17T18:54:16.673Z</time>
      </trkpt>
      <trkpt lat="46.046479" lon="11.429913">
        <ele>393.395686</ele>
        <time>2026-08-17T18:54:22.260Z</time>
      </trkpt>
      <trkpt lat="46.046505" lon="11.429976">
        <ele>393.365425</ele>
        <time>2026-08-17T18:54:22.755Z</time>
      </trkpt>
      <trkpt lat="46.046535" lon="11.429933">
        <ele>393.340254</ele>
        <time>2026-08-17T18:54:23.163Z</time>
      </trkpt>
      <trkpt lat="46.046591" lon="11.429879">
        <ele>393.300171</ele>
        <time>2026-08-17T18:54:23.763Z</time>
      </trkpt>
      <trkpt lat="46.046610" lon="11.429861">
        <ele>393.286645</ele>
        <time>2026-08-17T18:54:23.992Z</time>
      </trkpt>
      <trkpt lat="46.046692" lon="11.429928">
        <ele>393.230572</ele>
        <time>2026-08-17T18:54:24.882Z</time>
      </trkpt>
      <trkpt lat="46.046794" lon="11.430109">
        <ele>393.134316</ele>
        <time>2026-08-17T18:54:26.372Z</time>
      </trkpt>
      <trkpt lat="46.047531" lon="11.431932">
        <ele>391.925219</ele>
        <time>2026-08-17T18:54:36.993Z</time>
      </trkpt>
      <trkpt lat="46.048715" lon="11.434860">
        <ele>388.884430</ele>
        <time>2026-08-17T18:54:53.110Z</time>
      </trkpt>
      <trkpt lat="46.049061" lon="11.435897">
        <ele>388.035652</ele>
        <time>2026-08-17T18:54:59.246Z</time>
      </trkpt>
      <trkpt lat="46.049303" lon="11.436620">
        <ele>387.846103</ele>
        <time>2026-08-17T18:55:04.056Z</time>
      </trkpt>
      <trkpt lat="46.049799" lon="11.438258">
        <ele>387.513900</ele>
        <time>2026-08-17T18:55:14.623Z</time>
      </trkpt>
      <trkpt lat="46.050154" lon="11.439530">
        <ele>387.029952</ele>
        <time>2026-08-17T18:55:22.099Z</time>
      </trkpt>
      <trkpt lat="46.050734" lon="11.442034">
        <ele>386.100785</ele>
        <time>2026-08-17T18:55:36.511Z</time>
      </trkpt>
      <trkpt lat="46.051744" lon="11.446396">
        <ele>384.981645</ele>
        <time>2026-08-17T18:56:02.491Z</time>
      </trkpt>
      <trkpt lat="46.052593" lon="11.449867">
        <ele>384.912501</ele>
        <time>2026-08-17T18:56:25.620Z</time>
      </trkpt>
      <trkpt lat="46.052583" lon="11.450129">
        <ele>384.914338</ele>
        <time>2026-08-17T18:56:27.184Z</time>
      </trkpt>
      <trkpt lat="46.052606" lon="11.450227">
        <ele>384.915062</ele>
        <time>2026-08-17T18:56:27.799Z</time>
      </trkpt>
      <trkpt lat="46.052699" lon="11.450401">
        <ele>384.916600</ele>
        <time>2026-08-17T18:56:29.115Z</time>
      </trkpt>
      <trkpt lat="46.052750" lon="11.450676">
        <ele>384.922218</ele>
        <time>2026-08-17T18:56:30.856Z</time>
      </trkpt>
      <trkpt lat="46.052828" lon="11.450967">
        <ele>384.933349</ele>
        <time>2026-08-17T18:56:32.736Z</time>
      </trkpt>
      <trkpt lat="46.052988" lon="11.451674">
        <ele>384.959884</ele>
        <time>2026-08-17T18:56:37.112Z</time>
      </trkpt>
      <trkpt lat="46.053025" lon="11.451854">
        <ele>384.966582</ele>
        <time>2026-08-17T18:56:38.196Z</time>
      </trkpt>
      <trkpt lat="46.053049" lon="11.451975">
        <ele>384.971073</ele>
        <time>2026-08-17T18:56:38.933Z</time>
      </trkpt>
      <trkpt lat="46.053067" lon="11.452060">
        <ele>384.974244</ele>
        <time>2026-08-17T18:56:39.428Z</time>
      </trkpt>
      <trkpt lat="46.053054" lon="11.452065">
        <ele>384.974936</ele>
        <time>2026-08-17T18:56:39.542Z</time>
      </trkpt>
      <trkpt lat="46.052964" lon="11.452103">
        <ele>384.979758</ele>
        <time>2026-08-17T18:56:40.317Z</time>
      </trkpt>
      <trkpt lat="46.052875" lon="11.451726">
        <ele>384.993967</ele>
        <time>2026-08-17T18:56:42.810Z</time>
      </trkpt>
      <trkpt lat="46.052866" lon="11.451693">
        <ele>384.995232</ele>
        <time>2026-08-17T18:56:43.053Z</time>
      </trkpt>
      <trkpt lat="46.052799" lon="11.451261">
        <ele>385.035515</ele>
        <time>2026-08-17T18:56:46.063Z</time>
      </trkpt>
      <trkpt lat="46.052805" lon="11.451195">
        <ele>385.107091</ele>
        <time>2026-08-17T18:56:46.525Z</time>
      </trkpt>
      <trkpt lat="46.052775" lon="11.451070">
        <ele>385.249314</ele>
        <time>2026-08-17T18:56:47.512Z</time>
      </trkpt>
      <trkpt lat="46.052680" lon="11.450989">
        <ele>385.420349</ele>
        <time>2026-08-17T18:56:48.714Z</time>
      </trkpt>
      <trkpt lat="46.052595" lon="11.451006">
        <ele>385.553314</ele>
        <time>2026-08-17T18:56:49.708Z</time>
      </trkpt>
      <trkpt lat="46.052531" lon="11.451087">
        <ele>385.685298</ele>
        <time>2026-08-17T18:56:50.722Z</time>
      </trkpt>
      <trkpt lat="46.052513" lon="11.451149">
        <ele>385.757566</ele>
        <time>2026-08-17T18:56:51.299Z</time>
      </trkpt>
      <trkpt lat="46.052522" lon="11.451288">
        <ele>385.907683</ele>
        <time>2026-08-17T18:56:52.459Z</time>
      </trkpt>
      <trkpt lat="46.052549" lon="11.451346">
        <ele>385.982782</ele>
        <time>2026-08-17T18:56:53.064Z</time>
      </trkpt>
      <trkpt lat="46.052558" lon="11.451358">
        <ele>386.001781</ele>
        <time>2026-08-17T18:56:53.219Z</time>
      </trkpt>
      <trkpt lat="46.052528" lon="11.451598">
        <ele>386.264007</ele>
        <time>2026-08-17T18:56:55.416Z</time>
      </trkpt>
      <trkpt lat="46.052526" lon="11.451653">
        <ele>386.323230</ele>
        <time>2026-08-17T18:56:55.922Z</time>
      </trkpt>
      <trkpt lat="46.052312" lon="11.452334">
        <ele>387.127087</ele>
        <time>2026-08-17T18:57:02.907Z</time>
      </trkpt>
      <trkpt lat="46.052281" lon="11.452413">
        <ele>387.224676</ele>
        <time>2026-08-17T18:57:03.794Z</time>
      </trkpt>
      <trkpt lat="46.052255" lon="11.452478">
        <ele>387.305350</ele>
        <time>2026-08-17T18:57:04.513Z</time>
      </trkpt>
      <trkpt lat="46.052244" lon="11.452507">
        <ele>387.340888</ele>
        <time>2026-08-17T18:57:04.839Z</time>
      </trkpt>
      <trkpt lat="46.052032" lon="11.453039">
        <ele>387.967414</ele>
        <time>2026-08-17T18:57:10.988Z</time>
      </trkpt>
      <trkpt lat="46.051854" lon="11.453478">
        <ele>388.425099</ele>
        <time>2026-08-17T18:57:15.849Z</time>
      </trkpt>
      <trkpt lat="46.051783" lon="11.453648">
        <ele>388.603704</ele>
        <time>2026-08-17T18:57:17.576Z</time>
      </trkpt>
      <trkpt lat="46.051663" lon="11.453964">
        <ele>388.927965</ele>
        <time>2026-08-17T18:57:20.505Z</time>
      </trkpt>
      <trkpt lat="46.051583" lon="11.454164">
        <ele>389.135766</ele>
        <time>2026-08-17T18:57:22.240Z</time>
      </trkpt>
      <trkpt lat="46.051447" lon="11.454528">
        <ele>389.507904</ele>
        <time>2026-08-17T18:57:25.238Z</time>
      </trkpt>
      <trkpt lat="46.051402" lon="11.454662">
        <ele>389.641910</ele>
        <time>2026-08-17T18:57:26.325Z</time>
      </trkpt>
      <trkpt lat="46.051339" lon="11.454964">
        <ele>389.925785</ele>
        <time>2026-08-17T18:57:28.790Z</time>
      </trkpt>
      <trkpt lat="46.051323" lon="11.455175">
        <ele>390.116857</ele>
        <time>2026-08-17T18:57:30.505Z</time>
      </trkpt>
      <trkpt lat="46.051325" lon="11.455635">
        <ele>390.518251</ele>
        <time>2026-08-17T18:57:34.011Z</time>
      </trkpt>
      <trkpt lat="46.051385" lon="11.456004">
        <ele>390.848606</ele>
        <time>2026-08-17T18:57:36.927Z</time>
      </trkpt>
      <trkpt lat="46.051462" lon="11.456435">
        <ele>391.236542</ele>
        <time>2026-08-17T18:57:40.631Z</time>
      </trkpt>
      <trkpt lat="46.051492" lon="11.456600">
        <ele>391.385221</ele>
        <time>2026-08-17T18:57:42.134Z</time>
      </trkpt>
      <trkpt lat="46.051607" lon="11.457172">
        <ele>391.904313</ele>
        <time>2026-08-17T18:57:47.518Z</time>
      </trkpt>
      <trkpt lat="46.051705" lon="11.457649">
        <ele>392.337932</ele>
        <time>2026-08-17T18:57:52.037Z</time>
      </trkpt>
      <trkpt lat="46.051717" lon="11.457706">
        <ele>392.389033</ele>
        <time>2026-08-17T18:57:52.571Z</time>
      </trkpt>
      <trkpt lat="46.051863" lon="11.458435">
        <ele>392.300518</ele>
        <time>2026-08-17T18:57:58.507Z</time>
      </trkpt>
      <trkpt lat="46.051881" lon="11.458527">
        <ele>392.289367</ele>
        <time>2026-08-17T18:57:59.181Z</time>
      </trkpt>
      <trkpt lat="46.052021" lon="11.459315">
        <ele>392.194474</ele>
        <time>2026-08-17T18:58:04.135Z</time>
      </trkpt>
      <trkpt lat="46.052077" lon="11.459632">
        <ele>392.156314</ele>
        <time>2026-08-17T18:58:05.842Z</time>
      </trkpt>
      <trkpt lat="46.052232" lon="11.460510">
        <ele>391.552042</ele>
        <time>2026-08-17T18:58:10.157Z</time>
      </trkpt>
      <trkpt lat="46.052254" lon="11.460632">
        <ele>391.334579</ele>
        <time>2026-08-17T18:58:10.721Z</time>
      </trkpt>
      <trkpt lat="46.052260" lon="11.460666">
        <ele>391.274055</ele>
        <time>2026-08-17T18:58:10.874Z</time>
      </trkpt>
      <trkpt lat="46.052356" lon="11.461173">
        <ele>390.367411</ele>
        <time>2026-08-17T18:58:13.139Z</time>
      </trkpt>
      <trkpt lat="46.052459" lon="11.461607">
        <ele>389.576109</ele>
        <time>2026-08-17T18:58:15.088Z</time>
      </trkpt>
      <trkpt lat="46.052872" lon="11.462856">
        <ele>387.139219</ele>
        <time>2026-08-17T18:58:21.153Z</time>
      </trkpt>
      <trkpt lat="46.052877" lon="11.462871">
        <ele>387.107141</ele>
        <time>2026-08-17T18:58:21.222Z</time>
      </trkpt>
      <trkpt lat="46.052995" lon="11.463094">
        <ele>386.566559</ele>
        <time>2026-08-17T18:58:22.433Z</time>
      </trkpt>
      <trkpt lat="46.052983" lon="11.463132">
        <ele>386.486079</ele>
        <time>2026-08-17T18:58:22.609Z</time>
      </trkpt>
      <trkpt lat="46.052992" lon="11.463211">
        <ele>386.331752</ele>
        <time>2026-08-17T18:58:22.955Z</time>
      </trkpt>
      <trkpt lat="46.053005" lon="11.463234">
        <ele>386.274570</ele>
        <time>2026-08-17T18:58:23.081Z</time>
      </trkpt>
      <trkpt lat="46.053041" lon="11.463261">
        <ele>386.161838</ele>
        <time>2026-08-17T18:58:23.332Z</time>
      </trkpt>
      <trkpt lat="46.053095" lon="11.463502">
        <ele>385.673647</ele>
        <time>2026-08-17T18:58:24.420Z</time>
      </trkpt>
      <trkpt lat="46.053241" lon="11.463899">
        <ele>384.807537</ele>
        <time>2026-08-17T18:58:26.363Z</time>
      </trkpt>
      <trkpt lat="46.053308" lon="11.464083">
        <ele>384.406981</ele>
        <time>2026-08-17T18:58:27.273Z</time>
      </trkpt>
      <trkpt lat="46.053321" lon="11.464125">
        <ele>384.318330</ele>
        <time>2026-08-17T18:58:27.471Z</time>
      </trkpt>
      <trkpt lat="46.053538" lon="11.464726">
        <ele>383.012365</ele>
        <time>2026-08-17T18:58:30.423Z</time>
      </trkpt>
      <trkpt lat="46.053874" lon="11.465739">
        <ele>381.600820</ele>
        <time>2026-08-17T18:58:35.183Z</time>
      </trkpt>
      <trkpt lat="46.053859" lon="11.465820">
        <ele>381.507889</ele>
        <time>2026-08-17T18:58:35.554Z</time>
      </trkpt>
      <trkpt lat="46.053879" lon="11.465898">
        <ele>381.415711</ele>
        <time>2026-08-17T18:58:35.921Z</time>
      </trkpt>
      <trkpt lat="46.053956" lon="11.465951">
        <ele>381.279405</ele>
        <time>2026-08-17T18:58:36.480Z</time>
      </trkpt>
      <trkpt lat="46.054166" lon="11.466599">
        <ele>380.486627</ele>
        <time>2026-08-17T18:58:39.926Z</time>
      </trkpt>
      <trkpt lat="46.054263" lon="11.466862">
        <ele>380.156473</ele>
        <time>2026-08-17T18:58:41.488Z</time>
      </trkpt>
      <trkpt lat="46.054799" lon="11.468394">
        <ele>380.963488</ele>
        <time>2026-08-17T18:58:54.404Z</time>
      </trkpt>
      <trkpt lat="46.054908" lon="11.468796">
        <ele>381.353774</ele>
        <time>2026-08-17T18:58:58.761Z</time>
      </trkpt>
      <trkpt lat="46.055065" lon="11.469592">
        <ele>382.097724</ele>
        <time>2026-08-17T18:59:06.678Z</time>
      </trkpt>
      <trkpt lat="46.055135" lon="11.470199">
        <ele>382.449239</ele>
        <time>2026-08-17T18:59:12.437Z</time>
      </trkpt>
      <trkpt lat="46.055140" lon="11.470648">
        <ele>382.705771</ele>
        <time>2026-08-17T18:59:16.218Z</time>
      </trkpt>
      <trkpt lat="46.055139" lon="11.470716">
        <ele>382.744626</ele>
        <time>2026-08-17T18:59:16.729Z</time>
      </trkpt>
      <trkpt lat="46.055180" lon="11.470797">
        <ele>382.801899</ele>
        <time>2026-08-17T18:59:17.503Z</time>
      </trkpt>
      <trkpt lat="46.055184" lon="11.471091">
        <ele>382.969884</ele>
        <time>2026-08-17T18:59:19.625Z</time>
      </trkpt>
      <trkpt lat="46.055120" lon="11.471551">
        <ele>383.237896</ele>
        <time>2026-08-17T18:59:22.566Z</time>
      </trkpt>
      <trkpt lat="46.054865" lon="11.473171">
        <ele>383.522670</ele>
        <time>2026-08-17T18:59:32.192Z</time>
      </trkpt>
      <trkpt lat="46.054815" lon="11.473485">
        <ele>383.508274</ele>
        <time>2026-08-17T18:59:34.155Z</time>
      </trkpt>
      <trkpt lat="46.054785" lon="11.473675">
        <ele>383.499566</ele>
        <time>2026-08-17T18:59:35.388Z</time>
      </trkpt>
      <trkpt lat="46.054774" lon="11.473749">
        <ele>383.496185</ele>
        <time>2026-08-17T18:59:35.879Z</time>
      </trkpt>
      <trkpt lat="46.054713" lon="11.474064">
        <ele>383.481570</ele>
        <time>2026-08-17T18:59:38.053Z</time>
      </trkpt>
      <trkpt lat="46.054722" lon="11.474141">
        <ele>383.478081</ele>
        <time>2026-08-17T18:59:38.581Z</time>
      </trkpt>
      <trkpt lat="46.054703" lon="11.474160">
        <ele>383.476592</ele>
        <time>2026-08-17T18:59:38.793Z</time>
      </trkpt>
      <trkpt lat="46.054640" lon="11.474272">
        <ele>383.470149</ele>
        <time>2026-08-17T18:59:39.765Z</time>
      </trkpt>
      <trkpt lat="46.054631" lon="11.474343">
        <ele>383.466924</ele>
        <time>2026-08-17T18:59:40.239Z</time>
      </trkpt>
      <trkpt lat="46.054664" lon="11.474477">
        <ele>383.460570</ele>
        <time>2026-08-17T18:59:41.184Z</time>
      </trkpt>
      <trkpt lat="46.054624" lon="11.474900">
        <ele>383.201189</ele>
        <time>2026-08-17T18:59:43.935Z</time>
      </trkpt>
      <trkpt lat="46.054506" lon="11.475561">
        <ele>382.629517</ele>
        <time>2026-08-17T18:59:47.747Z</time>
      </trkpt>
      <trkpt lat="46.054436" lon="11.475991">
        <ele>382.259577</ele>
        <time>2026-08-17T18:59:50.003Z</time>
      </trkpt>
      <trkpt lat="46.053933" lon="11.479580">
        <ele>377.364303</ele>
        <time>2026-08-17T19:00:06.409Z</time>
      </trkpt>
      <trkpt lat="46.053684" lon="11.481356">
        <ele>374.027031</ele>
        <time>2026-08-17T19:00:14.455Z</time>
      </trkpt>
      <trkpt lat="46.052898" lon="11.486861">
        <ele>362.375492</ele>
        <time>2026-08-17T19:00:38.124Z</time>
      </trkpt>
      <trkpt lat="46.052512" lon="11.489721">
        <ele>358.909673</ele>
        <time>2026-08-17T19:00:52.477Z</time>
      </trkpt>
      <trkpt lat="46.052211" lon="11.491707">
        <ele>355.772054</ele>
        <time>2026-08-17T19:01:01.498Z</time>
      </trkpt>
      <trkpt lat="46.052156" lon="11.492091">
        <ele>355.155279</ele>
        <time>2026-08-17T19:01:03.204Z</time>
      </trkpt>
      <trkpt lat="46.052102" lon="11.492509">
        <ele>354.666783</ele>
        <time>2026-08-17T19:01:05.054Z</time>
      </trkpt>
      <trkpt lat="46.052093" lon="11.492586">
        <ele>354.642899</ele>
        <time>2026-08-17T19:01:05.412Z</time>
      </trkpt>
      <trkpt lat="46.052072" lon="11.492773">
        <ele>354.584956</ele>
        <time>2026-08-17T19:01:06.268Z</time>
      </trkpt>
      <trkpt lat="46.052042" lon="11.493084">
        <ele>354.488913</ele>
        <time>2026-08-17T19:01:07.721Z</time>
      </trkpt>
      <trkpt lat="46.052034" lon="11.493173">
        <ele>354.461462</ele>
        <time>2026-08-17T19:01:08.147Z</time>
      </trkpt>
      <trkpt lat="46.051999" lon="11.493547">
        <ele>354.346028</ele>
        <time>2026-08-17T19:01:10.088Z</time>
      </trkpt>
      <trkpt lat="46.051979" lon="11.493762">
        <ele>354.279676</ele>
        <time>2026-08-17T19:01:11.346Z</time>
      </trkpt>
      <trkpt lat="46.051972" lon="11.493827">
        <ele>354.259556</ele>
        <time>2026-08-17T19:01:11.745Z</time>
      </trkpt>
      <trkpt lat="46.051955" lon="11.493934">
        <ele>354.225981</ele>
        <time>2026-08-17T19:01:12.467Z</time>
      </trkpt>
      <trkpt lat="46.051908" lon="11.494124">
        <ele>354.164282</ele>
        <time>2026-08-17T19:01:13.863Z</time>
      </trkpt>
      <trkpt lat="46.051899" lon="11.494129">
        <ele>354.160031</ele>
        <time>2026-08-17T19:01:13.961Z</time>
      </trkpt>
      <trkpt lat="46.051854" lon="11.494201">
        <ele>354.130393</ele>
        <time>2026-08-17T19:01:14.647Z</time>
      </trkpt>
      <trkpt lat="46.051851" lon="11.494250">
        <ele>354.115347</ele>
        <time>2026-08-17T19:01:15.002Z</time>
      </trkpt>
      <trkpt lat="46.051858" lon="11.494284">
        <ele>354.104499</ele>
        <time>2026-08-17T19:01:15.261Z</time>
      </trkpt>
      <trkpt lat="46.051881" lon="11.494326">
        <ele>354.088134</ele>
        <time>2026-08-17T19:01:15.655Z</time>
      </trkpt>
      <trkpt lat="46.051952" lon="11.494347">
        <ele>354.056189</ele>
        <time>2026-08-17T19:01:16.420Z</time>
      </trkpt>
      <trkpt lat="46.051974" lon="11.494334">
        <ele>354.045709</ele>
        <time>2026-08-17T19:01:16.679Z</time>
      </trkpt>
      <trkpt lat="46.052012" lon="11.494343">
        <ele>354.028736</ele>
        <time>2026-08-17T19:01:17.093Z</time>
      </trkpt>
      <trkpt lat="46.052370" lon="11.494477">
        <ele>354.126069</ele>
        <time>2026-08-17T19:01:26.352Z</time>
      </trkpt>
      <trkpt lat="46.052402" lon="11.494488">
        <ele>354.184364</ele>
        <time>2026-08-17T19:01:27.187Z</time>
      </trkpt>
      <trkpt lat="46.052505" lon="11.494543">
        <ele>354.379012</ele>
        <time>2026-08-17T19:01:30.135Z</time>
      </trkpt>
      <trkpt lat="46.052565" lon="11.494580">
        <ele>354.494660</ele>
        <time>2026-08-17T19:01:31.245Z</time>
      </trkpt>
      <trkpt lat="46.052774" lon="11.494705">
        <ele>354.895647</ele>
        <time>2026-08-17T19:01:34.504Z</time>
      </trkpt>
      <trkpt lat="46.052807" lon="11.494742">
        <ele>354.969741</ele>
        <time>2026-08-17T19:01:35.077Z</time>
      </trkpt>
      <trkpt lat="46.053084" lon="11.494895">
        <ele>355.495416</ele>
        <time>2026-08-17T19:01:39.300Z</time>
      </trkpt>
      <trkpt lat="46.053117" lon="11.494907">
        <ele>355.555726</ele>
        <time>2026-08-17T19:01:39.801Z</time>
      </trkpt>
      <trkpt lat="46.053215" lon="11.494938">
        <ele>355.733518</ele>
        <time>2026-08-17T19:01:41.229Z</time>
      </trkpt>
      <trkpt lat="46.053444" lon="11.494989">
        <ele>356.144128</ele>
        <time>2026-08-17T19:01:44.427Z</time>
      </trkpt>
      <trkpt lat="46.054439" lon="11.495212">
        <ele>358.158169</ele>
        <time>2026-08-17T19:01:57.019Z</time>
      </trkpt>
      <trkpt lat="46.054606" lon="11.495250">
        <ele>358.541305</ele>
        <time>2026-08-17T19:01:59.245Z</time>
      </trkpt>
      <trkpt lat="46.054643" lon="11.495258">
        <ele>358.626091</ele>
        <time>2026-08-17T19:01:59.747Z</time>
      </trkpt>
      <trkpt lat="46.054727" lon="11.495278">
        <ele>358.819028</ele>
        <time>2026-08-17T19:02:00.891Z</time>
      </trkpt>
      <trkpt lat="46.054746" lon="11.495282">
        <ele>358.862542</ele>
        <time>2026-08-17T19:02:01.176Z</time>
      </trkpt>
      <trkpt lat="46.054888" lon="11.495330">
        <ele>359.193070</ele>
        <time>2026-08-17T19:02:03.222Z</time>
      </trkpt>
      <trkpt lat="46.055140" lon="11.495548">
        <ele>359.859143</ele>
        <time>2026-08-17T19:02:07.382Z</time>
      </trkpt>
      <trkpt lat="46.055554" lon="11.496047">
        <ele>361.082255</ele>
        <time>2026-08-17T19:02:15.668Z</time>
      </trkpt>
      <trkpt lat="46.055728" lon="11.496204">
        <ele>361.758020</ele>
        <time>2026-08-17T19:02:19.209Z</time>
      </trkpt>
      <trkpt lat="46.055922" lon="11.496326">
        <ele>362.513086</ele>
        <time>2026-08-17T19:02:23.023Z</time>
      </trkpt>
      <trkpt lat="46.056251" lon="11.496421">
        <ele>363.710024</ele>
        <time>2026-08-17T19:02:29.345Z</time>
      </trkpt>
      <trkpt lat="46.056859" lon="11.496505">
        <ele>365.888827</ele>
        <time>2026-08-17T19:02:40.534Z</time>
      </trkpt>
      <trkpt lat="46.057775" lon="11.496569">
        <ele>368.745678</ele>
        <time>2026-08-17T19:02:56.070Z</time>
      </trkpt>
      <trkpt lat="46.057865" lon="11.496575">
        <ele>368.981846</ele>
        <time>2026-08-17T19:02:57.456Z</time>
      </trkpt>
      <trkpt lat="46.058524" lon="11.496649">
        <ele>370.714515</ele>
        <time>2026-08-17T19:03:06.953Z</time>
      </trkpt>
      <trkpt lat="46.058774" lon="11.496758">
        <ele>371.399174</ele>
        <time>2026-08-17T19:03:10.637Z</time>
      </trkpt>
      <trkpt lat="46.060182" lon="11.497690">
        <ele>374.982096</ele>
        <time>2026-08-17T19:03:33.189Z</time>
      </trkpt>
      <trkpt lat="46.060337" lon="11.497816">
        <ele>375.377683</ele>
        <time>2026-08-17T19:03:35.708Z</time>
      </trkpt>
      <trkpt lat="46.060490" lon="11.498003">
        <ele>375.823634</ele>
        <time>2026-08-17T19:03:38.489Z</time>
      </trkpt>
      <trkpt lat="46.060534" lon="11.498096">
        <ele>375.997255</ele>
        <time>2026-08-17T19:03:39.518Z</time>
      </trkpt>
      <trkpt lat="46.060909" lon="11.498897">
        <ele>377.068187</ele>
        <time>2026-08-17T19:03:48.728Z</time>
      </trkpt>
      <trkpt lat="46.060934" lon="11.498951">
        <ele>377.132653</ele>
        <time>2026-08-17T19:03:49.321Z</time>
      </trkpt>
      <trkpt lat="46.060952" lon="11.498986">
        <ele>377.175916</ele>
        <time>2026-08-17T19:03:49.713Z</time>
      </trkpt>
      <trkpt lat="46.061148" lon="11.499373">
        <ele>377.651716</ele>
        <time>2026-08-17T19:03:53.850Z</time>
      </trkpt>
      <trkpt lat="46.061160" lon="11.499398">
        <ele>377.681904</ele>
        <time>2026-08-17T19:03:54.101Z</time>
      </trkpt>
      <trkpt lat="46.061163" lon="11.499405">
        <ele>377.690074</ele>
        <time>2026-08-17T19:03:54.171Z</time>
      </trkpt>
      <trkpt lat="46.061179" lon="11.499439">
        <ele>377.730871</ele>
        <time>2026-08-17T19:03:54.505Z</time>
      </trkpt>
      <trkpt lat="46.061636" lon="11.500168">
        <ele>378.706506</ele>
        <time>2026-08-17T19:04:02.048Z</time>
      </trkpt>
      <trkpt lat="46.061954" lon="11.500624">
        <ele>379.130820</ele>
        <time>2026-08-17T19:04:07.371Z</time>
      </trkpt>
      <trkpt lat="46.062151" lon="11.500910">
        <ele>379.343437</ele>
        <time>2026-08-17T19:04:10.458Z</time>
      </trkpt>
      <trkpt lat="46.062539" lon="11.501487">
        <ele>379.767358</ele>
        <time>2026-08-17T19:04:16.401Z</time>
      </trkpt>
      <trkpt lat="46.062784" lon="11.502034">
        <ele>380.110853</ele>
        <time>2026-08-17T19:04:20.926Z</time>
      </trkpt>
      <trkpt lat="46.062870" lon="11.502287">
        <ele>380.251375</ele>
        <time>2026-08-17T19:04:22.985Z</time>
      </trkpt>
      <trkpt lat="46.062945" lon="11.502505">
        <ele>380.246543</ele>
        <time>2026-08-17T19:04:24.765Z</time>
      </trkpt>
      <trkpt lat="46.063156" lon="11.503059">
        <ele>380.233995</ele>
        <time>2026-08-17T19:04:29.223Z</time>
      </trkpt>
      <trkpt lat="46.063274" lon="11.503327">
        <ele>380.227692</ele>
        <time>2026-08-17T19:04:31.274Z</time>
      </trkpt>
      <trkpt lat="46.063314" lon="11.503415">
        <ele>380.225604</ele>
        <time>2026-08-17T19:04:31.958Z</time>
      </trkpt>
      <trkpt lat="46.063629" lon="11.503991">
        <ele>380.211041</ele>
        <time>2026-08-17T19:04:36.065Z</time>
      </trkpt>
      <trkpt lat="46.063760" lon="11.504264">
        <ele>380.204451</ele>
        <time>2026-08-17T19:04:37.875Z</time>
      </trkpt>
      <trkpt lat="46.063781" lon="11.504322">
        <ele>380.203152</ele>
        <time>2026-08-17T19:04:38.242Z</time>
      </trkpt>
      <trkpt lat="46.063911" lon="11.504799">
        <ele>380.028724</ele>
        <time>2026-08-17T19:04:40.966Z</time>
      </trkpt>
      <trkpt lat="46.063959" lon="11.505025">
        <ele>379.917302</ele>
        <time>2026-08-17T19:04:42.177Z</time>
      </trkpt>
      <trkpt lat="46.064067" lon="11.505628">
        <ele>379.623713</ele>
        <time>2026-08-17T19:04:45.433Z</time>
      </trkpt>
      <trkpt lat="46.064175" lon="11.506125">
        <ele>379.378193</ele>
        <time>2026-08-17T19:04:47.987Z</time>
      </trkpt>
      <trkpt lat="46.064267" lon="11.506391">
        <ele>379.238078</ele>
        <time>2026-08-17T19:04:49.498Z</time>
      </trkpt>
      <trkpt lat="46.064276" lon="11.506412">
        <ele>379.226442</ele>
        <time>2026-08-17T19:04:49.626Z</time>
      </trkpt>
      <trkpt lat="46.064305" lon="11.506472">
        <ele>379.191970</ele>
        <time>2026-08-17T19:04:50.001Z</time>
      </trkpt>
      <trkpt lat="46.064320" lon="11.506501">
        <ele>379.174918</ele>
        <time>2026-08-17T19:04:50.208Z</time>
      </trkpt>
      <trkpt lat="46.064581" lon="11.506877">
        <ele>379.025311</ele>
        <time>2026-08-17T19:04:53.257Z</time>
      </trkpt>
      <trkpt lat="46.064595" lon="11.506967">
        <ele>379.063324</ele>
        <time>2026-08-17T19:04:53.878Z</time>
      </trkpt>
      <trkpt lat="46.064577" lon="11.507031">
        <ele>379.091785</ele>
        <time>2026-08-17T19:04:54.364Z</time>
      </trkpt>
      <trkpt lat="46.064498" lon="11.507164">
        <ele>379.163942</ele>
        <time>2026-08-17T19:04:55.601Z</time>
      </trkpt>
      <trkpt lat="46.064473" lon="11.507321">
        <ele>379.230330</ele>
        <time>2026-08-17T19:04:56.777Z</time>
      </trkpt>
      <trkpt lat="46.064530" lon="11.507521">
        <ele>379.319440</ele>
        <time>2026-08-17T19:04:58.423Z</time>
      </trkpt>
      <trkpt lat="46.064545" lon="11.507548">
        <ele>379.333695</ele>
        <time>2026-08-17T19:04:58.675Z</time>
      </trkpt>
      <trkpt lat="46.064796" lon="11.507981">
        <ele>379.566235</ele>
        <time>2026-08-17T19:05:03.262Z</time>
      </trkpt>
      <trkpt lat="46.064922" lon="11.508190">
        <ele>379.680344</ele>
        <time>2026-08-17T19:05:05.289Z</time>
      </trkpt>
      <trkpt lat="46.065008" lon="11.508375">
        <ele>379.772120</ele>
        <time>2026-08-17T19:05:06.801Z</time>
      </trkpt>
      <trkpt lat="46.065094" lon="11.508642">
        <ele>379.893439</ele>
        <time>2026-08-17T19:05:08.956Z</time>
      </trkpt>
      <trkpt lat="46.065102" lon="11.508689">
        <ele>379.913384</ele>
        <time>2026-08-17T19:05:09.336Z</time>
      </trkpt>
      <trkpt lat="46.065102" lon="11.508937">
        <ele>380.015593</ele>
        <time>2026-08-17T19:05:11.235Z</time>
      </trkpt>
      <trkpt lat="46.065092" lon="11.509083">
        <ele>380.082107</ele>
        <time>2026-08-17T19:05:12.368Z</time>
      </trkpt>
      <trkpt lat="46.065080" lon="11.509231">
        <ele>380.156094</ele>
        <time>2026-08-17T19:05:13.474Z</time>
      </trkpt>
      <trkpt lat="46.065012" lon="11.509544">
        <ele>380.318951</ele>
        <time>2026-08-17T19:05:15.920Z</time>
      </trkpt>
      <trkpt lat="46.064880" lon="11.510076">
        <ele>380.599491</ele>
        <time>2026-08-17T19:05:19.830Z</time>
      </trkpt>
      <trkpt lat="46.064864" lon="11.510138">
        <ele>380.632337</ele>
        <time>2026-08-17T19:05:20.327Z</time>
      </trkpt>
      <trkpt lat="46.064655" lon="11.510860">
        <ele>381.020788</ele>
        <time>2026-08-17T19:05:25.464Z</time>
      </trkpt>
      <trkpt lat="46.064618" lon="11.510962">
        <ele>381.077939</ele>
        <time>2026-08-17T19:05:26.306Z</time>
      </trkpt>
      <trkpt lat="46.064563" lon="11.511099">
        <ele>381.156531</ele>
        <time>2026-08-17T19:05:27.396Z</time>
      </trkpt>
      <trkpt lat="46.064549" lon="11.511147">
        <ele>381.182385</ele>
        <time>2026-08-17T19:05:27.831Z</time>
      </trkpt>
      <trkpt lat="46.064499" lon="11.511285">
        <ele>381.259688</ele>
        <time>2026-08-17T19:05:28.948Z</time>
      </trkpt>
      <trkpt lat="46.064471" lon="11.511347">
        <ele>381.296420</ele>
        <time>2026-08-17T19:05:29.579Z</time>
      </trkpt>
      <trkpt lat="46.064459" lon="11.511378">
        <ele>381.314047</ele>
        <time>2026-08-17T19:05:29.847Z</time>
      </trkpt>
      <trkpt lat="46.064318" lon="11.511798">
        <ele>382.058292</ele>
        <time>2026-08-17T19:05:33.972Z</time>
      </trkpt>
      <trkpt lat="46.064217" lon="11.512096">
        <ele>382.621067</ele>
        <time>2026-08-17T19:05:37.301Z</time>
      </trkpt>
      <trkpt lat="46.063967" lon="11.512752">
        <ele>383.891081</ele>
        <time>2026-08-17T19:05:45.032Z</time>
      </trkpt>
      <trkpt lat="46.063854" lon="11.512981">
        <ele>384.367917</ele>
        <time>2026-08-17T19:05:47.912Z</time>
      </trkpt>
      <trkpt lat="46.063701" lon="11.513252">
        <ele>384.960774</ele>
        <time>2026-08-17T19:05:51.675Z</time>
      </trkpt>
      <trkpt lat="46.063628" lon="11.513387">
        <ele>385.251207</ele>
        <time>2026-08-17T19:05:53.611Z</time>
      </trkpt>
      <trkpt lat="46.063561" lon="11.513514">
        <ele>385.521932</ele>
        <time>2026-08-17T19:05:55.412Z</time>
      </trkpt>
      <trkpt lat="46.063256" lon="11.514057">
        <ele>387.361318</ele>
        <time>2026-08-17T19:06:04.236Z</time>
      </trkpt>
      <trkpt lat="46.063166" lon="11.514209">
        <ele>387.927810</ele>
        <time>2026-08-17T19:06:06.844Z</time>
      </trkpt>
      <trkpt lat="46.063142" lon="11.514254">
        <ele>388.088717</ele>
        <time>2026-08-17T19:06:07.613Z</time>
      </trkpt>
      <trkpt lat="46.063122" lon="11.514290">
        <ele>388.219461</ele>
        <time>2026-08-17T19:06:08.187Z</time>
      </trkpt>
      <trkpt lat="46.063019" lon="11.514474">
        <ele>388.889696</ele>
        <time>2026-08-17T19:06:11.175Z</time>
      </trkpt>
      <trkpt lat="46.062922" lon="11.514645">
        <ele>389.515869</ele>
        <time>2026-08-17T19:06:13.978Z</time>
      </trkpt>
      <trkpt lat="46.062904" lon="11.514678">
        <ele>389.634870</ele>
        <time>2026-08-17T19:06:14.537Z</time>
      </trkpt>
      <trkpt lat="46.062869" lon="11.514741">
        <ele>389.863672</ele>
        <time>2026-08-17T19:06:15.605Z</time>
      </trkpt>
      <trkpt lat="46.062790" lon="11.514881">
        <ele>390.375257</ele>
        <time>2026-08-17T19:06:18.091Z</time>
      </trkpt>
      <trkpt lat="46.062581" lon="11.515256">
        <ele>391.738878</ele>
        <time>2026-08-17T19:06:24.744Z</time>
      </trkpt>
      <trkpt lat="46.062571" lon="11.515273">
        <ele>391.802062</ele>
        <time>2026-08-17T19:06:25.043Z</time>
      </trkpt>
      <trkpt lat="46.062372" lon="11.515570">
        <ele>392.972562</ele>
        <time>2026-08-17T19:06:30.550Z</time>
      </trkpt>
      <trkpt lat="46.062162" lon="11.515874">
        <ele>394.351213</ele>
        <time>2026-08-17T19:06:36.509Z</time>
      </trkpt>
      <trkpt lat="46.062001" lon="11.516113">
        <ele>395.434180</ele>
        <time>2026-08-17T19:06:41.065Z</time>
      </trkpt>
      <trkpt lat="46.061934" lon="11.516208">
        <ele>395.874569</ele>
        <time>2026-08-17T19:06:42.915Z</time>
      </trkpt>
      <trkpt lat="46.061825" lon="11.516364">
        <ele>396.594333</ele>
        <time>2026-08-17T19:06:45.887Z</time>
      </trkpt>
      <trkpt lat="46.061761" lon="11.516490">
        <ele>397.102004</ele>
        <time>2026-08-17T19:06:47.955Z</time>
      </trkpt>
      <trkpt lat="46.061724" lon="11.516620">
        <ele>397.558827</ele>
        <time>2026-08-17T19:06:49.820Z</time>
      </trkpt>
      <trkpt lat="46.061714" lon="11.516739">
        <ele>397.948542</ele>
        <time>2026-08-17T19:06:51.464Z</time>
      </trkpt>
      <trkpt lat="46.061747" lon="11.517110">
        <ele>399.164591</ele>
        <time>2026-08-17T19:06:56.607Z</time>
      </trkpt>
      <trkpt lat="46.061794" lon="11.517422">
        <ele>400.202580</ele>
        <time>2026-08-17T19:07:00.973Z</time>
      </trkpt>
      <trkpt lat="46.061991" lon="11.518642">
        <ele>404.914865</ele>
        <time>2026-08-17T19:07:19.952Z</time>
      </trkpt>
      <trkpt lat="46.062096" lon="11.519395">
        <ele>407.989572</ele>
        <time>2026-08-17T19:07:32.237Z</time>
      </trkpt>
      <trkpt lat="46.062135" lon="11.519983">
        <ele>410.354204</ele>
        <time>2026-08-17T19:07:41.984Z</time>
      </trkpt>
      <trkpt lat="46.062125" lon="11.521055">
        <ele>414.750121</ele>
        <time>2026-08-17T19:07:59.733Z</time>
      </trkpt>
      <trkpt lat="46.062077" lon="11.521303">
        <ele>415.819681</ele>
        <time>2026-08-17T19:08:03.941Z</time>
      </trkpt>
      <trkpt lat="46.062035" lon="11.521436">
        <ele>416.426712</ele>
        <time>2026-08-17T19:08:06.302Z</time>
      </trkpt>
      <trkpt lat="46.061892" lon="11.521880">
        <ele>418.460170</ele>
        <time>2026-08-17T19:08:14.141Z</time>
      </trkpt>
      <trkpt lat="46.061859" lon="11.522157">
        <ele>419.627714</ele>
        <time>2026-08-17T19:08:18.630Z</time>
      </trkpt>
      <trkpt lat="46.061886" lon="11.522456">
        <ele>420.880288</ele>
        <time>2026-08-17T19:08:23.434Z</time>
      </trkpt>
      <trkpt lat="46.061977" lon="11.522799">
        <ele>422.405772</ele>
        <time>2026-08-17T19:08:29.399Z</time>
      </trkpt>
      <trkpt lat="46.062146" lon="11.523505">
        <ele>425.720534</ele>
        <time>2026-08-17T19:08:41.103Z</time>
      </trkpt>
      <trkpt lat="46.062279" lon="11.523921">
        <ele>427.764817</ele>
        <time>2026-08-17T19:08:48.248Z</time>
      </trkpt>
      <trkpt lat="46.062509" lon="11.524002">
        <ele>429.287755</ele>
        <time>2026-08-17T19:08:53.947Z</time>
      </trkpt>
      <trkpt lat="46.062573" lon="11.524019">
        <ele>429.706350</ele>
        <time>2026-08-17T19:08:55.569Z</time>
      </trkpt>
      <trkpt lat="46.062715" lon="11.524033">
        <ele>430.621859</ele>
        <time>2026-08-17T19:08:59.043Z</time>
      </trkpt>
      <trkpt lat="46.062757" lon="11.524029">
        <ele>430.892600</ele>
        <time>2026-08-17T19:09:00.095Z</time>
      </trkpt>
      <trkpt lat="46.062859" lon="11.524003">
        <ele>431.558869</ele>
        <time>2026-08-17T19:09:02.654Z</time>
      </trkpt>
      <trkpt lat="46.062929" lon="11.523976">
        <ele>432.024970</ele>
        <time>2026-08-17T19:09:04.441Z</time>
      </trkpt>
      <trkpt lat="46.063034" lon="11.523925">
        <ele>432.737676</ele>
        <time>2026-08-17T19:09:07.274Z</time>
      </trkpt>
      <trkpt lat="46.063123" lon="11.523884">
        <ele>433.338677</ele>
        <time>2026-08-17T19:09:09.676Z</time>
      </trkpt>
      <trkpt lat="46.063412" lon="11.523790">
        <ele>435.566099</ele>
        <time>2026-08-17T19:09:17.984Z</time>
      </trkpt>
      <trkpt lat="46.063442" lon="11.523787">
        <ele>435.820489</ele>
        <time>2026-08-17T19:09:18.863Z</time>
      </trkpt>
      <trkpt lat="46.063474" lon="11.523788">
        <ele>436.091251</ele>
        <time>2026-08-17T19:09:19.822Z</time>
      </trkpt>
      <trkpt lat="46.063530" lon="11.523791">
        <ele>436.565300</ele>
        <time>2026-08-17T19:09:21.414Z</time>
      </trkpt>
      <trkpt lat="46.063849" lon="11.523929">
        <ele>439.382770</ele>
        <time>2026-08-17T19:09:30.885Z</time>
      </trkpt>
      <trkpt lat="46.063892" lon="11.523954">
        <ele>439.775003</ele>
        <time>2026-08-17T19:09:32.214Z</time>
      </trkpt>
      <trkpt lat="46.063931" lon="11.523975">
        <ele>440.127191</ele>
        <time>2026-08-17T19:09:33.409Z</time>
      </trkpt>
      <trkpt lat="46.063942" lon="11.523982">
        <ele>440.228910</ele>
        <time>2026-08-17T19:09:33.755Z</time>
      </trkpt>
      <trkpt lat="46.064005" lon="11.524017">
        <ele>440.800072</ele>
        <time>2026-08-17T19:09:35.692Z</time>
      </trkpt>
      <trkpt lat="46.064245" lon="11.524146">
        <ele>442.966906</ele>
        <time>2026-08-17T19:09:43.322Z</time>
      </trkpt>
      <trkpt lat="46.064262" lon="11.524156">
        <ele>443.122231</ele>
        <time>2026-08-17T19:09:43.889Z</time>
      </trkpt>
      <trkpt lat="46.064448" lon="11.524215">
        <ele>444.733324</ele>
        <time>2026-08-17T19:09:49.798Z</time>
      </trkpt>
      <trkpt lat="46.064557" lon="11.524206">
        <ele>445.656902</ele>
        <time>2026-08-17T19:09:53.242Z</time>
      </trkpt>
      <trkpt lat="46.064633" lon="11.524202">
        <ele>446.300239</ele>
        <time>2026-08-17T19:09:55.625Z</time>
      </trkpt>
      <trkpt lat="46.064697" lon="11.524183">
        <ele>446.853002</ele>
        <time>2026-08-17T19:09:57.664Z</time>
      </trkpt>
      <trkpt lat="46.064898" lon="11.524067">
        <ele>448.684577</ele>
        <time>2026-08-17T19:10:04.570Z</time>
      </trkpt>
      <trkpt lat="46.064945" lon="11.524035">
        <ele>449.124297</ele>
        <time>2026-08-17T19:10:06.197Z</time>
      </trkpt>
      <trkpt lat="46.065278" lon="11.523845">
        <ele>452.035838</ele>
        <time>2026-08-17T19:10:17.146Z</time>
      </trkpt>
      <trkpt lat="46.065474" lon="11.523737">
        <ele>453.733687</ele>
        <time>2026-08-17T19:10:22.763Z</time>
      </trkpt>
      <trkpt lat="46.065523" lon="11.523706">
        <ele>454.166676</ele>
        <time>2026-08-17T19:10:24.148Z</time>
      </trkpt>
      <trkpt lat="46.065542" lon="11.523695">
        <ele>454.332351</ele>
        <time>2026-08-17T19:10:24.664Z</time>
      </trkpt>
      <trkpt lat="46.065807" lon="11.523472">
        <ele>456.815273</ele>
        <time>2026-08-17T19:10:32.483Z</time>
      </trkpt>
      <trkpt lat="46.065912" lon="11.523380">
        <ele>457.809536</ele>
        <time>2026-08-17T19:10:35.816Z</time>
      </trkpt>
      <trkpt lat="46.065964" lon="11.523314">
        <ele>458.370176</ele>
        <time>2026-08-17T19:10:37.712Z</time>
      </trkpt>
      <trkpt lat="46.066015" lon="11.523208">
        <ele>459.094337</ele>
        <time>2026-08-17T19:10:40.293Z</time>
      </trkpt>
      <trkpt lat="46.066021" lon="11.523121">
        <ele>459.585160</ele>
        <time>2026-08-17T19:10:42.019Z</time>
      </trkpt>
      <trkpt lat="46.066027" lon="11.523035">
        <ele>460.070398</ele>
        <time>2026-08-17T19:10:43.796Z</time>
      </trkpt>
      <trkpt lat="46.066028" lon="11.522950">
        <ele>460.547655</ele>
        <time>2026-08-17T19:10:45.561Z</time>
      </trkpt>
      <trkpt lat="46.066025" lon="11.522465">
        <ele>463.270546</ele>
        <time>2026-08-17T19:10:55.585Z</time>
      </trkpt>
      <trkpt lat="46.066045" lon="11.522313">
        <ele>464.130234</ele>
        <time>2026-08-17T19:10:58.629Z</time>
      </trkpt>
      <trkpt lat="46.066149" lon="11.522117">
        <ele>465.432115</ele>
        <time>2026-08-17T19:11:03.414Z</time>
      </trkpt>
      <trkpt lat="46.066286" lon="11.522008">
        <ele>466.622120</ele>
        <time>2026-08-17T19:11:07.750Z</time>
      </trkpt>
      <trkpt lat="46.066379" lon="11.522003">
        <ele>467.329826</ele>
        <time>2026-08-17T19:11:10.334Z</time>
      </trkpt>
      <trkpt lat="46.066597" lon="11.522077">
        <ele>469.032954</ele>
        <time>2026-08-17T19:11:16.591Z</time>
      </trkpt>
      <trkpt lat="46.066690" lon="11.522110">
        <ele>469.761286</ele>
        <time>2026-08-17T19:11:19.266Z</time>
      </trkpt>
      <trkpt lat="46.067094" lon="11.522267">
        <ele>472.943199</ele>
        <time>2026-08-17T19:11:30.904Z</time>
      </trkpt>
      <trkpt lat="46.067151" lon="11.522302">
        <ele>473.414350</ele>
        <time>2026-08-17T19:11:32.635Z</time>
      </trkpt>
      <trkpt lat="46.067290" lon="11.522453">
        <ele>474.737981</ele>
        <time>2026-08-17T19:11:37.121Z</time>
      </trkpt>
      <trkpt lat="46.067392" lon="11.522716">
        <ele>476.327663</ele>
        <time>2026-08-17T19:11:42.733Z</time>
      </trkpt>
      <trkpt lat="46.067405" lon="11.522756">
        <ele>476.560712</ele>
        <time>2026-08-17T19:11:43.612Z</time>
      </trkpt>
      <trkpt lat="46.067417" lon="11.522790">
        <ele>476.761974</ele>
        <time>2026-08-17T19:11:44.376Z</time>
      </trkpt>
      <trkpt lat="46.067468" lon="11.522954">
        <ele>477.700841</ele>
        <time>2026-08-17T19:11:47.883Z</time>
      </trkpt>
      <trkpt lat="46.067575" lon="11.523889">
        <ele>481.545083</ele>
        <time>2026-08-17T19:12:02.958Z</time>
      </trkpt>
      <trkpt lat="46.067641" lon="11.524023">
        <ele>482.211726</ele>
        <time>2026-08-17T19:12:05.217Z</time>
      </trkpt>
      <trkpt lat="46.067742" lon="11.524071">
        <ele>482.833542</ele>
        <time>2026-08-17T19:12:07.356Z</time>
      </trkpt>
      <trkpt lat="46.067768" lon="11.524074">
        <ele>482.986050</ele>
        <time>2026-08-17T19:12:07.827Z</time>
      </trkpt>
      <trkpt lat="46.067878" lon="11.523994">
        <ele>483.706454</ele>
        <time>2026-08-17T19:12:10.154Z</time>
      </trkpt>
      <trkpt lat="46.067930" lon="11.523832">
        <ele>484.430555</ele>
        <time>2026-08-17T19:12:12.500Z</time>
      </trkpt>
      <trkpt lat="46.068050" lon="11.523453">
        <ele>486.120554</ele>
        <time>2026-08-17T19:12:18.746Z</time>
      </trkpt>
      <trkpt lat="46.068307" lon="11.522673">
        <ele>490.317431</ele>
        <time>2026-08-17T19:12:34.100Z</time>
      </trkpt>
      <trkpt lat="46.068350" lon="11.522543">
        <ele>491.183805</ele>
        <time>2026-08-17T19:12:36.394Z</time>
      </trkpt>
      <trkpt lat="46.068372" lon="11.522477">
        <ele>491.624290</ele>
        <time>2026-08-17T19:12:37.506Z</time>
      </trkpt>
      <trkpt lat="46.068405" lon="11.522369">
        <ele>492.334205</ele>
        <time>2026-08-17T19:12:39.437Z</time>
      </trkpt>
      <trkpt lat="46.068508" lon="11.522168">
        <ele>493.837421</ele>
        <time>2026-08-17T19:12:43.920Z</time>
      </trkpt>
      <trkpt lat="46.068630" lon="11.521992">
        <ele>495.334076</ele>
        <time>2026-08-17T19:12:48.828Z</time>
      </trkpt>
      <trkpt lat="46.068832" lon="11.521702">
        <ele>497.806147</ele>
        <time>2026-08-17T19:12:57.744Z</time>
      </trkpt>
      <trkpt lat="46.068897" lon="11.521508">
        <ele>499.102149</ele>
        <time>2026-08-17T19:13:02.734Z</time>
      </trkpt>
      <trkpt lat="46.068992" lon="11.521329">
        <ele>500.457883</ele>
        <time>2026-08-17T19:13:08.194Z</time>
      </trkpt>
      <trkpt lat="46.069262" lon="11.521155">
        <ele>503.022316</ele>
        <time>2026-08-17T19:13:18.671Z</time>
      </trkpt>
      <trkpt lat="46.069397" lon="11.521175">
        <ele>504.237325</ele>
        <time>2026-08-17T19:13:23.488Z</time>
      </trkpt>
      <trkpt lat="46.069581" lon="11.521270">
        <ele>506.087564</ele>
        <time>2026-08-17T19:13:30.293Z</time>
      </trkpt>
      <trkpt lat="46.069661" lon="11.521277">
        <ele>506.846289</ele>
        <time>2026-08-17T19:13:33.056Z</time>
      </trkpt>
      <trkpt lat="46.069813" lon="11.521188">
        <ele>508.399414</ele>
        <time>2026-08-17T19:13:38.562Z</time>
      </trkpt>
      <trkpt lat="46.070020" lon="11.521001">
        <ele>510.712078</ele>
        <time>2026-08-17T19:13:46.769Z</time>
      </trkpt>
      <trkpt lat="46.070143" lon="11.520960">
        <ele>511.907205</ele>
        <time>2026-08-17T19:13:50.885Z</time>
      </trkpt>
      <trkpt lat="46.070191" lon="11.520955">
        <ele>512.362789</ele>
        <time>2026-08-17T19:13:52.458Z</time>
      </trkpt>
      <trkpt lat="46.070283" lon="11.520975">
        <ele>513.243569</ele>
        <time>2026-08-17T19:13:55.379Z</time>
      </trkpt>
      <trkpt lat="46.070538" lon="11.521152">
        <ele>515.922884</ele>
        <time>2026-08-17T19:14:03.997Z</time>
      </trkpt>
      <trkpt lat="46.070595" lon="11.521200">
        <ele>516.547823</ele>
        <time>2026-08-17T19:14:05.972Z</time>
      </trkpt>
      <trkpt lat="46.070850" lon="11.521456">
        <ele>519.489626</ele>
        <time>2026-08-17T19:14:14.852Z</time>
      </trkpt>
      <trkpt lat="46.070999" lon="11.521680">
        <ele>521.459534</ele>
        <time>2026-08-17T19:14:20.863Z</time>
      </trkpt>
      <trkpt lat="46.071104" lon="11.521839">
        <ele>522.764447</ele>
        <time>2026-08-17T19:14:25.207Z</time>
      </trkpt>
      <trkpt lat="46.071106" lon="11.521842">
        <ele>522.789180</ele>
        <time>2026-08-17T19:14:25.302Z</time>
      </trkpt>
      <trkpt lat="46.071157" lon="11.521926">
        <ele>523.452730</ele>
        <time>2026-08-17T19:14:27.568Z</time>
      </trkpt>
      <trkpt lat="46.071243" lon="11.522077">
        <ele>524.614075</ele>
        <time>2026-08-17T19:14:31.515Z</time>
      </trkpt>
      <trkpt lat="46.071277" lon="11.522203">
        <ele>525.417741</ele>
        <time>2026-08-17T19:14:34.232Z</time>
      </trkpt>
      <trkpt lat="46.071290" lon="11.522381">
        <ele>526.481706</ele>
        <time>2026-08-17T19:14:37.882Z</time>
      </trkpt>
      <trkpt lat="46.071253" lon="11.522577">
        <ele>527.689186</ele>
        <time>2026-08-17T19:14:42.068Z</time>
      </trkpt>
      <trkpt lat="46.070603" lon="11.524046">
        <ele>537.786131</ele>
        <time>2026-08-17T19:15:18.693Z</time>
      </trkpt>
      <trkpt lat="46.070473" lon="11.524262">
        <ele>539.243524</ele>
        <time>2026-08-17T19:15:24.245Z</time>
      </trkpt>
      <trkpt lat="46.070288" lon="11.524424">
        <ele>540.833737</ele>
        <time>2026-08-17T19:15:30.335Z</time>
      </trkpt>
      <trkpt lat="46.070102" lon="11.524568">
        <ele>542.384778</ele>
        <time>2026-08-17T19:15:35.545Z</time>
      </trkpt>
      <trkpt lat="46.069736" lon="11.524763">
        <ele>545.251330</ele>
        <time>2026-08-17T19:15:43.594Z</time>
      </trkpt>
      <trkpt lat="46.069355" lon="11.525195">
        <ele>548.812507</ele>
        <time>2026-08-17T19:15:55.493Z</time>
      </trkpt>
      <trkpt lat="46.068971" lon="11.525474">
        <ele>552.675123</ele>
        <time>2026-08-17T19:16:08.838Z</time>
      </trkpt>
      <trkpt lat="46.068907" lon="11.525624">
        <ele>553.821454</ele>
        <time>2026-08-17T19:16:13.063Z</time>
      </trkpt>
      <trkpt lat="46.068884" lon="11.525922">
        <ele>555.773321</ele>
        <time>2026-08-17T19:16:20.539Z</time>
      </trkpt>
      <trkpt lat="46.068847" lon="11.526540">
        <ele>559.811291</ele>
        <time>2026-08-17T19:16:34.730Z</time>
      </trkpt>
      <trkpt lat="46.068781" lon="11.527013">
        <ele>562.952056</ele>
        <time>2026-08-17T19:16:46.154Z</time>
      </trkpt>
      <trkpt lat="46.068779" lon="11.527031">
        <ele>563.070724</ele>
        <time>2026-08-17T19:16:46.619Z</time>
      </trkpt>
      <trkpt lat="46.068777" lon="11.527046">
        <ele>563.170157</ele>
        <time>2026-08-17T19:16:46.995Z</time>
      </trkpt>
      <trkpt lat="46.068716" lon="11.527461">
        <ele>565.931669</ele>
        <time>2026-08-17T19:16:57.701Z</time>
      </trkpt>
      <trkpt lat="46.068732" lon="11.527713">
        <ele>566.982789</ele>
        <time>2026-08-17T19:17:03.073Z</time>
      </trkpt>
      <trkpt lat="46.068830" lon="11.528032">
        <ele>568.186661</ele>
        <time>2026-08-17T19:17:09.096Z</time>
      </trkpt>
      <trkpt lat="46.068961" lon="11.528438">
        <ele>569.731753</ele>
        <time>2026-08-17T19:17:14.498Z</time>
      </trkpt>
      <trkpt lat="46.068982" lon="11.528501">
        <ele>569.972938</ele>
        <time>2026-08-17T19:17:15.131Z</time>
      </trkpt>
      <trkpt lat="46.069027" lon="11.528710">
        <ele>570.728070</ele>
        <time>2026-08-17T19:17:16.898Z</time>
      </trkpt>
      <trkpt lat="46.069022" lon="11.528889">
        <ele>571.346249</ele>
        <time>2026-08-17T19:17:18.513Z</time>
      </trkpt>
      <trkpt lat="46.068799" lon="11.529575">
        <ele>573.960404</ele>
        <time>2026-08-17T19:17:27.612Z</time>
      </trkpt>
      <trkpt lat="46.068746" lon="11.529855">
        <ele>574.961923</ele>
        <time>2026-08-17T19:17:31.920Z</time>
      </trkpt>
      <trkpt lat="46.068750" lon="11.529994">
        <ele>575.515114</ele>
        <time>2026-08-17T19:17:34.044Z</time>
      </trkpt>
      <trkpt lat="46.068787" lon="11.530113">
        <ele>576.142204</ele>
        <time>2026-08-17T19:17:36.060Z</time>
      </trkpt>
      <trkpt lat="46.068992" lon="11.530378">
        <ele>578.050842</ele>
        <time>2026-08-17T19:17:42.163Z</time>
      </trkpt>
      <trkpt lat="46.069086" lon="11.530494">
        <ele>578.908550</ele>
        <time>2026-08-17T19:17:45.031Z</time>
      </trkpt>
      <trkpt lat="46.069350" lon="11.530814">
        <ele>581.299424</ele>
        <time>2026-08-17T19:17:53.636Z</time>
      </trkpt>
      <trkpt lat="46.069717" lon="11.531265">
        <ele>584.642209</ele>
        <time>2026-08-17T19:18:07.667Z</time>
      </trkpt>
      <trkpt lat="46.069958" lon="11.531593">
        <ele>586.939619</ele>
        <time>2026-08-17T19:18:18.198Z</time>
      </trkpt>
      <trkpt lat="46.070312" lon="11.532329">
        <ele>590.720836</ele>
        <time>2026-08-17T19:18:34.025Z</time>
      </trkpt>
      <trkpt lat="46.070546" lon="11.532819">
        <ele>593.154820</ele>
        <time>2026-08-17T19:18:42.977Z</time>
      </trkpt>
      <trkpt lat="46.070993" lon="11.534266">
        <ele>599.990458</ele>
        <time>2026-08-17T19:19:05.314Z</time>
      </trkpt>
      <trkpt lat="46.071001" lon="11.534548">
        <ele>601.459066</ele>
        <time>2026-08-17T19:19:09.862Z</time>
      </trkpt>
      <trkpt lat="46.070931" lon="11.534961">
        <ele>603.671311</ele>
        <time>2026-08-17T19:19:17.813Z</time>
      </trkpt>
      <trkpt lat="46.070925" lon="11.535108">
        <ele>604.437547</ele>
        <time>2026-08-17T19:19:20.880Z</time>
      </trkpt>
      <trkpt lat="46.071178" lon="11.536722">
        <ele>613.054250</ele>
        <time>2026-08-17T19:19:55.949Z</time>
      </trkpt>
      <trkpt lat="46.071193" lon="11.537088">
        <ele>614.972276</ele>
        <time>2026-08-17T19:20:02.277Z</time>
      </trkpt>
      <trkpt lat="46.071163" lon="11.537275">
        <ele>615.976360</ele>
        <time>2026-08-17T19:20:05.303Z</time>
      </trkpt>
      <trkpt lat="46.071122" lon="11.537431">
        <ele>616.849056</ele>
        <time>2026-08-17T19:20:07.862Z</time>
      </trkpt>
      <trkpt lat="46.070899" lon="11.537976">
        <ele>620.159111</ele>
        <time>2026-08-17T19:20:18.118Z</time>
      </trkpt>
      <trkpt lat="46.070865" lon="11.538200">
        <ele>621.358667</ele>
        <time>2026-08-17T19:20:21.991Z</time>
      </trkpt>
      <trkpt lat="46.070864" lon="11.538471">
        <ele>622.776401</ele>
        <time>2026-08-17T19:20:26.636Z</time>
      </trkpt>
      <trkpt lat="46.070902" lon="11.538694">
        <ele>623.977682</ele>
        <time>2026-08-17T19:20:30.455Z</time>
      </trkpt>
      <trkpt lat="46.070979" lon="11.538937">
        <ele>625.375236</ele>
        <time>2026-08-17T19:20:35.407Z</time>
      </trkpt>
      <trkpt lat="46.071358" lon="11.539735">
        <ele>634.822480</ele>
        <time>2026-08-17T19:21:01.667Z</time>
      </trkpt>
      <trkpt lat="46.071568" lon="11.540144">
        <ele>639.797177</ele>
        <time>2026-08-17T19:21:18.759Z</time>
      </trkpt>
      <trkpt lat="46.071689" lon="11.540278">
        <ele>641.947515</ele>
        <time>2026-08-17T19:21:26.400Z</time>
      </trkpt>
      <trkpt lat="46.071855" lon="11.540368">
        <ele>644.446862</ele>
        <time>2026-08-17T19:21:35.167Z</time>
      </trkpt>
      <trkpt lat="46.071980" lon="11.540389">
        <ele>646.220336</ele>
        <time>2026-08-17T19:21:41.316Z</time>
      </trkpt>
      <trkpt lat="46.072658" lon="11.540202">
        <ele>655.432818</ele>
        <time>2026-08-17T19:22:13.970Z</time>
      </trkpt>
      <trkpt lat="46.073102" lon="11.540117">
        <ele>661.121089</ele>
        <time>2026-08-17T19:22:34.786Z</time>
      </trkpt>
      <trkpt lat="46.074143" lon="11.539988">
        <ele>673.962909</ele>
        <time>2026-08-17T19:23:12.588Z</time>
      </trkpt>
      <trkpt lat="46.074320" lon="11.540031">
        <ele>675.048917</ele>
        <time>2026-08-17T19:23:17.149Z</time>
      </trkpt>
      <trkpt lat="46.074447" lon="11.540108">
        <ele>675.882507</ele>
        <time>2026-08-17T19:23:20.326Z</time>
      </trkpt>
      <trkpt lat="46.075423" lon="11.540917">
        <ele>682.694258</ele>
        <time>2026-08-17T19:23:42.359Z</time>
      </trkpt>
      <trkpt lat="46.075838" lon="11.541382">
        <ele>686.272662</ele>
        <time>2026-08-17T19:23:54.621Z</time>
      </trkpt>
      <trkpt lat="46.075974" lon="11.541432">
        <ele>687.360291</ele>
        <time>2026-08-17T19:23:58.211Z</time>
      </trkpt>
      <trkpt lat="46.076366" lon="11.541346">
        <ele>690.432963</ele>
        <time>2026-08-17T19:24:08.374Z</time>
      </trkpt>
      <trkpt lat="46.076615" lon="11.541394">
        <ele>692.379695</ele>
        <time>2026-08-17T19:24:16.132Z</time>
      </trkpt>
      <trkpt lat="46.076780" lon="11.541609">
        <ele>694.103249</ele>
        <time>2026-08-17T19:24:23.663Z</time>
      </trkpt>
      <trkpt lat="46.076929" lon="11.542062">
        <ele>696.798258</ele>
        <time>2026-08-17T19:24:35.477Z</time>
      </trkpt>
      <trkpt lat="46.077031" lon="11.542178">
        <ele>697.805034</ele>
        <time>2026-08-17T19:24:39.242Z</time>
      </trkpt>
      <trkpt lat="46.077171" lon="11.542277">
        <ele>698.843214</ele>
        <time>2026-08-17T19:24:43.274Z</time>
      </trkpt>
      <trkpt lat="46.077428" lon="11.542327">
        <ele>700.300309</ele>
        <time>2026-08-17T19:24:49.516Z</time>
      </trkpt>
      <trkpt lat="46.077620" lon="11.542405">
        <ele>701.421117</ele>
        <time>2026-08-17T19:24:53.746Z</time>
      </trkpt>
      <trkpt lat="46.077723" lon="11.542515">
        <ele>702.141350</ele>
        <time>2026-08-17T19:24:56.578Z</time>
      </trkpt>
      <trkpt lat="46.077781" lon="11.542637">
        <ele>702.717810</ele>
        <time>2026-08-17T19:24:58.884Z</time>
      </trkpt>
      <trkpt lat="46.077939" lon="11.543207">
        <ele>705.110234</ele>
        <time>2026-08-17T19:25:08.256Z</time>
      </trkpt>
      <trkpt lat="46.078698" lon="11.544916">
        <ele>713.448143</ele>
        <time>2026-08-17T19:25:34.922Z</time>
      </trkpt>
      <trkpt lat="46.078953" lon="11.545352">
        <ele>715.881764</ele>
        <time>2026-08-17T19:25:44.949Z</time>
      </trkpt>
      <trkpt lat="46.079411" lon="11.545974">
        <ele>719.849271</ele>
        <time>2026-08-17T19:26:02.511Z</time>
      </trkpt>
      <trkpt lat="46.079894" lon="11.546712">
        <ele>726.412600</ele>
        <time>2026-08-17T19:26:24.241Z</time>
      </trkpt>
      <trkpt lat="46.080306" lon="11.547165">
        <ele>731.244575</ele>
        <time>2026-08-17T19:26:40.755Z</time>
      </trkpt>
      <trkpt lat="46.081227" lon="11.548030">
        <ele>741.945895</ele>
        <time>2026-08-17T19:27:16.943Z</time>
      </trkpt>
      <trkpt lat="46.082927" lon="11.549170">
        <ele>759.669372</ele>
        <time>2026-08-17T19:28:20.090Z</time>
      </trkpt>
      <trkpt lat="46.083428" lon="11.549521">
        <ele>764.176608</ele>
        <time>2026-08-17T19:28:35.980Z</time>
      </trkpt>
      <trkpt lat="46.083924" lon="11.549853">
        <ele>768.601530</ele>
        <time>2026-08-17T19:28:49.134Z</time>
      </trkpt>
      <trkpt lat="46.083984" lon="11.549952">
        <ele>769.276548</ele>
        <time>2026-08-17T19:28:51.262Z</time>
      </trkpt>
      <trkpt lat="46.084035" lon="11.550275">
        <ele>770.572809</ele>
        <time>2026-08-17T19:28:56.243Z</time>
      </trkpt>
      <trkpt lat="46.084057" lon="11.550415">
        <ele>771.134524</ele>
        <time>2026-08-17T19:28:58.384Z</time>
      </trkpt>
      <trkpt lat="46.084057" lon="11.550691">
        <ele>772.214533</ele>
        <time>2026-08-17T19:29:02.156Z</time>
      </trkpt>
      <trkpt lat="46.083968" lon="11.550959">
        <ele>773.377244</ele>
        <time>2026-08-17T19:29:06.195Z</time>
      </trkpt>
      <trkpt lat="46.083467" lon="11.551542">
        <ele>777.009527</ele>
        <time>2026-08-17T19:29:19.691Z</time>
      </trkpt>
      <trkpt lat="46.083314" lon="11.551662">
        <ele>777.992162</ele>
        <time>2026-08-17T19:29:23.891Z</time>
      </trkpt>
      <trkpt lat="46.082727" lon="11.552001">
        <ele>782.233154</ele>
        <time>2026-08-17T19:29:40.359Z</time>
      </trkpt>
      <trkpt lat="46.081956" lon="11.552646">
        <ele>788.747449</ele>
        <time>2026-08-17T19:30:02.776Z</time>
      </trkpt>
      <trkpt lat="46.081694" lon="11.552761">
        <ele>790.748898</ele>
        <time>2026-08-17T19:30:10.079Z</time>
      </trkpt>
      <trkpt lat="46.081160" lon="11.552845">
        <ele>795.276106</ele>
        <time>2026-08-17T19:30:26.613Z</time>
      </trkpt>
      <trkpt lat="46.081097" lon="11.552855">
        <ele>795.863083</ele>
        <time>2026-08-17T19:30:28.670Z</time>
      </trkpt>
      <trkpt lat="46.081016" lon="11.552869">
        <ele>796.618607</ele>
        <time>2026-08-17T19:30:31.358Z</time>
      </trkpt>
      <trkpt lat="46.080793" lon="11.552816">
        <ele>798.711716</ele>
        <time>2026-08-17T19:30:38.984Z</time>
      </trkpt>
      <trkpt lat="46.080258" lon="11.552547">
        <ele>803.959122</ele>
        <time>2026-08-17T19:30:58.025Z</time>
      </trkpt>
      <trkpt lat="46.080184" lon="11.552548">
        <ele>804.644476</ele>
        <time>2026-08-17T19:31:00.402Z</time>
      </trkpt>
      <trkpt lat="46.080129" lon="11.552617">
        <ele>805.319699</ele>
        <time>2026-08-17T19:31:02.837Z</time>
      </trkpt>
      <trkpt lat="46.080111" lon="11.552728">
        <ele>806.051990</ele>
        <time>2026-08-17T19:31:05.344Z</time>
      </trkpt>
      <trkpt lat="46.080117" lon="11.552816">
        <ele>806.620027</ele>
        <time>2026-08-17T19:31:07.352Z</time>
      </trkpt>
      <trkpt lat="46.080180" lon="11.553216">
        <ele>809.195021</ele>
        <time>2026-08-17T19:31:16.087Z</time>
      </trkpt>
      <trkpt lat="46.080222" lon="11.553551">
        <ele>810.627683</ele>
        <time>2026-08-17T19:31:22.691Z</time>
      </trkpt>
      <trkpt lat="46.080251" lon="11.553883">
        <ele>812.035909</ele>
        <time>2026-08-17T19:31:28.522Z</time>
      </trkpt>
      <trkpt lat="46.080255" lon="11.553916">
        <ele>812.176891</ele>
        <time>2026-08-17T19:31:29.080Z</time>
      </trkpt>
      <trkpt lat="46.080262" lon="11.554052">
        <ele>812.750808</ele>
        <time>2026-08-17T19:31:31.145Z</time>
      </trkpt>
      <trkpt lat="46.080302" lon="11.554516">
        <ele>814.718532</ele>
        <time>2026-08-17T19:31:37.818Z</time>
      </trkpt>
      <trkpt lat="46.080428" lon="11.555694">
        <ele>819.734620</ele>
        <time>2026-08-17T19:31:54.469Z</time>
      </trkpt>
      <trkpt lat="46.080556" lon="11.557011">
        <ele>825.834592</ele>
        <time>2026-08-17T19:32:17.211Z</time>
      </trkpt>
      <trkpt lat="46.080579" lon="11.557173">
        <ele>826.596111</ele>
        <time>2026-08-17T19:32:20.217Z</time>
      </trkpt>
      <trkpt lat="46.080645" lon="11.557482">
        <ele>828.085073</ele>
        <time>2026-08-17T19:32:26.157Z</time>
      </trkpt>
      <trkpt lat="46.080959" lon="11.558242">
        <ele>832.169328</ele>
        <time>2026-08-17T19:32:42.241Z</time>
      </trkpt>
      <trkpt lat="46.081082" lon="11.558527">
        <ele>833.787279</ele>
        <time>2026-08-17T19:32:48.135Z</time>
      </trkpt>
      <trkpt lat="46.081108" lon="11.558588">
        <ele>834.132384</ele>
        <time>2026-08-17T19:32:49.363Z</time>
      </trkpt>
      <trkpt lat="46.081408" lon="11.559328">
        <ele>838.263845</ele>
        <time>2026-08-17T19:33:04.216Z</time>
      </trkpt>
      <trkpt lat="46.081440" lon="11.559446">
        <ele>838.874546</ele>
        <time>2026-08-17T19:33:06.406Z</time>
      </trkpt>
      <trkpt lat="46.081488" lon="11.559741">
        <ele>840.335084</ele>
        <time>2026-08-17T19:33:11.557Z</time>
      </trkpt>
      <trkpt lat="46.081488" lon="11.560172">
        <ele>842.412562</ele>
        <time>2026-08-17T19:33:19.181Z</time>
      </trkpt>
      <trkpt lat="46.081479" lon="11.560578">
        <ele>844.370535</ele>
        <time>2026-08-17T19:33:26.613Z</time>
      </trkpt>
      <trkpt lat="46.081475" lon="11.560702">
        <ele>845.033258</ele>
        <time>2026-08-17T19:33:28.876Z</time>
      </trkpt>
      <trkpt lat="46.081416" lon="11.564505">
        <ele>864.700298</ele>
        <time>2026-08-17T19:34:42.685Z</time>
      </trkpt>
      <trkpt lat="46.081450" lon="11.564750">
        <ele>865.884114</ele>
        <time>2026-08-17T19:34:46.857Z</time>
      </trkpt>
      <trkpt lat="46.081508" lon="11.564977">
        <ele>867.030289</ele>
        <time>2026-08-17T19:34:50.828Z</time>
      </trkpt>
      <trkpt lat="46.081788" lon="11.565669">
        <ele>870.779063</ele>
        <time>2026-08-17T19:35:03.490Z</time>
      </trkpt>
      <trkpt lat="46.081929" lon="11.566006">
        <ele>871.790745</ele>
        <time>2026-08-17T19:35:09.246Z</time>
      </trkpt>
      <trkpt lat="46.082298" lon="11.566896">
        <ele>874.456102</ele>
        <time>2026-08-17T19:35:23.072Z</time>
      </trkpt>
      <trkpt lat="46.082404" lon="11.567446">
        <ele>875.923469</ele>
        <time>2026-08-17T19:35:30.050Z</time>
      </trkpt>
      <trkpt lat="46.082493" lon="11.568063">
        <ele>877.462103</ele>
        <time>2026-08-17T19:35:36.685Z</time>
      </trkpt>
      <trkpt lat="46.082574" lon="11.568955">
        <ele>878.556207</ele>
        <time>2026-08-17T19:35:42.433Z</time>
      </trkpt>
      <trkpt lat="46.082529" lon="11.569309">
        <ele>878.993910</ele>
        <time>2026-08-17T19:35:44.088Z</time>
      </trkpt>
      <trkpt lat="46.082309" lon="11.570035">
        <ele>879.957456</ele>
        <time>2026-08-17T19:35:49.655Z</time>
      </trkpt>
      <trkpt lat="46.082152" lon="11.570408">
        <ele>880.488091</ele>
        <time>2026-08-17T19:35:55.849Z</time>
      </trkpt>
      <trkpt lat="46.081952" lon="11.570715">
        <ele>881.856909</ele>
        <time>2026-08-17T19:36:02.828Z</time>
      </trkpt>
      <trkpt lat="46.081393" lon="11.571385">
        <ele>885.517977</ele>
        <time>2026-08-17T19:36:23.344Z</time>
      </trkpt>
      <trkpt lat="46.081338" lon="11.571449">
        <ele>885.873937</ele>
        <time>2026-08-17T19:36:25.474Z</time>
      </trkpt>
      <trkpt lat="46.080735" lon="11.572215">
        <ele>889.264918</ele>
        <time>2026-08-17T19:36:42.004Z</time>
      </trkpt>
      <trkpt lat="46.080675" lon="11.572332">
        <ele>888.731471</ele>
        <time>2026-08-17T19:36:42.798Z</time>
      </trkpt>
      <trkpt lat="46.080535" lon="11.572667">
        <ele>887.297601</ele>
        <time>2026-08-17T19:36:44.413Z</time>
      </trkpt>
      <trkpt lat="46.080471" lon="11.572927">
        <ele>886.286140</ele>
        <time>2026-08-17T19:36:45.469Z</time>
      </trkpt>
      <trkpt lat="46.080462" lon="11.572979">
        <ele>886.089650</ele>
        <time>2026-08-17T19:36:45.666Z</time>
      </trkpt>
      <trkpt lat="46.080018" lon="11.575909">
        <ele>874.617541</ele>
        <time>2026-08-17T19:36:56.687Z</time>
      </trkpt>
      <trkpt lat="46.079891" lon="11.576472">
        <ele>872.240126</ele>
        <time>2026-08-17T19:36:59.017Z</time>
      </trkpt>
      <trkpt lat="46.079458" lon="11.577714">
        <ele>869.451073</ele>
        <time>2026-08-17T19:37:05.206Z</time>
      </trkpt>
      <trkpt lat="46.079091" lon="11.578762">
        <ele>869.091541</ele>
        <time>2026-08-17T19:37:12.141Z</time>
      </trkpt>
      <trkpt lat="46.078928" lon="11.579138">
        <ele>868.955752</ele>
        <time>2026-08-17T19:37:15.585Z</time>
      </trkpt>
      <trkpt lat="46.078224" lon="11.580583">
        <ele>870.966449</ele>
        <time>2026-08-17T19:37:31.954Z</time>
      </trkpt>
      <trkpt lat="46.078047" lon="11.580944">
        <ele>871.562008</ele>
        <time>2026-08-17T19:37:36.579Z</time>
      </trkpt>
      <trkpt lat="46.077991" lon="11.581059">
        <ele>871.751298</ele>
        <time>2026-08-17T19:37:38.046Z</time>
      </trkpt>
      <trkpt lat="46.077618" lon="11.581827">
        <ele>872.813331</ele>
        <time>2026-08-17T19:37:47.377Z</time>
      </trkpt>
      <trkpt lat="46.077339" lon="11.582398">
        <ele>873.455763</ele>
        <time>2026-08-17T19:37:53.766Z</time>
      </trkpt>
      <trkpt lat="46.077170" lon="11.582812">
        <ele>873.897615</ele>
        <time>2026-08-17T19:37:57.686Z</time>
      </trkpt>
      <trkpt lat="46.077006" lon="11.583501">
        <ele>874.567649</ele>
        <time>2026-08-17T19:38:02.881Z</time>
      </trkpt>
      <trkpt lat="46.077001" lon="11.583528">
        <ele>874.593354</ele>
        <time>2026-08-17T19:38:03.068Z</time>
      </trkpt>
      <trkpt lat="46.076071" lon="11.588642">
        <ele>877.471607</ele>
        <time>2026-08-17T19:38:40.661Z</time>
      </trkpt>
      <trkpt lat="46.076053" lon="11.588728">
        <ele>877.536262</ele>
        <time>2026-08-17T19:38:41.647Z</time>
      </trkpt>
      <trkpt lat="46.075895" lon="11.589051">
        <ele>878.340575</ele>
        <time>2026-08-17T19:38:46.171Z</time>
      </trkpt>
      <trkpt lat="46.075750" lon="11.589165">
        <ele>878.825102</ele>
        <time>2026-08-17T19:38:48.979Z</time>
      </trkpt>
      <trkpt lat="46.075432" lon="11.589416">
        <ele>879.888685</ele>
        <time>2026-08-17T19:38:55.347Z</time>
      </trkpt>
      <trkpt lat="46.074692" lon="11.589896">
        <ele>882.269219</ele>
        <time>2026-08-17T19:39:08.834Z</time>
      </trkpt>
      <trkpt lat="46.074099" lon="11.590131">
        <ele>885.597362</ele>
        <time>2026-08-17T19:39:18.171Z</time>
      </trkpt>
      <trkpt lat="46.073661" lon="11.590029">
        <ele>888.463418</ele>
        <time>2026-08-17T19:39:26.787Z</time>
      </trkpt>
      <trkpt lat="46.073392" lon="11.590032">
        <ele>890.201144</ele>
        <time>2026-08-17T19:39:33.203Z</time>
      </trkpt>
      <trkpt lat="46.072867" lon="11.590203">
        <ele>893.678015</ele>
        <time>2026-08-17T19:39:49.230Z</time>
      </trkpt>
      <trkpt lat="46.072290" lon="11.590626">
        <ele>899.947272</ele>
        <time>2026-08-17T19:40:14.472Z</time>
      </trkpt>
      <trkpt lat="46.071802" lon="11.590856">
        <ele>905.279323</ele>
        <time>2026-08-17T19:40:36.766Z</time>
      </trkpt>
      <trkpt lat="46.071325" lon="11.591327">
        <ele>911.283965</ele>
        <time>2026-08-17T19:40:56.078Z</time>
      </trkpt>
      <trkpt lat="46.071259" lon="11.591431">
        <ele>912.299484</ele>
        <time>2026-08-17T19:40:58.591Z</time>
      </trkpt>
      <trkpt lat="46.071143" lon="11.591707">
        <ele>912.685428</ele>
        <time>2026-08-17T19:41:03.519Z</time>
      </trkpt>
      <trkpt lat="46.071011" lon="11.592056">
        <ele>911.897734</ele>
        <time>2026-08-17T19:41:08.127Z</time>
      </trkpt>
      <trkpt lat="46.070596" lon="11.593157">
        <ele>909.414707</ele>
        <time>2026-08-17T19:41:13.639Z</time>
      </trkpt>
      <trkpt lat="46.070355" lon="11.593933">
        <ele>906.839483</ele>
        <time>2026-08-17T19:41:16.673Z</time>
      </trkpt>
      <trkpt lat="46.070330" lon="11.594008">
        <ele>906.053110</ele>
        <time>2026-08-17T19:41:16.964Z</time>
      </trkpt>
      <trkpt lat="46.070099" lon="11.594771">
        <ele>898.185488</ele>
        <time>2026-08-17T19:41:19.871Z</time>
      </trkpt>
      <trkpt lat="46.070019" lon="11.595223">
        <ele>893.776914</ele>
        <time>2026-08-17T19:41:21.480Z</time>
      </trkpt>
      <trkpt lat="46.070000" lon="11.595740">
        <ele>888.884000</ele>
        <time>2026-08-17T19:41:23.261Z</time>
      </trkpt>
      <trkpt lat="46.070085" lon="11.596676">
        <ele>880.731272</ele>
        <time>2026-08-17T19:41:26.529Z</time>
      </trkpt>
      <trkpt lat="46.070102" lon="11.597109">
        <ele>877.532182</ele>
        <time>2026-08-17T19:41:28.047Z</time>
      </trkpt>
      <trkpt lat="46.070081" lon="11.598542">
        <ele>866.959445</ele>
        <time>2026-08-17T19:41:33.214Z</time>
      </trkpt>
      <trkpt lat="46.070052" lon="11.599315">
        <ele>861.721725</ele>
        <time>2026-08-17T19:41:36.085Z</time>
      </trkpt>
      <trkpt lat="46.070020" lon="11.599586">
        <ele>860.003896</ele>
        <time>2026-08-17T19:41:37.094Z</time>
      </trkpt>
      <trkpt lat="46.069916" lon="11.600033">
        <ele>857.057706</ele>
        <time>2026-08-17T19:41:38.823Z</time>
      </trkpt>
      <trkpt lat="46.069838" lon="11.600241">
        <ele>855.580189</ele>
        <time>2026-08-17T19:41:39.684Z</time>
      </trkpt>
      <trkpt lat="46.069620" lon="11.600661">
        <ele>852.302375</ele>
        <time>2026-08-17T19:41:41.586Z</time>
      </trkpt>
      <trkpt lat="46.068879" lon="11.601703">
        <ele>843.207484</ele>
        <time>2026-08-17T19:41:46.897Z</time>
      </trkpt>
      <trkpt lat="46.068761" lon="11.601933">
        <ele>841.499409</ele>
        <time>2026-08-17T19:41:47.924Z</time>
      </trkpt>
      <trkpt lat="46.068652" lon="11.602213">
        <ele>839.582276</ele>
        <time>2026-08-17T19:41:49.087Z</time>
      </trkpt>
      <trkpt lat="46.068555" lon="11.602714">
        <ele>836.476412</ele>
        <time>2026-08-17T19:41:50.995Z</time>
      </trkpt>
      <trkpt lat="46.068551" lon="11.602817">
        <ele>835.860416</ele>
        <time>2026-08-17T19:41:51.376Z</time>
      </trkpt>
      <trkpt lat="46.068544" lon="11.602997">
        <ele>834.783915</ele>
        <time>2026-08-17T19:41:52.045Z</time>
      </trkpt>
      <trkpt lat="46.068574" lon="11.603367">
        <ele>832.614204</ele>
        <time>2026-08-17T19:41:53.451Z</time>
      </trkpt>
      <trkpt lat="46.068688" lon="11.604006">
        <ele>830.812452</ele>
        <time>2026-08-17T19:41:56.023Z</time>
      </trkpt>
      <trkpt lat="46.068713" lon="11.604333">
        <ele>829.914074</ele>
        <time>2026-08-17T19:41:57.349Z</time>
      </trkpt>
      <trkpt lat="46.068695" lon="11.604974">
        <ele>828.162197</ele>
        <time>2026-08-17T19:42:00.020Z</time>
      </trkpt>
      <trkpt lat="46.068641" lon="11.605313">
        <ele>827.212368</ele>
        <time>2026-08-17T19:42:01.514Z</time>
      </trkpt>
      <trkpt lat="46.068518" lon="11.605656">
        <ele>826.157982</ele>
        <time>2026-08-17T19:42:03.176Z</time>
      </trkpt>
      <trkpt lat="46.067803" lon="11.607195">
        <ele>823.851629</ele>
        <time>2026-08-17T19:42:11.677Z</time>
      </trkpt>
      <trkpt lat="46.067720" lon="11.607472">
        <ele>823.533657</ele>
        <time>2026-08-17T19:42:13.181Z</time>
      </trkpt>
      <trkpt lat="46.067703" lon="11.607608">
        <ele>823.388028</ele>
        <time>2026-08-17T19:42:13.877Z</time>
      </trkpt>
      <trkpt lat="46.067703" lon="11.607915">
        <ele>823.064500</ele>
        <time>2026-08-17T19:42:15.504Z</time>
      </trkpt>
      <trkpt lat="46.067777" lon="11.608357">
        <ele>822.993476</ele>
        <time>2026-08-17T19:42:18.066Z</time>
      </trkpt>
      <trkpt lat="46.067782" lon="11.608386">
        <ele>823.010776</ele>
        <time>2026-08-17T19:42:18.239Z</time>
      </trkpt>
      <trkpt lat="46.067838" lon="11.608679">
        <ele>823.186719</ele>
        <time>2026-08-17T19:42:20.028Z</time>
      </trkpt>
      <trkpt lat="46.068036" lon="11.609744">
        <ele>823.825026</ele>
        <time>2026-08-17T19:42:28.447Z</time>
      </trkpt>
      <trkpt lat="46.068057" lon="11.609871">
        <ele>823.900608</ele>
        <time>2026-08-17T19:42:29.575Z</time>
      </trkpt>
      <trkpt lat="46.068084" lon="11.610029">
        <ele>823.994812</ele>
        <time>2026-08-17T19:42:30.957Z</time>
      </trkpt>
      <trkpt lat="46.068090" lon="11.610097">
        <ele>824.034496</ele>
        <time>2026-08-17T19:42:31.579Z</time>
      </trkpt>
      <trkpt lat="46.068094" lon="11.610233">
        <ele>824.113300</ele>
        <time>2026-08-17T19:42:32.789Z</time>
      </trkpt>
      <trkpt lat="46.068033" lon="11.610722">
        <ele>824.423606</ele>
        <time>2026-08-17T19:42:37.464Z</time>
      </trkpt>
      <trkpt lat="46.067998" lon="11.610943">
        <ele>824.612787</ele>
        <time>2026-08-17T19:42:39.628Z</time>
      </trkpt>
      <trkpt lat="46.067967" lon="11.611132">
        <ele>824.774866</ele>
        <time>2026-08-17T19:42:41.458Z</time>
      </trkpt>
      <trkpt lat="46.067950" lon="11.611239">
        <ele>824.866475</ele>
        <time>2026-08-17T19:42:42.581Z</time>
      </trkpt>
      <trkpt lat="46.067877" lon="11.611704">
        <ele>825.264355</ele>
        <time>2026-08-17T19:42:47.052Z</time>
      </trkpt>
      <trkpt lat="46.067851" lon="11.611900">
        <ele>825.430891</ele>
        <time>2026-08-17T19:42:48.896Z</time>
      </trkpt>
      <trkpt lat="46.067752" lon="11.612633">
        <ele>826.054106</ele>
        <time>2026-08-17T19:42:54.892Z</time>
      </trkpt>
      <trkpt lat="46.067717" lon="11.612842">
        <ele>826.233538</ele>
        <time>2026-08-17T19:42:56.421Z</time>
      </trkpt>
      <trkpt lat="46.067656" lon="11.613084">
        <ele>826.448418</ele>
        <time>2026-08-17T19:42:58.073Z</time>
      </trkpt>
      <trkpt lat="46.067437" lon="11.613633">
        <ele>826.254961</ele>
        <time>2026-08-17T19:43:01.758Z</time>
      </trkpt>
      <trkpt lat="46.067153" lon="11.614284">
        <ele>825.897742</ele>
        <time>2026-08-17T19:43:05.845Z</time>
      </trkpt>
      <trkpt lat="46.066732" lon="11.615099">
        <ele>825.425743</ele>
        <time>2026-08-17T19:43:11.057Z</time>
      </trkpt>
      <trkpt lat="46.066445" lon="11.615919">
        <ele>823.706238</ele>
        <time>2026-08-17T19:43:15.710Z</time>
      </trkpt>
      <trkpt lat="46.066218" lon="11.616352">
        <ele>822.401947</ele>
        <time>2026-08-17T19:43:18.064Z</time>
      </trkpt>
      <trkpt lat="46.066023" lon="11.616724">
        <ele>821.281442</ele>
        <time>2026-08-17T19:43:19.949Z</time>
      </trkpt>
      <trkpt lat="46.065808" lon="11.617150">
        <ele>820.015416</ele>
        <time>2026-08-17T19:43:21.997Z</time>
      </trkpt>
      <trkpt lat="46.065770" lon="11.617443">
        <ele>819.299043</ele>
        <time>2026-08-17T19:43:23.141Z</time>
      </trkpt>
      <trkpt lat="46.065811" lon="11.617767">
        <ele>818.525688</ele>
        <time>2026-08-17T19:43:24.407Z</time>
      </trkpt>
      <trkpt lat="46.066107" lon="11.618447">
        <ele>816.657803</ele>
        <time>2026-08-17T19:43:27.529Z</time>
      </trkpt>
      <trkpt lat="46.066435" lon="11.618945">
        <ele>815.060069</ele>
        <time>2026-08-17T19:43:30.332Z</time>
      </trkpt>
      <trkpt lat="46.066524" lon="11.619041">
        <ele>814.687263</ele>
        <time>2026-08-17T19:43:31.042Z</time>
      </trkpt>
      <trkpt lat="46.066648" lon="11.619073">
        <ele>814.264796</ele>
        <time>2026-08-17T19:43:31.885Z</time>
      </trkpt>
      <trkpt lat="46.066760" lon="11.619060">
        <ele>813.887970</ele>
        <time>2026-08-17T19:43:32.687Z</time>
      </trkpt>
      <trkpt lat="46.067353" lon="11.618910">
        <ele>812.339767</ele>
        <time>2026-08-17T19:43:38.297Z</time>
      </trkpt>
      <trkpt lat="46.067514" lon="11.618918">
        <ele>812.015523</ele>
        <time>2026-08-17T19:43:40.136Z</time>
      </trkpt>
      <trkpt lat="46.067585" lon="11.618940">
        <ele>811.869354</ele>
        <time>2026-08-17T19:43:40.964Z</time>
      </trkpt>
      <trkpt lat="46.067842" lon="11.619020">
        <ele>811.340153</ele>
        <time>2026-08-17T19:43:43.587Z</time>
      </trkpt>
      <trkpt lat="46.067951" lon="11.618985">
        <ele>811.115386</ele>
        <time>2026-08-17T19:43:44.524Z</time>
      </trkpt>
      <trkpt lat="46.068042" lon="11.618903">
        <ele>810.899378</ele>
        <time>2026-08-17T19:43:45.386Z</time>
      </trkpt>
      <trkpt lat="46.068289" lon="11.618533">
        <ele>810.182358</ele>
        <time>2026-08-17T19:43:47.768Z</time>
      </trkpt>
      <trkpt lat="46.068365" lon="11.618462">
        <ele>810.000069</ele>
        <time>2026-08-17T19:43:48.319Z</time>
      </trkpt>
      <trkpt lat="46.069101" lon="11.618160">
        <ele>804.791292</ele>
        <time>2026-08-17T19:43:52.453Z</time>
      </trkpt>
      <trkpt lat="46.069297" lon="11.618172">
        <ele>802.897817</ele>
        <time>2026-08-17T19:43:53.459Z</time>
      </trkpt>
      <trkpt lat="46.069400" lon="11.618235">
        <ele>801.817865</ele>
        <time>2026-08-17T19:43:54.028Z</time>
      </trkpt>
      <trkpt lat="46.069562" lon="11.618399">
        <ele>799.907132</ele>
        <time>2026-08-17T19:43:55.032Z</time>
      </trkpt>
      <trkpt lat="46.070239" lon="11.619246">
        <ele>791.537700</ele>
        <time>2026-08-17T19:43:59.586Z</time>
      </trkpt>
      <trkpt lat="46.070780" lon="11.619786">
        <ele>787.401935</ele>
        <time>2026-08-17T19:44:03.033Z</time>
      </trkpt>
      <trkpt lat="46.070990" lon="11.620036">
        <ele>785.690168</ele>
        <time>2026-08-17T19:44:04.507Z</time>
      </trkpt>
      <trkpt lat="46.071102" lon="11.620241">
        <ele>784.552435</ele>
        <time>2026-08-17T19:44:05.547Z</time>
      </trkpt>
      <trkpt lat="46.071270" lon="11.620621">
        <ele>782.587729</ele>
        <time>2026-08-17T19:44:07.435Z</time>
      </trkpt>
      <trkpt lat="46.071291" lon="11.620698">
        <ele>782.226983</ele>
        <time>2026-08-17T19:44:07.783Z</time>
      </trkpt>
      <trkpt lat="46.071339" lon="11.620853">
        <ele>781.486880</ele>
        <time>2026-08-17T19:44:08.531Z</time>
      </trkpt>
      <trkpt lat="46.071354" lon="11.621124">
        <ele>780.824941</ele>
        <time>2026-08-17T19:44:09.738Z</time>
      </trkpt>
      <trkpt lat="46.071302" lon="11.621446">
        <ele>781.022276</ele>
        <time>2026-08-17T19:44:11.384Z</time>
      </trkpt>
      <trkpt lat="46.071226" lon="11.621638">
        <ele>781.154219</ele>
        <time>2026-08-17T19:44:12.839Z</time>
      </trkpt>
      <trkpt lat="46.071151" lon="11.621763">
        <ele>781.252862</ele>
        <time>2026-08-17T19:44:13.738Z</time>
      </trkpt>
      <trkpt lat="46.071066" lon="11.621847">
        <ele>781.341529</ele>
        <time>2026-08-17T19:44:14.573Z</time>
      </trkpt>
      <trkpt lat="46.069925" lon="11.622667">
        <ele>782.677790</ele>
        <time>2026-08-17T19:44:32.398Z</time>
      </trkpt>
      <trkpt lat="46.069728" lon="11.622865">
        <ele>783.267610</ele>
        <time>2026-08-17T19:44:36.732Z</time>
      </trkpt>
      <trkpt lat="46.069592" lon="11.623105">
        <ele>783.795604</ele>
        <time>2026-08-17T19:44:40.297Z</time>
      </trkpt>
      <trkpt lat="46.069434" lon="11.623516">
        <ele>784.596212</ele>
        <time>2026-08-17T19:44:45.582Z</time>
      </trkpt>
      <trkpt lat="46.069347" lon="11.623746">
        <ele>785.042563</ele>
        <time>2026-08-17T19:44:48.367Z</time>
      </trkpt>
      <trkpt lat="46.069186" lon="11.624197">
        <ele>785.906768</ele>
        <time>2026-08-17T19:44:53.348Z</time>
      </trkpt>
      <trkpt lat="46.068665" lon="11.625658">
        <ele>788.994703</ele>
        <time>2026-08-17T19:45:07.586Z</time>
      </trkpt>
      <trkpt lat="46.068184" lon="11.626933">
        <ele>791.860033</ele>
        <time>2026-08-17T19:45:24.565Z</time>
      </trkpt>
      <trkpt lat="46.068141" lon="11.627047">
        <ele>792.313713</ele>
        <time>2026-08-17T19:45:26.557Z</time>
      </trkpt>
      <trkpt lat="46.068079" lon="11.627161">
        <ele>792.820162</ele>
        <time>2026-08-17T19:45:28.840Z</time>
      </trkpt>
      <trkpt lat="46.068003" lon="11.627237">
        <ele>793.286311</ele>
        <time>2026-08-17T19:45:30.947Z</time>
      </trkpt>
      <trkpt lat="46.067923" lon="11.627252">
        <ele>793.692860</ele>
        <time>2026-08-17T19:45:32.812Z</time>
      </trkpt>
      <trkpt lat="46.067844" lon="11.627212">
        <ele>794.114825</ele>
        <time>2026-08-17T19:45:34.728Z</time>
      </trkpt>
      <trkpt lat="46.067542" lon="11.626667">
        <ele>796.553518</ele>
        <time>2026-08-17T19:45:45.591Z</time>
      </trkpt>
      <trkpt lat="46.067012" lon="11.625963">
        <ele>800.185665</ele>
        <time>2026-08-17T19:46:00.666Z</time>
      </trkpt>
      <trkpt lat="46.066918" lon="11.625869">
        <ele>800.762220</ele>
        <time>2026-08-17T19:46:02.917Z</time>
      </trkpt>
      <trkpt lat="46.066756" lon="11.625795">
        <ele>801.984189</ele>
        <time>2026-08-17T19:46:06.209Z</time>
      </trkpt>
      <trkpt lat="46.066618" lon="11.625799">
        <ele>803.011914</ele>
        <time>2026-08-17T19:46:08.898Z</time>
      </trkpt>
      <trkpt lat="46.066489" lon="11.625853">
        <ele>804.012111</ele>
        <time>2026-08-17T19:46:11.623Z</time>
      </trkpt>
      <trkpt lat="46.065795" lon="11.626392">
        <ele>809.881972</ele>
        <time>2026-08-17T19:46:31.038Z</time>
      </trkpt>
      <trkpt lat="46.064966" lon="11.627451">
        <ele>819.086295</ele>
        <time>2026-08-17T19:47:09.484Z</time>
      </trkpt>
      <trkpt lat="46.064632" lon="11.627944">
        <ele>823.522184</ele>
        <time>2026-08-17T19:47:25.707Z</time>
      </trkpt>
      <trkpt lat="46.064515" lon="11.628348">
        <ele>826.340533</ele>
        <time>2026-08-17T19:47:35.135Z</time>
      </trkpt>
      <trkpt lat="46.064394" lon="11.629106">
        <ele>831.129151</ele>
        <time>2026-08-17T19:47:50.904Z</time>
      </trkpt>
      <trkpt lat="46.064261" lon="11.629648">
        <ele>832.874133</ele>
        <time>2026-08-17T19:47:59.715Z</time>
      </trkpt>
      <trkpt lat="46.064265" lon="11.629787">
        <ele>833.296402</ele>
        <time>2026-08-17T19:48:01.519Z</time>
      </trkpt>
      <trkpt lat="46.064348" lon="11.629834">
        <ele>833.686512</ele>
        <time>2026-08-17T19:48:03.297Z</time>
      </trkpt>
      <trkpt lat="46.064430" lon="11.629762">
        <ele>834.106555</ele>
        <time>2026-08-17T19:48:05.000Z</time>
      </trkpt>
      <trkpt lat="46.064469" lon="11.629496">
        <ele>834.931770</ele>
        <time>2026-08-17T19:48:08.339Z</time>
      </trkpt>
      <trkpt lat="46.064517" lon="11.629347">
        <ele>835.430396</ele>
        <time>2026-08-17T19:48:10.246Z</time>
      </trkpt>
      <trkpt lat="46.064578" lon="11.629244">
        <ele>835.841429</ele>
        <time>2026-08-17T19:48:11.792Z</time>
      </trkpt>
      <trkpt lat="46.065083" lon="11.628645">
        <ele>838.702539</ele>
        <time>2026-08-17T19:48:22.097Z</time>
      </trkpt>
      <trkpt lat="46.065163" lon="11.628297">
        <ele>840.113214</ele>
        <time>2026-08-17T19:48:25.796Z</time>
      </trkpt>
      <trkpt lat="46.065208" lon="11.628228">
        <ele>840.485180</ele>
        <time>2026-08-17T19:48:26.898Z</time>
      </trkpt>
      <trkpt lat="46.065277" lon="11.628212">
        <ele>840.880828</ele>
        <time>2026-08-17T19:48:28.169Z</time>
      </trkpt>
      <trkpt lat="46.065351" lon="11.628239">
        <ele>841.312976</ele>
        <time>2026-08-17T19:48:29.636Z</time>
      </trkpt>
      <trkpt lat="46.065404" lon="11.628308">
        <ele>841.717308</ele>
        <time>2026-08-17T19:48:31.112Z</time>
      </trkpt>
      <trkpt lat="46.065429" lon="11.628400">
        <ele>842.105408</ele>
        <time>2026-08-17T19:48:32.557Z</time>
      </trkpt>
      <trkpt lat="46.065416" lon="11.628509">
        <ele>842.539836</ele>
        <time>2026-08-17T19:48:34.221Z</time>
      </trkpt>
      <trkpt lat="46.065371" lon="11.628578">
        <ele>842.911801</ele>
        <time>2026-08-17T19:48:35.689Z</time>
      </trkpt>
      <trkpt lat="46.065103" lon="11.628789">
        <ele>844.640629</ele>
        <time>2026-08-17T19:48:42.947Z</time>
      </trkpt>
      <trkpt lat="46.065057" lon="11.629000">
        <ele>845.509385</ele>
        <time>2026-08-17T19:48:46.846Z</time>
      </trkpt>
      <trkpt lat="46.064912" lon="11.629625">
        <ele>848.097990</ele>
        <time>2026-08-17T19:48:59.120Z</time>
      </trkpt>
      <trkpt lat="46.064751" lon="11.630171">
        <ele>850.665949</ele>
        <time>2026-08-17T19:49:10.756Z</time>
      </trkpt>
      <trkpt lat="46.064533" lon="11.631615">
        <ele>857.426286</ele>
        <time>2026-08-17T19:49:35.655Z</time>
      </trkpt>
      <trkpt lat="46.064514" lon="11.631705">
        <ele>857.856640</ele>
        <time>2026-08-17T19:49:37.207Z</time>
      </trkpt>
      <trkpt lat="46.064498" lon="11.631780">
        <ele>858.215590</ele>
        <time>2026-08-17T19:49:38.630Z</time>
      </trkpt>
      <trkpt lat="46.064429" lon="11.632121">
        <ele>859.840528</ele>
        <time>2026-08-17T19:49:44.856Z</time>
      </trkpt>
      <trkpt lat="46.064426" lon="11.632362">
        <ele>860.876005</ele>
        <time>2026-08-17T19:49:49.120Z</time>
      </trkpt>
      <trkpt lat="46.064443" lon="11.632536">
        <ele>861.137690</ele>
        <time>2026-08-17T19:49:52.140Z</time>
      </trkpt>
      <trkpt lat="46.064653" lon="11.633019">
        <ele>861.986548</ele>
        <time>2026-08-17T19:50:00.507Z</time>
      </trkpt>
      <trkpt lat="46.064741" lon="11.633124">
        <ele>862.231756</ele>
        <time>2026-08-17T19:50:02.233Z</time>
      </trkpt>
      <trkpt lat="46.064820" lon="11.633194">
        <ele>862.430800</ele>
        <time>2026-08-17T19:50:03.641Z</time>
      </trkpt>
      <trkpt lat="46.064950" lon="11.633311">
        <ele>862.759761</ele>
        <time>2026-08-17T19:50:05.912Z</time>
      </trkpt>
      <trkpt lat="46.064992" lon="11.633349">
        <ele>862.866199</ele>
        <time>2026-08-17T19:50:06.622Z</time>
      </trkpt>
      <trkpt lat="46.065051" lon="11.633402">
        <ele>863.015417</ele>
        <time>2026-08-17T19:50:07.742Z</time>
      </trkpt>
      <trkpt lat="46.065323" lon="11.633692">
        <ele>863.741605</ele>
        <time>2026-08-17T19:50:12.136Z</time>
      </trkpt>
      <trkpt lat="46.065490" lon="11.633867">
        <ele>864.184775</ele>
        <time>2026-08-17T19:50:13.742Z</time>
      </trkpt>
      <trkpt lat="46.065542" lon="11.633912">
        <ele>864.314959</ele>
        <time>2026-08-17T19:50:14.159Z</time>
      </trkpt>
      <trkpt lat="46.065664" lon="11.634039">
        <ele>864.637973</ele>
        <time>2026-08-17T19:50:15.135Z</time>
      </trkpt>
      <trkpt lat="46.065762" lon="11.634105">
        <ele>864.685306</ele>
        <time>2026-08-17T19:50:15.810Z</time>
      </trkpt>
      <trkpt lat="46.065821" lon="11.634192">
        <ele>864.664802</ele>
        <time>2026-08-17T19:50:16.333Z</time>
      </trkpt>
      <trkpt lat="46.065976" lon="11.634440">
        <ele>864.608547</ele>
        <time>2026-08-17T19:50:17.709Z</time>
      </trkpt>
      <trkpt lat="46.066094" lon="11.634661">
        <ele>864.561548</ele>
        <time>2026-08-17T19:50:18.840Z</time>
      </trkpt>
      <trkpt lat="46.066147" lon="11.634753">
        <ele>864.541394</ele>
        <time>2026-08-17T19:50:19.325Z</time>
      </trkpt>
      <trkpt lat="46.066239" lon="11.635040">
        <ele>864.488111</ele>
        <time>2026-08-17T19:50:20.636Z</time>
      </trkpt>
      <trkpt lat="46.066772" lon="11.637049">
        <ele>867.265527</ele>
        <time>2026-08-17T19:50:41.697Z</time>
      </trkpt>
      <trkpt lat="46.066886" lon="11.637519">
        <ele>869.042628</ele>
        <time>2026-08-17T19:50:51.490Z</time>
      </trkpt>
      <trkpt lat="46.066919" lon="11.637778">
        <ele>869.982520</ele>
        <time>2026-08-17T19:50:56.709Z</time>
      </trkpt>
      <trkpt lat="46.067123" lon="11.638605">
        <ele>873.115283</ele>
        <time>2026-08-17T19:51:13.421Z</time>
      </trkpt>
      <trkpt lat="46.067534" lon="11.640693">
        <ele>876.320165</ele>
        <time>2026-08-17T19:51:35.818Z</time>
      </trkpt>
      <trkpt lat="46.067557" lon="11.640961">
        <ele>876.687763</ele>
        <time>2026-08-17T19:51:37.107Z</time>
      </trkpt>
      <trkpt lat="46.067557" lon="11.641736">
        <ele>876.483076</ele>
        <time>2026-08-17T19:51:40.668Z</time>
      </trkpt>
      <trkpt lat="46.067670" lon="11.642459">
        <ele>875.660125</ele>
        <time>2026-08-17T19:51:44.063Z</time>
      </trkpt>
      <trkpt lat="46.067677" lon="11.643381">
        <ele>874.636259</ele>
        <time>2026-08-17T19:51:48.232Z</time>
      </trkpt>
      <trkpt lat="46.067840" lon="11.644338">
        <ele>874.373689</ele>
        <time>2026-08-17T19:51:53.085Z</time>
      </trkpt>
      <trkpt lat="46.067896" lon="11.644678">
        <ele>874.499293</ele>
        <time>2026-08-17T19:51:55.033Z</time>
      </trkpt>
      <trkpt lat="46.067991" lon="11.645029">
        <ele>874.634714</ele>
        <time>2026-08-17T19:51:57.589Z</time>
      </trkpt>
      <trkpt lat="46.068321" lon="11.645912">
        <ele>874.995207</ele>
        <time>2026-08-17T19:52:06.093Z</time>
      </trkpt>
      <trkpt lat="46.068343" lon="11.646195">
        <ele>875.097563</ele>
        <time>2026-08-17T19:52:08.966Z</time>
      </trkpt>
      <trkpt lat="46.068295" lon="11.646585">
        <ele>875.598178</ele>
        <time>2026-08-17T19:52:13.133Z</time>
      </trkpt>
      <trkpt lat="46.067777" lon="11.647587">
        <ele>877.214925</ele>
        <time>2026-08-17T19:52:25.734Z</time>
      </trkpt>
      <trkpt lat="46.067692" lon="11.647903">
        <ele>877.653434</ele>
        <time>2026-08-17T19:52:29.017Z</time>
      </trkpt>
      <trkpt lat="46.067630" lon="11.648399">
        <ele>878.305516</ele>
        <time>2026-08-17T19:52:33.654Z</time>
      </trkpt>
      <trkpt lat="46.067556" lon="11.648723">
        <ele>878.458539</ele>
        <time>2026-08-17T19:52:36.275Z</time>
      </trkpt>
      <trkpt lat="46.067218" lon="11.649581">
        <ele>878.468251</ele>
        <time>2026-08-17T19:52:41.635Z</time>
      </trkpt>
      <trkpt lat="46.067166" lon="11.649807">
        <ele>878.470595</ele>
        <time>2026-08-17T19:52:42.806Z</time>
      </trkpt>
      <trkpt lat="46.067116" lon="11.651713">
        <ele>880.730500</ele>
        <time>2026-08-17T19:52:54.366Z</time>
      </trkpt>
      <trkpt lat="46.067098" lon="11.651965">
        <ele>881.475867</ele>
        <time>2026-08-17T19:52:57.277Z</time>
      </trkpt>
      <trkpt lat="46.067039" lon="11.652204">
        <ele>882.222252</ele>
        <time>2026-08-17T19:53:00.653Z</time>
      </trkpt>
      <trkpt lat="46.066061" lon="11.654087">
        <ele>890.337188</ele>
        <time>2026-08-17T19:53:43.059Z</time>
      </trkpt>
      <trkpt lat="46.066007" lon="11.654201">
        <ele>890.903211</ele>
        <time>2026-08-17T19:53:45.397Z</time>
      </trkpt>
      <trkpt lat="46.065983" lon="11.654316">
        <ele>891.395652</ele>
        <time>2026-08-17T19:53:47.542Z</time>
      </trkpt>
      <trkpt lat="46.066003" lon="11.654433">
        <ele>891.889770</ele>
        <time>2026-08-17T19:53:49.469Z</time>
      </trkpt>
      <trkpt lat="46.066080" lon="11.654550">
        <ele>892.551039</ele>
        <time>2026-08-17T19:53:52.144Z</time>
      </trkpt>
      <trkpt lat="46.066187" lon="11.654602">
        <ele>893.218403</ele>
        <time>2026-08-17T19:53:54.644Z</time>
      </trkpt>
      <trkpt lat="46.066301" lon="11.654571">
        <ele>893.904043</ele>
        <time>2026-08-17T19:53:57.000Z</time>
      </trkpt>
      <trkpt lat="46.066358" lon="11.654528">
        <ele>894.284275</ele>
        <time>2026-08-17T19:53:58.227Z</time>
      </trkpt>
      <trkpt lat="46.066908" lon="11.653827">
        <ele>898.658062</ele>
        <time>2026-08-17T19:54:11.596Z</time>
      </trkpt>
      <trkpt lat="46.067163" lon="11.653621">
        <ele>900.417419</ele>
        <time>2026-08-17T19:54:18.331Z</time>
      </trkpt>
      <trkpt lat="46.067486" lon="11.653408">
        <ele>902.555214</ele>
        <time>2026-08-17T19:54:25.711Z</time>
      </trkpt>
      <trkpt lat="46.068136" lon="11.653198">
        <ele>906.564335</ele>
        <time>2026-08-17T19:54:41.691Z</time>
      </trkpt>
      <trkpt lat="46.068356" lon="11.653040">
        <ele>908.293576</ele>
        <time>2026-08-17T19:54:48.736Z</time>
      </trkpt>
      <trkpt lat="46.069198" lon="11.652283">
        <ele>917.382384</ele>
        <time>2026-08-17T19:55:21.714Z</time>
      </trkpt>
      <trkpt lat="46.069330" lon="11.652216">
        <ele>918.664100</ele>
        <time>2026-08-17T19:55:25.986Z</time>
      </trkpt>
      <trkpt lat="46.069785" lon="11.652122">
        <ele>922.873884</ele>
        <time>2026-08-17T19:55:40.144Z</time>
      </trkpt>
      <trkpt lat="46.069903" lon="11.652062">
        <ele>924.019882</ele>
        <time>2026-08-17T19:55:43.981Z</time>
      </trkpt>
      <trkpt lat="46.070402" lon="11.651603">
        <ele>928.811062</ele>
        <time>2026-08-17T19:56:01.648Z</time>
      </trkpt>
      <trkpt lat="46.070577" lon="11.651424">
        <ele>930.547127</ele>
        <time>2026-08-17T19:56:07.730Z</time>
      </trkpt>
      <trkpt lat="46.071486" lon="11.650449">
        <ele>939.397585</ele>
        <time>2026-08-17T19:56:39.082Z</time>
      </trkpt>
      <trkpt lat="46.071577" lon="11.650291">
        <ele>940.225896</ele>
        <time>2026-08-17T19:56:42.859Z</time>
      </trkpt>
      <trkpt lat="46.071790" lon="11.649715">
        <ele>942.858702</ele>
        <time>2026-08-17T19:56:54.048Z</time>
      </trkpt>
      <trkpt lat="46.071917" lon="11.649502">
        <ele>943.991565</ele>
        <time>2026-08-17T19:56:58.451Z</time>
      </trkpt>
      <trkpt lat="46.072104" lon="11.649223">
        <ele>945.556353</ele>
        <time>2026-08-17T19:57:04.142Z</time>
      </trkpt>
      <trkpt lat="46.072344" lon="11.648716">
        <ele>948.032082</ele>
        <time>2026-08-17T19:57:12.251Z</time>
      </trkpt>
      <trkpt lat="46.072405" lon="11.648535">
        <ele>948.843744</ele>
        <time>2026-08-17T19:57:14.908Z</time>
      </trkpt>
      <trkpt lat="46.072500" lon="11.648093">
        <ele>950.874372</ele>
        <time>2026-08-17T19:57:21.511Z</time>
      </trkpt>
      <trkpt lat="46.072608" lon="11.647240">
        <ele>954.717114</ele>
        <time>2026-08-17T19:57:34.659Z</time>
      </trkpt>
      <trkpt lat="46.072682" lon="11.647065">
        <ele>955.625387</ele>
        <time>2026-08-17T19:57:38.094Z</time>
      </trkpt>
      <trkpt lat="46.072848" lon="11.646801">
        <ele>957.204432</ele>
        <time>2026-08-17T19:57:44.454Z</time>
      </trkpt>
      <trkpt lat="46.074174" lon="11.644924">
        <ele>971.317475</ele>
        <time>2026-08-17T19:58:38.008Z</time>
      </trkpt>
      <trkpt lat="46.074790" lon="11.643347">
        <ele>981.286013</ele>
        <time>2026-08-17T19:59:12.435Z</time>
      </trkpt>
      <trkpt lat="46.075145" lon="11.642056">
        <ele>988.865207</ele>
        <time>2026-08-17T19:59:39.632Z</time>
      </trkpt>
      <trkpt lat="46.075568" lon="11.640358">
        <ele>998.866533</ele>
        <time>2026-08-17T20:00:14.259Z</time>
      </trkpt>
      <trkpt lat="46.075734" lon="11.639556">
        <ele>1003.508515</ele>
        <time>2026-08-17T20:00:30.421Z</time>
      </trkpt>
      <trkpt lat="46.075973" lon="11.639298">
        <ele>1006.445660</ele>
        <time>2026-08-17T20:00:39.388Z</time>
      </trkpt>
      <trkpt lat="46.076223" lon="11.639226">
        <ele>1008.966602</ele>
        <time>2026-08-17T20:00:47.347Z</time>
      </trkpt>
      <trkpt lat="46.076492" lon="11.639342">
        <ele>1011.743033</ele>
        <time>2026-08-17T20:00:56.520Z</time>
      </trkpt>
      <trkpt lat="46.076896" lon="11.639360">
        <ele>1015.739835</ele>
        <time>2026-08-17T20:01:10.732Z</time>
      </trkpt>
      <trkpt lat="46.077745" lon="11.639074">
        <ele>1024.111857</ele>
        <time>2026-08-17T20:01:41.474Z</time>
      </trkpt>
      <trkpt lat="46.079362" lon="11.639116">
        <ele>1038.794134</ele>
        <time>2026-08-17T20:02:29.115Z</time>
      </trkpt>
      <trkpt lat="46.079612" lon="11.639011">
        <ele>1041.194580</ele>
        <time>2026-08-17T20:02:36.677Z</time>
      </trkpt>
      <trkpt lat="46.079726" lon="11.638927">
        <ele>1042.374806</ele>
        <time>2026-08-17T20:02:40.509Z</time>
      </trkpt>
      <trkpt lat="46.079789" lon="11.638853">
        <ele>1043.123940</ele>
        <time>2026-08-17T20:02:42.971Z</time>
      </trkpt>
      <trkpt lat="46.079884" lon="11.638738">
        <ele>1044.267495</ele>
        <time>2026-08-17T20:02:46.706Z</time>
      </trkpt>
      <trkpt lat="46.080729" lon="11.637721">
        <ele>1054.420148</ele>
        <time>2026-08-17T20:03:21.787Z</time>
      </trkpt>
      <trkpt lat="46.080961" lon="11.637354">
        <ele>1057.695554</ele>
        <time>2026-08-17T20:03:33.292Z</time>
      </trkpt>
      <trkpt lat="46.081054" lon="11.637061">
        <ele>1059.821034</ele>
        <time>2026-08-17T20:03:40.739Z</time>
      </trkpt>
      <trkpt lat="46.081105" lon="11.636795">
        <ele>1061.641464</ele>
        <time>2026-08-17T20:03:47.104Z</time>
      </trkpt>
      <trkpt lat="46.081337" lon="11.635216">
        <ele>1072.153299</ele>
        <time>2026-08-17T20:04:22.203Z</time>
      </trkpt>
      <trkpt lat="46.081439" lon="11.634551">
        <ele>1075.997758</ele>
        <time>2026-08-17T20:04:36.293Z</time>
      </trkpt>
      <trkpt lat="46.081544" lon="11.634346">
        <ele>1077.436231</ele>
        <time>2026-08-17T20:04:41.338Z</time>
      </trkpt>
      <trkpt lat="46.081699" lon="11.634205">
        <ele>1078.927727</ele>
        <time>2026-08-17T20:04:46.372Z</time>
      </trkpt>
      <trkpt lat="46.081953" lon="11.634192">
        <ele>1080.996070</ele>
        <time>2026-08-17T20:04:53.152Z</time>
      </trkpt>
      <trkpt lat="46.082197" lon="11.634280">
        <ele>1083.042920</ele>
        <time>2026-08-17T20:04:59.855Z</time>
      </trkpt>
      <trkpt lat="46.082495" lon="11.634307">
        <ele>1085.472816</ele>
        <time>2026-08-17T20:05:08.036Z</time>
      </trkpt>
      <trkpt lat="46.082677" lon="11.634229">
        <ele>1087.123572</ele>
        <time>2026-08-17T20:05:13.233Z</time>
      </trkpt>
      <trkpt lat="46.082833" lon="11.634085">
        <ele>1088.785892</ele>
        <time>2026-08-17T20:05:18.364Z</time>
      </trkpt>
      <trkpt lat="46.083484" lon="11.633206">
        <ele>1096.790046</ele>
        <time>2026-08-17T20:05:45.045Z</time>
      </trkpt>
      <trkpt lat="46.083612" lon="11.633098">
        <ele>1098.120981</ele>
        <time>2026-08-17T20:05:49.765Z</time>
      </trkpt>
      <trkpt lat="46.083737" lon="11.633043">
        <ele>1099.293819</ele>
        <time>2026-08-17T20:05:54.032Z</time>
      </trkpt>
      <trkpt lat="46.083869" lon="11.633028">
        <ele>1100.482073</ele>
        <time>2026-08-17T20:05:58.381Z</time>
      </trkpt>
      <trkpt lat="46.084328" lon="11.633273">
        <ele>1105.618355</ele>
        <time>2026-08-17T20:06:14.900Z</time>
      </trkpt>
      <trkpt lat="46.084522" lon="11.633345">
        <ele>1107.903663</ele>
        <time>2026-08-17T20:06:21.843Z</time>
      </trkpt>
      <trkpt lat="46.084641" lon="11.633353">
        <ele>1109.262693</ele>
        <time>2026-08-17T20:06:26.212Z</time>
      </trkpt>
      <trkpt lat="46.084840" lon="11.633273">
        <ele>1111.619490</ele>
        <time>2026-08-17T20:06:34.034Z</time>
      </trkpt>
      <trkpt lat="46.085504" lon="11.632791">
        <ele>1120.100336</ele>
        <time>2026-08-17T20:07:02.738Z</time>
      </trkpt>
      <trkpt lat="46.085618" lon="11.632681">
        <ele>1121.665225</ele>
        <time>2026-08-17T20:07:07.893Z</time>
      </trkpt>
      <trkpt lat="46.085738" lon="11.632390">
        <ele>1124.255410</ele>
        <time>2026-08-17T20:07:16.603Z</time>
      </trkpt>
      <trkpt lat="46.085735" lon="11.632215">
        <ele>1125.568082</ele>
        <time>2026-08-17T20:07:20.977Z</time>
      </trkpt>
      <trkpt lat="46.085707" lon="11.632062">
        <ele>1126.754648</ele>
        <time>2026-08-17T20:07:24.842Z</time>
      </trkpt>
      <trkpt lat="46.085646" lon="11.631920">
        <ele>1128.007157</ele>
        <time>2026-08-17T20:07:28.869Z</time>
      </trkpt>
      <trkpt lat="46.085562" lon="11.631822">
        <ele>1129.175409</ele>
        <time>2026-08-17T20:07:32.670Z</time>
      </trkpt>
      <trkpt lat="46.085367" lon="11.631742">
        <ele>1131.367351</ele>
        <time>2026-08-17T20:07:39.924Z</time>
      </trkpt>
      <trkpt lat="46.085093" lon="11.631683">
        <ele>1134.362573</ele>
        <time>2026-08-17T20:07:50.023Z</time>
      </trkpt>
      <trkpt lat="46.084620" lon="11.631439">
        <ele>1139.793913</ele>
        <time>2026-08-17T20:08:07.323Z</time>
      </trkpt>
      <trkpt lat="46.084225" lon="11.631170">
        <ele>1143.343017</ele>
        <time>2026-08-17T20:08:21.667Z</time>
      </trkpt>
      <trkpt lat="46.083795" lon="11.631009">
        <ele>1145.816612</ele>
        <time>2026-08-17T20:08:34.758Z</time>
      </trkpt>
      <trkpt lat="46.083364" lon="11.630961">
        <ele>1148.223506</ele>
        <time>2026-08-17T20:08:45.110Z</time>
      </trkpt>
      <trkpt lat="46.082879" lon="11.631058">
        <ele>1150.949774</ele>
        <time>2026-08-17T20:08:52.401Z</time>
      </trkpt>
      <trkpt lat="46.082671" lon="11.631144">
        <ele>1152.140628</ele>
        <time>2026-08-17T20:08:54.544Z</time>
      </trkpt>
      <trkpt lat="46.082462" lon="11.631328">
        <ele>1153.066514</ele>
        <time>2026-08-17T20:08:56.816Z</time>
      </trkpt>
      <trkpt lat="46.082287" lon="11.631429">
        <ele>1153.779216</ele>
        <time>2026-08-17T20:08:58.646Z</time>
      </trkpt>
      <trkpt lat="46.082105" lon="11.631468">
        <ele>1154.474895</ele>
        <time>2026-08-17T20:09:00.697Z</time>
      </trkpt>
      <trkpt lat="46.081845" lon="11.631412">
        <ele>1155.468832</ele>
        <time>2026-08-17T20:09:04.309Z</time>
      </trkpt>
      <trkpt lat="46.081611" lon="11.631192">
        <ele>1156.525061</ele>
        <time>2026-08-17T20:09:09.249Z</time>
      </trkpt>
      <trkpt lat="46.081480" lon="11.631034">
        <ele>1157.170826</ele>
        <time>2026-08-17T20:09:13.018Z</time>
      </trkpt>
      <trkpt lat="46.081406" lon="11.630752">
        <ele>1157.961539</ele>
        <time>2026-08-17T20:09:18.356Z</time>
      </trkpt>
      <trkpt lat="46.081383" lon="11.629362">
        <ele>1162.913927</ele>
        <time>2026-08-17T20:09:45.906Z</time>
      </trkpt>
      <trkpt lat="46.081298" lon="11.628763">
        <ele>1165.294019</ele>
        <time>2026-08-17T20:09:55.539Z</time>
      </trkpt>
      <trkpt lat="46.080901" lon="11.627378">
        <ele>1171.585670</ele>
        <time>2026-08-17T20:10:12.297Z</time>
      </trkpt>
      <trkpt lat="46.080644" lon="11.626929">
        <ele>1174.340794</ele>
        <time>2026-08-17T20:10:20.235Z</time>
      </trkpt>
      <trkpt lat="46.080650" lon="11.626740">
        <ele>1175.236236</ele>
        <time>2026-08-17T20:10:23.398Z</time>
      </trkpt>
      <trkpt lat="46.080673" lon="11.626700">
        <ele>1175.482137</ele>
        <time>2026-08-17T20:10:24.315Z</time>
      </trkpt>
      <trkpt lat="46.080733" lon="11.626679">
        <ele>1175.903417</ele>
        <time>2026-08-17T20:10:25.942Z</time>
      </trkpt>
      <trkpt lat="46.080826" lon="11.626738">
        <ele>1176.596691</ele>
        <time>2026-08-17T20:10:28.750Z</time>
      </trkpt>
      <trkpt lat="46.080866" lon="11.626808">
        <ele>1177.025931</ele>
        <time>2026-08-17T20:10:30.545Z</time>
      </trkpt>
      <trkpt lat="46.081370" lon="11.627856">
        <ele>1183.876427</ele>
        <time>2026-08-17T20:11:00.571Z</time>
      </trkpt>
      <trkpt lat="46.081580" lon="11.628205">
        <ele>1187.062483</ele>
        <time>2026-08-17T20:11:11.990Z</time>
      </trkpt>
      <trkpt lat="46.081831" lon="11.628449">
        <ele>1190.072153</ele>
        <time>2026-08-17T20:11:21.976Z</time>
      </trkpt>
      <trkpt lat="46.082020" lon="11.628684">
        <ele>1192.553435</ele>
        <time>2026-08-17T20:11:29.756Z</time>
      </trkpt>
      <trkpt lat="46.082112" lon="11.629302">
        <ele>1196.912139</ele>
        <time>2026-08-17T20:11:43.384Z</time>
      </trkpt>
      <trkpt lat="46.082206" lon="11.629576">
        <ele>1199.020085</ele>
        <time>2026-08-17T20:11:50.062Z</time>
      </trkpt>
      <trkpt lat="46.082364" lon="11.629668">
        <ele>1200.783587</ele>
        <time>2026-08-17T20:11:55.608Z</time>
      </trkpt>
      <trkpt lat="46.082555" lon="11.629705">
        <ele>1202.785115</ele>
        <time>2026-08-17T20:12:02.062Z</time>
      </trkpt>
      <trkpt lat="46.082798" lon="11.629684">
        <ele>1205.313410</ele>
        <time>2026-08-17T20:12:10.411Z</time>
      </trkpt>
      <trkpt lat="46.083565" lon="11.629151">
        <ele>1214.156437</ele>
        <time>2026-08-17T20:12:41.031Z</time>
      </trkpt>
      <trkpt lat="46.084152" lon="11.628999">
        <ele>1219.803702</ele>
        <time>2026-08-17T20:13:01.429Z</time>
      </trkpt>
      <trkpt lat="46.085742" lon="11.629169">
        <ele>1232.710072</ele>
        <time>2026-08-17T20:13:44.724Z</time>
      </trkpt>
      <trkpt lat="46.086792" lon="11.629588">
        <ele>1240.240471</ele>
        <time>2026-08-17T20:14:12.299Z</time>
      </trkpt>
      <trkpt lat="46.087307" lon="11.629918">
        <ele>1244.135835</ele>
        <time>2026-08-17T20:14:26.665Z</time>
      </trkpt>
      <trkpt lat="46.088419" lon="11.631088">
        <ele>1252.771350</ele>
        <time>2026-08-17T20:15:01.133Z</time>
      </trkpt>
      <trkpt lat="46.088694" lon="11.631398">
        <ele>1254.942078</ele>
        <time>2026-08-17T20:15:09.003Z</time>
      </trkpt>
      <trkpt lat="46.088899" lon="11.631750">
        <ele>1256.985877</ele>
        <time>2026-08-17T20:15:15.606Z</time>
      </trkpt>
      <trkpt lat="46.089446" lon="11.632235">
        <ele>1261.265698</ele>
        <time>2026-08-17T20:15:28.318Z</time>
      </trkpt>
      <trkpt lat="46.089771" lon="11.632778">
        <ele>1264.581055</ele>
        <time>2026-08-17T20:15:39.910Z</time>
      </trkpt>
      <trkpt lat="46.089945" lon="11.632979">
        <ele>1266.067011</ele>
        <time>2026-08-17T20:15:45.901Z</time>
      </trkpt>
      <trkpt lat="46.090793" lon="11.633219">
        <ele>1274.139489</ele>
        <time>2026-08-17T20:16:15.612Z</time>
      </trkpt>
      <trkpt lat="46.091808" lon="11.633454">
        <ele>1285.194062</ele>
        <time>2026-08-17T20:16:54.921Z</time>
      </trkpt>
      <trkpt lat="46.092198" lon="11.633705">
        <ele>1289.066996</ele>
        <time>2026-08-17T20:17:08.433Z</time>
      </trkpt>
      <trkpt lat="46.092397" lon="11.633979">
        <ele>1291.134300</ele>
        <time>2026-08-17T20:17:16.179Z</time>
      </trkpt>
      <trkpt lat="46.092668" lon="11.634587">
        <ele>1294.900168</ele>
        <time>2026-08-17T20:17:28.386Z</time>
      </trkpt>
      <trkpt lat="46.093347" lon="11.635880">
        <ele>1303.211508</ele>
        <time>2026-08-17T20:17:56.436Z</time>
      </trkpt>
      <trkpt lat="46.093975" lon="11.636743">
        <ele>1309.356927</ele>
        <time>2026-08-17T20:18:19.820Z</time>
      </trkpt>
      <trkpt lat="46.094372" lon="11.637216">
        <ele>1313.005059</ele>
        <time>2026-08-17T20:18:33.558Z</time>
      </trkpt>
      <trkpt lat="46.094429" lon="11.637345">
        <ele>1313.743871</ele>
        <time>2026-08-17T20:18:36.254Z</time>
      </trkpt>
      <trkpt lat="46.094481" lon="11.637588">
        <ele>1314.839810</ele>
        <time>2026-08-17T20:18:40.629Z</time>
      </trkpt>
      <trkpt lat="46.094437" lon="11.637777">
        <ele>1315.698982</ele>
        <time>2026-08-17T20:18:43.846Z</time>
      </trkpt>
      <trkpt lat="46.094297" lon="11.638191">
        <ele>1317.683952</ele>
        <time>2026-08-17T20:18:50.852Z</time>
      </trkpt>
      <trkpt lat="46.094052" lon="11.638651">
        <ele>1320.183547</ele>
        <time>2026-08-17T20:18:59.015Z</time>
      </trkpt>
      <trkpt lat="46.093596" lon="11.639231">
        <ele>1323.962175</ele>
        <time>2026-08-17T20:19:13.630Z</time>
      </trkpt>
      <trkpt lat="46.093312" lon="11.639679">
        <ele>1327.080904</ele>
        <time>2026-08-17T20:19:24.910Z</time>
      </trkpt>
      <trkpt lat="46.093068" lon="11.640431">
        <ele>1331.689067</ele>
        <time>2026-08-17T20:19:41.229Z</time>
      </trkpt>
      <trkpt lat="46.093000" lon="11.640642">
        <ele>1332.980487</ele>
        <time>2026-08-17T20:19:46.010Z</time>
      </trkpt>
      <trkpt lat="46.092868" lon="11.640916">
        <ele>1334.832248</ele>
        <time>2026-08-17T20:19:53.029Z</time>
      </trkpt>
      <trkpt lat="46.092442" lon="11.641177">
        <ele>1338.536781</ele>
        <time>2026-08-17T20:20:07.437Z</time>
      </trkpt>
      <trkpt lat="46.092302" lon="11.641293">
        <ele>1339.576443</ele>
        <time>2026-08-17T20:20:12.218Z</time>
      </trkpt>
      <trkpt lat="46.091948" lon="11.641893">
        <ele>1342.114708</ele>
        <time>2026-08-17T20:20:25.622Z</time>
      </trkpt>
      <trkpt lat="46.091829" lon="11.642065">
        <ele>1342.897551</ele>
        <time>2026-08-17T20:20:28.846Z</time>
      </trkpt>
      <trkpt lat="46.091700" lon="11.642185">
        <ele>1343.610808</ele>
        <time>2026-08-17T20:20:31.452Z</time>
      </trkpt>
      <trkpt lat="46.091516" lon="11.642192">
        <ele>1344.466005</ele>
        <time>2026-08-17T20:20:34.262Z</time>
      </trkpt>
      <trkpt lat="46.091335" lon="11.642150">
        <ele>1345.317785</ele>
        <time>2026-08-17T20:20:36.890Z</time>
      </trkpt>
      <trkpt lat="46.090508" lon="11.642188">
        <ele>1349.530020</ele>
        <time>2026-08-17T20:20:49.477Z</time>
      </trkpt>
      <trkpt lat="46.090209" lon="11.642289">
        <ele>1351.289379</ele>
        <time>2026-08-17T20:20:55.252Z</time>
      </trkpt>
      <trkpt lat="46.089980" lon="11.642444">
        <ele>1352.738684</ele>
        <time>2026-08-17T20:21:01.850Z</time>
      </trkpt>
      <trkpt lat="46.089805" lon="11.642781">
        <ele>1354.411423</ele>
        <time>2026-08-17T20:21:09.835Z</time>
      </trkpt>
      <trkpt lat="46.089621" lon="11.643347">
        <ele>1356.895095</ele>
        <time>2026-08-17T20:21:20.909Z</time>
      </trkpt>
      <trkpt lat="46.089593" lon="11.643504">
        <ele>1357.539194</ele>
        <time>2026-08-17T20:21:23.695Z</time>
      </trkpt>
      <trkpt lat="46.089602" lon="11.643614">
        <ele>1358.024495</ele>
        <time>2026-08-17T20:21:25.608Z</time>
      </trkpt>
      <trkpt lat="46.089640" lon="11.643655">
        <ele>1358.431271</ele>
        <time>2026-08-17T20:21:26.882Z</time>
      </trkpt>
      <trkpt lat="46.089718" lon="11.643649">
        <ele>1359.100740</ele>
        <time>2026-08-17T20:21:28.971Z</time>
      </trkpt>
      <trkpt lat="46.089777" lon="11.643582">
        <ele>1359.744410</ele>
        <time>2026-08-17T20:21:30.868Z</time>
      </trkpt>
      <trkpt lat="46.089763" lon="11.643220">
        <ele>1361.899509</ele>
        <time>2026-08-17T20:21:37.631Z</time>
      </trkpt>
      <trkpt lat="46.089827" lon="11.642994">
        <ele>1363.350543</ele>
        <time>2026-08-17T20:21:42.466Z</time>
      </trkpt>
      <trkpt lat="46.089977" lon="11.642750">
        <ele>1365.288664</ele>
        <time>2026-08-17T20:21:49.228Z</time>
      </trkpt>
      <trkpt lat="46.090096" lon="11.642676">
        <ele>1366.399390</ele>
        <time>2026-08-17T20:21:53.055Z</time>
      </trkpt>
      <trkpt lat="46.090205" lon="11.642648">
        <ele>1367.348311</ele>
        <time>2026-08-17T20:21:56.351Z</time>
      </trkpt>
      <trkpt lat="46.090447" lon="11.642612">
        <ele>1369.433441</ele>
        <time>2026-08-17T20:22:03.102Z</time>
      </trkpt>
      <trkpt lat="46.090704" lon="11.642622">
        <ele>1371.636925</ele>
        <time>2026-08-17T20:22:10.556Z</time>
      </trkpt>
      <trkpt lat="46.090972" lon="11.642683">
        <ele>1373.959022</ele>
        <time>2026-08-17T20:22:20.447Z</time>
      </trkpt>
      <trkpt lat="46.091837" lon="11.643225">
        <ele>1382.001868</ele>
        <time>2026-08-17T20:22:55.214Z</time>
      </trkpt>
      <trkpt lat="46.091960" lon="11.643240">
        <ele>1383.054524</ele>
        <time>2026-08-17T20:22:58.911Z</time>
      </trkpt>
      <trkpt lat="46.092268" lon="11.643095">
        <ele>1385.817508</ele>
        <time>2026-08-17T20:23:07.185Z</time>
      </trkpt>
      <trkpt lat="46.092334" lon="11.643147">
        <ele>1386.458874</ele>
        <time>2026-08-17T20:23:08.824Z</time>
      </trkpt>
      <trkpt lat="46.092329" lon="11.643256">
        <ele>1387.104906</ele>
        <time>2026-08-17T20:23:10.436Z</time>
      </trkpt>
      <trkpt lat="46.092286" lon="11.643317">
        <ele>1387.619304</ele>
        <time>2026-08-17T20:23:11.638Z</time>
      </trkpt>
      <trkpt lat="46.092191" lon="11.643373">
        <ele>1388.494518</ele>
        <time>2026-08-17T20:23:13.564Z</time>
      </trkpt>
      <trkpt lat="46.091904" lon="11.643392">
        <ele>1389.412881</ele>
        <time>2026-08-17T20:23:18.055Z</time>
      </trkpt>
      <trkpt lat="46.091037" lon="11.643147">
        <ele>1391.934822</ele>
        <time>2026-08-17T20:23:27.665Z</time>
      </trkpt>
      <trkpt lat="46.090621" lon="11.643189">
        <ele>1393.125207</ele>
        <time>2026-08-17T20:23:33.280Z</time>
      </trkpt>
      <trkpt lat="46.090455" lon="11.643244">
        <ele>1393.611405</ele>
        <time>2026-08-17T20:23:36.367Z</time>
      </trkpt>
      <trkpt lat="46.090340" lon="11.643380">
        <ele>1394.740239</ele>
        <time>2026-08-17T20:23:39.459Z</time>
      </trkpt>
      <trkpt lat="46.090355" lon="11.643598">
        <ele>1396.350947</ele>
        <time>2026-08-17T20:23:43.036Z</time>
      </trkpt>
      <trkpt lat="46.090408" lon="11.643670">
        <ele>1397.122930</ele>
        <time>2026-08-17T20:23:44.963Z</time>
      </trkpt>
      <trkpt lat="46.090506" lon="11.643674">
        <ele>1398.162305</ele>
        <time>2026-08-17T20:23:47.709Z</time>
      </trkpt>
      <trkpt lat="46.090596" lon="11.643624">
        <ele>1399.184822</ele>
        <time>2026-08-17T20:23:50.687Z</time>
      </trkpt>
      <trkpt lat="46.090762" lon="11.643405">
        <ele>1401.570158</ele>
        <time>2026-08-17T20:23:58.459Z</time>
      </trkpt>
      <trkpt lat="46.090869" lon="11.643381">
        <ele>1402.718174</ele>
        <time>2026-08-17T20:24:02.614Z</time>
      </trkpt>
      <trkpt lat="46.091065" lon="11.643412">
        <ele>1404.808555</ele>
        <time>2026-08-17T20:24:10.864Z</time>
      </trkpt>
      <trkpt lat="46.091315" lon="11.643550">
        <ele>1407.646533</ele>
        <time>2026-08-17T20:24:22.546Z</time>
      </trkpt>
      <trkpt lat="46.091968" lon="11.644093">
        <ele>1415.216650</ele>
        <time>2026-08-17T20:24:54.297Z</time>
      </trkpt>
      <trkpt lat="46.092147" lon="11.644144">
        <ele>1416.859178</ele>
        <time>2026-08-17T20:25:00.974Z</time>
      </trkpt>
      <trkpt lat="46.092326" lon="11.644099">
        <ele>1418.494858</ele>
        <time>2026-08-17T20:25:07.148Z</time>
      </trkpt>
      <trkpt lat="46.092448" lon="11.644039">
        <ele>1419.655233</ele>
        <time>2026-08-17T20:25:11.230Z</time>
      </trkpt>
      <trkpt lat="46.092791" lon="11.643745">
        <ele>1423.247270</ele>
        <time>2026-08-17T20:25:22.326Z</time>
      </trkpt>
      <trkpt lat="46.093423" lon="11.643453">
        <ele>1429.210919</ele>
        <time>2026-08-17T20:25:37.159Z</time>
      </trkpt>
      <trkpt lat="46.093956" lon="11.642960">
        <ele>1434.585342</ele>
        <time>2026-08-17T20:25:53.294Z</time>
      </trkpt>
      <trkpt lat="46.094189" lon="11.642837">
        <ele>1436.691248</ele>
        <time>2026-08-17T20:26:00.681Z</time>
      </trkpt>
      <trkpt lat="46.094400" lon="11.642766">
        <ele>1438.530193</ele>
        <time>2026-08-17T20:26:07.550Z</time>
      </trkpt>
      <trkpt lat="46.096021" lon="11.641789">
        <ele>1454.641879</ele>
        <time>2026-08-17T20:27:05.939Z</time>
      </trkpt>
      <trkpt lat="46.096272" lon="11.641699">
        <ele>1457.125382</ele>
        <time>2026-08-17T20:27:14.142Z</time>
      </trkpt>
      <trkpt lat="46.097054" lon="11.641743">
        <ele>1464.045898</ele>
        <time>2026-08-17T20:27:37.625Z</time>
      </trkpt>
      <trkpt lat="46.097362" lon="11.641680">
        <ele>1466.454400</ele>
        <time>2026-08-17T20:27:46.441Z</time>
      </trkpt>
      <trkpt lat="46.097637" lon="11.641473">
        <ele>1468.856129</ele>
        <time>2026-08-17T20:27:55.118Z</time>
      </trkpt>
      <trkpt lat="46.097996" lon="11.641142">
        <ele>1472.155145</ele>
        <time>2026-08-17T20:28:06.575Z</time>
      </trkpt>
      <trkpt lat="46.098616" lon="11.640633">
        <ele>1477.590659</ele>
        <time>2026-08-17T20:28:24.391Z</time>
      </trkpt>
      <trkpt lat="46.099277" lon="11.640016">
        <ele>1483.440579</ele>
        <time>2026-08-17T20:28:44.890Z</time>
      </trkpt>
      <trkpt lat="46.099494" lon="11.639728">
        <ele>1485.631620</ele>
        <time>2026-08-17T20:28:53.148Z</time>
      </trkpt>
      <trkpt lat="46.099593" lon="11.639488">
        <ele>1487.070280</ele>
        <time>2026-08-17T20:28:58.605Z</time>
      </trkpt>
      <trkpt lat="46.099876" lon="11.638416">
        <ele>1492.421892</ele>
        <time>2026-08-17T20:29:21.504Z</time>
      </trkpt>
      <trkpt lat="46.099947" lon="11.637786">
        <ele>1495.264680</ele>
        <time>2026-08-17T20:29:33.170Z</time>
      </trkpt>
      <trkpt lat="46.099968" lon="11.637161">
        <ele>1498.051643</ele>
        <time>2026-08-17T20:29:42.764Z</time>
      </trkpt>
      <trkpt lat="46.100019" lon="11.637063">
        <ele>1498.597382</ele>
        <time>2026-08-17T20:29:44.396Z</time>
      </trkpt>
      <trkpt lat="46.100098" lon="11.637016">
        <ele>1499.146304</ele>
        <time>2026-08-17T20:29:45.989Z</time>
      </trkpt>
      <trkpt lat="46.100157" lon="11.637037">
        <ele>1499.536648</ele>
        <time>2026-08-17T20:29:47.052Z</time>
      </trkpt>
      <trkpt lat="46.100200" lon="11.637202">
        <ele>1500.321731</ele>
        <time>2026-08-17T20:29:49.108Z</time>
      </trkpt>
      <trkpt lat="46.100092" lon="11.639178">
        <ele>1508.261747</ele>
        <time>2026-08-17T20:30:15.512Z</time>
      </trkpt>
      <trkpt lat="46.100167" lon="11.639978">
        <ele>1511.983150</ele>
        <time>2026-08-17T20:30:32.558Z</time>
      </trkpt>
      <trkpt lat="46.100154" lon="11.640424">
        <ele>1515.026348</ele>
        <time>2026-08-17T20:30:43.077Z</time>
      </trkpt>
      <trkpt lat="46.100128" lon="11.640521">
        <ele>1515.735314</ele>
        <time>2026-08-17T20:30:45.652Z</time>
      </trkpt>
      <trkpt lat="46.099944" lon="11.640886">
        <ele>1518.811727</ele>
        <time>2026-08-17T20:30:57.227Z</time>
      </trkpt>
      <trkpt lat="46.099691" lon="11.641253">
        <ele>1522.339767</ele>
        <time>2026-08-17T20:31:10.273Z</time>
      </trkpt>
      <trkpt lat="46.099360" lon="11.641670">
        <ele>1526.660897</ele>
        <time>2026-08-17T20:31:24.814Z</time>
      </trkpt>
      <trkpt lat="46.099161" lon="11.641874">
        <ele>1528.979981</ele>
        <time>2026-08-17T20:31:31.736Z</time>
      </trkpt>
      <trkpt lat="46.099138" lon="11.642010">
        <ele>1529.801417</ele>
        <time>2026-08-17T20:31:34.303Z</time>
      </trkpt>
      <trkpt lat="46.099156" lon="11.642066">
        <ele>1530.163611</ele>
        <time>2026-08-17T20:31:35.409Z</time>
      </trkpt>
      <trkpt lat="46.099207" lon="11.642108">
        <ele>1530.660608</ele>
        <time>2026-08-17T20:31:36.909Z</time>
      </trkpt>
      <trkpt lat="46.099298" lon="11.642098">
        <ele>1531.432923</ele>
        <time>2026-08-17T20:31:39.216Z</time>
      </trkpt>
      <trkpt lat="46.099598" lon="11.641774">
        <ele>1534.604640</ele>
        <time>2026-08-17T20:31:49.824Z</time>
      </trkpt>
      <trkpt lat="46.100198" lon="11.641332">
        <ele>1540.306177</ele>
        <time>2026-08-17T20:32:10.505Z</time>
      </trkpt>
      <trkpt lat="46.100512" lon="11.641154">
        <ele>1543.161294</ele>
        <time>2026-08-17T20:32:20.069Z</time>
      </trkpt>
      <trkpt lat="46.100588" lon="11.641142">
        <ele>1543.796713</ele>
        <time>2026-08-17T20:32:22.208Z</time>
      </trkpt>
      <trkpt lat="46.100683" lon="11.641126">
        <ele>1544.521102</ele>
        <time>2026-08-17T20:32:24.852Z</time>
      </trkpt>
      <trkpt lat="46.101864" lon="11.641631">
        <ele>1553.850486</ele>
        <time>2026-08-17T20:33:00.390Z</time>
      </trkpt>
      <trkpt lat="46.102106" lon="11.641692">
        <ele>1555.711099</ele>
        <time>2026-08-17T20:33:06.438Z</time>
      </trkpt>
      <trkpt lat="46.102170" lon="11.641776">
        <ele>1556.366487</ele>
        <time>2026-08-17T20:33:08.473Z</time>
      </trkpt>
      <trkpt lat="46.102168" lon="11.641840">
        <ele>1556.702918</ele>
        <time>2026-08-17T20:33:09.509Z</time>
      </trkpt>
      <trkpt lat="46.102140" lon="11.641888">
        <ele>1557.032324</ele>
        <time>2026-08-17T20:33:10.490Z</time>
      </trkpt>
      <trkpt lat="46.102029" lon="11.641943">
        <ele>1557.783620</ele>
        <time>2026-08-17T20:33:13.151Z</time>
      </trkpt>
      <trkpt lat="46.101843" lon="11.641946">
        <ele>1558.869716</ele>
        <time>2026-08-17T20:33:17.167Z</time>
      </trkpt>
      <trkpt lat="46.101515" lon="11.641947">
        <ele>1560.784866</ele>
        <time>2026-08-17T20:33:23.726Z</time>
      </trkpt>
      <trkpt lat="46.100520" lon="11.642116">
        <ele>1566.634684</ele>
        <time>2026-08-17T20:33:47.449Z</time>
      </trkpt>
      <trkpt lat="46.100474" lon="11.642183">
        <ele>1567.016418</ele>
        <time>2026-08-17T20:33:48.766Z</time>
      </trkpt>
      <trkpt lat="46.100452" lon="11.642269">
        <ele>1567.387541</ele>
        <time>2026-08-17T20:33:49.892Z</time>
      </trkpt>
      <trkpt lat="46.100458" lon="11.642352">
        <ele>1567.725399</ele>
        <time>2026-08-17T20:33:51.079Z</time>
      </trkpt>
      <trkpt lat="46.100504" lon="11.642428">
        <ele>1568.281250</ele>
        <time>2026-08-17T20:33:52.544Z</time>
      </trkpt>
      <trkpt lat="46.100748" lon="11.642349">
        <ele>1570.432738</ele>
        <time>2026-08-17T20:33:57.945Z</time>
      </trkpt>
      <trkpt lat="46.100958" lon="11.642338">
        <ele>1572.240650</ele>
        <time>2026-08-17T20:34:03.116Z</time>
      </trkpt>
      <trkpt lat="46.101375" lon="11.642410">
        <ele>1575.853901</ele>
        <time>2026-08-17T20:34:15.128Z</time>
      </trkpt>
      <trkpt lat="46.102200" lon="11.642710">
        <ele>1583.173874</ele>
        <time>2026-08-17T20:34:43.696Z</time>
      </trkpt>
      <trkpt lat="46.102435" lon="11.642895">
        <ele>1585.864237</ele>
        <time>2026-08-17T20:34:53.489Z</time>
      </trkpt>
      <trkpt lat="46.102739" lon="11.643415">
        <ele>1590.641817</ele>
        <time>2026-08-17T20:35:11.546Z</time>
      </trkpt>
      <trkpt lat="46.102854" lon="11.643517">
        <ele>1592.009491</ele>
        <time>2026-08-17T20:35:16.651Z</time>
      </trkpt>
      <trkpt lat="46.103022" lon="11.643608">
        <ele>1593.827473</ele>
        <time>2026-08-17T20:35:23.123Z</time>
      </trkpt>
      <trkpt lat="46.103303" lon="11.643710">
        <ele>1596.762895</ele>
        <time>2026-08-17T20:35:32.611Z</time>
      </trkpt>
      <trkpt lat="46.103531" lon="11.643672">
        <ele>1599.088000</ele>
        <time>2026-08-17T20:35:39.424Z</time>
      </trkpt>
      <trkpt lat="46.103695" lon="11.643702">
        <ele>1600.762698</ele>
        <time>2026-08-17T20:35:44.055Z</time>
      </trkpt>
      <trkpt lat="46.103912" lon="11.643882">
        <ele>1602.816731</ele>
        <time>2026-08-17T20:35:50.469Z</time>
      </trkpt>
      <trkpt lat="46.104185" lon="11.644026">
        <ele>1604.964529</ele>
        <time>2026-08-17T20:35:57.566Z</time>
      </trkpt>
      <trkpt lat="46.104393" lon="11.643977">
        <ele>1606.521756</ele>
        <time>2026-08-17T20:36:03.087Z</time>
      </trkpt>
      <trkpt lat="46.104654" lon="11.643766">
        <ele>1608.732506</ele>
        <time>2026-08-17T20:36:11.258Z</time>
      </trkpt>
      <trkpt lat="46.104799" lon="11.643764">
        <ele>1609.803925</ele>
        <time>2026-08-17T20:36:15.012Z</time>
      </trkpt>
      <trkpt lat="46.104914" lon="11.643831">
        <ele>1610.720337</ele>
        <time>2026-08-17T20:36:18.129Z</time>
      </trkpt>
      <trkpt lat="46.105049" lon="11.644113">
        <ele>1612.475905</ele>
        <time>2026-08-17T20:36:24.049Z</time>
      </trkpt>
      <trkpt lat="46.105176" lon="11.644281">
        <ele>1613.749191</ele>
        <time>2026-08-17T20:36:28.647Z</time>
      </trkpt>
      <trkpt lat="46.105349" lon="11.644306">
        <ele>1615.023322</ele>
        <time>2026-08-17T20:36:33.383Z</time>
      </trkpt>
      <trkpt lat="46.105615" lon="11.644258">
        <ele>1616.911878</ele>
        <time>2026-08-17T20:36:41.156Z</time>
      </trkpt>
      <trkpt lat="46.105866" lon="11.644397">
        <ele>1618.806012</ele>
        <time>2026-08-17T20:36:48.957Z</time>
      </trkpt>
      <trkpt lat="46.106428" lon="11.644520">
        <ele>1622.810574</ele>
        <time>2026-08-17T20:37:04.796Z</time>
      </trkpt>
      <trkpt lat="46.106578" lon="11.644606">
        <ele>1623.947737</ele>
        <time>2026-08-17T20:37:08.636Z</time>
      </trkpt>
      <trkpt lat="46.106986" lon="11.644984">
        <ele>1627.363949</ele>
        <time>2026-08-17T20:37:19.521Z</time>
      </trkpt>
      <trkpt lat="46.107424" lon="11.645319">
        <ele>1629.152182</ele>
        <time>2026-08-17T20:37:30.748Z</time>
      </trkpt>
      <trkpt lat="46.107602" lon="11.645518">
        <ele>1629.938134</ele>
        <time>2026-08-17T20:37:35.075Z</time>
      </trkpt>
      <trkpt lat="46.107759" lon="11.645793">
        <ele>1630.800067</ele>
        <time>2026-08-17T20:37:38.929Z</time>
      </trkpt>
      <trkpt lat="46.108022" lon="11.646006">
        <ele>1631.852693</ele>
        <time>2026-08-17T20:37:43.076Z</time>
      </trkpt>
      <trkpt lat="46.108267" lon="11.646280">
        <ele>1632.934617</ele>
        <time>2026-08-17T20:37:47.110Z</time>
      </trkpt>
      <trkpt lat="46.108524" lon="11.646791">
        <ele>1634.168366</ele>
        <time>2026-08-17T20:37:53.003Z</time>
      </trkpt>
      <trkpt lat="46.109135" lon="11.647591">
        <ele>1635.850258</ele>
        <time>2026-08-17T20:38:06.507Z</time>
      </trkpt>
      <trkpt lat="46.109175" lon="11.647699">
        <ele>1636.023279</ele>
        <time>2026-08-17T20:38:07.806Z</time>
      </trkpt>
      <trkpt lat="46.109172" lon="11.647815">
        <ele>1636.187307</ele>
        <time>2026-08-17T20:38:08.986Z</time>
      </trkpt>
      <trkpt lat="46.109068" lon="11.648405">
        <ele>1637.047531</ele>
        <time>2026-08-17T20:38:14.468Z</time>
      </trkpt>
      <trkpt lat="46.109069" lon="11.648598">
        <ele>1637.320257</ele>
        <time>2026-08-17T20:38:15.925Z</time>
      </trkpt>
      <trkpt lat="46.109121" lon="11.648790">
        <ele>1637.379358</ele>
        <time>2026-08-17T20:38:17.339Z</time>
      </trkpt>
      <trkpt lat="46.109255" lon="11.648944">
        <ele>1637.300776</ele>
        <time>2026-08-17T20:38:18.850Z</time>
      </trkpt>
      <trkpt lat="46.109442" lon="11.649061">
        <ele>1637.207288</ele>
        <time>2026-08-17T20:38:20.496Z</time>
      </trkpt>
      <trkpt lat="46.109580" lon="11.649097">
        <ele>1637.142967</ele>
        <time>2026-08-17T20:38:21.583Z</time>
      </trkpt>
      <trkpt lat="46.109667" lon="11.649169">
        <ele>1637.096964</ele>
        <time>2026-08-17T20:38:22.322Z</time>
      </trkpt>
      <trkpt lat="46.110091" lon="11.650076">
        <ele>1636.749124</ele>
        <time>2026-08-17T20:38:27.895Z</time>
      </trkpt>
      <trkpt lat="46.110403" lon="11.650806">
        <ele>1634.814930</ele>
        <time>2026-08-17T20:38:33.830Z</time>
      </trkpt>
      <trkpt lat="46.110448" lon="11.651843">
        <ele>1629.933584</ele>
        <time>2026-08-17T20:38:38.049Z</time>
      </trkpt>
      <trkpt lat="46.110492" lon="11.652181">
        <ele>1628.317914</ele>
        <time>2026-08-17T20:38:39.290Z</time>
      </trkpt>
      <trkpt lat="46.110566" lon="11.652374">
        <ele>1627.281773</ele>
        <time>2026-08-17T20:38:40.066Z</time>
      </trkpt>
      <trkpt lat="46.110685" lon="11.652452">
        <ele>1626.396009</ele>
        <time>2026-08-17T20:38:40.730Z</time>
      </trkpt>
      <trkpt lat="46.110836" lon="11.652444">
        <ele>1625.372060</ele>
        <time>2026-08-17T20:38:41.488Z</time>
      </trkpt>
      <trkpt lat="46.111237" lon="11.652335">
        <ele>1622.173109</ele>
        <time>2026-08-17T20:38:43.534Z</time>
      </trkpt>
      <trkpt lat="46.111574" lon="11.652225">
        <ele>1619.267990</ele>
        <time>2026-08-17T20:38:45.269Z</time>
      </trkpt>
      <trkpt lat="46.111755" lon="11.652055">
        <ele>1617.451982</ele>
        <time>2026-08-17T20:38:46.367Z</time>
      </trkpt>
      <trkpt lat="46.112000" lon="11.651877">
        <ele>1615.145500</ele>
        <time>2026-08-17T20:38:47.795Z</time>
      </trkpt>
      <trkpt lat="46.112182" lon="11.651851">
        <ele>1613.607767</ele>
        <time>2026-08-17T20:38:48.779Z</time>
      </trkpt>
      <trkpt lat="46.112357" lon="11.651875">
        <ele>1612.129740</ele>
        <time>2026-08-17T20:38:49.771Z</time>
      </trkpt>
      <trkpt lat="46.112725" lon="11.652061">
        <ele>1609.497548</ele>
        <time>2026-08-17T20:38:52.202Z</time>
      </trkpt>
      <trkpt lat="46.113142" lon="11.652216">
        <ele>1611.264569</ele>
        <time>2026-08-17T20:38:56.715Z</time>
      </trkpt>
      <trkpt lat="46.113689" lon="11.652278">
        <ele>1613.516058</ele>
        <time>2026-08-17T20:39:08.064Z</time>
      </trkpt>
      <trkpt lat="46.113870" lon="11.652366">
        <ele>1614.299828</ele>
        <time>2026-08-17T20:39:12.960Z</time>
      </trkpt>
      <trkpt lat="46.113975" lon="11.652782">
        <ele>1615.559179</ele>
        <time>2026-08-17T20:39:21.177Z</time>
      </trkpt>
      <trkpt lat="46.113962" lon="11.653470">
        <ele>1617.649315</ele>
        <time>2026-08-17T20:39:34.824Z</time>
      </trkpt>
      <trkpt lat="46.113954" lon="11.653876">
        <ele>1618.984375</ele>
        <time>2026-08-17T20:39:43.024Z</time>
      </trkpt>
      <trkpt lat="46.114161" lon="11.655714">
        <ele>1625.105074</ele>
        <time>2026-08-17T20:40:07.597Z</time>
      </trkpt>
      <trkpt lat="46.114161" lon="11.656733">
        <ele>1623.427986</ele>
        <time>2026-08-17T20:40:13.372Z</time>
      </trkpt>
      <trkpt lat="46.114270" lon="11.657771">
        <ele>1621.557958</ele>
        <time>2026-08-17T20:40:17.765Z</time>
      </trkpt>
      <trkpt lat="46.114400" lon="11.658634">
        <ele>1619.179141</ele>
        <time>2026-08-17T20:40:21.078Z</time>
      </trkpt>
      <trkpt lat="46.114530" lon="11.659030">
        <ele>1617.329327</ele>
        <time>2026-08-17T20:40:22.688Z</time>
      </trkpt>
      <trkpt lat="46.114790" lon="11.659241">
        <ele>1615.512529</ele>
        <time>2026-08-17T20:40:24.275Z</time>
      </trkpt>
      <trkpt lat="46.115270" lon="11.659476">
        <ele>1612.425512</ele>
        <time>2026-08-17T20:40:27.026Z</time>
      </trkpt>
      <trkpt lat="46.115736" lon="11.659773">
        <ele>1609.441363</ele>
        <time>2026-08-17T20:40:29.946Z</time>
      </trkpt>
      <trkpt lat="46.115754" lon="11.659785">
        <ele>1609.368919</ele>
        <time>2026-08-17T20:40:30.066Z</time>
      </trkpt>
      <trkpt lat="46.115971" lon="11.660163">
        <ele>1608.125953</ele>
        <time>2026-08-17T20:40:32.143Z</time>
      </trkpt>
      <trkpt lat="46.116155" lon="11.660688">
        <ele>1606.636084</ele>
        <time>2026-08-17T20:40:34.740Z</time>
      </trkpt>
      <trkpt lat="46.116278" lon="11.661251">
        <ele>1605.141122</ele>
        <time>2026-08-17T20:40:37.277Z</time>
      </trkpt>
      <trkpt lat="46.116564" lon="11.664791">
        <ele>1595.145287</ele>
        <time>2026-08-17T20:40:51.468Z</time>
      </trkpt>
      <trkpt lat="46.116673" lon="11.665119">
        <ele>1594.750802</ele>
        <time>2026-08-17T20:40:53.073Z</time>
      </trkpt>
      <trkpt lat="46.116737" lon="11.665223">
        <ele>1594.599981</ele>
        <time>2026-08-17T20:40:53.683Z</time>
      </trkpt>
      <trkpt lat="46.116852" lon="11.665339">
        <ele>1594.380441</ele>
        <time>2026-08-17T20:40:54.566Z</time>
      </trkpt>
      <trkpt lat="46.116986" lon="11.665396">
        <ele>1594.161872</ele>
        <time>2026-08-17T20:40:55.450Z</time>
      </trkpt>
      <trkpt lat="46.117393" lon="11.665375">
        <ele>1593.524706</ele>
        <time>2026-08-17T20:40:58.000Z</time>
      </trkpt>
      <trkpt lat="46.117438" lon="11.665404">
        <ele>1593.447597</ele>
        <time>2026-08-17T20:40:58.356Z</time>
      </trkpt>
      <trkpt lat="46.117502" lon="11.665507">
        <ele>1593.297585</ele>
        <time>2026-08-17T20:40:59.073Z</time>
      </trkpt>
      <trkpt lat="46.117507" lon="11.665707">
        <ele>1593.080545</ele>
        <time>2026-08-17T20:41:00.190Z</time>
      </trkpt>
      <trkpt lat="46.117367" lon="11.666108">
        <ele>1592.593617</ele>
        <time>2026-08-17T20:41:03.578Z</time>
      </trkpt>
      <trkpt lat="46.117360" lon="11.666208">
        <ele>1592.490286</ele>
        <time>2026-08-17T20:41:04.558Z</time>
      </trkpt>
      <trkpt lat="46.117421" lon="11.666485">
        <ele>1593.457044</ele>
        <time>2026-08-17T20:41:07.203Z</time>
      </trkpt>
      <trkpt lat="46.117638" lon="11.667156">
        <ele>1595.919928</ele>
        <time>2026-08-17T20:41:15.216Z</time>
      </trkpt>
      <trkpt lat="46.117818" lon="11.667780">
        <ele>1598.168063</ele>
        <time>2026-08-17T20:41:26.103Z</time>
      </trkpt>
      <trkpt lat="46.117882" lon="11.668036">
        <ele>1599.073273</ele>
        <time>2026-08-17T20:41:31.639Z</time>
      </trkpt>
      <trkpt lat="46.117908" lon="11.668335">
        <ele>1600.075617</ele>
        <time>2026-08-17T20:41:38.121Z</time>
      </trkpt>
      <trkpt lat="46.117965" lon="11.668639">
        <ele>1601.117274</ele>
        <time>2026-08-17T20:41:44.849Z</time>
      </trkpt>
      <trkpt lat="46.118040" lon="11.668871">
        <ele>1601.166597</ele>
        <time>2026-08-17T20:41:49.211Z</time>
      </trkpt>
      <trkpt lat="46.118237" lon="11.669295">
        <ele>1601.264944</ele>
        <time>2026-08-17T20:41:55.617Z</time>
      </trkpt>
      <trkpt lat="46.118280" lon="11.669404">
        <ele>1601.289109</ele>
        <time>2026-08-17T20:41:56.828Z</time>
      </trkpt>
      <trkpt lat="46.118296" lon="11.669528">
        <ele>1601.313411</ele>
        <time>2026-08-17T20:41:57.888Z</time>
      </trkpt>
      <trkpt lat="46.118284" lon="11.669652">
        <ele>1601.337534</ele>
        <time>2026-08-17T20:41:58.922Z</time>
      </trkpt>
      <trkpt lat="46.118251" lon="11.669739">
        <ele>1601.356642</ele>
        <time>2026-08-17T20:41:59.650Z</time>
      </trkpt>
      <trkpt lat="46.118201" lon="11.669807">
        <ele>1601.375742</ele>
        <time>2026-08-17T20:42:00.360Z</time>
      </trkpt>
      <trkpt lat="46.118068" lon="11.669880">
        <ele>1601.415296</ele>
        <time>2026-08-17T20:42:01.571Z</time>
      </trkpt>
      <trkpt lat="46.117902" lon="11.669905">
        <ele>1601.461688</ele>
        <time>2026-08-17T20:42:02.720Z</time>
      </trkpt>
      <trkpt lat="46.117763" lon="11.669887">
        <ele>1601.500480</ele>
        <time>2026-08-17T20:42:03.596Z</time>
      </trkpt>
      <trkpt lat="46.117641" lon="11.669850">
        <ele>1601.535132</ele>
        <time>2026-08-17T20:42:04.340Z</time>
      </trkpt>
      <trkpt lat="46.117386" lon="11.669687">
        <ele>1601.612658</ele>
        <time>2026-08-17T20:42:05.905Z</time>
      </trkpt>
      <trkpt lat="46.117193" lon="11.669623">
        <ele>1600.638883</ele>
        <time>2026-08-17T20:42:06.975Z</time>
      </trkpt>
      <trkpt lat="46.116955" lon="11.669612">
        <ele>1599.365662</ele>
        <time>2026-08-17T20:42:08.232Z</time>
      </trkpt>
      <trkpt lat="46.116671" lon="11.669858">
        <ele>1597.594427</ele>
        <time>2026-08-17T20:42:09.983Z</time>
      </trkpt>
      <trkpt lat="46.116496" lon="11.670353">
        <ele>1595.534898</ele>
        <time>2026-08-17T20:42:12.047Z</time>
      </trkpt>
      <trkpt lat="46.116363" lon="11.671299">
        <ele>1592.029916</ele>
        <time>2026-08-17T20:42:15.822Z</time>
      </trkpt>
      <trkpt lat="46.116266" lon="11.672402">
        <ele>1594.967568</ele>
        <time>2026-08-17T20:42:26.722Z</time>
      </trkpt>
      <trkpt lat="46.116264" lon="11.672595">
        <ele>1595.477560</ele>
        <time>2026-08-17T20:42:29.958Z</time>
      </trkpt>
      <trkpt lat="46.116295" lon="11.672783">
        <ele>1595.988145</ele>
        <time>2026-08-17T20:42:33.403Z</time>
      </trkpt>
      <trkpt lat="46.116360" lon="11.672952">
        <ele>1596.498795</ele>
        <time>2026-08-17T20:42:36.962Z</time>
      </trkpt>
      <trkpt lat="46.116491" lon="11.673145">
        <ele>1597.212480</ele>
        <time>2026-08-17T20:42:41.842Z</time>
      </trkpt>
      <trkpt lat="46.116806" lon="11.673471">
        <ele>1598.690123</ele>
        <time>2026-08-17T20:42:51.823Z</time>
      </trkpt>
      <trkpt lat="46.117010" lon="11.673800">
        <ele>1599.224895</ele>
        <time>2026-08-17T20:42:59.440Z</time>
      </trkpt>
      <trkpt lat="46.117120" lon="11.674050">
        <ele>1599.513751</ele>
        <time>2026-08-17T20:43:04.439Z</time>
      </trkpt>
      <trkpt lat="46.117272" lon="11.674608">
        <ele>1600.098600</ele>
        <time>2026-08-17T20:43:12.574Z</time>
      </trkpt>
      <trkpt lat="46.117324" lon="11.674717">
        <ele>1600.227676</ele>
        <time>2026-08-17T20:43:13.759Z</time>
      </trkpt>
      <trkpt lat="46.117465" lon="11.674879">
        <ele>1600.481341</ele>
        <time>2026-08-17T20:43:15.620Z</time>
      </trkpt>
      <trkpt lat="46.117894" lon="11.675220">
        <ele>1601.170635</ele>
        <time>2026-08-17T20:43:18.633Z</time>
      </trkpt>
      <trkpt lat="46.118027" lon="11.675367">
        <ele>1601.347154</ele>
        <time>2026-08-17T20:43:19.558Z</time>
      </trkpt>
      <trkpt lat="46.118113" lon="11.675566">
        <ele>1600.897463</ele>
        <time>2026-08-17T20:43:20.430Z</time>
      </trkpt>
      <trkpt lat="46.118134" lon="11.675794">
        <ele>1600.456409</ele>
        <time>2026-08-17T20:43:21.293Z</time>
      </trkpt>
      <trkpt lat="46.118110" lon="11.675979">
        <ele>1600.095494</ele>
        <time>2026-08-17T20:43:22.028Z</time>
      </trkpt>
      <trkpt lat="46.117676" lon="11.676929">
        <ele>1597.913714</ele>
        <time>2026-08-17T20:43:26.896Z</time>
      </trkpt>
      <trkpt lat="46.117645" lon="11.677046">
        <ele>1597.673522</ele>
        <time>2026-08-17T20:43:27.497Z</time>
      </trkpt>
      <trkpt lat="46.117651" lon="11.677109">
        <ele>1597.551578</ele>
        <time>2026-08-17T20:43:27.787Z</time>
      </trkpt>
      <trkpt lat="46.118204" lon="11.677946">
        <ele>1596.969604</ele>
        <time>2026-08-17T20:43:33.907Z</time>
      </trkpt>
      <trkpt lat="46.118293" lon="11.678171">
        <ele>1597.227555</ele>
        <time>2026-08-17T20:43:36.774Z</time>
      </trkpt>
      <trkpt lat="46.118349" lon="11.678478">
        <ele>1597.543652</ele>
        <time>2026-08-17T20:43:41.074Z</time>
      </trkpt>
      <trkpt lat="46.118473" lon="11.679482">
        <ele>1598.559109</ele>
        <time>2026-08-17T20:43:51.669Z</time>
      </trkpt>
      <trkpt lat="46.118591" lon="11.680321">
        <ele>1599.591668</ele>
        <time>2026-08-17T20:43:57.032Z</time>
      </trkpt>
      <trkpt lat="46.118600" lon="11.680673">
        <ele>1600.093845</ele>
        <time>2026-08-17T20:44:00.141Z</time>
      </trkpt>
      <trkpt lat="46.118569" lon="11.680991">
        <ele>1600.551669</ele>
        <time>2026-08-17T20:44:03.448Z</time>
      </trkpt>
      <trkpt lat="46.118438" lon="11.681680">
        <ele>1601.570238</ele>
        <time>2026-08-17T20:44:11.509Z</time>
      </trkpt>
      <trkpt lat="46.118078" lon="11.682958">
        <ele>1603.279267</ele>
        <time>2026-08-17T20:44:25.252Z</time>
      </trkpt>
      <trkpt lat="46.118053" lon="11.683288">
        <ele>1603.607909</ele>
        <time>2026-08-17T20:44:28.288Z</time>
      </trkpt>
      <trkpt lat="46.118100" lon="11.683614">
        <ele>1603.937552</ele>
        <time>2026-08-17T20:44:31.154Z</time>
      </trkpt>
      <trkpt lat="46.118443" lon="11.684869">
        <ele>1605.279369</ele>
        <time>2026-08-17T20:44:40.988Z</time>
      </trkpt>
      <trkpt lat="46.118653" lon="11.686492">
        <ele>1607.892977</ele>
        <time>2026-08-17T20:44:55.020Z</time>
      </trkpt>
      <trkpt lat="46.118827" lon="11.687069">
        <ele>1608.889066</ele>
        <time>2026-08-17T20:45:04.302Z</time>
      </trkpt>
      <trkpt lat="46.118842" lon="11.687183">
        <ele>1609.072751</ele>
        <time>2026-08-17T20:45:05.991Z</time>
      </trkpt>
      <trkpt lat="46.118788" lon="11.687614">
        <ele>1609.121263</ele>
        <time>2026-08-17T20:45:11.747Z</time>
      </trkpt>
      <trkpt lat="46.118725" lon="11.687889">
        <ele>1608.832992</ele>
        <time>2026-08-17T20:45:14.690Z</time>
      </trkpt>
      <trkpt lat="46.118597" lon="11.688357">
        <ele>1608.332239</ele>
        <time>2026-08-17T20:45:18.116Z</time>
      </trkpt>
      <trkpt lat="46.118595" lon="11.688430">
        <ele>1608.259525</ele>
        <time>2026-08-17T20:45:18.482Z</time>
      </trkpt>
      <trkpt lat="46.118614" lon="11.688537">
        <ele>1608.149588</ele>
        <time>2026-08-17T20:45:19.033Z</time>
      </trkpt>
      <trkpt lat="46.118694" lon="11.688693">
        <ele>1607.956447</ele>
        <time>2026-08-17T20:45:19.948Z</time>
      </trkpt>
      <trkpt lat="46.118912" lon="11.688811">
        <ele>1607.622116</ele>
        <time>2026-08-17T20:45:21.415Z</time>
      </trkpt>
      <trkpt lat="46.119067" lon="11.688951">
        <ele>1607.359532</ele>
        <time>2026-08-17T20:45:22.525Z</time>
      </trkpt>
      <trkpt lat="46.119139" lon="11.689059">
        <ele>1607.210392</ele>
        <time>2026-08-17T20:45:23.133Z</time>
      </trkpt>
      <trkpt lat="46.119250" lon="11.689338">
        <ele>1606.890214</ele>
        <time>2026-08-17T20:45:24.383Z</time>
      </trkpt>
      <trkpt lat="46.119317" lon="11.689448">
        <ele>1606.469138</ele>
        <time>2026-08-17T20:45:24.932Z</time>
      </trkpt>
      <trkpt lat="46.119676" lon="11.689811">
        <ele>1601.815436</ele>
        <time>2026-08-17T20:45:27.254Z</time>
      </trkpt>
      <trkpt lat="46.119815" lon="11.689837">
        <ele>1600.327562</ele>
        <time>2026-08-17T20:45:27.988Z</time>
      </trkpt>
      <trkpt lat="46.120206" lon="11.689756">
        <ele>1596.134416</ele>
        <time>2026-08-17T20:45:30.040Z</time>
      </trkpt>
      <trkpt lat="46.120752" lon="11.690108">
        <ele>1589.786110</ele>
        <time>2026-08-17T20:45:33.055Z</time>
      </trkpt>
      <trkpt lat="46.120833" lon="11.690194">
        <ele>1588.718529</ele>
        <time>2026-08-17T20:45:33.556Z</time>
      </trkpt>
      <trkpt lat="46.120911" lon="11.690327">
        <ele>1587.483714</ele>
        <time>2026-08-17T20:45:34.157Z</time>
      </trkpt>
      <trkpt lat="46.121028" lon="11.690727">
        <ele>1584.872483</ele>
        <time>2026-08-17T20:45:35.640Z</time>
      </trkpt>
      <trkpt lat="46.121097" lon="11.691099">
        <ele>1582.556375</ele>
        <time>2026-08-17T20:45:36.959Z</time>
      </trkpt>
      <trkpt lat="46.121237" lon="11.692201">
        <ele>1575.818033</ele>
        <time>2026-08-17T20:45:41.161Z</time>
      </trkpt>
      <trkpt lat="46.121295" lon="11.692387">
        <ele>1574.591352</ele>
        <time>2026-08-17T20:45:42.099Z</time>
      </trkpt>
      <trkpt lat="46.121398" lon="11.692483">
        <ele>1573.527321</ele>
        <time>2026-08-17T20:45:42.828Z</time>
      </trkpt>
      <trkpt lat="46.121470" lon="11.692493">
        <ele>1572.899676</ele>
        <time>2026-08-17T20:45:43.239Z</time>
      </trkpt>
      <trkpt lat="46.121829" lon="11.692425">
        <ele>1570.764621</ele>
        <time>2026-08-17T20:45:45.466Z</time>
      </trkpt>
      <trkpt lat="46.121926" lon="11.692444">
        <ele>1570.282324</ele>
        <time>2026-08-17T20:45:46.809Z</time>
      </trkpt>
      <trkpt lat="46.122014" lon="11.692503">
        <ele>1569.804225</ele>
        <time>2026-08-17T20:45:48.159Z</time>
      </trkpt>
      <trkpt lat="46.122130" lon="11.692680">
        <ele>1568.972360</ele>
        <time>2026-08-17T20:45:50.449Z</time>
      </trkpt>
      <trkpt lat="46.122225" lon="11.692867">
        <ele>1568.180598</ele>
        <time>2026-08-17T20:45:52.347Z</time>
      </trkpt>
      <trkpt lat="46.122353" lon="11.693142">
        <ele>1567.049381</ele>
        <time>2026-08-17T20:45:54.308Z</time>
      </trkpt>
      <trkpt lat="46.122468" lon="11.693380">
        <ele>1566.058619</ele>
        <time>2026-08-17T20:45:55.525Z</time>
      </trkpt>
      <trkpt lat="46.122563" lon="11.693493">
        <ele>1565.451998</ele>
        <time>2026-08-17T20:45:56.172Z</time>
      </trkpt>
      <trkpt lat="46.122675" lon="11.693565">
        <ele>1564.847882</ele>
        <time>2026-08-17T20:45:56.799Z</time>
      </trkpt>
      <trkpt lat="46.122742" lon="11.693656">
        <ele>1564.394517</ele>
        <time>2026-08-17T20:45:57.259Z</time>
      </trkpt>
      <trkpt lat="46.122852" lon="11.694009">
        <ele>1562.855253</ele>
        <time>2026-08-17T20:45:58.589Z</time>
      </trkpt>
      <trkpt lat="46.123067" lon="11.694611">
        <ele>1557.247213</ele>
        <time>2026-08-17T20:46:00.969Z</time>
      </trkpt>
      <trkpt lat="46.123317" lon="11.695103">
        <ele>1552.195399</ele>
        <time>2026-08-17T20:46:03.119Z</time>
      </trkpt>
      <trkpt lat="46.123579" lon="11.695820">
        <ele>1545.483363</ele>
        <time>2026-08-17T20:46:05.967Z</time>
      </trkpt>
      <trkpt lat="46.123756" lon="11.696037">
        <ele>1542.708286</ele>
        <time>2026-08-17T20:46:07.150Z</time>
      </trkpt>
      <trkpt lat="46.123983" lon="11.696380">
        <ele>1538.648591</ele>
        <time>2026-08-17T20:46:08.827Z</time>
      </trkpt>
      <trkpt lat="46.124145" lon="11.696934">
        <ele>1533.446189</ele>
        <time>2026-08-17T20:46:10.945Z</time>
      </trkpt>
      <trkpt lat="46.124364" lon="11.697406">
        <ele>1528.531821</ele>
        <time>2026-08-17T20:46:12.926Z</time>
      </trkpt>
      <trkpt lat="46.124520" lon="11.697858">
        <ele>1524.163064</ele>
        <time>2026-08-17T20:46:14.681Z</time>
      </trkpt>
      <trkpt lat="46.124655" lon="11.698386">
        <ele>1519.293869</ele>
        <time>2026-08-17T20:46:16.635Z</time>
      </trkpt>
      <trkpt lat="46.124714" lon="11.698859">
        <ele>1518.273529</ele>
        <time>2026-08-17T20:46:18.317Z</time>
      </trkpt>
      <trkpt lat="46.124728" lon="11.699245">
        <ele>1517.459325</ele>
        <time>2026-08-17T20:46:19.715Z</time>
      </trkpt>
      <trkpt lat="46.124690" lon="11.699605">
        <ele>1516.692257</ele>
        <time>2026-08-17T20:46:21.120Z</time>
      </trkpt>
      <trkpt lat="46.124695" lon="11.699756">
        <ele>1516.373820</ele>
        <time>2026-08-17T20:46:21.767Z</time>
      </trkpt>
      <trkpt lat="46.124730" lon="11.699871">
        <ele>1516.109252</ele>
        <time>2026-08-17T20:46:22.344Z</time>
      </trkpt>
      <trkpt lat="46.124791" lon="11.699979">
        <ele>1515.815781</ele>
        <time>2026-08-17T20:46:23.078Z</time>
      </trkpt>
      <trkpt lat="46.125034" lon="11.700189">
        <ele>1514.954907</ele>
        <time>2026-08-17T20:46:26.902Z</time>
      </trkpt>
      <trkpt lat="46.125127" lon="11.700186">
        <ele>1514.672190</ele>
        <time>2026-08-17T20:46:28.705Z</time>
      </trkpt>
      <trkpt lat="46.125199" lon="11.700098">
        <ele>1514.385407</ele>
        <time>2026-08-17T20:46:30.731Z</time>
      </trkpt>
      <trkpt lat="46.125292" lon="11.699625">
        <ele>1514.564596</ele>
        <time>2026-08-17T20:46:39.825Z</time>
      </trkpt>
      <trkpt lat="46.125344" lon="11.699142">
        <ele>1516.212794</ele>
        <time>2026-08-17T20:46:50.553Z</time>
      </trkpt>
      <trkpt lat="46.125457" lon="11.698504">
        <ele>1518.433249</ele>
        <time>2026-08-17T20:47:05.097Z</time>
      </trkpt>
      <trkpt lat="46.125668" lon="11.697974">
        <ele>1520.494241</ele>
        <time>2026-08-17T20:47:15.501Z</time>
      </trkpt>
      <trkpt lat="46.125910" lon="11.696897">
        <ele>1518.812078</ele>
        <time>2026-08-17T20:47:20.810Z</time>
      </trkpt>
      <trkpt lat="46.126059" lon="11.696673">
        <ele>1516.558127</ele>
        <time>2026-08-17T20:47:21.986Z</time>
      </trkpt>
      <trkpt lat="46.126330" lon="11.696543">
        <ele>1513.566725</ele>
        <time>2026-08-17T20:47:23.468Z</time>
      </trkpt>
      <trkpt lat="46.126466" lon="11.696445">
        <ele>1511.974399</ele>
        <time>2026-08-17T20:47:24.244Z</time>
      </trkpt>
      <trkpt lat="46.126618" lon="11.696254">
        <ele>1509.863106</ele>
        <time>2026-08-17T20:47:25.253Z</time>
      </trkpt>
      <trkpt lat="46.126972" lon="11.695822">
        <ele>1505.006682</ele>
        <time>2026-08-17T20:47:27.533Z</time>
      </trkpt>
      <trkpt lat="46.127198" lon="11.695466">
        <ele>1501.830744</ele>
        <time>2026-08-17T20:47:29.174Z</time>
      </trkpt>
      <trkpt lat="46.127369" lon="11.695407">
        <ele>1500.261164</ele>
        <time>2026-08-17T20:47:30.048Z</time>
      </trkpt>
      <trkpt lat="46.127591" lon="11.695452">
        <ele>1498.259877</ele>
        <time>2026-08-17T20:47:31.185Z</time>
      </trkpt>
      <trkpt lat="46.127703" lon="11.695429">
        <ele>1497.249961</ele>
        <time>2026-08-17T20:47:31.765Z</time>
      </trkpt>
      <trkpt lat="46.127776" lon="11.695372">
        <ele>1496.508978</ele>
        <time>2026-08-17T20:47:32.195Z</time>
      </trkpt>
      <trkpt lat="46.127870" lon="11.695234">
        <ele>1495.311834</ele>
        <time>2026-08-17T20:47:32.895Z</time>
      </trkpt>
      <trkpt lat="46.127957" lon="11.695071">
        <ele>1494.038953</ele>
        <time>2026-08-17T20:47:33.649Z</time>
      </trkpt>
      <trkpt lat="46.127988" lon="11.694943">
        <ele>1493.200061</ele>
        <time>2026-08-17T20:47:34.161Z</time>
      </trkpt>
      <trkpt lat="46.127894" lon="11.694377">
        <ele>1489.599101</ele>
        <time>2026-08-17T20:47:36.470Z</time>
      </trkpt>
      <trkpt lat="46.127932" lon="11.694138">
        <ele>1488.082003</ele>
        <time>2026-08-17T20:47:37.549Z</time>
      </trkpt>
      <trkpt lat="46.128001" lon="11.693971">
        <ele>1487.740219</ele>
        <time>2026-08-17T20:47:38.628Z</time>
      </trkpt>
      <trkpt lat="46.128110" lon="11.693812">
        <ele>1487.861732</ele>
        <time>2026-08-17T20:47:40.890Z</time>
      </trkpt>
      <trkpt lat="46.128415" lon="11.693609">
        <ele>1488.125055</ele>
        <time>2026-08-17T20:47:46.923Z</time>
      </trkpt>
      <trkpt lat="46.128546" lon="11.693473">
        <ele>1488.251576</ele>
        <time>2026-08-17T20:47:49.309Z</time>
      </trkpt>
      <trkpt lat="46.128704" lon="11.693058">
        <ele>1488.508839</ele>
        <time>2026-08-17T20:47:52.857Z</time>
      </trkpt>
      <trkpt lat="46.128931" lon="11.692677">
        <ele>1488.781826</ele>
        <time>2026-08-17T20:47:56.046Z</time>
      </trkpt>
      <trkpt lat="46.128981" lon="11.692552">
        <ele>1488.860241</ele>
        <time>2026-08-17T20:47:57.007Z</time>
      </trkpt>
      <trkpt lat="46.129003" lon="11.692412">
        <ele>1488.938237</ele>
        <time>2026-08-17T20:47:57.945Z</time>
      </trkpt>
      <trkpt lat="46.129216" lon="11.690580">
        <ele>1487.984671</ele>
        <time>2026-08-17T20:48:14.003Z</time>
      </trkpt>
      <trkpt lat="46.129313" lon="11.690126">
        <ele>1487.658232</ele>
        <time>2026-08-17T20:48:16.416Z</time>
      </trkpt>
      <trkpt lat="46.129468" lon="11.689816">
        <ele>1487.395576</ele>
        <time>2026-08-17T20:48:18.010Z</time>
      </trkpt>
      <trkpt lat="46.129645" lon="11.689587">
        <ele>1485.573956</ele>
        <time>2026-08-17T20:48:19.312Z</time>
      </trkpt>
      <trkpt lat="46.129739" lon="11.689405">
        <ele>1483.620753</ele>
        <time>2026-08-17T20:48:20.139Z</time>
      </trkpt>
      <trkpt lat="46.129912" lon="11.688593">
        <ele>1476.310726</ele>
        <time>2026-08-17T20:48:23.131Z</time>
      </trkpt>
      <trkpt lat="46.129977" lon="11.688411">
        <ele>1474.548883</ele>
        <time>2026-08-17T20:48:23.840Z</time>
      </trkpt>
      <trkpt lat="46.130112" lon="11.688216">
        <ele>1472.177092</ele>
        <time>2026-08-17T20:48:24.791Z</time>
      </trkpt>
      <trkpt lat="46.130205" lon="11.688170">
        <ele>1470.956388</ele>
        <time>2026-08-17T20:48:25.279Z</time>
      </trkpt>
      <trkpt lat="46.130303" lon="11.688173">
        <ele>1469.739287</ele>
        <time>2026-08-17T20:48:25.768Z</time>
      </trkpt>
      <trkpt lat="46.130395" lon="11.688224">
        <ele>1468.515561</ele>
        <time>2026-08-17T20:48:26.256Z</time>
      </trkpt>
      <trkpt lat="46.130470" lon="11.688317">
        <ele>1467.287703</ele>
        <time>2026-08-17T20:48:26.743Z</time>
      </trkpt>
      <trkpt lat="46.130713" lon="11.688806">
        <ele>1461.445596</ele>
        <time>2026-08-17T20:48:28.804Z</time>
      </trkpt>
      <trkpt lat="46.130904" lon="11.689066">
        <ele>1457.426493</ele>
        <time>2026-08-17T20:48:30.100Z</time>
      </trkpt>
      <trkpt lat="46.130963" lon="11.689285">
        <ele>1454.934095</ele>
        <time>2026-08-17T20:48:30.906Z</time>
      </trkpt>
      <trkpt lat="46.131214" lon="11.691429">
        <ele>1435.343691</ele>
        <time>2026-08-17T20:48:38.410Z</time>
      </trkpt>
      <trkpt lat="46.131362" lon="11.692233">
        <ele>1432.029079</ele>
        <time>2026-08-17T20:48:41.639Z</time>
      </trkpt>
      <trkpt lat="46.131396" lon="11.692343">
        <ele>1431.549168</ele>
        <time>2026-08-17T20:48:42.154Z</time>
      </trkpt>
      <trkpt lat="46.131478" lon="11.692454">
        <ele>1430.902728</ele>
        <time>2026-08-17T20:48:42.867Z</time>
      </trkpt>
      <trkpt lat="46.131565" lon="11.692468">
        <ele>1430.399417</ele>
        <time>2026-08-17T20:48:43.442Z</time>
      </trkpt>
      <trkpt lat="46.131749" lon="11.692302">
        <ele>1429.151754</ele>
        <time>2026-08-17T20:48:44.961Z</time>
      </trkpt>
      <trkpt lat="46.131840" lon="11.692284">
        <ele>1428.623652</ele>
        <time>2026-08-17T20:48:45.647Z</time>
      </trkpt>
      <trkpt lat="46.132282" lon="11.692381">
        <ele>1426.264978</ele>
        <time>2026-08-17T20:48:49.385Z</time>
      </trkpt>
      <trkpt lat="46.132804" lon="11.692601">
        <ele>1423.775637</ele>
        <time>2026-08-17T20:48:53.680Z</time>
      </trkpt>
      <trkpt lat="46.133163" lon="11.692597">
        <ele>1422.132227</ele>
        <time>2026-08-17T20:48:55.680Z</time>
      </trkpt>
      <trkpt lat="46.133721" lon="11.692801">
        <ele>1419.497222</ele>
        <time>2026-08-17T20:48:58.713Z</time>
      </trkpt>
      <trkpt lat="46.133860" lon="11.692822">
        <ele>1418.857420</ele>
        <time>2026-08-17T20:48:59.441Z</time>
      </trkpt>
      <trkpt lat="46.134963" lon="11.693489">
        <ele>1413.246225</ele>
        <time>2026-08-17T20:49:05.842Z</time>
      </trkpt>
      <trkpt lat="46.135336" lon="11.693644">
        <ele>1411.425029</ele>
        <time>2026-08-17T20:49:08.521Z</time>
      </trkpt>
      <trkpt lat="46.135645" lon="11.693601">
        <ele>1410.486685</ele>
        <time>2026-08-17T20:49:12.387Z</time>
      </trkpt>
      <trkpt lat="46.135768" lon="11.693439">
        <ele>1410.602294</ele>
        <time>2026-08-17T20:49:15.084Z</time>
      </trkpt>
      <trkpt lat="46.135852" lon="11.693267">
        <ele>1410.703523</ele>
        <time>2026-08-17T20:49:17.645Z</time>
      </trkpt>
      <trkpt lat="46.136153" lon="11.692246">
        <ele>1411.237301</ele>
        <time>2026-08-17T20:49:31.481Z</time>
      </trkpt>
      <trkpt lat="46.136253" lon="11.692098">
        <ele>1411.336744</ele>
        <time>2026-08-17T20:49:33.471Z</time>
      </trkpt>
      <trkpt lat="46.136495" lon="11.691932">
        <ele>1411.522764</ele>
        <time>2026-08-17T20:49:36.034Z</time>
      </trkpt>
      <trkpt lat="46.136606" lon="11.691652">
        <ele>1411.519996</ele>
        <time>2026-08-17T20:49:37.442Z</time>
      </trkpt>
      <trkpt lat="46.136869" lon="11.690506">
        <ele>1402.305866</ele>
        <time>2026-08-17T20:49:41.848Z</time>
      </trkpt>
      <trkpt lat="46.136989" lon="11.690215">
        <ele>1399.721259</ele>
        <time>2026-08-17T20:49:43.033Z</time>
      </trkpt>
      <trkpt lat="46.137052" lon="11.690143">
        <ele>1398.836085</ele>
        <time>2026-08-17T20:49:43.437Z</time>
      </trkpt>
      <trkpt lat="46.137123" lon="11.690129">
        <ele>1398.046772</ele>
        <time>2026-08-17T20:49:43.795Z</time>
      </trkpt>
      <trkpt lat="46.137390" lon="11.690237">
        <ele>1394.992500</ele>
        <time>2026-08-17T20:49:45.178Z</time>
      </trkpt>
      <trkpt lat="46.137542" lon="11.690221">
        <ele>1393.313812</ele>
        <time>2026-08-17T20:49:45.931Z</time>
      </trkpt>
      <trkpt lat="46.137673" lon="11.690178">
        <ele>1391.828325</ele>
        <time>2026-08-17T20:49:46.593Z</time>
      </trkpt>
      <trkpt lat="46.138021" lon="11.689927">
        <ele>1386.479341</ele>
        <time>2026-08-17T20:49:48.511Z</time>
      </trkpt>
      <trkpt lat="46.138153" lon="11.689979">
        <ele>1384.598057</ele>
        <time>2026-08-17T20:49:49.183Z</time>
      </trkpt>
      <trkpt lat="46.138213" lon="11.690099">
        <ele>1383.188252</ele>
        <time>2026-08-17T20:49:49.689Z</time>
      </trkpt>
      <trkpt lat="46.138259" lon="11.690352">
        <ele>1380.696313</ele>
        <time>2026-08-17T20:49:50.582Z</time>
      </trkpt>
      <trkpt lat="46.138417" lon="11.690683">
        <ele>1376.867033</ele>
        <time>2026-08-17T20:49:51.965Z</time>
      </trkpt>
      <trkpt lat="46.139078" lon="11.691123">
        <ele>1367.007887</ele>
        <time>2026-08-17T20:49:55.669Z</time>
      </trkpt>
      <trkpt lat="46.140284" lon="11.691165">
        <ele>1359.635657</ele>
        <time>2026-08-17T20:50:03.139Z</time>
      </trkpt>
      <trkpt lat="46.140407" lon="11.691190">
        <ele>1358.876564</ele>
        <time>2026-08-17T20:50:03.837Z</time>
      </trkpt>
      <trkpt lat="46.140505" lon="11.691180">
        <ele>1358.276173</ele>
        <time>2026-08-17T20:50:04.375Z</time>
      </trkpt>
      <trkpt lat="46.140741" lon="11.691022">
        <ele>1356.686313</ele>
        <time>2026-08-17T20:50:05.767Z</time>
      </trkpt>
      <trkpt lat="46.140865" lon="11.691036">
        <ele>1355.601819</ele>
        <time>2026-08-17T20:50:06.412Z</time>
      </trkpt>
      <trkpt lat="46.140930" lon="11.691107">
        <ele>1354.331160</ele>
        <time>2026-08-17T20:50:06.829Z</time>
      </trkpt>
      <trkpt lat="46.140972" lon="11.691278">
        <ele>1352.371695</ele>
        <time>2026-08-17T20:50:07.472Z</time>
      </trkpt>
      <trkpt lat="46.141020" lon="11.691852">
        <ele>1346.127299</ele>
        <time>2026-08-17T20:50:09.485Z</time>
      </trkpt>
      <trkpt lat="46.141132" lon="11.692493">
        <ele>1338.987546</ele>
        <time>2026-08-17T20:50:11.734Z</time>
      </trkpt>
      <trkpt lat="46.141207" lon="11.692790">
        <ele>1335.573452</ele>
        <time>2026-08-17T20:50:12.804Z</time>
      </trkpt>
      <trkpt lat="46.141304" lon="11.693071">
        <ele>1332.182781</ele>
        <time>2026-08-17T20:50:13.873Z</time>
      </trkpt>
      <trkpt lat="46.141548" lon="11.693496">
        <ele>1326.923832</ele>
        <time>2026-08-17T20:50:15.761Z</time>
      </trkpt>
      <trkpt lat="46.141573" lon="11.693635">
        <ele>1325.952924</ele>
        <time>2026-08-17T20:50:16.258Z</time>
      </trkpt>
      <trkpt lat="46.141531" lon="11.693960">
        <ele>1323.717744</ele>
        <time>2026-08-17T20:50:17.414Z</time>
      </trkpt>
      <trkpt lat="46.141454" lon="11.694272">
        <ele>1321.478530</ele>
        <time>2026-08-17T20:50:18.597Z</time>
      </trkpt>
      <trkpt lat="46.141479" lon="11.694551">
        <ele>1319.576531</ele>
        <time>2026-08-17T20:50:19.611Z</time>
      </trkpt>
      <trkpt lat="46.141653" lon="11.695032">
        <ele>1315.908008</ele>
        <time>2026-08-17T20:50:21.604Z</time>
      </trkpt>
      <trkpt lat="46.141801" lon="11.695532">
        <ele>1312.232024</ele>
        <time>2026-08-17T20:50:23.676Z</time>
      </trkpt>
      <trkpt lat="46.141850" lon="11.695601">
        <ele>1311.564023</ele>
        <time>2026-08-17T20:50:24.061Z</time>
      </trkpt>
      <trkpt lat="46.142027" lon="11.695649">
        <ele>1310.346224</ele>
        <time>2026-08-17T20:50:25.078Z</time>
      </trkpt>
      <trkpt lat="46.142103" lon="11.695700">
        <ele>1310.123238</ele>
        <time>2026-08-17T20:50:25.556Z</time>
      </trkpt>
      <trkpt lat="46.142145" lon="11.695802">
        <ele>1309.904514</ele>
        <time>2026-08-17T20:50:26.033Z</time>
      </trkpt>
      <trkpt lat="46.142149" lon="11.695911">
        <ele>1309.703303</ele>
        <time>2026-08-17T20:50:26.473Z</time>
      </trkpt>
      <trkpt lat="46.141966" lon="11.696318">
        <ele>1308.808911</ele>
        <time>2026-08-17T20:50:28.463Z</time>
      </trkpt>
      <trkpt lat="46.141959" lon="11.696442">
        <ele>1308.579573</ele>
        <time>2026-08-17T20:50:28.977Z</time>
      </trkpt>
      <trkpt lat="46.141988" lon="11.696548">
        <ele>1308.369492</ele>
        <time>2026-08-17T20:50:29.447Z</time>
      </trkpt>
      <trkpt lat="46.142067" lon="11.696611">
        <ele>1308.129361</ele>
        <time>2026-08-17T20:50:29.985Z</time>
      </trkpt>
      <trkpt lat="46.142297" lon="11.696592">
        <ele>1307.516443</ele>
        <time>2026-08-17T20:50:31.363Z</time>
      </trkpt>
      <trkpt lat="46.142421" lon="11.696681">
        <ele>1307.147997</ele>
        <time>2026-08-17T20:50:32.240Z</time>
      </trkpt>
      <trkpt lat="46.142671" lon="11.697037">
        <ele>1306.213627</ele>
        <time>2026-08-17T20:50:35.060Z</time>
      </trkpt>
      <trkpt lat="46.142724" lon="11.697386">
        <ele>1305.382229</ele>
        <time>2026-08-17T20:50:38.025Z</time>
      </trkpt>
      <trkpt lat="46.142811" lon="11.697569">
        <ele>1304.633516</ele>
        <time>2026-08-17T20:50:40.046Z</time>
      </trkpt>
      <trkpt lat="46.142904" lon="11.697624">
        <ele>1304.144160</ele>
        <time>2026-08-17T20:50:41.349Z</time>
      </trkpt>
      <trkpt lat="46.143102" lon="11.697575">
        <ele>1303.166030</ele>
        <time>2026-08-17T20:50:43.646Z</time>
      </trkpt>
      <trkpt lat="46.143261" lon="11.697573">
        <ele>1302.391831</ele>
        <time>2026-08-17T20:50:45.214Z</time>
      </trkpt>
      <trkpt lat="46.143447" lon="11.697674">
        <ele>1301.424224</ele>
        <time>2026-08-17T20:50:46.569Z</time>
      </trkpt>
      <trkpt lat="46.143611" lon="11.697840">
        <ele>1300.448915</ele>
        <time>2026-08-17T20:50:47.745Z</time>
      </trkpt>
      <trkpt lat="46.143662" lon="11.697949">
        <ele>1300.005210</ele>
        <time>2026-08-17T20:50:48.246Z</time>
      </trkpt>
      <trkpt lat="46.143669" lon="11.698015">
        <ele>1299.779966</ele>
        <time>2026-08-17T20:50:48.493Z</time>
      </trkpt>
      <trkpt lat="46.143640" lon="11.698140">
        <ele>1299.335267</ele>
        <time>2026-08-17T20:50:48.976Z</time>
      </trkpt>
      <trkpt lat="46.143336" lon="11.698615">
        <ele>1297.153835</ele>
        <time>2026-08-17T20:50:51.262Z</time>
      </trkpt>
      <trkpt lat="46.143131" lon="11.699040">
        <ele>1292.732023</ele>
        <time>2026-08-17T20:50:53.051Z</time>
      </trkpt>
      <trkpt lat="46.143052" lon="11.699320">
        <ele>1290.005720</ele>
        <time>2026-08-17T20:50:54.094Z</time>
      </trkpt>
      <trkpt lat="46.142947" lon="11.699525">
        <ele>1287.706783</ele>
        <time>2026-08-17T20:50:54.973Z</time>
      </trkpt>
      <trkpt lat="46.142677" lon="11.699916">
        <ele>1282.728673</ele>
        <time>2026-08-17T20:50:56.891Z</time>
      </trkpt>
      <trkpt lat="46.142658" lon="11.700051">
        <ele>1281.486401</ele>
        <time>2026-08-17T20:50:57.372Z</time>
      </trkpt>
      <trkpt lat="46.142697" lon="11.700341">
        <ele>1278.822420</ele>
        <time>2026-08-17T20:50:58.405Z</time>
      </trkpt>
      <trkpt lat="46.142762" lon="11.700557">
        <ele>1276.698782</ele>
        <time>2026-08-17T20:50:59.235Z</time>
      </trkpt>
      <trkpt lat="46.142766" lon="11.700830">
        <ele>1274.236363</ele>
        <time>2026-08-17T20:51:00.204Z</time>
      </trkpt>
      <trkpt lat="46.142739" lon="11.701034">
        <ele>1272.268954</ele>
        <time>2026-08-17T20:51:00.942Z</time>
      </trkpt>
      <trkpt lat="46.142624" lon="11.701356">
        <ele>1268.751599</ele>
        <time>2026-08-17T20:51:02.222Z</time>
      </trkpt>
      <trkpt lat="46.142498" lon="11.701471">
        <ele>1266.662465</ele>
        <time>2026-08-17T20:51:02.982Z</time>
      </trkpt>
      <trkpt lat="46.142067" lon="11.701725">
        <ele>1260.138530</ele>
        <time>2026-08-17T20:51:05.317Z</time>
      </trkpt>
      <trkpt lat="46.142015" lon="11.701878">
        <ele>1258.483865</ele>
        <time>2026-08-17T20:51:05.902Z</time>
      </trkpt>
      <trkpt lat="46.142002" lon="11.702499">
        <ele>1252.451459</ele>
        <time>2026-08-17T20:51:08.022Z</time>
      </trkpt>
      <trkpt lat="46.141962" lon="11.702810">
        <ele>1249.380190</ele>
        <time>2026-08-17T20:51:09.106Z</time>
      </trkpt>
      <trkpt lat="46.141701" lon="11.703330">
        <ele>1247.184249</ele>
        <time>2026-08-17T20:51:11.329Z</time>
      </trkpt>
      <trkpt lat="46.141710" lon="11.703626">
        <ele>1246.522662</ele>
        <time>2026-08-17T20:51:12.393Z</time>
      </trkpt>
      <trkpt lat="46.141880" lon="11.703944">
        <ele>1245.625803</ele>
        <time>2026-08-17T20:51:13.925Z</time>
      </trkpt>
      <trkpt lat="46.142076" lon="11.704210">
        <ele>1244.758756</ele>
        <time>2026-08-17T20:51:15.773Z</time>
      </trkpt>
      <trkpt lat="46.142326" lon="11.704645">
        <ele>1243.496782</ele>
        <time>2026-08-17T20:51:22.736Z</time>
      </trkpt>
      <trkpt lat="46.142432" lon="11.704703">
        <ele>1243.131449</ele>
        <time>2026-08-17T20:51:25.547Z</time>
      </trkpt>
      <trkpt lat="46.142831" lon="11.704609">
        <ele>1243.784240</ele>
        <time>2026-08-17T20:51:38.091Z</time>
      </trkpt>
      <trkpt lat="46.142997" lon="11.704680">
        <ele>1244.652067</ele>
        <time>2026-08-17T20:51:44.222Z</time>
      </trkpt>
      <trkpt lat="46.143168" lon="11.704676">
        <ele>1245.509301</ele>
        <time>2026-08-17T20:51:50.186Z</time>
      </trkpt>
      <trkpt lat="46.144020" lon="11.704463">
        <ele>1249.843461</ele>
        <time>2026-08-17T20:52:13.845Z</time>
      </trkpt>
      <trkpt lat="46.144737" lon="11.704645">
        <ele>1245.679848</ele>
        <time>2026-08-17T20:52:18.430Z</time>
      </trkpt>
      <trkpt lat="46.144974" lon="11.704593">
        <ele>1241.896212</ele>
        <time>2026-08-17T20:52:19.657Z</time>
      </trkpt>
      <trkpt lat="46.145063" lon="11.704628">
        <ele>1240.440284</ele>
        <time>2026-08-17T20:52:20.113Z</time>
      </trkpt>
      <trkpt lat="46.145640" lon="11.705451">
        <ele>1227.636691</ele>
        <time>2026-08-17T20:52:24.097Z</time>
      </trkpt>
      <trkpt lat="46.145620" lon="11.705632">
        <ele>1225.632412</ele>
        <time>2026-08-17T20:52:24.718Z</time>
      </trkpt>
      <trkpt lat="46.145495" lon="11.705982">
        <ele>1221.651739</ele>
        <time>2026-08-17T20:52:26.052Z</time>
      </trkpt>
      <trkpt lat="46.145422" lon="11.706268">
        <ele>1218.891023</ele>
        <time>2026-08-17T20:52:27.090Z</time>
      </trkpt>
      <trkpt lat="46.145414" lon="11.706420">
        <ele>1217.510281</ele>
        <time>2026-08-17T20:52:27.612Z</time>
      </trkpt>
      <trkpt lat="46.145417" lon="11.706538">
        <ele>1216.440750</ele>
        <time>2026-08-17T20:52:28.017Z</time>
      </trkpt>
      <trkpt lat="46.145500" lon="11.706779">
        <ele>1214.003016</ele>
        <time>2026-08-17T20:52:28.947Z</time>
      </trkpt>
      <trkpt lat="46.145655" lon="11.706995">
        <ele>1211.186275</ele>
        <time>2026-08-17T20:52:30.023Z</time>
      </trkpt>
      <trkpt lat="46.145916" lon="11.707199">
        <ele>1207.305906</ele>
        <time>2026-08-17T20:52:31.535Z</time>
      </trkpt>
      <trkpt lat="46.146014" lon="11.707316">
        <ele>1205.643215</ele>
        <time>2026-08-17T20:52:32.220Z</time>
      </trkpt>
      <trkpt lat="46.146108" lon="11.707492">
        <ele>1203.630379</ele>
        <time>2026-08-17T20:52:33.095Z</time>
      </trkpt>
      <trkpt lat="46.146196" lon="11.707747">
        <ele>1201.050020</ele>
        <time>2026-08-17T20:52:34.261Z</time>
      </trkpt>
      <trkpt lat="46.146217" lon="11.708164">
        <ele>1198.869849</ele>
        <time>2026-08-17T20:52:35.863Z</time>
      </trkpt>
      <trkpt lat="46.146000" lon="11.709012">
        <ele>1196.066978</ele>
        <time>2026-08-17T20:52:39.190Z</time>
      </trkpt>
      <trkpt lat="46.146085" lon="11.709666">
        <ele>1194.003851</ele>
        <time>2026-08-17T20:52:41.716Z</time>
      </trkpt>
      <trkpt lat="46.146295" lon="11.710081">
        <ele>1192.410465</ele>
        <time>2026-08-17T20:52:44.099Z</time>
      </trkpt>
      <trkpt lat="46.146492" lon="11.710251">
        <ele>1191.634862</ele>
        <time>2026-08-17T20:52:46.820Z</time>
      </trkpt>
      <trkpt lat="46.146798" lon="11.710332">
        <ele>1191.523138</ele>
        <time>2026-08-17T20:52:51.826Z</time>
      </trkpt>
      <trkpt lat="46.147008" lon="11.710239">
        <ele>1191.444253</ele>
        <time>2026-08-17T20:52:55.558Z</time>
      </trkpt>
      <trkpt lat="46.147458" lon="11.709942">
        <ele>1191.266555</ele>
        <time>2026-08-17T20:53:02.727Z</time>
      </trkpt>
      <trkpt lat="46.147695" lon="11.709969">
        <ele>1191.181178</ele>
        <time>2026-08-17T20:53:04.759Z</time>
      </trkpt>
      <trkpt lat="46.148110" lon="11.710212">
        <ele>1191.020346</ele>
        <time>2026-08-17T20:53:07.520Z</time>
      </trkpt>
      <trkpt lat="46.148837" lon="11.710075">
        <ele>1185.973598</ele>
        <time>2026-08-17T20:53:11.472Z</time>
      </trkpt>
      <trkpt lat="46.149016" lon="11.710115">
        <ele>1184.682698</ele>
        <time>2026-08-17T20:53:12.428Z</time>
      </trkpt>
      <trkpt lat="46.149138" lon="11.710208">
        <ele>1183.699426</ele>
        <time>2026-08-17T20:53:13.157Z</time>
      </trkpt>
      <trkpt lat="46.149250" lon="11.710248">
        <ele>1182.877151</ele>
        <time>2026-08-17T20:53:13.766Z</time>
      </trkpt>
      <trkpt lat="46.149494" lon="11.710178">
        <ele>1181.104192</ele>
        <time>2026-08-17T20:53:15.076Z</time>
      </trkpt>
      <trkpt lat="46.149563" lon="11.710203">
        <ele>1180.597186</ele>
        <time>2026-08-17T20:53:15.458Z</time>
      </trkpt>
      <trkpt lat="46.149597" lon="11.710321">
        <ele>1179.966201</ele>
        <time>2026-08-17T20:53:15.921Z</time>
      </trkpt>
      <trkpt lat="46.149578" lon="11.710399">
        <ele>1179.557979</ele>
        <time>2026-08-17T20:53:16.226Z</time>
      </trkpt>
      <trkpt lat="46.149533" lon="11.710455">
        <ele>1179.134541</ele>
        <time>2026-08-17T20:53:16.539Z</time>
      </trkpt>
      <trkpt lat="46.149262" lon="11.710468">
        <ele>1177.225726</ele>
        <time>2026-08-17T20:53:17.972Z</time>
      </trkpt>
      <trkpt lat="46.148988" lon="11.710546">
        <ele>1175.282848</ele>
        <time>2026-08-17T20:53:19.443Z</time>
      </trkpt>
      <trkpt lat="46.148361" lon="11.710896">
        <ele>1170.606122</ele>
        <time>2026-08-17T20:53:23.102Z</time>
      </trkpt>
      <trkpt lat="46.147996" lon="11.710861">
        <ele>1168.061294</ele>
        <time>2026-08-17T20:53:25.152Z</time>
      </trkpt>
      <trkpt lat="46.147474" lon="11.710991">
        <ele>1163.239267</ele>
        <time>2026-08-17T20:53:28.056Z</time>
      </trkpt>
      <trkpt lat="46.147106" lon="11.710943">
        <ele>1158.426290</ele>
        <time>2026-08-17T20:53:29.999Z</time>
      </trkpt>
      <trkpt lat="46.146829" lon="11.711008">
        <ele>1154.770810</ele>
        <time>2026-08-17T20:53:31.431Z</time>
      </trkpt>
      <trkpt lat="46.146515" lon="11.711168">
        <ele>1150.433364</ele>
        <time>2026-08-17T20:53:33.101Z</time>
      </trkpt>
      <trkpt lat="46.146352" lon="11.711520">
        <ele>1146.612546</ele>
        <time>2026-08-17T20:53:34.555Z</time>
      </trkpt>
      <trkpt lat="46.146048" lon="11.711987">
        <ele>1140.722398</ele>
        <time>2026-08-17T20:53:36.732Z</time>
      </trkpt>
      <trkpt lat="46.145866" lon="11.712340">
        <ele>1136.451663</ele>
        <time>2026-08-17T20:53:38.224Z</time>
      </trkpt>
      <trkpt lat="46.145462" lon="11.712741">
        <ele>1129.582913</ele>
        <time>2026-08-17T20:53:40.632Z</time>
      </trkpt>
      <trkpt lat="46.145272" lon="11.712864">
        <ele>1126.665728</ele>
        <time>2026-08-17T20:53:41.662Z</time>
      </trkpt>
      <trkpt lat="46.145170" lon="11.713029">
        <ele>1124.519440</ele>
        <time>2026-08-17T20:53:42.432Z</time>
      </trkpt>
      <trkpt lat="46.145152" lon="11.713261">
        <ele>1122.253587</ele>
        <time>2026-08-17T20:53:43.263Z</time>
      </trkpt>
      <trkpt lat="46.145246" lon="11.713627">
        <ele>1118.464994</ele>
        <time>2026-08-17T20:53:44.706Z</time>
      </trkpt>
      <trkpt lat="46.145451" lon="11.714062">
        <ele>1117.560046</ele>
        <time>2026-08-17T20:53:46.969Z</time>
      </trkpt>
      <trkpt lat="46.145623" lon="11.714108">
        <ele>1117.895906</ele>
        <time>2026-08-17T20:53:48.940Z</time>
      </trkpt>
      <trkpt lat="46.145868" lon="11.713862">
        <ele>1118.468931</ele>
        <time>2026-08-17T20:53:54.061Z</time>
      </trkpt>
      <trkpt lat="46.146265" lon="11.713047">
        <ele>1119.794199</ele>
        <time>2026-08-17T20:54:10.182Z</time>
      </trkpt>
      <trkpt lat="46.146412" lon="11.712907">
        <ele>1120.132342</ele>
        <time>2026-08-17T20:54:13.966Z</time>
      </trkpt>
      <trkpt lat="46.146602" lon="11.712865">
        <ele>1120.501394</ele>
        <time>2026-08-17T20:54:17.531Z</time>
      </trkpt>
      <trkpt lat="46.146755" lon="11.712729">
        <ele>1119.988081</ele>
        <time>2026-08-17T20:54:20.223Z</time>
      </trkpt>
      <trkpt lat="46.146969" lon="11.712297">
        <ele>1118.907782</ele>
        <time>2026-08-17T20:54:23.389Z</time>
      </trkpt>
      <trkpt lat="46.147374" lon="11.712082">
        <ele>1117.640768</ele>
        <time>2026-08-17T20:54:25.933Z</time>
      </trkpt>
      <trkpt lat="46.147556" lon="11.712117">
        <ele>1117.101669</ele>
        <time>2026-08-17T20:54:26.960Z</time>
      </trkpt>
      <trkpt lat="46.147595" lon="11.712150">
        <ele>1116.968934</ele>
        <time>2026-08-17T20:54:27.211Z</time>
      </trkpt>
      <trkpt lat="46.147608" lon="11.712295">
        <ele>1116.671520</ele>
        <time>2026-08-17T20:54:27.772Z</time>
      </trkpt>
      <trkpt lat="46.147515" lon="11.712386">
        <ele>1116.341629</ele>
        <time>2026-08-17T20:54:28.385Z</time>
      </trkpt>
      <trkpt lat="46.147334" lon="11.712348">
        <ele>1115.804595</ele>
        <time>2026-08-17T20:54:29.379Z</time>
      </trkpt>
      <trkpt lat="46.147247" lon="11.712385">
        <ele>1115.538293</ele>
        <time>2026-08-17T20:54:29.870Z</time>
      </trkpt>
      <trkpt lat="46.147144" lon="11.712549">
        <ele>1114.959482</ele>
        <time>2026-08-17T20:54:30.697Z</time>
      </trkpt>
      <trkpt lat="46.146867" lon="11.713192">
        <ele>1111.984201</ele>
        <time>2026-08-17T20:54:33.558Z</time>
      </trkpt>
      <trkpt lat="46.146659" lon="11.713416">
        <ele>1110.512285</ele>
        <time>2026-08-17T20:54:34.995Z</time>
      </trkpt>
      <trkpt lat="46.146518" lon="11.713453">
        <ele>1109.699453</ele>
        <time>2026-08-17T20:54:35.803Z</time>
      </trkpt>
      <trkpt lat="46.146469" lon="11.713505">
        <ele>1109.354502</ele>
        <time>2026-08-17T20:54:36.151Z</time>
      </trkpt>
      <trkpt lat="46.146457" lon="11.713617">
        <ele>1108.909165</ele>
        <time>2026-08-17T20:54:36.599Z</time>
      </trkpt>
      <trkpt lat="46.146485" lon="11.713724">
        <ele>1108.459714</ele>
        <time>2026-08-17T20:54:37.059Z</time>
      </trkpt>
      <trkpt lat="46.146520" lon="11.713762">
        <ele>1108.211311</ele>
        <time>2026-08-17T20:54:37.315Z</time>
      </trkpt>
      <trkpt lat="46.146667" lon="11.713703">
        <ele>1107.345923</ele>
        <time>2026-08-17T20:54:38.210Z</time>
      </trkpt>
      <trkpt lat="46.147530" lon="11.712754">
        <ele>1099.234282</ele>
        <time>2026-08-17T20:54:44.217Z</time>
      </trkpt>
      <trkpt lat="46.147721" lon="11.712760">
        <ele>1097.596979</ele>
        <time>2026-08-17T20:54:45.217Z</time>
      </trkpt>
      <trkpt lat="46.147800" lon="11.712728">
        <ele>1096.893777</ele>
        <time>2026-08-17T20:54:45.644Z</time>
      </trkpt>
      <trkpt lat="46.147862" lon="11.712689">
        <ele>1096.314158</ele>
        <time>2026-08-17T20:54:45.996Z</time>
      </trkpt>
      <trkpt lat="46.147941" lon="11.712560">
        <ele>1095.291883</ele>
        <time>2026-08-17T20:54:46.613Z</time>
      </trkpt>
      <trkpt lat="46.148018" lon="11.712505">
        <ele>1094.555596</ele>
        <time>2026-08-17T20:54:47.055Z</time>
      </trkpt>
      <trkpt lat="46.148080" lon="11.712499">
        <ele>1094.023048</ele>
        <time>2026-08-17T20:54:47.376Z</time>
      </trkpt>
      <trkpt lat="46.148156" lon="11.712563">
        <ele>1093.268968</ele>
        <time>2026-08-17T20:54:47.827Z</time>
      </trkpt>
      <trkpt lat="46.148319" lon="11.712781">
        <ele>1091.364546</ele>
        <time>2026-08-17T20:54:48.968Z</time>
      </trkpt>
      <trkpt lat="46.148529" lon="11.712936">
        <ele>1089.257083</ele>
        <time>2026-08-17T20:54:50.165Z</time>
      </trkpt>
      <trkpt lat="46.148737" lon="11.712985">
        <ele>1086.867541</ele>
        <time>2026-08-17T20:54:51.232Z</time>
      </trkpt>
      <trkpt lat="46.149745" lon="11.712861">
        <ele>1075.397231</ele>
        <time>2026-08-17T20:54:56.375Z</time>
      </trkpt>
      <trkpt lat="46.150510" lon="11.712809">
        <ele>1067.507649</ele>
        <time>2026-08-17T20:55:00.280Z</time>
      </trkpt>
      <trkpt lat="46.150965" lon="11.713049">
        <ele>1063.757313</ele>
        <time>2026-08-17T20:55:02.819Z</time>
      </trkpt>
      <trkpt lat="46.151153" lon="11.713157">
        <ele>1062.190829</ele>
        <time>2026-08-17T20:55:03.906Z</time>
      </trkpt>
      <trkpt lat="46.151839" lon="11.713073">
        <ele>1056.860870</ele>
        <time>2026-08-17T20:55:07.685Z</time>
      </trkpt>
      <trkpt lat="46.152008" lon="11.713126">
        <ele>1055.521983</ele>
        <time>2026-08-17T20:55:08.636Z</time>
      </trkpt>
      <trkpt lat="46.152208" lon="11.713242">
        <ele>1053.926815</ele>
        <time>2026-08-17T20:55:09.845Z</time>
      </trkpt>
      <trkpt lat="46.152274" lon="11.713254">
        <ele>1053.438138</ele>
        <time>2026-08-17T20:55:10.221Z</time>
      </trkpt>
      <trkpt lat="46.152542" lon="11.713151">
        <ele>1051.400785</ele>
        <time>2026-08-17T20:55:11.761Z</time>
      </trkpt>
      <trkpt lat="46.152588" lon="11.713152">
        <ele>1051.062823</ele>
        <time>2026-08-17T20:55:12.015Z</time>
      </trkpt>
      <trkpt lat="46.152636" lon="11.713234">
        <ele>1050.516496</ele>
        <time>2026-08-17T20:55:12.415Z</time>
      </trkpt>
      <trkpt lat="46.152636" lon="11.713341">
        <ele>1049.971975</ele>
        <time>2026-08-17T20:55:12.813Z</time>
      </trkpt>
      <trkpt lat="46.152585" lon="11.713425">
        <ele>1049.403557</ele>
        <time>2026-08-17T20:55:13.226Z</time>
      </trkpt>
      <trkpt lat="46.152146" lon="11.713356">
        <ele>1046.159533</ele>
        <time>2026-08-17T20:55:15.540Z</time>
      </trkpt>
      <trkpt lat="46.151348" lon="11.713703">
        <ele>1040.272666</ele>
        <time>2026-08-17T20:55:19.912Z</time>
      </trkpt>
      <trkpt lat="46.150693" lon="11.713638">
        <ele>1036.006155</ele>
        <time>2026-08-17T20:55:23.608Z</time>
      </trkpt>
      <trkpt lat="46.149643" lon="11.713803">
        <ele>1028.613736</ele>
        <time>2026-08-17T20:55:29.458Z</time>
      </trkpt>
      <trkpt lat="46.149368" lon="11.714029">
        <ele>1025.685765</ele>
        <time>2026-08-17T20:55:31.111Z</time>
      </trkpt>
      <trkpt lat="46.149161" lon="11.714350">
        <ele>1022.874676</ele>
        <time>2026-08-17T20:55:32.678Z</time>
      </trkpt>
      <trkpt lat="46.148885" lon="11.715192">
        <ele>1016.903711</ele>
        <time>2026-08-17T20:55:35.960Z</time>
      </trkpt>
      <trkpt lat="46.148355" lon="11.715751">
        <ele>1011.014836</ele>
        <time>2026-08-17T20:55:39.411Z</time>
      </trkpt>
      <trkpt lat="46.148239" lon="11.715874">
        <ele>1009.767352</ele>
        <time>2026-08-17T20:55:40.181Z</time>
      </trkpt>
      <trkpt lat="46.147593" lon="11.716047">
        <ele>1004.072935</ele>
        <time>2026-08-17T20:55:43.666Z</time>
      </trkpt>
      <trkpt lat="46.147433" lon="11.716278">
        <ele>1002.111590</ele>
        <time>2026-08-17T20:55:44.842Z</time>
      </trkpt>
      <trkpt lat="46.147343" lon="11.716494">
        <ele>1000.598118</ele>
        <time>2026-08-17T20:55:45.756Z</time>
      </trkpt>
      <trkpt lat="46.147084" lon="11.717518">
        <ele>994.332942</ele>
        <time>2026-08-17T20:55:49.698Z</time>
      </trkpt>
      <trkpt lat="46.146977" lon="11.717688">
        <ele>993.047991</ele>
        <time>2026-08-17T20:55:50.521Z</time>
      </trkpt>
      <trkpt lat="46.146784" lon="11.717716">
        <ele>991.481638</ele>
        <time>2026-08-17T20:55:51.532Z</time>
      </trkpt>
      <trkpt lat="46.146309" lon="11.717659">
        <ele>987.632718</ele>
        <time>2026-08-17T20:55:54.062Z</time>
      </trkpt>
      <trkpt lat="46.145845" lon="11.717659">
        <ele>983.885857</ele>
        <time>2026-08-17T20:55:56.641Z</time>
      </trkpt>
      <trkpt lat="46.144982" lon="11.717535">
        <ele>974.789882</ele>
        <time>2026-08-17T20:56:01.263Z</time>
      </trkpt>
      <trkpt lat="46.144572" lon="11.717532">
        <ele>970.452916</ele>
        <time>2026-08-17T20:56:03.327Z</time>
      </trkpt>
      <trkpt lat="46.144462" lon="11.717453">
        <ele>969.153268</ele>
        <time>2026-08-17T20:56:03.942Z</time>
      </trkpt>
      <trkpt lat="46.144373" lon="11.717446">
        <ele>968.210445</ele>
        <time>2026-08-17T20:56:04.390Z</time>
      </trkpt>
      <trkpt lat="46.143674" lon="11.717595">
        <ele>960.705827</ele>
        <time>2026-08-17T20:56:07.927Z</time>
      </trkpt>
      <trkpt lat="46.143609" lon="11.717552">
        <ele>959.943527</ele>
        <time>2026-08-17T20:56:08.289Z</time>
      </trkpt>
      <trkpt lat="46.143542" lon="11.717449">
        <ele>958.899941</ele>
        <time>2026-08-17T20:56:08.779Z</time>
      </trkpt>
      <trkpt lat="46.143309" lon="11.716640">
        <ele>952.428411</ele>
        <time>2026-08-17T20:56:11.879Z</time>
      </trkpt>
      <trkpt lat="46.143089" lon="11.715016">
        <ele>940.958302</ele>
        <time>2026-08-17T20:56:18.004Z</time>
      </trkpt>
      <trkpt lat="46.142719" lon="11.713441">
        <ele>930.443024</ele>
        <time>2026-08-17T20:56:23.978Z</time>
      </trkpt>
      <trkpt lat="46.142618" lon="11.713257">
        <ele>928.964907</ele>
        <time>2026-08-17T20:56:24.817Z</time>
      </trkpt>
      <trkpt lat="46.142540" lon="11.713016">
        <ele>927.452728</ele>
        <time>2026-08-17T20:56:25.768Z</time>
      </trkpt>
      <trkpt lat="46.142489" lon="11.712382">
        <ele>923.824255</ele>
        <time>2026-08-17T20:56:28.053Z</time>
      </trkpt>
      <trkpt lat="46.142489" lon="11.712305">
        <ele>923.386513</ele>
        <time>2026-08-17T20:56:28.331Z</time>
      </trkpt>
      <trkpt lat="46.142465" lon="11.712010">
        <ele>921.697928</ele>
        <time>2026-08-17T20:56:29.408Z</time>
      </trkpt>
      <trkpt lat="46.142481" lon="11.711729">
        <ele>920.095069</ele>
        <time>2026-08-17T20:56:30.432Z</time>
      </trkpt>
      <trkpt lat="46.142453" lon="11.711633">
        <ele>919.502929</ele>
        <time>2026-08-17T20:56:30.815Z</time>
      </trkpt>
      <trkpt lat="46.142413" lon="11.711598">
        <ele>919.119125</ele>
        <time>2026-08-17T20:56:31.065Z</time>
      </trkpt>
      <trkpt lat="46.142348" lon="11.711605">
        <ele>918.584319</ele>
        <time>2026-08-17T20:56:31.412Z</time>
      </trkpt>
      <trkpt lat="46.142293" lon="11.711656">
        <ele>918.047934</ele>
        <time>2026-08-17T20:56:31.776Z</time>
      </trkpt>
      <trkpt lat="46.142283" lon="11.711743">
        <ele>917.546581</ele>
        <time>2026-08-17T20:56:32.108Z</time>
      </trkpt>
      <trkpt lat="46.142397" lon="11.712118">
        <ele>915.218542</ele>
        <time>2026-08-17T20:56:33.685Z</time>
      </trkpt>
      <trkpt lat="46.142411" lon="11.712341">
        <ele>914.061168</ele>
        <time>2026-08-17T20:56:34.557Z</time>
      </trkpt>
      <trkpt lat="46.142408" lon="11.712416">
        <ele>913.790182</ele>
        <time>2026-08-17T20:56:34.837Z</time>
      </trkpt>
      <trkpt lat="46.142412" lon="11.712913">
        <ele>911.997309</ele>
        <time>2026-08-17T20:56:36.705Z</time>
      </trkpt>
      <trkpt lat="46.142481" lon="11.713436">
        <ele>910.076876</ele>
        <time>2026-08-17T20:56:38.759Z</time>
      </trkpt>
      <trkpt lat="46.142507" lon="11.714097">
        <ele>907.688717</ele>
        <time>2026-08-17T20:56:41.407Z</time>
      </trkpt>
      <trkpt lat="46.142627" lon="11.714930">
        <ele>904.619200</ele>
        <time>2026-08-17T20:56:44.848Z</time>
      </trkpt>
      <trkpt lat="46.142730" lon="11.716307">
        <ele>899.614099</ele>
        <time>2026-08-17T20:56:50.172Z</time>
      </trkpt>
      <trkpt lat="46.142658" lon="11.717273">
        <ele>896.103040</ele>
        <time>2026-08-17T20:56:53.910Z</time>
      </trkpt>
      <trkpt lat="46.142688" lon="11.717804">
        <ele>895.464250</ele>
        <time>2026-08-17T20:56:55.991Z</time>
      </trkpt>
      <trkpt lat="46.142849" lon="11.718549">
        <ele>895.353876</ele>
        <time>2026-08-17T20:56:59.368Z</time>
      </trkpt>
      <trkpt lat="46.143227" lon="11.719278">
        <ele>895.225096</ele>
        <time>2026-08-17T20:57:09.332Z</time>
      </trkpt>
      <trkpt lat="46.143298" lon="11.719370">
        <ele>895.205619</ele>
        <time>2026-08-17T20:57:11.286Z</time>
      </trkpt>
      <trkpt lat="46.143363" lon="11.719407">
        <ele>895.191356</ele>
        <time>2026-08-17T20:57:12.632Z</time>
      </trkpt>
      <trkpt lat="46.143443" lon="11.719391">
        <ele>895.174870</ele>
        <time>2026-08-17T20:57:14.130Z</time>
      </trkpt>
      <trkpt lat="46.143729" lon="11.719133">
        <ele>894.652703</ele>
        <time>2026-08-17T20:57:19.505Z</time>
      </trkpt>
      <trkpt lat="46.144081" lon="11.719049">
        <ele>893.820442</ele>
        <time>2026-08-17T20:57:23.119Z</time>
      </trkpt>
      <trkpt lat="46.144256" lon="11.719054">
        <ele>893.412137</ele>
        <time>2026-08-17T20:57:24.454Z</time>
      </trkpt>
      <trkpt lat="46.144778" lon="11.719272">
        <ele>892.144514</ele>
        <time>2026-08-17T20:57:27.896Z</time>
      </trkpt>
      <trkpt lat="46.144924" lon="11.719288">
        <ele>891.802958</ele>
        <time>2026-08-17T20:57:28.732Z</time>
      </trkpt>
      <trkpt lat="46.145149" lon="11.719415">
        <ele>891.239391</ele>
        <time>2026-08-17T20:57:30.065Z</time>
      </trkpt>
      <trkpt lat="46.145616" lon="11.719435">
        <ele>887.309204</ele>
        <time>2026-08-17T20:57:32.514Z</time>
      </trkpt>
      <trkpt lat="46.145837" lon="11.719467">
        <ele>884.961273</ele>
        <time>2026-08-17T20:57:33.667Z</time>
      </trkpt>
      <trkpt lat="46.146198" lon="11.719577">
        <ele>881.061009</ele>
        <time>2026-08-17T20:57:35.552Z</time>
      </trkpt>
      <trkpt lat="46.146418" lon="11.719597">
        <ele>878.730767</ele>
        <time>2026-08-17T20:57:36.672Z</time>
      </trkpt>
      <trkpt lat="46.146717" lon="11.719962">
        <ele>874.591171</ele>
        <time>2026-08-17T20:57:38.641Z</time>
      </trkpt>
      <trkpt lat="46.147088" lon="11.720164">
        <ele>871.358182</ele>
        <time>2026-08-17T20:57:40.632Z</time>
      </trkpt>
      <trkpt lat="46.147444" lon="11.720473">
        <ele>869.699221</ele>
        <time>2026-08-17T20:57:42.771Z</time>
      </trkpt>
      <trkpt lat="46.147604" lon="11.720505">
        <ele>869.054148</ele>
        <time>2026-08-17T20:57:43.652Z</time>
      </trkpt>
      <trkpt lat="46.147754" lon="11.720672">
        <ele>868.297625</ele>
        <time>2026-08-17T20:57:44.789Z</time>
      </trkpt>
      <trkpt lat="46.147837" lon="11.720711">
        <ele>867.949040</ele>
        <time>2026-08-17T20:57:45.388Z</time>
      </trkpt>
      <trkpt lat="46.148033" lon="11.720649">
        <ele>867.147727</ele>
        <time>2026-08-17T20:57:47.182Z</time>
      </trkpt>
      <trkpt lat="46.148124" lon="11.720584">
        <ele>866.742252</ele>
        <time>2026-08-17T20:57:48.322Z</time>
      </trkpt>
      <trkpt lat="46.148698" lon="11.720011">
        <ele>863.669208</ele>
        <time>2026-08-17T20:58:00.187Z</time>
      </trkpt>
      <trkpt lat="46.148807" lon="11.719910">
        <ele>862.967525</ele>
        <time>2026-08-17T20:58:02.156Z</time>
      </trkpt>
      <trkpt lat="46.149344" lon="11.719705">
        <ele>859.958412</ele>
        <time>2026-08-17T20:58:06.005Z</time>
      </trkpt>
      <trkpt lat="46.149426" lon="11.719698">
        <ele>859.513417</ele>
        <time>2026-08-17T20:58:06.459Z</time>
      </trkpt>
      <trkpt lat="46.149490" lon="11.719729">
        <ele>859.147709</ele>
        <time>2026-08-17T20:58:06.818Z</time>
      </trkpt>
      <trkpt lat="46.149816" lon="11.720137">
        <ele>856.810289</ele>
        <time>2026-08-17T20:58:09.003Z</time>
      </trkpt>
      <trkpt lat="46.150062" lon="11.720414">
        <ele>855.120115</ele>
        <time>2026-08-17T20:58:10.571Z</time>
      </trkpt>
      <trkpt lat="46.150242" lon="11.720470">
        <ele>854.019817</ele>
        <time>2026-08-17T20:58:11.500Z</time>
      </trkpt>
      <trkpt lat="46.150331" lon="11.720537">
        <ele>853.413302</ele>
        <time>2026-08-17T20:58:12.012Z</time>
      </trkpt>
      <trkpt lat="46.150491" lon="11.720730">
        <ele>852.153394</ele>
        <time>2026-08-17T20:58:13.077Z</time>
      </trkpt>
      <trkpt lat="46.150717" lon="11.720913">
        <ele>850.587627</ele>
        <time>2026-08-17T20:58:14.445Z</time>
      </trkpt>
      <trkpt lat="46.150859" lon="11.720895">
        <ele>849.726302</ele>
        <time>2026-08-17T20:58:15.216Z</time>
      </trkpt>
      <trkpt lat="46.151774" lon="11.720399">
        <ele>843.970894</ele>
        <time>2026-08-17T20:58:21.512Z</time>
      </trkpt>
      <trkpt lat="46.152448" lon="11.720233">
        <ele>841.752402</ele>
        <time>2026-08-17T20:58:27.066Z</time>
      </trkpt>
      <trkpt lat="46.153140" lon="11.719704">
        <ele>839.211707</ele>
        <time>2026-08-17T20:58:31.447Z</time>
      </trkpt>
      <trkpt lat="46.153262" lon="11.719704">
        <ele>838.815860</ele>
        <time>2026-08-17T20:58:32.135Z</time>
      </trkpt>
      <trkpt lat="46.153332" lon="11.719745">
        <ele>838.570752</ele>
        <time>2026-08-17T20:58:32.566Z</time>
      </trkpt>
      <trkpt lat="46.153568" lon="11.719975">
        <ele>837.776629</ele>
        <time>2026-08-17T20:58:34.240Z</time>
      </trkpt>
      <trkpt lat="46.153628" lon="11.719998">
        <ele>837.614664</ele>
        <time>2026-08-17T20:58:34.603Z</time>
      </trkpt>
      <trkpt lat="46.153756" lon="11.719959">
        <ele>837.273353</ele>
        <time>2026-08-17T20:58:35.415Z</time>
      </trkpt>
      <trkpt lat="46.153855" lon="11.719872">
        <ele>836.970965</ele>
        <time>2026-08-17T20:58:36.148Z</time>
      </trkpt>
      <trkpt lat="46.154076" lon="11.719453">
        <ele>836.019170</ele>
        <time>2026-08-17T20:58:38.495Z</time>
      </trkpt>
      <trkpt lat="46.154470" lon="11.719107">
        <ele>834.815958</ele>
        <time>2026-08-17T20:58:41.618Z</time>
      </trkpt>
      <trkpt lat="46.154581" lon="11.718755">
        <ele>834.116972</ele>
        <time>2026-08-17T20:58:43.912Z</time>
      </trkpt>
      <trkpt lat="46.154677" lon="11.718578">
        <ele>833.710691</ele>
        <time>2026-08-17T20:58:45.023Z</time>
      </trkpt>
      <trkpt lat="46.154773" lon="11.718480">
        <ele>833.181028</ele>
        <time>2026-08-17T20:58:45.803Z</time>
      </trkpt>
      <trkpt lat="46.155383" lon="11.718325">
        <ele>829.871797</ele>
        <time>2026-08-17T20:58:49.395Z</time>
      </trkpt>
      <trkpt lat="46.155555" lon="11.718419">
        <ele>828.889182</ele>
        <time>2026-08-17T20:58:50.396Z</time>
      </trkpt>
      <trkpt lat="46.155686" lon="11.718447">
        <ele>828.181641</ele>
        <time>2026-08-17T20:58:51.110Z</time>
      </trkpt>
      <trkpt lat="46.156202" lon="11.718493">
        <ele>825.419487</ele>
        <time>2026-08-17T20:58:53.855Z</time>
      </trkpt>
      <trkpt lat="46.156472" lon="11.718421">
        <ele>823.991168</ele>
        <time>2026-08-17T20:58:55.328Z</time>
      </trkpt>
      <trkpt lat="46.156965" lon="11.718521">
        <ele>823.225074</ele>
        <time>2026-08-17T20:58:58.130Z</time>
      </trkpt>
      <trkpt lat="46.157298" lon="11.718433">
        <ele>822.704130</ele>
        <time>2026-08-17T20:59:00.251Z</time>
      </trkpt>
      <trkpt lat="46.157933" lon="11.717987">
        <ele>821.617469</ele>
        <time>2026-08-17T20:59:07.482Z</time>
      </trkpt>
      <trkpt lat="46.158449" lon="11.716913">
        <ele>820.556760</ele>
        <time>2026-08-17T20:59:22.268Z</time>
      </trkpt>
      <trkpt lat="46.158524" lon="11.716852">
        <ele>820.467697</ele>
        <time>2026-08-17T20:59:23.424Z</time>
      </trkpt>
      <trkpt lat="46.158608" lon="11.716830">
        <ele>820.379372</ele>
        <time>2026-08-17T20:59:24.460Z</time>
      </trkpt>
      <trkpt lat="46.158716" lon="11.716701">
        <ele>820.234348</ele>
        <time>2026-08-17T20:59:25.864Z</time>
      </trkpt>
      <trkpt lat="46.158743" lon="11.716503">
        <ele>820.089731</ele>
        <time>2026-08-17T20:59:26.932Z</time>
      </trkpt>
      <trkpt lat="46.158670" lon="11.716268">
        <ele>819.905161</ele>
        <time>2026-08-17T20:59:28.103Z</time>
      </trkpt>
      <trkpt lat="46.158666" lon="11.716189">
        <ele>819.848395</ele>
        <time>2026-08-17T20:59:28.438Z</time>
      </trkpt>
      <trkpt lat="46.158706" lon="11.716043">
        <ele>819.735879</ele>
        <time>2026-08-17T20:59:29.080Z</time>
      </trkpt>
      <trkpt lat="46.158954" lon="11.715720">
        <ele>819.390314</ele>
        <time>2026-08-17T20:59:30.941Z</time>
      </trkpt>
      <trkpt lat="46.159409" lon="11.715287">
        <ele>815.061582</ele>
        <time>2026-08-17T20:59:33.797Z</time>
      </trkpt>
      <trkpt lat="46.159997" lon="11.714474">
        <ele>808.470013</ele>
        <time>2026-08-17T20:59:38.060Z</time>
      </trkpt>
      <trkpt lat="46.160532" lon="11.713462">
        <ele>799.355898</ele>
        <time>2026-08-17T20:59:42.728Z</time>
      </trkpt>
      <trkpt lat="46.161037" lon="11.713103">
        <ele>792.216037</ele>
        <time>2026-08-17T20:59:45.644Z</time>
      </trkpt>
      <trkpt lat="46.161353" lon="11.712530">
        <ele>785.781211</ele>
        <time>2026-08-17T20:59:48.161Z</time>
      </trkpt>
      <trkpt lat="46.161458" lon="11.712406">
        <ele>784.060591</ele>
        <time>2026-08-17T20:59:48.827Z</time>
      </trkpt>
      <trkpt lat="46.161689" lon="11.712344">
        <ele>780.796131</ele>
        <time>2026-08-17T20:59:49.983Z</time>
      </trkpt>
      <trkpt lat="46.161795" lon="11.712410">
        <ele>778.880258</ele>
        <time>2026-08-17T20:59:50.553Z</time>
      </trkpt>
      <trkpt lat="46.161965" lon="11.712633">
        <ele>775.068204</ele>
        <time>2026-08-17T20:59:51.683Z</time>
      </trkpt>
      <trkpt lat="46.162162" lon="11.712958">
        <ele>770.103605</ele>
        <time>2026-08-17T20:59:53.154Z</time>
      </trkpt>
      <trkpt lat="46.162232" lon="11.713167">
        <ele>767.434955</ele>
        <time>2026-08-17T20:59:53.946Z</time>
      </trkpt>
      <trkpt lat="46.162251" lon="11.713342">
        <ele>765.398733</ele>
        <time>2026-08-17T20:59:54.551Z</time>
      </trkpt>
      <trkpt lat="46.162219" lon="11.713568">
        <ele>762.747091</ele>
        <time>2026-08-17T20:59:55.341Z</time>
      </trkpt>
      <trkpt lat="46.162162" lon="11.713726">
        <ele>760.699246</ele>
        <time>2026-08-17T20:59:55.951Z</time>
      </trkpt>
      <trkpt lat="46.161540" lon="11.714423">
        <ele>748.917548</ele>
        <time>2026-08-17T20:59:59.894Z</time>
      </trkpt>
      <trkpt lat="46.161386" lon="11.714675">
        <ele>746.153750</ele>
        <time>2026-08-17T21:00:01.062Z</time>
      </trkpt>
      <trkpt lat="46.161341" lon="11.714879">
        <ele>744.393023</ele>
        <time>2026-08-17T21:00:01.809Z</time>
      </trkpt>
      <trkpt lat="46.161346" lon="11.715028">
        <ele>743.166208</ele>
        <time>2026-08-17T21:00:02.325Z</time>
      </trkpt>
      <trkpt lat="46.161375" lon="11.715176">
        <ele>741.901285</ele>
        <time>2026-08-17T21:00:02.860Z</time>
      </trkpt>
      <trkpt lat="46.161493" lon="11.715447">
        <ele>739.268765</ele>
        <time>2026-08-17T21:00:03.967Z</time>
      </trkpt>
      <trkpt lat="46.162914" lon="11.718270">
        <ele>719.086436</ele>
        <time>2026-08-17T21:00:16.634Z</time>
      </trkpt>
      <trkpt lat="46.163044" lon="11.718562">
        <ele>719.242752</ele>
        <time>2026-08-17T21:00:20.165Z</time>
      </trkpt>
      <trkpt lat="46.163077" lon="11.718835">
        <ele>720.316101</ele>
        <time>2026-08-17T21:00:23.277Z</time>
      </trkpt>
      <trkpt lat="46.163063" lon="11.719073">
        <ele>721.241226</ele>
        <time>2026-08-17T21:00:26.512Z</time>
      </trkpt>
      <trkpt lat="46.162749" lon="11.720395">
        <ele>726.654242</ele>
        <time>2026-08-17T21:00:54.022Z</time>
      </trkpt>
      <trkpt lat="46.162535" lon="11.721815">
        <ele>732.512137</ele>
        <time>2026-08-17T21:01:24.038Z</time>
      </trkpt>
      <trkpt lat="46.162471" lon="11.722023">
        <ele>733.446967</ele>
        <time>2026-08-17T21:01:28.977Z</time>
      </trkpt>
      <trkpt lat="46.162117" lon="11.722769">
        <ele>737.161191</ele>
        <time>2026-08-17T21:01:45.280Z</time>
      </trkpt>
      <trkpt lat="46.160479" lon="11.726214">
        <ele>739.444096</ele>
        <time>2026-08-17T21:02:06.506Z</time>
      </trkpt>
      <trkpt lat="46.160318" lon="11.726491">
        <ele>739.892170</ele>
        <time>2026-08-17T21:02:10.776Z</time>
      </trkpt>
      <trkpt lat="46.160006" lon="11.726795">
        <ele>740.565553</ele>
        <time>2026-08-17T21:02:17.268Z</time>
      </trkpt>
      <trkpt lat="46.159712" lon="11.727425">
        <ele>741.573618</ele>
        <time>2026-08-17T21:02:27.023Z</time>
      </trkpt>
      <trkpt lat="46.159672" lon="11.727492">
        <ele>741.719214</ele>
        <time>2026-08-17T21:02:28.366Z</time>
      </trkpt>
      <trkpt lat="46.159310" lon="11.727859">
        <ele>742.770399</ele>
        <time>2026-08-17T21:02:37.309Z</time>
      </trkpt>
      <trkpt lat="46.159017" lon="11.728081">
        <ele>743.556755</ele>
        <time>2026-08-17T21:02:43.728Z</time>
      </trkpt>
      <trkpt lat="46.158091" lon="11.728848">
        <ele>745.488147</ele>
        <time>2026-08-17T21:02:54.170Z</time>
      </trkpt>
      <trkpt lat="46.157820" lon="11.729139">
        <ele>745.348526</ele>
        <time>2026-08-17T21:02:56.804Z</time>
      </trkpt>
      <trkpt lat="46.157592" lon="11.729428">
        <ele>745.223097</ele>
        <time>2026-08-17T21:02:58.968Z</time>
      </trkpt>
      <trkpt lat="46.156845" lon="11.730516">
        <ele>744.840648</ele>
        <time>2026-08-17T21:03:06.770Z</time>
      </trkpt>
      <trkpt lat="46.156483" lon="11.730825">
        <ele>744.862631</ele>
        <time>2026-08-17T21:03:12.454Z</time>
      </trkpt>
      <trkpt lat="46.156418" lon="11.730881">
        <ele>744.866588</ele>
        <time>2026-08-17T21:03:13.346Z</time>
      </trkpt>
      <trkpt lat="46.156351" lon="11.731109">
        <ele>744.875555</ele>
        <time>2026-08-17T21:03:15.932Z</time>
      </trkpt>
      <trkpt lat="46.156289" lon="11.731359">
        <ele>744.885170</ele>
        <time>2026-08-17T21:03:18.816Z</time>
      </trkpt>
      <trkpt lat="46.155867" lon="11.732105">
        <ele>744.920045</ele>
        <time>2026-08-17T21:03:37.107Z</time>
      </trkpt>
      <trkpt lat="46.155374" lon="11.732690">
        <ele>741.280562</ele>
        <time>2026-08-17T21:03:47.188Z</time>
      </trkpt>
      <trkpt lat="46.155207" lon="11.732793">
        <ele>739.898006</ele>
        <time>2026-08-17T21:03:49.808Z</time>
      </trkpt>
      <trkpt lat="46.155115" lon="11.732851">
        <ele>739.133729</ele>
        <time>2026-08-17T21:03:51.257Z</time>
      </trkpt>
      <trkpt lat="46.155009" lon="11.732933">
        <ele>738.218181</ele>
        <time>2026-08-17T21:03:52.973Z</time>
      </trkpt>
      <trkpt lat="46.154933" lon="11.732993">
        <ele>737.558718</ele>
        <time>2026-08-17T21:03:54.216Z</time>
      </trkpt>
      <trkpt lat="46.154895" lon="11.733020">
        <ele>737.236279</ele>
        <time>2026-08-17T21:03:54.813Z</time>
      </trkpt>
      <trkpt lat="46.154836" lon="11.733074">
        <ele>736.704439</ele>
        <time>2026-08-17T21:03:55.816Z</time>
      </trkpt>
      <trkpt lat="46.154815" lon="11.733107">
        <ele>736.468121</ele>
        <time>2026-08-17T21:03:56.263Z</time>
      </trkpt>
      <trkpt lat="46.154731" lon="11.733243">
        <ele>735.507204</ele>
        <time>2026-08-17T21:03:58.088Z</time>
      </trkpt>
      <trkpt lat="46.154676" lon="11.733490">
        <ele>734.138962</ele>
        <time>2026-08-17T21:03:59.015Z</time>
      </trkpt>
      <trkpt lat="46.154394" lon="11.733855">
        <ele>731.255501</ele>
        <time>2026-08-17T21:04:01.004Z</time>
      </trkpt>
      <trkpt lat="46.154364" lon="11.733989">
        <ele>731.283007</ele>
        <time>2026-08-17T21:04:01.542Z</time>
      </trkpt>
      <trkpt lat="46.154361" lon="11.734101">
        <ele>731.322159</ele>
        <time>2026-08-17T21:04:01.974Z</time>
      </trkpt>
      <trkpt lat="46.154436" lon="11.734313">
        <ele>731.405311</ele>
        <time>2026-08-17T21:04:03.025Z</time>
      </trkpt>
      <trkpt lat="46.154498" lon="11.734414">
        <ele>731.452450</ele>
        <time>2026-08-17T21:04:04.234Z</time>
      </trkpt>
      <trkpt lat="46.154696" lon="11.734611">
        <ele>731.573710</ele>
        <time>2026-08-17T21:04:08.130Z</time>
      </trkpt>
      <trkpt lat="46.154861" lon="11.734848">
        <ele>731.691081</ele>
        <time>2026-08-17T21:04:11.991Z</time>
      </trkpt>
      <trkpt lat="46.154997" lon="11.735165">
        <ele>731.821328</ele>
        <time>2026-08-17T21:04:15.158Z</time>
      </trkpt>
      <trkpt lat="46.155081" lon="11.735448">
        <ele>731.928873</ele>
        <time>2026-08-17T21:04:18.343Z</time>
      </trkpt>
      <trkpt lat="46.155087" lon="11.735681">
        <ele>732.010317</ele>
        <time>2026-08-17T21:04:21.306Z</time>
      </trkpt>
      <trkpt lat="46.155011" lon="11.735892">
        <ele>732.093389</ele>
        <time>2026-08-17T21:04:24.227Z</time>
      </trkpt>
      <trkpt lat="46.154770" lon="11.736116">
        <ele>732.824264</ele>
        <time>2026-08-17T21:04:28.740Z</time>
      </trkpt>
      <trkpt lat="46.154625" lon="11.736153">
        <ele>733.353046</ele>
        <time>2026-08-17T21:04:30.829Z</time>
      </trkpt>
      <trkpt lat="46.153076" lon="11.736072">
        <ele>738.824146</ele>
        <time>2026-08-17T21:04:58.497Z</time>
      </trkpt>
      <trkpt lat="46.152890" lon="11.736012">
        <ele>739.303761</ele>
        <time>2026-08-17T21:05:02.563Z</time>
      </trkpt>
      <trkpt lat="46.152646" lon="11.735857">
        <ele>739.974615</ele>
        <time>2026-08-17T21:05:07.638Z</time>
      </trkpt>
      <trkpt lat="46.152351" lon="11.735599">
        <ele>740.842606</ele>
        <time>2026-08-17T21:05:13.603Z</time>
      </trkpt>
      <trkpt lat="46.152040" lon="11.735175">
        <ele>741.919117</ele>
        <time>2026-08-17T21:05:19.898Z</time>
      </trkpt>
      <trkpt lat="46.151673" lon="11.734480">
        <ele>743.258666</ele>
        <time>2026-08-17T21:05:25.246Z</time>
      </trkpt>
      <trkpt lat="46.151618" lon="11.734440">
        <ele>743.323163</ele>
        <time>2026-08-17T21:05:25.837Z</time>
      </trkpt>
      <trkpt lat="46.151555" lon="11.734392">
        <ele>743.397767</ele>
        <time>2026-08-17T21:05:26.452Z</time>
      </trkpt>
      <trkpt lat="46.151258" lon="11.734440">
        <ele>743.710746</ele>
        <time>2026-08-17T21:05:29.328Z</time>
      </trkpt>
      <trkpt lat="46.150271" lon="11.734756">
        <ele>744.769512</ele>
        <time>2026-08-17T21:05:40.325Z</time>
      </trkpt>
      <trkpt lat="46.149657" lon="11.734953">
        <ele>746.314956</ele>
        <time>2026-08-17T21:05:49.955Z</time>
      </trkpt>
      <trkpt lat="46.149470" lon="11.735018">
        <ele>746.944735</ele>
        <time>2026-08-17T21:05:53.194Z</time>
      </trkpt>
      <trkpt lat="46.149466" lon="11.735157">
        <ele>747.260302</ele>
        <time>2026-08-17T21:05:54.925Z</time>
      </trkpt>
      <trkpt lat="46.149510" lon="11.735221">
        <ele>747.464824</ele>
        <time>2026-08-17T21:05:56.022Z</time>
      </trkpt>
      <trkpt lat="46.149672" lon="11.735304">
        <ele>748.027668</ele>
        <time>2026-08-17T21:05:59.174Z</time>
      </trkpt>
      <trkpt lat="46.150636" lon="11.735720">
        <ele>751.477251</ele>
        <time>2026-08-17T21:06:18.099Z</time>
      </trkpt>
      <trkpt lat="46.151095" lon="11.735823">
        <ele>753.557998</ele>
        <time>2026-08-17T21:06:24.102Z</time>
      </trkpt>
      <trkpt lat="46.151367" lon="11.735848">
        <ele>754.778867</ele>
        <time>2026-08-17T21:06:27.855Z</time>
      </trkpt>
      <trkpt lat="46.152236" lon="11.735915">
        <ele>758.677027</ele>
        <time>2026-08-17T21:06:47.095Z</time>
      </trkpt>
      <trkpt lat="46.152282" lon="11.735944">
        <ele>758.901874</ele>
        <time>2026-08-17T21:06:48.414Z</time>
      </trkpt>
      <trkpt lat="46.152316" lon="11.736026">
        <ele>759.344258</ele>
        <time>2026-08-17T21:06:50.175Z</time>
      </trkpt>
      <trkpt lat="46.152322" lon="11.736094">
        <ele>759.685586</ele>
        <time>2026-08-17T21:06:51.429Z</time>
      </trkpt>
      <trkpt lat="46.152286" lon="11.736198">
        <ele>760.264485</ele>
        <time>2026-08-17T21:06:53.739Z</time>
      </trkpt>
      <trkpt lat="46.152252" lon="11.736227">
        <ele>760.548343</ele>
        <time>2026-08-17T21:06:54.820Z</time>
      </trkpt>
      <trkpt lat="46.151025" lon="11.736539">
        <ele>769.503570</ele>
        <time>2026-08-17T21:07:31.938Z</time>
      </trkpt>
      <trkpt lat="46.149619" lon="11.736677">
        <ele>777.616126</ele>
        <time>2026-08-17T21:07:58.601Z</time>
      </trkpt>
      <trkpt lat="46.149564" lon="11.736746">
        <ele>778.003550</ele>
        <time>2026-08-17T21:07:59.968Z</time>
      </trkpt>
      <trkpt lat="46.149560" lon="11.736868">
        <ele>778.453411</ele>
        <time>2026-08-17T21:08:01.653Z</time>
      </trkpt>
      <trkpt lat="46.149593" lon="11.736943">
        <ele>778.780662</ele>
        <time>2026-08-17T21:08:02.883Z</time>
      </trkpt>
      <trkpt lat="46.149647" lon="11.736968">
        <ele>779.082167</ele>
        <time>2026-08-17T21:08:04.062Z</time>
      </trkpt>
      <trkpt lat="46.150041" lon="11.736826">
        <ele>781.241236</ele>
        <time>2026-08-17T21:08:13.334Z</time>
      </trkpt>
      <trkpt lat="46.150236" lon="11.736852">
        <ele>782.958310</ele>
        <time>2026-08-17T21:08:18.323Z</time>
      </trkpt>
      <trkpt lat="46.151546" lon="11.737250">
        <ele>795.843300</ele>
        <time>2026-08-17T21:09:03.175Z</time>
      </trkpt>
      <trkpt lat="46.151836" lon="11.737354">
        <ele>798.719396</ele>
        <time>2026-08-17T21:09:14.129Z</time>
      </trkpt>
      <trkpt lat="46.151924" lon="11.737535">
        <ele>800.314511</ele>
        <time>2026-08-17T21:09:19.520Z</time>
      </trkpt>
      <trkpt lat="46.151940" lon="11.737602">
        <ele>800.826829</ele>
        <time>2026-08-17T21:09:21.226Z</time>
      </trkpt>
      <trkpt lat="46.151927" lon="11.737802">
        <ele>802.278993</ele>
        <time>2026-08-17T21:09:25.965Z</time>
      </trkpt>
      <trkpt lat="46.151869" lon="11.737910">
        <ele>803.266861</ele>
        <time>2026-08-17T21:09:29.150Z</time>
      </trkpt>
      <trkpt lat="46.151733" lon="11.737984">
        <ele>804.783542</ele>
        <time>2026-08-17T21:09:33.950Z</time>
      </trkpt>
      <trkpt lat="46.150840" lon="11.737961">
        <ele>814.103788</ele>
        <time>2026-08-17T21:10:03.154Z</time>
      </trkpt>
      <trkpt lat="46.150513" lon="11.738001">
        <ele>817.528376</ele>
        <time>2026-08-17T21:10:13.305Z</time>
      </trkpt>
      <trkpt lat="46.150249" lon="11.738129">
        <ele>821.092441</ele>
        <time>2026-08-17T21:10:23.293Z</time>
      </trkpt>
      <trkpt lat="46.149630" lon="11.738856">
        <ele>831.305921</ele>
        <time>2026-08-17T21:10:59.996Z</time>
      </trkpt>
      <trkpt lat="46.149509" lon="11.739057">
        <ele>833.666960</ele>
        <time>2026-08-17T21:11:08.114Z</time>
      </trkpt>
      <trkpt lat="46.149471" lon="11.739172">
        <ele>834.796675</ele>
        <time>2026-08-17T21:11:11.969Z</time>
      </trkpt>
      <trkpt lat="46.149461" lon="11.739375">
        <ele>836.601152</ele>
        <time>2026-08-17T21:11:17.607Z</time>
      </trkpt>
      <trkpt lat="46.149541" lon="11.739552">
        <ele>838.475017</ele>
        <time>2026-08-17T21:11:23.107Z</time>
      </trkpt>
      <trkpt lat="46.149648" lon="11.739646">
        <ele>840.078164</ele>
        <time>2026-08-17T21:11:27.514Z</time>
      </trkpt>
      <trkpt lat="46.149735" lon="11.739691">
        <ele>840.908695</ele>
        <time>2026-08-17T21:11:30.570Z</time>
      </trkpt>
      <trkpt lat="46.150112" lon="11.739731">
        <ele>843.349767</ele>
        <time>2026-08-17T21:11:43.150Z</time>
      </trkpt>
      <trkpt lat="46.150501" lon="11.739714">
        <ele>845.862912</ele>
        <time>2026-08-17T21:11:53.608Z</time>
      </trkpt>
      <trkpt lat="46.150742" lon="11.739888">
        <ele>847.602998</ele>
        <time>2026-08-17T21:11:58.544Z</time>
      </trkpt>
      <trkpt lat="46.150903" lon="11.740157">
        <ele>849.193298</ele>
        <time>2026-08-17T21:12:03.232Z</time>
      </trkpt>
      <trkpt lat="46.151348" lon="11.741338">
        <ele>853.983659</ele>
        <time>2026-08-17T21:12:19.381Z</time>
      </trkpt>
      <trkpt lat="46.151505" lon="11.741759">
        <ele>855.262249</ele>
        <time>2026-08-17T21:12:24.932Z</time>
      </trkpt>
      <trkpt lat="46.151606" lon="11.741960">
        <ele>855.926270</ele>
        <time>2026-08-17T21:12:28.123Z</time>
      </trkpt>
      <trkpt lat="46.151940" lon="11.742203">
        <ele>857.370082</ele>
        <time>2026-08-17T21:12:35.186Z</time>
      </trkpt>
      <trkpt lat="46.152003" lon="11.742328">
        <ele>857.783457</ele>
        <time>2026-08-17T21:12:37.281Z</time>
      </trkpt>
      <trkpt lat="46.152161" lon="11.742779">
        <ele>859.146679</ele>
        <time>2026-08-17T21:12:43.417Z</time>
      </trkpt>
      <trkpt lat="46.151877" lon="11.742509">
        <ele>861.029745</ele>
        <time>2026-08-17T21:12:49.580Z</time>
      </trkpt>
      <trkpt lat="46.151234" lon="11.742091">
        <ele>864.934734</ele>
        <time>2026-08-17T21:13:06.984Z</time>
      </trkpt>
      <trkpt lat="46.151123" lon="11.741983">
        <ele>865.675983</ele>
        <time>2026-08-17T21:13:10.531Z</time>
      </trkpt>
      <trkpt lat="46.151050" lon="11.741913">
        <ele>866.161280</ele>
        <time>2026-08-17T21:13:12.831Z</time>
      </trkpt>
      <trkpt lat="46.150809" lon="11.741226">
        <ele>869.110419</ele>
        <time>2026-08-17T21:13:24.596Z</time>
      </trkpt>
      <trkpt lat="46.150718" lon="11.741184">
        <ele>869.584696</ele>
        <time>2026-08-17T21:13:26.590Z</time>
      </trkpt>
      <trkpt lat="46.150605" lon="11.741233">
        <ele>870.170421</ele>
        <time>2026-08-17T21:13:29.023Z</time>
      </trkpt>
      <trkpt lat="46.150592" lon="11.741350">
        <ele>870.577934</ele>
        <time>2026-08-17T21:13:30.662Z</time>
      </trkpt>
      <trkpt lat="46.150662" lon="11.741577">
        <ele>871.432449</ele>
        <time>2026-08-17T21:13:34.019Z</time>
      </trkpt>
      <trkpt lat="46.150996" lon="11.742311">
        <ele>874.452559</ele>
        <time>2026-08-17T21:13:44.928Z</time>
      </trkpt>
      <trkpt lat="46.151243" lon="11.742625">
        <ele>876.086445</ele>
        <time>2026-08-17T21:13:51.613Z</time>
      </trkpt>
      <trkpt lat="46.151727" lon="11.743046">
        <ele>879.262853</ele>
        <time>2026-08-17T21:14:04.696Z</time>
      </trkpt>
      <trkpt lat="46.151845" lon="11.743239">
        <ele>880.515326</ele>
        <time>2026-08-17T21:14:09.273Z</time>
      </trkpt>
      <trkpt lat="46.151925" lon="11.743429">
        <ele>881.597142</ele>
        <time>2026-08-17T21:14:13.321Z</time>
      </trkpt>
      <trkpt lat="46.151968" lon="11.743674">
        <ele>882.826862</ele>
        <time>2026-08-17T21:14:18.077Z</time>
      </trkpt>
      <trkpt lat="46.151999" lon="11.744070">
        <ele>884.765877</ele>
        <time>2026-08-17T21:14:25.789Z</time>
      </trkpt>
      <trkpt lat="46.152047" lon="11.744699">
        <ele>887.844810</ele>
        <time>2026-08-17T21:14:38.352Z</time>
      </trkpt>
      <trkpt lat="46.152108" lon="11.745171">
        <ele>890.180961</ele>
        <time>2026-08-17T21:14:47.391Z</time>
      </trkpt>
      <trkpt lat="46.152167" lon="11.745386">
        <ele>891.152215</ele>
        <time>2026-08-17T21:14:51.153Z</time>
      </trkpt>
      <trkpt lat="46.152245" lon="11.745529">
        <ele>891.836296</ele>
        <time>2026-08-17T21:14:53.996Z</time>
      </trkpt>
      <trkpt lat="46.152458" lon="11.745716">
        <ele>893.188886</ele>
        <time>2026-08-17T21:14:59.185Z</time>
      </trkpt>
      <trkpt lat="46.153515" lon="11.746265">
        <ele>899.283617</ele>
        <time>2026-08-17T21:15:22.209Z</time>
      </trkpt>
      <trkpt lat="46.153605" lon="11.746348">
        <ele>899.863056</ele>
        <time>2026-08-17T21:15:24.438Z</time>
      </trkpt>
      <trkpt lat="46.153632" lon="11.746486">
        <ele>900.403322</ele>
        <time>2026-08-17T21:15:26.492Z</time>
      </trkpt>
      <trkpt lat="46.153624" lon="11.746572">
        <ele>900.760568</ele>
        <time>2026-08-17T21:15:27.806Z</time>
      </trkpt>
      <trkpt lat="46.153551" lon="11.746695">
        <ele>901.427406</ele>
        <time>2026-08-17T21:15:30.243Z</time>
      </trkpt>
      <trkpt lat="46.153509" lon="11.746723">
        <ele>901.702357</ele>
        <time>2026-08-17T21:15:31.298Z</time>
      </trkpt>
      <trkpt lat="46.152769" lon="11.746846">
        <ele>906.129435</ele>
        <time>2026-08-17T21:15:50.042Z</time>
      </trkpt>
      <trkpt lat="46.152550" lon="11.746952">
        <ele>907.502228</ele>
        <time>2026-08-17T21:15:56.222Z</time>
      </trkpt>
      <trkpt lat="46.152029" lon="11.747487">
        <ele>911.215169</ele>
        <time>2026-08-17T21:16:10.569Z</time>
      </trkpt>
      <trkpt lat="46.151761" lon="11.747855">
        <ele>912.559838</ele>
        <time>2026-08-17T21:16:17.633Z</time>
      </trkpt>
      <trkpt lat="46.151747" lon="11.747915">
        <ele>912.719283</ele>
        <time>2026-08-17T21:16:18.418Z</time>
      </trkpt>
      <trkpt lat="46.151763" lon="11.748013">
        <ele>912.972849</ele>
        <time>2026-08-17T21:16:19.675Z</time>
      </trkpt>
      <trkpt lat="46.151808" lon="11.748080">
        <ele>913.207867</ele>
        <time>2026-08-17T21:16:20.806Z</time>
      </trkpt>
      <trkpt lat="46.151863" lon="11.748099">
        <ele>913.413459</ele>
        <time>2026-08-17T21:16:21.772Z</time>
      </trkpt>
      <trkpt lat="46.152025" lon="11.747971">
        <ele>914.084841</ele>
        <time>2026-08-17T21:16:24.693Z</time>
      </trkpt>
      <trkpt lat="46.152293" lon="11.747661">
        <ele>915.333328</ele>
        <time>2026-08-17T21:16:29.488Z</time>
      </trkpt>
      <trkpt lat="46.152428" lon="11.747589">
        <ele>915.856530</ele>
        <time>2026-08-17T21:16:31.365Z</time>
      </trkpt>
      <trkpt lat="46.153013" lon="11.747666">
        <ele>918.380381</ele>
        <time>2026-08-17T21:16:40.717Z</time>
      </trkpt>
      <trkpt lat="46.153120" lon="11.747686">
        <ele>919.178556</ele>
        <time>2026-08-17T21:16:42.885Z</time>
      </trkpt>
      <trkpt lat="46.153606" lon="11.747764">
        <ele>922.796051</ele>
        <time>2026-08-17T21:16:54.878Z</time>
      </trkpt>
      <trkpt lat="46.153700" lon="11.747850">
        <ele>923.619343</ele>
        <time>2026-08-17T21:16:58.103Z</time>
      </trkpt>
      <trkpt lat="46.153822" lon="11.748060">
        <ele>925.023882</ele>
        <time>2026-08-17T21:17:03.738Z</time>
      </trkpt>
      <trkpt lat="46.153949" lon="11.748406">
        <ele>927.030543</ele>
        <time>2026-08-17T21:17:12.422Z</time>
      </trkpt>
      <trkpt lat="46.154050" lon="11.748598">
        <ele>928.266018</ele>
        <time>2026-08-17T21:17:18.031Z</time>
      </trkpt>
      <trkpt lat="46.154774" lon="11.749282">
        <ele>933.715769</ele>
        <time>2026-08-17T21:17:44.561Z</time>
      </trkpt>
      <trkpt lat="46.154904" lon="11.749480">
        <ele>934.758580</ele>
        <time>2026-08-17T21:17:49.199Z</time>
      </trkpt>
      <trkpt lat="46.154952" lon="11.749634">
        <ele>935.404095</ele>
        <time>2026-08-17T21:17:51.873Z</time>
      </trkpt>
      <trkpt lat="46.154932" lon="11.749779">
        <ele>935.969242</ele>
        <time>2026-08-17T21:17:54.135Z</time>
      </trkpt>
      <trkpt lat="46.154827" lon="11.749835">
        <ele>936.586932</ele>
        <time>2026-08-17T21:17:56.523Z</time>
      </trkpt>
      <trkpt lat="46.154351" lon="11.749233">
        <ele>940.079038</ele>
        <time>2026-08-17T21:18:08.435Z</time>
      </trkpt>
      <trkpt lat="46.153650" lon="11.748847">
        <ele>942.131056</ele>
        <time>2026-08-17T21:18:16.526Z</time>
      </trkpt>
      <trkpt lat="46.153373" lon="11.748727">
        <ele>942.738396</ele>
        <time>2026-08-17T21:18:18.901Z</time>
      </trkpt>
      <trkpt lat="46.153209" lon="11.748717">
        <ele>943.083110</ele>
        <time>2026-08-17T21:18:20.510Z</time>
      </trkpt>
      <trkpt lat="46.153186" lon="11.748719">
        <ele>943.131498</ele>
        <time>2026-08-17T21:18:20.744Z</time>
      </trkpt>
      <trkpt lat="46.152915" lon="11.748754">
        <ele>943.702882</ele>
        <time>2026-08-17T21:18:23.967Z</time>
      </trkpt>
      <trkpt lat="46.152546" lon="11.748866">
        <ele>944.494740</ele>
        <time>2026-08-17T21:18:29.996Z</time>
      </trkpt>
      <trkpt lat="46.152295" lon="11.748995">
        <ele>946.019879</ele>
        <time>2026-08-17T21:18:35.509Z</time>
      </trkpt>
      <trkpt lat="46.152052" lon="11.749251">
        <ele>948.074078</ele>
        <time>2026-08-17T21:18:43.555Z</time>
      </trkpt>
      <trkpt lat="46.151606" lon="11.749968">
        <ele>952.632411</ele>
        <time>2026-08-17T21:19:07.656Z</time>
      </trkpt>
      <trkpt lat="46.151472" lon="11.750140">
        <ele>953.856842</ele>
        <time>2026-08-17T21:19:11.746Z</time>
      </trkpt>
      <trkpt lat="46.151049" lon="11.750399">
        <ele>956.950615</ele>
        <time>2026-08-17T21:19:19.550Z</time>
      </trkpt>
      <trkpt lat="46.150696" lon="11.750616">
        <ele>958.254566</ele>
        <time>2026-08-17T21:19:27.301Z</time>
      </trkpt>
      <trkpt lat="46.150520" lon="11.750751">
        <ele>958.931919</ele>
        <time>2026-08-17T21:19:30.943Z</time>
      </trkpt>
      <trkpt lat="46.150336" lon="11.751040">
        <ele>959.856054</ele>
        <time>2026-08-17T21:19:35.298Z</time>
      </trkpt>
      <trkpt lat="46.150126" lon="11.751571">
        <ele>961.295625</ele>
        <time>2026-08-17T21:19:39.545Z</time>
      </trkpt>
      <trkpt lat="46.149998" lon="11.752106">
        <ele>962.628248</ele>
        <time>2026-08-17T21:19:44.513Z</time>
      </trkpt>
      <trkpt lat="46.149501" lon="11.752969">
        <ele>965.814264</ele>
        <time>2026-08-17T21:20:05.289Z</time>
      </trkpt>
      <trkpt lat="46.149215" lon="11.753715">
        <ele>968.306737</ele>
        <time>2026-08-17T21:20:15.199Z</time>
      </trkpt>
      <trkpt lat="46.148934" lon="11.754231">
        <ele>970.225439</ele>
        <time>2026-08-17T21:20:22.115Z</time>
      </trkpt>
      <trkpt lat="46.148755" lon="11.754628">
        <ele>971.995409</ele>
        <time>2026-08-17T21:20:27.115Z</time>
      </trkpt>
      <trkpt lat="46.148430" lon="11.755990">
        <ele>977.828464</ele>
        <time>2026-08-17T21:20:48.704Z</time>
      </trkpt>
      <trkpt lat="46.148309" lon="11.756325">
        <ele>979.358260</ele>
        <time>2026-08-17T21:20:56.707Z</time>
      </trkpt>
      <trkpt lat="46.148087" lon="11.756790">
        <ele>981.154487</ele>
        <time>2026-08-17T21:21:09.330Z</time>
      </trkpt>
      <trkpt lat="46.147652" lon="11.757639">
        <ele>981.415130</ele>
        <time>2026-08-17T21:21:27.389Z</time>
      </trkpt>
      <trkpt lat="46.147604" lon="11.757906">
        <ele>981.483216</ele>
        <time>2026-08-17T21:21:29.596Z</time>
      </trkpt>
      <trkpt lat="46.147610" lon="11.758037">
        <ele>981.515622</ele>
        <time>2026-08-17T21:21:30.332Z</time>
      </trkpt>
      <trkpt lat="46.147630" lon="11.758251">
        <ele>981.568922</ele>
        <time>2026-08-17T21:21:31.315Z</time>
      </trkpt>
      <trkpt lat="46.147619" lon="11.758363">
        <ele>981.596844</ele>
        <time>2026-08-17T21:21:31.776Z</time>
      </trkpt>
      <trkpt lat="46.147607" lon="11.758482">
        <ele>981.626526</ele>
        <time>2026-08-17T21:21:32.254Z</time>
      </trkpt>
      <trkpt lat="46.147587" lon="11.758602">
        <ele>981.656991</ele>
        <time>2026-08-17T21:21:32.725Z</time>
      </trkpt>
      <trkpt lat="46.147570" lon="11.758745">
        <ele>981.692804</ele>
        <time>2026-08-17T21:21:33.278Z</time>
      </trkpt>
      <trkpt lat="46.147231" lon="11.760005">
        <ele>972.347255</ele>
        <time>2026-08-17T21:21:38.027Z</time>
      </trkpt>
      <trkpt lat="46.147136" lon="11.760323">
        <ele>969.286503</ele>
        <time>2026-08-17T21:21:39.219Z</time>
      </trkpt>
      <trkpt lat="46.146870" lon="11.761171">
        <ele>961.059154</ele>
        <time>2026-08-17T21:21:42.437Z</time>
      </trkpt>
      <trkpt lat="46.146771" lon="11.761597">
        <ele>957.378139</ele>
        <time>2026-08-17T21:21:44.006Z</time>
      </trkpt>
      <trkpt lat="46.146725" lon="11.761912">
        <ele>955.010368</ele>
        <time>2026-08-17T21:21:45.128Z</time>
      </trkpt>
      <trkpt lat="46.146686" lon="11.762730">
        <ele>948.979644</ele>
        <time>2026-08-17T21:21:47.984Z</time>
      </trkpt>
      <trkpt lat="46.146639" lon="11.763074">
        <ele>946.400747</ele>
        <time>2026-08-17T21:21:49.218Z</time>
      </trkpt>
      <trkpt lat="46.146388" lon="11.764007">
        <ele>939.738351</ele>
        <time>2026-08-17T21:21:52.892Z</time>
      </trkpt>
      <trkpt lat="46.146363" lon="11.764208">
        <ele>939.772561</ele>
        <time>2026-08-17T21:21:53.734Z</time>
      </trkpt>
      <trkpt lat="46.146400" lon="11.764564">
        <ele>939.832866</ele>
        <time>2026-08-17T21:21:55.377Z</time>
      </trkpt>
      <trkpt lat="46.146466" lon="11.764813">
        <ele>939.877528</ele>
        <time>2026-08-17T21:21:56.923Z</time>
      </trkpt>
      <trkpt lat="46.146562" lon="11.764997">
        <ele>939.916115</ele>
        <time>2026-08-17T21:21:58.863Z</time>
      </trkpt>
      <trkpt lat="46.146774" lon="11.765210">
        <ele>939.978572</ele>
        <time>2026-08-17T21:22:03.205Z</time>
      </trkpt>
      <trkpt lat="46.146932" lon="11.765297">
        <ele>940.019462</ele>
        <time>2026-08-17T21:22:06.837Z</time>
      </trkpt>
      <trkpt lat="46.148483" lon="11.765686">
        <ele>935.358771</ele>
        <time>2026-08-17T21:22:30.066Z</time>
      </trkpt>
      <trkpt lat="46.148556" lon="11.765809">
        <ele>934.821683</ele>
        <time>2026-08-17T21:22:30.647Z</time>
      </trkpt>
      <trkpt lat="46.148571" lon="11.765948">
        <ele>934.355184</ele>
        <time>2026-08-17T21:22:31.152Z</time>
      </trkpt>
      <trkpt lat="46.148530" lon="11.766127">
        <ele>933.729998</ele>
        <time>2026-08-17T21:22:31.816Z</time>
      </trkpt>
      <trkpt lat="46.148158" lon="11.767068">
        <ele>928.437859</ele>
        <time>2026-08-17T21:22:35.538Z</time>
      </trkpt>
      <trkpt lat="46.147780" lon="11.768066">
        <ele>920.123568</ele>
        <time>2026-08-17T21:22:39.455Z</time>
      </trkpt>
      <trkpt lat="46.147643" lon="11.768517">
        <ele>916.523825</ele>
        <time>2026-08-17T21:22:41.271Z</time>
      </trkpt>
      <trkpt lat="46.147576" lon="11.769618">
        <ele>911.013789</ele>
        <time>2026-08-17T21:22:47.070Z</time>
      </trkpt>
      <trkpt lat="46.147421" lon="11.770762">
        <ele>907.798856</ele>
        <time>2026-08-17T21:22:52.854Z</time>
      </trkpt>
      <trkpt lat="46.147353" lon="11.771133">
        <ele>906.740430</ele>
        <time>2026-08-17T21:22:54.319Z</time>
      </trkpt>
      <trkpt lat="46.147301" lon="11.771279">
        <ele>906.287665</ele>
        <time>2026-08-17T21:22:54.935Z</time>
      </trkpt>
      <trkpt lat="46.147234" lon="11.771370">
        <ele>905.921425</ele>
        <time>2026-08-17T21:22:55.417Z</time>
      </trkpt>
      <trkpt lat="46.147126" lon="11.771454">
        <ele>905.433038</ele>
        <time>2026-08-17T21:22:56.061Z</time>
      </trkpt>
      <trkpt lat="46.146650" lon="11.771574">
        <ele>900.210508</ele>
        <time>2026-08-17T21:22:58.537Z</time>
      </trkpt>
      <trkpt lat="46.146422" lon="11.771798">
        <ele>897.206926</ele>
        <time>2026-08-17T21:22:59.919Z</time>
      </trkpt>
      <trkpt lat="46.146214" lon="11.772068">
        <ele>894.160459</ele>
        <time>2026-08-17T21:23:01.317Z</time>
      </trkpt>
      <trkpt lat="46.145784" lon="11.772709">
        <ele>887.428517</ele>
        <time>2026-08-17T21:23:04.479Z</time>
      </trkpt>
      <trkpt lat="46.145647" lon="11.773055">
        <ele>885.198082</ele>
        <time>2026-08-17T21:23:05.917Z</time>
      </trkpt>
      <trkpt lat="46.145534" lon="11.773476">
        <ele>883.679654</ele>
        <time>2026-08-17T21:23:07.550Z</time>
      </trkpt>
      <trkpt lat="46.145388" lon="11.774637">
        <ele>879.711225</ele>
        <time>2026-08-17T21:23:12.012Z</time>
      </trkpt>
      <trkpt lat="46.145368" lon="11.774800">
        <ele>879.154498</ele>
        <time>2026-08-17T21:23:12.738Z</time>
      </trkpt>
      <trkpt lat="46.145377" lon="11.775135">
        <ele>878.026990</ele>
        <time>2026-08-17T21:23:14.418Z</time>
      </trkpt>
      <trkpt lat="46.145421" lon="11.775328">
        <ele>877.343661</ele>
        <time>2026-08-17T21:23:15.854Z</time>
      </trkpt>
      <trkpt lat="46.145598" lon="11.775651">
        <ele>878.867234</ele>
        <time>2026-08-17T21:23:20.026Z</time>
      </trkpt>
      <trkpt lat="46.145756" lon="11.775801">
        <ele>880.306321</ele>
        <time>2026-08-17T21:23:23.684Z</time>
      </trkpt>
      <trkpt lat="46.146338" lon="11.776069">
        <ele>884.955042</ele>
        <time>2026-08-17T21:23:42.298Z</time>
      </trkpt>
      <trkpt lat="46.146551" lon="11.776203">
        <ele>886.723158</ele>
        <time>2026-08-17T21:23:51.541Z</time>
      </trkpt>
      <trkpt lat="46.146755" lon="11.776243">
        <ele>888.289778</ele>
        <time>2026-08-17T21:23:59.705Z</time>
      </trkpt>
      <trkpt lat="46.146917" lon="11.776203">
        <ele>889.540444</ele>
        <time>2026-08-17T21:24:05.944Z</time>
      </trkpt>
      <trkpt lat="46.147048" lon="11.776081">
        <ele>890.726791</ele>
        <time>2026-08-17T21:24:11.366Z</time>
      </trkpt>
      <trkpt lat="46.147346" lon="11.775632">
        <ele>891.268897</ele>
        <time>2026-08-17T21:24:23.439Z</time>
      </trkpt>
      <trkpt lat="46.147607" lon="11.775302">
        <ele>891.670275</ele>
        <time>2026-08-17T21:24:30.104Z</time>
      </trkpt>
      <trkpt lat="46.147724" lon="11.775223">
        <ele>891.819696</ele>
        <time>2026-08-17T21:24:32.063Z</time>
      </trkpt>
      <trkpt lat="46.147956" lon="11.775170">
        <ele>892.091413</ele>
        <time>2026-08-17T21:24:35.069Z</time>
      </trkpt>
      <trkpt lat="46.148276" lon="11.775249">
        <ele>892.466963</ele>
        <time>2026-08-17T21:24:37.581Z</time>
      </trkpt>
      <trkpt lat="46.148421" lon="11.775332">
        <ele>892.647406</ele>
        <time>2026-08-17T21:24:38.452Z</time>
      </trkpt>
      <trkpt lat="46.148546" lon="11.775357">
        <ele>892.793387</ele>
        <time>2026-08-17T21:24:39.125Z</time>
      </trkpt>
      <trkpt lat="46.148674" lon="11.775281">
        <ele>891.673316</ele>
        <time>2026-08-17T21:24:39.835Z</time>
      </trkpt>
      <trkpt lat="46.148901" lon="11.774966">
        <ele>887.098162</ele>
        <time>2026-08-17T21:24:41.416Z</time>
      </trkpt>
      <trkpt lat="46.149003" lon="11.774958">
        <ele>885.613956</ele>
        <time>2026-08-17T21:24:41.930Z</time>
      </trkpt>
      <trkpt lat="46.149098" lon="11.774999">
        <ele>884.173268</ele>
        <time>2026-08-17T21:24:42.421Z</time>
      </trkpt>
      <trkpt lat="46.149170" lon="11.775094">
        <ele>882.755939</ele>
        <time>2026-08-17T21:24:42.912Z</time>
      </trkpt>
      <trkpt lat="46.149384" lon="11.775440">
        <ele>878.087135</ele>
        <time>2026-08-17T21:24:44.519Z</time>
      </trkpt>
      <trkpt lat="46.149400" lon="11.775532">
        <ele>877.132345</ele>
        <time>2026-08-17T21:24:44.845Z</time>
      </trkpt>
      <trkpt lat="46.149372" lon="11.775740">
        <ele>874.999494</ele>
        <time>2026-08-17T21:24:45.579Z</time>
      </trkpt>
      <trkpt lat="46.149286" lon="11.776029">
        <ele>871.833455</ele>
        <time>2026-08-17T21:24:46.654Z</time>
      </trkpt>
      <trkpt lat="46.149273" lon="11.776751">
        <ele>864.713872</ele>
        <time>2026-08-17T21:24:49.104Z</time>
      </trkpt>
      <trkpt lat="46.149185" lon="11.777184">
        <ele>860.487675</ele>
        <time>2026-08-17T21:24:50.637Z</time>
      </trkpt>
      <trkpt lat="46.149065" lon="11.777491">
        <ele>857.186353</ele>
        <time>2026-08-17T21:24:51.851Z</time>
      </trkpt>
      <trkpt lat="46.148907" lon="11.777727">
        <ele>854.112634</ele>
        <time>2026-08-17T21:24:52.996Z</time>
      </trkpt>
      <trkpt lat="46.148793" lon="11.777983">
        <ele>851.262433</ele>
        <time>2026-08-17T21:24:54.060Z</time>
      </trkpt>
      <trkpt lat="46.148759" lon="11.778267">
        <ele>848.563161</ele>
        <time>2026-08-17T21:24:55.085Z</time>
      </trkpt>
      <trkpt lat="46.148787" lon="11.778644">
        <ele>845.012073</ele>
        <time>2026-08-17T21:24:56.440Z</time>
      </trkpt>
      <trkpt lat="46.148876" lon="11.779148">
        <ele>841.420350</ele>
        <time>2026-08-17T21:24:58.343Z</time>
      </trkpt>
      <trkpt lat="46.149005" lon="11.779473">
        <ele>839.890376</ele>
        <time>2026-08-17T21:24:59.744Z</time>
      </trkpt>
      <trkpt lat="46.149073" lon="11.779887">
        <ele>838.152436</ele>
        <time>2026-08-17T21:25:01.410Z</time>
      </trkpt>
      <trkpt lat="46.149174" lon="11.780284">
        <ele>836.424932</ele>
        <time>2026-08-17T21:25:03.162Z</time>
      </trkpt>
      <trkpt lat="46.149441" lon="11.780882">
        <ele>833.518957</ele>
        <time>2026-08-17T21:25:06.016Z</time>
      </trkpt>
      <trkpt lat="46.149629" lon="11.781161">
        <ele>831.929176</ele>
        <time>2026-08-17T21:25:07.483Z</time>
      </trkpt>
      <trkpt lat="46.150044" lon="11.781561">
        <ele>828.764852</ele>
        <time>2026-08-17T21:25:10.173Z</time>
      </trkpt>
      <trkpt lat="46.150410" lon="11.781914">
        <ele>825.964971</ele>
        <time>2026-08-17T21:25:12.628Z</time>
      </trkpt>
      <trkpt lat="46.150456" lon="11.782032">
        <ele>825.368331</ele>
        <time>2026-08-17T21:25:13.156Z</time>
      </trkpt>
      <trkpt lat="46.150433" lon="11.782107">
        <ele>825.006910</ele>
        <time>2026-08-17T21:25:13.473Z</time>
      </trkpt>
      <trkpt lat="46.150364" lon="11.782171">
        <ele>824.485221</ele>
        <time>2026-08-17T21:25:13.921Z</time>
      </trkpt>
      <trkpt lat="46.150321" lon="11.782165">
        <ele>824.210434</ele>
        <time>2026-08-17T21:25:14.161Z</time>
      </trkpt>
      <trkpt lat="46.150025" lon="11.781803">
        <ele>821.742759</ele>
        <time>2026-08-17T21:25:16.247Z</time>
      </trkpt>
      <trkpt lat="46.149856" lon="11.781685">
        <ele>820.548639</ele>
        <time>2026-08-17T21:25:17.242Z</time>
      </trkpt>
      <trkpt lat="46.149692" lon="11.781639">
        <ele>819.279519</ele>
        <time>2026-08-17T21:25:18.141Z</time>
      </trkpt>
      <trkpt lat="46.149226" lon="11.781237">
        <ele>815.014900</ele>
        <time>2026-08-17T21:25:21.086Z</time>
      </trkpt>
      <trkpt lat="46.148986" lon="11.780929">
        <ele>812.492174</ele>
        <time>2026-08-17T21:25:22.799Z</time>
      </trkpt>
      <trkpt lat="46.148704" lon="11.780460">
        <ele>809.112495</ele>
        <time>2026-08-17T21:25:25.065Z</time>
      </trkpt>
      <trkpt lat="46.148011" lon="11.779730">
        <ele>802.581833</ele>
        <time>2026-08-17T21:25:29.541Z</time>
      </trkpt>
      <trkpt lat="46.147918" lon="11.779587">
        <ele>801.572103</ele>
        <time>2026-08-17T21:25:30.253Z</time>
      </trkpt>
      <trkpt lat="46.147867" lon="11.779404">
        <ele>800.556625</ele>
        <time>2026-08-17T21:25:30.972Z</time>
      </trkpt>
      <trkpt lat="46.147805" lon="11.779341">
        <ele>799.993196</ele>
        <time>2026-08-17T21:25:31.375Z</time>
      </trkpt>
      <trkpt lat="46.147720" lon="11.779334">
        <ele>799.360539</ele>
        <time>2026-08-17T21:25:31.825Z</time>
      </trkpt>
      <trkpt lat="46.147668" lon="11.779425">
        <ele>798.753261</ele>
        <time>2026-08-17T21:25:32.262Z</time>
      </trkpt>
      <trkpt lat="46.147733" lon="11.779710">
        <ele>797.208576</ele>
        <time>2026-08-17T21:25:33.387Z</time>
      </trkpt>
      <trkpt lat="46.147940" lon="11.780117">
        <ele>794.609281</ele>
        <time>2026-08-17T21:25:35.340Z</time>
      </trkpt>
      <trkpt lat="46.148486" lon="11.781061">
        <ele>788.900365</ele>
        <time>2026-08-17T21:25:40.029Z</time>
      </trkpt>
      <trkpt lat="46.148693" lon="11.781311">
        <ele>787.166439</ele>
        <time>2026-08-17T21:25:41.520Z</time>
      </trkpt>
      <trkpt lat="46.148704" lon="11.781393">
        <ele>786.794704</ele>
        <time>2026-08-17T21:25:41.845Z</time>
      </trkpt>
      <trkpt lat="46.148675" lon="11.781470">
        <ele>786.404633</ele>
        <time>2026-08-17T21:25:42.176Z</time>
      </trkpt>
      <trkpt lat="46.148647" lon="11.781503">
        <ele>786.172407</ele>
        <time>2026-08-17T21:25:42.372Z</time>
      </trkpt>
      <trkpt lat="46.148588" lon="11.781508">
        <ele>785.792720</ele>
        <time>2026-08-17T21:25:42.701Z</time>
      </trkpt>
      <trkpt lat="46.147809" lon="11.780585">
        <ele>779.270231</ele>
        <time>2026-08-17T21:25:48.115Z</time>
      </trkpt>
      <trkpt lat="46.147685" lon="11.780383">
        <ele>778.040248</ele>
        <time>2026-08-17T21:25:49.114Z</time>
      </trkpt>
      <trkpt lat="46.147552" lon="11.779978">
        <ele>775.997641</ele>
        <time>2026-08-17T21:25:50.797Z</time>
      </trkpt>
      <trkpt lat="46.147508" lon="11.779916">
        <ele>775.593146</ele>
        <time>2026-08-17T21:25:51.136Z</time>
      </trkpt>
      <trkpt lat="46.147410" lon="11.779897">
        <ele>774.942692</ele>
        <time>2026-08-17T21:25:51.672Z</time>
      </trkpt>
      <trkpt lat="46.147369" lon="11.779920">
        <ele>774.653332</ele>
        <time>2026-08-17T21:25:51.910Z</time>
      </trkpt>
      <trkpt lat="46.147348" lon="11.780039">
        <ele>774.093681</ele>
        <time>2026-08-17T21:25:52.369Z</time>
      </trkpt>
      <trkpt lat="46.147375" lon="11.780121">
        <ele>773.679912</ele>
        <time>2026-08-17T21:25:52.712Z</time>
      </trkpt>
      <trkpt lat="46.147450" lon="11.780212">
        <ele>773.035391</ele>
        <time>2026-08-17T21:25:53.241Z</time>
      </trkpt>
      <trkpt lat="46.147621" lon="11.780518">
        <ele>771.243698</ele>
        <time>2026-08-17T21:25:54.719Z</time>
      </trkpt>
      <trkpt lat="46.148432" lon="11.782190">
        <ele>762.790791</ele>
        <time>2026-08-17T21:26:02.619Z</time>
      </trkpt>
      <trkpt lat="46.148538" lon="11.782325">
        <ele>761.965572</ele>
        <time>2026-08-17T21:26:03.401Z</time>
      </trkpt>
      <trkpt lat="46.149047" lon="11.782678">
        <ele>758.567181</ele>
        <time>2026-08-17T21:26:06.496Z</time>
      </trkpt>
      <trkpt lat="46.149068" lon="11.782752">
        <ele>758.138745</ele>
        <time>2026-08-17T21:26:06.800Z</time>
      </trkpt>
      <trkpt lat="46.149027" lon="11.782873">
        <ele>757.417087</ele>
        <time>2026-08-17T21:26:07.307Z</time>
      </trkpt>
      <trkpt lat="46.148985" lon="11.782896">
        <ele>757.069694</ele>
        <time>2026-08-17T21:26:07.553Z</time>
      </trkpt>
      <trkpt lat="46.148914" lon="11.782878">
        <ele>756.512215</ele>
        <time>2026-08-17T21:26:07.939Z</time>
      </trkpt>
      <trkpt lat="46.148817" lon="11.782797">
        <ele>755.645587</ele>
        <time>2026-08-17T21:26:08.552Z</time>
      </trkpt>
      <trkpt lat="46.148500" lon="11.782508">
        <ele>752.746057</ele>
        <time>2026-08-17T21:26:10.564Z</time>
      </trkpt>
      <trkpt lat="46.148023" lon="11.782001">
        <ele>748.164991</ele>
        <time>2026-08-17T21:26:13.655Z</time>
      </trkpt>
      <trkpt lat="46.147703" lon="11.781616">
        <ele>744.939731</ele>
        <time>2026-08-17T21:26:15.877Z</time>
      </trkpt>
      <trkpt lat="46.147089" lon="11.780646">
        <ele>737.703788</ele>
        <time>2026-08-17T21:26:20.654Z</time>
      </trkpt>
      <trkpt lat="46.146977" lon="11.780553">
        <ele>736.676673</ele>
        <time>2026-08-17T21:26:21.349Z</time>
      </trkpt>
      <trkpt lat="46.146928" lon="11.780549">
        <ele>736.286543</ele>
        <time>2026-08-17T21:26:21.613Z</time>
      </trkpt>
      <trkpt lat="46.146886" lon="11.780595">
        <ele>735.867445</ele>
        <time>2026-08-17T21:26:21.891Z</time>
      </trkpt>
      <trkpt lat="46.146867" lon="11.780696">
        <ele>735.291071</ele>
        <time>2026-08-17T21:26:22.282Z</time>
      </trkpt>
      <trkpt lat="46.146887" lon="11.780808">
        <ele>734.654098</ele>
        <time>2026-08-17T21:26:22.711Z</time>
      </trkpt>
      <trkpt lat="46.147053" lon="11.781249">
        <ele>731.890077</ele>
        <time>2026-08-17T21:26:24.586Z</time>
      </trkpt>
      <trkpt lat="46.147269" lon="11.781719">
        <ele>729.423469</ele>
        <time>2026-08-17T21:26:26.661Z</time>
      </trkpt>
      <trkpt lat="46.147705" lon="11.782045">
        <ele>726.773680</ele>
        <time>2026-08-17T21:26:29.289Z</time>
      </trkpt>
      <trkpt lat="46.147734" lon="11.782156">
        <ele>726.330161</ele>
        <time>2026-08-17T21:26:29.753Z</time>
      </trkpt>
      <trkpt lat="46.147698" lon="11.782241">
        <ele>725.957697</ele>
        <time>2026-08-17T21:26:30.153Z</time>
      </trkpt>
      <trkpt lat="46.147630" lon="11.782272">
        <ele>725.572872</ele>
        <time>2026-08-17T21:26:30.561Z</time>
      </trkpt>
      <trkpt lat="46.147574" lon="11.782254">
        <ele>725.263269</ele>
        <time>2026-08-17T21:26:30.900Z</time>
      </trkpt>
      <trkpt lat="46.147115" lon="11.781844">
        <ele>722.350363</ele>
        <time>2026-08-17T21:26:34.107Z</time>
      </trkpt>
      <trkpt lat="46.147023" lon="11.781712">
        <ele>721.650337</ele>
        <time>2026-08-17T21:26:34.907Z</time>
      </trkpt>
      <trkpt lat="46.146555" lon="11.780614">
        <ele>716.205998</ele>
        <time>2026-08-17T21:26:40.119Z</time>
      </trkpt>
      <trkpt lat="46.146442" lon="11.780582">
        <ele>715.493008</ele>
        <time>2026-08-17T21:26:40.764Z</time>
      </trkpt>
      <trkpt lat="46.146400" lon="11.780640">
        <ele>715.133111</ele>
        <time>2026-08-17T21:26:41.084Z</time>
      </trkpt>
      <trkpt lat="46.146384" lon="11.780714">
        <ele>714.800577</ele>
        <time>2026-08-17T21:26:41.385Z</time>
      </trkpt>
      <trkpt lat="46.146434" lon="11.780846">
        <ele>714.155239</ele>
        <time>2026-08-17T21:26:41.959Z</time>
      </trkpt>
      <trkpt lat="46.146627" lon="11.781143">
        <ele>712.408495</ele>
        <time>2026-08-17T21:26:43.475Z</time>
      </trkpt>
      <trkpt lat="46.146838" lon="11.781848">
        <ele>708.823543</ele>
        <time>2026-08-17T21:26:46.233Z</time>
      </trkpt>
      <trkpt lat="46.147022" lon="11.782285">
        <ele>705.850970</ele>
        <time>2026-08-17T21:26:48.047Z</time>
      </trkpt>
      <trkpt lat="46.147442" lon="11.782911">
        <ele>700.785460</ele>
        <time>2026-08-17T21:26:51.191Z</time>
      </trkpt>
      <trkpt lat="46.147633" lon="11.783171">
        <ele>698.582664</ele>
        <time>2026-08-17T21:26:52.612Z</time>
      </trkpt>
      <trkpt lat="46.148243" lon="11.784065">
        <ele>691.485690</ele>
        <time>2026-08-17T21:26:57.339Z</time>
      </trkpt>
      <trkpt lat="46.148356" lon="11.784304">
        <ele>689.896949</ele>
        <time>2026-08-17T21:26:58.410Z</time>
      </trkpt>
      <trkpt lat="46.148695" lon="11.785367">
        <ele>683.471702</ele>
        <time>2026-08-17T21:27:02.686Z</time>
      </trkpt>
      <trkpt lat="46.148898" lon="11.785951">
        <ele>679.806568</ele>
        <time>2026-08-17T21:27:05.056Z</time>
      </trkpt>
      <trkpt lat="46.149313" lon="11.786551">
        <ele>674.636844</ele>
        <time>2026-08-17T21:27:08.126Z</time>
      </trkpt>
      <trkpt lat="46.149323" lon="11.786565">
        <ele>674.514232</ele>
        <time>2026-08-17T21:27:08.195Z</time>
      </trkpt>
      <trkpt lat="46.149390" lon="11.786653">
        <ele>673.716952</ele>
        <time>2026-08-17T21:27:08.665Z</time>
      </trkpt>
      <trkpt lat="46.149404" lon="11.786675">
        <ele>673.534804</ele>
        <time>2026-08-17T21:27:08.773Z</time>
      </trkpt>
      <trkpt lat="46.149487" lon="11.786808">
        <ele>672.443329</ele>
        <time>2026-08-17T21:27:09.418Z</time>
      </trkpt>
      <trkpt lat="46.149550" lon="11.786924">
        <ele>671.544587</ele>
        <time>2026-08-17T21:27:09.955Z</time>
      </trkpt>
      <trkpt lat="46.149586" lon="11.787006">
        <ele>670.952653</ele>
        <time>2026-08-17T21:27:10.308Z</time>
      </trkpt>
      <trkpt lat="46.149753" lon="11.787637">
        <ele>666.833974</ele>
        <time>2026-08-17T21:27:12.775Z</time>
      </trkpt>
      <trkpt lat="46.149835" lon="11.787996">
        <ele>664.543240</ele>
        <time>2026-08-17T21:27:14.147Z</time>
      </trkpt>
      <trkpt lat="46.150097" lon="11.789136">
        <ele>657.676589</ele>
        <time>2026-08-17T21:27:18.525Z</time>
      </trkpt>
      <trkpt lat="46.150337" lon="11.790378">
        <ele>650.305065</ele>
        <time>2026-08-17T21:27:23.258Z</time>
      </trkpt>
      <trkpt lat="46.150421" lon="11.790855">
        <ele>647.882088</ele>
        <time>2026-08-17T21:27:25.060Z</time>
      </trkpt>
      <trkpt lat="46.150471" lon="11.791296">
        <ele>645.739603</ele>
        <time>2026-08-17T21:27:26.697Z</time>
      </trkpt>
      <trkpt lat="46.150628" lon="11.792483">
        <ele>639.945798</ele>
        <time>2026-08-17T21:27:31.130Z</time>
      </trkpt>
      <trkpt lat="46.150628" lon="11.793071">
        <ele>637.447204</ele>
        <time>2026-08-17T21:27:33.433Z</time>
      </trkpt>
      <trkpt lat="46.150559" lon="11.793626">
        <ele>637.305553</ele>
        <time>2026-08-17T21:27:36.015Z</time>
      </trkpt>
      <trkpt lat="46.150534" lon="11.793868">
        <ele>637.244087</ele>
        <time>2026-08-17T21:27:37.323Z</time>
      </trkpt>
      <trkpt lat="46.150554" lon="11.794206">
        <ele>637.158867</ele>
        <time>2026-08-17T21:27:39.361Z</time>
      </trkpt>
      <trkpt lat="46.150518" lon="11.794270">
        <ele>637.138157</ele>
        <time>2026-08-17T21:27:39.805Z</time>
      </trkpt>
      <trkpt lat="46.150781" lon="11.794818">
        <ele>636.970684</ele>
        <time>2026-08-17T21:27:44.381Z</time>
      </trkpt>
      <trkpt lat="46.150808" lon="11.794856">
        <ele>636.957009</ele>
        <time>2026-08-17T21:27:44.932Z</time>
      </trkpt>
      <trkpt lat="46.150863" lon="11.794997">
        <ele>636.916359</ele>
        <time>2026-08-17T21:27:46.386Z</time>
      </trkpt>
      <trkpt lat="46.150975" lon="11.795458">
        <ele>636.870136</ele>
        <time>2026-08-17T21:27:52.043Z</time>
      </trkpt>
      <trkpt lat="46.150987" lon="11.795709">
        <ele>637.060621</ele>
        <time>2026-08-17T21:27:54.986Z</time>
      </trkpt>
      <trkpt lat="46.150969" lon="11.795989">
        <ele>637.273521</ele>
        <time>2026-08-17T21:27:58.056Z</time>
      </trkpt>
      <trkpt lat="46.150949" lon="11.796167">
        <ele>637.410047</ele>
        <time>2026-08-17T21:27:59.743Z</time>
      </trkpt>
      <trkpt lat="46.150939" lon="11.796238">
        <ele>637.464901</ele>
        <time>2026-08-17T21:28:00.336Z</time>
      </trkpt>
      <trkpt lat="46.150906" lon="11.796496">
        <ele>637.663535</ele>
        <time>2026-08-17T21:28:02.245Z</time>
      </trkpt>
      <trkpt lat="46.150859" lon="11.796983">
        <ele>638.035807</ele>
        <time>2026-08-17T21:28:05.427Z</time>
      </trkpt>
      <trkpt lat="46.150854" lon="11.797063">
        <ele>638.096621</ele>
        <time>2026-08-17T21:28:05.893Z</time>
      </trkpt>
      <trkpt lat="46.150808" lon="11.797397">
        <ele>638.354444</ele>
        <time>2026-08-17T21:28:08.218Z</time>
      </trkpt>
      <trkpt lat="46.150730" lon="11.797884">
        <ele>638.732881</ele>
        <time>2026-08-17T21:28:11.926Z</time>
      </trkpt>
      <trkpt lat="46.150753" lon="11.798312">
        <ele>638.637763</ele>
        <time>2026-08-17T21:28:14.793Z</time>
      </trkpt>
      <trkpt lat="46.150754" lon="11.798325">
        <ele>638.632780</ele>
        <time>2026-08-17T21:28:14.877Z</time>
      </trkpt>
      <trkpt lat="46.150772" lon="11.798444">
        <ele>638.586380</ele>
        <time>2026-08-17T21:28:15.650Z</time>
      </trkpt>
      <trkpt lat="46.150777" lon="11.798480">
        <ele>638.572393</ele>
        <time>2026-08-17T21:28:16.209Z</time>
      </trkpt>
      <trkpt lat="46.150838" lon="11.798837">
        <ele>638.432319</ele>
        <time>2026-08-17T21:28:21.781Z</time>
      </trkpt>
      <trkpt lat="46.150979" lon="11.799590">
        <ele>638.135172</ele>
        <time>2026-08-17T21:28:33.234Z</time>
      </trkpt>
      <trkpt lat="46.151078" lon="11.799840">
        <ele>638.025474</ele>
        <time>2026-08-17T21:28:37.520Z</time>
      </trkpt>
      <trkpt lat="46.151263" lon="11.800199">
        <ele>637.855028</ele>
        <time>2026-08-17T21:28:43.826Z</time>
      </trkpt>
      <trkpt lat="46.151570" lon="11.800550">
        <ele>637.353342</ele>
        <time>2026-08-17T21:28:51.156Z</time>
      </trkpt>
      <trkpt lat="46.151967" lon="11.800915">
        <ele>636.599324</ele>
        <time>2026-08-17T21:28:59.763Z</time>
      </trkpt>
      <trkpt lat="46.152121" lon="11.801036">
        <ele>636.318445</ele>
        <time>2026-08-17T21:29:03.008Z</time>
      </trkpt>
      <trkpt lat="46.152486" lon="11.801340">
        <ele>635.643385</ele>
        <time>2026-08-17T21:29:10.973Z</time>
      </trkpt>
      <trkpt lat="46.152739" lon="11.801682">
        <ele>635.088129</ele>
        <time>2026-08-17T21:29:17.848Z</time>
      </trkpt>
      <trkpt lat="46.152829" lon="11.801807">
        <ele>634.921950</ele>
        <time>2026-08-17T21:29:20.374Z</time>
      </trkpt>
      <trkpt lat="46.152990" lon="11.802043">
        <ele>635.179813</ele>
        <time>2026-08-17T21:29:25.076Z</time>
      </trkpt>
      <trkpt lat="46.154063" lon="11.803723">
        <ele>636.941964</ele>
        <time>2026-08-17T21:29:50.947Z</time>
      </trkpt>
      <trkpt lat="46.154411" lon="11.804161">
        <ele>637.164816</ele>
        <time>2026-08-17T21:29:58.531Z</time>
      </trkpt>
      <trkpt lat="46.154673" lon="11.804475">
        <ele>637.329180</ele>
        <time>2026-08-17T21:30:03.029Z</time>
      </trkpt>
      <trkpt lat="46.154801" lon="11.804700">
        <ele>637.426529</ele>
        <time>2026-08-17T21:30:05.593Z</time>
      </trkpt>
      <trkpt lat="46.154839" lon="11.804787">
        <ele>637.460918</ele>
        <time>2026-08-17T21:30:06.489Z</time>
      </trkpt>
      <trkpt lat="46.154877" lon="11.804931">
        <ele>637.512442</ele>
        <time>2026-08-17T21:30:07.808Z</time>
      </trkpt>
      <trkpt lat="46.154879" lon="11.804999">
        <ele>637.535198</ele>
        <time>2026-08-17T21:30:08.388Z</time>
      </trkpt>
      <trkpt lat="46.154815" lon="11.805179">
        <ele>637.602848</ele>
        <time>2026-08-17T21:30:10.039Z</time>
      </trkpt>
      <trkpt lat="46.154616" lon="11.805611">
        <ele>637.776314</ele>
        <time>2026-08-17T21:30:13.975Z</time>
      </trkpt>
      <trkpt lat="46.154568" lon="11.805788">
        <ele>637.839498</ele>
        <time>2026-08-17T21:30:15.445Z</time>
      </trkpt>
      <trkpt lat="46.154557" lon="11.805851">
        <ele>637.861032</ele>
        <time>2026-08-17T21:30:15.953Z</time>
      </trkpt>
      <trkpt lat="46.154540" lon="11.805937">
        <ele>637.890673</ele>
        <time>2026-08-17T21:30:16.672Z</time>
      </trkpt>
      <trkpt lat="46.154492" lon="11.806224">
        <ele>637.988528</ele>
        <time>2026-08-17T21:30:18.917Z</time>
      </trkpt>
      <trkpt lat="46.154489" lon="11.806467">
        <ele>638.069079</ele>
        <time>2026-08-17T21:30:20.686Z</time>
      </trkpt>
      <trkpt lat="46.154510" lon="11.806625">
        <ele>638.122401</ele>
        <time>2026-08-17T21:30:21.877Z</time>
      </trkpt>
      <trkpt lat="46.154542" lon="11.806757">
        <ele>638.168753</ele>
        <time>2026-08-17T21:30:23.002Z</time>
      </trkpt>
      <trkpt lat="46.154593" lon="11.806975">
        <ele>638.245015</ele>
        <time>2026-08-17T21:30:25.005Z</time>
      </trkpt>
      <trkpt lat="46.154640" lon="11.807177">
        <ele>638.315640</ele>
        <time>2026-08-17T21:30:27.043Z</time>
      </trkpt>
      <trkpt lat="46.154737" lon="11.807492">
        <ele>638.429893</ele>
        <time>2026-08-17T21:30:30.551Z</time>
      </trkpt>
      <trkpt lat="46.154784" lon="11.807873">
        <ele>638.558156</ele>
        <time>2026-08-17T21:30:34.772Z</time>
      </trkpt>
      <trkpt lat="46.154855" lon="11.808426">
        <ele>639.088543</ele>
        <time>2026-08-17T21:30:40.014Z</time>
      </trkpt>
      <trkpt lat="46.154923" lon="11.808973">
        <ele>640.005274</ele>
        <time>2026-08-17T21:30:45.454Z</time>
      </trkpt>
      <trkpt lat="46.155317" lon="11.811880">
        <ele>644.162002</ele>
        <time>2026-08-17T21:31:16.711Z</time>
      </trkpt>
      <trkpt lat="46.155465" lon="11.812653">
        <ele>644.990090</ele>
        <time>2026-08-17T21:31:22.512Z</time>
      </trkpt>
      <trkpt lat="46.155671" lon="11.813258">
        <ele>645.661701</ele>
        <time>2026-08-17T21:31:26.810Z</time>
      </trkpt>
      <trkpt lat="46.155864" lon="11.813728">
        <ele>646.009762</ele>
        <time>2026-08-17T21:31:30.718Z</time>
      </trkpt>
      <trkpt lat="46.155866" lon="11.814006">
        <ele>646.186867</ele>
        <time>2026-08-17T21:31:33.347Z</time>
      </trkpt>
      <trkpt lat="46.155808" lon="11.814087">
        <ele>646.261080</ele>
        <time>2026-08-17T21:31:34.163Z</time>
      </trkpt>
      <trkpt lat="46.155798" lon="11.814141">
        <ele>646.296688</ele>
        <time>2026-08-17T21:31:34.580Z</time>
      </trkpt>
      <trkpt lat="46.155819" lon="11.814248">
        <ele>646.367533</ele>
        <time>2026-08-17T21:31:35.310Z</time>
      </trkpt>
      <trkpt lat="46.155844" lon="11.814283">
        <ele>646.399560</ele>
        <time>2026-08-17T21:31:35.706Z</time>
      </trkpt>
      <trkpt lat="46.155910" lon="11.814311">
        <ele>646.462822</ele>
        <time>2026-08-17T21:31:36.456Z</time>
      </trkpt>
      <trkpt lat="46.155965" lon="11.814371">
        <ele>646.526220</ele>
        <time>2026-08-17T21:31:37.177Z</time>
      </trkpt>
      <trkpt lat="46.156118" lon="11.814454">
        <ele>646.676531</ele>
        <time>2026-08-17T21:31:39.027Z</time>
      </trkpt>
      <trkpt lat="46.156258" lon="11.814637">
        <ele>646.850216</ele>
        <time>2026-08-17T21:31:41.903Z</time>
      </trkpt>
      <trkpt lat="46.156446" lon="11.815091">
        <ele>647.187164</ele>
        <time>2026-08-17T21:31:47.266Z</time>
      </trkpt>
      <trkpt lat="46.156404" lon="11.815126">
        <ele>647.231762</ele>
        <time>2026-08-17T21:31:47.817Z</time>
      </trkpt>
      <trkpt lat="46.156250" lon="11.814886">
        <ele>647.852770</ele>
        <time>2026-08-17T21:31:50.900Z</time>
      </trkpt>
      <trkpt lat="46.156194" lon="11.814707">
        <ele>648.293111</ele>
        <time>2026-08-17T21:31:52.875Z</time>
      </trkpt>
      <trkpt lat="46.156154" lon="11.814654">
        <ele>648.468838</ele>
        <time>2026-08-17T21:31:53.673Z</time>
      </trkpt>
      <trkpt lat="46.156087" lon="11.814652">
        <ele>648.685734</ele>
        <time>2026-08-17T21:31:54.593Z</time>
      </trkpt>
      <trkpt lat="46.155889" lon="11.814969">
        <ele>649.642695</ele>
        <time>2026-08-17T21:31:58.759Z</time>
      </trkpt>
      <trkpt lat="46.155878" lon="11.814985">
        <ele>649.693235</ele>
        <time>2026-08-17T21:31:59.002Z</time>
      </trkpt>
      <trkpt lat="46.156053" lon="11.815318">
        <ele>650.630349</ele>
        <time>2026-08-17T21:32:04.429Z</time>
      </trkpt>
      <trkpt lat="46.156480" lon="11.816379">
        <ele>653.460701</ele>
        <time>2026-08-17T21:32:24.073Z</time>
      </trkpt>
      <trkpt lat="46.157077" lon="11.817750">
        <ele>658.106703</ele>
        <time>2026-08-17T21:32:51.496Z</time>
      </trkpt>
      <trkpt lat="46.157861" lon="11.819168">
        <ele>661.208201</ele>
        <time>2026-08-17T21:33:14.721Z</time>
      </trkpt>
      <trkpt lat="46.158304" lon="11.819767">
        <ele>661.809072</ele>
        <time>2026-08-17T21:33:22.560Z</time>
      </trkpt>
      <trkpt lat="46.158392" lon="11.819725">
        <ele>661.900826</ele>
        <time>2026-08-17T21:33:23.657Z</time>
      </trkpt>
      <trkpt lat="46.158468" lon="11.819730">
        <ele>661.976142</ele>
        <time>2026-08-17T21:33:24.541Z</time>
      </trkpt>
      <trkpt lat="46.158976" lon="11.820220">
        <ele>662.471717</ele>
        <time>2026-08-17T21:33:31.261Z</time>
      </trkpt>
      <trkpt lat="46.159598" lon="11.820747">
        <ele>662.877287</ele>
        <time>2026-08-17T21:33:39.316Z</time>
      </trkpt>
      <trkpt lat="46.160249" lon="11.821246">
        <ele>663.291778</ele>
        <time>2026-08-17T21:33:50.088Z</time>
      </trkpt>
      <trkpt lat="46.160450" lon="11.821375">
        <ele>663.936362</ele>
        <time>2026-08-17T21:33:54.014Z</time>
      </trkpt>
      <trkpt lat="46.160664" lon="11.821463">
        <ele>664.919623</ele>
        <time>2026-08-17T21:33:58.384Z</time>
      </trkpt>
      <trkpt lat="46.160939" lon="11.821549">
        <ele>666.163009</ele>
        <time>2026-08-17T21:34:04.493Z</time>
      </trkpt>
      <trkpt lat="46.161335" lon="11.821605">
        <ele>667.921279</ele>
        <time>2026-08-17T21:34:14.015Z</time>
      </trkpt>
      <trkpt lat="46.162012" lon="11.821635">
        <ele>670.914302</ele>
        <time>2026-08-17T21:34:31.611Z</time>
      </trkpt>
      <trkpt lat="46.162460" lon="11.821606">
        <ele>672.835870</ele>
        <time>2026-08-17T21:34:43.124Z</time>
      </trkpt>
      <trkpt lat="46.163130" lon="11.821694">
        <ele>675.697687</ele>
        <time>2026-08-17T21:34:59.274Z</time>
      </trkpt>
      <trkpt lat="46.164118" lon="11.821711">
        <ele>679.400293</ele>
        <time>2026-08-17T21:35:18.736Z</time>
      </trkpt>
      <trkpt lat="46.164558" lon="11.821770">
        <ele>680.302220</ele>
        <time>2026-08-17T21:35:26.334Z</time>
      </trkpt>
      <trkpt lat="46.165327" lon="11.822004">
        <ele>681.906267</ele>
        <time>2026-08-17T21:35:39.195Z</time>
      </trkpt>
      <trkpt lat="46.166243" lon="11.821871">
        <ele>683.637167</ele>
        <time>2026-08-17T21:35:53.739Z</time>
      </trkpt>
      <trkpt lat="46.166761" lon="11.822169">
        <ele>684.631840</ele>
        <time>2026-08-17T21:36:02.787Z</time>
      </trkpt>
      <trkpt lat="46.167652" lon="11.822469">
        <ele>686.499169</ele>
        <time>2026-08-17T21:36:17.921Z</time>
      </trkpt>
      <trkpt lat="46.168930" lon="11.822750">
        <ele>690.022857</ele>
        <time>2026-08-17T21:36:41.651Z</time>
      </trkpt>
      <trkpt lat="46.169378" lon="11.823039">
        <ele>691.849761</ele>
        <time>2026-08-17T21:36:51.832Z</time>
      </trkpt>
      <trkpt lat="46.169967" lon="11.823716">
        <ele>695.472669</ele>
        <time>2026-08-17T21:37:09.836Z</time>
      </trkpt>
      <trkpt lat="46.170218" lon="11.824302">
        <ele>697.769023</ele>
        <time>2026-08-17T21:37:22.720Z</time>
      </trkpt>
      <trkpt lat="46.170552" lon="11.825419">
        <ele>700.302699</ele>
        <time>2026-08-17T21:37:43.068Z</time>
      </trkpt>
      <trkpt lat="46.170737" lon="11.825926">
        <ele>701.025291</ele>
        <time>2026-08-17T21:37:50.325Z</time>
      </trkpt>
      <trkpt lat="46.171223" lon="11.826841">
        <ele>702.479285</ele>
        <time>2026-08-17T21:37:59.832Z</time>
      </trkpt>
      <trkpt lat="46.171304" lon="11.827148">
        <ele>702.640478</ele>
        <time>2026-08-17T21:38:01.996Z</time>
      </trkpt>
      <trkpt lat="46.171430" lon="11.827254">
        <ele>702.628019</ele>
        <time>2026-08-17T21:38:03.373Z</time>
      </trkpt>
      <trkpt lat="46.172037" lon="11.827955">
        <ele>702.561610</ele>
        <time>2026-08-17T21:38:11.413Z</time>
      </trkpt>
      <trkpt lat="46.172088" lon="11.828043">
        <ele>702.554821</ele>
        <time>2026-08-17T21:38:12.161Z</time>
      </trkpt>
      <trkpt lat="46.173285" lon="11.829364">
        <ele>703.708455</ele>
        <time>2026-08-17T21:38:30.680Z</time>
      </trkpt>
      <trkpt lat="46.173944" lon="11.830008">
        <ele>704.850659</ele>
        <time>2026-08-17T21:38:40.273Z</time>
      </trkpt>
      <trkpt lat="46.174171" lon="11.830177">
        <ele>705.282756</ele>
        <time>2026-08-17T21:38:43.503Z</time>
      </trkpt>
      <trkpt lat="46.174356" lon="11.830303">
        <ele>705.716475</ele>
        <time>2026-08-17T21:38:46.254Z</time>
      </trkpt>
      <trkpt lat="46.174416" lon="11.830505">
        <ele>706.039212</ele>
        <time>2026-08-17T21:38:48.395Z</time>
      </trkpt>
      <trkpt lat="46.174532" lon="11.830857">
        <ele>706.611606</ele>
        <time>2026-08-17T21:38:52.227Z</time>
      </trkpt>
      <trkpt lat="46.174535" lon="11.830928">
        <ele>706.716050</ele>
        <time>2026-08-17T21:38:52.903Z</time>
      </trkpt>
      <trkpt lat="46.174538" lon="11.831017">
        <ele>706.846886</ele>
        <time>2026-08-17T21:38:53.683Z</time>
      </trkpt>
      <trkpt lat="46.174566" lon="11.831059">
        <ele>706.932490</ele>
        <time>2026-08-17T21:38:54.181Z</time>
      </trkpt>
      <trkpt lat="46.174721" lon="11.831302">
        <ele>707.417598</ele>
        <time>2026-08-17T21:38:57.022Z</time>
      </trkpt>
      <trkpt lat="46.174927" lon="11.831527">
        <ele>707.965272</ele>
        <time>2026-08-17T21:39:00.579Z</time>
      </trkpt>
      <trkpt lat="46.175244" lon="11.831706">
        <ele>708.687005</ele>
        <time>2026-08-17T21:39:05.976Z</time>
      </trkpt>
      <trkpt lat="46.175387" lon="11.831416">
        <ele>709.350606</ele>
        <time>2026-08-17T21:39:13.295Z</time>
      </trkpt>
      <trkpt lat="46.175459" lon="11.831174">
        <ele>709.909828</ele>
        <time>2026-08-17T21:39:18.706Z</time>
      </trkpt>
      <trkpt lat="46.175501" lon="11.831217">
        <ele>710.067684</ele>
        <time>2026-08-17T21:39:19.585Z</time>
      </trkpt>
      <trkpt lat="46.175639" lon="11.831345">
        <ele>710.570567</ele>
        <time>2026-08-17T21:39:22.288Z</time>
      </trkpt>
      <trkpt lat="46.175925" lon="11.831782">
        <ele>711.847208</ele>
        <time>2026-08-17T21:39:30.195Z</time>
      </trkpt>
      <trkpt lat="46.177068" lon="11.833532">
        <ele>717.144605</ele>
        <time>2026-08-17T21:40:03.399Z</time>
      </trkpt>
      <trkpt lat="46.178019" lon="11.834976">
        <ele>721.737413</ele>
        <time>2026-08-17T21:40:31.137Z</time>
      </trkpt>
      <trkpt lat="46.178238" lon="11.835309">
        <ele>722.820937</ele>
        <time>2026-08-17T21:40:37.477Z</time>
      </trkpt>
      <trkpt lat="46.178871" lon="11.836307">
        <ele>726.013990</ele>
        <time>2026-08-17T21:40:56.522Z</time>
      </trkpt>
      <trkpt lat="46.179264" lon="11.837046">
        <ele>728.480495</ele>
        <time>2026-08-17T21:41:10.031Z</time>
      </trkpt>
      <trkpt lat="46.179492" lon="11.837548">
        <ele>730.114044</ele>
        <time>2026-08-17T21:41:19.003Z</time>
      </trkpt>
      <trkpt lat="46.179606" lon="11.837877">
        <ele>731.115069</ele>
        <time>2026-08-17T21:41:24.649Z</time>
      </trkpt>
      <trkpt lat="46.179679" lon="11.837975">
        <ele>731.506727</ele>
        <time>2026-08-17T21:41:26.913Z</time>
      </trkpt>
      <trkpt lat="46.179780" lon="11.837979">
        <ele>731.903777</ele>
        <time>2026-08-17T21:41:28.760Z</time>
      </trkpt>
      <trkpt lat="46.180003" lon="11.837973">
        <ele>732.780254</ele>
        <time>2026-08-17T21:41:33.040Z</time>
      </trkpt>
      <trkpt lat="46.180140" lon="11.837986">
        <ele>733.319784</ele>
        <time>2026-08-17T21:41:35.667Z</time>
      </trkpt>
      <trkpt lat="46.180298" lon="11.837947">
        <ele>733.945561</ele>
        <time>2026-08-17T21:41:38.722Z</time>
      </trkpt>
      <trkpt lat="46.180307" lon="11.838046">
        <ele>734.214564</ele>
        <time>2026-08-17T21:41:39.975Z</time>
      </trkpt>
      <trkpt lat="46.180855" lon="11.840327">
        <ele>740.723608</ele>
        <time>2026-08-17T21:42:10.374Z</time>
      </trkpt>
      <trkpt lat="46.180879" lon="11.840426">
        <ele>741.012858</ele>
        <time>2026-08-17T21:42:11.586Z</time>
      </trkpt>
      <trkpt lat="46.180888" lon="11.840461">
        <ele>741.115815</ele>
        <time>2026-08-17T21:42:12.033Z</time>
      </trkpt>
      <trkpt lat="46.180993" lon="11.840797">
        <ele>742.132362</ele>
        <time>2026-08-17T21:42:16.437Z</time>
      </trkpt>
      <trkpt lat="46.181081" lon="11.840990">
        <ele>742.769611</ele>
        <time>2026-08-17T21:42:19.254Z</time>
      </trkpt>
      <trkpt lat="46.181306" lon="11.841329">
        <ele>744.064562</ele>
        <time>2026-08-17T21:42:25.059Z</time>
      </trkpt>
      <trkpt lat="46.181965" lon="11.842295">
        <ele>747.824424</ele>
        <time>2026-08-17T21:42:42.901Z</time>
      </trkpt>
      <trkpt lat="46.182745" lon="11.843309">
        <ele>752.771239</ele>
        <time>2026-08-17T21:43:03.995Z</time>
      </trkpt>
      <trkpt lat="46.183217" lon="11.843942">
        <ele>755.807403</ele>
        <time>2026-08-17T21:43:16.398Z</time>
      </trkpt>
      <trkpt lat="46.183512" lon="11.844320">
        <ele>758.354629</ele>
        <time>2026-08-17T21:43:25.193Z</time>
      </trkpt>
      <trkpt lat="46.183808" lon="11.844657">
        <ele>760.949685</ele>
        <time>2026-08-17T21:43:34.565Z</time>
      </trkpt>
      <trkpt lat="46.184960" lon="11.845670">
        <ele>770.321022</ele>
        <time>2026-08-17T21:44:11.620Z</time>
      </trkpt>
      <trkpt lat="46.185098" lon="11.845852">
        <ele>771.672985</ele>
        <time>2026-08-17T21:44:16.558Z</time>
      </trkpt>
      <trkpt lat="46.185175" lon="11.846204">
        <ele>773.521999</ele>
        <time>2026-08-17T21:44:23.293Z</time>
      </trkpt>
      <trkpt lat="46.185341" lon="11.847322">
        <ele>779.249167</ele>
        <time>2026-08-17T21:44:42.312Z</time>
      </trkpt>
      <trkpt lat="46.185461" lon="11.847985">
        <ele>783.039468</ele>
        <time>2026-08-17T21:44:55.023Z</time>
      </trkpt>
      <trkpt lat="46.185590" lon="11.848891">
        <ele>789.162396</ele>
        <time>2026-08-17T21:45:16.015Z</time>
      </trkpt>
      <trkpt lat="46.185624" lon="11.849025">
        <ele>790.107124</ele>
        <time>2026-08-17T21:45:19.463Z</time>
      </trkpt>
      <trkpt lat="46.185704" lon="11.849158">
        <ele>791.273411</ele>
        <time>2026-08-17T21:45:23.787Z</time>
      </trkpt>
      <trkpt lat="46.185986" lon="11.849488">
        <ele>794.743592</ele>
        <time>2026-08-17T21:45:36.741Z</time>
      </trkpt>
      <trkpt lat="46.186128" lon="11.849714">
        <ele>796.763872</ele>
        <time>2026-08-17T21:45:43.603Z</time>
      </trkpt>
      <trkpt lat="46.186537" lon="11.850507">
        <ele>802.561879</ele>
        <time>2026-08-17T21:46:04.726Z</time>
      </trkpt>
      <trkpt lat="46.186568" lon="11.850567">
        <ele>802.975882</ele>
        <time>2026-08-17T21:46:06.316Z</time>
      </trkpt>
      <trkpt lat="46.186608" lon="11.850684">
        <ele>803.697467</ele>
        <time>2026-08-17T21:46:08.964Z</time>
      </trkpt>
      <trkpt lat="46.186644" lon="11.850993">
        <ele>805.430225</ele>
        <time>2026-08-17T21:46:14.936Z</time>
      </trkpt>
      <trkpt lat="46.186631" lon="11.851184">
        <ele>806.491522</ele>
        <time>2026-08-17T21:46:18.378Z</time>
      </trkpt>
      <trkpt lat="46.186570" lon="11.851365">
        <ele>807.604725</ele>
        <time>2026-08-17T21:46:21.814Z</time>
      </trkpt>
      <trkpt lat="46.186395" lon="11.851602">
        <ele>809.520849</ele>
        <time>2026-08-17T21:46:27.387Z</time>
      </trkpt>
      <trkpt lat="46.186258" lon="11.851615">
        <ele>810.617502</ele>
        <time>2026-08-17T21:46:30.605Z</time>
      </trkpt>
      <trkpt lat="46.185841" lon="11.851138">
        <ele>815.510837</ele>
        <time>2026-08-17T21:46:44.429Z</time>
      </trkpt>
      <trkpt lat="46.185603" lon="11.850881">
        <ele>818.767190</ele>
        <time>2026-08-17T21:46:54.667Z</time>
      </trkpt>
      <trkpt lat="46.185565" lon="11.850882">
        <ele>819.183678</ele>
        <time>2026-08-17T21:46:56.090Z</time>
      </trkpt>
      <trkpt lat="46.185524" lon="11.850931">
        <ele>819.766827</ele>
        <time>2026-08-17T21:46:58.020Z</time>
      </trkpt>
      <trkpt lat="46.185507" lon="11.851006">
        <ele>820.365555</ele>
        <time>2026-08-17T21:46:59.949Z</time>
      </trkpt>
      <trkpt lat="46.185525" lon="11.851116">
        <ele>821.223093</ele>
        <time>2026-08-17T21:47:02.860Z</time>
      </trkpt>
      <trkpt lat="46.185768" lon="11.851560">
        <ele>825.517025</ele>
        <time>2026-08-17T21:47:17.022Z</time>
      </trkpt>
      <trkpt lat="46.186084" lon="11.852693">
        <ele>834.819306</ele>
        <time>2026-08-17T21:47:51.096Z</time>
      </trkpt>
      <trkpt lat="46.186103" lon="11.852814">
        <ele>835.777704</ele>
        <time>2026-08-17T21:47:54.646Z</time>
      </trkpt>
      <trkpt lat="46.186076" lon="11.852954">
        <ele>836.900304</ele>
        <time>2026-08-17T21:47:58.725Z</time>
      </trkpt>
      <trkpt lat="46.186029" lon="11.853003">
        <ele>837.547029</ele>
        <time>2026-08-17T21:48:01.053Z</time>
      </trkpt>
      <trkpt lat="46.185981" lon="11.852996">
        <ele>838.085306</ele>
        <time>2026-08-17T21:48:02.969Z</time>
      </trkpt>
      <trkpt lat="46.185422" lon="11.852270">
        <ele>846.472765</ele>
        <time>2026-08-17T21:48:30.406Z</time>
      </trkpt>
      <trkpt lat="46.185340" lon="11.852311">
        <ele>847.440936</ele>
        <time>2026-08-17T21:48:33.284Z</time>
      </trkpt>
      <trkpt lat="46.185308" lon="11.852435">
        <ele>848.463161</ele>
        <time>2026-08-17T21:48:36.277Z</time>
      </trkpt>
      <trkpt lat="46.185315" lon="11.852501">
        <ele>848.978930</ele>
        <time>2026-08-17T21:48:37.768Z</time>
      </trkpt>
      <trkpt lat="46.185803" lon="11.853511">
        <ele>857.914319</ele>
        <time>2026-08-17T21:49:03.781Z</time>
      </trkpt>
      <trkpt lat="46.186822" lon="11.854842">
        <ele>872.168875</ele>
        <time>2026-08-17T21:49:48.762Z</time>
      </trkpt>
      <trkpt lat="46.186934" lon="11.855011">
        <ele>874.893961</ele>
        <time>2026-08-17T21:49:54.816Z</time>
      </trkpt>
      <trkpt lat="46.187105" lon="11.855469">
        <ele>880.955141</ele>
        <time>2026-08-17T21:50:09.588Z</time>
      </trkpt>
      <trkpt lat="46.187299" lon="11.856056">
        <ele>888.531692</ele>
        <time>2026-08-17T21:50:31.298Z</time>
      </trkpt>
      <trkpt lat="46.187356" lon="11.856387">
        <ele>892.504671</ele>
        <time>2026-08-17T21:50:44.128Z</time>
      </trkpt>
      <trkpt lat="46.187365" lon="11.856582">
        <ele>894.781075</ele>
        <time>2026-08-17T21:50:51.634Z</time>
      </trkpt>
      <trkpt lat="46.187316" lon="11.858035">
        <ele>913.601284</ele>
        <time>2026-08-17T21:51:55.722Z</time>
      </trkpt>
      <trkpt lat="46.187297" lon="11.858186">
        <ele>915.706349</ele>
        <time>2026-08-17T21:52:02.509Z</time>
      </trkpt>
      <trkpt lat="46.187142" lon="11.858614">
        <ele>922.331553</ele>
        <time>2026-08-17T21:52:23.851Z</time>
      </trkpt>
      <trkpt lat="46.186696" lon="11.859326">
        <ele>935.501733</ele>
        <time>2026-08-17T21:53:00.515Z</time>
      </trkpt>
      <trkpt lat="46.186531" lon="11.859731">
        <ele>937.638057</ele>
        <time>2026-08-17T21:53:10.510Z</time>
      </trkpt>
      <trkpt lat="46.186502" lon="11.859900">
        <ele>938.027952</ele>
        <time>2026-08-17T21:53:12.796Z</time>
      </trkpt>
      <trkpt lat="46.186511" lon="11.860105">
        <ele>938.487933</ele>
        <time>2026-08-17T21:53:14.701Z</time>
      </trkpt>
      <trkpt lat="46.186603" lon="11.860332">
        <ele>939.076953</ele>
        <time>2026-08-17T21:53:16.289Z</time>
      </trkpt>
      <trkpt lat="46.186757" lon="11.860528">
        <ele>939.740849</ele>
        <time>2026-08-17T21:53:17.684Z</time>
      </trkpt>
      <trkpt lat="46.186942" lon="11.860646">
        <ele>940.394982</ele>
        <time>2026-08-17T21:53:18.901Z</time>
      </trkpt>
      <trkpt lat="46.187187" lon="11.860651">
        <ele>941.187522</ele>
        <time>2026-08-17T21:53:20.371Z</time>
      </trkpt>
      <trkpt lat="46.187500" lon="11.860380">
        <ele>942.367875</ele>
        <time>2026-08-17T21:53:22.926Z</time>
      </trkpt>
      <trkpt lat="46.188023" lon="11.860135">
        <ele>948.748276</ele>
        <time>2026-08-17T21:53:35.011Z</time>
      </trkpt>
      <trkpt lat="46.188158" lon="11.860188">
        <ele>950.560739</ele>
        <time>2026-08-17T21:53:40.843Z</time>
      </trkpt>
      <trkpt lat="46.188514" lon="11.860662">
        <ele>956.833411</ele>
        <time>2026-08-17T21:54:05.857Z</time>
      </trkpt>
      <trkpt lat="46.188645" lon="11.860800">
        <ele>958.933989</ele>
        <time>2026-08-17T21:54:15.158Z</time>
      </trkpt>
      <trkpt lat="46.189105" lon="11.860844">
        <ele>964.906644</ele>
        <time>2026-08-17T21:54:41.571Z</time>
      </trkpt>
      <trkpt lat="46.189807" lon="11.861292">
        <ele>972.303514</ele>
        <time>2026-08-17T21:55:14.089Z</time>
      </trkpt>
      <trkpt lat="46.189895" lon="11.861420">
        <ele>973.460265</ele>
        <time>2026-08-17T21:55:17.657Z</time>
      </trkpt>
      <trkpt lat="46.189860" lon="11.861550">
        <ele>974.354680</ele>
        <time>2026-08-17T21:55:20.119Z</time>
      </trkpt>
      <trkpt lat="46.189766" lon="11.861576">
        <ele>975.241187</ele>
        <time>2026-08-17T21:55:22.423Z</time>
      </trkpt>
      <trkpt lat="46.189444" lon="11.861495">
        <ele>978.268646</ele>
        <time>2026-08-17T21:55:29.031Z</time>
      </trkpt>
      <trkpt lat="46.189358" lon="11.861498">
        <ele>979.065466</ele>
        <time>2026-08-17T21:55:30.664Z</time>
      </trkpt>
      <trkpt lat="46.189182" lon="11.861580">
        <ele>980.778391</ele>
        <time>2026-08-17T21:55:34.123Z</time>
      </trkpt>
      <trkpt lat="46.189044" lon="11.861731">
        <ele>982.381964</ele>
        <time>2026-08-17T21:55:37.272Z</time>
      </trkpt>
      <trkpt lat="46.188994" lon="11.861840">
        <ele>983.178489</ele>
        <time>2026-08-17T21:55:38.860Z</time>
      </trkpt>
      <trkpt lat="46.188941" lon="11.862010">
        <ele>984.296007</ele>
        <time>2026-08-17T21:55:41.297Z</time>
      </trkpt>
      <trkpt lat="46.188920" lon="11.862337">
        <ele>986.264420</ele>
        <time>2026-08-17T21:55:46.147Z</time>
      </trkpt>
      <trkpt lat="46.188963" lon="11.862931">
        <ele>989.844193</ele>
        <time>2026-08-17T21:55:57.217Z</time>
      </trkpt>
      <trkpt lat="46.188958" lon="11.863366">
        <ele>992.451887</ele>
        <time>2026-08-17T21:56:07.430Z</time>
      </trkpt>
      <trkpt lat="46.188940" lon="11.863433">
        <ele>992.882656</ele>
        <time>2026-08-17T21:56:09.264Z</time>
      </trkpt>
      <trkpt lat="46.188863" lon="11.863538">
        <ele>993.799470</ele>
        <time>2026-08-17T21:56:13.220Z</time>
      </trkpt>
      <trkpt lat="46.188631" lon="11.863753">
        <ele>996.186003</ele>
        <time>2026-08-17T21:56:23.767Z</time>
      </trkpt>
      <trkpt lat="46.188593" lon="11.863865">
        <ele>996.933609</ele>
        <time>2026-08-17T21:56:27.062Z</time>
      </trkpt>
      <trkpt lat="46.188616" lon="11.863953">
        <ele>997.497412</ele>
        <time>2026-08-17T21:56:29.542Z</time>
      </trkpt>
      <trkpt lat="46.188679" lon="11.864006">
        <ele>998.128640</ele>
        <time>2026-08-17T21:56:32.266Z</time>
      </trkpt>
      <trkpt lat="46.189050" lon="11.863929">
        <ele>1001.586412</ele>
        <time>2026-08-17T21:56:45.949Z</time>
      </trkpt>
      <trkpt lat="46.189128" lon="11.863952">
        <ele>1002.321143</ele>
        <time>2026-08-17T21:56:48.729Z</time>
      </trkpt>
      <trkpt lat="46.189180" lon="11.864006">
        <ele>1002.912214</ele>
        <time>2026-08-17T21:56:50.929Z</time>
      </trkpt>
      <trkpt lat="46.189191" lon="11.864085">
        <ele>1003.427073</ele>
        <time>2026-08-17T21:56:52.816Z</time>
      </trkpt>
      <trkpt lat="46.189159" lon="11.864206">
        <ele>1004.254663</ele>
        <time>2026-08-17T21:56:55.766Z</time>
      </trkpt>
      <trkpt lat="46.188982" lon="11.864348">
        <ele>1006.123285</ele>
        <time>2026-08-17T21:57:02.150Z</time>
      </trkpt>
      <trkpt lat="46.188454" lon="11.864571">
        <ele>1011.200377</ele>
        <time>2026-08-17T21:57:18.027Z</time>
      </trkpt>
      <trkpt lat="46.188035" lon="11.864619">
        <ele>1015.129113</ele>
        <time>2026-08-17T21:57:29.001Z</time>
      </trkpt>
      <trkpt lat="46.187932" lon="11.864665">
        <ele>1016.274055</ele>
        <time>2026-08-17T21:57:31.669Z</time>
      </trkpt>
      <trkpt lat="46.187733" lon="11.864802">
        <ele>1018.615179</ele>
        <time>2026-08-17T21:57:37.114Z</time>
      </trkpt>
      <trkpt lat="46.187506" lon="11.865035">
        <ele>1021.572570</ele>
        <time>2026-08-17T21:57:44.904Z</time>
      </trkpt>
      <trkpt lat="46.187243" lon="11.865155">
        <ele>1024.501645</ele>
        <time>2026-08-17T21:57:53.488Z</time>
      </trkpt>
      <trkpt lat="46.187155" lon="11.865315">
        <ele>1026.004045</ele>
        <time>2026-08-17T21:57:58.213Z</time>
      </trkpt>
      <trkpt lat="46.187114" lon="11.865623">
        <ele>1028.310016</ele>
        <time>2026-08-17T21:58:06.018Z</time>
      </trkpt>
      <trkpt lat="46.187059" lon="11.866268">
        <ele>1033.088049</ele>
        <time>2026-08-17T21:58:24.819Z</time>
      </trkpt>
      <trkpt lat="46.186902" lon="11.866936">
        <ele>1041.151068</ele>
        <time>2026-08-17T21:58:48.069Z</time>
      </trkpt>
      <trkpt lat="46.186322" lon="11.868677">
        <ele>1064.596003</ele>
        <time>2026-08-17T22:00:02.526Z</time>
      </trkpt>
      <trkpt lat="46.186288" lon="11.869104">
        <ele>1068.065825</ele>
        <time>2026-08-17T22:00:17.920Z</time>
      </trkpt>
      <trkpt lat="46.186232" lon="11.869330">
        <ele>1069.831593</ele>
        <time>2026-08-17T22:00:25.577Z</time>
      </trkpt>
      <trkpt lat="46.186173" lon="11.869402">
        <ele>1070.652281</ele>
        <time>2026-08-17T22:00:28.922Z</time>
      </trkpt>
      <trkpt lat="46.186099" lon="11.869437">
        <ele>1071.479643</ele>
        <time>2026-08-17T22:00:32.048Z</time>
      </trkpt>
      <trkpt lat="46.185860" lon="11.869435">
        <ele>1074.019166</ele>
        <time>2026-08-17T22:00:40.526Z</time>
      </trkpt>
      <trkpt lat="46.185719" lon="11.869485">
        <ele>1075.561842</ele>
        <time>2026-08-17T22:00:44.878Z</time>
      </trkpt>
      <trkpt lat="46.185672" lon="11.869561">
        <ele>1076.311482</ele>
        <time>2026-08-17T22:00:46.816Z</time>
      </trkpt>
      <trkpt lat="46.185653" lon="11.869660">
        <ele>1077.067214</ele>
        <time>2026-08-17T22:00:48.733Z</time>
      </trkpt>
      <trkpt lat="46.185662" lon="11.869760">
        <ele>1077.809028</ele>
        <time>2026-08-17T22:00:50.545Z</time>
      </trkpt>
      <trkpt lat="46.185699" lon="11.869842">
        <ele>1078.529045</ele>
        <time>2026-08-17T22:00:52.352Z</time>
      </trkpt>
      <trkpt lat="46.185768" lon="11.869887">
        <ele>1079.333469</ele>
        <time>2026-08-17T22:00:54.338Z</time>
      </trkpt>
      <trkpt lat="46.186114" lon="11.869882">
        <ele>1083.010055</ele>
        <time>2026-08-17T22:01:02.893Z</time>
      </trkpt>
      <trkpt lat="46.186270" lon="11.869943">
        <ele>1084.667026</ele>
        <time>2026-08-17T22:01:06.270Z</time>
      </trkpt>
      <trkpt lat="46.186318" lon="11.870031">
        <ele>1085.282187</ele>
        <time>2026-08-17T22:01:07.905Z</time>
      </trkpt>
      <trkpt lat="46.186334" lon="11.870143">
        <ele>1085.910134</ele>
        <time>2026-08-17T22:01:09.518Z</time>
      </trkpt>
      <trkpt lat="46.186313" lon="11.870255">
        <ele>1086.547279</ele>
        <time>2026-08-17T22:01:11.185Z</time>
      </trkpt>
      <trkpt lat="46.186263" lon="11.870352">
        <ele>1087.211323</ele>
        <time>2026-08-17T22:01:12.921Z</time>
      </trkpt>
      <trkpt lat="46.186016" lon="11.870738">
        <ele>1090.097536</ele>
        <time>2026-08-17T22:01:21.270Z</time>
      </trkpt>
      <trkpt lat="46.185893" lon="11.871096">
        <ele>1092.292078</ele>
        <time>2026-08-17T22:01:28.673Z</time>
      </trkpt>
      <trkpt lat="46.185844" lon="11.871466">
        <ele>1094.360594</ele>
        <time>2026-08-17T22:01:36.670Z</time>
      </trkpt>
      <trkpt lat="46.185941" lon="11.872155">
        <ele>1098.221341</ele>
        <time>2026-08-17T22:01:53.533Z</time>
      </trkpt>
      <trkpt lat="46.185994" lon="11.872618">
        <ele>1100.989414</ele>
        <time>2026-08-17T22:02:04.623Z</time>
      </trkpt>
      <trkpt lat="46.185922" lon="11.873099">
        <ele>1103.944542</ele>
        <time>2026-08-17T22:02:15.818Z</time>
      </trkpt>
      <trkpt lat="46.185825" lon="11.873335">
        <ele>1105.592645</ele>
        <time>2026-08-17T22:02:21.770Z</time>
      </trkpt>
      <trkpt lat="46.185656" lon="11.873615">
        <ele>1107.823298</ele>
        <time>2026-08-17T22:02:29.365Z</time>
      </trkpt>
      <trkpt lat="46.185186" lon="11.874277">
        <ele>1113.517338</ele>
        <time>2026-08-17T22:02:47.027Z</time>
      </trkpt>
      <trkpt lat="46.185066" lon="11.874489">
        <ele>1115.010936</ele>
        <time>2026-08-17T22:02:51.962Z</time>
      </trkpt>
      <trkpt lat="46.185014" lon="11.874631">
        <ele>1115.795020</ele>
        <time>2026-08-17T22:02:54.801Z</time>
      </trkpt>
      <trkpt lat="46.184966" lon="11.874943">
        <ele>1117.355038</ele>
        <time>2026-08-17T22:03:00.443Z</time>
      </trkpt>
      <trkpt lat="46.184987" lon="11.875427">
        <ele>1119.722076</ele>
        <time>2026-08-17T22:03:08.901Z</time>
      </trkpt>
      <trkpt lat="46.185113" lon="11.876284">
        <ele>1123.998369</ele>
        <time>2026-08-17T22:03:23.911Z</time>
      </trkpt>
      <trkpt lat="46.185374" lon="11.878591">
        <ele>1136.487302</ele>
        <time>2026-08-17T22:04:07.961Z</time>
      </trkpt>
      <trkpt lat="46.185463" lon="11.878924">
        <ele>1138.454166</ele>
        <time>2026-08-17T22:04:14.940Z</time>
      </trkpt>
      <trkpt lat="46.185864" lon="11.880060">
        <ele>1146.487750</ele>
        <time>2026-08-17T22:04:41.560Z</time>
      </trkpt>
      <trkpt lat="46.186827" lon="11.882799">
        <ele>1168.072589</ele>
        <time>2026-08-17T22:05:54.238Z</time>
      </trkpt>
      <trkpt lat="46.186917" lon="11.883138">
        <ele>1170.717925</ele>
        <time>2026-08-17T22:06:02.571Z</time>
      </trkpt>
      <trkpt lat="46.187154" lon="11.883977">
        <ele>1177.320129</ele>
        <time>2026-08-17T22:06:23.742Z</time>
      </trkpt>
      <trkpt lat="46.187400" lon="11.884635">
        <ele>1183.687904</ele>
        <time>2026-08-17T22:06:42.004Z</time>
      </trkpt>
      <trkpt lat="46.188990" lon="11.886954">
        <ele>1213.526159</ele>
        <time>2026-08-17T22:08:14.946Z</time>
      </trkpt>
      <trkpt lat="46.189144" lon="11.887228">
        <ele>1216.976881</ele>
        <time>2026-08-17T22:08:25.695Z</time>
      </trkpt>
      <trkpt lat="46.189256" lon="11.887540">
        <ele>1220.413116</ele>
        <time>2026-08-17T22:08:36.854Z</time>
      </trkpt>
      <trkpt lat="46.189293" lon="11.887705">
        <ele>1222.108886</ele>
        <time>2026-08-17T22:08:42.506Z</time>
      </trkpt>
      <trkpt lat="46.189423" lon="11.888543">
        <ele>1229.196336</ele>
        <time>2026-08-17T22:09:11.167Z</time>
      </trkpt>
      <trkpt lat="46.189566" lon="11.889161">
        <ele>1233.656640</ele>
        <time>2026-08-17T22:09:27.845Z</time>
      </trkpt>
      <trkpt lat="46.189732" lon="11.889656">
        <ele>1237.421569</ele>
        <time>2026-08-17T22:09:39.515Z</time>
      </trkpt>
      <trkpt lat="46.189783" lon="11.889739">
        <ele>1238.181224</ele>
        <time>2026-08-17T22:09:41.580Z</time>
      </trkpt>
      <trkpt lat="46.189848" lon="11.889783">
        <ele>1238.891000</ele>
        <time>2026-08-17T22:09:43.622Z</time>
      </trkpt>
      <trkpt lat="46.190002" lon="11.889772">
        <ele>1240.415579</ele>
        <time>2026-08-17T22:09:47.677Z</time>
      </trkpt>
      <trkpt lat="46.190344" lon="11.889633">
        <ele>1243.926997</ele>
        <time>2026-08-17T22:09:55.963Z</time>
      </trkpt>
      <trkpt lat="46.190477" lon="11.889657">
        <ele>1244.695912</ele>
        <time>2026-08-17T22:09:58.781Z</time>
      </trkpt>
      <trkpt lat="46.190549" lon="11.889818">
        <ele>1245.457105</ele>
        <time>2026-08-17T22:10:01.302Z</time>
      </trkpt>
      <trkpt lat="46.190582" lon="11.890315">
        <ele>1247.439908</ele>
        <time>2026-08-17T22:10:06.533Z</time>
      </trkpt>
      <trkpt lat="46.190618" lon="11.890423">
        <ele>1247.915942</ele>
        <time>2026-08-17T22:10:07.690Z</time>
      </trkpt>
      <trkpt lat="46.190675" lon="11.890513">
        <ele>1248.400372</ele>
        <time>2026-08-17T22:10:09.161Z</time>
      </trkpt>
      <trkpt lat="46.190751" lon="11.890565">
        <ele>1248.882797</ele>
        <time>2026-08-17T22:10:10.841Z</time>
      </trkpt>
      <trkpt lat="46.190836" lon="11.890574">
        <ele>1249.371727</ele>
        <time>2026-08-17T22:10:12.656Z</time>
      </trkpt>
      <trkpt lat="46.191006" lon="11.890476">
        <ele>1250.421758</ele>
        <time>2026-08-17T22:10:17.069Z</time>
      </trkpt>
      <trkpt lat="46.191074" lon="11.890378">
        <ele>1250.972795</ele>
        <time>2026-08-17T22:10:19.594Z</time>
      </trkpt>
      <trkpt lat="46.191201" lon="11.890022">
        <ele>1252.563255</ele>
        <time>2026-08-17T22:10:27.167Z</time>
      </trkpt>
      <trkpt lat="46.191250" lon="11.889942">
        <ele>1252.987462</ele>
        <time>2026-08-17T22:10:29.205Z</time>
      </trkpt>
      <trkpt lat="46.191321" lon="11.889900">
        <ele>1253.427598</ele>
        <time>2026-08-17T22:10:31.396Z</time>
      </trkpt>
      <trkpt lat="46.191356" lon="11.889929">
        <ele>1253.659067</ele>
        <time>2026-08-17T22:10:32.516Z</time>
      </trkpt>
      <trkpt lat="46.191369" lon="11.890063">
        <ele>1254.196416</ele>
        <time>2026-08-17T22:10:35.172Z</time>
      </trkpt>
      <trkpt lat="46.191308" lon="11.890378">
        <ele>1255.797259</ele>
        <time>2026-08-17T22:10:41.430Z</time>
      </trkpt>
      <trkpt lat="46.191305" lon="11.890714">
        <ele>1257.453429</ele>
        <time>2026-08-17T22:10:47.566Z</time>
      </trkpt>
      <trkpt lat="46.191340" lon="11.891255">
        <ele>1260.131455</ele>
        <time>2026-08-17T22:10:56.817Z</time>
      </trkpt>
      <trkpt lat="46.191355" lon="11.891336">
        <ele>1260.544714</ele>
        <time>2026-08-17T22:10:58.312Z</time>
      </trkpt>
      <trkpt lat="46.191391" lon="11.891387">
        <ele>1260.903710</ele>
        <time>2026-08-17T22:10:59.656Z</time>
      </trkpt>
      <trkpt lat="46.191442" lon="11.891386">
        <ele>1261.266851</ele>
        <time>2026-08-17T22:11:01.022Z</time>
      </trkpt>
      <trkpt lat="46.191493" lon="11.891326">
        <ele>1261.735142</ele>
        <time>2026-08-17T22:11:02.712Z</time>
      </trkpt>
      <trkpt lat="46.191527" lon="11.891226">
        <ele>1262.284245</ele>
        <time>2026-08-17T22:11:04.758Z</time>
      </trkpt>
      <trkpt lat="46.191707" lon="11.890267">
        <ele>1267.205296</ele>
        <time>2026-08-17T22:11:22.389Z</time>
      </trkpt>
      <trkpt lat="46.191754" lon="11.890131">
        <ele>1268.089368</ele>
        <time>2026-08-17T22:11:25.064Z</time>
      </trkpt>
      <trkpt lat="46.191825" lon="11.890097">
        <ele>1268.717811</ele>
        <time>2026-08-17T22:11:27.014Z</time>
      </trkpt>
      <trkpt lat="46.191871" lon="11.890166">
        <ele>1269.274958</ele>
        <time>2026-08-17T22:11:28.721Z</time>
      </trkpt>
      <trkpt lat="46.191876" lon="11.890244">
        <ele>1269.730550</ele>
        <time>2026-08-17T22:11:30.118Z</time>
      </trkpt>
      <trkpt lat="46.191862" lon="11.890543">
        <ele>1271.473519</ele>
        <time>2026-08-17T22:11:35.577Z</time>
      </trkpt>
      <trkpt lat="46.191926" lon="11.891446">
        <ele>1276.752853</ele>
        <time>2026-08-17T22:11:53.896Z</time>
      </trkpt>
      <trkpt lat="46.191944" lon="11.892159">
        <ele>1280.902441</ele>
        <time>2026-08-17T22:12:09.397Z</time>
      </trkpt>
      <trkpt lat="46.191882" lon="11.892947">
        <ele>1286.393613</ele>
        <time>2026-08-17T22:12:27.116Z</time>
      </trkpt>
      <trkpt lat="46.191881" lon="11.893382">
        <ele>1289.586332</ele>
        <time>2026-08-17T22:12:37.147Z</time>
      </trkpt>
      <trkpt lat="46.191881" lon="11.894298">
        <ele>1296.309354</ele>
        <time>2026-08-17T22:12:58.801Z</time>
      </trkpt>
      <trkpt lat="46.191761" lon="11.895504">
        <ele>1305.098278</ele>
        <time>2026-08-17T22:13:31.155Z</time>
      </trkpt>
      <trkpt lat="46.191637" lon="11.897084">
        <ele>1316.323407</ele>
        <time>2026-08-17T22:14:08.641Z</time>
      </trkpt>
      <trkpt lat="46.191657" lon="11.897153">
        <ele>1316.851474</ele>
        <time>2026-08-17T22:14:10.268Z</time>
      </trkpt>
      <trkpt lat="46.191700" lon="11.897189">
        <ele>1317.358293</ele>
        <time>2026-08-17T22:14:11.668Z</time>
      </trkpt>
      <trkpt lat="46.191752" lon="11.897171">
        <ele>1317.903582</ele>
        <time>2026-08-17T22:14:13.142Z</time>
      </trkpt>
      <trkpt lat="46.192015" lon="11.896667">
        <ele>1321.968555</ele>
        <time>2026-08-17T22:14:25.187Z</time>
      </trkpt>
      <trkpt lat="46.192065" lon="11.896636">
        <ele>1322.445645</ele>
        <time>2026-08-17T22:14:26.725Z</time>
      </trkpt>
      <trkpt lat="46.192117" lon="11.896653">
        <ele>1322.913128</ele>
        <time>2026-08-17T22:14:28.127Z</time>
      </trkpt>
      <trkpt lat="46.192153" lon="11.896703">
        <ele>1323.351018</ele>
        <time>2026-08-17T22:14:29.344Z</time>
      </trkpt>
      <trkpt lat="46.192099" lon="11.897342">
        <ele>1327.258418</ele>
        <time>2026-08-17T22:14:40.595Z</time>
      </trkpt>
      <trkpt lat="46.192097" lon="11.897733">
        <ele>1329.631778</ele>
        <time>2026-08-17T22:14:47.861Z</time>
      </trkpt>
      <trkpt lat="46.192218" lon="11.899365">
        <ele>1340.304312</ele>
        <time>2026-08-17T22:15:27.645Z</time>
      </trkpt>
      <trkpt lat="46.192282" lon="11.899870">
        <ele>1343.941009</ele>
        <time>2026-08-17T22:15:40.543Z</time>
      </trkpt>
      <trkpt lat="46.192372" lon="11.900365">
        <ele>1347.566339</ele>
        <time>2026-08-17T22:15:52.786Z</time>
      </trkpt>
      <trkpt lat="46.192501" lon="11.901143">
        <ele>1353.233287</ele>
        <time>2026-08-17T22:16:10.757Z</time>
      </trkpt>
      <trkpt lat="46.192587" lon="11.901917">
        <ele>1357.183072</ele>
        <time>2026-08-17T22:16:26.388Z</time>
      </trkpt>
      <trkpt lat="46.192619" lon="11.902388">
        <ele>1359.468495</ele>
        <time>2026-08-17T22:16:34.932Z</time>
      </trkpt>
      <trkpt lat="46.192847" lon="11.904232">
        <ele>1366.690652</ele>
        <time>2026-08-17T22:17:05.878Z</time>
      </trkpt>
      <trkpt lat="46.192869" lon="11.904360">
        <ele>1366.803790</ele>
        <time>2026-08-17T22:17:07.724Z</time>
      </trkpt>
      <trkpt lat="46.193048" lon="11.905420">
        <ele>1367.739772</ele>
        <time>2026-08-17T22:17:18.509Z</time>
      </trkpt>
      <trkpt lat="46.193234" lon="11.906532">
        <ele>1367.473070</ele>
        <time>2026-08-17T22:17:23.628Z</time>
      </trkpt>
      <trkpt lat="46.193313" lon="11.907008">
        <ele>1365.211685</ele>
        <time>2026-08-17T22:17:25.478Z</time>
      </trkpt>
      <trkpt lat="46.193444" lon="11.908555">
        <ele>1358.011466</ele>
        <time>2026-08-17T22:17:31.204Z</time>
      </trkpt>
      <trkpt lat="46.193534" lon="11.910517">
        <ele>1347.664797</ele>
        <time>2026-08-17T22:17:38.424Z</time>
      </trkpt>
      <trkpt lat="46.193590" lon="11.910844">
        <ele>1345.849820</ele>
        <time>2026-08-17T22:17:39.665Z</time>
      </trkpt>
      <trkpt lat="46.193866" lon="11.912026">
        <ele>1339.149859</ele>
        <time>2026-08-17T22:17:44.285Z</time>
      </trkpt>
      <trkpt lat="46.194124" lon="11.913129">
        <ele>1332.915972</ele>
        <time>2026-08-17T22:17:48.554Z</time>
      </trkpt>
      <trkpt lat="46.194177" lon="11.913463">
        <ele>1331.081244</ele>
        <time>2026-08-17T22:17:49.809Z</time>
      </trkpt>
      <trkpt lat="46.194219" lon="11.914250">
        <ele>1327.044806</ele>
        <time>2026-08-17T22:17:52.721Z</time>
      </trkpt>
      <trkpt lat="46.194266" lon="11.914487">
        <ele>1325.867672</ele>
        <time>2026-08-17T22:17:53.636Z</time>
      </trkpt>
      <trkpt lat="46.194322" lon="11.914568">
        <ele>1325.321060</ele>
        <time>2026-08-17T22:17:54.063Z</time>
      </trkpt>
      <trkpt lat="46.194402" lon="11.914624">
        <ele>1324.707873</ele>
        <time>2026-08-17T22:17:54.541Z</time>
      </trkpt>
      <trkpt lat="46.194916" lon="11.914751">
        <ele>1321.110952</ele>
        <time>2026-08-17T22:17:57.374Z</time>
      </trkpt>
      <trkpt lat="46.195130" lon="11.914851">
        <ele>1319.559535</ele>
        <time>2026-08-17T22:17:58.605Z</time>
      </trkpt>
      <trkpt lat="46.195403" lon="11.915124">
        <ele>1317.269327</ele>
        <time>2026-08-17T22:18:00.422Z</time>
      </trkpt>
      <trkpt lat="46.195858" lon="11.915817">
        <ele>1312.706773</ele>
        <time>2026-08-17T22:18:03.987Z</time>
      </trkpt>
      <trkpt lat="46.196298" lon="11.916733">
        <ele>1307.380228</ele>
        <time>2026-08-17T22:18:08.109Z</time>
      </trkpt>
      <trkpt lat="46.196438" lon="11.916975">
        <ele>1305.873494</ele>
        <time>2026-08-17T22:18:09.285Z</time>
      </trkpt>
      <trkpt lat="46.196677" lon="11.917300">
        <ele>1303.632567</ele>
        <time>2026-08-17T22:18:11.073Z</time>
      </trkpt>
      <trkpt lat="46.197196" lon="11.917892">
        <ele>1299.684402</ele>
        <time>2026-08-17T22:18:14.762Z</time>
      </trkpt>
      <trkpt lat="46.197345" lon="11.918117">
        <ele>1298.397519</ele>
        <time>2026-08-17T22:18:15.973Z</time>
      </trkpt>
      <trkpt lat="46.197500" lon="11.918483">
        <ele>1296.624296</ele>
        <time>2026-08-17T22:18:17.634Z</time>
      </trkpt>
      <trkpt lat="46.197620" lon="11.919005">
        <ele>1294.351161</ele>
        <time>2026-08-17T22:18:19.727Z</time>
      </trkpt>
      <trkpt lat="46.197660" lon="11.919495">
        <ele>1292.126237</ele>
        <time>2026-08-17T22:18:21.574Z</time>
      </trkpt>
      <trkpt lat="46.197660" lon="11.919756">
        <ele>1290.775862</ele>
        <time>2026-08-17T22:18:22.546Z</time>
      </trkpt>
      <trkpt lat="46.197631" lon="11.919968">
        <ele>1289.657792</ele>
        <time>2026-08-17T22:18:23.350Z</time>
      </trkpt>
      <trkpt lat="46.197516" lon="11.920322">
        <ele>1287.634558</ele>
        <time>2026-08-17T22:18:24.804Z</time>
      </trkpt>
      <trkpt lat="46.197279" lon="11.920561">
        <ele>1285.474147</ele>
        <time>2026-08-17T22:18:26.359Z</time>
      </trkpt>
      <trkpt lat="46.197248" lon="11.920635">
        <ele>1285.026619</ele>
        <time>2026-08-17T22:18:26.681Z</time>
      </trkpt>
      <trkpt lat="46.197251" lon="11.920759">
        <ele>1284.384666</ele>
        <time>2026-08-17T22:18:27.148Z</time>
      </trkpt>
      <trkpt lat="46.197302" lon="11.920877">
        <ele>1283.664904</ele>
        <time>2026-08-17T22:18:27.669Z</time>
      </trkpt>
      <trkpt lat="46.197362" lon="11.920951">
        <ele>1283.075219</ele>
        <time>2026-08-17T22:18:28.096Z</time>
      </trkpt>
      <trkpt lat="46.197411" lon="11.920961">
        <ele>1282.705317</ele>
        <time>2026-08-17T22:18:28.367Z</time>
      </trkpt>
      <trkpt lat="46.198267" lon="11.920786">
        <ele>1274.549553</ele>
        <time>2026-08-17T22:18:32.904Z</time>
      </trkpt>
      <trkpt lat="46.198498" lon="11.920780">
        <ele>1271.952711</ele>
        <time>2026-08-17T22:18:34.079Z</time>
      </trkpt>
      <trkpt lat="46.198668" lon="11.920820">
        <ele>1270.016750</ele>
        <time>2026-08-17T22:18:34.948Z</time>
      </trkpt>
      <trkpt lat="46.198926" lon="11.920973">
        <ele>1266.882064</ele>
        <time>2026-08-17T22:18:36.356Z</time>
      </trkpt>
      <trkpt lat="46.199187" lon="11.921238">
        <ele>1263.296470</ele>
        <time>2026-08-17T22:18:37.962Z</time>
      </trkpt>
      <trkpt lat="46.199402" lon="11.921258">
        <ele>1260.874883</ele>
        <time>2026-08-17T22:18:39.047Z</time>
      </trkpt>
      <trkpt lat="46.199619" lon="11.921244">
        <ele>1258.552465</ele>
        <time>2026-08-17T22:18:40.138Z</time>
      </trkpt>
      <trkpt lat="46.200599" lon="11.920991">
        <ele>1248.757487</ele>
        <time>2026-08-17T22:18:45.257Z</time>
      </trkpt>
      <trkpt lat="46.200799" lon="11.921000">
        <ele>1246.788725</ele>
        <time>2026-08-17T22:18:46.315Z</time>
      </trkpt>
      <trkpt lat="46.201132" lon="11.920839">
        <ele>1243.333747</ele>
        <time>2026-08-17T22:18:48.159Z</time>
      </trkpt>
      <trkpt lat="46.201226" lon="11.920846">
        <ele>1242.407650</ele>
        <time>2026-08-17T22:18:48.658Z</time>
      </trkpt>
      <trkpt lat="46.201377" lon="11.920897">
        <ele>1241.331320</ele>
        <time>2026-08-17T22:18:49.475Z</time>
      </trkpt>
      <trkpt lat="46.201987" lon="11.921215">
        <ele>1238.491092</ele>
        <time>2026-08-17T22:18:52.975Z</time>
      </trkpt>
      <trkpt lat="46.202421" lon="11.921247">
        <ele>1236.587809</ele>
        <time>2026-08-17T22:18:55.492Z</time>
      </trkpt>
      <trkpt lat="46.202894" lon="11.921073">
        <ele>1234.450100</ele>
        <time>2026-08-17T22:18:58.847Z</time>
      </trkpt>
      <trkpt lat="46.203511" lon="11.920794">
        <ele>1230.946316</ele>
        <time>2026-08-17T22:19:05.340Z</time>
      </trkpt>
      <trkpt lat="46.204094" lon="11.920137">
        <ele>1226.716731</ele>
        <time>2026-08-17T22:19:09.629Z</time>
      </trkpt>
      <trkpt lat="46.204152" lon="11.920199">
        <ele>1226.304002</ele>
        <time>2026-08-17T22:19:10.005Z</time>
      </trkpt>
      <trkpt lat="46.204178" lon="11.920301">
        <ele>1225.873644</ele>
        <time>2026-08-17T22:19:10.398Z</time>
      </trkpt>
      <trkpt lat="46.204144" lon="11.920404">
        <ele>1225.421837</ele>
        <time>2026-08-17T22:19:10.805Z</time>
      </trkpt>
      <trkpt lat="46.203553" lon="11.921058">
        <ele>1217.396005</ele>
        <time>2026-08-17T22:19:14.549Z</time>
      </trkpt>
      <trkpt lat="46.202876" lon="11.921686">
        <ele>1205.451847</ele>
        <time>2026-08-17T22:19:18.532Z</time>
      </trkpt>
      <trkpt lat="46.201750" lon="11.922308">
        <ele>1188.323772</ele>
        <time>2026-08-17T22:19:24.542Z</time>
      </trkpt>
      <trkpt lat="46.201718" lon="11.922329">
        <ele>1187.845285</ele>
        <time>2026-08-17T22:19:24.714Z</time>
      </trkpt>
      <trkpt lat="46.201699" lon="11.922387">
        <ele>1187.240645</ele>
        <time>2026-08-17T22:19:24.938Z</time>
      </trkpt>
      <trkpt lat="46.201705" lon="11.922457">
        <ele>1186.576018</ele>
        <time>2026-08-17T22:19:25.181Z</time>
      </trkpt>
      <trkpt lat="46.201761" lon="11.922504">
        <ele>1185.694328</ele>
        <time>2026-08-17T22:19:25.503Z</time>
      </trkpt>
      <trkpt lat="46.203406" lon="11.922744">
        <ele>1165.220705</ele>
        <time>2026-08-17T22:19:33.850Z</time>
      </trkpt>
      <trkpt lat="46.203577" lon="11.922744">
        <ele>1163.410640</ele>
        <time>2026-08-17T22:19:34.774Z</time>
      </trkpt>
      <trkpt lat="46.203688" lon="11.922711">
        <ele>1162.211071</ele>
        <time>2026-08-17T22:19:35.381Z</time>
      </trkpt>
      <trkpt lat="46.203780" lon="11.922601">
        <ele>1160.947046</ele>
        <time>2026-08-17T22:19:36.022Z</time>
      </trkpt>
      <trkpt lat="46.204110" lon="11.921881">
        <ele>1154.620599</ele>
        <time>2026-08-17T22:19:39.124Z</time>
      </trkpt>
      <trkpt lat="46.204231" lon="11.921809">
        <ele>1153.215245</ele>
        <time>2026-08-17T22:19:39.793Z</time>
      </trkpt>
      <trkpt lat="46.204560" lon="11.922183">
        <ele>1147.292201</ele>
        <time>2026-08-17T22:19:41.928Z</time>
      </trkpt>
      <trkpt lat="46.204864" lon="11.922640">
        <ele>1141.085107</ele>
        <time>2026-08-17T22:19:44.123Z</time>
      </trkpt>
      <trkpt lat="46.204956" lon="11.922863">
        <ele>1138.542870</ele>
        <time>2026-08-17T22:19:45.011Z</time>
      </trkpt>
      <trkpt lat="46.205060" lon="11.923299">
        <ele>1134.026953</ele>
        <time>2026-08-17T22:19:46.588Z</time>
      </trkpt>
      <trkpt lat="46.205124" lon="11.923419">
        <ele>1132.543440</ele>
        <time>2026-08-17T22:19:47.106Z</time>
      </trkpt>
      <trkpt lat="46.205245" lon="11.923541">
        <ele>1130.455788</ele>
        <time>2026-08-17T22:19:47.837Z</time>
      </trkpt>
      <trkpt lat="46.205500" lon="11.923667">
        <ele>1127.080929</ele>
        <time>2026-08-17T22:19:49.172Z</time>
      </trkpt>
      <trkpt lat="46.205548" lon="11.923736">
        <ele>1126.471790</ele>
        <time>2026-08-17T22:19:49.508Z</time>
      </trkpt>
      <trkpt lat="46.205569" lon="11.923878">
        <ele>1125.567697</ele>
        <time>2026-08-17T22:19:50.012Z</time>
      </trkpt>
      <trkpt lat="46.205500" lon="11.924057">
        <ele>1124.291974</ele>
        <time>2026-08-17T22:19:50.720Z</time>
      </trkpt>
      <trkpt lat="46.205031" lon="11.924237">
        <ele>1119.926275</ele>
        <time>2026-08-17T22:19:53.194Z</time>
      </trkpt>
      <trkpt lat="46.204904" lon="11.924351">
        <ele>1118.581182</ele>
        <time>2026-08-17T22:19:53.981Z</time>
      </trkpt>
      <trkpt lat="46.204761" lon="11.924880">
        <ele>1115.045098</ele>
        <time>2026-08-17T22:19:56.098Z</time>
      </trkpt>
      <trkpt lat="46.204757" lon="11.925162">
        <ele>1113.288891</ele>
        <time>2026-08-17T22:19:57.202Z</time>
      </trkpt>
      <trkpt lat="46.205160" lon="11.926118">
        <ele>1112.871487</ele>
        <time>2026-08-17T22:20:03.094Z</time>
      </trkpt>
      <trkpt lat="46.205653" lon="11.927207">
        <ele>1114.700850</ele>
        <time>2026-08-17T22:20:20.594Z</time>
      </trkpt>
      <trkpt lat="46.205714" lon="11.927302">
        <ele>1114.883028</ele>
        <time>2026-08-17T22:20:22.250Z</time>
      </trkpt>
      <trkpt lat="46.205832" lon="11.927381">
        <ele>1115.147199</ele>
        <time>2026-08-17T22:20:24.685Z</time>
      </trkpt>
      <trkpt lat="46.206141" lon="11.927493">
        <ele>1115.876330</ele>
        <time>2026-08-17T22:20:30.708Z</time>
      </trkpt>
      <trkpt lat="46.206334" lon="11.927523">
        <ele>1116.338546</ele>
        <time>2026-08-17T22:20:34.237Z</time>
      </trkpt>
      <trkpt lat="46.207087" lon="11.927302">
        <ele>1118.168176</ele>
        <time>2026-08-17T22:20:43.957Z</time>
      </trkpt>
      <trkpt lat="46.207184" lon="11.927299">
        <ele>1118.399202</ele>
        <time>2026-08-17T22:20:45.381Z</time>
      </trkpt>
      <trkpt lat="46.207259" lon="11.927353">
        <ele>1118.598731</ele>
        <time>2026-08-17T22:20:46.580Z</time>
      </trkpt>
      <trkpt lat="46.207371" lon="11.927658">
        <ele>1119.167710</ele>
        <time>2026-08-17T22:20:50.186Z</time>
      </trkpt>
      <trkpt lat="46.207409" lon="11.927851">
        <ele>1119.498373</ele>
        <time>2026-08-17T22:20:52.254Z</time>
      </trkpt>
      <trkpt lat="46.207539" lon="11.928102">
        <ele>1119.412796</ele>
        <time>2026-08-17T22:20:55.209Z</time>
      </trkpt>
      <trkpt lat="46.207621" lon="11.928070">
        <ele>1119.320840</ele>
        <time>2026-08-17T22:20:56.408Z</time>
      </trkpt>
      <trkpt lat="46.207717" lon="11.927976">
        <ele>1119.195294</ele>
        <time>2026-08-17T22:20:57.901Z</time>
      </trkpt>
      <trkpt lat="46.208042" lon="11.927587">
        <ele>1118.738412</ele>
        <time>2026-08-17T22:21:01.099Z</time>
      </trkpt>
      <trkpt lat="46.208233" lon="11.927505">
        <ele>1118.522697</ele>
        <time>2026-08-17T22:21:02.411Z</time>
      </trkpt>
      <trkpt lat="46.208708" lon="11.927536">
        <ele>1118.007927</ele>
        <time>2026-08-17T22:21:05.701Z</time>
      </trkpt>
      <trkpt lat="46.208827" lon="11.927581">
        <ele>1117.874756</ele>
        <time>2026-08-17T22:21:06.492Z</time>
      </trkpt>
      <trkpt lat="46.208938" lon="11.927684">
        <ele>1117.731941</ele>
        <time>2026-08-17T22:21:07.292Z</time>
      </trkpt>
      <trkpt lat="46.209034" lon="11.927851">
        <ele>1117.556750</ele>
        <time>2026-08-17T22:21:08.181Z</time>
      </trkpt>
      <trkpt lat="46.209230" lon="11.928333">
        <ele>1117.075743</ele>
        <time>2026-08-17T22:21:10.372Z</time>
      </trkpt>
      <trkpt lat="46.209305" lon="11.928712">
        <ele>1116.736584</ele>
        <time>2026-08-17T22:21:11.882Z</time>
      </trkpt>
      <trkpt lat="46.209299" lon="11.928964">
        <ele>1116.519636</ele>
        <time>2026-08-17T22:21:12.842Z</time>
      </trkpt>
      <trkpt lat="46.209243" lon="11.929246">
        <ele>1116.267213</ele>
        <time>2026-08-17T22:21:13.978Z</time>
      </trkpt>
      <trkpt lat="46.208749" lon="11.930805">
        <ele>1119.830037</ele>
        <time>2026-08-17T22:21:35.726Z</time>
      </trkpt>
      <trkpt lat="46.208620" lon="11.931376">
        <ele>1123.475245</ele>
        <time>2026-08-17T22:21:50.028Z</time>
      </trkpt>
      <trkpt lat="46.208445" lon="11.932470">
        <ele>1130.289484</ele>
        <time>2026-08-17T22:22:21.073Z</time>
      </trkpt>
      <trkpt lat="46.207977" lon="11.935837">
        <ele>1146.065064</ele>
        <time>2026-08-17T22:23:26.063Z</time>
      </trkpt>
      <trkpt lat="46.207866" lon="11.936322">
        <ele>1146.432728</ele>
        <time>2026-08-17T22:23:30.909Z</time>
      </trkpt>
      <trkpt lat="46.207667" lon="11.936727">
        <ele>1146.790220</ele>
        <time>2026-08-17T22:23:33.110Z</time>
      </trkpt>
      <trkpt lat="46.207503" lon="11.937023">
        <ele>1147.063126</ele>
        <time>2026-08-17T22:23:34.663Z</time>
      </trkpt>
      <trkpt lat="46.207321" lon="11.937359">
        <ele>1147.370226</ele>
        <time>2026-08-17T22:23:36.453Z</time>
      </trkpt>
      <trkpt lat="46.207272" lon="11.937447">
        <ele>1147.443440</ele>
        <time>2026-08-17T22:23:36.936Z</time>
      </trkpt>
      <trkpt lat="46.207104" lon="11.937740">
        <ele>1147.498402</ele>
        <time>2026-08-17T22:23:38.583Z</time>
      </trkpt>
      <trkpt lat="46.206938" lon="11.938073">
        <ele>1147.557683</ele>
        <time>2026-08-17T22:23:40.349Z</time>
      </trkpt>
      <trkpt lat="46.206564" lon="11.938983">
        <ele>1147.710564</ele>
        <time>2026-08-17T22:23:46.113Z</time>
      </trkpt>
      <trkpt lat="46.206503" lon="11.939199">
        <ele>1147.744262</ele>
        <time>2026-08-17T22:23:49.062Z</time>
      </trkpt>
      <trkpt lat="46.206471" lon="11.939431">
        <ele>1147.778434</ele>
        <time>2026-08-17T22:23:52.471Z</time>
      </trkpt>
      <trkpt lat="46.206401" lon="11.940337">
        <ele>1149.165096</ele>
        <time>2026-08-17T22:24:05.316Z</time>
      </trkpt>
      <trkpt lat="46.206275" lon="11.941005">
        <ele>1150.610552</ele>
        <time>2026-08-17T22:24:13.329Z</time>
      </trkpt>
      <trkpt lat="46.206241" lon="11.941541">
        <ele>1151.734254</ele>
        <time>2026-08-17T22:24:18.892Z</time>
      </trkpt>
      <trkpt lat="46.206251" lon="11.941867">
        <ele>1152.415514</ele>
        <time>2026-08-17T22:24:22.131Z</time>
      </trkpt>
      <trkpt lat="46.206281" lon="11.942083">
        <ele>1152.875450</ele>
        <time>2026-08-17T22:24:24.199Z</time>
      </trkpt>
      <trkpt lat="46.206523" lon="11.942618">
        <ele>1153.991602</ele>
        <time>2026-08-17T22:24:30.077Z</time>
      </trkpt>
      <trkpt lat="46.206546" lon="11.942843">
        <ele>1154.359307</ele>
        <time>2026-08-17T22:24:32.168Z</time>
      </trkpt>
      <trkpt lat="46.206484" lon="11.943357">
        <ele>1155.202820</ele>
        <time>2026-08-17T22:24:36.913Z</time>
      </trkpt>
      <trkpt lat="46.206544" lon="11.943705">
        <ele>1155.782629</ele>
        <time>2026-08-17T22:24:40.041Z</time>
      </trkpt>
      <trkpt lat="46.206572" lon="11.944044">
        <ele>1156.334580</ele>
        <time>2026-08-17T22:24:43.136Z</time>
      </trkpt>
      <trkpt lat="46.206468" lon="11.945016">
        <ele>1158.341591</ele>
        <time>2026-08-17T22:24:54.418Z</time>
      </trkpt>
      <trkpt lat="46.206462" lon="11.945364">
        <ele>1159.392942</ele>
        <time>2026-08-17T22:24:59.343Z</time>
      </trkpt>
      <trkpt lat="46.206483" lon="11.945724">
        <ele>1160.484064</ele>
        <time>2026-08-17T22:25:04.617Z</time>
      </trkpt>
      <trkpt lat="46.206684" lon="11.946407">
        <ele>1162.725603</ele>
        <time>2026-08-17T22:25:15.904Z</time>
      </trkpt>
      <trkpt lat="46.206726" lon="11.946650">
        <ele>1163.482047</ele>
        <time>2026-08-17T22:25:19.634Z</time>
      </trkpt>
      <trkpt lat="46.206744" lon="11.946971">
        <ele>1164.454699</ele>
        <time>2026-08-17T22:25:24.191Z</time>
      </trkpt>
      <trkpt lat="46.206739" lon="11.947699">
        <ele>1166.474252</ele>
        <time>2026-08-17T22:25:32.872Z</time>
      </trkpt>
      <trkpt lat="46.206643" lon="11.948353">
        <ele>1168.227220</ele>
        <time>2026-08-17T22:25:39.396Z</time>
      </trkpt>
      <trkpt lat="46.206656" lon="11.948732">
        <ele>1169.222197</ele>
        <time>2026-08-17T22:25:43.344Z</time>
      </trkpt>
      <trkpt lat="46.206756" lon="11.949165">
        <ele>1170.419092</ele>
        <time>2026-08-17T22:25:49.031Z</time>
      </trkpt>
      <trkpt lat="46.207055" lon="11.949959">
        <ele>1172.744159</ele>
        <time>2026-08-17T22:26:02.473Z</time>
      </trkpt>
      <trkpt lat="46.207250" lon="11.950297">
        <ele>1173.821558</ele>
        <time>2026-08-17T22:26:09.432Z</time>
      </trkpt>
      <trkpt lat="46.207256" lon="11.950308">
        <ele>1173.855850</ele>
        <time>2026-08-17T22:26:09.658Z</time>
      </trkpt>
      <trkpt lat="46.207463" lon="11.950530">
        <ele>1174.767856</ele>
        <time>2026-08-17T22:26:15.409Z</time>
      </trkpt>
      <trkpt lat="46.207611" lon="11.950815">
        <ele>1175.640248</ele>
        <time>2026-08-17T22:26:20.315Z</time>
      </trkpt>
      <trkpt lat="46.207821" lon="11.951487">
        <ele>1177.445516</ele>
        <time>2026-08-17T22:26:28.448Z</time>
      </trkpt>
      <trkpt lat="46.207934" lon="11.952157">
        <ele>1178.920444</ele>
        <time>2026-08-17T22:26:33.046Z</time>
      </trkpt>
      <trkpt lat="46.207944" lon="11.952546">
        <ele>1179.566232</ele>
        <time>2026-08-17T22:26:35.090Z</time>
      </trkpt>
      <trkpt lat="46.207993" lon="11.952963">
        <ele>1180.267927</ele>
        <time>2026-08-17T22:26:37.514Z</time>
      </trkpt>
      <trkpt lat="46.207987" lon="11.953474">
        <ele>1181.115787</ele>
        <time>2026-08-17T22:26:41.640Z</time>
      </trkpt>
      <trkpt lat="46.207957" lon="11.953667">
        <ele>1181.443947</ele>
        <time>2026-08-17T22:26:43.843Z</time>
      </trkpt>
      <trkpt lat="46.207840" lon="11.953895">
        <ele>1181.914837</ele>
        <time>2026-08-17T22:26:47.607Z</time>
      </trkpt>
      <trkpt lat="46.207774" lon="11.954257">
        <ele>1182.535881</ele>
        <time>2026-08-17T22:26:53.457Z</time>
      </trkpt>
      <trkpt lat="46.207857" lon="11.954569">
        <ele>1183.355205</ele>
        <time>2026-08-17T22:26:59.117Z</time>
      </trkpt>
      <trkpt lat="46.208023" lon="11.954793">
        <ele>1184.369471</ele>
        <time>2026-08-17T22:27:04.993Z</time>
      </trkpt>
      <trkpt lat="46.208307" lon="11.955000">
        <ele>1185.789921</ele>
        <time>2026-08-17T22:27:12.708Z</time>
      </trkpt>
      <trkpt lat="46.208600" lon="11.955117">
        <ele>1187.147395</ele>
        <time>2026-08-17T22:27:19.038Z</time>
      </trkpt>
      <trkpt lat="46.209060" lon="11.955247">
        <ele>1189.240509</ele>
        <time>2026-08-17T22:27:27.302Z</time>
      </trkpt>
      <trkpt lat="46.209637" lon="11.955706">
        <ele>1191.293065</ele>
        <time>2026-08-17T22:27:37.373Z</time>
      </trkpt>
      <trkpt lat="46.209686" lon="11.955744">
        <ele>1191.379850</ele>
        <time>2026-08-17T22:27:37.908Z</time>
      </trkpt>
      <trkpt lat="46.209894" lon="11.955736">
        <ele>1191.704568</ele>
        <time>2026-08-17T22:27:40.420Z</time>
      </trkpt>
      <trkpt lat="46.210448" lon="11.955251">
        <ele>1192.715420</ele>
        <time>2026-08-17T22:27:47.499Z</time>
      </trkpt>
      <trkpt lat="46.211038" lon="11.954935">
        <ele>1193.618427</ele>
        <time>2026-08-17T22:27:55.988Z</time>
      </trkpt>
      <trkpt lat="46.211399" lon="11.954439">
        <ele>1193.575316</ele>
        <time>2026-08-17T22:28:01.608Z</time>
      </trkpt>
      <trkpt lat="46.211638" lon="11.954293">
        <ele>1193.552859</ele>
        <time>2026-08-17T22:28:04.031Z</time>
      </trkpt>
      <trkpt lat="46.211866" lon="11.954260">
        <ele>1193.533027</ele>
        <time>2026-08-17T22:28:05.802Z</time>
      </trkpt>
      <trkpt lat="46.212018" lon="11.954136">
        <ele>1193.517920</ele>
        <time>2026-08-17T22:28:07.056Z</time>
      </trkpt>
      <trkpt lat="46.212294" lon="11.953550">
        <ele>1193.475467</ele>
        <time>2026-08-17T22:28:10.477Z</time>
      </trkpt>
      <trkpt lat="46.212437" lon="11.953425">
        <ele>1193.357834</ele>
        <time>2026-08-17T22:28:11.695Z</time>
      </trkpt>
      <trkpt lat="46.213160" lon="11.953006">
        <ele>1192.112511</ele>
        <time>2026-08-17T22:28:18.022Z</time>
      </trkpt>
      <trkpt lat="46.213559" lon="11.952964">
        <ele>1191.472949</ele>
        <time>2026-08-17T22:28:20.908Z</time>
      </trkpt>
      <trkpt lat="46.213649" lon="11.952926">
        <ele>1191.323052</ele>
        <time>2026-08-17T22:28:21.631Z</time>
      </trkpt>
      <trkpt lat="46.213716" lon="11.952849">
        <ele>1191.186200</ele>
        <time>2026-08-17T22:28:22.229Z</time>
      </trkpt>
      <trkpt lat="46.213947" lon="11.952359">
        <ele>1190.251608</ele>
        <time>2026-08-17T22:28:24.827Z</time>
      </trkpt>
      <trkpt lat="46.214009" lon="11.952274">
        <ele>1189.492360</ele>
        <time>2026-08-17T22:28:25.329Z</time>
      </trkpt>
      <trkpt lat="46.214499" lon="11.952081">
        <ele>1184.980301</ele>
        <time>2026-08-17T22:28:28.139Z</time>
      </trkpt>
      <trkpt lat="46.214803" lon="11.952144">
        <ele>1182.251871</ele>
        <time>2026-08-17T22:28:29.745Z</time>
      </trkpt>
      <trkpt lat="46.214937" lon="11.952202">
        <ele>1181.009138</ele>
        <time>2026-08-17T22:28:30.468Z</time>
      </trkpt>
      <trkpt lat="46.215390" lon="11.952508">
        <ele>1176.566657</ele>
        <time>2026-08-17T22:28:32.997Z</time>
      </trkpt>
      <trkpt lat="46.216031" lon="11.952628">
        <ele>1169.798453</ele>
        <time>2026-08-17T22:28:36.241Z</time>
      </trkpt>
      <trkpt lat="46.216835" lon="11.953043">
        <ele>1160.159363</ele>
        <time>2026-08-17T22:28:40.594Z</time>
      </trkpt>
      <trkpt lat="46.217012" lon="11.953083">
        <ele>1158.136674</ele>
        <time>2026-08-17T22:28:41.521Z</time>
      </trkpt>
      <trkpt lat="46.217306" lon="11.953059">
        <ele>1154.812000</ele>
        <time>2026-08-17T22:28:43.051Z</time>
      </trkpt>
      <trkpt lat="46.217611" lon="11.952922">
        <ele>1152.359319</ele>
        <time>2026-08-17T22:28:44.706Z</time>
      </trkpt>
      <trkpt lat="46.218063" lon="11.952858">
        <ele>1149.140320</ele>
        <time>2026-08-17T22:28:47.077Z</time>
      </trkpt>
      <trkpt lat="46.218233" lon="11.952898">
        <ele>1147.919539</ele>
        <time>2026-08-17T22:28:47.995Z</time>
      </trkpt>
      <trkpt lat="46.218601" lon="11.953188">
        <ele>1144.948716</ele>
        <time>2026-08-17T22:28:50.263Z</time>
      </trkpt>
      <trkpt lat="46.218816" lon="11.953264">
        <ele>1143.379934</ele>
        <time>2026-08-17T22:28:51.488Z</time>
      </trkpt>
      <trkpt lat="46.219061" lon="11.953327">
        <ele>1141.616166</ele>
        <time>2026-08-17T22:28:52.924Z</time>
      </trkpt>
      <trkpt lat="46.219677" lon="11.953569">
        <ele>1140.622058</ele>
        <time>2026-08-17T22:28:57.040Z</time>
      </trkpt>
      <trkpt lat="46.219814" lon="11.953584">
        <ele>1140.418310</ele>
        <time>2026-08-17T22:28:58.065Z</time>
      </trkpt>
      <trkpt lat="46.219988" lon="11.953515">
        <ele>1140.150739</ele>
        <time>2026-08-17T22:28:59.330Z</time>
      </trkpt>
      <trkpt lat="46.220348" lon="11.953229">
        <ele>1139.541538</ele>
        <time>2026-08-17T22:29:02.480Z</time>
      </trkpt>
      <trkpt lat="46.220453" lon="11.953170">
        <ele>1139.374473</ele>
        <time>2026-08-17T22:29:03.569Z</time>
      </trkpt>
      <trkpt lat="46.220534" lon="11.953162">
        <ele>1139.254073</ele>
        <time>2026-08-17T22:29:04.328Z</time>
      </trkpt>
      <trkpt lat="46.220740" lon="11.953250">
        <ele>1138.935519</ele>
        <time>2026-08-17T22:29:06.491Z</time>
      </trkpt>
      <trkpt lat="46.220900" lon="11.953434">
        <ele>1138.803343</ele>
        <time>2026-08-17T22:29:08.509Z</time>
      </trkpt>
      <trkpt lat="46.220982" lon="11.953590">
        <ele>1138.736354</ele>
        <time>2026-08-17T22:29:09.745Z</time>
      </trkpt>
      <trkpt lat="46.221118" lon="11.953924">
        <ele>1138.603841</ele>
        <time>2026-08-17T22:29:11.989Z</time>
      </trkpt>
      <trkpt lat="46.221297" lon="11.954511">
        <ele>1138.384500</ele>
        <time>2026-08-17T22:29:15.194Z</time>
      </trkpt>
      <trkpt lat="46.221358" lon="11.954641">
        <ele>1138.330792</ele>
        <time>2026-08-17T22:29:15.931Z</time>
      </trkpt>
      <trkpt lat="46.221432" lon="11.954691">
        <ele>1138.290422</ele>
        <time>2026-08-17T22:29:16.553Z</time>
      </trkpt>
      <trkpt lat="46.221396" lon="11.954887">
        <ele>1138.221084</ele>
        <time>2026-08-17T22:29:17.850Z</time>
      </trkpt>
      <trkpt lat="46.221450" lon="11.955552">
        <ele>1137.961444</ele>
        <time>2026-08-17T22:29:22.060Z</time>
      </trkpt>
      <trkpt lat="46.221449" lon="11.955694">
        <ele>1137.721728</ele>
        <time>2026-08-17T22:29:22.798Z</time>
      </trkpt>
      <trkpt lat="46.221523" lon="11.956349">
        <ele>1136.601412</ele>
        <time>2026-08-17T22:29:26.074Z</time>
      </trkpt>
      <trkpt lat="46.221559" lon="11.956506">
        <ele>1136.322213</ele>
        <time>2026-08-17T22:29:27.161Z</time>
      </trkpt>
      <trkpt lat="46.221604" lon="11.956742">
        <ele>1135.908982</ele>
        <time>2026-08-17T22:29:28.254Z</time>
      </trkpt>
      <trkpt lat="46.221772" lon="11.957543">
        <ele>1134.496097</ele>
        <time>2026-08-17T22:29:31.784Z</time>
      </trkpt>
      <trkpt lat="46.221788" lon="11.957843">
        <ele>1133.988182</ele>
        <time>2026-08-17T22:29:32.992Z</time>
      </trkpt>
      <trkpt lat="46.221766" lon="11.958274">
        <ele>1133.156576</ele>
        <time>2026-08-17T22:29:34.711Z</time>
      </trkpt>
      <trkpt lat="46.221763" lon="11.958731">
        <ele>1132.161945</ele>
        <time>2026-08-17T22:29:36.566Z</time>
      </trkpt>
      <trkpt lat="46.221757" lon="11.959533">
        <ele>1130.416422</ele>
        <time>2026-08-17T22:29:39.942Z</time>
      </trkpt>
      <trkpt lat="46.221855" lon="11.959684">
        <ele>1129.965839</ele>
        <time>2026-08-17T22:29:40.851Z</time>
      </trkpt>
      <trkpt lat="46.222006" lon="11.959770">
        <ele>1129.455310</ele>
        <time>2026-08-17T22:29:41.901Z</time>
      </trkpt>
      <trkpt lat="46.222566" lon="11.959848">
        <ele>1127.531564</ele>
        <time>2026-08-17T22:29:45.507Z</time>
      </trkpt>
      <trkpt lat="46.222869" lon="11.960028">
        <ele>1125.909070</ele>
        <time>2026-08-17T22:29:47.561Z</time>
      </trkpt>
      <trkpt lat="46.222989" lon="11.960155">
        <ele>1125.172450</ele>
        <time>2026-08-17T22:29:48.449Z</time>
      </trkpt>
      <trkpt lat="46.223183" lon="11.960458">
        <ele>1123.757822</ele>
        <time>2026-08-17T22:29:50.107Z</time>
      </trkpt>
      <trkpt lat="46.223248" lon="11.960630">
        <ele>1123.086259</ele>
        <time>2026-08-17T22:29:50.872Z</time>
      </trkpt>
      <trkpt lat="46.223252" lon="11.960896">
        <ele>1122.174577</ele>
        <time>2026-08-17T22:29:51.897Z</time>
      </trkpt>
      <trkpt lat="46.223159" lon="11.961065">
        <ele>1121.434642</ele>
        <time>2026-08-17T22:29:52.713Z</time>
      </trkpt>
      <trkpt lat="46.223076" lon="11.961091">
        <ele>1121.014019</ele>
        <time>2026-08-17T22:29:53.172Z</time>
      </trkpt>
      <trkpt lat="46.222803" lon="11.961068">
        <ele>1119.659621</ele>
        <time>2026-08-17T22:29:54.640Z</time>
      </trkpt>
      <trkpt lat="46.222492" lon="11.960993">
        <ele>1118.360775</ele>
        <time>2026-08-17T22:29:56.315Z</time>
      </trkpt>
      <trkpt lat="46.221811" lon="11.961021">
        <ele>1115.922294</ele>
        <time>2026-08-17T22:29:59.990Z</time>
      </trkpt>
      <trkpt lat="46.221286" lon="11.961232">
        <ele>1113.971872</ele>
        <time>2026-08-17T22:30:03.368Z</time>
      </trkpt>
      <trkpt lat="46.221022" lon="11.961476">
        <ele>1112.850261</ele>
        <time>2026-08-17T22:30:06.956Z</time>
      </trkpt>
      <trkpt lat="46.220761" lon="11.961817">
        <ele>1113.547173</ele>
        <time>2026-08-17T22:30:12.205Z</time>
      </trkpt>
      <trkpt lat="46.220707" lon="11.961946">
        <ele>1113.892209</ele>
        <time>2026-08-17T22:30:14.062Z</time>
      </trkpt>
      <trkpt lat="46.220700" lon="11.962189">
        <ele>1114.448783</ele>
        <time>2026-08-17T22:30:17.501Z</time>
      </trkpt>
      <trkpt lat="46.220732" lon="11.962461">
        <ele>1115.080175</ele>
        <time>2026-08-17T22:30:21.531Z</time>
      </trkpt>
      <trkpt lat="46.220642" lon="11.962903">
        <ele>1116.134562</ele>
        <time>2026-08-17T22:30:28.511Z</time>
      </trkpt>
      <trkpt lat="46.220500" lon="11.963269">
        <ele>1117.094835</ele>
        <time>2026-08-17T22:30:34.687Z</time>
      </trkpt>
      <trkpt lat="46.220426" lon="11.963661">
        <ele>1118.024701</ele>
        <time>2026-08-17T22:30:39.912Z</time>
      </trkpt>
      <trkpt lat="46.220200" lon="11.964277">
        <ele>1119.103919</ele>
        <time>2026-08-17T22:30:45.161Z</time>
      </trkpt>
      <trkpt lat="46.220119" lon="11.964591">
        <ele>1119.498447</ele>
        <time>2026-08-17T22:30:47.072Z</time>
      </trkpt>
      <trkpt lat="46.220119" lon="11.964971">
        <ele>1119.945819</ele>
        <time>2026-08-17T22:30:49.547Z</time>
      </trkpt>
      <trkpt lat="46.220236" lon="11.965561">
        <ele>1120.668389</ele>
        <time>2026-08-17T22:30:53.694Z</time>
      </trkpt>
      <trkpt lat="46.220401" lon="11.966081">
        <ele>1121.341889</ele>
        <time>2026-08-17T22:30:59.355Z</time>
      </trkpt>
      <trkpt lat="46.220897" lon="11.967121">
        <ele>1124.406564</ele>
        <time>2026-08-17T22:31:16.547Z</time>
      </trkpt>
      <trkpt lat="46.221072" lon="11.967571">
        <ele>1125.805553</ele>
        <time>2026-08-17T22:31:23.965Z</time>
      </trkpt>
      <trkpt lat="46.221141" lon="11.968096">
        <ele>1127.253795</ele>
        <time>2026-08-17T22:31:31.065Z</time>
      </trkpt>
      <trkpt lat="46.221150" lon="11.969764">
        <ele>1131.118894</ele>
        <time>2026-08-17T22:31:49.339Z</time>
      </trkpt>
      <trkpt lat="46.221055" lon="11.970046">
        <ele>1131.789868</ele>
        <time>2026-08-17T22:31:52.881Z</time>
      </trkpt>
      <trkpt lat="46.220668" lon="11.970615">
        <ele>1133.496746</ele>
        <time>2026-08-17T22:32:03.436Z</time>
      </trkpt>
      <trkpt lat="46.220518" lon="11.970973">
        <ele>1134.118313</ele>
        <time>2026-08-17T22:32:08.121Z</time>
      </trkpt>
      <trkpt lat="46.220385" lon="11.971571">
        <ele>1133.275047</ele>
        <time>2026-08-17T22:32:13.160Z</time>
      </trkpt>
      <trkpt lat="46.220279" lon="11.971804">
        <ele>1132.900686</ele>
        <time>2026-08-17T22:32:14.723Z</time>
      </trkpt>
      <trkpt lat="46.220226" lon="11.971864">
        <ele>1132.770058</ele>
        <time>2026-08-17T22:32:15.206Z</time>
      </trkpt>
      <trkpt lat="46.220131" lon="11.971973">
        <ele>1132.534705</ele>
        <time>2026-08-17T22:32:16.037Z</time>
      </trkpt>
      <trkpt lat="46.219800" lon="11.972052">
        <ele>1131.883757</ele>
        <time>2026-08-17T22:32:18.147Z</time>
      </trkpt>
      <trkpt lat="46.219099" lon="11.972046">
        <ele>1130.320998</ele>
        <time>2026-08-17T22:32:22.054Z</time>
      </trkpt>
      <trkpt lat="46.218820" lon="11.972091">
        <ele>1129.251730</ele>
        <time>2026-08-17T22:32:23.558Z</time>
      </trkpt>
      <trkpt lat="46.218187" lon="11.972566">
        <ele>1126.535119</ele>
        <time>2026-08-17T22:32:27.578Z</time>
      </trkpt>
      <trkpt lat="46.217951" lon="11.972986">
        <ele>1125.109227</ele>
        <time>2026-08-17T22:32:29.980Z</time>
      </trkpt>
      <trkpt lat="46.217509" lon="11.973415">
        <ele>1123.559700</ele>
        <time>2026-08-17T22:32:34.266Z</time>
      </trkpt>
      <trkpt lat="46.217426" lon="11.973869">
        <ele>1123.060508</ele>
        <time>2026-08-17T22:32:36.969Z</time>
      </trkpt>
      <trkpt lat="46.217452" lon="11.974333">
        <ele>1122.565633</ele>
        <time>2026-08-17T22:32:39.395Z</time>
      </trkpt>
      <trkpt lat="46.217381" lon="11.974625">
        <ele>1122.236610</ele>
        <time>2026-08-17T22:32:40.860Z</time>
      </trkpt>
      <trkpt lat="46.217219" lon="11.974975">
        <ele>1121.788965</ele>
        <time>2026-08-17T22:32:42.689Z</time>
      </trkpt>
      <trkpt lat="46.217203" lon="11.975286">
        <ele>1121.457439</ele>
        <time>2026-08-17T22:32:44.032Z</time>
      </trkpt>
      <trkpt lat="46.217584" lon="11.976284">
        <ele>1121.718140</ele>
        <time>2026-08-17T22:32:49.136Z</time>
      </trkpt>
      <trkpt lat="46.217696" lon="11.976703">
        <ele>1122.045080</ele>
        <time>2026-08-17T22:32:51.372Z</time>
      </trkpt>
      <trkpt lat="46.217769" lon="11.976838">
        <ele>1122.169789</ele>
        <time>2026-08-17T22:32:52.359Z</time>
      </trkpt>
      <trkpt lat="46.217869" lon="11.976900">
        <ele>1122.284254</ele>
        <time>2026-08-17T22:32:53.378Z</time>
      </trkpt>
      <trkpt lat="46.218070" lon="11.976888">
        <ele>1122.495875</ele>
        <time>2026-08-17T22:32:55.643Z</time>
      </trkpt>
      <trkpt lat="46.218273" lon="11.976980">
        <ele>1122.719672</ele>
        <time>2026-08-17T22:32:58.998Z</time>
      </trkpt>
      <trkpt lat="46.218468" lon="11.977261">
        <ele>1123.009342</ele>
        <time>2026-08-17T22:33:05.460Z</time>
      </trkpt>
      <trkpt lat="46.218593" lon="11.977617">
        <ele>1124.558848</ele>
        <time>2026-08-17T22:33:13.546Z</time>
      </trkpt>
      <trkpt lat="46.218741" lon="11.977805">
        <ele>1125.671818</ele>
        <time>2026-08-17T22:33:19.911Z</time>
      </trkpt>
      <trkpt lat="46.218944" lon="11.977893">
        <ele>1126.868924</ele>
        <time>2026-08-17T22:33:27.071Z</time>
      </trkpt>
      <trkpt lat="46.219528" lon="11.977685">
        <ele>1130.266314</ele>
        <time>2026-08-17T22:33:44.380Z</time>
      </trkpt>
      <trkpt lat="46.219807" lon="11.977424">
        <ele>1132.143542</ele>
        <time>2026-08-17T22:33:50.321Z</time>
      </trkpt>
      <trkpt lat="46.219916" lon="11.977358">
        <ele>1132.811072</ele>
        <time>2026-08-17T22:33:51.809Z</time>
      </trkpt>
      <trkpt lat="46.220141" lon="11.977429">
        <ele>1132.399922</ele>
        <time>2026-08-17T22:33:53.655Z</time>
      </trkpt>
      <trkpt lat="46.220261" lon="11.977663">
        <ele>1131.466264</ele>
        <time>2026-08-17T22:33:54.907Z</time>
      </trkpt>
      <trkpt lat="46.220306" lon="11.977963">
        <ele>1130.482275</ele>
        <time>2026-08-17T22:33:56.103Z</time>
      </trkpt>
      <trkpt lat="46.220407" lon="11.978339">
        <ele>1129.189364</ele>
        <time>2026-08-17T22:33:57.586Z</time>
      </trkpt>
      <trkpt lat="46.220621" lon="11.978745">
        <ele>1127.553304</ele>
        <time>2026-08-17T22:33:59.402Z</time>
      </trkpt>
      <trkpt lat="46.222113" lon="11.980666">
        <ele>1121.646914</ele>
        <time>2026-08-17T22:34:11.037Z</time>
      </trkpt>
      <trkpt lat="46.222283" lon="11.980725">
        <ele>1121.251792</ele>
        <time>2026-08-17T22:34:14.359Z</time>
      </trkpt>
      <trkpt lat="46.222469" lon="11.980682">
        <ele>1120.826088</ele>
        <time>2026-08-17T22:34:18.187Z</time>
      </trkpt>
      <trkpt lat="46.222650" lon="11.980402">
        <ele>1119.510277</ele>
        <time>2026-08-17T22:34:23.100Z</time>
      </trkpt>
      <trkpt lat="46.222866" lon="11.980229">
        <ele>1118.220270</ele>
        <time>2026-08-17T22:34:26.983Z</time>
      </trkpt>
      <trkpt lat="46.223041" lon="11.980237">
        <ele>1117.305638</ele>
        <time>2026-08-17T22:34:28.981Z</time>
      </trkpt>
      <trkpt lat="46.223353" lon="11.980404">
        <ele>1115.567629</ele>
        <time>2026-08-17T22:34:31.183Z</time>
      </trkpt>
      <trkpt lat="46.223424" lon="11.980394">
        <ele>1115.194978</ele>
        <time>2026-08-17T22:34:31.575Z</time>
      </trkpt>
      <trkpt lat="46.223762" lon="11.980221">
        <ele>1113.321880</ele>
        <time>2026-08-17T22:34:33.437Z</time>
      </trkpt>
      <trkpt lat="46.223842" lon="11.980229">
        <ele>1112.902973</ele>
        <time>2026-08-17T22:34:33.840Z</time>
      </trkpt>
      <trkpt lat="46.223949" lon="11.980328">
        <ele>1112.239312</ele>
        <time>2026-08-17T22:34:34.473Z</time>
      </trkpt>
      <trkpt lat="46.224182" lon="11.980834">
        <ele>1108.721752</ele>
        <time>2026-08-17T22:34:36.554Z</time>
      </trkpt>
      <trkpt lat="46.224272" lon="11.981177">
        <ele>1106.084218</ele>
        <time>2026-08-17T22:34:37.804Z</time>
      </trkpt>
      <trkpt lat="46.224536" lon="11.981927">
        <ele>1100.034003</ele>
        <time>2026-08-17T22:34:40.721Z</time>
      </trkpt>
      <trkpt lat="46.224690" lon="11.982077">
        <ele>1098.104110</ele>
        <time>2026-08-17T22:34:41.690Z</time>
      </trkpt>
      <trkpt lat="46.225199" lon="11.982259">
        <ele>1092.679636</ele>
        <time>2026-08-17T22:34:44.724Z</time>
      </trkpt>
      <trkpt lat="46.225536" lon="11.982195">
        <ele>1092.023949</ele>
        <time>2026-08-17T22:34:47.749Z</time>
      </trkpt>
      <trkpt lat="46.225880" lon="11.982294">
        <ele>1091.347321</ele>
        <time>2026-08-17T22:34:52.773Z</time>
      </trkpt>
      <trkpt lat="46.225978" lon="11.982289">
        <ele>1091.158154</ele>
        <time>2026-08-17T22:34:54.105Z</time>
      </trkpt>
      <trkpt lat="46.226065" lon="11.982211">
        <ele>1090.960663</ele>
        <time>2026-08-17T22:34:55.429Z</time>
      </trkpt>
      <trkpt lat="46.226249" lon="11.982144">
        <ele>1090.594623</ele>
        <time>2026-08-17T22:34:57.555Z</time>
      </trkpt>
      <trkpt lat="46.226807" lon="11.982232">
        <ele>1089.511810</ele>
        <time>2026-08-17T22:35:01.210Z</time>
      </trkpt>
      <trkpt lat="46.227264" lon="11.982267">
        <ele>1086.451735</ele>
        <time>2026-08-17T22:35:03.654Z</time>
      </trkpt>
      <trkpt lat="46.227503" lon="11.982409">
        <ele>1084.102967</ele>
        <time>2026-08-17T22:35:05.002Z</time>
      </trkpt>
      <trkpt lat="46.227598" lon="11.982560">
        <ele>1082.819522</ele>
        <time>2026-08-17T22:35:05.730Z</time>
      </trkpt>
      <trkpt lat="46.227628" lon="11.982774">
        <ele>1081.446506</ele>
        <time>2026-08-17T22:35:06.510Z</time>
      </trkpt>
      <trkpt lat="46.227568" lon="11.982946">
        <ele>1080.235219</ele>
        <time>2026-08-17T22:35:07.191Z</time>
      </trkpt>
      <trkpt lat="46.227448" lon="11.983158">
        <ele>1078.512757</ele>
        <time>2026-08-17T22:35:08.163Z</time>
      </trkpt>
      <trkpt lat="46.227453" lon="11.983431">
        <ele>1076.795484</ele>
        <time>2026-08-17T22:35:09.130Z</time>
      </trkpt>
      <trkpt lat="46.228064" lon="11.984831">
        <ele>1068.634699</ele>
        <time>2026-08-17T22:35:15.041Z</time>
      </trkpt>
      <trkpt lat="46.228119" lon="11.985274">
        <ele>1066.786414</ele>
        <time>2026-08-17T22:35:16.775Z</time>
      </trkpt>
      <trkpt lat="46.228021" lon="11.985891">
        <ele>1064.186720</ele>
        <time>2026-08-17T22:35:19.445Z</time>
      </trkpt>
      <trkpt lat="46.227971" lon="11.986395">
        <ele>1062.141444</ele>
        <time>2026-08-17T22:35:21.802Z</time>
      </trkpt>
      <trkpt lat="46.228034" lon="11.986575">
        <ele>1061.716582</ele>
        <time>2026-08-17T22:35:22.767Z</time>
      </trkpt>
      <trkpt lat="46.228171" lon="11.986690">
        <ele>1061.234265</ele>
        <time>2026-08-17T22:35:23.901Z</time>
      </trkpt>
      <trkpt lat="46.228450" lon="11.986736">
        <ele>1060.379351</ele>
        <time>2026-08-17T22:35:25.905Z</time>
      </trkpt>
      <trkpt lat="46.228596" lon="11.986835">
        <ele>1059.888384</ele>
        <time>2026-08-17T22:35:27.062Z</time>
      </trkpt>
      <trkpt lat="46.228650" lon="11.986945">
        <ele>1059.604307</ele>
        <time>2026-08-17T22:35:27.728Z</time>
      </trkpt>
      <trkpt lat="46.228648" lon="11.987090">
        <ele>1059.298860</ele>
        <time>2026-08-17T22:35:28.432Z</time>
      </trkpt>
      <trkpt lat="46.228479" lon="11.987642">
        <ele>1058.027520</ele>
        <time>2026-08-17T22:35:31.165Z</time>
      </trkpt>
      <trkpt lat="46.228485" lon="11.987846">
        <ele>1057.597485</ele>
        <time>2026-08-17T22:35:31.995Z</time>
      </trkpt>
      <trkpt lat="46.228552" lon="11.988081">
        <ele>1057.062162</ele>
        <time>2026-08-17T22:35:32.979Z</time>
      </trkpt>
      <trkpt lat="46.228702" lon="11.988366">
        <ele>1055.725793</ele>
        <time>2026-08-17T22:35:34.303Z</time>
      </trkpt>
      <trkpt lat="46.228724" lon="11.988540">
        <ele>1054.818583</ele>
        <time>2026-08-17T22:35:34.942Z</time>
      </trkpt>
      <trkpt lat="46.228620" lon="11.989289">
        <ele>1050.900422</ele>
        <time>2026-08-17T22:35:37.720Z</time>
      </trkpt>
      <trkpt lat="46.228680" lon="11.990083">
        <ele>1046.803853</ele>
        <time>2026-08-17T22:35:40.657Z</time>
      </trkpt>
      <trkpt lat="46.228648" lon="11.990456">
        <ele>1044.876119</ele>
        <time>2026-08-17T22:35:42.050Z</time>
      </trkpt>
      <trkpt lat="46.228713" lon="11.990673">
        <ele>1043.663295</ele>
        <time>2026-08-17T22:35:42.926Z</time>
      </trkpt>
      <trkpt lat="46.228843" lon="11.990764">
        <ele>1042.595269</ele>
        <time>2026-08-17T22:35:43.698Z</time>
      </trkpt>
      <trkpt lat="46.229038" lon="11.990831">
        <ele>1041.114657</ele>
        <time>2026-08-17T22:35:44.771Z</time>
      </trkpt>
      <trkpt lat="46.229195" lon="11.991107">
        <ele>1039.288639</ele>
        <time>2026-08-17T22:35:46.124Z</time>
      </trkpt>
      <trkpt lat="46.229253" lon="11.991845">
        <ele>1035.493056</ele>
        <time>2026-08-17T22:35:49.017Z</time>
      </trkpt>
      <trkpt lat="46.229337" lon="11.992258">
        <ele>1033.293219</ele>
        <time>2026-08-17T22:35:50.635Z</time>
      </trkpt>
      <trkpt lat="46.229544" lon="11.992811">
        <ele>1030.074226</ele>
        <time>2026-08-17T22:35:52.912Z</time>
      </trkpt>
      <trkpt lat="46.229602" lon="11.993160">
        <ele>1027.304738</ele>
        <time>2026-08-17T22:35:54.176Z</time>
      </trkpt>
      <trkpt lat="46.229528" lon="11.993943">
        <ele>1021.207018</ele>
        <time>2026-08-17T22:35:56.938Z</time>
      </trkpt>
      <trkpt lat="46.229468" lon="11.994115">
        <ele>1019.720681</ele>
        <time>2026-08-17T22:35:57.608Z</time>
      </trkpt>
      <trkpt lat="46.229164" lon="11.994479">
        <ele>1015.317744</ele>
        <time>2026-08-17T22:35:59.608Z</time>
      </trkpt>
      <trkpt lat="46.229127" lon="11.994689">
        <ele>1013.645650</ele>
        <time>2026-08-17T22:36:00.364Z</time>
      </trkpt>
      <trkpt lat="46.229116" lon="11.994892">
        <ele>1012.074499</ele>
        <time>2026-08-17T22:36:01.085Z</time>
      </trkpt>
      <trkpt lat="46.229139" lon="11.995108">
        <ele>1010.388209</ele>
        <time>2026-08-17T22:36:01.858Z</time>
      </trkpt>
      <trkpt lat="46.229242" lon="11.995450">
        <ele>1008.514419</ele>
        <time>2026-08-17T22:36:03.193Z</time>
      </trkpt>
      <trkpt lat="46.229190" lon="11.996287">
        <ele>1004.614790</ele>
        <time>2026-08-17T22:36:06.338Z</time>
      </trkpt>
      <trkpt lat="46.229093" lon="11.996630">
        <ele>1002.895276</ele>
        <time>2026-08-17T22:36:07.806Z</time>
      </trkpt>
      <trkpt lat="46.228866" lon="11.997231">
        <ele>999.717782</ele>
        <time>2026-08-17T22:36:10.504Z</time>
      </trkpt>
      <trkpt lat="46.228726" lon="11.997391">
        <ele>998.520625</ele>
        <time>2026-08-17T22:36:11.493Z</time>
      </trkpt>
      <trkpt lat="46.228364" lon="11.997647">
        <ele>996.563685</ele>
        <time>2026-08-17T22:36:13.696Z</time>
      </trkpt>
      <trkpt lat="46.228175" lon="11.997912">
        <ele>995.411388</ele>
        <time>2026-08-17T22:36:15.158Z</time>
      </trkpt>
      <trkpt lat="46.228032" lon="11.998787">
        <ele>992.689422</ele>
        <time>2026-08-17T22:36:18.714Z</time>
      </trkpt>
      <trkpt lat="46.228047" lon="11.999015">
        <ele>991.996040</ele>
        <time>2026-08-17T22:36:19.648Z</time>
      </trkpt>
      <trkpt lat="46.228312" lon="11.999817">
        <ele>989.703530</ele>
        <time>2026-08-17T22:36:23.443Z</time>
      </trkpt>
      <trkpt lat="46.228281" lon="12.000188">
        <ele>989.144103</ele>
        <time>2026-08-17T22:36:25.180Z</time>
      </trkpt>
      <trkpt lat="46.228359" lon="12.000708">
        <ele>988.347570</ele>
        <time>2026-08-17T22:36:27.819Z</time>
      </trkpt>
      <trkpt lat="46.228663" lon="12.001619">
        <ele>986.833427</ele>
        <time>2026-08-17T22:36:32.605Z</time>
      </trkpt>
      <trkpt lat="46.228826" lon="12.002022">
        <ele>986.104183</ele>
        <time>2026-08-17T22:36:34.643Z</time>
      </trkpt>
      <trkpt lat="46.229251" lon="12.002834">
        <ele>983.880791</ele>
        <time>2026-08-17T22:36:38.852Z</time>
      </trkpt>
      <trkpt lat="46.229465" lon="12.004425">
        <ele>980.476077</ele>
        <time>2026-08-17T22:36:45.543Z</time>
      </trkpt>
      <trkpt lat="46.229693" lon="12.005004">
        <ele>980.096922</ele>
        <time>2026-08-17T22:36:48.663Z</time>
      </trkpt>
      <trkpt lat="46.229878" lon="12.005350">
        <ele>979.848052</ele>
        <time>2026-08-17T22:36:51.021Z</time>
      </trkpt>
      <trkpt lat="46.230032" lon="12.005761">
        <ele>979.582045</ele>
        <time>2026-08-17T22:36:53.962Z</time>
      </trkpt>
      <trkpt lat="46.230146" lon="12.006226">
        <ele>979.301288</ele>
        <time>2026-08-17T22:36:57.287Z</time>
      </trkpt>
      <trkpt lat="46.230199" lon="12.006700">
        <ele>979.060389</ele>
        <time>2026-08-17T22:37:00.222Z</time>
      </trkpt>
      <trkpt lat="46.230157" lon="12.007088">
        <ele>979.296564</ele>
        <time>2026-08-17T22:37:02.485Z</time>
      </trkpt>
      <trkpt lat="46.230057" lon="12.007463">
        <ele>979.538257</ele>
        <time>2026-08-17T22:37:04.813Z</time>
      </trkpt>
      <trkpt lat="46.229999" lon="12.007987">
        <ele>979.857390</ele>
        <time>2026-08-17T22:37:08.354Z</time>
      </trkpt>
      <trkpt lat="46.230080" lon="12.008914">
        <ele>980.419300</ele>
        <time>2026-08-17T22:37:17.469Z</time>
      </trkpt>
      <trkpt lat="46.230314" lon="12.009561">
        <ele>979.100731</ele>
        <time>2026-08-17T22:37:24.824Z</time>
      </trkpt>
      <trkpt lat="46.230508" lon="12.009798">
        <ele>977.775044</ele>
        <time>2026-08-17T22:37:26.743Z</time>
      </trkpt>
      <trkpt lat="46.230724" lon="12.009972">
        <ele>976.484452</ele>
        <time>2026-08-17T22:37:28.221Z</time>
      </trkpt>
      <trkpt lat="46.230883" lon="12.010156">
        <ele>975.421432</ele>
        <time>2026-08-17T22:37:29.356Z</time>
      </trkpt>
      <trkpt lat="46.230839" lon="12.010173">
        <ele>975.183722</ele>
        <time>2026-08-17T22:37:29.602Z</time>
      </trkpt>
      <trkpt lat="46.230660" lon="12.010126">
        <ele>974.234182</ele>
        <time>2026-08-17T22:37:30.574Z</time>
      </trkpt>
      <trkpt lat="46.230417" lon="12.009986">
        <ele>972.868878</ele>
        <time>2026-08-17T22:37:31.939Z</time>
      </trkpt>
      <trkpt lat="46.230059" lon="12.009902">
        <ele>970.718739</ele>
        <time>2026-08-17T22:37:33.785Z</time>
      </trkpt>
      <trkpt lat="46.229988" lon="12.009867">
        <ele>969.914270</ele>
        <time>2026-08-17T22:37:34.163Z</time>
      </trkpt>
      <trkpt lat="46.229888" lon="12.009759">
        <ele>968.575609</ele>
        <time>2026-08-17T22:37:34.788Z</time>
      </trkpt>
      <trkpt lat="46.229473" lon="12.008802">
        <ele>960.196346</ele>
        <time>2026-08-17T22:37:38.738Z</time>
      </trkpt>
      <trkpt lat="46.229299" lon="12.008280">
        <ele>955.897669</ele>
        <time>2026-08-17T22:37:40.862Z</time>
      </trkpt>
      <trkpt lat="46.229244" lon="12.007857">
        <ele>952.704611</ele>
        <time>2026-08-17T22:37:42.428Z</time>
      </trkpt>
      <trkpt lat="46.229279" lon="12.007129">
        <ele>947.363918</ele>
        <time>2026-08-17T22:37:45.037Z</time>
      </trkpt>
      <trkpt lat="46.229245" lon="12.006966">
        <ele>946.120804</ele>
        <time>2026-08-17T22:37:45.635Z</time>
      </trkpt>
      <trkpt lat="46.229164" lon="12.006844">
        <ele>944.886093</ele>
        <time>2026-08-17T22:37:46.224Z</time>
      </trkpt>
      <trkpt lat="46.228527" lon="12.006299">
        <ele>937.073086</ele>
        <time>2026-08-17T22:37:49.976Z</time>
      </trkpt>
      <trkpt lat="46.228196" lon="12.006144">
        <ele>933.400600</ele>
        <time>2026-08-17T22:37:51.763Z</time>
      </trkpt>
      <trkpt lat="46.228146" lon="12.006015">
        <ele>932.592075</ele>
        <time>2026-08-17T22:37:52.296Z</time>
      </trkpt>
      <trkpt lat="46.228143" lon="12.005827">
        <ele>931.814683</ele>
        <time>2026-08-17T22:37:52.988Z</time>
      </trkpt>
      <trkpt lat="46.228156" lon="12.005429">
        <ele>930.167532</ele>
        <time>2026-08-17T22:37:54.470Z</time>
      </trkpt>
      <trkpt lat="46.228134" lon="12.005176">
        <ele>929.113409</ele>
        <time>2026-08-17T22:37:55.422Z</time>
      </trkpt>
      <trkpt lat="46.228043" lon="12.004354">
        <ele>925.672051</ele>
        <time>2026-08-17T22:37:58.788Z</time>
      </trkpt>
      <trkpt lat="46.227963" lon="12.004249">
        <ele>925.026329</ele>
        <time>2026-08-17T22:37:59.490Z</time>
      </trkpt>
      <trkpt lat="46.227678" lon="12.004019">
        <ele>923.075796</ele>
        <time>2026-08-17T22:38:01.434Z</time>
      </trkpt>
      <trkpt lat="46.227662" lon="12.004006">
        <ele>922.966115</ele>
        <time>2026-08-17T22:38:01.539Z</time>
      </trkpt>
      <trkpt lat="46.227582" lon="12.003950">
        <ele>922.434950</ele>
        <time>2026-08-17T22:38:02.033Z</time>
      </trkpt>
      <trkpt lat="46.227399" lon="12.003342">
        <ele>919.254727</ele>
        <time>2026-08-17T22:38:04.538Z</time>
      </trkpt>
      <trkpt lat="46.226965" lon="12.002230">
        <ele>913.050809</ele>
        <time>2026-08-17T22:38:09.232Z</time>
      </trkpt>
      <trkpt lat="46.226799" lon="12.001719">
        <ele>910.307658</ele>
        <time>2026-08-17T22:38:11.328Z</time>
      </trkpt>
      <trkpt lat="46.226541" lon="12.001204">
        <ele>906.939037</ele>
        <time>2026-08-17T22:38:13.676Z</time>
      </trkpt>
      <trkpt lat="46.226447" lon="12.000343">
        <ele>902.200007</ele>
        <time>2026-08-17T22:38:16.872Z</time>
      </trkpt>
      <trkpt lat="46.226335" lon="11.999986">
        <ele>900.068809</ele>
        <time>2026-08-17T22:38:18.324Z</time>
      </trkpt>
      <trkpt lat="46.226050" lon="11.999492">
        <ele>896.571654</ele>
        <time>2026-08-17T22:38:20.705Z</time>
      </trkpt>
      <trkpt lat="46.226004" lon="11.999344">
        <ele>895.689522</ele>
        <time>2026-08-17T22:38:21.308Z</time>
      </trkpt>
      <trkpt lat="46.225712" lon="11.998093">
        <ele>887.195208</ele>
        <time>2026-08-17T22:38:26.048Z</time>
      </trkpt>
      <trkpt lat="46.225671" lon="11.997531">
        <ele>883.538195</ele>
        <time>2026-08-17T22:38:28.100Z</time>
      </trkpt>
      <trkpt lat="46.225516" lon="11.997321">
        <ele>881.551011</ele>
        <time>2026-08-17T22:38:29.228Z</time>
      </trkpt>
      <trkpt lat="46.225245" lon="11.997060">
        <ele>878.502659</ele>
        <time>2026-08-17T22:38:30.901Z</time>
      </trkpt>
      <trkpt lat="46.225224" lon="11.996957">
        <ele>877.791922</ele>
        <time>2026-08-17T22:38:31.284Z</time>
      </trkpt>
      <trkpt lat="46.225242" lon="11.996832">
        <ele>876.946825</ele>
        <time>2026-08-17T22:38:31.733Z</time>
      </trkpt>
      <trkpt lat="46.225292" lon="11.996783">
        <ele>876.368879</ele>
        <time>2026-08-17T22:38:32.041Z</time>
      </trkpt>
      <trkpt lat="46.225599" lon="11.996733">
        <ele>873.413125</ele>
        <time>2026-08-17T22:38:33.601Z</time>
      </trkpt>
      <trkpt lat="46.225713" lon="11.996679">
        <ele>872.265380</ele>
        <time>2026-08-17T22:38:34.205Z</time>
      </trkpt>
      <trkpt lat="46.225752" lon="11.996643">
        <ele>871.822662</ele>
        <time>2026-08-17T22:38:34.439Z</time>
      </trkpt>
      <trkpt lat="46.225766" lon="11.996550">
        <ele>871.192704</ele>
        <time>2026-08-17T22:38:34.768Z</time>
      </trkpt>
      <trkpt lat="46.225730" lon="11.996497">
        <ele>870.701087</ele>
        <time>2026-08-17T22:38:35.033Z</time>
      </trkpt>
      <trkpt lat="46.225697" lon="11.996498">
        <ele>870.385296</ele>
        <time>2026-08-17T22:38:35.204Z</time>
      </trkpt>
      <trkpt lat="46.225380" lon="11.996628">
        <ele>867.232756</ele>
        <time>2026-08-17T22:38:36.965Z</time>
      </trkpt>
      <trkpt lat="46.225101" lon="11.996629">
        <ele>864.563466</ele>
        <time>2026-08-17T22:38:38.461Z</time>
      </trkpt>
      <trkpt lat="46.225018" lon="11.996676">
        <ele>863.710616</ele>
        <time>2026-08-17T22:38:38.926Z</time>
      </trkpt>
      <trkpt lat="46.224974" lon="11.996780">
        <ele>862.903732</ele>
        <time>2026-08-17T22:38:39.369Z</time>
      </trkpt>
      <trkpt lat="46.224961" lon="11.996988">
        <ele>861.521384</ele>
        <time>2026-08-17T22:38:40.115Z</time>
      </trkpt>
      <trkpt lat="46.225031" lon="11.997326">
        <ele>860.184462</ele>
        <time>2026-08-17T22:38:41.385Z</time>
      </trkpt>
      <trkpt lat="46.225040" lon="11.997495">
        <ele>859.569315</ele>
        <time>2026-08-17T22:38:42.019Z</time>
      </trkpt>
      <trkpt lat="46.224964" lon="11.997980">
        <ele>857.764573</ele>
        <time>2026-08-17T22:38:43.934Z</time>
      </trkpt>
      <trkpt lat="46.224965" lon="11.998082">
        <ele>857.394358</ele>
        <time>2026-08-17T22:38:44.335Z</time>
      </trkpt>
      <trkpt lat="46.225046" lon="11.998770">
        <ele>854.861580</ele>
        <time>2026-08-17T22:38:47.320Z</time>
      </trkpt>
      <trkpt lat="46.225031" lon="11.999405">
        <ele>852.555704</ele>
        <time>2026-08-17T22:38:49.826Z</time>
      </trkpt>
      <trkpt lat="46.225112" lon="11.999874">
        <ele>850.920444</ele>
        <time>2026-08-17T22:38:51.740Z</time>
      </trkpt>
      <trkpt lat="46.225099" lon="12.000182">
        <ele>849.915555</ele>
        <time>2026-08-17T22:38:52.995Z</time>
      </trkpt>
      <trkpt lat="46.225091" lon="12.000298">
        <ele>849.535920</ele>
        <time>2026-08-17T22:38:53.470Z</time>
      </trkpt>
      <trkpt lat="46.225011" lon="12.001119">
        <ele>846.835882</ele>
        <time>2026-08-17T22:38:56.906Z</time>
      </trkpt>
      <trkpt lat="46.225040" lon="12.001240">
        <ele>846.418860</ele>
        <time>2026-08-17T22:38:57.427Z</time>
      </trkpt>
      <trkpt lat="46.225530" lon="12.002175">
        <ele>842.255811</ele>
        <time>2026-08-17T22:39:01.883Z</time>
      </trkpt>
      <trkpt lat="46.225543" lon="12.002249">
        <ele>841.911893</ele>
        <time>2026-08-17T22:39:02.165Z</time>
      </trkpt>
      <trkpt lat="46.225528" lon="12.002303">
        <ele>841.649771</ele>
        <time>2026-08-17T22:39:02.384Z</time>
      </trkpt>
      <trkpt lat="46.225446" lon="12.002333">
        <ele>841.099017</ele>
        <time>2026-08-17T22:39:02.846Z</time>
      </trkpt>
      <trkpt lat="46.225259" lon="12.001935">
        <ele>838.931816</ele>
        <time>2026-08-17T22:39:04.667Z</time>
      </trkpt>
      <trkpt lat="46.224898" lon="12.001467">
        <ele>835.774386</ele>
        <time>2026-08-17T22:39:07.289Z</time>
      </trkpt>
      <trkpt lat="46.224814" lon="12.001300">
        <ele>834.844301</ele>
        <time>2026-08-17T22:39:08.054Z</time>
      </trkpt>
      <trkpt lat="46.224631" lon="12.000191">
        <ele>829.934694</ele>
        <time>2026-08-17T22:39:12.321Z</time>
      </trkpt>
      <trkpt lat="46.224590" lon="11.999941">
        <ele>828.903499</ele>
        <time>2026-08-17T22:39:13.321Z</time>
      </trkpt>
      <trkpt lat="46.224567" lon="11.999849">
        <ele>828.510883</ele>
        <time>2026-08-17T22:39:13.705Z</time>
      </trkpt>
      <trkpt lat="46.224314" lon="11.998778">
        <ele>823.968681</ele>
        <time>2026-08-17T22:39:18.139Z</time>
      </trkpt>
      <trkpt lat="46.224254" lon="11.998277">
        <ele>821.927974</ele>
        <time>2026-08-17T22:39:20.075Z</time>
      </trkpt>
      <trkpt lat="46.224180" lon="11.997242">
        <ele>818.238932</ele>
        <time>2026-08-17T22:39:23.976Z</time>
      </trkpt>
      <trkpt lat="46.224035" lon="11.995983">
        <ele>813.810072</ele>
        <time>2026-08-17T22:39:28.924Z</time>
      </trkpt>
      <trkpt lat="46.224084" lon="11.995717">
        <ele>812.854890</ele>
        <time>2026-08-17T22:39:30.176Z</time>
      </trkpt>
      <trkpt lat="46.224159" lon="11.995491">
        <ele>811.906081</ele>
        <time>2026-08-17T22:39:31.428Z</time>
      </trkpt>
      <trkpt lat="46.224455" lon="11.995040">
        <ele>809.250739</ele>
        <time>2026-08-17T22:39:34.208Z</time>
      </trkpt>
      <trkpt lat="46.224555" lon="11.995008">
        <ele>808.618387</ele>
        <time>2026-08-17T22:39:34.826Z</time>
      </trkpt>
      <trkpt lat="46.224615" lon="11.994990">
        <ele>808.240052</ele>
        <time>2026-08-17T22:39:35.174Z</time>
      </trkpt>
      <trkpt lat="46.224941" lon="11.995054">
        <ele>806.208841</ele>
        <time>2026-08-17T22:39:37.035Z</time>
      </trkpt>
      <trkpt lat="46.224990" lon="11.995018">
        <ele>805.869478</ele>
        <time>2026-08-17T22:39:37.341Z</time>
      </trkpt>
      <trkpt lat="46.225004" lon="11.994963">
        <ele>805.619156</ele>
        <time>2026-08-17T22:39:37.560Z</time>
      </trkpt>
      <trkpt lat="46.224991" lon="11.994880">
        <ele>805.255661</ele>
        <time>2026-08-17T22:39:37.874Z</time>
      </trkpt>
      <trkpt lat="46.224943" lon="11.994847">
        <ele>804.927494</ele>
        <time>2026-08-17T22:39:38.169Z</time>
      </trkpt>
      <trkpt lat="46.224780" lon="11.994868">
        <ele>803.917139</ele>
        <time>2026-08-17T22:39:39.038Z</time>
      </trkpt>
      <trkpt lat="46.224439" lon="11.994842">
        <ele>801.808871</ele>
        <time>2026-08-17T22:39:40.817Z</time>
      </trkpt>
      <trkpt lat="46.224041" lon="11.995189">
        <ele>797.289268</ele>
        <time>2026-08-17T22:39:43.178Z</time>
      </trkpt>
      <trkpt lat="46.223613" lon="11.995387">
        <ele>792.509799</ele>
        <time>2026-08-17T22:39:45.441Z</time>
      </trkpt>
      <trkpt lat="46.223552" lon="11.995490">
        <ele>791.512155</ele>
        <time>2026-08-17T22:39:45.918Z</time>
      </trkpt>
      <trkpt lat="46.223509" lon="11.995645">
        <ele>790.283367</ele>
        <time>2026-08-17T22:39:46.508Z</time>
      </trkpt>
      <trkpt lat="46.223365" lon="11.996439">
        <ele>784.243583</ele>
        <time>2026-08-17T22:39:49.451Z</time>
      </trkpt>
      <trkpt lat="46.223361" lon="11.996508">
        <ele>783.734090</ele>
        <time>2026-08-17T22:39:49.701Z</time>
      </trkpt>
      <trkpt lat="46.223296" lon="11.997336">
        <ele>778.305333</ele>
        <time>2026-08-17T22:39:52.718Z</time>
      </trkpt>
      <trkpt lat="46.223124" lon="11.998153">
        <ele>773.005144</ele>
        <time>2026-08-17T22:39:55.770Z</time>
      </trkpt>
      <trkpt lat="46.223121" lon="11.998775">
        <ele>769.144664</ele>
        <time>2026-08-17T22:39:57.992Z</time>
      </trkpt>
      <trkpt lat="46.223123" lon="11.999215">
        <ele>766.413786</ele>
        <time>2026-08-17T22:39:59.593Z</time>
      </trkpt>
      <trkpt lat="46.223045" lon="12.000184">
        <ele>762.841963</ele>
        <time>2026-08-17T22:40:03.334Z</time>
      </trkpt>
      <trkpt lat="46.223078" lon="12.000899">
        <ele>760.366780</ele>
        <time>2026-08-17T22:40:06.293Z</time>
      </trkpt>
      <trkpt lat="46.223146" lon="12.001307">
        <ele>758.917186</ele>
        <time>2026-08-17T22:40:08.075Z</time>
      </trkpt>
      <trkpt lat="46.223096" lon="12.001419">
        <ele>758.456778</ele>
        <time>2026-08-17T22:40:08.635Z</time>
      </trkpt>
      <trkpt lat="46.223021" lon="12.001423">
        <ele>758.082081</ele>
        <time>2026-08-17T22:40:09.087Z</time>
      </trkpt>
      <trkpt lat="46.222965" lon="12.001324">
        <ele>757.640377</ele>
        <time>2026-08-17T22:40:09.612Z</time>
      </trkpt>
      <trkpt lat="46.222887" lon="12.000494">
        <ele>752.990484</ele>
        <time>2026-08-17T22:40:12.884Z</time>
      </trkpt>
      <trkpt lat="46.222807" lon="11.999918">
        <ele>749.363296</ele>
        <time>2026-08-17T22:40:15.022Z</time>
      </trkpt>
      <trkpt lat="46.222719" lon="11.999529">
        <ele>746.836469</ele>
        <time>2026-08-17T22:40:16.475Z</time>
      </trkpt>
      <trkpt lat="46.222442" lon="11.999014">
        <ele>742.809008</ele>
        <time>2026-08-17T22:40:18.769Z</time>
      </trkpt>
      <trkpt lat="46.222126" lon="11.998282">
        <ele>737.233077</ele>
        <time>2026-08-17T22:40:21.794Z</time>
      </trkpt>
      <trkpt lat="46.221975" lon="11.997867">
        <ele>734.128948</ele>
        <time>2026-08-17T22:40:23.453Z</time>
      </trkpt>
      <trkpt lat="46.221707" lon="11.997078">
        <ele>728.310087</ele>
        <time>2026-08-17T22:40:26.645Z</time>
      </trkpt>
      <trkpt lat="46.221704" lon="11.996818">
        <ele>726.588596</ele>
        <time>2026-08-17T22:40:27.608Z</time>
      </trkpt>
      <trkpt lat="46.221768" lon="11.995810">
        <ele>720.094357</ele>
        <time>2026-08-17T22:40:31.337Z</time>
      </trkpt>
      <trkpt lat="46.221747" lon="11.995672">
        <ele>719.209490</ele>
        <time>2026-08-17T22:40:31.857Z</time>
      </trkpt>
      <trkpt lat="46.221709" lon="11.995601">
        <ele>718.647350</ele>
        <time>2026-08-17T22:40:32.185Z</time>
      </trkpt>
      <trkpt lat="46.221632" lon="11.995538">
        <ele>717.846471</ele>
        <time>2026-08-17T22:40:32.654Z</time>
      </trkpt>
      <trkpt lat="46.221147" lon="11.995380">
        <ele>713.346404</ele>
        <time>2026-08-17T22:40:35.256Z</time>
      </trkpt>
      <trkpt lat="46.221063" lon="11.995321">
        <ele>712.501061</ele>
        <time>2026-08-17T22:40:35.739Z</time>
      </trkpt>
      <trkpt lat="46.220996" lon="11.995171">
        <ele>711.382939</ele>
        <time>2026-08-17T22:40:36.371Z</time>
      </trkpt>
      <trkpt lat="46.220840" lon="11.994349">
        <ele>706.038217</ele>
        <time>2026-08-17T22:40:39.387Z</time>
      </trkpt>
      <trkpt lat="46.220743" lon="11.994271">
        <ele>705.028577</ele>
        <time>2026-08-17T22:40:39.964Z</time>
      </trkpt>
      <trkpt lat="46.220584" lon="11.994284">
        <ele>703.580048</ele>
        <time>2026-08-17T22:40:40.787Z</time>
      </trkpt>
      <trkpt lat="46.220479" lon="11.994407">
        <ele>702.350703</ele>
        <time>2026-08-17T22:40:41.495Z</time>
      </trkpt>
      <trkpt lat="46.219913" lon="11.995651">
        <ele>692.980904</ele>
        <time>2026-08-17T22:40:46.918Z</time>
      </trkpt>
      <trkpt lat="46.219761" lon="11.995813">
        <ele>691.263105</ele>
        <time>2026-08-17T22:40:47.915Z</time>
      </trkpt>
      <trkpt lat="46.219596" lon="11.995810">
        <ele>689.755811</ele>
        <time>2026-08-17T22:40:48.780Z</time>
      </trkpt>
      <trkpt lat="46.219445" lon="11.995677">
        <ele>688.139597</ele>
        <time>2026-08-17T22:40:49.700Z</time>
      </trkpt>
      <trkpt lat="46.218738" lon="11.994608">
        <ele>678.787733</ele>
        <time>2026-08-17T22:40:54.984Z</time>
      </trkpt>
      <trkpt lat="46.218469" lon="11.993444">
        <ele>672.031909</ele>
        <time>2026-08-17T22:40:59.462Z</time>
      </trkpt>
      <trkpt lat="46.218430" lon="11.993394">
        <ele>671.688066</ele>
        <time>2026-08-17T22:40:59.749Z</time>
      </trkpt>
      <trkpt lat="46.218369" lon="11.993387">
        <ele>671.284474</ele>
        <time>2026-08-17T22:41:00.088Z</time>
      </trkpt>
      <trkpt lat="46.218326" lon="11.993446">
        <ele>670.893416</ele>
        <time>2026-08-17T22:41:00.416Z</time>
      </trkpt>
      <trkpt lat="46.217915" lon="11.994145">
        <ele>666.707292</ele>
        <time>2026-08-17T22:41:03.952Z</time>
      </trkpt>
      <trkpt lat="46.217855" lon="11.994205">
        <ele>666.226070</ele>
        <time>2026-08-17T22:41:04.355Z</time>
      </trkpt>
      <trkpt lat="46.217690" lon="11.994264">
        <ele>665.104999</ele>
        <time>2026-08-17T22:41:05.295Z</time>
      </trkpt>
      <trkpt lat="46.217583" lon="11.994271">
        <ele>664.398559</ele>
        <time>2026-08-17T22:41:05.881Z</time>
      </trkpt>
      <trkpt lat="46.217472" lon="11.994237">
        <ele>663.650197</ele>
        <time>2026-08-17T22:41:06.513Z</time>
      </trkpt>
      <trkpt lat="46.217339" lon="11.994168">
        <ele>662.705266</ele>
        <time>2026-08-17T22:41:07.293Z</time>
      </trkpt>
      <trkpt lat="46.217176" lon="11.994029">
        <ele>661.168651</ele>
        <time>2026-08-17T22:41:08.326Z</time>
      </trkpt>
      <trkpt lat="46.216934" lon="11.993724">
        <ele>658.561664</ele>
        <time>2026-08-17T22:41:10.046Z</time>
      </trkpt>
      <trkpt lat="46.216678" lon="11.993532">
        <ele>656.219967</ele>
        <time>2026-08-17T22:41:11.562Z</time>
      </trkpt>
      <trkpt lat="46.215293" lon="11.992743">
        <ele>643.778133</ele>
        <time>2026-08-17T22:41:19.347Z</time>
      </trkpt>
      <trkpt lat="46.214927" lon="11.992292">
        <ele>639.529845</ele>
        <time>2026-08-17T22:41:21.884Z</time>
      </trkpt>
      <trkpt lat="46.214307" lon="11.991353">
        <ele>631.541476</ele>
        <time>2026-08-17T22:41:26.585Z</time>
      </trkpt>
      <trkpt lat="46.213529" lon="11.990238">
        <ele>621.075616</ele>
        <time>2026-08-17T22:41:32.249Z</time>
      </trkpt>
      <trkpt lat="46.213171" lon="11.989839">
        <ele>616.757280</ele>
        <time>2026-08-17T22:41:34.572Z</time>
      </trkpt>
      <trkpt lat="46.212711" lon="11.989232">
        <ele>613.268404</ele>
        <time>2026-08-17T22:41:37.837Z</time>
      </trkpt>
      <trkpt lat="46.212433" lon="11.989017">
        <ele>611.981719</ele>
        <time>2026-08-17T22:41:39.577Z</time>
      </trkpt>
      <trkpt lat="46.212132" lon="11.988913">
        <ele>610.718797</ele>
        <time>2026-08-17T22:41:41.449Z</time>
      </trkpt>
      <trkpt lat="46.211939" lon="11.988899">
        <ele>609.930223</ele>
        <time>2026-08-17T22:41:42.949Z</time>
      </trkpt>
      <trkpt lat="46.211843" lon="11.988920">
        <ele>609.534009</ele>
        <time>2026-08-17T22:41:43.927Z</time>
      </trkpt>
      <trkpt lat="46.211494" lon="11.989097">
        <ele>608.024670</ele>
        <time>2026-08-17T22:41:47.574Z</time>
      </trkpt>
      <trkpt lat="46.211344" lon="11.989126">
        <ele>607.572923</ele>
        <time>2026-08-17T22:41:48.854Z</time>
      </trkpt>
      <trkpt lat="46.210858" lon="11.989146">
        <ele>606.509939</ele>
        <time>2026-08-17T22:41:52.719Z</time>
      </trkpt>
      <trkpt lat="46.210728" lon="11.989179">
        <ele>606.221365</ele>
        <time>2026-08-17T22:41:53.722Z</time>
      </trkpt>
      <trkpt lat="46.210646" lon="11.989233">
        <ele>606.024348</ele>
        <time>2026-08-17T22:41:54.372Z</time>
      </trkpt>
      <trkpt lat="46.210548" lon="11.989376">
        <ele>605.719855</ele>
        <time>2026-08-17T22:41:55.345Z</time>
      </trkpt>
      <trkpt lat="46.210279" lon="11.989930">
        <ele>604.695924</ele>
        <time>2026-08-17T22:41:58.327Z</time>
      </trkpt>
      <trkpt lat="46.210179" lon="11.990070">
        <ele>604.391514</ele>
        <time>2026-08-17T22:41:59.136Z</time>
      </trkpt>
      <trkpt lat="46.210003" lon="11.990164">
        <ele>603.981279</ele>
        <time>2026-08-17T22:42:00.183Z</time>
      </trkpt>
      <trkpt lat="46.209169" lon="11.990368">
        <ele>602.115787</ele>
        <time>2026-08-17T22:42:04.900Z</time>
      </trkpt>
      <trkpt lat="46.209032" lon="11.990427">
        <ele>601.800270</ele>
        <time>2026-08-17T22:42:05.785Z</time>
      </trkpt>
      <trkpt lat="46.208698" lon="11.990811">
        <ele>600.858237</ele>
        <time>2026-08-17T22:42:08.691Z</time>
      </trkpt>
      <trkpt lat="46.208586" lon="11.991000">
        <ele>600.478183</ele>
        <time>2026-08-17T22:42:10.139Z</time>
      </trkpt>
      <trkpt lat="46.208411" lon="11.991259">
        <ele>599.925299</ele>
        <time>2026-08-17T22:42:12.715Z</time>
      </trkpt>
      <trkpt lat="46.208099" lon="11.991493">
        <ele>601.019280</ele>
        <time>2026-08-17T22:42:18.177Z</time>
      </trkpt>
      <trkpt lat="46.208017" lon="11.991599">
        <ele>601.413611</ele>
        <time>2026-08-17T22:42:20.643Z</time>
      </trkpt>
      <trkpt lat="46.207653" lon="11.992349">
        <ele>603.685723</ele>
        <time>2026-08-17T22:42:36.858Z</time>
      </trkpt>
      <trkpt lat="46.207611" lon="11.992530">
        <ele>604.159228</ele>
        <time>2026-08-17T22:42:39.247Z</time>
      </trkpt>
      <trkpt lat="46.207634" lon="11.992690">
        <ele>604.564553</ele>
        <time>2026-08-17T22:42:41.198Z</time>
      </trkpt>
      <trkpt lat="46.207807" lon="11.993022">
        <ele>605.595357</ele>
        <time>2026-08-17T22:42:46.259Z</time>
      </trkpt>
      <trkpt lat="46.207805" lon="11.993176">
        <ele>605.977395</ele>
        <time>2026-08-17T22:42:47.847Z</time>
      </trkpt>
      <trkpt lat="46.207784" lon="11.993231">
        <ele>606.133198</ele>
        <time>2026-08-17T22:42:48.500Z</time>
      </trkpt>
      <trkpt lat="46.207642" lon="11.993245">
        <ele>605.938808</ele>
        <time>2026-08-17T22:42:50.252Z</time>
      </trkpt>
      <trkpt lat="46.207201" lon="11.993256">
        <ele>604.193174</ele>
        <time>2026-08-17T22:42:53.718Z</time>
      </trkpt>
      <trkpt lat="46.206991" lon="11.993349">
        <ele>603.323885</ele>
        <time>2026-08-17T22:42:55.024Z</time>
      </trkpt>
      <trkpt lat="46.206775" lon="11.993572">
        <ele>602.273224</ele>
        <time>2026-08-17T22:42:56.456Z</time>
      </trkpt>
      <trkpt lat="46.206696" lon="11.993745">
        <ele>601.705518</ele>
        <time>2026-08-17T22:42:57.203Z</time>
      </trkpt>
      <trkpt lat="46.206658" lon="11.994324">
        <ele>600.112517</ele>
        <time>2026-08-17T22:42:59.313Z</time>
      </trkpt>
      <trkpt lat="46.206422" lon="11.995497">
        <ele>596.284232</ele>
        <time>2026-08-17T22:43:04.205Z</time>
      </trkpt>
      <trkpt lat="46.206430" lon="11.995681">
        <ele>595.678733</ele>
        <time>2026-08-17T22:43:05.150Z</time>
      </trkpt>
      <trkpt lat="46.206508" lon="11.995855">
        <ele>594.997858</ele>
        <time>2026-08-17T22:43:06.147Z</time>
      </trkpt>
      <trkpt lat="46.207114" lon="11.996411">
        <ele>591.591242</ele>
        <time>2026-08-17T22:43:10.536Z</time>
      </trkpt>
      <trkpt lat="46.207268" lon="11.996609">
        <ele>590.520773</ele>
        <time>2026-08-17T22:43:11.687Z</time>
      </trkpt>
      <trkpt lat="46.207376" lon="11.996826">
        <ele>587.677809</ele>
        <time>2026-08-17T22:43:12.694Z</time>
      </trkpt>
      <trkpt lat="46.207701" lon="11.997871">
        <ele>575.492107</ele>
        <time>2026-08-17T22:43:16.652Z</time>
      </trkpt>
      <trkpt lat="46.207715" lon="11.998162">
        <ele>572.389491</ele>
        <time>2026-08-17T22:43:17.640Z</time>
      </trkpt>
      <trkpt lat="46.207702" lon="11.998308">
        <ele>570.823798</ele>
        <time>2026-08-17T22:43:18.137Z</time>
      </trkpt>
      <trkpt lat="46.207637" lon="11.998575">
        <ele>567.813330</ele>
        <time>2026-08-17T22:43:19.095Z</time>
      </trkpt>
      <trkpt lat="46.207478" lon="11.998877">
        <ele>563.777284</ele>
        <time>2026-08-17T22:43:20.377Z</time>
      </trkpt>
      <trkpt lat="46.206943" lon="11.999437">
        <ele>557.082878</ele>
        <time>2026-08-17T22:43:23.651Z</time>
      </trkpt>
      <trkpt lat="46.206821" lon="11.999632">
        <ele>555.317191</ele>
        <time>2026-08-17T22:43:24.585Z</time>
      </trkpt>
      <trkpt lat="46.206769" lon="11.999890">
        <ele>553.512231</ele>
        <time>2026-08-17T22:43:25.569Z</time>
      </trkpt>
      <trkpt lat="46.206767" lon="12.000595">
        <ele>548.776766</ele>
        <time>2026-08-17T22:43:28.419Z</time>
      </trkpt>
      <trkpt lat="46.206728" lon="12.000819">
        <ele>547.225293</ele>
        <time>2026-08-17T22:43:29.452Z</time>
      </trkpt>
      <trkpt lat="46.206654" lon="12.001017">
        <ele>545.713799</ele>
        <time>2026-08-17T22:43:30.499Z</time>
      </trkpt>
      <trkpt lat="46.206539" lon="12.001148">
        <ele>544.820815</ele>
        <time>2026-08-17T22:43:31.462Z</time>
      </trkpt>
      <trkpt lat="46.206078" lon="12.001227">
        <ele>542.203221</ele>
        <time>2026-08-17T22:43:34.270Z</time>
      </trkpt>
      <trkpt lat="46.205990" lon="12.001329">
        <ele>541.567110</ele>
        <time>2026-08-17T22:43:34.919Z</time>
      </trkpt>
      <trkpt lat="46.205973" lon="12.001514">
        <ele>540.838854</ele>
        <time>2026-08-17T22:43:35.647Z</time>
      </trkpt>
      <trkpt lat="46.206067" lon="12.002545">
        <ele>536.780856</ele>
        <time>2026-08-17T22:43:39.509Z</time>
      </trkpt>
      <trkpt lat="46.205964" lon="12.004609">
        <ele>527.980692</ele>
        <time>2026-08-17T22:43:47.088Z</time>
      </trkpt>
      <trkpt lat="46.205952" lon="12.004722">
        <ele>527.486343</ele>
        <time>2026-08-17T22:43:47.524Z</time>
      </trkpt>
      <trkpt lat="46.205902" lon="12.005018">
        <ele>526.168820</ele>
        <time>2026-08-17T22:43:48.705Z</time>
      </trkpt>
      <trkpt lat="46.204912" lon="12.008218">
        <ele>522.488269</ele>
        <time>2026-08-17T22:44:05.131Z</time>
      </trkpt>
      <trkpt lat="46.204879" lon="12.008326">
        <ele>522.822455</ele>
        <time>2026-08-17T22:44:06.415Z</time>
      </trkpt>
      <trkpt lat="46.204795" lon="12.008641">
        <ele>523.778029</ele>
        <time>2026-08-17T22:44:10.600Z</time>
      </trkpt>
      <trkpt lat="46.204774" lon="12.008930">
        <ele>524.600601</ele>
        <time>2026-08-17T22:44:14.504Z</time>
      </trkpt>
      <trkpt lat="46.204788" lon="12.009270">
        <ele>525.564744</ele>
        <time>2026-08-17T22:44:19.640Z</time>
      </trkpt>
      <trkpt lat="46.205100" lon="12.010162">
        <ele>528.393885</ele>
        <time>2026-08-17T22:44:38.052Z</time>
      </trkpt>
      <trkpt lat="46.205139" lon="12.010460">
        <ele>529.180269</ele>
        <time>2026-08-17T22:44:43.420Z</time>
      </trkpt>
      <trkpt lat="46.205120" lon="12.010659">
        <ele>529.687383</ele>
        <time>2026-08-17T22:44:46.919Z</time>
      </trkpt>
      <trkpt lat="46.204790" lon="12.011758">
        <ele>532.711580</ele>
        <time>2026-08-17T22:45:04.894Z</time>
      </trkpt>
      <trkpt lat="46.204731" lon="12.012100">
        <ele>533.601349</ele>
        <time>2026-08-17T22:45:09.186Z</time>
      </trkpt>
      <trkpt lat="46.204636" lon="12.013779">
        <ele>530.887297</ele>
        <time>2026-08-17T22:45:17.213Z</time>
      </trkpt>
      <trkpt lat="46.204673" lon="12.014951">
        <ele>526.227931</ele>
        <time>2026-08-17T22:45:21.498Z</time>
      </trkpt>
      <trkpt lat="46.204638" lon="12.015190">
        <ele>525.257741</ele>
        <time>2026-08-17T22:45:22.369Z</time>
      </trkpt>
      <trkpt lat="46.204248" lon="12.016049">
        <ele>519.771581</ele>
        <time>2026-08-17T22:45:26.012Z</time>
      </trkpt>
      <trkpt lat="46.203953" lon="12.016869">
        <ele>514.686394</ele>
        <time>2026-08-17T22:45:29.352Z</time>
      </trkpt>
      <trkpt lat="46.203890" lon="12.017105">
        <ele>513.294560</ele>
        <time>2026-08-17T22:45:30.305Z</time>
      </trkpt>
      <trkpt lat="46.203885" lon="12.017301">
        <ele>512.215342</ele>
        <time>2026-08-17T22:45:31.059Z</time>
      </trkpt>
      <trkpt lat="46.203946" lon="12.017646">
        <ele>510.509326</ele>
        <time>2026-08-17T22:45:32.490Z</time>
      </trkpt>
      <trkpt lat="46.203977" lon="12.018009">
        <ele>510.390341</ele>
        <time>2026-08-17T22:45:34.059Z</time>
      </trkpt>
      <trkpt lat="46.203882" lon="12.019276">
        <ele>509.975754</ele>
        <time>2026-08-17T22:45:40.730Z</time>
      </trkpt>
      <trkpt lat="46.203841" lon="12.019510">
        <ele>509.897228</ele>
        <time>2026-08-17T22:45:42.813Z</time>
      </trkpt>
      <trkpt lat="46.203759" lon="12.019713">
        <ele>509.820764</ele>
        <time>2026-08-17T22:45:45.138Z</time>
      </trkpt>
      <trkpt lat="46.203710" lon="12.019800">
        <ele>509.784274</ele>
        <time>2026-08-17T22:45:46.261Z</time>
      </trkpt>
      <trkpt lat="46.203395" lon="12.020356">
        <ele>510.115406</ele>
        <time>2026-08-17T22:45:54.417Z</time>
      </trkpt>
      <trkpt lat="46.203331" lon="12.020565">
        <ele>510.365935</ele>
        <time>2026-08-17T22:45:56.812Z</time>
      </trkpt>
      <trkpt lat="46.203268" lon="12.020989">
        <ele>510.841315</ele>
        <time>2026-08-17T22:46:00.970Z</time>
      </trkpt>
      <trkpt lat="46.203295" lon="12.021509">
        <ele>511.412942</ele>
        <time>2026-08-17T22:46:06.299Z</time>
      </trkpt>
      <trkpt lat="46.203492" lon="12.022626">
        <ele>511.931011</ele>
        <time>2026-08-17T22:46:16.675Z</time>
      </trkpt>
      <trkpt lat="46.203523" lon="12.022828">
        <ele>511.014591</ele>
        <time>2026-08-17T22:46:17.617Z</time>
      </trkpt>
      <trkpt lat="46.203545" lon="12.022985">
        <ele>510.305105</ele>
        <time>2026-08-17T22:46:18.297Z</time>
      </trkpt>
      <trkpt lat="46.203549" lon="12.023200">
        <ele>509.352494</ele>
        <time>2026-08-17T22:46:19.154Z</time>
      </trkpt>
      <trkpt lat="46.203522" lon="12.023379">
        <ele>508.541065</ele>
        <time>2026-08-17T22:46:19.857Z</time>
      </trkpt>
      <trkpt lat="46.203413" lon="12.023684">
        <ele>507.020705</ele>
        <time>2026-08-17T22:46:21.146Z</time>
      </trkpt>
      <trkpt lat="46.202977" lon="12.024470">
        <ele>502.559199</ele>
        <time>2026-08-17T22:46:24.769Z</time>
      </trkpt>
      <trkpt lat="46.202625" lon="12.025614">
        <ele>496.736385</ele>
        <time>2026-08-17T22:46:29.234Z</time>
      </trkpt>
      <trkpt lat="46.202588" lon="12.025994">
        <ele>494.918855</ele>
        <time>2026-08-17T22:46:30.640Z</time>
      </trkpt>
      <trkpt lat="46.202587" lon="12.026112">
        <ele>494.359925</ele>
        <time>2026-08-17T22:46:31.084Z</time>
      </trkpt>
      <trkpt lat="46.202556" lon="12.026390">
        <ele>493.026243</ele>
        <time>2026-08-17T22:46:32.153Z</time>
      </trkpt>
      <trkpt lat="46.202481" lon="12.026544">
        <ele>492.134367</ele>
        <time>2026-08-17T22:46:32.896Z</time>
      </trkpt>
      <trkpt lat="46.200887" lon="12.028664">
        <ele>482.122819</ele>
        <time>2026-08-17T22:46:46.071Z</time>
      </trkpt>
      <trkpt lat="46.200811" lon="12.028812">
        <ele>481.618558</ele>
        <time>2026-08-17T22:46:46.755Z</time>
      </trkpt>
      <trkpt lat="46.200798" lon="12.029011">
        <ele>480.868703</ele>
        <time>2026-08-17T22:46:47.495Z</time>
      </trkpt>
      <trkpt lat="46.200826" lon="12.029449">
        <ele>479.201602</ele>
        <time>2026-08-17T22:46:49.114Z</time>
      </trkpt>
      <trkpt lat="46.200912" lon="12.030076">
        <ele>476.779041</ele>
        <time>2026-08-17T22:46:51.482Z</time>
      </trkpt>
      <trkpt lat="46.200891" lon="12.030246">
        <ele>476.124555</ele>
        <time>2026-08-17T22:46:52.126Z</time>
      </trkpt>
      <trkpt lat="46.200797" lon="12.030513">
        <ele>474.989227</ele>
        <time>2026-08-17T22:46:53.254Z</time>
      </trkpt>
      <trkpt lat="46.200671" lon="12.030743">
        <ele>473.877507</ele>
        <time>2026-08-17T22:46:54.391Z</time>
      </trkpt>
      <trkpt lat="46.200243" lon="12.031337">
        <ele>471.277213</ele>
        <time>2026-08-17T22:46:58.014Z</time>
      </trkpt>
      <trkpt lat="46.199827" lon="12.031786">
        <ele>470.080266</ele>
        <time>2026-08-17T22:47:02.091Z</time>
      </trkpt>
      <trkpt lat="46.199244" lon="12.032072">
        <ele>468.661047</ele>
        <time>2026-08-17T22:47:06.306Z</time>
      </trkpt>
      <trkpt lat="46.199174" lon="12.032148">
        <ele>468.459209</ele>
        <time>2026-08-17T22:47:06.853Z</time>
      </trkpt>
      <trkpt lat="46.199078" lon="12.032335">
        <ele>468.087748</ele>
        <time>2026-08-17T22:47:07.840Z</time>
      </trkpt>
      <trkpt lat="46.199030" lon="12.032568">
        <ele>467.699886</ele>
        <time>2026-08-17T22:47:08.842Z</time>
      </trkpt>
      <trkpt lat="46.198966" lon="12.033717">
        <ele>465.750364</ele>
        <time>2026-08-17T22:47:13.549Z</time>
      </trkpt>
      <trkpt lat="46.198867" lon="12.034074">
        <ele>465.097893</ele>
        <time>2026-08-17T22:47:15.122Z</time>
      </trkpt>
      <trkpt lat="46.198783" lon="12.034260">
        <ele>464.721105</ele>
        <time>2026-08-17T22:47:16.054Z</time>
      </trkpt>
      <trkpt lat="46.198696" lon="12.034403">
        <ele>464.398100</ele>
        <time>2026-08-17T22:47:16.882Z</time>
      </trkpt>
      <trkpt lat="46.197707" lon="12.035521">
        <ele>463.570623</ele>
        <time>2026-08-17T22:47:28.206Z</time>
      </trkpt>
      <trkpt lat="46.197566" lon="12.035739">
        <ele>463.672137</ele>
        <time>2026-08-17T22:47:30.649Z</time>
      </trkpt>
      <trkpt lat="46.197424" lon="12.036070">
        <ele>463.804631</ele>
        <time>2026-08-17T22:47:33.698Z</time>
      </trkpt>
      <trkpt lat="46.197193" lon="12.036472">
        <ele>463.982396</ele>
        <time>2026-08-17T22:47:37.683Z</time>
      </trkpt>
      <trkpt lat="46.197096" lon="12.036594">
        <ele>464.045613</ele>
        <time>2026-08-17T22:47:39.113Z</time>
      </trkpt>
      <trkpt lat="46.196896" lon="12.036746">
        <ele>464.142907</ele>
        <time>2026-08-17T22:47:41.715Z</time>
      </trkpt>
      <trkpt lat="46.196156" lon="12.036897">
        <ele>464.445229</ele>
        <time>2026-08-17T22:47:49.547Z</time>
      </trkpt>
      <trkpt lat="46.195833" lon="12.037107">
        <ele>464.588514</ele>
        <time>2026-08-17T22:47:52.689Z</time>
      </trkpt>
      <trkpt lat="46.195345" lon="12.037076">
        <ele>464.786115</ele>
        <time>2026-08-17T22:47:57.026Z</time>
      </trkpt>
      <trkpt lat="46.195234" lon="12.037036">
        <ele>464.724128</ele>
        <time>2026-08-17T22:47:58.091Z</time>
      </trkpt>
      <trkpt lat="46.194833" lon="12.036646">
        <ele>464.104951</ele>
        <time>2026-08-17T22:48:02.544Z</time>
      </trkpt>
      <trkpt lat="46.194733" lon="12.036584">
        <ele>463.965567</ele>
        <time>2026-08-17T22:48:03.409Z</time>
      </trkpt>
      <trkpt lat="46.194548" lon="12.036591">
        <ele>463.728525</ele>
        <time>2026-08-17T22:48:04.799Z</time>
      </trkpt>
      <trkpt lat="46.194086" lon="12.036860">
        <ele>463.090509</ele>
        <time>2026-08-17T22:48:08.193Z</time>
      </trkpt>
      <trkpt lat="46.194003" lon="12.036835">
        <ele>462.981911</ele>
        <time>2026-08-17T22:48:08.748Z</time>
      </trkpt>
      <trkpt lat="46.193410" lon="12.036454">
        <ele>461.551749</ele>
        <time>2026-08-17T22:48:12.806Z</time>
      </trkpt>
      <trkpt lat="46.192982" lon="12.036271">
        <ele>460.007231</ele>
        <time>2026-08-17T22:48:15.486Z</time>
      </trkpt>
      <trkpt lat="46.192890" lon="12.036257">
        <ele>459.687121</ele>
        <time>2026-08-17T22:48:16.031Z</time>
      </trkpt>
      <trkpt lat="46.192683" lon="12.036300">
        <ele>458.963471</ele>
        <time>2026-08-17T22:48:17.259Z</time>
      </trkpt>
      <trkpt lat="46.192328" lon="12.036505">
        <ele>457.640553</ele>
        <time>2026-08-17T22:48:19.512Z</time>
      </trkpt>
      <trkpt lat="46.192212" lon="12.036521">
        <ele>457.237332</ele>
        <time>2026-08-17T22:48:20.197Z</time>
      </trkpt>
      <trkpt lat="46.191617" lon="12.036382">
        <ele>455.194030</ele>
        <time>2026-08-17T22:48:23.792Z</time>
      </trkpt>
      <trkpt lat="46.191455" lon="12.036400">
        <ele>454.652921</ele>
        <time>2026-08-17T22:48:24.765Z</time>
      </trkpt>
      <trkpt lat="46.190750" lon="12.036575">
        <ele>452.270614</ele>
        <time>2026-08-17T22:48:29.031Z</time>
      </trkpt>
      <trkpt lat="46.190584" lon="12.036651">
        <ele>451.690675</ele>
        <time>2026-08-17T22:48:30.080Z</time>
      </trkpt>
      <trkpt lat="46.190393" lon="12.036791">
        <ele>450.977375</ele>
        <time>2026-08-17T22:48:31.378Z</time>
      </trkpt>
      <trkpt lat="46.190269" lon="12.036925">
        <ele>450.461644</ele>
        <time>2026-08-17T22:48:32.327Z</time>
      </trkpt>
      <trkpt lat="46.189584" lon="12.038007">
        <ele>447.717696</ele>
        <time>2026-08-17T22:48:38.913Z</time>
      </trkpt>
      <trkpt lat="46.189297" lon="12.038836">
        <ele>446.004785</ele>
        <time>2026-08-17T22:48:42.909Z</time>
      </trkpt>
      <trkpt lat="46.189232" lon="12.038977">
        <ele>445.691725</ele>
        <time>2026-08-17T22:48:43.617Z</time>
      </trkpt>
      <trkpt lat="46.188701" lon="12.039791">
        <ele>443.970597</ele>
        <time>2026-08-17T22:48:48.323Z</time>
      </trkpt>
      <trkpt lat="46.188605" lon="12.040002">
        <ele>443.590627</ele>
        <time>2026-08-17T22:48:49.336Z</time>
      </trkpt>
      <trkpt lat="46.188367" lon="12.040722">
        <ele>442.389918</ele>
        <time>2026-08-17T22:48:52.542Z</time>
      </trkpt>
      <trkpt lat="46.188021" lon="12.041427">
        <ele>442.676739</ele>
        <time>2026-08-17T22:48:59.450Z</time>
      </trkpt>
      <trkpt lat="46.187930" lon="12.041411">
        <ele>443.125864</ele>
        <time>2026-08-17T22:49:01.070Z</time>
      </trkpt>
      <trkpt lat="46.187273" lon="12.041182">
        <ele>446.437074</ele>
        <time>2026-08-17T22:49:16.957Z</time>
      </trkpt>
      <trkpt lat="46.187172" lon="12.041199">
        <ele>446.935250</ele>
        <time>2026-08-17T22:49:19.718Z</time>
      </trkpt>
      <trkpt lat="46.187032" lon="12.041381">
        <ele>447.858031</ele>
        <time>2026-08-17T22:49:25.363Z</time>
      </trkpt>
      <trkpt lat="46.186392" lon="12.042541">
        <ele>449.770153</ele>
        <time>2026-08-17T22:49:49.271Z</time>
      </trkpt>
      <trkpt lat="46.186101" lon="12.043348">
        <ele>449.005772</ele>
        <time>2026-08-17T22:49:53.441Z</time>
      </trkpt>
      <trkpt lat="46.185457" lon="12.044396">
        <ele>447.021869</ele>
        <time>2026-08-17T22:49:58.721Z</time>
      </trkpt>
      <trkpt lat="46.185192" lon="12.044707">
        <ele>445.723788</ele>
        <time>2026-08-17T22:50:00.551Z</time>
      </trkpt>
      <trkpt lat="46.184891" lon="12.045192">
        <ele>444.009429</ele>
        <time>2026-08-17T22:50:03.070Z</time>
      </trkpt>
      <trkpt lat="46.184740" lon="12.045527">
        <ele>442.957283</ele>
        <time>2026-08-17T22:50:04.745Z</time>
      </trkpt>
      <trkpt lat="46.184607" lon="12.045744">
        <ele>442.194471</ele>
        <time>2026-08-17T22:50:06.142Z</time>
      </trkpt>
      <trkpt lat="46.184506" lon="12.045858">
        <ele>441.707162</ele>
        <time>2026-08-17T22:50:07.186Z</time>
      </trkpt>
      <trkpt lat="46.184392" lon="12.045919">
        <ele>441.570424</ele>
        <time>2026-08-17T22:50:08.394Z</time>
      </trkpt>
      <trkpt lat="46.183852" lon="12.046071">
        <ele>444.973912</ele>
        <time>2026-08-17T22:50:17.739Z</time>
      </trkpt>
      <trkpt lat="46.183319" lon="12.046608">
        <ele>448.994189</ele>
        <time>2026-08-17T22:50:37.685Z</time>
      </trkpt>
      <trkpt lat="46.182775" lon="12.046927">
        <ele>452.556104</ele>
        <time>2026-08-17T22:50:57.703Z</time>
      </trkpt>
      <trkpt lat="46.182554" lon="12.047155">
        <ele>453.331207</ele>
        <time>2026-08-17T22:51:04.169Z</time>
      </trkpt>
      <trkpt lat="46.182104" lon="12.047443">
        <ele>454.735926</ele>
        <time>2026-08-17T22:51:10.845Z</time>
      </trkpt>
      <trkpt lat="46.181280" lon="12.048347">
        <ele>457.692565</ele>
        <time>2026-08-17T22:51:20.129Z</time>
      </trkpt>
      <trkpt lat="46.180786" lon="12.048870">
        <ele>459.541812</ele>
        <time>2026-08-17T22:51:31.374Z</time>
      </trkpt>
      <trkpt lat="46.180647" lon="12.048953">
        <ele>459.995926</ele>
        <time>2026-08-17T22:51:35.770Z</time>
      </trkpt>
      <trkpt lat="46.180428" lon="12.049022">
        <ele>460.672669</ele>
        <time>2026-08-17T22:51:41.933Z</time>
      </trkpt>
      <trkpt lat="46.180179" lon="12.049048">
        <ele>461.426400</ele>
        <time>2026-08-17T22:51:48.506Z</time>
      </trkpt>
      <trkpt lat="46.180045" lon="12.049133">
        <ele>461.868266</ele>
        <time>2026-08-17T22:51:51.364Z</time>
      </trkpt>
      <trkpt lat="46.179847" lon="12.049319">
        <ele>462.581385</ele>
        <time>2026-08-17T22:51:54.272Z</time>
      </trkpt>
      <trkpt lat="46.179676" lon="12.049530">
        <ele>462.636286</ele>
        <time>2026-08-17T22:51:56.033Z</time>
      </trkpt>
      <trkpt lat="46.179116" lon="12.050262">
        <ele>457.831046</ele>
        <time>2026-08-17T22:52:00.147Z</time>
      </trkpt>
      <trkpt lat="46.178634" lon="12.050992">
        <ele>453.387606</ele>
        <time>2026-08-17T22:52:03.739Z</time>
      </trkpt>
      <trkpt lat="46.178543" lon="12.051084">
        <ele>452.680911</ele>
        <time>2026-08-17T22:52:04.325Z</time>
      </trkpt>
      <trkpt lat="46.177952" lon="12.051379">
        <ele>449.033283</ele>
        <time>2026-08-17T22:52:07.865Z</time>
      </trkpt>
      <trkpt lat="46.177113" lon="12.051981">
        <ele>443.749206</ele>
        <time>2026-08-17T22:52:13.260Z</time>
      </trkpt>
      <trkpt lat="46.176247" lon="12.053045">
        <ele>438.038895</ele>
        <time>2026-08-17T22:52:19.402Z</time>
      </trkpt>
      <trkpt lat="46.176152" lon="12.053119">
        <ele>437.533536</ele>
        <time>2026-08-17T22:52:19.994Z</time>
      </trkpt>
      <trkpt lat="46.175853" lon="12.053210">
        <ele>436.102890</ele>
        <time>2026-08-17T22:52:21.705Z</time>
      </trkpt>
      <trkpt lat="46.175042" lon="12.053218">
        <ele>433.174073</ele>
        <time>2026-08-17T22:52:26.786Z</time>
      </trkpt>
      <trkpt lat="46.174346" lon="12.053519">
        <ele>433.737891</ele>
        <time>2026-08-17T22:52:33.811Z</time>
      </trkpt>
      <trkpt lat="46.174040" lon="12.053564">
        <ele>433.976586</ele>
        <time>2026-08-17T22:52:37.515Z</time>
      </trkpt>
      <trkpt lat="46.173625" lon="12.053753">
        <ele>434.314275</ele>
        <time>2026-08-17T22:52:43.716Z</time>
      </trkpt>
      <trkpt lat="46.172931" lon="12.053804">
        <ele>435.788411</ele>
        <time>2026-08-17T22:52:55.297Z</time>
      </trkpt>
      <trkpt lat="46.172743" lon="12.053867">
        <ele>436.282102</ele>
        <time>2026-08-17T22:52:58.369Z</time>
      </trkpt>
      <trkpt lat="46.172460" lon="12.054213">
        <ele>437.230643</ele>
        <time>2026-08-17T22:53:03.574Z</time>
      </trkpt>
      <trkpt lat="46.172191" lon="12.054373">
        <ele>437.974842</ele>
        <time>2026-08-17T22:53:07.172Z</time>
      </trkpt>
      <trkpt lat="46.172104" lon="12.054491">
        <ele>438.280164</ele>
        <time>2026-08-17T22:53:08.678Z</time>
      </trkpt>
      <trkpt lat="46.171611" lon="12.055447">
        <ele>440.327229</ele>
        <time>2026-08-17T22:53:22.038Z</time>
      </trkpt>
      <trkpt lat="46.171496" lon="12.055555">
        <ele>440.661328</ele>
        <time>2026-08-17T22:53:24.464Z</time>
      </trkpt>
      <trkpt lat="46.171385" lon="12.055595">
        <ele>440.939955</ele>
        <time>2026-08-17T22:53:26.397Z</time>
      </trkpt>
      <trkpt lat="46.171051" lon="12.055570">
        <ele>441.754492</ele>
        <time>2026-08-17T22:53:31.540Z</time>
      </trkpt>
      <trkpt lat="46.170658" lon="12.055857">
        <ele>442.827067</ele>
        <time>2026-08-17T22:53:37.475Z</time>
      </trkpt>
      <trkpt lat="46.170043" lon="12.056332">
        <ele>442.772410</ele>
        <time>2026-08-17T22:53:46.715Z</time>
      </trkpt>
      <trkpt lat="46.169883" lon="12.056503">
        <ele>442.482891</ele>
        <time>2026-08-17T22:53:49.277Z</time>
      </trkpt>
      <trkpt lat="46.169678" lon="12.056766">
        <ele>442.084048</ele>
        <time>2026-08-17T22:53:51.156Z</time>
      </trkpt>
      <trkpt lat="46.169551" lon="12.056866">
        <ele>441.873654</ele>
        <time>2026-08-17T22:53:52.026Z</time>
      </trkpt>
      <trkpt lat="46.169354" lon="12.056938">
        <ele>441.578091</ele>
        <time>2026-08-17T22:53:53.234Z</time>
      </trkpt>
      <trkpt lat="46.169052" lon="12.056975">
        <ele>441.137267</ele>
        <time>2026-08-17T22:53:54.972Z</time>
      </trkpt>
      <trkpt lat="46.168667" lon="12.057096">
        <ele>440.408400</ele>
        <time>2026-08-17T22:53:57.257Z</time>
      </trkpt>
      <trkpt lat="46.168525" lon="12.057213">
        <ele>440.021064</ele>
        <time>2026-08-17T22:53:58.248Z</time>
      </trkpt>
      <trkpt lat="46.168004" lon="12.057632">
        <ele>438.608199</ele>
        <time>2026-08-17T22:54:01.869Z</time>
      </trkpt>
      <trkpt lat="46.167909" lon="12.057662">
        <ele>438.377810</ele>
        <time>2026-08-17T22:54:02.434Z</time>
      </trkpt>
      <trkpt lat="46.167589" lon="12.057615">
        <ele>437.615768</ele>
        <time>2026-08-17T22:54:04.434Z</time>
      </trkpt>
      <trkpt lat="46.167269" lon="12.057723">
        <ele>436.837204</ele>
        <time>2026-08-17T22:54:06.947Z</time>
      </trkpt>
      <trkpt lat="46.166582" lon="12.058028">
        <ele>436.398144</ele>
        <time>2026-08-17T22:54:15.651Z</time>
      </trkpt>
      <trkpt lat="46.166154" lon="12.058043">
        <ele>436.288923</ele>
        <time>2026-08-17T22:54:20.184Z</time>
      </trkpt>
      <trkpt lat="46.166093" lon="12.058075">
        <ele>436.272366</ele>
        <time>2026-08-17T22:54:20.746Z</time>
      </trkpt>
      <trkpt lat="46.165951" lon="12.058223">
        <ele>436.227687</ele>
        <time>2026-08-17T22:54:22.246Z</time>
      </trkpt>
      <trkpt lat="46.165446" lon="12.059052">
        <ele>435.918222</ele>
        <time>2026-08-17T22:54:27.639Z</time>
      </trkpt>
      <trkpt lat="46.164979" lon="12.059708">
        <ele>435.430650</ele>
        <time>2026-08-17T22:54:31.540Z</time>
      </trkpt>
      <trkpt lat="46.164833" lon="12.059876">
        <ele>435.290941</ele>
        <time>2026-08-17T22:54:32.743Z</time>
      </trkpt>
      <trkpt lat="46.164620" lon="12.060049">
        <ele>435.108058</ele>
        <time>2026-08-17T22:54:34.492Z</time>
      </trkpt>
      <trkpt lat="46.164580" lon="12.060078">
        <ele>435.074563</ele>
        <time>2026-08-17T22:54:34.911Z</time>
      </trkpt>
      <trkpt lat="46.164209" lon="12.060374">
        <ele>434.757363</ele>
        <time>2026-08-17T22:54:39.560Z</time>
      </trkpt>
      <trkpt lat="46.163492" lon="12.060887">
        <ele>440.870697</ele>
        <time>2026-08-17T22:54:57.410Z</time>
      </trkpt>
      <trkpt lat="46.163477" lon="12.060897">
        <ele>440.999647</ele>
        <time>2026-08-17T22:54:57.981Z</time>
      </trkpt>
      <trkpt lat="46.163470" lon="12.060903">
        <ele>441.063183</ele>
        <time>2026-08-17T22:54:58.303Z</time>
      </trkpt>
      <trkpt lat="46.163351" lon="12.061030">
        <ele>442.218144</ele>
        <time>2026-08-17T22:55:03.604Z</time>
      </trkpt>
      <trkpt lat="46.163242" lon="12.061287">
        <ele>443.847187</ele>
        <time>2026-08-17T22:55:11.707Z</time>
      </trkpt>
      <trkpt lat="46.163225" lon="12.061613">
        <ele>445.614428</ele>
        <time>2026-08-17T22:55:20.024Z</time>
      </trkpt>
      <trkpt lat="46.163379" lon="12.062673">
        <ele>451.048351</ele>
        <time>2026-08-17T22:55:44.780Z</time>
      </trkpt>
      <trkpt lat="46.163422" lon="12.063003">
        <ele>452.579063</ele>
        <time>2026-08-17T22:55:51.013Z</time>
      </trkpt>
      <trkpt lat="46.163423" lon="12.063312">
        <ele>453.987669</ele>
        <time>2026-08-17T22:55:56.325Z</time>
      </trkpt>
      <trkpt lat="46.163096" lon="12.066021">
        <ele>463.841706</ele>
        <time>2026-08-17T22:56:35.497Z</time>
      </trkpt>
      <trkpt lat="46.163024" lon="12.066351">
        <ele>464.702249</ele>
        <time>2026-08-17T22:56:41.394Z</time>
      </trkpt>
      <trkpt lat="46.162604" lon="12.066997">
        <ele>466.905993</ele>
        <time>2026-08-17T22:56:51.568Z</time>
      </trkpt>
      <trkpt lat="46.162511" lon="12.067227">
        <ele>466.447940</ele>
        <time>2026-08-17T22:56:53.223Z</time>
      </trkpt>
      <trkpt lat="46.162425" lon="12.067527">
        <ele>465.398138</ele>
        <time>2026-08-17T22:56:54.780Z</time>
      </trkpt>
      <trkpt lat="46.162297" lon="12.068991">
        <ele>460.626955</ele>
        <time>2026-08-17T22:57:00.241Z</time>
      </trkpt>
      <trkpt lat="46.162228" lon="12.069542">
        <ele>458.816493</ele>
        <time>2026-08-17T22:57:02.304Z</time>
      </trkpt>
      <trkpt lat="46.161964" lon="12.070433">
        <ele>459.364787</ele>
        <time>2026-08-17T22:57:06.641Z</time>
      </trkpt>
      <trkpt lat="46.161922" lon="12.071048">
        <ele>459.817563</ele>
        <time>2026-08-17T22:57:13.764Z</time>
      </trkpt>
      <trkpt lat="46.161772" lon="12.071565">
        <ele>460.228244</ele>
        <time>2026-08-17T22:57:22.338Z</time>
      </trkpt>
      <trkpt lat="46.161385" lon="12.072601">
        <ele>460.972621</ele>
        <time>2026-08-17T22:57:37.228Z</time>
      </trkpt>
      <trkpt lat="46.161193" lon="12.073357">
        <ele>461.424255</ele>
        <time>2026-08-17T22:57:43.740Z</time>
      </trkpt>
      <trkpt lat="46.161053" lon="12.074803">
        <ele>461.497831</ele>
        <time>2026-08-17T22:57:50.499Z</time>
      </trkpt>
      <trkpt lat="46.160824" lon="12.076262">
        <ele>459.200313</ele>
        <time>2026-08-17T22:57:58.003Z</time>
      </trkpt>
      <trkpt lat="46.160805" lon="12.076740">
        <ele>458.464999</ele>
        <time>2026-08-17T22:58:00.190Z</time>
      </trkpt>
      <trkpt lat="46.160617" lon="12.077452">
        <ele>455.754892</ele>
        <time>2026-08-17T22:58:03.148Z</time>
      </trkpt>
      <trkpt lat="46.160592" lon="12.077815">
        <ele>454.060857</ele>
        <time>2026-08-17T22:58:04.504Z</time>
      </trkpt>
      <trkpt lat="46.160615" lon="12.078213">
        <ele>452.206179</ele>
        <time>2026-08-17T22:58:05.978Z</time>
      </trkpt>
      <trkpt lat="46.160524" lon="12.078681">
        <ele>449.948835</ele>
        <time>2026-08-17T22:58:07.754Z</time>
      </trkpt>
      <trkpt lat="46.160349" lon="12.079328">
        <ele>446.723283</ele>
        <time>2026-08-17T22:58:10.290Z</time>
      </trkpt>
      <trkpt lat="46.160252" lon="12.080625">
        <ele>441.793147</ele>
        <time>2026-08-17T22:58:15.292Z</time>
      </trkpt>
      <trkpt lat="46.159932" lon="12.082105">
        <ele>436.066513</ele>
        <time>2026-08-17T22:58:21.635Z</time>
      </trkpt>
      <trkpt lat="46.159735" lon="12.083224">
        <ele>431.272021</ele>
        <time>2026-08-17T22:58:25.929Z</time>
      </trkpt>
      <trkpt lat="46.159592" lon="12.083834">
        <ele>428.597789</ele>
        <time>2026-08-17T22:58:28.365Z</time>
      </trkpt>
      <trkpt lat="46.159522" lon="12.084136">
        <ele>427.275346</ele>
        <time>2026-08-17T22:58:29.582Z</time>
      </trkpt>
      <trkpt lat="46.159405" lon="12.084429">
        <ele>425.870917</ele>
        <time>2026-08-17T22:58:30.882Z</time>
      </trkpt>
      <trkpt lat="46.159227" lon="12.084628">
        <ele>424.829396</ele>
        <time>2026-08-17T22:58:32.135Z</time>
      </trkpt>
      <trkpt lat="46.159042" lon="12.084728">
        <ele>423.953275</ele>
        <time>2026-08-17T22:58:33.250Z</time>
      </trkpt>
      <trkpt lat="46.158803" lon="12.084774">
        <ele>422.883904</ele>
        <time>2026-08-17T22:58:34.664Z</time>
      </trkpt>
      <trkpt lat="46.157196" lon="12.084769">
        <ele>415.207360</ele>
        <time>2026-08-17T22:58:44.124Z</time>
      </trkpt>
      <trkpt lat="46.156998" lon="12.084724">
        <ele>414.070730</ele>
        <time>2026-08-17T22:58:45.213Z</time>
      </trkpt>
      <trkpt lat="46.156667" lon="12.084456">
        <ele>411.918672</ele>
        <time>2026-08-17T22:58:47.243Z</time>
      </trkpt>
      <trkpt lat="46.156252" lon="12.084076">
        <ele>409.131867</ele>
        <time>2026-08-17T22:58:49.906Z</time>
      </trkpt>
      <trkpt lat="46.155987" lon="12.083725">
        <ele>407.306459</ele>
        <time>2026-08-17T22:58:51.888Z</time>
      </trkpt>
      <trkpt lat="46.155915" lon="12.083588">
        <ele>406.962313</ele>
        <time>2026-08-17T22:58:52.563Z</time>
      </trkpt>
      <trkpt lat="46.155747" lon="12.083068">
        <ele>405.814054</ele>
        <time>2026-08-17T22:58:54.943Z</time>
      </trkpt>
      <trkpt lat="46.155657" lon="12.082914">
        <ele>405.410833</ele>
        <time>2026-08-17T22:58:55.843Z</time>
      </trkpt>
      <trkpt lat="46.154761" lon="12.082018">
        <ele>402.307793</ele>
        <time>2026-08-17T22:59:03.082Z</time>
      </trkpt>
      <trkpt lat="46.154722" lon="12.082000">
        <ele>402.266536</ele>
        <time>2026-08-17T22:59:03.342Z</time>
      </trkpt>
      <trkpt lat="46.154611" lon="12.081960">
        <ele>402.151257</ele>
        <time>2026-08-17T22:59:04.073Z</time>
      </trkpt>
      <trkpt lat="46.153942" lon="12.081742">
        <ele>401.460193</ele>
        <time>2026-08-17T22:59:09.161Z</time>
      </trkpt>
      <trkpt lat="46.153724" lon="12.081613">
        <ele>401.222791</ele>
        <time>2026-08-17T22:59:11.207Z</time>
      </trkpt>
      <trkpt lat="46.153614" lon="12.081457">
        <ele>401.067414</ele>
        <time>2026-08-17T22:59:12.443Z</time>
      </trkpt>
      <trkpt lat="46.153460" lon="12.081090">
        <ele>400.767910</ele>
        <time>2026-08-17T22:59:14.649Z</time>
      </trkpt>
      <trkpt lat="46.153379" lon="12.080843">
        <ele>400.577157</ele>
        <time>2026-08-17T22:59:16.122Z</time>
      </trkpt>
      <trkpt lat="46.153341" lon="12.080645">
        <ele>400.089298</ele>
        <time>2026-08-17T22:59:17.208Z</time>
      </trkpt>
      <trkpt lat="46.153284" lon="12.080620">
        <ele>399.789632</ele>
        <time>2026-08-17T22:59:17.657Z</time>
      </trkpt>
      <trkpt lat="46.153149" lon="12.080276">
        <ele>398.411933</ele>
        <time>2026-08-17T22:59:19.735Z</time>
      </trkpt>
      <trkpt lat="46.153064" lon="12.080156">
        <ele>397.813878</ele>
        <time>2026-08-17T22:59:20.548Z</time>
      </trkpt>
      <trkpt lat="46.152933" lon="12.080116">
        <ele>397.140335</ele>
        <time>2026-08-17T22:59:21.400Z</time>
      </trkpt>
      <trkpt lat="46.152795" lon="12.080157">
        <ele>396.431611</ele>
        <time>2026-08-17T22:59:22.243Z</time>
      </trkpt>
      <trkpt lat="46.152718" lon="12.080215">
        <ele>395.994722</ele>
        <time>2026-08-17T22:59:22.747Z</time>
      </trkpt>
      <trkpt lat="46.152643" lon="12.080326">
        <ele>395.454405</ele>
        <time>2026-08-17T22:59:23.347Z</time>
      </trkpt>
      <trkpt lat="46.152599" lon="12.080450">
        <ele>394.968920</ele>
        <time>2026-08-17T22:59:23.868Z</time>
      </trkpt>
      <trkpt lat="46.152593" lon="12.080537">
        <ele>394.664257</ele>
        <time>2026-08-17T22:59:24.194Z</time>
      </trkpt>
      <trkpt lat="46.152625" lon="12.080753">
        <ele>393.894552</ele>
        <time>2026-08-17T22:59:25.005Z</time>
      </trkpt>
      <trkpt lat="46.152789" lon="12.081014">
        <ele>392.666652</ele>
        <time>2026-08-17T22:59:26.277Z</time>
      </trkpt>
      <trkpt lat="46.153362" lon="12.081876">
        <ele>387.059673</ele>
        <time>2026-08-17T22:59:30.578Z</time>
      </trkpt>
      <trkpt lat="46.153720" lon="12.082083">
        <ele>384.176168</ele>
        <time>2026-08-17T22:59:32.609Z</time>
      </trkpt>
      <trkpt lat="46.154090" lon="12.082520">
        <ele>380.601729</ele>
        <time>2026-08-17T22:59:35.181Z</time>
      </trkpt>
      <trkpt lat="46.154272" lon="12.082575">
        <ele>379.211419</ele>
        <time>2026-08-17T22:59:36.208Z</time>
      </trkpt>
      <trkpt lat="46.154505" lon="12.082577">
        <ele>377.774760</ele>
        <time>2026-08-17T22:59:37.535Z</time>
      </trkpt>
      <trkpt lat="46.154621" lon="12.082677">
        <ele>377.320935</ele>
        <time>2026-08-17T22:59:38.326Z</time>
      </trkpt>
      <trkpt lat="46.154981" lon="12.083295">
        <ele>375.442129</ele>
        <time>2026-08-17T22:59:41.780Z</time>
      </trkpt>
      <trkpt lat="46.155071" lon="12.083513">
        <ele>374.851641</ele>
        <time>2026-08-17T22:59:42.917Z</time>
      </trkpt>
      <trkpt lat="46.155342" lon="12.084894">
        <ele>371.387967</ele>
        <time>2026-08-17T22:59:49.122Z</time>
      </trkpt>
      <trkpt lat="46.155431" lon="12.085495">
        <ele>369.581201</ele>
        <time>2026-08-17T22:59:51.605Z</time>
      </trkpt>
      <trkpt lat="46.155404" lon="12.085800">
        <ele>368.677258</ele>
        <time>2026-08-17T22:59:52.825Z</time>
      </trkpt>
      <trkpt lat="46.155307" lon="12.086305">
        <ele>367.136620</ele>
        <time>2026-08-17T22:59:54.888Z</time>
      </trkpt>
      <trkpt lat="46.155308" lon="12.086441">
        <ele>366.736779</ele>
        <time>2026-08-17T22:59:55.420Z</time>
      </trkpt>
      <trkpt lat="46.155345" lon="12.086590">
        <ele>366.271448</ele>
        <time>2026-08-17T22:59:56.050Z</time>
      </trkpt>
      <trkpt lat="46.155366" lon="12.086638">
        <ele>366.104547</ele>
        <time>2026-08-17T22:59:56.276Z</time>
      </trkpt>
      <trkpt lat="46.155708" lon="12.087369">
        <ele>364.180655</ele>
        <time>2026-08-17T22:59:59.731Z</time>
      </trkpt>
      <trkpt lat="46.155915" lon="12.087610">
        <ele>363.953876</ele>
        <time>2026-08-17T23:00:01.299Z</time>
      </trkpt>
      <trkpt lat="46.156113" lon="12.087809">
        <ele>363.748135</ele>
        <time>2026-08-17T23:00:02.880Z</time>
      </trkpt>
      <trkpt lat="46.156176" lon="12.087924">
        <ele>363.661525</ele>
        <time>2026-08-17T23:00:03.644Z</time>
      </trkpt>
      <trkpt lat="46.156190" lon="12.088033">
        <ele>363.596039</ele>
        <time>2026-08-17T23:00:04.216Z</time>
      </trkpt>
      <trkpt lat="46.156219" lon="12.088445">
        <ele>363.351410</ele>
        <time>2026-08-17T23:00:06.712Z</time>
      </trkpt>
      <trkpt lat="46.156229" lon="12.088574">
        <ele>363.274731</ele>
        <time>2026-08-17T23:00:07.713Z</time>
      </trkpt>
      <trkpt lat="46.156259" lon="12.089687">
        <ele>363.882457</ele>
        <time>2026-08-17T23:00:17.829Z</time>
      </trkpt>
      <trkpt lat="46.156290" lon="12.090035">
        <ele>364.997681</ele>
        <time>2026-08-17T23:00:22.210Z</time>
      </trkpt>
      <trkpt lat="46.156331" lon="12.090488">
        <ele>366.449775</ele>
        <time>2026-08-17T23:00:29.157Z</time>
      </trkpt>
      <trkpt lat="46.156392" lon="12.091046">
        <ele>368.245320</ele>
        <time>2026-08-17T23:00:37.854Z</time>
      </trkpt>
      <trkpt lat="46.156437" lon="12.091283">
        <ele>369.026408</ele>
        <time>2026-08-17T23:00:41.669Z</time>
      </trkpt>
      <trkpt lat="46.156509" lon="12.091505">
        <ele>369.805544</ele>
        <time>2026-08-17T23:00:45.514Z</time>
      </trkpt>
      <trkpt lat="46.157102" lon="12.092687">
        <ele>374.026495</ele>
        <time>2026-08-17T23:01:07.838Z</time>
      </trkpt>
      <trkpt lat="46.157237" lon="12.093132">
        <ele>375.379480</ele>
        <time>2026-08-17T23:01:14.423Z</time>
      </trkpt>
      <trkpt lat="46.157666" lon="12.094816">
        <ele>379.297322</ele>
        <time>2026-08-17T23:01:32.698Z</time>
      </trkpt>
      <trkpt lat="46.157695" lon="12.095100">
        <ele>379.681286</ele>
        <time>2026-08-17T23:01:35.088Z</time>
      </trkpt>
      <trkpt lat="46.157691" lon="12.095560">
        <ele>380.296597</ele>
        <time>2026-08-17T23:01:39.030Z</time>
      </trkpt>
      <trkpt lat="46.157745" lon="12.095998">
        <ele>380.891641</ele>
        <time>2026-08-17T23:01:43.023Z</time>
      </trkpt>
      <trkpt lat="46.157949" lon="12.096734">
        <ele>381.909046</ele>
        <time>2026-08-17T23:01:50.370Z</time>
      </trkpt>
      <trkpt lat="46.158031" lon="12.097604">
        <ele>382.801616</ele>
        <time>2026-08-17T23:01:58.740Z</time>
      </trkpt>
      <trkpt lat="46.158111" lon="12.097901">
        <ele>383.125564</ele>
        <time>2026-08-17T23:02:01.752Z</time>
      </trkpt>
      <trkpt lat="46.158859" lon="12.099531">
        <ele>384.617204</ele>
        <time>2026-08-17T23:02:17.025Z</time>
      </trkpt>
      <trkpt lat="46.158983" lon="12.099870">
        <ele>384.730905</ele>
        <time>2026-08-17T23:02:19.501Z</time>
      </trkpt>
      <trkpt lat="46.159066" lon="12.100233">
        <ele>384.844281</ele>
        <time>2026-08-17T23:02:22.188Z</time>
      </trkpt>
      <trkpt lat="46.159206" lon="12.101122">
        <ele>385.114675</ele>
        <time>2026-08-17T23:02:28.159Z</time>
      </trkpt>
      <trkpt lat="46.159288" lon="12.101879">
        <ele>385.547658</ele>
        <time>2026-08-17T23:02:32.528Z</time>
      </trkpt>
      <trkpt lat="46.159760" lon="12.102978">
        <ele>386.427771</ele>
        <time>2026-08-17T23:02:41.993Z</time>
      </trkpt>
      <trkpt lat="46.160075" lon="12.103896">
        <ele>387.538212</ele>
        <time>2026-08-17T23:02:51.339Z</time>
      </trkpt>
      <trkpt lat="46.160316" lon="12.104303">
        <ele>388.764900</ele>
        <time>2026-08-17T23:02:57.689Z</time>
      </trkpt>
      <trkpt lat="46.160554" lon="12.104607">
        <ele>389.815942</ele>
        <time>2026-08-17T23:03:03.646Z</time>
      </trkpt>
      <trkpt lat="46.160857" lon="12.104859">
        <ele>390.972505</ele>
        <time>2026-08-17T23:03:10.168Z</time>
      </trkpt>
      <trkpt lat="46.160948" lon="12.105007">
        <ele>391.425879</ele>
        <time>2026-08-17T23:03:12.714Z</time>
      </trkpt>
      <trkpt lat="46.161120" lon="12.105491">
        <ele>392.672095</ele>
        <time>2026-08-17T23:03:19.614Z</time>
      </trkpt>
      <trkpt lat="46.161629" lon="12.106459">
        <ele>393.850521</ele>
        <time>2026-08-17T23:03:32.460Z</time>
      </trkpt>
      <trkpt lat="46.161882" lon="12.106857">
        <ele>394.310858</ele>
        <time>2026-08-17T23:03:36.873Z</time>
      </trkpt>
      <trkpt lat="46.162186" lon="12.107322">
        <ele>394.855737</ele>
        <time>2026-08-17T23:03:41.302Z</time>
      </trkpt>
      <trkpt lat="46.162538" lon="12.108019">
        <ele>394.111242</ele>
        <time>2026-08-17T23:03:45.354Z</time>
      </trkpt>
      <trkpt lat="46.162608" lon="12.108224">
        <ele>393.703770</ele>
        <time>2026-08-17T23:03:46.310Z</time>
      </trkpt>
      <trkpt lat="46.162674" lon="12.108546">
        <ele>393.105104</ele>
        <time>2026-08-17T23:03:47.693Z</time>
      </trkpt>
      <trkpt lat="46.162711" lon="12.108563">
        <ele>393.005160</ele>
        <time>2026-08-17T23:03:50.098Z</time>
      </trkpt>
      <trkpt lat="46.162674" lon="12.108546">
        <ele>392.905217</ele>
        <time>2026-08-17T23:03:52.408Z</time>
      </trkpt>
      <trkpt lat="46.162777" lon="12.109241">
        <ele>391.638138</ele>
        <time>2026-08-17T23:03:55.375Z</time>
      </trkpt>
      <trkpt lat="46.162788" lon="12.109708">
        <ele>390.805100</ele>
        <time>2026-08-17T23:03:57.329Z</time>
      </trkpt>
      <trkpt lat="46.162808" lon="12.109827">
        <ele>390.586793</ele>
        <time>2026-08-17T23:03:57.852Z</time>
      </trkpt>
      <trkpt lat="46.163445" lon="12.110698">
        <ele>390.117612</ele>
        <time>2026-08-17T23:04:03.861Z</time>
      </trkpt>
      <trkpt lat="46.163488" lon="12.110792">
        <ele>390.083581</ele>
        <time>2026-08-17T23:04:04.638Z</time>
      </trkpt>
      <trkpt lat="46.163496" lon="12.110892">
        <ele>390.053171</ele>
        <time>2026-08-17T23:04:05.332Z</time>
      </trkpt>
      <trkpt lat="46.163459" lon="12.111059">
        <ele>390.000204</ele>
        <time>2026-08-17T23:04:06.671Z</time>
      </trkpt>
      <trkpt lat="46.163319" lon="12.111394">
        <ele>389.882009</ele>
        <time>2026-08-17T23:04:09.826Z</time>
      </trkpt>
      <trkpt lat="46.162790" lon="12.112555">
        <ele>389.444343</ele>
        <time>2026-08-17T23:04:20.631Z</time>
      </trkpt>
      <trkpt lat="46.162737" lon="12.112717">
        <ele>389.386124</ele>
        <time>2026-08-17T23:04:21.820Z</time>
      </trkpt>
      <trkpt lat="46.162705" lon="12.112877">
        <ele>389.332008</ele>
        <time>2026-08-17T23:04:22.839Z</time>
      </trkpt>
      <trkpt lat="46.162628" lon="12.114028">
        <ele>388.956251</ele>
        <time>2026-08-17T23:04:28.885Z</time>
      </trkpt>
      <trkpt lat="46.162704" lon="12.114637">
        <ele>388.331620</ele>
        <time>2026-08-17T23:04:31.644Z</time>
      </trkpt>
      <trkpt lat="46.162691" lon="12.114854">
        <ele>387.958293</ele>
        <time>2026-08-17T23:04:32.574Z</time>
      </trkpt>
      <trkpt lat="46.162643" lon="12.115052">
        <ele>387.598732</ele>
        <time>2026-08-17T23:04:33.467Z</time>
      </trkpt>
      <trkpt lat="46.162444" lon="12.115413">
        <ele>386.807922</ele>
        <time>2026-08-17T23:04:35.430Z</time>
      </trkpt>
      <trkpt lat="46.161955" lon="12.115901">
        <ele>385.336855</ele>
        <time>2026-08-17T23:04:39.059Z</time>
      </trkpt>
      <trkpt lat="46.161324" lon="12.116954">
        <ele>384.482249</ele>
        <time>2026-08-17T23:04:45.482Z</time>
      </trkpt>
      <trkpt lat="46.161181" lon="12.117201">
        <ele>384.512284</ele>
        <time>2026-08-17T23:04:47.559Z</time>
      </trkpt>
      <trkpt lat="46.160847" lon="12.117422">
        <ele>384.561773</ele>
        <time>2026-08-17T23:04:51.471Z</time>
      </trkpt>
      <trkpt lat="46.160616" lon="12.117571">
        <ele>384.595852</ele>
        <time>2026-08-17T23:04:54.458Z</time>
      </trkpt>
      <trkpt lat="46.160550" lon="12.117671">
        <ele>384.608739</ele>
        <time>2026-08-17T23:04:55.672Z</time>
      </trkpt>
      <trkpt lat="46.160524" lon="12.117799">
        <ele>384.621184</ele>
        <time>2026-08-17T23:04:56.878Z</time>
      </trkpt>
      <trkpt lat="46.160635" lon="12.118631">
        <ele>385.452761</ele>
        <time>2026-08-17T23:05:05.250Z</time>
      </trkpt>
      <trkpt lat="46.160618" lon="12.118851">
        <ele>385.757050</ele>
        <time>2026-08-17T23:05:07.563Z</time>
      </trkpt>
      <trkpt lat="46.160580" lon="12.119030">
        <ele>386.014403</ele>
        <time>2026-08-17T23:05:09.522Z</time>
      </trkpt>
      <trkpt lat="46.160537" lon="12.119123">
        <ele>386.168108</ele>
        <time>2026-08-17T23:05:10.683Z</time>
      </trkpt>
      <trkpt lat="46.160178" lon="12.119573">
        <ele>387.111638</ele>
        <time>2026-08-17T23:05:17.684Z</time>
      </trkpt>
      <trkpt lat="46.160143" lon="12.119661">
        <ele>387.251129</ele>
        <time>2026-08-17T23:05:18.684Z</time>
      </trkpt>
      <trkpt lat="46.160071" lon="12.120061">
        <ele>387.819240</ele>
        <time>2026-08-17T23:05:22.728Z</time>
      </trkpt>
      <trkpt lat="46.159739" lon="12.120709">
        <ele>388.053390</ele>
        <time>2026-08-17T23:05:29.353Z</time>
      </trkpt>
      <trkpt lat="46.159407" lon="12.121363">
        <ele>387.800437</ele>
        <time>2026-08-17T23:05:34.055Z</time>
      </trkpt>
      <trkpt lat="46.159118" lon="12.121670">
        <ele>387.638836</ele>
        <time>2026-08-17T23:05:36.625Z</time>
      </trkpt>
      <trkpt lat="46.158907" lon="12.121825">
        <ele>387.532209</ele>
        <time>2026-08-17T23:05:38.241Z</time>
      </trkpt>
      <trkpt lat="46.158579" lon="12.121906">
        <ele>387.281147</ele>
        <time>2026-08-17T23:05:40.474Z</time>
      </trkpt>
      <trkpt lat="46.158366" lon="12.122063">
        <ele>386.690922</ele>
        <time>2026-08-17T23:05:42.050Z</time>
      </trkpt>
      <trkpt lat="46.158122" lon="12.122397">
        <ele>385.861088</ele>
        <time>2026-08-17T23:05:44.271Z</time>
      </trkpt>
      <trkpt lat="46.158075" lon="12.122555">
        <ele>385.567137</ele>
        <time>2026-08-17T23:05:45.061Z</time>
      </trkpt>
      <trkpt lat="46.158064" lon="12.122847">
        <ele>385.067230</ele>
        <time>2026-08-17T23:05:46.397Z</time>
      </trkpt>
      <trkpt lat="46.158101" lon="12.123236">
        <ele>384.396001</ele>
        <time>2026-08-17T23:05:48.160Z</time>
      </trkpt>
      <trkpt lat="46.158101" lon="12.123644">
        <ele>383.698533</ele>
        <time>2026-08-17T23:05:49.792Z</time>
      </trkpt>
      <trkpt lat="46.158036" lon="12.123945">
        <ele>383.159553</ele>
        <time>2026-08-17T23:05:51.050Z</time>
      </trkpt>
      <trkpt lat="46.157809" lon="12.124742">
        <ele>382.662731</ele>
        <time>2026-08-17T23:05:54.825Z</time>
      </trkpt>
      <trkpt lat="46.157710" lon="12.124900">
        <ele>382.576422</ele>
        <time>2026-08-17T23:05:55.891Z</time>
      </trkpt>
      <trkpt lat="46.157558" lon="12.124957">
        <ele>382.484576</ele>
        <time>2026-08-17T23:05:57.153Z</time>
      </trkpt>
      <trkpt lat="46.157082" lon="12.124832">
        <ele>382.201622</ele>
        <time>2026-08-17T23:06:02.148Z</time>
      </trkpt>
      <trkpt lat="46.156364" lon="12.124346">
        <ele>381.324108</ele>
        <time>2026-08-17T23:06:11.790Z</time>
      </trkpt>
      <trkpt lat="46.156171" lon="12.124280">
        <ele>380.935715</ele>
        <time>2026-08-17T23:06:14.013Z</time>
      </trkpt>
      <trkpt lat="46.156022" lon="12.124340">
        <ele>380.632803</ele>
        <time>2026-08-17T23:06:15.276Z</time>
      </trkpt>
      <trkpt lat="46.155775" lon="12.124650">
        <ele>379.991895</ele>
        <time>2026-08-17T23:06:17.476Z</time>
      </trkpt>
      <trkpt lat="46.155633" lon="12.124750">
        <ele>379.682508</ele>
        <time>2026-08-17T23:06:18.452Z</time>
      </trkpt>
      <trkpt lat="46.154859" lon="12.124799">
        <ele>378.119336</ele>
        <time>2026-08-17T23:06:22.820Z</time>
      </trkpt>
      <trkpt lat="46.154463" lon="12.124619">
        <ele>377.141034</ele>
        <time>2026-08-17T23:06:25.267Z</time>
      </trkpt>
      <trkpt lat="46.154348" lon="12.124616">
        <ele>376.870002</ele>
        <time>2026-08-17T23:06:25.993Z</time>
      </trkpt>
      <trkpt lat="46.154281" lon="12.124645">
        <ele>376.705179</ele>
        <time>2026-08-17T23:06:26.414Z</time>
      </trkpt>
      <trkpt lat="46.154317" lon="12.124750">
        <ele>376.513940</ele>
        <time>2026-08-17T23:06:26.948Z</time>
      </trkpt>
      <trkpt lat="46.154325" lon="12.124947">
        <ele>376.191819</ele>
        <time>2026-08-17T23:06:27.805Z</time>
      </trkpt>
      <trkpt lat="46.154317" lon="12.125031">
        <ele>376.053414</ele>
        <time>2026-08-17T23:06:28.169Z</time>
      </trkpt>
      <trkpt lat="46.154272" lon="12.125453">
        <ele>375.356457</ele>
        <time>2026-08-17T23:06:30.180Z</time>
      </trkpt>
      <trkpt lat="46.154241" lon="12.125450">
        <ele>375.283244</ele>
        <time>2026-08-17T23:06:30.375Z</time>
      </trkpt>
      <trkpt lat="46.154197" lon="12.125578">
        <ele>375.049995</ele>
        <time>2026-08-17T23:06:31.145Z</time>
      </trkpt>
      <trkpt lat="46.153931" lon="12.125774">
        <ele>374.346258</ele>
        <time>2026-08-17T23:06:33.388Z</time>
      </trkpt>
      <trkpt lat="46.153890" lon="12.125893">
        <ele>374.155368</ele>
        <time>2026-08-17T23:06:34.068Z</time>
      </trkpt>
      <trkpt lat="46.153650" lon="12.126080">
        <ele>374.203182</ele>
        <time>2026-08-17T23:06:36.722Z</time>
      </trkpt>
      <trkpt lat="46.153542" lon="12.126157">
        <ele>374.224300</ele>
        <time>2026-08-17T23:06:38.397Z</time>
      </trkpt>
      <trkpt lat="46.152642" lon="12.126890">
        <ele>374.405467</ele>
        <time>2026-08-17T23:06:48.543Z</time>
      </trkpt>
      <trkpt lat="46.151649" lon="12.127648">
        <ele>374.438036</ele>
        <time>2026-08-17T23:06:58.587Z</time>
      </trkpt>
      <trkpt lat="46.151610" lon="12.127680">
        <ele>374.436218</ele>
        <time>2026-08-17T23:06:58.974Z</time>
      </trkpt>
      <trkpt lat="46.151356" lon="12.127869">
        <ele>374.424636</ele>
        <time>2026-08-17T23:07:01.394Z</time>
      </trkpt>
      <trkpt lat="46.151208" lon="12.127991">
        <ele>374.417728</ele>
        <time>2026-08-17T23:07:02.846Z</time>
      </trkpt>
      <trkpt lat="46.151087" lon="12.128080">
        <ele>374.412224</ele>
        <time>2026-08-17T23:07:04.009Z</time>
      </trkpt>
      <trkpt lat="46.150996" lon="12.128157">
        <ele>374.407949</ele>
        <time>2026-08-17T23:07:04.913Z</time>
      </trkpt>
      <trkpt lat="46.150937" lon="12.128196">
        <ele>374.405319</ele>
        <time>2026-08-17T23:07:05.488Z</time>
      </trkpt>
      <trkpt lat="46.150552" lon="12.128475">
        <ele>374.407234</ele>
        <time>2026-08-17T23:07:09.228Z</time>
      </trkpt>
      <trkpt lat="46.149228" lon="12.129109">
        <ele>374.485251</ele>
        <time>2026-08-17T23:07:21.375Z</time>
      </trkpt>
      <trkpt lat="46.148772" lon="12.129319">
        <ele>374.832754</ele>
        <time>2026-08-17T23:07:26.226Z</time>
      </trkpt>
      <trkpt lat="46.148761" lon="12.129323">
        <ele>374.846580</ele>
        <time>2026-08-17T23:07:26.348Z</time>
      </trkpt>
      <trkpt lat="46.148671" lon="12.129365">
        <ele>374.961861</ele>
        <time>2026-08-17T23:07:27.356Z</time>
      </trkpt>
      <trkpt lat="46.147554" lon="12.129861">
        <ele>376.386210</ele>
        <time>2026-08-17T23:07:41.545Z</time>
      </trkpt>
      <trkpt lat="46.147185" lon="12.129899">
        <ele>376.864016</ele>
        <time>2026-08-17T23:07:46.629Z</time>
      </trkpt>
      <trkpt lat="46.147055" lon="12.129902">
        <ele>377.051250</ele>
        <time>2026-08-17T23:07:48.348Z</time>
      </trkpt>
      <trkpt lat="46.146991" lon="12.129965">
        <ele>377.162807</ele>
        <time>2026-08-17T23:07:49.351Z</time>
      </trkpt>
      <trkpt lat="46.146950" lon="12.130061">
        <ele>377.275323</ele>
        <time>2026-08-17T23:07:50.350Z</time>
      </trkpt>
      <trkpt lat="46.146940" lon="12.130164">
        <ele>377.379090</ele>
        <time>2026-08-17T23:07:51.275Z</time>
      </trkpt>
      <trkpt lat="46.146914" lon="12.130258">
        <ele>377.480072</ele>
        <time>2026-08-17T23:07:52.171Z</time>
      </trkpt>
      <trkpt lat="46.146809" lon="12.130385">
        <ele>377.677350</ele>
        <time>2026-08-17T23:07:53.912Z</time>
      </trkpt>
      <trkpt lat="46.146396" lon="12.130496">
        <ele>378.282323</ele>
        <time>2026-08-17T23:07:59.149Z</time>
      </trkpt>
      <trkpt lat="46.146103" lon="12.130611">
        <ele>378.719586</ele>
        <time>2026-08-17T23:08:02.931Z</time>
      </trkpt>
      <trkpt lat="46.144426" lon="12.131667">
        <ele>380.479533</ele>
        <time>2026-08-17T23:08:23.766Z</time>
      </trkpt>
      <trkpt lat="46.143753" lon="12.132099">
        <ele>380.541231</ele>
        <time>2026-08-17T23:08:30.873Z</time>
      </trkpt>
      <trkpt lat="46.143517" lon="12.132285">
        <ele>380.373829</ele>
        <time>2026-08-17T23:08:32.991Z</time>
      </trkpt>
      <trkpt lat="46.143414" lon="12.132411">
        <ele>380.289771</ele>
        <time>2026-08-17T23:08:33.996Z</time>
      </trkpt>
      <trkpt lat="46.143228" lon="12.132744">
        <ele>380.105270</ele>
        <time>2026-08-17T23:08:36.065Z</time>
      </trkpt>
      <trkpt lat="46.142374" lon="12.134494">
        <ele>381.490181</ele>
        <time>2026-08-17T23:08:46.835Z</time>
      </trkpt>
      <trkpt lat="46.141113" lon="12.137408">
        <ele>390.296981</ele>
        <time>2026-08-17T23:09:36.769Z</time>
      </trkpt>
      <trkpt lat="46.141043" lon="12.137656">
        <ele>391.168960</ele>
        <time>2026-08-17T23:09:40.579Z</time>
      </trkpt>
      <trkpt lat="46.141015" lon="12.138179">
        <ele>392.818647</ele>
        <time>2026-08-17T23:09:47.066Z</time>
      </trkpt>
      <trkpt lat="46.141022" lon="12.138909">
        <ele>394.888316</ele>
        <time>2026-08-17T23:09:55.595Z</time>
      </trkpt>
      <trkpt lat="46.141007" lon="12.139656">
        <ele>397.006869</ele>
        <time>2026-08-17T23:10:04.717Z</time>
      </trkpt>
      <trkpt lat="46.141004" lon="12.139773">
        <ele>397.338779</ele>
        <time>2026-08-17T23:10:06.207Z</time>
      </trkpt>
      <trkpt lat="46.140964" lon="12.141848">
        <ele>403.750643</ele>
        <time>2026-08-17T23:10:35.623Z</time>
      </trkpt>
      <trkpt lat="46.140987" lon="12.142117">
        <ele>404.636812</ele>
        <time>2026-08-17T23:10:39.754Z</time>
      </trkpt>
      <trkpt lat="46.141037" lon="12.142277">
        <ele>405.210676</ele>
        <time>2026-08-17T23:10:42.391Z</time>
      </trkpt>
      <trkpt lat="46.141150" lon="12.142449">
        <ele>405.985632</ele>
        <time>2026-08-17T23:10:45.901Z</time>
      </trkpt>
      <trkpt lat="46.141260" lon="12.142529">
        <ele>406.566864</ele>
        <time>2026-08-17T23:10:48.444Z</time>
      </trkpt>
      <trkpt lat="46.142177" lon="12.142991">
        <ele>411.052425</ele>
        <time>2026-08-17T23:11:06.579Z</time>
      </trkpt>
      <trkpt lat="46.142307" lon="12.143108">
        <ele>411.750849</ele>
        <time>2026-08-17T23:11:09.527Z</time>
      </trkpt>
      <trkpt lat="46.142398" lon="12.143306">
        <ele>412.501338</ele>
        <time>2026-08-17T23:11:12.773Z</time>
      </trkpt>
      <trkpt lat="46.142423" lon="12.143436">
        <ele>412.927482</ele>
        <time>2026-08-17T23:11:14.616Z</time>
      </trkpt>
      <trkpt lat="46.142842" lon="12.146590">
        <ele>422.469821</ele>
        <time>2026-08-17T23:12:00.491Z</time>
      </trkpt>
      <trkpt lat="46.142882" lon="12.146876">
        <ele>423.307423</ele>
        <time>2026-08-17T23:12:03.987Z</time>
      </trkpt>
      <trkpt lat="46.142888" lon="12.147141">
        <ele>423.895790</ele>
        <time>2026-08-17T23:12:06.861Z</time>
      </trkpt>
      <trkpt lat="46.142860" lon="12.147265">
        <ele>423.822831</ele>
        <time>2026-08-17T23:12:08.152Z</time>
      </trkpt>
      <trkpt lat="46.142775" lon="12.147438">
        <ele>423.704187</ele>
        <time>2026-08-17T23:12:10.006Z</time>
      </trkpt>
      <trkpt lat="46.142353" lon="12.148057">
        <ele>423.218382</ele>
        <time>2026-08-17T23:12:14.551Z</time>
      </trkpt>
      <trkpt lat="46.142150" lon="12.148355">
        <ele>422.984595</ele>
        <time>2026-08-17T23:12:16.304Z</time>
      </trkpt>
      <trkpt lat="46.142003" lon="12.148682">
        <ele>422.766532</ele>
        <time>2026-08-17T23:12:17.866Z</time>
      </trkpt>
      <trkpt lat="46.141958" lon="12.149021">
        <ele>422.573436</ele>
        <time>2026-08-17T23:12:19.331Z</time>
      </trkpt>
      <trkpt lat="46.141856" lon="12.150222">
        <ele>424.885999</ele>
        <time>2026-08-17T23:12:26.961Z</time>
      </trkpt>
      <trkpt lat="46.141860" lon="12.150532">
        <ele>425.614024</ele>
        <time>2026-08-17T23:12:30.712Z</time>
      </trkpt>
      <trkpt lat="46.141946" lon="12.150932">
        <ele>426.597426</ele>
        <time>2026-08-17T23:12:37.276Z</time>
      </trkpt>
      <trkpt lat="46.142590" lon="12.153087">
        <ele>434.788953</ele>
        <time>2026-08-17T23:13:20.105Z</time>
      </trkpt>
      <trkpt lat="46.142749" lon="12.153631">
        <ele>437.224887</ele>
        <time>2026-08-17T23:13:28.001Z</time>
      </trkpt>
      <trkpt lat="46.143132" lon="12.154952">
        <ele>443.189191</ele>
        <time>2026-08-17T23:13:46.480Z</time>
      </trkpt>
      <trkpt lat="46.143214" lon="12.155313">
        <ele>444.779450</ele>
        <time>2026-08-17T23:13:52.615Z</time>
      </trkpt>
      <trkpt lat="46.143211" lon="12.155637">
        <ele>446.135814</ele>
        <time>2026-08-17T23:13:58.210Z</time>
      </trkpt>
      <trkpt lat="46.143036" lon="12.156892">
        <ele>451.752279</ele>
        <time>2026-08-17T23:14:22.455Z</time>
      </trkpt>
      <trkpt lat="46.142932" lon="12.157634">
        <ele>455.525988</ele>
        <time>2026-08-17T23:14:37.350Z</time>
      </trkpt>
      <trkpt lat="46.142859" lon="12.157946">
        <ele>457.167561</ele>
        <time>2026-08-17T23:14:43.624Z</time>
      </trkpt>
      <trkpt lat="46.141833" lon="12.160061">
        <ele>467.248613</ele>
        <time>2026-08-17T23:15:27.337Z</time>
      </trkpt>
      <trkpt lat="46.141569" lon="12.160601">
        <ele>469.221556</ele>
        <time>2026-08-17T23:15:34.965Z</time>
      </trkpt>
      <trkpt lat="46.141286" lon="12.161180">
        <ele>470.665723</ele>
        <time>2026-08-17T23:15:41.013Z</time>
      </trkpt>
      <trkpt lat="46.141056" lon="12.161779">
        <ele>469.981423</ele>
        <time>2026-08-17T23:15:44.772Z</time>
      </trkpt>
      <trkpt lat="46.140988" lon="12.162001">
        <ele>469.738885</ele>
        <time>2026-08-17T23:15:45.900Z</time>
      </trkpt>
      <trkpt lat="46.140903" lon="12.162466">
        <ele>469.258344</ele>
        <time>2026-08-17T23:15:48.056Z</time>
      </trkpt>
      <trkpt lat="46.140884" lon="12.162751">
        <ele>468.972247</ele>
        <time>2026-08-17T23:15:49.317Z</time>
      </trkpt>
      <trkpt lat="46.140892" lon="12.163082">
        <ele>468.641300</ele>
        <time>2026-08-17T23:15:50.764Z</time>
      </trkpt>
      <trkpt lat="46.140982" lon="12.164246">
        <ele>467.090714</ele>
        <time>2026-08-17T23:15:55.752Z</time>
      </trkpt>
      <trkpt lat="46.141030" lon="12.165111">
        <ele>465.794937</ele>
        <time>2026-08-17T23:15:59.496Z</time>
      </trkpt>
      <trkpt lat="46.141024" lon="12.165663">
        <ele>464.970574</ele>
        <time>2026-08-17T23:16:02.040Z</time>
      </trkpt>
      <trkpt lat="46.141001" lon="12.166464">
        <ele>464.505927</ele>
        <time>2026-08-17T23:16:06.198Z</time>
      </trkpt>
      <trkpt lat="46.141117" lon="12.169286">
        <ele>465.757623</ele>
        <time>2026-08-17T23:16:28.219Z</time>
      </trkpt>
      <trkpt lat="46.141106" lon="12.169733">
        <ele>466.087043</ele>
        <time>2026-08-17T23:16:31.811Z</time>
      </trkpt>
      <trkpt lat="46.141073" lon="12.170313">
        <ele>466.515648</ele>
        <time>2026-08-17T23:16:36.444Z</time>
      </trkpt>
      <trkpt lat="46.141120" lon="12.172006">
        <ele>467.362328</ele>
        <time>2026-08-17T23:16:49.929Z</time>
      </trkpt>
      <trkpt lat="46.141106" lon="12.172806">
        <ele>467.526018</ele>
        <time>2026-08-17T23:16:55.761Z</time>
      </trkpt>
      <trkpt lat="46.141073" lon="12.173248">
        <ele>467.616951</ele>
        <time>2026-08-17T23:16:58.358Z</time>
      </trkpt>
      <trkpt lat="46.141004" lon="12.173609">
        <ele>467.693550</ele>
        <time>2026-08-17T23:17:00.352Z</time>
      </trkpt>
      <trkpt lat="46.140863" lon="12.173998">
        <ele>467.614686</ele>
        <time>2026-08-17T23:17:02.678Z</time>
      </trkpt>
      <trkpt lat="46.140697" lon="12.174330">
        <ele>467.379704</ele>
        <time>2026-08-17T23:17:04.816Z</time>
      </trkpt>
      <trkpt lat="46.140510" lon="12.174665">
        <ele>467.132799</ele>
        <time>2026-08-17T23:17:06.977Z</time>
      </trkpt>
      <trkpt lat="46.140466" lon="12.174737">
        <ele>467.077698</ele>
        <time>2026-08-17T23:17:07.447Z</time>
      </trkpt>
      <trkpt lat="46.140130" lon="12.175435">
        <ele>466.589890</ele>
        <time>2026-08-17T23:17:11.692Z</time>
      </trkpt>
      <trkpt lat="46.140022" lon="12.175722">
        <ele>466.402440</ele>
        <time>2026-08-17T23:17:13.469Z</time>
      </trkpt>
      <trkpt lat="46.139893" lon="12.176203">
        <ele>466.005132</ele>
        <time>2026-08-17T23:17:16.449Z</time>
      </trkpt>
      <trkpt lat="46.139873" lon="12.176356">
        <ele>465.852362</ele>
        <time>2026-08-17T23:17:17.328Z</time>
      </trkpt>
      <trkpt lat="46.139868" lon="12.176444">
        <ele>465.765727</ele>
        <time>2026-08-17T23:17:17.819Z</time>
      </trkpt>
      <trkpt lat="46.139864" lon="12.176694">
        <ele>465.520364</ele>
        <time>2026-08-17T23:17:19.168Z</time>
      </trkpt>
      <trkpt lat="46.139907" lon="12.177055">
        <ele>465.160958</ele>
        <time>2026-08-17T23:17:21.025Z</time>
      </trkpt>
      <trkpt lat="46.139949" lon="12.177395">
        <ele>464.822093</ele>
        <time>2026-08-17T23:17:22.667Z</time>
      </trkpt>
      <trkpt lat="46.140011" lon="12.177908">
        <ele>464.311143</ele>
        <time>2026-08-17T23:17:25.095Z</time>
      </trkpt>
      <trkpt lat="46.140071" lon="12.178408">
        <ele>463.813246</ele>
        <time>2026-08-17T23:17:27.407Z</time>
      </trkpt>
      <trkpt lat="46.140135" lon="12.178931">
        <ele>463.034874</ele>
        <time>2026-08-17T23:17:29.732Z</time>
      </trkpt>
      <trkpt lat="46.140294" lon="12.180246">
        <ele>460.903282</ele>
        <time>2026-08-17T23:17:35.566Z</time>
      </trkpt>
      <trkpt lat="46.140361" lon="12.180803">
        <ele>460.000534</ele>
        <time>2026-08-17T23:17:38.084Z</time>
      </trkpt>
      <trkpt lat="46.140439" lon="12.181441">
        <ele>459.393745</ele>
        <time>2026-08-17T23:17:41.028Z</time>
      </trkpt>
      <trkpt lat="46.140602" lon="12.182758">
        <ele>458.803627</ele>
        <time>2026-08-17T23:17:47.712Z</time>
      </trkpt>
      <trkpt lat="46.140450" lon="12.182813">
        <ele>458.703868</ele>
        <time>2026-08-17T23:17:49.286Z</time>
      </trkpt>
      <trkpt lat="46.140216" lon="12.182869">
        <ele>458.552869</ele>
        <time>2026-08-17T23:17:51.870Z</time>
      </trkpt>
      <trkpt lat="46.139888" lon="12.182848">
        <ele>458.314658</ele>
        <time>2026-08-17T23:17:55.666Z</time>
      </trkpt>
      <trkpt lat="46.139671" lon="12.182842">
        <ele>458.117257</ele>
        <time>2026-08-17T23:17:58.327Z</time>
      </trkpt>
      <trkpt lat="46.139391" lon="12.182964">
        <ele>457.851240</ele>
        <time>2026-08-17T23:18:02.042Z</time>
      </trkpt>
      <trkpt lat="46.138283" lon="12.183761">
        <ele>456.446022</ele>
        <time>2026-08-17T23:18:10.948Z</time>
      </trkpt>
      <trkpt lat="46.138588" lon="12.185311">
        <ele>449.851074</ele>
        <time>2026-08-17T23:18:19.603Z</time>
      </trkpt>
      <trkpt lat="46.138788" lon="12.186196">
        <ele>446.091670</ele>
        <time>2026-08-17T23:18:24.498Z</time>
      </trkpt>
      <trkpt lat="46.138813" lon="12.186464">
        <ele>445.491036</ele>
        <time>2026-08-17T23:18:25.535Z</time>
      </trkpt>
      <trkpt lat="46.138796" lon="12.186602">
        <ele>445.179714</ele>
        <time>2026-08-17T23:18:26.077Z</time>
      </trkpt>
      <trkpt lat="46.138747" lon="12.186688">
        <ele>444.932411</ele>
        <time>2026-08-17T23:18:26.517Z</time>
      </trkpt>
      <trkpt lat="46.138648" lon="12.186742">
        <ele>444.593157</ele>
        <time>2026-08-17T23:18:27.119Z</time>
      </trkpt>
      <trkpt lat="46.138509" lon="12.186716">
        <ele>444.143866</ele>
        <time>2026-08-17T23:18:27.940Z</time>
      </trkpt>
      <trkpt lat="46.138360" lon="12.186573">
        <ele>443.570276</ele>
        <time>2026-08-17T23:18:29.003Z</time>
      </trkpt>
      <trkpt lat="46.137349" lon="12.185408">
        <ele>439.871680</ele>
        <time>2026-08-17T23:18:37.974Z</time>
      </trkpt>
      <trkpt lat="46.136420" lon="12.184914">
        <ele>438.176089</ele>
        <time>2026-08-17T23:18:45.656Z</time>
      </trkpt>
      <trkpt lat="46.136168" lon="12.184914">
        <ele>437.744510</ele>
        <time>2026-08-17T23:18:47.345Z</time>
      </trkpt>
      <trkpt lat="46.135815" lon="12.185021">
        <ele>436.666855</ele>
        <time>2026-08-17T23:18:49.539Z</time>
      </trkpt>
      <trkpt lat="46.135497" lon="12.185349">
        <ele>434.278063</ele>
        <time>2026-08-17T23:18:51.728Z</time>
      </trkpt>
      <trkpt lat="46.135375" lon="12.185415">
        <ele>433.481806</ele>
        <time>2026-08-17T23:18:52.443Z</time>
      </trkpt>
      <trkpt lat="46.135088" lon="12.185606">
        <ele>431.550311</ele>
        <time>2026-08-17T23:18:54.155Z</time>
      </trkpt>
      <trkpt lat="46.134923" lon="12.185664">
        <ele>430.512449</ele>
        <time>2026-08-17T23:18:55.071Z</time>
      </trkpt>
      <trkpt lat="46.134783" lon="12.185673">
        <ele>429.656007</ele>
        <time>2026-08-17T23:18:55.822Z</time>
      </trkpt>
      <trkpt lat="46.134512" lon="12.185903">
        <ele>427.734625</ele>
        <time>2026-08-17T23:18:57.505Z</time>
      </trkpt>
      <trkpt lat="46.135097" lon="12.187227">
        <ele>420.106368</ele>
        <time>2026-08-17T23:19:03.309Z</time>
      </trkpt>
      <trkpt lat="46.135135" lon="12.187410">
        <ele>419.145951</ele>
        <time>2026-08-17T23:19:04.028Z</time>
      </trkpt>
      <trkpt lat="46.135136" lon="12.187534">
        <ele>418.522522</ele>
        <time>2026-08-17T23:19:04.492Z</time>
      </trkpt>
      <trkpt lat="46.135091" lon="12.187679">
        <ele>417.723795</ele>
        <time>2026-08-17T23:19:05.084Z</time>
      </trkpt>
      <trkpt lat="46.134834" lon="12.187881">
        <ele>415.600679</ele>
        <time>2026-08-17T23:19:06.655Z</time>
      </trkpt>
      <trkpt lat="46.134557" lon="12.188206">
        <ele>413.103033</ele>
        <time>2026-08-17T23:19:08.556Z</time>
      </trkpt>
      <trkpt lat="46.133672" lon="12.188520">
        <ele>408.894402</ele>
        <time>2026-08-17T23:19:13.554Z</time>
      </trkpt>
      <trkpt lat="46.133548" lon="12.188580">
        <ele>408.290438</ele>
        <time>2026-08-17T23:19:14.327Z</time>
      </trkpt>
      <trkpt lat="46.133408" lon="12.188697">
        <ele>407.543326</ele>
        <time>2026-08-17T23:19:15.303Z</time>
      </trkpt>
      <trkpt lat="46.133313" lon="12.188873">
        <ele>406.829397</ele>
        <time>2026-08-17T23:19:16.255Z</time>
      </trkpt>
      <trkpt lat="46.133264" lon="12.189120">
        <ele>406.007201</ele>
        <time>2026-08-17T23:19:17.377Z</time>
      </trkpt>
      <trkpt lat="46.133265" lon="12.189408">
        <ele>405.085536</ele>
        <time>2026-08-17T23:19:18.679Z</time>
      </trkpt>
      <trkpt lat="46.133341" lon="12.190033">
        <ele>404.273679</ele>
        <time>2026-08-17T23:19:21.732Z</time>
      </trkpt>
      <trkpt lat="46.133413" lon="12.190276">
        <ele>403.969384</ele>
        <time>2026-08-17T23:19:23.080Z</time>
      </trkpt>
      <trkpt lat="46.133631" lon="12.190839">
        <ele>403.226807</ele>
        <time>2026-08-17T23:19:26.269Z</time>
      </trkpt>
      <trkpt lat="46.133849" lon="12.191404">
        <ele>402.482222</ele>
        <time>2026-08-17T23:19:29.272Z</time>
      </trkpt>
      <trkpt lat="46.134041" lon="12.191893">
        <ele>401.831935</ele>
        <time>2026-08-17T23:19:31.814Z</time>
      </trkpt>
      <trkpt lat="46.134456" lon="12.192924">
        <ele>400.427029</ele>
        <time>2026-08-17T23:19:37.448Z</time>
      </trkpt>
      <trkpt lat="46.134553" lon="12.193162">
        <ele>400.101686</ele>
        <time>2026-08-17T23:19:38.800Z</time>
      </trkpt>
      <trkpt lat="46.134778" lon="12.193637">
        <ele>399.423732</ele>
        <time>2026-08-17T23:19:41.552Z</time>
      </trkpt>
      <trkpt lat="46.134890" lon="12.193992">
        <ele>398.964126</ele>
        <time>2026-08-17T23:19:43.400Z</time>
      </trkpt>
      <trkpt lat="46.134939" lon="12.194282">
        <ele>398.422497</ele>
        <time>2026-08-17T23:19:44.785Z</time>
      </trkpt>
      <trkpt lat="46.134978" lon="12.194565">
        <ele>397.866846</ele>
        <time>2026-08-17T23:19:46.103Z</time>
      </trkpt>
      <trkpt lat="46.135029" lon="12.195119">
        <ele>396.790623</ele>
        <time>2026-08-17T23:19:48.578Z</time>
      </trkpt>
      <trkpt lat="46.135068" lon="12.195478">
        <ele>396.090846</ele>
        <time>2026-08-17T23:19:50.128Z</time>
      </trkpt>
      <trkpt lat="46.135215" lon="12.196065">
        <ele>394.888901</ele>
        <time>2026-08-17T23:19:52.703Z</time>
      </trkpt>
      <trkpt lat="46.135322" lon="12.196323">
        <ele>394.309884</ele>
        <time>2026-08-17T23:19:53.921Z</time>
      </trkpt>
      <trkpt lat="46.136030" lon="12.197549">
        <ele>392.061032</ele>
        <time>2026-08-17T23:20:00.638Z</time>
      </trkpt>
      <trkpt lat="46.136138" lon="12.197724">
        <ele>391.748748</ele>
        <time>2026-08-17T23:20:01.777Z</time>
      </trkpt>
      <trkpt lat="46.136284" lon="12.198040">
        <ele>391.242627</ele>
        <time>2026-08-17T23:20:03.732Z</time>
      </trkpt>
      <trkpt lat="46.136402" lon="12.198462">
        <ele>390.636213</ele>
        <time>2026-08-17T23:20:06.389Z</time>
      </trkpt>
      <trkpt lat="46.136636" lon="12.198842">
        <ele>390.458544</ele>
        <time>2026-08-17T23:20:09.909Z</time>
      </trkpt>
      <trkpt lat="46.136616" lon="12.198930">
        <ele>390.459559</ele>
        <time>2026-08-17T23:20:10.633Z</time>
      </trkpt>
      <trkpt lat="46.136541" lon="12.199030">
        <ele>390.461175</ele>
        <time>2026-08-17T23:20:11.776Z</time>
      </trkpt>
      <trkpt lat="46.136467" lon="12.199204">
        <ele>390.463412</ele>
        <time>2026-08-17T23:20:13.412Z</time>
      </trkpt>
      <trkpt lat="46.136352" lon="12.199570">
        <ele>390.467817</ele>
        <time>2026-08-17T23:20:16.677Z</time>
      </trkpt>
      <trkpt lat="46.136263" lon="12.199737">
        <ele>390.470126</ele>
        <time>2026-08-17T23:20:18.373Z</time>
      </trkpt>
      <trkpt lat="46.136300" lon="12.199794">
        <ele>390.470982</ele>
        <time>2026-08-17T23:20:18.983Z</time>
      </trkpt>
      <trkpt lat="46.136250" lon="12.199857">
        <ele>390.472032</ele>
        <time>2026-08-17T23:20:19.740Z</time>
      </trkpt>
      <trkpt lat="46.135528" lon="12.200652">
        <ele>389.881557</ele>
        <time>2026-08-17T23:20:26.643Z</time>
      </trkpt>
      <trkpt lat="46.135521" lon="12.200660">
        <ele>389.857149</ele>
        <time>2026-08-17T23:20:26.702Z</time>
      </trkpt>
      <trkpt lat="46.135487" lon="12.200688">
        <ele>389.750143</ele>
        <time>2026-08-17T23:20:26.963Z</time>
      </trkpt>
      <trkpt lat="46.135401" lon="12.200479">
        <ele>389.289725</ele>
        <time>2026-08-17T23:20:28.043Z</time>
      </trkpt>
      <trkpt lat="46.134885" lon="12.199212">
        <ele>386.506007</ele>
        <time>2026-08-17T23:20:34.198Z</time>
      </trkpt>
      <trkpt lat="46.134768" lon="12.198977">
        <ele>385.957894</ele>
        <time>2026-08-17T23:20:35.401Z</time>
      </trkpt>
      <trkpt lat="46.134787" lon="12.198913">
        <ele>385.826009</ele>
        <time>2026-08-17T23:20:35.700Z</time>
      </trkpt>
      <trkpt lat="46.134776" lon="12.198844">
        <ele>385.691895</ele>
        <time>2026-08-17T23:20:35.994Z</time>
      </trkpt>
      <trkpt lat="46.134740" lon="12.198796">
        <ele>385.554986</ele>
        <time>2026-08-17T23:20:36.291Z</time>
      </trkpt>
      <trkpt lat="46.134691" lon="12.198789">
        <ele>385.373808</ele>
        <time>2026-08-17T23:20:36.591Z</time>
      </trkpt>
      <trkpt lat="46.134641" lon="12.198838">
        <ele>385.151418</ele>
        <time>2026-08-17T23:20:36.957Z</time>
      </trkpt>
      <trkpt lat="46.134640" lon="12.198965">
        <ele>384.827573</ele>
        <time>2026-08-17T23:20:37.498Z</time>
      </trkpt>
      <trkpt lat="46.134464" lon="12.199176">
        <ele>383.985650</ele>
        <time>2026-08-17T23:20:38.885Z</time>
      </trkpt>
      <trkpt lat="46.134019" lon="12.199765">
        <ele>381.763810</ele>
        <time>2026-08-17T23:20:42.593Z</time>
      </trkpt>
      <trkpt lat="46.133972" lon="12.199819">
        <ele>381.542753</ele>
        <time>2026-08-17T23:20:42.970Z</time>
      </trkpt>
      <trkpt lat="46.133114" lon="12.200831">
        <ele>376.721420</ele>
        <time>2026-08-17T23:20:49.362Z</time>
      </trkpt>
      <trkpt lat="46.132856" lon="12.201236">
        <ele>374.615016</ele>
        <time>2026-08-17T23:20:51.461Z</time>
      </trkpt>
      <trkpt lat="46.132717" lon="12.201566">
        <ele>373.136347</ele>
        <time>2026-08-17T23:20:52.929Z</time>
      </trkpt>
      <trkpt lat="46.132624" lon="12.201894">
        <ele>371.779377</ele>
        <time>2026-08-17T23:20:54.276Z</time>
      </trkpt>
      <trkpt lat="46.132548" lon="12.202501">
        <ele>369.417538</ele>
        <time>2026-08-17T23:20:56.632Z</time>
      </trkpt>
      <trkpt lat="46.132560" lon="12.202990">
        <ele>367.659943</ele>
        <time>2026-08-17T23:20:58.513Z</time>
      </trkpt>
      <trkpt lat="46.132591" lon="12.203231">
        <ele>366.795626</ele>
        <time>2026-08-17T23:20:59.472Z</time>
      </trkpt>
      <trkpt lat="46.132628" lon="12.203434">
        <ele>366.055473</ele>
        <time>2026-08-17T23:21:00.299Z</time>
      </trkpt>
      <trkpt lat="46.132727" lon="12.203733">
        <ele>364.886996</ele>
        <time>2026-08-17T23:21:01.609Z</time>
      </trkpt>
      <trkpt lat="46.133041" lon="12.204411">
        <ele>362.011539</ele>
        <time>2026-08-17T23:21:04.837Z</time>
      </trkpt>
      <trkpt lat="46.133451" lon="12.205191">
        <ele>358.972226</ele>
        <time>2026-08-17T23:21:08.666Z</time>
      </trkpt>
      <trkpt lat="46.133708" lon="12.205562">
        <ele>357.710435</ele>
        <time>2026-08-17T23:21:10.712Z</time>
      </trkpt>
      <trkpt lat="46.133934" lon="12.205786">
        <ele>356.758769</ele>
        <time>2026-08-17T23:21:12.286Z</time>
      </trkpt>
      <trkpt lat="46.134311" lon="12.206103">
        <ele>355.244250</ele>
        <time>2026-08-17T23:21:14.909Z</time>
      </trkpt>
      <trkpt lat="46.134684" lon="12.206304">
        <ele>353.862231</ele>
        <time>2026-08-17T23:21:17.576Z</time>
      </trkpt>
      <trkpt lat="46.135154" lon="12.206423">
        <ele>353.003498</ele>
        <time>2026-08-17T23:21:21.427Z</time>
      </trkpt>
      <trkpt lat="46.135960" lon="12.206527">
        <ele>351.784619</ele>
        <time>2026-08-17T23:21:28.075Z</time>
      </trkpt>
      <trkpt lat="46.136174" lon="12.206634">
        <ele>351.443482</ele>
        <time>2026-08-17T23:21:29.607Z</time>
      </trkpt>
      <trkpt lat="46.136357" lon="12.206777">
        <ele>351.130023</ele>
        <time>2026-08-17T23:21:30.933Z</time>
      </trkpt>
      <trkpt lat="46.136527" lon="12.206973">
        <ele>350.614203</ele>
        <time>2026-08-17T23:21:32.243Z</time>
      </trkpt>
      <trkpt lat="46.136673" lon="12.207218">
        <ele>349.663805</ele>
        <time>2026-08-17T23:21:33.530Z</time>
      </trkpt>
      <trkpt lat="46.137346" lon="12.208878">
        <ele>344.007268</ele>
        <time>2026-08-17T23:21:41.062Z</time>
      </trkpt>
      <trkpt lat="46.137927" lon="12.210327">
        <ele>339.842835</ele>
        <time>2026-08-17T23:21:48.189Z</time>
      </trkpt>
      <trkpt lat="46.137994" lon="12.210606">
        <ele>339.131843</ele>
        <time>2026-08-17T23:21:49.415Z</time>
      </trkpt>
      <trkpt lat="46.137966" lon="12.210933">
        <ele>338.338486</ele>
        <time>2026-08-17T23:21:50.771Z</time>
      </trkpt>
      <trkpt lat="46.137902" lon="12.211095">
        <ele>337.889469</ele>
        <time>2026-08-17T23:21:51.532Z</time>
      </trkpt>
      <trkpt lat="46.137688" lon="12.211431">
        <ele>336.863338</ele>
        <time>2026-08-17T23:21:53.395Z</time>
      </trkpt>
      <trkpt lat="46.137540" lon="12.211800">
        <ele>336.160397</ele>
        <time>2026-08-17T23:21:55.146Z</time>
      </trkpt>
      <trkpt lat="46.137359" lon="12.212968">
        <ele>334.187124</ele>
        <time>2026-08-17T23:22:00.293Z</time>
      </trkpt>
      <trkpt lat="46.137219" lon="12.213617">
        <ele>333.066450</ele>
        <time>2026-08-17T23:22:03.745Z</time>
      </trkpt>
      <trkpt lat="46.137148" lon="12.213824">
        <ele>332.733396</ele>
        <time>2026-08-17T23:22:04.908Z</time>
      </trkpt>
      <trkpt lat="46.137086" lon="12.214006">
        <ele>332.683637</ele>
        <time>2026-08-17T23:22:05.944Z</time>
      </trkpt>
      <trkpt lat="46.136576" lon="12.215214">
        <ele>332.336569</ele>
        <time>2026-08-17T23:22:14.277Z</time>
      </trkpt>
      <trkpt lat="46.136491" lon="12.215465">
        <ele>332.268024</ele>
        <time>2026-08-17T23:22:16.100Z</time>
      </trkpt>
      <trkpt lat="46.136064" lon="12.216654">
        <ele>332.624858</ele>
        <time>2026-08-17T23:22:23.663Z</time>
      </trkpt>
      <trkpt lat="46.135985" lon="12.216843">
        <ele>332.795071</ele>
        <time>2026-08-17T23:22:25.070Z</time>
      </trkpt>
      <trkpt lat="46.135882" lon="12.216982">
        <ele>332.952008</ele>
        <time>2026-08-17T23:22:26.377Z</time>
      </trkpt>
      <trkpt lat="46.135802" lon="12.217071">
        <ele>333.064422</ele>
        <time>2026-08-17T23:22:27.279Z</time>
      </trkpt>
      <trkpt lat="46.135779" lon="12.217050">
        <ele>333.094710</ele>
        <time>2026-08-17T23:22:27.564Z</time>
      </trkpt>
      <trkpt lat="46.135689" lon="12.216967">
        <ele>333.213574</ele>
        <time>2026-08-17T23:22:28.581Z</time>
      </trkpt>
      <trkpt lat="46.134931" lon="12.216245">
        <ele>334.759826</ele>
        <time>2026-08-17T23:22:40.527Z</time>
      </trkpt>
      <trkpt lat="46.134884" lon="12.216207">
        <ele>335.092389</ele>
        <time>2026-08-17T23:22:41.517Z</time>
      </trkpt>
      <trkpt lat="46.134738" lon="12.216174">
        <ele>336.004632</ele>
        <time>2026-08-17T23:22:44.398Z</time>
      </trkpt>
      <trkpt lat="46.134587" lon="12.216256">
        <ele>337.000567</ele>
        <time>2026-08-17T23:22:48.129Z</time>
      </trkpt>
      <trkpt lat="46.134521" lon="12.216359">
        <ele>337.600665</ele>
        <time>2026-08-17T23:22:50.527Z</time>
      </trkpt>
      <trkpt lat="46.134352" lon="12.216765">
        <ele>339.626646</ele>
        <time>2026-08-17T23:22:59.404Z</time>
      </trkpt>
      <trkpt lat="46.134224" lon="12.216941">
        <ele>340.718041</ele>
        <time>2026-08-17T23:23:04.205Z</time>
      </trkpt>
      <trkpt lat="46.134039" lon="12.217109">
        <ele>342.067349</ele>
        <time>2026-08-17T23:23:10.555Z</time>
      </trkpt>
      <trkpt lat="46.133875" lon="12.217173">
        <ele>343.116083</ele>
        <time>2026-08-17T23:23:15.516Z</time>
      </trkpt>
      <trkpt lat="46.133498" lon="12.217196">
        <ele>345.453172</ele>
        <time>2026-08-17T23:23:25.591Z</time>
      </trkpt>
      <trkpt lat="46.133453" lon="12.217193">
        <ele>345.740445</ele>
        <time>2026-08-17T23:23:26.676Z</time>
      </trkpt>
      <trkpt lat="46.133324" lon="12.217124">
        <ele>346.617776</ele>
        <time>2026-08-17T23:23:29.926Z</time>
      </trkpt>
      <trkpt lat="46.133269" lon="12.217095">
        <ele>346.991193</ele>
        <time>2026-08-17T23:23:31.243Z</time>
      </trkpt>
      <trkpt lat="46.133195" lon="12.217142">
        <ele>347.506780</ele>
        <time>2026-08-17T23:23:33.038Z</time>
      </trkpt>
      <trkpt lat="46.133149" lon="12.217134">
        <ele>347.802246</ele>
        <time>2026-08-17T23:23:33.993Z</time>
      </trkpt>
      <trkpt lat="46.133082" lon="12.217149">
        <ele>348.234619</ele>
        <time>2026-08-17T23:23:35.393Z</time>
      </trkpt>
      <trkpt lat="46.132975" lon="12.217239">
        <ele>349.024415</ele>
        <time>2026-08-17T23:23:37.942Z</time>
      </trkpt>
      <trkpt lat="46.132930" lon="12.217242">
        <ele>349.311688</ele>
        <time>2026-08-17T23:23:38.859Z</time>
      </trkpt>
      <trkpt lat="46.133069" lon="12.217984">
        <ele>352.708431</ele>
        <time>2026-08-17T23:23:49.497Z</time>
      </trkpt>
      <trkpt lat="46.133111" lon="12.218306">
        <ele>354.156397</ele>
        <time>2026-08-17T23:23:54.702Z</time>
      </trkpt>
      <trkpt lat="46.133116" lon="12.218550">
        <ele>355.235151</ele>
        <time>2026-08-17T23:23:59.132Z</time>
      </trkpt>
      <trkpt lat="46.133042" lon="12.218640">
        <ele>355.852303</ele>
        <time>2026-08-17T23:24:01.768Z</time>
      </trkpt>
      <trkpt lat="46.132908" lon="12.219000">
        <ele>358.254856</ele>
        <time>2026-08-17T23:24:09.786Z</time>
      </trkpt>
      <trkpt lat="46.132805" lon="12.219132">
        <ele>359.668923</ele>
        <time>2026-08-17T23:24:14.069Z</time>
      </trkpt>
      <trkpt lat="46.132098" lon="12.219632">
        <ele>367.751036</ele>
        <time>2026-08-17T23:24:42.987Z</time>
      </trkpt>
      <trkpt lat="46.131935" lon="12.219802">
        <ele>369.815514</ele>
        <time>2026-08-17T23:24:51.126Z</time>
      </trkpt>
      <trkpt lat="46.131897" lon="12.219970">
        <ele>371.072660</ele>
        <time>2026-08-17T23:24:56.047Z</time>
      </trkpt>
      <trkpt lat="46.131876" lon="12.220677">
        <ele>375.565876</ele>
        <time>2026-08-17T23:25:13.556Z</time>
      </trkpt>
      <trkpt lat="46.131701" lon="12.221918">
        <ele>379.520860</ele>
        <time>2026-08-17T23:25:33.923Z</time>
      </trkpt>
      <trkpt lat="46.131838" lon="12.222607">
        <ele>381.759381</ele>
        <time>2026-08-17T23:25:40.725Z</time>
      </trkpt>
      <trkpt lat="46.131720" lon="12.223582">
        <ele>383.951738</ele>
        <time>2026-08-17T23:25:46.696Z</time>
      </trkpt>
      <trkpt lat="46.131518" lon="12.224248">
        <ele>384.948812</ele>
        <time>2026-08-17T23:25:50.908Z</time>
      </trkpt>
      <trkpt lat="46.131320" lon="12.224801">
        <ele>385.802504</ele>
        <time>2026-08-17T23:25:56.163Z</time>
      </trkpt>
      <trkpt lat="46.131257" lon="12.225068">
        <ele>386.189342</ele>
        <time>2026-08-17T23:25:59.292Z</time>
      </trkpt>
      <trkpt lat="46.131276" lon="12.225348">
        <ele>386.575202</ele>
        <time>2026-08-17T23:26:02.902Z</time>
      </trkpt>
      <trkpt lat="46.131219" lon="12.226110">
        <ele>390.642542</ele>
        <time>2026-08-17T23:26:16.055Z</time>
      </trkpt>
      <trkpt lat="46.131010" lon="12.226778">
        <ele>395.351329</ele>
        <time>2026-08-17T23:26:32.572Z</time>
      </trkpt>
      <trkpt lat="46.130914" lon="12.226937">
        <ele>396.706166</ele>
        <time>2026-08-17T23:26:37.926Z</time>
      </trkpt>
      <trkpt lat="46.130838" lon="12.227007">
        <ele>397.542034</ele>
        <time>2026-08-17T23:26:41.334Z</time>
      </trkpt>
      <trkpt lat="46.130679" lon="12.227065">
        <ele>399.062441</ele>
        <time>2026-08-17T23:26:47.544Z</time>
      </trkpt>
      <trkpt lat="46.130126" lon="12.227093">
        <ele>403.921462</ele>
        <time>2026-08-17T23:27:08.164Z</time>
      </trkpt>
      <trkpt lat="46.129959" lon="12.227158">
        <ele>404.913312</ele>
        <time>2026-08-17T23:27:14.064Z</time>
      </trkpt>
      <trkpt lat="46.129777" lon="12.227291">
        <ele>406.083157</ele>
        <time>2026-08-17T23:27:20.478Z</time>
      </trkpt>
      <trkpt lat="46.129335" lon="12.227599">
        <ele>408.897781</ele>
        <time>2026-08-17T23:27:32.939Z</time>
      </trkpt>
      <trkpt lat="46.129246" lon="12.227632">
        <ele>409.424712</ele>
        <time>2026-08-17T23:27:34.845Z</time>
      </trkpt>
      <trkpt lat="46.129228" lon="12.227594">
        <ele>409.607630</ele>
        <time>2026-08-17T23:27:35.470Z</time>
      </trkpt>
      <trkpt lat="46.129121" lon="12.227637">
        <ele>410.244549</ele>
        <time>2026-08-17T23:27:37.533Z</time>
      </trkpt>
      <trkpt lat="46.128802" lon="12.227735">
        <ele>412.114782</ele>
        <time>2026-08-17T23:27:42.466Z</time>
      </trkpt>
      <trkpt lat="46.128675" lon="12.227778">
        <ele>412.862815</ele>
        <time>2026-08-17T23:27:43.995Z</time>
      </trkpt>
      <trkpt lat="46.127630" lon="12.228120">
        <ele>415.064092</ele>
        <time>2026-08-17T23:27:54.555Z</time>
      </trkpt>
      <trkpt lat="46.127513" lon="12.228202">
        <ele>415.245560</ele>
        <time>2026-08-17T23:27:55.985Z</time>
      </trkpt>
      <trkpt lat="46.127455" lon="12.228295">
        <ele>415.366530</ele>
        <time>2026-08-17T23:27:57.002Z</time>
      </trkpt>
      <trkpt lat="46.127320" lon="12.228807">
        <ele>415.896203</ele>
        <time>2026-08-17T23:28:02.012Z</time>
      </trkpt>
      <trkpt lat="46.127294" lon="12.228920">
        <ele>416.011327</ele>
        <time>2026-08-17T23:28:03.208Z</time>
      </trkpt>
      <trkpt lat="46.127204" lon="12.229305">
        <ele>416.506843</ele>
        <time>2026-08-17T23:28:07.478Z</time>
      </trkpt>
      <trkpt lat="46.127152" lon="12.229651">
        <ele>417.205566</ele>
        <time>2026-08-17T23:28:11.466Z</time>
      </trkpt>
      <trkpt lat="46.127118" lon="12.230191">
        <ele>418.275680</ele>
        <time>2026-08-17T23:28:17.898Z</time>
      </trkpt>
      <trkpt lat="46.127009" lon="12.231198">
        <ele>420.287155</ele>
        <time>2026-08-17T23:28:29.672Z</time>
      </trkpt>
      <trkpt lat="46.126793" lon="12.232227">
        <ele>422.182635</ele>
        <time>2026-08-17T23:28:40.384Z</time>
      </trkpt>
      <trkpt lat="46.126721" lon="12.232631">
        <ele>422.816001</ele>
        <time>2026-08-17T23:28:44.315Z</time>
      </trkpt>
      <trkpt lat="46.126700" lon="12.232915">
        <ele>423.249657</ele>
        <time>2026-08-17T23:28:47.075Z</time>
      </trkpt>
      <trkpt lat="46.126705" lon="12.233766">
        <ele>424.541813</ele>
        <time>2026-08-17T23:28:55.214Z</time>
      </trkpt>
      <trkpt lat="46.126624" lon="12.234535">
        <ele>425.681449</ele>
        <time>2026-08-17T23:29:02.834Z</time>
      </trkpt>
      <trkpt lat="46.126572" lon="12.234778">
        <ele>426.022586</ele>
        <time>2026-08-17T23:29:05.345Z</time>
      </trkpt>
      <trkpt lat="46.126373" lon="12.235521">
        <ele>427.091059</ele>
        <time>2026-08-17T23:29:13.577Z</time>
      </trkpt>
      <trkpt lat="46.126116" lon="12.236203">
        <ele>428.132359</ele>
        <time>2026-08-17T23:29:21.093Z</time>
      </trkpt>
      <trkpt lat="46.125877" lon="12.236660">
        <ele>428.856815</ele>
        <time>2026-08-17T23:29:25.901Z</time>
      </trkpt>
      <trkpt lat="46.125694" lon="12.236952">
        <ele>428.937720</ele>
        <time>2026-08-17T23:29:28.763Z</time>
      </trkpt>
      <trkpt lat="46.125386" lon="12.237456">
        <ele>429.075810</ele>
        <time>2026-08-17T23:29:33.431Z</time>
      </trkpt>
      <trkpt lat="46.125189" lon="12.237667">
        <ele>429.148560</ele>
        <time>2026-08-17T23:29:35.762Z</time>
      </trkpt>
      <trkpt lat="46.124997" lon="12.237827">
        <ele>429.214305</ele>
        <time>2026-08-17T23:29:37.713Z</time>
      </trkpt>
      <trkpt lat="46.124617" lon="12.238285">
        <ele>429.361123</ele>
        <time>2026-08-17T23:29:41.681Z</time>
      </trkpt>
      <trkpt lat="46.124465" lon="12.238517">
        <ele>429.447340</ele>
        <time>2026-08-17T23:29:43.479Z</time>
      </trkpt>
      <trkpt lat="46.124367" lon="12.238730">
        <ele>429.524236</ele>
        <time>2026-08-17T23:29:44.996Z</time>
      </trkpt>
      <trkpt lat="46.124161" lon="12.239427">
        <ele>429.752141</ele>
        <time>2026-08-17T23:29:50.043Z</time>
      </trkpt>
      <trkpt lat="46.124090" lon="12.239744">
        <ele>429.852342</ele>
        <time>2026-08-17T23:29:52.384Z</time>
      </trkpt>
      <trkpt lat="46.124033" lon="12.240211">
        <ele>429.994966</ele>
        <time>2026-08-17T23:29:55.803Z</time>
      </trkpt>
      <trkpt lat="46.124026" lon="12.241564">
        <ele>431.138210</ele>
        <time>2026-08-17T23:30:06.470Z</time>
      </trkpt>
      <trkpt lat="46.124012" lon="12.242323">
        <ele>432.069775</ele>
        <time>2026-08-17T23:30:13.241Z</time>
      </trkpt>
      <trkpt lat="46.123985" lon="12.242611">
        <ele>432.426347</ele>
        <time>2026-08-17T23:30:16.039Z</time>
      </trkpt>
      <trkpt lat="46.123884" lon="12.242926">
        <ele>432.852181</ele>
        <time>2026-08-17T23:30:19.437Z</time>
      </trkpt>
      <trkpt lat="46.123530" lon="12.243590">
        <ele>434.387780</ele>
        <time>2026-08-17T23:30:28.339Z</time>
      </trkpt>
      <trkpt lat="46.123418" lon="12.243805">
        <ele>435.032020</ele>
        <time>2026-08-17T23:30:31.367Z</time>
      </trkpt>
      <trkpt lat="46.123329" lon="12.243978">
        <ele>435.548091</ele>
        <time>2026-08-17T23:30:33.891Z</time>
      </trkpt>
      <trkpt lat="46.122033" lon="12.246472">
        <ele>443.664019</ele>
        <time>2026-08-17T23:31:13.009Z</time>
      </trkpt>
      <trkpt lat="46.121869" lon="12.246783">
        <ele>444.776163</ele>
        <time>2026-08-17T23:31:17.764Z</time>
      </trkpt>
      <trkpt lat="46.121759" lon="12.246974">
        <ele>445.482906</ele>
        <time>2026-08-17T23:31:20.779Z</time>
      </trkpt>
      <trkpt lat="46.121567" lon="12.247338">
        <ele>446.784712</ele>
        <time>2026-08-17T23:31:26.755Z</time>
      </trkpt>
      <trkpt lat="46.121095" lon="12.248232">
        <ele>452.995222</ele>
        <time>2026-08-17T23:31:44.583Z</time>
      </trkpt>
      <trkpt lat="46.119961" lon="12.250383">
        <ele>470.853872</ele>
        <time>2026-08-17T23:32:47.445Z</time>
      </trkpt>
      <trkpt lat="46.119925" lon="12.250450">
        <ele>471.517567</ele>
        <time>2026-08-17T23:32:49.839Z</time>
      </trkpt>
      <trkpt lat="46.119377" lon="12.251517">
        <ele>481.914480</ele>
        <time>2026-08-17T23:33:25.038Z</time>
      </trkpt>
      <trkpt lat="46.119253" lon="12.251862">
        <ele>485.105930</ele>
        <time>2026-08-17T23:33:35.540Z</time>
      </trkpt>
      <trkpt lat="46.119084" lon="12.252513">
        <ele>490.820461</ele>
        <time>2026-08-17T23:33:53.667Z</time>
      </trkpt>
      <trkpt lat="46.119000" lon="12.253046">
        <ele>495.313806</ele>
        <time>2026-08-17T23:34:07.329Z</time>
      </trkpt>
      <trkpt lat="46.119022" lon="12.253332">
        <ele>497.679302</ele>
        <time>2026-08-17T23:34:14.552Z</time>
      </trkpt>
      <trkpt lat="46.119131" lon="12.253817">
        <ele>501.870565</ele>
        <time>2026-08-17T23:34:27.841Z</time>
      </trkpt>
      <trkpt lat="46.119142" lon="12.254421">
        <ele>506.815528</ele>
        <time>2026-08-17T23:34:44.427Z</time>
      </trkpt>
      <trkpt lat="46.119126" lon="12.254715">
        <ele>509.224725</ele>
        <time>2026-08-17T23:34:52.227Z</time>
      </trkpt>
      <trkpt lat="46.119087" lon="12.254744">
        <ele>509.741832</ele>
        <time>2026-08-17T23:34:53.888Z</time>
      </trkpt>
      <trkpt lat="46.118458" lon="12.254423">
        <ele>517.605215</ele>
        <time>2026-08-17T23:35:18.246Z</time>
      </trkpt>
      <trkpt lat="46.117976" lon="12.254177">
        <ele>523.630951</ele>
        <time>2026-08-17T23:35:37.390Z</time>
      </trkpt>
      <trkpt lat="46.117525" lon="12.253885">
        <ele>529.616865</ele>
        <time>2026-08-17T23:35:55.770Z</time>
      </trkpt>
      <trkpt lat="46.117271" lon="12.253807">
        <ele>532.776318</ele>
        <time>2026-08-17T23:36:05.180Z</time>
      </trkpt>
      <trkpt lat="46.116670" lon="12.253729">
        <ele>540.117736</ele>
        <time>2026-08-17T23:36:28.493Z</time>
      </trkpt>
      <trkpt lat="46.115722" lon="12.253740">
        <ele>552.032532</ele>
        <time>2026-08-17T23:37:06.141Z</time>
      </trkpt>
      <trkpt lat="46.115460" lon="12.253715">
        <ele>555.458289</ele>
        <time>2026-08-17T23:37:16.480Z</time>
      </trkpt>
      <trkpt lat="46.115327" lon="12.253689">
        <ele>557.209387</ele>
        <time>2026-08-17T23:37:21.819Z</time>
      </trkpt>
      <trkpt lat="46.114970" lon="12.253518">
        <ele>562.117180</ele>
        <time>2026-08-17T23:37:36.880Z</time>
      </trkpt>
      <trkpt lat="46.114831" lon="12.253539">
        <ele>563.940618</ele>
        <time>2026-08-17T23:37:42.567Z</time>
      </trkpt>
      <trkpt lat="46.114558" lon="12.253710">
        <ele>567.823703</ele>
        <time>2026-08-17T23:37:54.852Z</time>
      </trkpt>
      <trkpt lat="46.114461" lon="12.253713">
        <ele>569.089543</ele>
        <time>2026-08-17T23:37:58.934Z</time>
      </trkpt>
      <trkpt lat="46.114134" lon="12.253567">
        <ele>573.614247</ele>
        <time>2026-08-17T23:38:13.728Z</time>
      </trkpt>
      <trkpt lat="46.113960" lon="12.253549">
        <ele>575.926353</ele>
        <time>2026-08-17T23:38:21.274Z</time>
      </trkpt>
      <trkpt lat="46.113792" lon="12.253685">
        <ele>578.479670</ele>
        <time>2026-08-17T23:38:29.472Z</time>
      </trkpt>
      <trkpt lat="46.113337" lon="12.254303">
        <ele>586.762751</ele>
        <time>2026-08-17T23:38:55.147Z</time>
      </trkpt>
      <trkpt lat="46.113240" lon="12.254367">
        <ele>588.176482</ele>
        <time>2026-08-17T23:38:59.332Z</time>
      </trkpt>
      <trkpt lat="46.113096" lon="12.254365">
        <ele>590.085136</ele>
        <time>2026-08-17T23:39:05.022Z</time>
      </trkpt>
      <trkpt lat="46.112431" lon="12.254160">
        <ele>598.670731</ele>
        <time>2026-08-17T23:39:31.586Z</time>
      </trkpt>
      <trkpt lat="46.112371" lon="12.254172">
        <ele>599.410070</ele>
        <time>2026-08-17T23:39:33.925Z</time>
      </trkpt>
      <trkpt lat="46.112327" lon="12.254232">
        <ele>600.149098</ele>
        <time>2026-08-17T23:39:36.278Z</time>
      </trkpt>
      <trkpt lat="46.112314" lon="12.254330">
        <ele>600.993366</ele>
        <time>2026-08-17T23:39:38.978Z</time>
      </trkpt>
      <trkpt lat="46.112348" lon="12.254417">
        <ele>601.838427</ele>
        <time>2026-08-17T23:39:41.729Z</time>
      </trkpt>
      <trkpt lat="46.112891" lon="12.255035">
        <ele>610.280544</ele>
        <time>2026-08-17T23:40:09.236Z</time>
      </trkpt>
      <trkpt lat="46.113091" lon="12.255333">
        <ele>613.790089</ele>
        <time>2026-08-17T23:40:19.952Z</time>
      </trkpt>
      <trkpt lat="46.113322" lon="12.255528">
        <ele>616.779192</ele>
        <time>2026-08-17T23:40:29.647Z</time>
      </trkpt>
      <trkpt lat="46.113390" lon="12.255639">
        <ele>617.785270</ele>
        <time>2026-08-17T23:40:33.164Z</time>
      </trkpt>
      <trkpt lat="46.113385" lon="12.255739">
        <ele>618.466215</ele>
        <time>2026-08-17T23:40:35.489Z</time>
      </trkpt>
      <trkpt lat="46.113348" lon="12.255784">
        <ele>618.940363</ele>
        <time>2026-08-17T23:40:37.123Z</time>
      </trkpt>
      <trkpt lat="46.113299" lon="12.255786">
        <ele>619.420622</ele>
        <time>2026-08-17T23:40:38.783Z</time>
      </trkpt>
      <trkpt lat="46.113106" lon="12.255621">
        <ele>621.618637</ele>
        <time>2026-08-17T23:40:46.005Z</time>
      </trkpt>
      <trkpt lat="46.112710" lon="12.255379">
        <ele>625.832160</ele>
        <time>2026-08-17T23:40:59.647Z</time>
      </trkpt>
      <trkpt lat="46.112661" lon="12.255387">
        <ele>626.315292</ele>
        <time>2026-08-17T23:41:01.101Z</time>
      </trkpt>
      <trkpt lat="46.112623" lon="12.255433">
        <ele>626.801312</ele>
        <time>2026-08-17T23:41:02.603Z</time>
      </trkpt>
      <trkpt lat="46.112610" lon="12.255502">
        <ele>627.286952</ele>
        <time>2026-08-17T23:41:04.076Z</time>
      </trkpt>
      <trkpt lat="46.112625" lon="12.255571">
        <ele>627.778095</ele>
        <time>2026-08-17T23:41:05.473Z</time>
      </trkpt>
      <trkpt lat="46.112665" lon="12.255615">
        <ele>628.270930</ele>
        <time>2026-08-17T23:41:06.921Z</time>
      </trkpt>
      <trkpt lat="46.112933" lon="12.255724">
        <ele>630.998972</ele>
        <time>2026-08-17T23:41:14.927Z</time>
      </trkpt>
      <trkpt lat="46.113065" lon="12.255810">
        <ele>632.418002</ele>
        <time>2026-08-17T23:41:19.325Z</time>
      </trkpt>
      <trkpt lat="46.113577" lon="12.256565">
        <ele>640.566071</ele>
        <time>2026-08-17T23:41:44.216Z</time>
      </trkpt>
      <trkpt lat="46.113855" lon="12.257241">
        <ele>646.727715</ele>
        <time>2026-08-17T23:42:04.905Z</time>
      </trkpt>
      <trkpt lat="46.114171" lon="12.257771">
        <ele>652.207823</ele>
        <time>2026-08-17T23:42:23.648Z</time>
      </trkpt>
      <trkpt lat="46.114750" lon="12.259009">
        <ele>665.093749</ele>
        <time>2026-08-17T23:43:03.356Z</time>
      </trkpt>
      <trkpt lat="46.115027" lon="12.259538">
        <ele>670.885330</ele>
        <time>2026-08-17T23:43:22.367Z</time>
      </trkpt>
      <trkpt lat="46.115208" lon="12.259987">
        <ele>675.422781</ele>
        <time>2026-08-17T23:43:37.269Z</time>
      </trkpt>
      <trkpt lat="46.115416" lon="12.260870">
        <ele>682.852453</ele>
        <time>2026-08-17T23:44:01.987Z</time>
      </trkpt>
      <trkpt lat="46.115409" lon="12.260960">
        <ele>683.565788</ele>
        <time>2026-08-17T23:44:04.269Z</time>
      </trkpt>
      <trkpt lat="46.115368" lon="12.261027">
        <ele>684.269720</ele>
        <time>2026-08-17T23:44:06.450Z</time>
      </trkpt>
      <trkpt lat="46.115271" lon="12.261034">
        <ele>685.373254</ele>
        <time>2026-08-17T23:44:09.977Z</time>
      </trkpt>
      <trkpt lat="46.114762" lon="12.260153">
        <ele>694.406634</ele>
        <time>2026-08-17T23:44:38.691Z</time>
      </trkpt>
      <trkpt lat="46.114638" lon="12.259993">
        <ele>696.296969</ele>
        <time>2026-08-17T23:44:44.243Z</time>
      </trkpt>
      <trkpt lat="46.114415" lon="12.259846">
        <ele>698.463529</ele>
        <time>2026-08-17T23:44:52.096Z</time>
      </trkpt>
      <trkpt lat="46.113594" lon="12.259482">
        <ele>705.670646</ele>
        <time>2026-08-17T23:45:18.142Z</time>
      </trkpt>
      <trkpt lat="46.113422" lon="12.259291">
        <ele>707.492025</ele>
        <time>2026-08-17T23:45:24.239Z</time>
      </trkpt>
      <trkpt lat="46.113096" lon="12.258745">
        <ele>711.683728</ele>
        <time>2026-08-17T23:45:37.299Z</time>
      </trkpt>
      <trkpt lat="46.112691" lon="12.258287">
        <ele>715.579591</ele>
        <time>2026-08-17T23:45:49.372Z</time>
      </trkpt>
      <trkpt lat="46.112551" lon="12.258062">
        <ele>717.161231</ele>
        <time>2026-08-17T23:45:54.280Z</time>
      </trkpt>
      <trkpt lat="46.112490" lon="12.258041">
        <ele>717.634478</ele>
        <time>2026-08-17T23:45:55.789Z</time>
      </trkpt>
      <trkpt lat="46.112431" lon="12.258074">
        <ele>718.112002</ele>
        <time>2026-08-17T23:45:57.312Z</time>
      </trkpt>
      <trkpt lat="46.112392" lon="12.258195">
        <ele>718.810069</ele>
        <time>2026-08-17T23:45:59.639Z</time>
      </trkpt>
      <trkpt lat="46.112411" lon="12.258281">
        <ele>719.282262</ele>
        <time>2026-08-17T23:46:01.230Z</time>
      </trkpt>
      <trkpt lat="46.112729" lon="12.258704">
        <ele>722.546508</ele>
        <time>2026-08-17T23:46:13.053Z</time>
      </trkpt>
      <trkpt lat="46.112861" lon="12.258961">
        <ele>724.219759</ele>
        <time>2026-08-17T23:46:19.753Z</time>
      </trkpt>
      <trkpt lat="46.113064" lon="12.259780">
        <ele>730.727608</ele>
        <time>2026-08-17T23:46:39.708Z</time>
      </trkpt>
      <trkpt lat="46.113167" lon="12.260102">
        <ele>733.654250</ele>
        <time>2026-08-17T23:46:48.578Z</time>
      </trkpt>
      <trkpt lat="46.113621" lon="12.261103">
        <ele>743.526163</ele>
        <time>2026-08-17T23:47:21.495Z</time>
      </trkpt>
      <trkpt lat="46.113637" lon="12.261236">
        <ele>744.640174</ele>
        <time>2026-08-17T23:47:25.386Z</time>
      </trkpt>
      <trkpt lat="46.113623" lon="12.261710">
        <ele>748.622697</ele>
        <time>2026-08-17T23:47:39.316Z</time>
      </trkpt>
      <trkpt lat="46.113644" lon="12.261898">
        <ele>750.254116</ele>
        <time>2026-08-17T23:47:44.999Z</time>
      </trkpt>
      <trkpt lat="46.113706" lon="12.262145">
        <ele>752.504675</ele>
        <time>2026-08-17T23:47:52.777Z</time>
      </trkpt>
      <trkpt lat="46.113909" lon="12.262494">
        <ele>756.407720</ele>
        <time>2026-08-17T23:48:06.281Z</time>
      </trkpt>
      <trkpt lat="46.114252" lon="12.263232">
        <ele>764.019795</ele>
        <time>2026-08-17T23:48:31.657Z</time>
      </trkpt>
      <trkpt lat="46.114702" lon="12.264434">
        <ele>774.876893</ele>
        <time>2026-08-17T23:49:00.383Z</time>
      </trkpt>
      <trkpt lat="46.114819" lon="12.264842">
        <ele>778.181881</ele>
        <time>2026-08-17T23:49:10.271Z</time>
      </trkpt>
      <trkpt lat="46.114881" lon="12.265126">
        <ele>780.410622</ele>
        <time>2026-08-17T23:49:17.443Z</time>
      </trkpt>
      <trkpt lat="46.114875" lon="12.265258">
        <ele>781.400799</ele>
        <time>2026-08-17T23:49:20.827Z</time>
      </trkpt>
      <trkpt lat="46.114837" lon="12.265358">
        <ele>782.254412</ele>
        <time>2026-08-17T23:49:23.614Z</time>
      </trkpt>
      <trkpt lat="46.114804" lon="12.265381">
        <ele>782.650153</ele>
        <time>2026-08-17T23:49:24.938Z</time>
      </trkpt>
      <trkpt lat="46.114685" lon="12.265386">
        <ele>783.935648</ele>
        <time>2026-08-17T23:49:29.383Z</time>
      </trkpt>
      <trkpt lat="46.113968" lon="12.265099">
        <ele>792.782527</ele>
        <time>2026-08-17T23:49:57.943Z</time>
      </trkpt>
      <trkpt lat="46.113660" lon="12.264887">
        <ele>797.315915</ele>
        <time>2026-08-17T23:50:13.760Z</time>
      </trkpt>
      <trkpt lat="46.113097" lon="12.264401">
        <ele>806.031679</ele>
        <time>2026-08-17T23:50:41.677Z</time>
      </trkpt>
      <trkpt lat="46.112736" lon="12.264173">
        <ele>811.266724</ele>
        <time>2026-08-17T23:50:56.917Z</time>
      </trkpt>
      <trkpt lat="46.112269" lon="12.264039">
        <ele>817.095139</ele>
        <time>2026-08-17T23:51:15.833Z</time>
      </trkpt>
      <trkpt lat="46.111264" lon="12.264131">
        <ele>829.208148</ele>
        <time>2026-08-17T23:51:54.988Z</time>
      </trkpt>
      <trkpt lat="46.111049" lon="12.264071">
        <ele>831.842241</ele>
        <time>2026-08-17T23:52:02.732Z</time>
      </trkpt>
      <trkpt lat="46.110971" lon="12.263997">
        <ele>832.965210</ele>
        <time>2026-08-17T23:52:05.961Z</time>
      </trkpt>
      <trkpt lat="46.110920" lon="12.263874">
        <ele>834.156631</ele>
        <time>2026-08-17T23:52:09.317Z</time>
      </trkpt>
      <trkpt lat="46.110897" lon="12.263348">
        <ele>838.465318</ele>
        <time>2026-08-17T23:52:21.665Z</time>
      </trkpt>
      <trkpt lat="46.110851" lon="12.263135">
        <ele>840.289165</ele>
        <time>2026-08-17T23:52:26.967Z</time>
      </trkpt>
      <trkpt lat="46.110796" lon="12.263013">
        <ele>841.478873</ele>
        <time>2026-08-17T23:52:30.455Z</time>
      </trkpt>
      <trkpt lat="46.110690" lon="12.262902">
        <ele>843.023514</ele>
        <time>2026-08-17T23:52:35.016Z</time>
      </trkpt>
      <trkpt lat="46.110449" lon="12.262803">
        <ele>845.978454</ele>
        <time>2026-08-17T23:52:43.985Z</time>
      </trkpt>
      <trkpt lat="46.110207" lon="12.262771">
        <ele>848.844153</ele>
        <time>2026-08-17T23:52:53.025Z</time>
      </trkpt>
      <trkpt lat="46.109704" lon="12.263141">
        <ele>855.549546</ele>
        <time>2026-08-17T23:53:15.997Z</time>
      </trkpt>
      <trkpt lat="46.109506" lon="12.263159">
        <ele>858.231758</ele>
        <time>2026-08-17T23:53:24.602Z</time>
      </trkpt>
      <trkpt lat="46.109383" lon="12.263076">
        <ele>860.067659</ele>
        <time>2026-08-17T23:53:30.572Z</time>
      </trkpt>
      <trkpt lat="46.108909" lon="12.262622">
        <ele>867.760180</ele>
        <time>2026-08-17T23:53:55.699Z</time>
      </trkpt>
      <trkpt lat="46.108626" lon="12.262172">
        <ele>873.454869</ele>
        <time>2026-08-17T23:54:13.214Z</time>
      </trkpt>
      <trkpt lat="46.108552" lon="12.262137">
        <ele>874.507740</ele>
        <time>2026-08-17T23:54:16.383Z</time>
      </trkpt>
      <trkpt lat="46.108091" lon="12.262079">
        <ele>880.603975</ele>
        <time>2026-08-17T23:54:34.670Z</time>
      </trkpt>
      <trkpt lat="46.107133" lon="12.261970">
        <ele>891.953989</ele>
        <time>2026-08-17T23:55:11.401Z</time>
      </trkpt>
      <trkpt lat="46.106533" lon="12.261794">
        <ele>899.185610</ele>
        <time>2026-08-17T23:55:34.067Z</time>
      </trkpt>
      <trkpt lat="46.106384" lon="12.261853">
        <ele>900.947175</ele>
        <time>2026-08-17T23:55:39.497Z</time>
      </trkpt>
      <trkpt lat="46.106290" lon="12.262032">
        <ele>902.352643</ele>
        <time>2026-08-17T23:55:44.833Z</time>
      </trkpt>
      <trkpt lat="46.106290" lon="12.262202">
        <ele>903.416681</ele>
        <time>2026-08-17T23:55:48.804Z</time>
      </trkpt>
      <trkpt lat="46.106368" lon="12.262526">
        <ele>905.563384</ele>
        <time>2026-08-17T23:55:56.532Z</time>
      </trkpt>
      <trkpt lat="46.106576" lon="12.262940">
        <ele>908.763451</ele>
        <time>2026-08-17T23:56:07.684Z</time>
      </trkpt>
      <trkpt lat="46.106704" lon="12.263348">
        <ele>911.566400</ele>
        <time>2026-08-17T23:56:17.191Z</time>
      </trkpt>
      <trkpt lat="46.106827" lon="12.263522">
        <ele>913.121727</ele>
        <time>2026-08-17T23:56:22.271Z</time>
      </trkpt>
      <trkpt lat="46.107064" lon="12.263699">
        <ele>915.531074</ele>
        <time>2026-08-17T23:56:29.603Z</time>
      </trkpt>
      <trkpt lat="46.107158" lon="12.263802">
        <ele>916.596774</ele>
        <time>2026-08-17T23:56:32.704Z</time>
      </trkpt>
      <trkpt lat="46.107297" lon="12.264188">
        <ele>918.695102</ele>
        <time>2026-08-17T23:56:40.395Z</time>
      </trkpt>
      <trkpt lat="46.108435" lon="12.267784">
        <ele>937.230686</ele>
        <time>2026-08-17T23:57:47.134Z</time>
      </trkpt>
      <trkpt lat="46.108442" lon="12.268097">
        <ele>938.739008</ele>
        <time>2026-08-17T23:57:52.782Z</time>
      </trkpt>
      <trkpt lat="46.108371" lon="12.268406">
        <ele>940.306888</ele>
        <time>2026-08-17T23:57:58.847Z</time>
      </trkpt>
      <trkpt lat="46.108233" lon="12.268663">
        <ele>942.055514</ele>
        <time>2026-08-17T23:58:05.216Z</time>
      </trkpt>
      <trkpt lat="46.108046" lon="12.268880">
        <ele>944.344289</ele>
        <time>2026-08-17T23:58:12.215Z</time>
      </trkpt>
      <trkpt lat="46.107812" lon="12.269004">
        <ele>946.721620</ele>
        <time>2026-08-17T23:58:19.854Z</time>
      </trkpt>
      <trkpt lat="46.107635" lon="12.269049">
        <ele>948.435568</ele>
        <time>2026-08-17T23:58:25.529Z</time>
      </trkpt>
      <trkpt lat="46.106407" lon="12.269182">
        <ele>960.258746</ele>
        <time>2026-08-17T23:59:07.042Z</time>
      </trkpt>
      <trkpt lat="46.106049" lon="12.269176">
        <ele>963.838214</ele>
        <time>2026-08-17T23:59:19.287Z</time>
      </trkpt>
      <trkpt lat="46.105828" lon="12.269067">
        <ele>966.173351</ele>
        <time>2026-08-17T23:59:27.174Z</time>
      </trkpt>
      <trkpt lat="46.104958" lon="12.268455">
        <ele>975.850865</ele>
        <time>2026-08-17T23:59:59.024Z</time>
      </trkpt>
      <trkpt lat="46.104341" lon="12.268036">
        <ele>980.863555</ele>
        <time>2026-08-18T00:00:20.139Z</time>
      </trkpt>
      <trkpt lat="46.103957" lon="12.267882">
        <ele>983.678964</ele>
        <time>2026-08-18T00:00:31.084Z</time>
      </trkpt>
      <trkpt lat="46.103770" lon="12.267849">
        <ele>985.009745</ele>
        <time>2026-08-18T00:00:35.811Z</time>
      </trkpt>
      <trkpt lat="46.103563" lon="12.267868">
        <ele>986.474909</ele>
        <time>2026-08-18T00:00:40.701Z</time>
      </trkpt>
      <trkpt lat="46.103428" lon="12.267938">
        <ele>987.488279</ele>
        <time>2026-08-18T00:00:43.849Z</time>
      </trkpt>
      <trkpt lat="46.103346" lon="12.268045">
        <ele>988.269398</ele>
        <time>2026-08-18T00:00:46.100Z</time>
      </trkpt>
      <trkpt lat="46.102243" lon="12.269718">
        <ele>994.399483</ele>
        <time>2026-08-18T00:01:12.237Z</time>
      </trkpt>
      <trkpt lat="46.102090" lon="12.270014">
        <ele>995.303685</ele>
        <time>2026-08-18T00:01:16.620Z</time>
      </trkpt>
      <trkpt lat="46.101926" lon="12.270597">
        <ele>997.116388</ele>
        <time>2026-08-18T00:01:24.633Z</time>
      </trkpt>
      <trkpt lat="46.101630" lon="12.272431">
        <ele>1002.715597</ele>
        <time>2026-08-18T00:01:51.083Z</time>
      </trkpt>
      <trkpt lat="46.101526" lon="12.272730">
        <ele>1003.588357</ele>
        <time>2026-08-18T00:01:55.478Z</time>
      </trkpt>
      <trkpt lat="46.101348" lon="12.272979">
        <ele>1004.344532</ele>
        <time>2026-08-18T00:02:00.026Z</time>
      </trkpt>
      <trkpt lat="46.099450" lon="12.274379">
        <ele>1008.773039</ele>
        <time>2026-08-18T00:02:32.645Z</time>
      </trkpt>
      <trkpt lat="46.099212" lon="12.274525">
        <ele>1008.773039</ele>
        <time>2026-08-18T00:02:36.073Z</time>
      </trkpt>
      <trkpt lat="46.098412" lon="12.274801">
        <ele>1008.773039</ele>
        <time>2026-08-18T00:02:45.813Z</time>
      </trkpt>
      <trkpt lat="46.097845" lon="12.274909">
        <ele>1008.773039</ele>
        <time>2026-08-18T00:02:51.638Z</time>
      </trkpt>
      <trkpt lat="46.097642" lon="12.274919">
        <ele>1008.773039</ele>
        <time>2026-08-18T00:02:53.578Z</time>
      </trkpt>
    </trkseg>
  </trk>
</gpx>