<?xml version='1.0' encoding='UTF-8'?>
<gpx version="1.1" creator="https://www.komoot.de" xmlns="http://www.topografix.com/GPX/1/1" xmlns:xsi="http://www.w3.org/2001/XMLSchema-instance" xsi:schemaLocation="http://www.topografix.com/GPX/1/1 http://www.topografix.com/GPX/1/1/gpx.xsd">
  <metadata>
    <name>The Ride Dolomites - Proloog - zondag</name>
    <author>
      <link href="https://www.komoot.de">
        <text>komoot</text>
        <type>text/html</type>
      </link>
    </author>
  </metadata>
  <wpt lat="45.985696" lon="11.262007">
    <name>Links af. Start klim</name>
    <sym>Flag, Blue</sym>
  </wpt>
  <wpt lat="45.978387" lon="11.236387">
    <name>Einde klim</name>
    <sym>Flag, Blue</sym>
  </wpt>
  <wpt lat="46.007325" lon="11.242218">
    <name>Let op: Begin fietspad</name>
    <desc>Let op  druk fietspad met tegenliggers en wandelaars.</desc>
    <sym>Flag, Blue</sym>
  </wpt>
  <wpt lat="46.027441" lon="11.229554">
    <name>VP  1</name>
    <sym>Flag, Blue</sym>
  </wpt>
  <wpt lat="46.050498" lon="11.223040">
    <name>Drinkfontein</name>
    <sym>Flag, Blue</sym>
  </wpt>
  <wpt lat="46.056374" lon="11.236390">
    <name>Let op: druk punt</name>
    <desc>Grote weg oversteken</desc>
    <sym>Flag, Blue</sym>
  </wpt>
  <wpt lat="46.049604" lon="11.254083">
    <name>Start klim</name>
    <sym>Flag, Blue</sym>
  </wpt>
  <wpt lat="46.046318" lon="11.262212">
    <name>Start Challenge</name>
    <sym>Flag, Blue</sym>
  </wpt>
  <wpt lat="46.039359" lon="11.299549">
    <name>Einde Challenge</name>
    <sym>Flag, Blue</sym>
  </wpt>
  <wpt lat="46.039335" lon="11.299844">
    <name>Start afdaling</name>
    <sym>Flag, Blue</sym>
  </wpt>
  <trk>
    <name>The Ride Dolomites - Proloog - zondag</name>
    <type>racebike</type>
    <trkseg>
      <trkpt lat="46.006671" lon="11.286878">
        <ele>443.801248</ele>
        <time>2026-06-27T13:35:02.773Z</time>
      </trkpt>
      <trkpt lat="46.005937" lon="11.286303">
        <ele>443.801248</ele>
        <time>2026-06-27T13:35:21.560Z</time>
      </trkpt>
      <trkpt lat="46.005902" lon="11.286275">
        <ele>443.801248</ele>
        <time>2026-06-27T13:35:22.464Z</time>
      </trkpt>
      <trkpt lat="46.005748" lon="11.289983">
        <ele>443.066740</ele>
        <time>2026-06-27T13:35:57.850Z</time>
      </trkpt>
      <trkpt lat="46.005666" lon="11.290893">
        <ele>442.817743</ele>
        <time>2026-06-27T13:36:06.056Z</time>
      </trkpt>
      <trkpt lat="46.005629" lon="11.290937">
        <ele>442.798995</ele>
        <time>2026-06-27T13:36:06.681Z</time>
      </trkpt>
      <trkpt lat="46.006011" lon="11.291392">
        <ele>442.776745</ele>
        <time>2026-06-27T13:36:13.284Z</time>
      </trkpt>
      <trkpt lat="46.006090" lon="11.291480">
        <ele>442.859757</ele>
        <time>2026-06-27T13:36:14.721Z</time>
      </trkpt>
      <trkpt lat="46.006146" lon="11.291546">
        <ele>442.919901</ele>
        <time>2026-06-27T13:36:15.855Z</time>
      </trkpt>
      <trkpt lat="46.006162" lon="11.291563">
        <ele>442.936428</ele>
        <time>2026-06-27T13:36:16.168Z</time>
      </trkpt>
      <trkpt lat="46.006345" lon="11.291786">
        <ele>443.135676</ele>
        <time>2026-06-27T13:36:20.168Z</time>
      </trkpt>
      <trkpt lat="46.006786" lon="11.292326">
        <ele>443.616806</ele>
        <time>2026-06-27T13:36:30.793Z</time>
      </trkpt>
      <trkpt lat="46.007074" lon="11.292672">
        <ele>443.928538</ele>
        <time>2026-06-27T13:36:38.210Z</time>
      </trkpt>
      <trkpt lat="46.007186" lon="11.292798">
        <ele>444.046663</ele>
        <time>2026-06-27T13:36:41.160Z</time>
      </trkpt>
      <trkpt lat="46.007317" lon="11.292852">
        <ele>444.170927</ele>
        <time>2026-06-27T13:36:44.110Z</time>
      </trkpt>
      <trkpt lat="46.007315" lon="11.292988">
        <ele>444.423025</ele>
        <time>2026-06-27T13:36:46.222Z</time>
      </trkpt>
      <trkpt lat="46.007373" lon="11.293095">
        <ele>444.674564</ele>
        <time>2026-06-27T13:36:48.399Z</time>
      </trkpt>
      <trkpt lat="46.007414" lon="11.293120">
        <ele>444.793367</ele>
        <time>2026-06-27T13:36:49.431Z</time>
      </trkpt>
      <trkpt lat="46.007503" lon="11.293109">
        <ele>445.031711</ele>
        <time>2026-06-27T13:36:51.543Z</time>
      </trkpt>
      <trkpt lat="46.007528" lon="11.293198">
        <ele>445.209628</ele>
        <time>2026-06-27T13:36:53.128Z</time>
      </trkpt>
      <trkpt lat="46.007810" lon="11.293709">
        <ele>446.419163</ele>
        <time>2026-06-27T13:37:04.304Z</time>
      </trkpt>
      <trkpt lat="46.007967" lon="11.294083">
        <ele>447.229030</ele>
        <time>2026-06-27T13:37:12.013Z</time>
      </trkpt>
      <trkpt lat="46.008403" lon="11.295291">
        <ele>450.635065</ele>
        <time>2026-06-27T13:37:38.306Z</time>
      </trkpt>
      <trkpt lat="46.008509" lon="11.295687">
        <ele>452.292081</ele>
        <time>2026-06-27T13:37:47.872Z</time>
      </trkpt>
      <trkpt lat="46.008535" lon="11.295786">
        <ele>452.705332</ele>
        <time>2026-06-27T13:37:50.421Z</time>
      </trkpt>
      <trkpt lat="46.008601" lon="11.296042">
        <ele>453.771510</ele>
        <time>2026-06-27T13:37:57.135Z</time>
      </trkpt>
      <trkpt lat="46.008711" lon="11.296470">
        <ele>455.553352</ele>
        <time>2026-06-27T13:38:09.310Z</time>
      </trkpt>
      <trkpt lat="46.008859" lon="11.297039">
        <ele>457.925652</ele>
        <time>2026-06-27T13:38:27.144Z</time>
      </trkpt>
      <trkpt lat="46.008985" lon="11.297527">
        <ele>460.225342</ele>
        <time>2026-06-27T13:38:43.684Z</time>
      </trkpt>
      <trkpt lat="46.009048" lon="11.297770">
        <ele>461.540719</ele>
        <time>2026-06-27T13:38:52.642Z</time>
      </trkpt>
      <trkpt lat="46.009166" lon="11.298028">
        <ele>463.107312</ele>
        <time>2026-06-27T13:39:03.741Z</time>
      </trkpt>
      <trkpt lat="46.009288" lon="11.298182">
        <ele>464.291978</ele>
        <time>2026-06-27T13:39:12.307Z</time>
      </trkpt>
      <trkpt lat="46.009435" lon="11.298305">
        <ele>465.533399</ele>
        <time>2026-06-27T13:39:21.040Z</time>
      </trkpt>
      <trkpt lat="46.009883" lon="11.298437">
        <ele>468.872301</ele>
        <time>2026-06-27T13:39:42.885Z</time>
      </trkpt>
      <trkpt lat="46.010036" lon="11.298493">
        <ele>470.024975</ele>
        <time>2026-06-27T13:39:49.476Z</time>
      </trkpt>
      <trkpt lat="46.010076" lon="11.298509">
        <ele>470.328100</ele>
        <time>2026-06-27T13:39:51.031Z</time>
      </trkpt>
      <trkpt lat="46.010157" lon="11.298563">
        <ele>470.979850</ele>
        <time>2026-06-27T13:39:54.480Z</time>
      </trkpt>
      <trkpt lat="46.010130" lon="11.298681">
        <ele>471.609887</ele>
        <time>2026-06-27T13:39:57.494Z</time>
      </trkpt>
      <trkpt lat="46.010189" lon="11.298787">
        <ele>472.215100</ele>
        <time>2026-06-27T13:40:00.795Z</time>
      </trkpt>
      <trkpt lat="46.010100" lon="11.299012">
        <ele>472.435962</ele>
        <time>2026-06-27T13:40:06.425Z</time>
      </trkpt>
      <trkpt lat="46.010042" lon="11.299147">
        <ele>472.571364</ele>
        <time>2026-06-27T13:40:09.721Z</time>
      </trkpt>
      <trkpt lat="46.010021" lon="11.299194">
        <ele>472.619033</ele>
        <time>2026-06-27T13:40:10.783Z</time>
      </trkpt>
      <trkpt lat="46.009526" lon="11.300225">
        <ele>473.688119</ele>
        <time>2026-06-27T13:40:27.819Z</time>
      </trkpt>
      <trkpt lat="46.009202" lon="11.300888">
        <ele>474.379607</ele>
        <time>2026-06-27T13:40:34.623Z</time>
      </trkpt>
      <trkpt lat="46.009016" lon="11.301382">
        <ele>472.768648</ele>
        <time>2026-06-27T13:40:39.133Z</time>
      </trkpt>
      <trkpt lat="46.008856" lon="11.301881">
        <ele>471.068369</ele>
        <time>2026-06-27T13:40:43.014Z</time>
      </trkpt>
      <trkpt lat="46.008750" lon="11.302383">
        <ele>469.445185</ele>
        <time>2026-06-27T13:40:46.446Z</time>
      </trkpt>
      <trkpt lat="46.008522" lon="11.302233">
        <ele>468.328639</ele>
        <time>2026-06-27T13:40:48.740Z</time>
      </trkpt>
      <trkpt lat="46.008241" lon="11.302104">
        <ele>467.014937</ele>
        <time>2026-06-27T13:40:51.409Z</time>
      </trkpt>
      <trkpt lat="46.008099" lon="11.302039">
        <ele>466.324058</ele>
        <time>2026-06-27T13:40:52.750Z</time>
      </trkpt>
      <trkpt lat="46.007651" lon="11.301930">
        <ele>463.062400</ele>
        <time>2026-06-27T13:40:56.775Z</time>
      </trkpt>
      <trkpt lat="46.007217" lon="11.301734">
        <ele>459.797165</ele>
        <time>2026-06-27T13:41:00.770Z</time>
      </trkpt>
      <trkpt lat="46.007102" lon="11.301645">
        <ele>458.859902</ele>
        <time>2026-06-27T13:41:01.922Z</time>
      </trkpt>
      <trkpt lat="46.007131" lon="11.301587">
        <ele>458.503569</ele>
        <time>2026-06-27T13:41:02.367Z</time>
      </trkpt>
      <trkpt lat="46.007115" lon="11.301519">
        <ele>458.145587</ele>
        <time>2026-06-27T13:41:02.811Z</time>
      </trkpt>
      <trkpt lat="46.007074" lon="11.301497">
        <ele>457.831483</ele>
        <time>2026-06-27T13:41:03.200Z</time>
      </trkpt>
      <trkpt lat="46.007036" lon="11.301524">
        <ele>457.527282</ele>
        <time>2026-06-27T13:41:03.582Z</time>
      </trkpt>
      <trkpt lat="46.006222" lon="11.301000">
        <ele>451.744156</ele>
        <time>2026-06-27T13:41:11.724Z</time>
      </trkpt>
      <trkpt lat="46.006156" lon="11.300961">
        <ele>451.366232</ele>
        <time>2026-06-27T13:41:12.376Z</time>
      </trkpt>
      <trkpt lat="46.005983" lon="11.300865">
        <ele>450.384086</ele>
        <time>2026-06-27T13:41:14.077Z</time>
      </trkpt>
      <trkpt lat="46.005222" lon="11.300531">
        <ele>446.169690</ele>
        <time>2026-06-27T13:41:21.454Z</time>
      </trkpt>
      <trkpt lat="46.004763" lon="11.300327">
        <ele>443.826625</ele>
        <time>2026-06-27T13:41:26.094Z</time>
      </trkpt>
      <trkpt lat="46.004382" lon="11.300161">
        <ele>443.003015</ele>
        <time>2026-06-27T13:41:30.082Z</time>
      </trkpt>
      <trkpt lat="46.004363" lon="11.300154">
        <ele>442.962437</ele>
        <time>2026-06-27T13:41:30.280Z</time>
      </trkpt>
      <trkpt lat="46.003393" lon="11.299767">
        <ele>440.879834</ele>
        <time>2026-06-27T13:41:41.663Z</time>
      </trkpt>
      <trkpt lat="46.003381" lon="11.299764">
        <ele>440.854634</ele>
        <time>2026-06-27T13:41:41.828Z</time>
      </trkpt>
      <trkpt lat="46.003109" lon="11.299682">
        <ele>440.279651</ele>
        <time>2026-06-27T13:41:45.539Z</time>
      </trkpt>
      <trkpt lat="46.002778" lon="11.299582">
        <ele>440.229703</ele>
        <time>2026-06-27T13:41:50.172Z</time>
      </trkpt>
      <trkpt lat="46.002751" lon="11.299574">
        <ele>440.229295</ele>
        <time>2026-06-27T13:41:50.550Z</time>
      </trkpt>
      <trkpt lat="46.002608" lon="11.299534">
        <ele>440.227136</ele>
        <time>2026-06-27T13:41:52.600Z</time>
      </trkpt>
      <trkpt lat="46.002151" lon="11.299369">
        <ele>440.220153</ele>
        <time>2026-06-27T13:41:59.569Z</time>
      </trkpt>
      <trkpt lat="46.001976" lon="11.299352">
        <ele>440.217554</ele>
        <time>2026-06-27T13:42:02.208Z</time>
      </trkpt>
      <trkpt lat="46.001907" lon="11.299340">
        <ele>440.216524</ele>
        <time>2026-06-27T13:42:03.253Z</time>
      </trkpt>
      <trkpt lat="46.001605" lon="11.299266">
        <ele>440.211984</ele>
        <time>2026-06-27T13:42:07.986Z</time>
      </trkpt>
      <trkpt lat="46.000984" lon="11.299123">
        <ele>440.457142</ele>
        <time>2026-06-27T13:42:18.299Z</time>
      </trkpt>
      <trkpt lat="46.000510" lon="11.298951">
        <ele>440.813391</ele>
        <time>2026-06-27T13:42:27.158Z</time>
      </trkpt>
      <trkpt lat="46.000183" lon="11.298784">
        <ele>441.066255</ele>
        <time>2026-06-27T13:42:33.686Z</time>
      </trkpt>
      <trkpt lat="45.999436" lon="11.298390">
        <ele>441.717481</ele>
        <time>2026-06-27T13:42:47.935Z</time>
      </trkpt>
      <trkpt lat="45.999029" lon="11.298139">
        <ele>442.220975</ele>
        <time>2026-06-27T13:42:56.261Z</time>
      </trkpt>
      <trkpt lat="45.998860" lon="11.298027">
        <ele>442.432537</ele>
        <time>2026-06-27T13:42:59.855Z</time>
      </trkpt>
      <trkpt lat="45.998746" lon="11.297967">
        <ele>442.570563</ele>
        <time>2026-06-27T13:43:02.204Z</time>
      </trkpt>
      <trkpt lat="45.997892" lon="11.297700">
        <ele>443.564623</ele>
        <time>2026-06-27T13:43:19.481Z</time>
      </trkpt>
      <trkpt lat="45.997585" lon="11.297646">
        <ele>444.152499</ele>
        <time>2026-06-27T13:43:26.109Z</time>
      </trkpt>
      <trkpt lat="45.996983" lon="11.297428">
        <ele>445.332412</ele>
        <time>2026-06-27T13:43:39.071Z</time>
      </trkpt>
      <trkpt lat="45.996034" lon="11.297474">
        <ele>447.383758</ele>
        <time>2026-06-27T13:44:00.814Z</time>
      </trkpt>
      <trkpt lat="45.995358" lon="11.297627">
        <ele>450.758111</ele>
        <time>2026-06-27T13:44:21.079Z</time>
      </trkpt>
      <trkpt lat="45.994636" lon="11.298082">
        <ele>454.644597</ele>
        <time>2026-06-27T13:44:51.731Z</time>
      </trkpt>
      <trkpt lat="45.993774" lon="11.298541">
        <ele>460.477658</ele>
        <time>2026-06-27T13:45:30.265Z</time>
      </trkpt>
      <trkpt lat="45.993585" lon="11.298662">
        <ele>461.896769</ele>
        <time>2026-06-27T13:45:39.329Z</time>
      </trkpt>
      <trkpt lat="45.993346" lon="11.298832">
        <ele>463.725714</ele>
        <time>2026-06-27T13:45:50.981Z</time>
      </trkpt>
      <trkpt lat="45.993277" lon="11.298881">
        <ele>464.253568</ele>
        <time>2026-06-27T13:45:54.210Z</time>
      </trkpt>
      <trkpt lat="45.992502" lon="11.299348">
        <ele>469.634590</ele>
        <time>2026-06-27T13:46:29.630Z</time>
      </trkpt>
      <trkpt lat="45.992310" lon="11.299464">
        <ele>470.763518</ele>
        <time>2026-06-27T13:46:38.750Z</time>
      </trkpt>
      <trkpt lat="45.992015" lon="11.299655">
        <ele>472.517247</ele>
        <time>2026-06-27T13:46:52.904Z</time>
      </trkpt>
      <trkpt lat="45.991921" lon="11.299716">
        <ele>473.076278</ele>
        <time>2026-06-27T13:46:57.087Z</time>
      </trkpt>
      <trkpt lat="45.991895" lon="11.299732">
        <ele>473.229582</ele>
        <time>2026-06-27T13:46:58.215Z</time>
      </trkpt>
      <trkpt lat="45.991188" lon="11.300190">
        <ele>477.432979</ele>
        <time>2026-06-27T13:47:24.599Z</time>
      </trkpt>
      <trkpt lat="45.990462" lon="11.297917">
        <ele>480.732816</ele>
        <time>2026-06-27T13:48:10.702Z</time>
      </trkpt>
      <trkpt lat="45.990355" lon="11.297862">
        <ele>480.925619</ele>
        <time>2026-06-27T13:48:13.215Z</time>
      </trkpt>
      <trkpt lat="45.990267" lon="11.297882">
        <ele>480.984968</ele>
        <time>2026-06-27T13:48:15.221Z</time>
      </trkpt>
      <trkpt lat="45.990122" lon="11.297978">
        <ele>480.951081</ele>
        <time>2026-06-27T13:48:18.754Z</time>
      </trkpt>
      <trkpt lat="45.990039" lon="11.298033">
        <ele>480.931680</ele>
        <time>2026-06-27T13:48:20.806Z</time>
      </trkpt>
      <trkpt lat="45.989654" lon="11.297504">
        <ele>480.818668</ele>
        <time>2026-06-27T13:48:32.180Z</time>
      </trkpt>
      <trkpt lat="45.988934" lon="11.296602">
        <ele>480.615999</ele>
        <time>2026-06-27T13:48:49.494Z</time>
      </trkpt>
      <trkpt lat="45.988358" lon="11.295896">
        <ele>479.803022</ele>
        <time>2026-06-27T13:49:01.576Z</time>
      </trkpt>
      <trkpt lat="45.988101" lon="11.295637">
        <ele>479.461253</ele>
        <time>2026-06-27T13:49:06.885Z</time>
      </trkpt>
      <trkpt lat="45.987804" lon="11.295415">
        <ele>479.096689</ele>
        <time>2026-06-27T13:49:12.903Z</time>
      </trkpt>
      <trkpt lat="45.987474" lon="11.295264">
        <ele>478.719476</ele>
        <time>2026-06-27T13:49:19.293Z</time>
      </trkpt>
      <trkpt lat="45.987157" lon="11.295131">
        <ele>478.136426</ele>
        <time>2026-06-27T13:49:25.573Z</time>
      </trkpt>
      <trkpt lat="45.986826" lon="11.295034">
        <ele>477.489073</ele>
        <time>2026-06-27T13:49:31.682Z</time>
      </trkpt>
      <trkpt lat="45.986239" lon="11.295001">
        <ele>476.363274</ele>
        <time>2026-06-27T13:49:41.054Z</time>
      </trkpt>
      <trkpt lat="45.986078" lon="11.294940">
        <ele>476.044217</ele>
        <time>2026-06-27T13:49:43.467Z</time>
      </trkpt>
      <trkpt lat="45.985979" lon="11.294757">
        <ele>475.735385</ele>
        <time>2026-06-27T13:49:45.730Z</time>
      </trkpt>
      <trkpt lat="45.985947" lon="11.294631">
        <ele>475.556748</ele>
        <time>2026-06-27T13:49:47.048Z</time>
      </trkpt>
      <trkpt lat="45.986090" lon="11.293588">
        <ele>474.775628</ele>
        <time>2026-06-27T13:49:57.843Z</time>
      </trkpt>
      <trkpt lat="45.986077" lon="11.293249">
        <ele>474.592661</ele>
        <time>2026-06-27T13:50:01.551Z</time>
      </trkpt>
      <trkpt lat="45.986004" lon="11.292397">
        <ele>474.130037</ele>
        <time>2026-06-27T13:50:13.219Z</time>
      </trkpt>
      <trkpt lat="45.985847" lon="11.291626">
        <ele>474.202986</ele>
        <time>2026-06-27T13:50:28.938Z</time>
      </trkpt>
      <trkpt lat="45.985823" lon="11.290287">
        <ele>476.658775</ele>
        <time>2026-06-27T13:50:56.799Z</time>
      </trkpt>
      <trkpt lat="45.985887" lon="11.290043">
        <ele>477.136946</ele>
        <time>2026-06-27T13:51:02.202Z</time>
      </trkpt>
      <trkpt lat="45.985013" lon="11.288572">
        <ele>481.622964</ele>
        <time>2026-06-27T13:51:41.621Z</time>
      </trkpt>
      <trkpt lat="45.984908" lon="11.288245">
        <ele>482.574450</ele>
        <time>2026-06-27T13:51:50.007Z</time>
      </trkpt>
      <trkpt lat="45.984875" lon="11.287842">
        <ele>483.646280</ele>
        <time>2026-06-27T13:51:59.343Z</time>
      </trkpt>
      <trkpt lat="45.984881" lon="11.286025">
        <ele>486.470883</ele>
        <time>2026-06-27T13:52:35.151Z</time>
      </trkpt>
      <trkpt lat="45.985001" lon="11.285559">
        <ele>486.933757</ele>
        <time>2026-06-27T13:52:42.061Z</time>
      </trkpt>
      <trkpt lat="45.985068" lon="11.285395">
        <ele>487.110950</ele>
        <time>2026-06-27T13:52:44.229Z</time>
      </trkpt>
      <trkpt lat="45.985102" lon="11.285313">
        <ele>487.199888</ele>
        <time>2026-06-27T13:52:45.231Z</time>
      </trkpt>
      <trkpt lat="45.985232" lon="11.284983">
        <ele>487.553206</ele>
        <time>2026-06-27T13:52:48.662Z</time>
      </trkpt>
      <trkpt lat="45.985329" lon="11.284733">
        <ele>487.785772</ele>
        <time>2026-06-27T13:52:50.962Z</time>
      </trkpt>
      <trkpt lat="45.985428" lon="11.284173">
        <ele>486.984085</ele>
        <time>2026-06-27T13:52:55.194Z</time>
      </trkpt>
      <trkpt lat="45.985613" lon="11.282603">
        <ele>484.774797</ele>
        <time>2026-06-27T13:53:06.789Z</time>
      </trkpt>
      <trkpt lat="45.985596" lon="11.281779">
        <ele>484.091048</ele>
        <time>2026-06-27T13:53:13.557Z</time>
      </trkpt>
      <trkpt lat="45.985521" lon="11.280894">
        <ele>483.828717</ele>
        <time>2026-06-27T13:53:22.542Z</time>
      </trkpt>
      <trkpt lat="45.985150" lon="11.279616">
        <ele>483.517338</ele>
        <time>2026-06-27T13:53:36.628Z</time>
      </trkpt>
      <trkpt lat="45.985094" lon="11.279279">
        <ele>483.721605</ele>
        <time>2026-06-27T13:53:39.974Z</time>
      </trkpt>
      <trkpt lat="45.985132" lon="11.278843">
        <ele>483.980644</ele>
        <time>2026-06-27T13:53:44.153Z</time>
      </trkpt>
      <trkpt lat="45.985412" lon="11.277376">
        <ele>484.877485</ele>
        <time>2026-06-27T13:54:02.942Z</time>
      </trkpt>
      <trkpt lat="45.985490" lon="11.276947">
        <ele>485.702557</ele>
        <time>2026-06-27T13:54:11.218Z</time>
      </trkpt>
      <trkpt lat="45.985652" lon="11.276162">
        <ele>487.888833</ele>
        <time>2026-06-27T13:54:28.930Z</time>
      </trkpt>
      <trkpt lat="45.985882" lon="11.275477">
        <ele>489.919971</ele>
        <time>2026-06-27T13:54:47.427Z</time>
      </trkpt>
      <trkpt lat="45.985943" lon="11.275161">
        <ele>490.795575</ele>
        <time>2026-06-27T13:54:55.439Z</time>
      </trkpt>
      <trkpt lat="45.985939" lon="11.273907">
        <ele>493.495594</ele>
        <time>2026-06-27T13:55:20.363Z</time>
      </trkpt>
      <trkpt lat="45.986120" lon="11.272760">
        <ele>495.732889</ele>
        <time>2026-06-27T13:55:39.410Z</time>
      </trkpt>
      <trkpt lat="45.986128" lon="11.272460">
        <ele>496.303945</ele>
        <time>2026-06-27T13:55:44.254Z</time>
      </trkpt>
      <trkpt lat="45.986080" lon="11.272166">
        <ele>496.875971</ele>
        <time>2026-06-27T13:55:49.163Z</time>
      </trkpt>
      <trkpt lat="45.985979" lon="11.271903">
        <ele>497.426009</ele>
        <time>2026-06-27T13:55:54.239Z</time>
      </trkpt>
      <trkpt lat="45.985412" lon="11.271031">
        <ele>499.612042</ele>
        <time>2026-06-27T13:56:16.449Z</time>
      </trkpt>
      <trkpt lat="45.984448" lon="11.269639">
        <ele>502.118969</ele>
        <time>2026-06-27T13:56:50.480Z</time>
      </trkpt>
      <trkpt lat="45.984211" lon="11.269162">
        <ele>502.486052</ele>
        <time>2026-06-27T13:56:58.274Z</time>
      </trkpt>
      <trkpt lat="45.984086" lon="11.268722">
        <ele>502.783622</ele>
        <time>2026-06-27T13:57:03.777Z</time>
      </trkpt>
      <trkpt lat="45.983844" lon="11.267559">
        <ele>502.882923</ele>
        <time>2026-06-27T13:57:13.879Z</time>
      </trkpt>
      <trkpt lat="45.983830" lon="11.267235">
        <ele>502.724236</ele>
        <time>2026-06-27T13:57:16.515Z</time>
      </trkpt>
      <trkpt lat="45.983884" lon="11.266842">
        <ele>502.528406</ele>
        <time>2026-06-27T13:57:19.958Z</time>
      </trkpt>
      <trkpt lat="45.983934" lon="11.266468">
        <ele>502.342231</ele>
        <time>2026-06-27T13:57:23.485Z</time>
      </trkpt>
      <trkpt lat="45.983940" lon="11.266292">
        <ele>502.256094</ele>
        <time>2026-06-27T13:57:25.201Z</time>
      </trkpt>
      <trkpt lat="45.983912" lon="11.265992">
        <ele>502.108128</ele>
        <time>2026-06-27T13:57:28.241Z</time>
      </trkpt>
      <trkpt lat="45.983767" lon="11.265135">
        <ele>501.670737</ele>
        <time>2026-06-27T13:57:36.453Z</time>
      </trkpt>
      <trkpt lat="45.983725" lon="11.264689">
        <ele>501.444781</ele>
        <time>2026-06-27T13:57:40.755Z</time>
      </trkpt>
      <trkpt lat="45.983781" lon="11.264382">
        <ele>501.285433</ele>
        <time>2026-06-27T13:57:43.709Z</time>
      </trkpt>
      <trkpt lat="45.983863" lon="11.264216">
        <ele>501.183182</ele>
        <time>2026-06-27T13:57:45.503Z</time>
      </trkpt>
      <trkpt lat="45.984526" lon="11.263119">
        <ele>500.637226</ele>
        <time>2026-06-27T13:57:57.607Z</time>
      </trkpt>
      <trkpt lat="45.984693" lon="11.262865">
        <ele>500.670708</ele>
        <time>2026-06-27T13:58:00.570Z</time>
      </trkpt>
      <trkpt lat="45.984815" lon="11.262740">
        <ele>500.691344</ele>
        <time>2026-06-27T13:58:02.494Z</time>
      </trkpt>
      <trkpt lat="45.985389" lon="11.262279">
        <ele>500.781921</ele>
        <time>2026-06-27T13:58:12.641Z</time>
      </trkpt>
      <trkpt lat="45.985696" lon="11.262007">
        <ele>500.831598</ele>
        <time>2026-06-27T13:58:19.727Z</time>
      </trkpt>
      <trkpt lat="45.985963" lon="11.261770">
        <ele>501.106855</ele>
        <time>2026-06-27T13:58:25.891Z</time>
      </trkpt>
      <trkpt lat="45.984695" lon="11.259031">
        <ele>505.368130</ele>
        <time>2026-06-27T13:59:17.643Z</time>
      </trkpt>
      <trkpt lat="45.984257" lon="11.258137">
        <ele>506.908544</ele>
        <time>2026-06-27T13:59:35.197Z</time>
      </trkpt>
      <trkpt lat="45.983955" lon="11.257652">
        <ele>507.843709</ele>
        <time>2026-06-27T13:59:45.523Z</time>
      </trkpt>
      <trkpt lat="45.983178" lon="11.256401">
        <ele>510.712058</ele>
        <time>2026-06-27T14:00:12.951Z</time>
      </trkpt>
      <trkpt lat="45.983113" lon="11.256232">
        <ele>511.042265</ele>
        <time>2026-06-27T14:00:16.363Z</time>
      </trkpt>
      <trkpt lat="45.982987" lon="11.255623">
        <ele>512.128515</ele>
        <time>2026-06-27T14:00:28.080Z</time>
      </trkpt>
      <trkpt lat="45.982861" lon="11.255287">
        <ele>513.057814</ele>
        <time>2026-06-27T14:00:35.496Z</time>
      </trkpt>
      <trkpt lat="45.982652" lon="11.254786">
        <ele>514.505983</ele>
        <time>2026-06-27T14:00:47.378Z</time>
      </trkpt>
      <trkpt lat="45.982118" lon="11.253652">
        <ele>517.900866</ele>
        <time>2026-06-27T14:01:16.575Z</time>
      </trkpt>
      <trkpt lat="45.982030" lon="11.253352">
        <ele>518.687906</ele>
        <time>2026-06-27T14:01:23.153Z</time>
      </trkpt>
      <trkpt lat="45.981984" lon="11.253074">
        <ele>519.284699</ele>
        <time>2026-06-27T14:01:28.717Z</time>
      </trkpt>
      <trkpt lat="45.981967" lon="11.252654">
        <ele>520.163291</ele>
        <time>2026-06-27T14:01:36.515Z</time>
      </trkpt>
      <trkpt lat="45.982085" lon="11.250851">
        <ele>523.945240</ele>
        <time>2026-06-27T14:02:06.765Z</time>
      </trkpt>
      <trkpt lat="45.982062" lon="11.250616">
        <ele>525.019896</ele>
        <time>2026-06-27T14:02:11.774Z</time>
      </trkpt>
      <trkpt lat="45.981978" lon="11.250330">
        <ele>526.494587</ele>
        <time>2026-06-27T14:02:19.238Z</time>
      </trkpt>
      <trkpt lat="45.981864" lon="11.250135">
        <ele>527.704899</ele>
        <time>2026-06-27T14:02:26.210Z</time>
      </trkpt>
      <trkpt lat="45.981641" lon="11.249851">
        <ele>529.740214</ele>
        <time>2026-06-27T14:02:39.265Z</time>
      </trkpt>
      <trkpt lat="45.981450" lon="11.249579">
        <ele>531.576822</ele>
        <time>2026-06-27T14:02:52.479Z</time>
      </trkpt>
      <trkpt lat="45.981176" lon="11.249256">
        <ele>533.997698</ele>
        <time>2026-06-27T14:03:10.801Z</time>
      </trkpt>
      <trkpt lat="45.981006" lon="11.249160">
        <ele>535.245885</ele>
        <time>2026-06-27T14:03:20.331Z</time>
      </trkpt>
      <trkpt lat="45.980413" lon="11.249042">
        <ele>538.299888</ele>
        <time>2026-06-27T14:03:49.099Z</time>
      </trkpt>
      <trkpt lat="45.979037" lon="11.249235">
        <ele>544.512201</ele>
        <time>2026-06-27T14:04:26.374Z</time>
      </trkpt>
      <trkpt lat="45.978827" lon="11.249199">
        <ele>545.262127</ele>
        <time>2026-06-27T14:04:31.082Z</time>
      </trkpt>
      <trkpt lat="45.978662" lon="11.249099">
        <ele>545.896992</ele>
        <time>2026-06-27T14:04:35.551Z</time>
      </trkpt>
      <trkpt lat="45.978440" lon="11.248769">
        <ele>547.028796</ele>
        <time>2026-06-27T14:04:44.535Z</time>
      </trkpt>
      <trkpt lat="45.977891" lon="11.247535">
        <ele>550.639430</ele>
        <time>2026-06-27T14:05:16.161Z</time>
      </trkpt>
      <trkpt lat="45.977617" lon="11.246952">
        <ele>552.080481</ele>
        <time>2026-06-27T14:05:31.529Z</time>
      </trkpt>
      <trkpt lat="45.977513" lon="11.246788">
        <ele>552.526941</ele>
        <time>2026-06-27T14:05:35.749Z</time>
      </trkpt>
      <trkpt lat="45.976918" lon="11.246127">
        <ele>554.702065</ele>
        <time>2026-06-27T14:05:53.261Z</time>
      </trkpt>
      <trkpt lat="45.976424" lon="11.245790">
        <ele>556.263107</ele>
        <time>2026-06-27T14:06:06.764Z</time>
      </trkpt>
      <trkpt lat="45.976272" lon="11.245657">
        <ele>556.741958</ele>
        <time>2026-06-27T14:06:11.358Z</time>
      </trkpt>
      <trkpt lat="45.975944" lon="11.245232">
        <ele>557.930050</ele>
        <time>2026-06-27T14:06:23.407Z</time>
      </trkpt>
      <trkpt lat="45.975682" lon="11.245030">
        <ele>558.730142</ele>
        <time>2026-06-27T14:06:31.780Z</time>
      </trkpt>
      <trkpt lat="45.974942" lon="11.244627">
        <ele>560.848399</ele>
        <time>2026-06-27T14:06:52.243Z</time>
      </trkpt>
      <trkpt lat="45.974698" lon="11.244569">
        <ele>561.290766</ele>
        <time>2026-06-27T14:06:57.492Z</time>
      </trkpt>
      <trkpt lat="45.974653" lon="11.244555">
        <ele>561.373119</ele>
        <time>2026-06-27T14:06:58.433Z</time>
      </trkpt>
      <trkpt lat="45.974469" lon="11.244496">
        <ele>561.710319</ele>
        <time>2026-06-27T14:07:02.003Z</time>
      </trkpt>
      <trkpt lat="45.974435" lon="11.244485">
        <ele>561.772655</ele>
        <time>2026-06-27T14:07:02.684Z</time>
      </trkpt>
      <trkpt lat="45.974379" lon="11.244455">
        <ele>561.879541</ele>
        <time>2026-06-27T14:07:03.832Z</time>
      </trkpt>
      <trkpt lat="45.974250" lon="11.244332">
        <ele>562.156352</ele>
        <time>2026-06-27T14:07:06.868Z</time>
      </trkpt>
      <trkpt lat="45.973929" lon="11.243759">
        <ele>563.071276</ele>
        <time>2026-06-27T14:07:17.392Z</time>
      </trkpt>
      <trkpt lat="45.973727" lon="11.243428">
        <ele>563.618882</ele>
        <time>2026-06-27T14:07:24.157Z</time>
      </trkpt>
      <trkpt lat="45.972963" lon="11.242801">
        <ele>565.805634</ele>
        <time>2026-06-27T14:07:45.453Z</time>
      </trkpt>
      <trkpt lat="45.972668" lon="11.242676">
        <ele>566.649358</ele>
        <time>2026-06-27T14:07:53.324Z</time>
      </trkpt>
      <trkpt lat="45.971720" lon="11.242452">
        <ele>569.451855</ele>
        <time>2026-06-27T14:08:19.287Z</time>
      </trkpt>
      <trkpt lat="45.971489" lon="11.242356">
        <ele>570.469219</ele>
        <time>2026-06-27T14:08:25.949Z</time>
      </trkpt>
      <trkpt lat="45.970363" lon="11.241496">
        <ele>575.863216</ele>
        <time>2026-06-27T14:09:05.592Z</time>
      </trkpt>
      <trkpt lat="45.970303" lon="11.241457">
        <ele>576.141794</ele>
        <time>2026-06-27T14:09:07.927Z</time>
      </trkpt>
      <trkpt lat="45.969924" lon="11.241234">
        <ele>579.046260</ele>
        <time>2026-06-27T14:09:23.376Z</time>
      </trkpt>
      <trkpt lat="45.969573" lon="11.241121">
        <ele>581.954698</ele>
        <time>2026-06-27T14:09:39.925Z</time>
      </trkpt>
      <trkpt lat="45.969096" lon="11.240699">
        <ele>586.482667</ele>
        <time>2026-06-27T14:10:09.480Z</time>
      </trkpt>
      <trkpt lat="45.968931" lon="11.240274">
        <ele>589.218660</ele>
        <time>2026-06-27T14:10:27.181Z</time>
      </trkpt>
      <trkpt lat="45.968795" lon="11.240076">
        <ele>590.783190</ele>
        <time>2026-06-27T14:10:37.371Z</time>
      </trkpt>
      <trkpt lat="45.968582" lon="11.239865">
        <ele>592.926805</ele>
        <time>2026-06-27T14:10:50.549Z</time>
      </trkpt>
      <trkpt lat="45.968441" lon="11.239767">
        <ele>594.231173</ele>
        <time>2026-06-27T14:10:58.372Z</time>
      </trkpt>
      <trkpt lat="45.968294" lon="11.239720">
        <ele>595.485522</ele>
        <time>2026-06-27T14:11:05.774Z</time>
      </trkpt>
      <trkpt lat="45.967541" lon="11.239735">
        <ele>601.758448</ele>
        <time>2026-06-27T14:11:40.737Z</time>
      </trkpt>
      <trkpt lat="45.967259" lon="11.239691">
        <ele>604.121220</ele>
        <time>2026-06-27T14:11:53.239Z</time>
      </trkpt>
      <trkpt lat="45.967189" lon="11.239611">
        <ele>604.865885</ele>
        <time>2026-06-27T14:11:57.307Z</time>
      </trkpt>
      <trkpt lat="45.967145" lon="11.239468">
        <ele>605.771320</ele>
        <time>2026-06-27T14:12:02.484Z</time>
      </trkpt>
      <trkpt lat="45.967137" lon="11.239202">
        <ele>607.401490</ele>
        <time>2026-06-27T14:12:11.709Z</time>
      </trkpt>
      <trkpt lat="45.967105" lon="11.239070">
        <ele>608.270766</ele>
        <time>2026-06-27T14:12:16.718Z</time>
      </trkpt>
      <trkpt lat="45.966970" lon="11.238830">
        <ele>610.190568</ele>
        <time>2026-06-27T14:12:27.834Z</time>
      </trkpt>
      <trkpt lat="45.966551" lon="11.238117">
        <ele>615.996281</ele>
        <time>2026-06-27T14:13:02.784Z</time>
      </trkpt>
      <trkpt lat="45.966451" lon="11.238035">
        <ele>617.025985</ele>
        <time>2026-06-27T14:13:09.108Z</time>
      </trkpt>
      <trkpt lat="45.965940" lon="11.237777">
        <ele>621.870709</ele>
        <time>2026-06-27T14:13:36.408Z</time>
      </trkpt>
      <trkpt lat="45.965346" lon="11.237273">
        <ele>628.524062</ele>
        <time>2026-06-27T14:14:07.539Z</time>
      </trkpt>
      <trkpt lat="45.964913" lon="11.237295">
        <ele>632.721672</ele>
        <time>2026-06-27T14:14:30.735Z</time>
      </trkpt>
      <trkpt lat="45.964830" lon="11.237281">
        <ele>633.531302</ele>
        <time>2026-06-27T14:14:35.499Z</time>
      </trkpt>
      <trkpt lat="45.964783" lon="11.237235">
        <ele>634.082030</ele>
        <time>2026-06-27T14:14:38.575Z</time>
      </trkpt>
      <trkpt lat="45.964750" lon="11.237050">
        <ele>635.368240</ele>
        <time>2026-06-27T14:14:46.092Z</time>
      </trkpt>
      <trkpt lat="45.964782" lon="11.236820">
        <ele>636.947847</ele>
        <time>2026-06-27T14:14:55.518Z</time>
      </trkpt>
      <trkpt lat="45.964787" lon="11.236490">
        <ele>639.170686</ele>
        <time>2026-06-27T14:15:09.197Z</time>
      </trkpt>
      <trkpt lat="45.964754" lon="11.236251">
        <ele>641.378669</ele>
        <time>2026-06-27T14:15:19.596Z</time>
      </trkpt>
      <trkpt lat="45.964539" lon="11.235542">
        <ele>649.089253</ele>
        <time>2026-06-27T14:15:55.940Z</time>
      </trkpt>
      <trkpt lat="45.964494" lon="11.235281">
        <ele>651.769751</ele>
        <time>2026-06-27T14:16:10.049Z</time>
      </trkpt>
      <trkpt lat="45.964478" lon="11.235027">
        <ele>654.312011</ele>
        <time>2026-06-27T14:16:23.239Z</time>
      </trkpt>
      <trkpt lat="45.964329" lon="11.234367">
        <ele>661.229220</ele>
        <time>2026-06-27T14:17:00.028Z</time>
      </trkpt>
      <trkpt lat="45.964338" lon="11.234245">
        <ele>662.452155</ele>
        <time>2026-06-27T14:17:06.979Z</time>
      </trkpt>
      <trkpt lat="45.964361" lon="11.234153">
        <ele>663.426727</ele>
        <time>2026-06-27T14:17:12.499Z</time>
      </trkpt>
      <trkpt lat="45.964498" lon="11.233619">
        <ele>669.851053</ele>
        <time>2026-06-27T14:17:45.156Z</time>
      </trkpt>
      <trkpt lat="45.964543" lon="11.233564">
        <ele>670.870632</ele>
        <time>2026-06-27T14:17:49.968Z</time>
      </trkpt>
      <trkpt lat="45.964771" lon="11.233323">
        <ele>675.755951</ele>
        <time>2026-06-27T14:18:13.655Z</time>
      </trkpt>
      <trkpt lat="45.964843" lon="11.233187">
        <ele>677.807810</ele>
        <time>2026-06-27T14:18:23.755Z</time>
      </trkpt>
      <trkpt lat="45.964872" lon="11.233015">
        <ele>679.932084</ele>
        <time>2026-06-27T14:18:34.451Z</time>
      </trkpt>
      <trkpt lat="45.964821" lon="11.232625">
        <ele>684.695134</ele>
        <time>2026-06-27T14:18:59.057Z</time>
      </trkpt>
      <trkpt lat="45.964783" lon="11.232501">
        <ele>686.321654</ele>
        <time>2026-06-27T14:19:07.595Z</time>
      </trkpt>
      <trkpt lat="45.964677" lon="11.232388">
        <ele>688.599711</ele>
        <time>2026-06-27T14:19:19.853Z</time>
      </trkpt>
      <trkpt lat="45.964476" lon="11.232318">
        <ele>692.170654</ele>
        <time>2026-06-27T14:19:39.919Z</time>
      </trkpt>
      <trkpt lat="45.964447" lon="11.232204">
        <ele>693.627687</ele>
        <time>2026-06-27T14:19:47.427Z</time>
      </trkpt>
      <trkpt lat="45.964484" lon="11.232108">
        <ele>694.945195</ele>
        <time>2026-06-27T14:19:54.417Z</time>
      </trkpt>
      <trkpt lat="45.965212" lon="11.232136">
        <ele>706.322914</ele>
        <time>2026-06-27T14:20:48.508Z</time>
      </trkpt>
      <trkpt lat="45.965290" lon="11.232066">
        <ele>707.738146</ele>
        <time>2026-06-27T14:20:54.922Z</time>
      </trkpt>
      <trkpt lat="45.965265" lon="11.231958">
        <ele>708.956202</ele>
        <time>2026-06-27T14:21:01.150Z</time>
      </trkpt>
      <trkpt lat="45.964583" lon="11.231580">
        <ele>720.207367</ele>
        <time>2026-06-27T14:21:58.423Z</time>
      </trkpt>
      <trkpt lat="45.964311" lon="11.231261">
        <ele>725.220546</ele>
        <time>2026-06-27T14:22:25.455Z</time>
      </trkpt>
      <trkpt lat="45.963993" lon="11.230773">
        <ele>730.443015</ele>
        <time>2026-06-27T14:22:56.640Z</time>
      </trkpt>
      <trkpt lat="45.963751" lon="11.230568">
        <ele>733.597393</ele>
        <time>2026-06-27T14:23:15.296Z</time>
      </trkpt>
      <trkpt lat="45.963612" lon="11.230529">
        <ele>735.188063</ele>
        <time>2026-06-27T14:23:24.628Z</time>
      </trkpt>
      <trkpt lat="45.963492" lon="11.230555">
        <ele>736.551109</ele>
        <time>2026-06-27T14:23:32.186Z</time>
      </trkpt>
      <trkpt lat="45.963222" lon="11.230806">
        <ele>740.161847</ele>
        <time>2026-06-27T14:23:50.058Z</time>
      </trkpt>
      <trkpt lat="45.962899" lon="11.231053">
        <ele>744.270506</ele>
        <time>2026-06-27T14:24:06.068Z</time>
      </trkpt>
      <trkpt lat="45.962798" lon="11.231267">
        <ele>745.885052</ele>
        <time>2026-06-27T14:24:12.908Z</time>
      </trkpt>
      <trkpt lat="45.962778" lon="11.231452">
        <ele>747.038033</ele>
        <time>2026-06-27T14:24:17.590Z</time>
      </trkpt>
      <trkpt lat="45.962752" lon="11.231514">
        <ele>747.483947</ele>
        <time>2026-06-27T14:24:19.390Z</time>
      </trkpt>
      <trkpt lat="45.962709" lon="11.231557">
        <ele>747.947891</ele>
        <time>2026-06-27T14:24:21.496Z</time>
      </trkpt>
      <trkpt lat="45.962591" lon="11.231522">
        <ele>749.015273</ele>
        <time>2026-06-27T14:24:26.352Z</time>
      </trkpt>
      <trkpt lat="45.962559" lon="11.231455">
        <ele>749.515888</ele>
        <time>2026-06-27T14:24:28.915Z</time>
      </trkpt>
      <trkpt lat="45.962558" lon="11.231377">
        <ele>749.996318</ele>
        <time>2026-06-27T14:24:31.297Z</time>
      </trkpt>
      <trkpt lat="45.962673" lon="11.231139">
        <ele>751.781311</ele>
        <time>2026-06-27T14:24:41.087Z</time>
      </trkpt>
      <trkpt lat="45.962735" lon="11.230905">
        <ele>753.323488</ele>
        <time>2026-06-27T14:24:50.088Z</time>
      </trkpt>
      <trkpt lat="45.962999" lon="11.230603">
        <ele>756.311642</ele>
        <time>2026-06-27T14:25:08.626Z</time>
      </trkpt>
      <trkpt lat="45.963041" lon="11.230512">
        <ele>756.984324</ele>
        <time>2026-06-27T14:25:12.818Z</time>
      </trkpt>
      <trkpt lat="45.963046" lon="11.230396">
        <ele>757.700056</ele>
        <time>2026-06-27T14:25:17.673Z</time>
      </trkpt>
      <trkpt lat="45.963055" lon="11.230163">
        <ele>759.137146</ele>
        <time>2026-06-27T14:25:27.121Z</time>
      </trkpt>
      <trkpt lat="45.963098" lon="11.229985">
        <ele>760.297625</ele>
        <time>2026-06-27T14:25:34.849Z</time>
      </trkpt>
      <trkpt lat="45.963192" lon="11.229837">
        <ele>761.753636</ele>
        <time>2026-06-27T14:25:43.128Z</time>
      </trkpt>
      <trkpt lat="45.963518" lon="11.229674">
        <ele>765.364019</ele>
        <time>2026-06-27T14:26:03.269Z</time>
      </trkpt>
      <trkpt lat="45.963824" lon="11.229734">
        <ele>768.594673</ele>
        <time>2026-06-27T14:26:21.448Z</time>
      </trkpt>
      <trkpt lat="45.964490" lon="11.229660">
        <ele>775.582430</ele>
        <time>2026-06-27T14:26:56.730Z</time>
      </trkpt>
      <trkpt lat="45.965308" lon="11.229641">
        <ele>783.899844</ele>
        <time>2026-06-27T14:27:44.718Z</time>
      </trkpt>
      <trkpt lat="45.965827" lon="11.229489">
        <ele>789.174570</ele>
        <time>2026-06-27T14:28:20.679Z</time>
      </trkpt>
      <trkpt lat="45.966009" lon="11.229504">
        <ele>790.990077</ele>
        <time>2026-06-27T14:28:33.256Z</time>
      </trkpt>
      <trkpt lat="45.966343" lon="11.229684">
        <ele>794.542096</ele>
        <time>2026-06-27T14:28:52.431Z</time>
      </trkpt>
      <trkpt lat="45.966493" lon="11.229715">
        <ele>796.051278</ele>
        <time>2026-06-27T14:28:58.264Z</time>
      </trkpt>
      <trkpt lat="45.966720" lon="11.229635">
        <ele>797.639185</ele>
        <time>2026-06-27T14:29:04.715Z</time>
      </trkpt>
      <trkpt lat="45.966856" lon="11.229578">
        <ele>798.273058</ele>
        <time>2026-06-27T14:29:07.918Z</time>
      </trkpt>
      <trkpt lat="45.966988" lon="11.229607">
        <ele>798.870581</ele>
        <time>2026-06-27T14:29:11.038Z</time>
      </trkpt>
      <trkpt lat="45.967095" lon="11.229698">
        <ele>799.426787</ele>
        <time>2026-06-27T14:29:14.098Z</time>
      </trkpt>
      <trkpt lat="45.967161" lon="11.229805">
        <ele>799.871740</ele>
        <time>2026-06-27T14:29:16.684Z</time>
      </trkpt>
      <trkpt lat="45.967240" lon="11.230489">
        <ele>802.028362</ele>
        <time>2026-06-27T14:29:30.321Z</time>
      </trkpt>
      <trkpt lat="45.967305" lon="11.230688">
        <ele>802.712249</ele>
        <time>2026-06-27T14:29:34.285Z</time>
      </trkpt>
      <trkpt lat="45.967434" lon="11.230854">
        <ele>803.486714</ele>
        <time>2026-06-27T14:29:38.131Z</time>
      </trkpt>
      <trkpt lat="45.967578" lon="11.230966">
        <ele>804.219221</ele>
        <time>2026-06-27T14:29:42.357Z</time>
      </trkpt>
      <trkpt lat="45.967641" lon="11.231112">
        <ele>804.753715</ele>
        <time>2026-06-27T14:29:46.413Z</time>
      </trkpt>
      <trkpt lat="45.967684" lon="11.231380">
        <ele>806.112217</ele>
        <time>2026-06-27T14:29:54.744Z</time>
      </trkpt>
      <trkpt lat="45.967693" lon="11.231874">
        <ele>809.122163</ele>
        <time>2026-06-27T14:30:13.297Z</time>
      </trkpt>
      <trkpt lat="45.967725" lon="11.232095">
        <ele>810.497154</ele>
        <time>2026-06-27T14:30:24.270Z</time>
      </trkpt>
      <trkpt lat="45.967867" lon="11.232270">
        <ele>812.135627</ele>
        <time>2026-06-27T14:30:38.119Z</time>
      </trkpt>
      <trkpt lat="45.967968" lon="11.232268">
        <ele>813.020784</ele>
        <time>2026-06-27T14:30:44.902Z</time>
      </trkpt>
      <trkpt lat="45.968042" lon="11.232230">
        <ele>813.709321</ele>
        <time>2026-06-27T14:30:50.037Z</time>
      </trkpt>
      <trkpt lat="45.968172" lon="11.232247">
        <ele>814.853221</ele>
        <time>2026-06-27T14:30:57.494Z</time>
      </trkpt>
      <trkpt lat="45.968250" lon="11.232384">
        <ele>815.931880</ele>
        <time>2026-06-27T14:31:03.911Z</time>
      </trkpt>
      <trkpt lat="45.968369" lon="11.232484">
        <ele>817.139537</ele>
        <time>2026-06-27T14:31:10.595Z</time>
      </trkpt>
      <trkpt lat="45.968565" lon="11.232525">
        <ele>818.875164</ele>
        <time>2026-06-27T14:31:19.557Z</time>
      </trkpt>
      <trkpt lat="45.968768" lon="11.232522">
        <ele>820.654168</ele>
        <time>2026-06-27T14:31:27.778Z</time>
      </trkpt>
      <trkpt lat="45.968857" lon="11.232510">
        <ele>821.159301</ele>
        <time>2026-06-27T14:31:31.109Z</time>
      </trkpt>
      <trkpt lat="45.968946" lon="11.232486">
        <ele>821.579605</ele>
        <time>2026-06-27T14:31:34.300Z</time>
      </trkpt>
      <trkpt lat="45.969205" lon="11.232618">
        <ele>822.855001</ele>
        <time>2026-06-27T14:31:42.038Z</time>
      </trkpt>
      <trkpt lat="45.969735" lon="11.232871">
        <ele>825.446969</ele>
        <time>2026-06-27T14:31:57.866Z</time>
      </trkpt>
      <trkpt lat="45.970155" lon="11.233009">
        <ele>827.446670</ele>
        <time>2026-06-27T14:32:10.522Z</time>
      </trkpt>
      <trkpt lat="45.970394" lon="11.233029">
        <ele>828.557909</ele>
        <time>2026-06-27T14:32:18.971Z</time>
      </trkpt>
      <trkpt lat="45.970452" lon="11.233027">
        <ele>828.827205</ele>
        <time>2026-06-27T14:32:21.206Z</time>
      </trkpt>
      <trkpt lat="45.970517" lon="11.233026">
        <ele>829.128932</ele>
        <time>2026-06-27T14:32:23.674Z</time>
      </trkpt>
      <trkpt lat="45.971012" lon="11.232823">
        <ele>831.738754</ele>
        <time>2026-06-27T14:32:44.820Z</time>
      </trkpt>
      <trkpt lat="45.971453" lon="11.232759">
        <ele>833.991538</ele>
        <time>2026-06-27T14:33:01.361Z</time>
      </trkpt>
      <trkpt lat="45.971466" lon="11.232756">
        <ele>834.058456</ele>
        <time>2026-06-27T14:33:01.897Z</time>
      </trkpt>
      <trkpt lat="45.971567" lon="11.232744">
        <ele>834.573542</ele>
        <time>2026-06-27T14:33:05.514Z</time>
      </trkpt>
      <trkpt lat="45.971887" lon="11.232695">
        <ele>836.209147</ele>
        <time>2026-06-27T14:33:17.284Z</time>
      </trkpt>
      <trkpt lat="45.971978" lon="11.232680">
        <ele>836.674686</ele>
        <time>2026-06-27T14:33:20.948Z</time>
      </trkpt>
      <trkpt lat="45.972092" lon="11.232741">
        <ele>837.292868</ele>
        <time>2026-06-27T14:33:25.064Z</time>
      </trkpt>
      <trkpt lat="45.972174" lon="11.232844">
        <ele>837.846110</ele>
        <time>2026-06-27T14:33:28.349Z</time>
      </trkpt>
      <trkpt lat="45.972380" lon="11.233205">
        <ele>839.194386</ele>
        <time>2026-06-27T14:33:36.916Z</time>
      </trkpt>
      <trkpt lat="45.972535" lon="11.233303">
        <ele>839.831022</ele>
        <time>2026-06-27T14:33:40.685Z</time>
      </trkpt>
      <trkpt lat="45.972825" lon="11.233251">
        <ele>840.929944</ele>
        <time>2026-06-27T14:33:47.459Z</time>
      </trkpt>
      <trkpt lat="45.972911" lon="11.233260">
        <ele>841.254184</ele>
        <time>2026-06-27T14:33:49.762Z</time>
      </trkpt>
      <trkpt lat="45.973002" lon="11.233311">
        <ele>841.621412</ele>
        <time>2026-06-27T14:33:51.973Z</time>
      </trkpt>
      <trkpt lat="45.973396" lon="11.233705">
        <ele>843.425641</ele>
        <time>2026-06-27T14:34:06.410Z</time>
      </trkpt>
      <trkpt lat="45.973613" lon="11.233779">
        <ele>844.264229</ele>
        <time>2026-06-27T14:34:14.400Z</time>
      </trkpt>
      <trkpt lat="45.974244" lon="11.233739">
        <ele>847.372109</ele>
        <time>2026-06-27T14:34:36.175Z</time>
      </trkpt>
      <trkpt lat="45.975448" lon="11.233341">
        <ele>854.228862</ele>
        <time>2026-06-27T14:35:27.484Z</time>
      </trkpt>
      <trkpt lat="45.975663" lon="11.233400">
        <ele>855.178979</ele>
        <time>2026-06-27T14:35:34.911Z</time>
      </trkpt>
      <trkpt lat="45.976476" lon="11.233882">
        <ele>856.476997</ele>
        <time>2026-06-27T14:35:55.242Z</time>
      </trkpt>
      <trkpt lat="45.976823" lon="11.234167">
        <ele>857.066803</ele>
        <time>2026-06-27T14:36:00.023Z</time>
      </trkpt>
      <trkpt lat="45.977067" lon="11.234575">
        <ele>857.619005</ele>
        <time>2026-06-27T14:36:04.633Z</time>
      </trkpt>
      <trkpt lat="45.977452" lon="11.235491">
        <ele>859.666521</ele>
        <time>2026-06-27T14:36:19.083Z</time>
      </trkpt>
      <trkpt lat="45.977562" lon="11.235665">
        <ele>860.141823</ele>
        <time>2026-06-27T14:36:23.112Z</time>
      </trkpt>
      <trkpt lat="45.977983" lon="11.235896">
        <ele>861.451907</ele>
        <time>2026-06-27T14:36:36.908Z</time>
      </trkpt>
      <trkpt lat="45.978387" lon="11.236387">
        <ele>862.977275</ele>
        <time>2026-06-27T14:36:57.501Z</time>
      </trkpt>
      <trkpt lat="45.978490" lon="11.236551">
        <ele>863.170128</ele>
        <time>2026-06-27T14:37:02.952Z</time>
      </trkpt>
      <trkpt lat="45.978537" lon="11.236575">
        <ele>863.232739</ele>
        <time>2026-06-27T14:37:04.754Z</time>
      </trkpt>
      <trkpt lat="45.978570" lon="11.236635">
        <ele>863.299496</ele>
        <time>2026-06-27T14:37:06.302Z</time>
      </trkpt>
      <trkpt lat="45.978619" lon="11.236664">
        <ele>863.366011</ele>
        <time>2026-06-27T14:37:07.804Z</time>
      </trkpt>
      <trkpt lat="45.978695" lon="11.236634">
        <ele>863.464949</ele>
        <time>2026-06-27T14:37:10.091Z</time>
      </trkpt>
      <trkpt lat="45.978943" lon="11.236694">
        <ele>863.780665</ele>
        <time>2026-06-27T14:37:16.023Z</time>
      </trkpt>
      <trkpt lat="45.979030" lon="11.236975">
        <ele>864.049047</ele>
        <time>2026-06-27T14:37:20.399Z</time>
      </trkpt>
      <trkpt lat="45.979082" lon="11.237212">
        <ele>864.265873</ele>
        <time>2026-06-27T14:37:23.567Z</time>
      </trkpt>
      <trkpt lat="45.979165" lon="11.237839">
        <ele>864.822720</ele>
        <time>2026-06-27T14:37:31.147Z</time>
      </trkpt>
      <trkpt lat="45.979213" lon="11.238016">
        <ele>864.988480</ele>
        <time>2026-06-27T14:37:32.747Z</time>
      </trkpt>
      <trkpt lat="45.979228" lon="11.238064">
        <ele>865.034396</ele>
        <time>2026-06-27T14:37:33.157Z</time>
      </trkpt>
      <trkpt lat="45.979301" lon="11.238207">
        <ele>865.189196</ele>
        <time>2026-06-27T14:37:34.459Z</time>
      </trkpt>
      <trkpt lat="45.979528" lon="11.238443">
        <ele>864.476978</ele>
        <time>2026-06-27T14:37:37.282Z</time>
      </trkpt>
      <trkpt lat="45.979751" lon="11.238558">
        <ele>863.769114</ele>
        <time>2026-06-27T14:37:39.640Z</time>
      </trkpt>
      <trkpt lat="45.979889" lon="11.238568">
        <ele>863.356220</ele>
        <time>2026-06-27T14:37:41.033Z</time>
      </trkpt>
      <trkpt lat="45.980397" lon="11.238530">
        <ele>861.836167</ele>
        <time>2026-06-27T14:37:46.316Z</time>
      </trkpt>
      <trkpt lat="45.980596" lon="11.238479">
        <ele>861.232160</ele>
        <time>2026-06-27T14:37:48.394Z</time>
      </trkpt>
      <trkpt lat="45.980977" lon="11.238302">
        <ele>860.035801</ele>
        <time>2026-06-27T14:37:52.396Z</time>
      </trkpt>
      <trkpt lat="45.981316" lon="11.237977">
        <ele>858.720131</ele>
        <time>2026-06-27T14:37:56.343Z</time>
      </trkpt>
      <trkpt lat="45.981540" lon="11.237610">
        <ele>857.609144</ele>
        <time>2026-06-27T14:37:59.635Z</time>
      </trkpt>
      <trkpt lat="45.981709" lon="11.237158">
        <ele>856.441735</ele>
        <time>2026-06-27T14:38:03.232Z</time>
      </trkpt>
      <trkpt lat="45.981943" lon="11.236720">
        <ele>855.185148</ele>
        <time>2026-06-27T14:38:07.259Z</time>
      </trkpt>
      <trkpt lat="45.982930" lon="11.234919">
        <ele>849.650913</ele>
        <time>2026-06-27T14:38:23.981Z</time>
      </trkpt>
      <trkpt lat="45.983166" lon="11.234639">
        <ele>848.570278</ele>
        <time>2026-06-27T14:38:26.930Z</time>
      </trkpt>
      <trkpt lat="45.983466" lon="11.234379">
        <ele>846.990611</ele>
        <time>2026-06-27T14:38:30.208Z</time>
      </trkpt>
      <trkpt lat="45.983631" lon="11.234178">
        <ele>845.281103</ele>
        <time>2026-06-27T14:38:32.199Z</time>
      </trkpt>
      <trkpt lat="45.984004" lon="11.233549">
        <ele>840.737252</ele>
        <time>2026-06-27T14:38:37.309Z</time>
      </trkpt>
      <trkpt lat="45.984360" lon="11.233392">
        <ele>837.792807</ele>
        <time>2026-06-27T14:38:40.527Z</time>
      </trkpt>
      <trkpt lat="45.984488" lon="11.233303">
        <ele>836.668642</ele>
        <time>2026-06-27T14:38:41.736Z</time>
      </trkpt>
      <trkpt lat="45.984539" lon="11.233209">
        <ele>836.013322</ele>
        <time>2026-06-27T14:38:42.437Z</time>
      </trkpt>
      <trkpt lat="45.984596" lon="11.232773">
        <ele>833.575532</ele>
        <time>2026-06-27T14:38:45.100Z</time>
      </trkpt>
      <trkpt lat="45.984636" lon="11.232666">
        <ele>832.945024</ele>
        <time>2026-06-27T14:38:45.864Z</time>
      </trkpt>
      <trkpt lat="45.984741" lon="11.232546">
        <ele>831.967081</ele>
        <time>2026-06-27T14:38:47.089Z</time>
      </trkpt>
      <trkpt lat="45.985092" lon="11.232359">
        <ele>829.237202</ele>
        <time>2026-06-27T14:38:50.443Z</time>
      </trkpt>
      <trkpt lat="45.985197" lon="11.232208">
        <ele>828.154547</ele>
        <time>2026-06-27T14:38:51.775Z</time>
      </trkpt>
      <trkpt lat="45.985216" lon="11.231948">
        <ele>826.829603</ele>
        <time>2026-06-27T14:38:53.397Z</time>
      </trkpt>
      <trkpt lat="45.985046" lon="11.231627">
        <ele>824.784122</ele>
        <time>2026-06-27T14:38:55.902Z</time>
      </trkpt>
      <trkpt lat="45.985013" lon="11.231487">
        <ele>824.034888</ele>
        <time>2026-06-27T14:38:56.825Z</time>
      </trkpt>
      <trkpt lat="45.985035" lon="11.231342">
        <ele>823.282712</ele>
        <time>2026-06-27T14:38:57.746Z</time>
      </trkpt>
      <trkpt lat="45.985110" lon="11.231257">
        <ele>822.586429</ele>
        <time>2026-06-27T14:38:58.607Z</time>
      </trkpt>
      <trkpt lat="45.985194" lon="11.231224">
        <ele>821.951341</ele>
        <time>2026-06-27T14:38:59.401Z</time>
      </trkpt>
      <trkpt lat="45.985442" lon="11.231246">
        <ele>820.124624</ele>
        <time>2026-06-27T14:39:01.703Z</time>
      </trkpt>
      <trkpt lat="45.985642" lon="11.231310">
        <ele>818.461727</ele>
        <time>2026-06-27T14:39:03.627Z</time>
      </trkpt>
      <trkpt lat="45.985785" lon="11.231273">
        <ele>817.282491</ele>
        <time>2026-06-27T14:39:04.949Z</time>
      </trkpt>
      <trkpt lat="45.985892" lon="11.231121">
        <ele>816.062251</ele>
        <time>2026-06-27T14:39:06.266Z</time>
      </trkpt>
      <trkpt lat="45.985959" lon="11.230524">
        <ele>812.651852</ele>
        <time>2026-06-27T14:39:09.892Z</time>
      </trkpt>
      <trkpt lat="45.986041" lon="11.230402">
        <ele>811.694616</ele>
        <time>2026-06-27T14:39:10.914Z</time>
      </trkpt>
      <trkpt lat="45.986157" lon="11.230393">
        <ele>810.751761</ele>
        <time>2026-06-27T14:39:11.923Z</time>
      </trkpt>
      <trkpt lat="45.986242" lon="11.230445">
        <ele>810.002137</ele>
        <time>2026-06-27T14:39:12.725Z</time>
      </trkpt>
      <trkpt lat="45.986418" lon="11.230640">
        <ele>808.199409</ele>
        <time>2026-06-27T14:39:14.667Z</time>
      </trkpt>
      <trkpt lat="45.986524" lon="11.230648">
        <ele>807.337901</ele>
        <time>2026-06-27T14:39:15.598Z</time>
      </trkpt>
      <trkpt lat="45.986615" lon="11.230554">
        <ele>806.428773</ele>
        <time>2026-06-27T14:39:16.590Z</time>
      </trkpt>
      <trkpt lat="45.987021" lon="11.229898">
        <ele>801.442953</ele>
        <time>2026-06-27T14:39:22.019Z</time>
      </trkpt>
      <trkpt lat="45.987273" lon="11.229592">
        <ele>798.746764</ele>
        <time>2026-06-27T14:39:24.959Z</time>
      </trkpt>
      <trkpt lat="45.987905" lon="11.228986">
        <ele>792.536680</ele>
        <time>2026-06-27T14:39:31.670Z</time>
      </trkpt>
      <trkpt lat="45.989268" lon="11.227623">
        <ele>776.616584</ele>
        <time>2026-06-27T14:39:45.987Z</time>
      </trkpt>
      <trkpt lat="45.989438" lon="11.227326">
        <ele>774.002326</ele>
        <time>2026-06-27T14:39:48.279Z</time>
      </trkpt>
      <trkpt lat="45.989578" lon="11.226965">
        <ele>771.199906</ele>
        <time>2026-06-27T14:39:50.745Z</time>
      </trkpt>
      <trkpt lat="45.989637" lon="11.226650">
        <ele>768.989890</ele>
        <time>2026-06-27T14:39:52.683Z</time>
      </trkpt>
      <trkpt lat="45.989680" lon="11.226161">
        <ele>765.650936</ele>
        <time>2026-06-27T14:39:55.629Z</time>
      </trkpt>
      <trkpt lat="45.989721" lon="11.225997">
        <ele>764.470256</ele>
        <time>2026-06-27T14:39:56.671Z</time>
      </trkpt>
      <trkpt lat="45.989850" lon="11.225390">
        <ele>760.170338</ele>
        <time>2026-06-27T14:40:00.481Z</time>
      </trkpt>
      <trkpt lat="45.989836" lon="11.224628">
        <ele>755.178922</ele>
        <time>2026-06-27T14:40:05.070Z</time>
      </trkpt>
      <trkpt lat="45.989762" lon="11.224094">
        <ele>752.255554</ele>
        <time>2026-06-27T14:40:08.375Z</time>
      </trkpt>
      <trkpt lat="45.989625" lon="11.223596">
        <ele>749.379971</ele>
        <time>2026-06-27T14:40:11.660Z</time>
      </trkpt>
      <trkpt lat="45.989135" lon="11.222500">
        <ele>742.382860</ele>
        <time>2026-06-27T14:40:19.776Z</time>
      </trkpt>
      <trkpt lat="45.988948" lon="11.222138">
        <ele>739.990091</ele>
        <time>2026-06-27T14:40:22.635Z</time>
      </trkpt>
      <trkpt lat="45.988444" lon="11.221395">
        <ele>734.497075</ele>
        <time>2026-06-27T14:40:29.249Z</time>
      </trkpt>
      <trkpt lat="45.988386" lon="11.221184">
        <ele>733.296706</ele>
        <time>2026-06-27T14:40:30.652Z</time>
      </trkpt>
      <trkpt lat="45.988397" lon="11.220923">
        <ele>731.913477</ele>
        <time>2026-06-27T14:40:32.261Z</time>
      </trkpt>
      <trkpt lat="45.988428" lon="11.220780">
        <ele>731.121041</ele>
        <time>2026-06-27T14:40:33.187Z</time>
      </trkpt>
      <trkpt lat="45.988579" lon="11.220394">
        <ele>728.777703</ele>
        <time>2026-06-27T14:40:35.861Z</time>
      </trkpt>
      <trkpt lat="45.989053" lon="11.219188">
        <ele>719.177474</ele>
        <time>2026-06-27T14:40:44.039Z</time>
      </trkpt>
      <trkpt lat="45.989161" lon="11.219079">
        <ele>717.837656</ele>
        <time>2026-06-27T14:40:45.149Z</time>
      </trkpt>
      <trkpt lat="45.989235" lon="11.219015">
        <ele>716.960751</ele>
        <time>2026-06-27T14:40:45.876Z</time>
      </trkpt>
      <trkpt lat="45.989304" lon="11.218981">
        <ele>716.219961</ele>
        <time>2026-06-27T14:40:46.496Z</time>
      </trkpt>
      <trkpt lat="45.989468" lon="11.218975">
        <ele>714.553626</ele>
        <time>2026-06-27T14:40:47.891Z</time>
      </trkpt>
      <trkpt lat="45.990054" lon="11.219218">
        <ele>709.318656</ele>
        <time>2026-06-27T14:40:53.203Z</time>
      </trkpt>
      <trkpt lat="45.990934" lon="11.219580">
        <ele>705.542694</ele>
        <time>2026-06-27T14:41:01.956Z</time>
      </trkpt>
      <trkpt lat="45.991237" lon="11.219688">
        <ele>704.254855</ele>
        <time>2026-06-27T14:41:05.312Z</time>
      </trkpt>
      <trkpt lat="45.991813" lon="11.219867">
        <ele>702.269717</ele>
        <time>2026-06-27T14:41:12.238Z</time>
      </trkpt>
      <trkpt lat="45.992055" lon="11.219890">
        <ele>701.880021</ele>
        <time>2026-06-27T14:41:15.646Z</time>
      </trkpt>
      <trkpt lat="45.992226" lon="11.219801">
        <ele>701.587845</ele>
        <time>2026-06-27T14:41:18.149Z</time>
      </trkpt>
      <trkpt lat="45.992309" lon="11.219726">
        <ele>701.430376</ele>
        <time>2026-06-27T14:41:19.382Z</time>
      </trkpt>
      <trkpt lat="45.992427" lon="11.219551">
        <ele>701.158136</ele>
        <time>2026-06-27T14:41:21.426Z</time>
      </trkpt>
      <trkpt lat="45.992566" lon="11.219332">
        <ele>700.826997</ele>
        <time>2026-06-27T14:41:23.813Z</time>
      </trkpt>
      <trkpt lat="45.992797" lon="11.218983">
        <ele>700.288890</ele>
        <time>2026-06-27T14:41:27.468Z</time>
      </trkpt>
      <trkpt lat="45.992937" lon="11.218786">
        <ele>699.974299</ele>
        <time>2026-06-27T14:41:29.613Z</time>
      </trkpt>
      <trkpt lat="45.993506" lon="11.217894">
        <ele>697.477017</ele>
        <time>2026-06-27T14:41:38.361Z</time>
      </trkpt>
      <trkpt lat="45.993584" lon="11.217769">
        <ele>697.083209</ele>
        <time>2026-06-27T14:41:39.533Z</time>
      </trkpt>
      <trkpt lat="45.993650" lon="11.217663">
        <ele>696.749584</ele>
        <time>2026-06-27T14:41:40.524Z</time>
      </trkpt>
      <trkpt lat="45.993746" lon="11.217577">
        <ele>696.368105</ele>
        <time>2026-06-27T14:41:41.652Z</time>
      </trkpt>
      <trkpt lat="45.993950" lon="11.217524">
        <ele>695.668748</ele>
        <time>2026-06-27T14:41:43.708Z</time>
      </trkpt>
      <trkpt lat="45.994045" lon="11.217519">
        <ele>695.348032</ele>
        <time>2026-06-27T14:41:44.649Z</time>
      </trkpt>
      <trkpt lat="45.994417" lon="11.217499">
        <ele>694.092138</ele>
        <time>2026-06-27T14:41:48.311Z</time>
      </trkpt>
      <trkpt lat="45.994484" lon="11.217466">
        <ele>693.853233</ele>
        <time>2026-06-27T14:41:48.995Z</time>
      </trkpt>
      <trkpt lat="45.994556" lon="11.217410">
        <ele>693.570725</ele>
        <time>2026-06-27T14:41:49.803Z</time>
      </trkpt>
      <trkpt lat="45.994673" lon="11.217236">
        <ele>692.810948</ele>
        <time>2026-06-27T14:41:51.413Z</time>
      </trkpt>
      <trkpt lat="45.995308" lon="11.216144">
        <ele>688.342902</ele>
        <time>2026-06-27T14:42:00.835Z</time>
      </trkpt>
      <trkpt lat="45.995482" lon="11.215831">
        <ele>687.085145</ele>
        <time>2026-06-27T14:42:03.473Z</time>
      </trkpt>
      <trkpt lat="45.995672" lon="11.215402">
        <ele>685.488889</ele>
        <time>2026-06-27T14:42:06.843Z</time>
      </trkpt>
      <trkpt lat="45.995824" lon="11.214931">
        <ele>684.093514</ele>
        <time>2026-06-27T14:42:10.335Z</time>
      </trkpt>
      <trkpt lat="45.996098" lon="11.214077">
        <ele>681.570291</ele>
        <time>2026-06-27T14:42:16.821Z</time>
      </trkpt>
      <trkpt lat="45.996407" lon="11.213222">
        <ele>678.985122</ele>
        <time>2026-06-27T14:42:23.345Z</time>
      </trkpt>
      <trkpt lat="45.996713" lon="11.212476">
        <ele>677.897367</ele>
        <time>2026-06-27T14:42:29.446Z</time>
      </trkpt>
      <trkpt lat="45.996794" lon="11.212280">
        <ele>677.690677</ele>
        <time>2026-06-27T14:42:31.102Z</time>
      </trkpt>
      <trkpt lat="45.996915" lon="11.211987">
        <ele>677.381753</ele>
        <time>2026-06-27T14:42:33.621Z</time>
      </trkpt>
      <trkpt lat="45.996989" lon="11.211805">
        <ele>677.190631</ele>
        <time>2026-06-27T14:42:35.249Z</time>
      </trkpt>
      <trkpt lat="45.997356" lon="11.210584">
        <ele>676.277009</ele>
        <time>2026-06-27T14:42:51.097Z</time>
      </trkpt>
      <trkpt lat="45.997385" lon="11.210479">
        <ele>676.326673</ele>
        <time>2026-06-27T14:42:52.998Z</time>
      </trkpt>
      <trkpt lat="45.997811" lon="11.208890">
        <ele>677.075288</ele>
        <time>2026-06-27T14:43:18.071Z</time>
      </trkpt>
      <trkpt lat="45.997895" lon="11.208579">
        <ele>677.221949</ele>
        <time>2026-06-27T14:43:21.681Z</time>
      </trkpt>
      <trkpt lat="45.998436" lon="11.206609">
        <ele>674.756035</ele>
        <time>2026-06-27T14:43:37.351Z</time>
      </trkpt>
      <trkpt lat="45.999035" lon="11.205395">
        <ele>673.533948</ele>
        <time>2026-06-27T14:43:48.693Z</time>
      </trkpt>
      <trkpt lat="45.999674" lon="11.204060">
        <ele>672.953241</ele>
        <time>2026-06-27T14:44:07.096Z</time>
      </trkpt>
      <trkpt lat="45.999796" lon="11.203931">
        <ele>672.831836</ele>
        <time>2026-06-27T14:44:09.681Z</time>
      </trkpt>
      <trkpt lat="45.999902" lon="11.203865">
        <ele>672.615500</ele>
        <time>2026-06-27T14:44:11.564Z</time>
      </trkpt>
      <trkpt lat="46.000002" lon="11.203924">
        <ele>672.413059</ele>
        <time>2026-06-27T14:44:13.165Z</time>
      </trkpt>
      <trkpt lat="46.000128" lon="11.204307">
        <ele>671.861625</ele>
        <time>2026-06-27T14:44:17.064Z</time>
      </trkpt>
      <trkpt lat="46.000276" lon="11.205491">
        <ele>670.296231</ele>
        <time>2026-06-27T14:44:26.147Z</time>
      </trkpt>
      <trkpt lat="46.000459" lon="11.207140">
        <ele>666.546290</ele>
        <time>2026-06-27T14:44:37.574Z</time>
      </trkpt>
      <trkpt lat="46.000634" lon="11.209121">
        <ele>661.061102</ele>
        <time>2026-06-27T14:44:50.985Z</time>
      </trkpt>
      <trkpt lat="46.000855" lon="11.211075">
        <ele>655.754113</ele>
        <time>2026-06-27T14:45:04.448Z</time>
      </trkpt>
      <trkpt lat="46.000935" lon="11.211896">
        <ele>654.631433</ele>
        <time>2026-06-27T14:45:10.312Z</time>
      </trkpt>
      <trkpt lat="46.000947" lon="11.212340">
        <ele>654.135957</ele>
        <time>2026-06-27T14:45:13.648Z</time>
      </trkpt>
      <trkpt lat="46.000901" lon="11.212971">
        <ele>653.428469</ele>
        <time>2026-06-27T14:45:18.807Z</time>
      </trkpt>
      <trkpt lat="46.000388" lon="11.216961">
        <ele>653.516463</ele>
        <time>2026-06-27T14:46:02.293Z</time>
      </trkpt>
      <trkpt lat="46.000296" lon="11.217735">
        <ele>654.431334</ele>
        <time>2026-06-27T14:46:11.092Z</time>
      </trkpt>
      <trkpt lat="46.000279" lon="11.218454">
        <ele>655.269506</ele>
        <time>2026-06-27T14:46:22.645Z</time>
      </trkpt>
      <trkpt lat="46.000312" lon="11.218755">
        <ele>655.624533</ele>
        <time>2026-06-27T14:46:28.730Z</time>
      </trkpt>
      <trkpt lat="46.000472" lon="11.219581">
        <ele>658.273150</ele>
        <time>2026-06-27T14:46:50.212Z</time>
      </trkpt>
      <trkpt lat="46.000623" lon="11.220345">
        <ele>660.973876</ele>
        <time>2026-06-27T14:47:12.899Z</time>
      </trkpt>
      <trkpt lat="46.000982" lon="11.222243">
        <ele>665.456203</ele>
        <time>2026-06-27T14:47:56.097Z</time>
      </trkpt>
      <trkpt lat="46.001222" lon="11.223468">
        <ele>666.699146</ele>
        <time>2026-06-27T14:48:10.379Z</time>
      </trkpt>
      <trkpt lat="46.001258" lon="11.223844">
        <ele>667.069798</ele>
        <time>2026-06-27T14:48:13.597Z</time>
      </trkpt>
      <trkpt lat="46.001257" lon="11.224155">
        <ele>666.510785</ele>
        <time>2026-06-27T14:48:16.181Z</time>
      </trkpt>
      <trkpt lat="46.001260" lon="11.224245">
        <ele>666.325316</ele>
        <time>2026-06-27T14:48:16.940Z</time>
      </trkpt>
      <trkpt lat="46.001271" lon="11.224964">
        <ele>664.844973</ele>
        <time>2026-06-27T14:48:22.722Z</time>
      </trkpt>
      <trkpt lat="46.001441" lon="11.225696">
        <ele>663.256253</ele>
        <time>2026-06-27T14:48:28.351Z</time>
      </trkpt>
      <trkpt lat="46.001683" lon="11.226578">
        <ele>660.314635</ele>
        <time>2026-06-27T14:48:34.589Z</time>
      </trkpt>
      <trkpt lat="46.001716" lon="11.226699">
        <ele>659.473700</ele>
        <time>2026-06-27T14:48:35.404Z</time>
      </trkpt>
      <trkpt lat="46.002060" lon="11.227897">
        <ele>651.087646</ele>
        <time>2026-06-27T14:48:43.219Z</time>
      </trkpt>
      <trkpt lat="46.002153" lon="11.228299">
        <ele>648.346639</ele>
        <time>2026-06-27T14:48:45.710Z</time>
      </trkpt>
      <trkpt lat="46.002146" lon="11.228625">
        <ele>646.236710</ele>
        <time>2026-06-27T14:48:47.624Z</time>
      </trkpt>
      <trkpt lat="46.002088" lon="11.228878">
        <ele>644.440950</ele>
        <time>2026-06-27T14:48:49.188Z</time>
      </trkpt>
      <trkpt lat="46.001832" lon="11.229383">
        <ele>639.814732</ele>
        <time>2026-06-27T14:48:52.870Z</time>
      </trkpt>
      <trkpt lat="46.001728" lon="11.229646">
        <ele>637.575311</ele>
        <time>2026-06-27T14:48:54.668Z</time>
      </trkpt>
      <trkpt lat="46.001696" lon="11.229872">
        <ele>635.868547</ele>
        <time>2026-06-27T14:48:56.048Z</time>
      </trkpt>
      <trkpt lat="46.001704" lon="11.230028">
        <ele>634.711024</ele>
        <time>2026-06-27T14:48:56.992Z</time>
      </trkpt>
      <trkpt lat="46.001779" lon="11.230319">
        <ele>632.414215</ele>
        <time>2026-06-27T14:48:58.849Z</time>
      </trkpt>
      <trkpt lat="46.002096" lon="11.231049">
        <ele>626.043632</ele>
        <time>2026-06-27T14:49:03.965Z</time>
      </trkpt>
      <trkpt lat="46.002385" lon="11.231742">
        <ele>619.851599</ele>
        <time>2026-06-27T14:49:08.786Z</time>
      </trkpt>
      <trkpt lat="46.002657" lon="11.232344">
        <ele>614.344085</ele>
        <time>2026-06-27T14:49:13.040Z</time>
      </trkpt>
      <trkpt lat="46.002907" lon="11.232652">
        <ele>610.711228</ele>
        <time>2026-06-27T14:49:15.826Z</time>
      </trkpt>
      <trkpt lat="46.003702" lon="11.233201">
        <ele>601.454511</ele>
        <time>2026-06-27T14:49:23.305Z</time>
      </trkpt>
      <trkpt lat="46.004067" lon="11.233506">
        <ele>597.238795</ele>
        <time>2026-06-27T14:49:26.901Z</time>
      </trkpt>
      <trkpt lat="46.004124" lon="11.233580">
        <ele>596.472093</ele>
        <time>2026-06-27T14:49:27.548Z</time>
      </trkpt>
      <trkpt lat="46.004655" lon="11.234275">
        <ele>589.303455</ele>
        <time>2026-06-27T14:49:33.780Z</time>
      </trkpt>
      <trkpt lat="46.004791" lon="11.234384">
        <ele>587.826501</ele>
        <time>2026-06-27T14:49:35.164Z</time>
      </trkpt>
      <trkpt lat="46.004944" lon="11.234437">
        <ele>586.690177</ele>
        <time>2026-06-27T14:49:36.590Z</time>
      </trkpt>
      <trkpt lat="46.005074" lon="11.234440">
        <ele>585.751344</ele>
        <time>2026-06-27T14:49:37.771Z</time>
      </trkpt>
      <trkpt lat="46.005201" lon="11.234400">
        <ele>584.812605</ele>
        <time>2026-06-27T14:49:38.956Z</time>
      </trkpt>
      <trkpt lat="46.006032" lon="11.234003">
        <ele>578.490323</ele>
        <time>2026-06-27T14:49:46.914Z</time>
      </trkpt>
      <trkpt lat="46.006152" lon="11.233973">
        <ele>577.610852</ele>
        <time>2026-06-27T14:49:48.010Z</time>
      </trkpt>
      <trkpt lat="46.006425" lon="11.233995">
        <ele>575.636468</ele>
        <time>2026-06-27T14:49:50.445Z</time>
      </trkpt>
      <trkpt lat="46.007216" lon="11.234209">
        <ele>568.433298</ele>
        <time>2026-06-27T14:49:57.467Z</time>
      </trkpt>
      <trkpt lat="46.008073" lon="11.234328">
        <ele>560.558128</ele>
        <time>2026-06-27T14:50:04.882Z</time>
      </trkpt>
      <trkpt lat="46.008460" lon="11.234214">
        <ele>556.990655</ele>
        <time>2026-06-27T14:50:08.310Z</time>
      </trkpt>
      <trkpt lat="46.008527" lon="11.234229">
        <ele>556.387671</ele>
        <time>2026-06-27T14:50:08.900Z</time>
      </trkpt>
      <trkpt lat="46.008581" lon="11.234331">
        <ele>555.595509</ele>
        <time>2026-06-27T14:50:09.670Z</time>
      </trkpt>
      <trkpt lat="46.008562" lon="11.234482">
        <ele>554.647665</ele>
        <time>2026-06-27T14:50:10.596Z</time>
      </trkpt>
      <trkpt lat="46.008479" lon="11.234605">
        <ele>553.588429</ele>
        <time>2026-06-27T14:50:11.629Z</time>
      </trkpt>
      <trkpt lat="46.006602" lon="11.235637">
        <ele>535.858642</ele>
        <time>2026-06-27T14:50:29.207Z</time>
      </trkpt>
      <trkpt lat="46.006315" lon="11.235832">
        <ele>533.093056</ele>
        <time>2026-06-27T14:50:31.992Z</time>
      </trkpt>
      <trkpt lat="46.006226" lon="11.235972">
        <ele>531.944299</ele>
        <time>2026-06-27T14:50:33.157Z</time>
      </trkpt>
      <trkpt lat="46.006195" lon="11.236134">
        <ele>530.927193</ele>
        <time>2026-06-27T14:50:34.196Z</time>
      </trkpt>
      <trkpt lat="46.006237" lon="11.236308">
        <ele>529.812199</ele>
        <time>2026-06-27T14:50:35.326Z</time>
      </trkpt>
      <trkpt lat="46.006316" lon="11.236401">
        <ele>528.922908</ele>
        <time>2026-06-27T14:50:36.214Z</time>
      </trkpt>
      <trkpt lat="46.006422" lon="11.236443">
        <ele>527.964826</ele>
        <time>2026-06-27T14:50:37.167Z</time>
      </trkpt>
      <trkpt lat="46.007064" lon="11.236235">
        <ele>521.799135</ele>
        <time>2026-06-27T14:50:42.830Z</time>
      </trkpt>
      <trkpt lat="46.007158" lon="11.236237">
        <ele>520.904591</ele>
        <time>2026-06-27T14:50:43.637Z</time>
      </trkpt>
      <trkpt lat="46.007188" lon="11.236265">
        <ele>520.564394</ele>
        <time>2026-06-27T14:50:43.944Z</time>
      </trkpt>
      <trkpt lat="46.007220" lon="11.236295">
        <ele>520.201038</ele>
        <time>2026-06-27T14:50:44.272Z</time>
      </trkpt>
      <trkpt lat="46.007241" lon="11.236451">
        <ele>519.150835</ele>
        <time>2026-06-27T14:50:45.235Z</time>
      </trkpt>
      <trkpt lat="46.007217" lon="11.236558">
        <ele>518.407703</ele>
        <time>2026-06-27T14:50:45.914Z</time>
      </trkpt>
      <trkpt lat="46.007159" lon="11.236635">
        <ele>517.656993</ele>
        <time>2026-06-27T14:50:46.611Z</time>
      </trkpt>
      <trkpt lat="46.006865" lon="11.236847">
        <ele>514.528204</ele>
        <time>2026-06-27T14:50:49.486Z</time>
      </trkpt>
      <trkpt lat="46.006540" lon="11.237182">
        <ele>510.724829</ele>
        <time>2026-06-27T14:50:52.924Z</time>
      </trkpt>
      <trkpt lat="46.006378" lon="11.237400">
        <ele>508.763071</ele>
        <time>2026-06-27T14:50:54.807Z</time>
      </trkpt>
      <trkpt lat="46.005604" lon="11.238419">
        <ele>500.025269</ele>
        <time>2026-06-27T14:51:03.893Z</time>
      </trkpt>
      <trkpt lat="46.005370" lon="11.238724">
        <ele>497.395552</ele>
        <time>2026-06-27T14:51:06.719Z</time>
      </trkpt>
      <trkpt lat="46.005320" lon="11.238868">
        <ele>496.463954</ele>
        <time>2026-06-27T14:51:07.747Z</time>
      </trkpt>
      <trkpt lat="46.005297" lon="11.238936">
        <ele>496.026285</ele>
        <time>2026-06-27T14:51:08.217Z</time>
      </trkpt>
      <trkpt lat="46.005316" lon="11.239069">
        <ele>495.240547</ele>
        <time>2026-06-27T14:51:09.101Z</time>
      </trkpt>
      <trkpt lat="46.005355" lon="11.239132">
        <ele>494.770308</ele>
        <time>2026-06-27T14:51:09.639Z</time>
      </trkpt>
      <trkpt lat="46.005459" lon="11.239202">
        <ele>494.064472</ele>
        <time>2026-06-27T14:51:10.742Z</time>
      </trkpt>
      <trkpt lat="46.005610" lon="11.239171">
        <ele>493.126708</ele>
        <time>2026-06-27T14:51:12.216Z</time>
      </trkpt>
      <trkpt lat="46.006235" lon="11.238568">
        <ele>488.501069</ele>
        <time>2026-06-27T14:51:19.282Z</time>
      </trkpt>
      <trkpt lat="46.006323" lon="11.238422">
        <ele>487.675572</ele>
        <time>2026-06-27T14:51:20.525Z</time>
      </trkpt>
      <trkpt lat="46.006421" lon="11.238392">
        <ele>487.059582</ele>
        <time>2026-06-27T14:51:21.465Z</time>
      </trkpt>
      <trkpt lat="46.006501" lon="11.238438">
        <ele>486.529953</ele>
        <time>2026-06-27T14:51:22.269Z</time>
      </trkpt>
      <trkpt lat="46.006509" lon="11.238474">
        <ele>486.368543</ele>
        <time>2026-06-27T14:51:22.516Z</time>
      </trkpt>
      <trkpt lat="46.006524" lon="11.238540">
        <ele>486.071994</ele>
        <time>2026-06-27T14:51:22.955Z</time>
      </trkpt>
      <trkpt lat="46.006505" lon="11.238644">
        <ele>485.612770</ele>
        <time>2026-06-27T14:51:23.636Z</time>
      </trkpt>
      <trkpt lat="46.006241" lon="11.238929">
        <ele>483.494009</ele>
        <time>2026-06-27T14:51:26.587Z</time>
      </trkpt>
      <trkpt lat="46.006165" lon="11.239048">
        <ele>482.456203</ele>
        <time>2026-06-27T14:51:27.568Z</time>
      </trkpt>
      <trkpt lat="46.005831" lon="11.239587">
        <ele>477.819051</ele>
        <time>2026-06-27T14:51:31.863Z</time>
      </trkpt>
      <trkpt lat="46.005602" lon="11.240132">
        <ele>473.729871</ele>
        <time>2026-06-27T14:51:35.630Z</time>
      </trkpt>
      <trkpt lat="46.005445" lon="11.241039">
        <ele>467.728999</ele>
        <time>2026-06-27T14:51:41.238Z</time>
      </trkpt>
      <trkpt lat="46.005124" lon="11.241567">
        <ele>465.107242</ele>
        <time>2026-06-27T14:51:45.632Z</time>
      </trkpt>
      <trkpt lat="46.005077" lon="11.241698">
        <ele>464.615997</ele>
        <time>2026-06-27T14:51:46.576Z</time>
      </trkpt>
      <trkpt lat="46.005035" lon="11.241911">
        <ele>463.878291</ele>
        <time>2026-06-27T14:51:48.015Z</time>
      </trkpt>
      <trkpt lat="46.004954" lon="11.241942">
        <ele>463.476266</ele>
        <time>2026-06-27T14:51:48.809Z</time>
      </trkpt>
      <trkpt lat="46.004924" lon="11.242047">
        <ele>463.097991</ele>
        <time>2026-06-27T14:51:49.562Z</time>
      </trkpt>
      <trkpt lat="46.004924" lon="11.242055">
        <ele>463.071337</ele>
        <time>2026-06-27T14:51:49.614Z</time>
      </trkpt>
      <trkpt lat="46.004967" lon="11.242153">
        <ele>462.685134</ele>
        <time>2026-06-27T14:51:50.406Z</time>
      </trkpt>
      <trkpt lat="46.005016" lon="11.242173">
        <ele>462.440833</ele>
        <time>2026-06-27T14:51:50.900Z</time>
      </trkpt>
      <trkpt lat="46.005063" lon="11.242153">
        <ele>462.205747</ele>
        <time>2026-06-27T14:51:51.393Z</time>
      </trkpt>
      <trkpt lat="46.005130" lon="11.242255">
        <ele>461.738014</ele>
        <time>2026-06-27T14:51:52.374Z</time>
      </trkpt>
      <trkpt lat="46.005962" lon="11.243432">
        <ele>457.412317</ele>
        <time>2026-06-27T14:52:04.434Z</time>
      </trkpt>
      <trkpt lat="46.006004" lon="11.243521">
        <ele>457.245976</ele>
        <time>2026-06-27T14:52:05.224Z</time>
      </trkpt>
      <trkpt lat="46.006019" lon="11.243636">
        <ele>457.065085</ele>
        <time>2026-06-27T14:52:06.062Z</time>
      </trkpt>
      <trkpt lat="46.005953" lon="11.243659">
        <ele>456.913945</ele>
        <time>2026-06-27T14:52:06.798Z</time>
      </trkpt>
      <trkpt lat="46.005931" lon="11.243718">
        <ele>456.810422</ele>
        <time>2026-06-27T14:52:07.273Z</time>
      </trkpt>
      <trkpt lat="46.005939" lon="11.243783">
        <ele>456.708370</ele>
        <time>2026-06-27T14:52:07.766Z</time>
      </trkpt>
      <trkpt lat="46.005996" lon="11.243835">
        <ele>456.558179</ele>
        <time>2026-06-27T14:52:08.517Z</time>
      </trkpt>
      <trkpt lat="46.006043" lon="11.243815">
        <ele>456.449096</ele>
        <time>2026-06-27T14:52:09.023Z</time>
      </trkpt>
      <trkpt lat="46.006069" lon="11.243757">
        <ele>456.342379</ele>
        <time>2026-06-27T14:52:09.552Z</time>
      </trkpt>
      <trkpt lat="46.006063" lon="11.243688">
        <ele>456.234876</ele>
        <time>2026-06-27T14:52:10.107Z</time>
      </trkpt>
      <trkpt lat="46.006170" lon="11.243672">
        <ele>455.995443</ele>
        <time>2026-06-27T14:52:11.266Z</time>
      </trkpt>
      <trkpt lat="46.006248" lon="11.243594">
        <ele>455.784068</ele>
        <time>2026-06-27T14:52:12.323Z</time>
      </trkpt>
      <trkpt lat="46.006366" lon="11.243533">
        <ele>455.505016</ele>
        <time>2026-06-27T14:52:13.744Z</time>
      </trkpt>
      <trkpt lat="46.006407" lon="11.243528">
        <ele>455.413435</ele>
        <time>2026-06-27T14:52:14.189Z</time>
      </trkpt>
      <trkpt lat="46.006487" lon="11.242741">
        <ele>454.344855</ele>
        <time>2026-06-27T14:52:20.546Z</time>
      </trkpt>
      <trkpt lat="46.006546" lon="11.242156">
        <ele>453.885039</ele>
        <time>2026-06-27T14:52:25.136Z</time>
      </trkpt>
      <trkpt lat="46.006577" lon="11.242084">
        <ele>453.819146</ele>
        <time>2026-06-27T14:52:25.841Z</time>
      </trkpt>
      <trkpt lat="46.006618" lon="11.241986">
        <ele>453.730156</ele>
        <time>2026-06-27T14:52:26.780Z</time>
      </trkpt>
      <trkpt lat="46.006737" lon="11.241664">
        <ele>453.446441</ele>
        <time>2026-06-27T14:52:29.634Z</time>
      </trkpt>
      <trkpt lat="46.006779" lon="11.241625">
        <ele>453.390471</ele>
        <time>2026-06-27T14:52:30.198Z</time>
      </trkpt>
      <trkpt lat="46.007209" lon="11.241710">
        <ele>452.904398</ele>
        <time>2026-06-27T14:52:35.204Z</time>
      </trkpt>
      <trkpt lat="46.007224" lon="11.241727">
        <ele>452.883020</ele>
        <time>2026-06-27T14:52:35.427Z</time>
      </trkpt>
      <trkpt lat="46.007193" lon="11.242173">
        <ele>452.534369</ele>
        <time>2026-06-27T14:52:39.282Z</time>
      </trkpt>
      <trkpt lat="46.007244" lon="11.242206">
        <ele>452.541785</ele>
        <time>2026-06-27T14:52:40.007Z</time>
      </trkpt>
      <trkpt lat="46.007325" lon="11.242218">
        <ele>452.742336</ele>
        <time>2026-06-27T14:52:41.084Z</time>
      </trkpt>
      <trkpt lat="46.007354" lon="11.242225">
        <ele>452.814758</ele>
        <time>2026-06-27T14:52:41.458Z</time>
      </trkpt>
      <trkpt lat="46.007511" lon="11.240364">
        <ele>456.021710</ele>
        <time>2026-06-27T14:53:13.037Z</time>
      </trkpt>
      <trkpt lat="46.007585" lon="11.239872">
        <ele>456.882865</ele>
        <time>2026-06-27T14:53:25.248Z</time>
      </trkpt>
      <trkpt lat="46.007672" lon="11.239546">
        <ele>457.342612</ele>
        <time>2026-06-27T14:53:33.707Z</time>
      </trkpt>
      <trkpt lat="46.007894" lon="11.239037">
        <ele>458.116502</ele>
        <time>2026-06-27T14:53:47.861Z</time>
      </trkpt>
      <trkpt lat="46.007997" lon="11.238850">
        <ele>458.423805</ele>
        <time>2026-06-27T14:53:53.127Z</time>
      </trkpt>
      <trkpt lat="46.008256" lon="11.238484">
        <ele>459.096575</ele>
        <time>2026-06-27T14:54:02.771Z</time>
      </trkpt>
      <trkpt lat="46.008539" lon="11.237982">
        <ele>459.929060</ele>
        <time>2026-06-27T14:54:09.425Z</time>
      </trkpt>
      <trkpt lat="46.008856" lon="11.237546">
        <ele>459.126716</ele>
        <time>2026-06-27T14:54:13.911Z</time>
      </trkpt>
      <trkpt lat="46.009509" lon="11.237126">
        <ele>456.026602</ele>
        <time>2026-06-27T14:54:20.495Z</time>
      </trkpt>
      <trkpt lat="46.010039" lon="11.236987">
        <ele>453.691437</ele>
        <time>2026-06-27T14:54:25.499Z</time>
      </trkpt>
      <trkpt lat="46.010119" lon="11.236966">
        <ele>453.338949</ele>
        <time>2026-06-27T14:54:26.255Z</time>
      </trkpt>
      <trkpt lat="46.010312" lon="11.236916">
        <ele>452.488928</ele>
        <time>2026-06-27T14:54:28.170Z</time>
      </trkpt>
      <trkpt lat="46.011025" lon="11.236824">
        <ele>452.047556</ele>
        <time>2026-06-27T14:54:35.716Z</time>
      </trkpt>
      <trkpt lat="46.011848" lon="11.236431">
        <ele>451.541719</ele>
        <time>2026-06-27T14:54:50.678Z</time>
      </trkpt>
      <trkpt lat="46.012023" lon="11.236347">
        <ele>451.434104</ele>
        <time>2026-06-27T14:54:54.602Z</time>
      </trkpt>
      <trkpt lat="46.012719" lon="11.236138">
        <ele>452.561662</ele>
        <time>2026-06-27T14:55:13.369Z</time>
      </trkpt>
      <trkpt lat="46.013350" lon="11.235757">
        <ele>453.729623</ele>
        <time>2026-06-27T14:55:30.557Z</time>
      </trkpt>
      <trkpt lat="46.013670" lon="11.235472">
        <ele>454.371895</ele>
        <time>2026-06-27T14:55:37.665Z</time>
      </trkpt>
      <trkpt lat="46.013887" lon="11.235278">
        <ele>454.055981</ele>
        <time>2026-06-27T14:55:46.928Z</time>
      </trkpt>
      <trkpt lat="46.014134" lon="11.235127">
        <ele>453.455901</ele>
        <time>2026-06-27T14:55:55.572Z</time>
      </trkpt>
      <trkpt lat="46.014449" lon="11.235012">
        <ele>452.729185</ele>
        <time>2026-06-27T14:56:05.145Z</time>
      </trkpt>
      <trkpt lat="46.015430" lon="11.234849">
        <ele>450.520842</ele>
        <time>2026-06-27T14:56:33.411Z</time>
      </trkpt>
      <trkpt lat="46.015956" lon="11.234729">
        <ele>450.682164</ele>
        <time>2026-06-27T14:56:40.168Z</time>
      </trkpt>
      <trkpt lat="46.016570" lon="11.234378">
        <ele>450.972364</ele>
        <time>2026-06-27T14:56:54.064Z</time>
      </trkpt>
      <trkpt lat="46.017068" lon="11.233888">
        <ele>451.237322</ele>
        <time>2026-06-27T14:57:07.624Z</time>
      </trkpt>
      <trkpt lat="46.017759" lon="11.233020">
        <ele>451.846461</ele>
        <time>2026-06-27T14:57:23.194Z</time>
      </trkpt>
      <trkpt lat="46.017968" lon="11.232858">
        <ele>452.005908</ele>
        <time>2026-06-27T14:57:26.560Z</time>
      </trkpt>
      <trkpt lat="46.018582" lon="11.232606">
        <ele>452.434801</ele>
        <time>2026-06-27T14:57:37.229Z</time>
      </trkpt>
      <trkpt lat="46.019228" lon="11.232259">
        <ele>452.780885</ele>
        <time>2026-06-27T14:57:50.467Z</time>
      </trkpt>
      <trkpt lat="46.019575" lon="11.231914">
        <ele>452.988674</ele>
        <time>2026-06-27T14:57:58.583Z</time>
      </trkpt>
      <trkpt lat="46.020029" lon="11.231381">
        <ele>453.277319</ele>
        <time>2026-06-27T14:58:07.875Z</time>
      </trkpt>
      <trkpt lat="46.020242" lon="11.231170">
        <ele>453.250114</ele>
        <time>2026-06-27T14:58:11.212Z</time>
      </trkpt>
      <trkpt lat="46.020593" lon="11.230927">
        <ele>452.946255</ele>
        <time>2026-06-27T14:58:15.964Z</time>
      </trkpt>
      <trkpt lat="46.022085" lon="11.230514">
        <ele>451.687863</ele>
        <time>2026-06-27T14:58:34.854Z</time>
      </trkpt>
      <trkpt lat="46.022544" lon="11.230538">
        <ele>451.184727</ele>
        <time>2026-06-27T14:58:40.718Z</time>
      </trkpt>
      <trkpt lat="46.022808" lon="11.230409">
        <ele>450.879339</ele>
        <time>2026-06-27T14:58:44.128Z</time>
      </trkpt>
      <trkpt lat="46.023290" lon="11.230361">
        <ele>450.350078</ele>
        <time>2026-06-27T14:58:49.863Z</time>
      </trkpt>
      <trkpt lat="46.023981" lon="11.230388">
        <ele>449.809940</ele>
        <time>2026-06-27T14:58:57.797Z</time>
      </trkpt>
      <trkpt lat="46.024341" lon="11.230403">
        <ele>449.641764</ele>
        <time>2026-06-27T14:59:01.917Z</time>
      </trkpt>
      <trkpt lat="46.024891" lon="11.230448">
        <ele>449.384523</ele>
        <time>2026-06-27T14:59:08.633Z</time>
      </trkpt>
      <trkpt lat="46.025069" lon="11.230492">
        <ele>449.300189</ele>
        <time>2026-06-27T14:59:11.352Z</time>
      </trkpt>
      <trkpt lat="46.025573" lon="11.230910">
        <ele>449.732802</ele>
        <time>2026-06-27T14:59:22.530Z</time>
      </trkpt>
      <trkpt lat="46.025964" lon="11.230927">
        <ele>450.802208</ele>
        <time>2026-06-27T14:59:32.837Z</time>
      </trkpt>
      <trkpt lat="46.026111" lon="11.230912">
        <ele>451.205085</ele>
        <time>2026-06-27T14:59:37.055Z</time>
      </trkpt>
      <trkpt lat="46.026478" lon="11.230751">
        <ele>452.253903</ele>
        <time>2026-06-27T14:59:48.192Z</time>
      </trkpt>
      <trkpt lat="46.026529" lon="11.230712">
        <ele>452.411761</ele>
        <time>2026-06-27T14:59:49.811Z</time>
      </trkpt>
      <trkpt lat="46.026692" lon="11.230514">
        <ele>452.994701</ele>
        <time>2026-06-27T14:59:55.662Z</time>
      </trkpt>
      <trkpt lat="46.026756" lon="11.230284">
        <ele>453.465029</ele>
        <time>2026-06-27T15:00:00.460Z</time>
      </trkpt>
      <trkpt lat="46.026936" lon="11.230066">
        <ele>454.120558</ele>
        <time>2026-06-27T15:00:06.850Z</time>
      </trkpt>
      <trkpt lat="46.027038" lon="11.229882">
        <ele>454.662049</ele>
        <time>2026-06-27T15:00:11.329Z</time>
      </trkpt>
      <trkpt lat="46.027198" lon="11.229594">
        <ele>455.510318</ele>
        <time>2026-06-27T15:00:18.192Z</time>
      </trkpt>
      <trkpt lat="46.027351" lon="11.229525">
        <ele>456.041364</ele>
        <time>2026-06-27T15:00:22.554Z</time>
      </trkpt>
      <trkpt lat="46.027441" lon="11.229554">
        <ele>456.346841</ele>
        <time>2026-06-27T15:00:25.116Z</time>
      </trkpt>
      <trkpt lat="46.028237" lon="11.229810">
        <ele>459.048366</ele>
        <time>2026-06-27T15:00:47.101Z</time>
      </trkpt>
      <trkpt lat="46.028612" lon="11.229900">
        <ele>460.215299</ele>
        <time>2026-06-27T15:00:59.566Z</time>
      </trkpt>
      <trkpt lat="46.028709" lon="11.229938">
        <ele>460.446313</ele>
        <time>2026-06-27T15:01:02.742Z</time>
      </trkpt>
      <trkpt lat="46.029358" lon="11.230049">
        <ele>461.948257</ele>
        <time>2026-06-27T15:01:21.995Z</time>
      </trkpt>
      <trkpt lat="46.029385" lon="11.230053">
        <ele>462.010633</ele>
        <time>2026-06-27T15:01:22.707Z</time>
      </trkpt>
      <trkpt lat="46.029505" lon="11.230071">
        <ele>462.287896</ele>
        <time>2026-06-27T15:01:25.821Z</time>
      </trkpt>
      <trkpt lat="46.029952" lon="11.230108">
        <ele>463.316840</ele>
        <time>2026-06-27T15:01:35.762Z</time>
      </trkpt>
      <trkpt lat="46.030023" lon="11.230120">
        <ele>463.481125</ele>
        <time>2026-06-27T15:01:37.078Z</time>
      </trkpt>
      <trkpt lat="46.030052" lon="11.230128">
        <ele>463.548981</ele>
        <time>2026-06-27T15:01:37.595Z</time>
      </trkpt>
      <trkpt lat="46.030075" lon="11.230132">
        <ele>463.602221</ele>
        <time>2026-06-27T15:01:37.991Z</time>
      </trkpt>
      <trkpt lat="46.030472" lon="11.230238">
        <ele>464.055454</ele>
        <time>2026-06-27T15:01:43.774Z</time>
      </trkpt>
      <trkpt lat="46.030924" lon="11.230181">
        <ele>463.830785</ele>
        <time>2026-06-27T15:01:49.089Z</time>
      </trkpt>
      <trkpt lat="46.032322" lon="11.229874">
        <ele>462.854093</ele>
        <time>2026-06-27T15:02:07.439Z</time>
      </trkpt>
      <trkpt lat="46.032764" lon="11.229544">
        <ele>462.032113</ele>
        <time>2026-06-27T15:02:15.313Z</time>
      </trkpt>
      <trkpt lat="46.032951" lon="11.229354">
        <ele>461.654280</ele>
        <time>2026-06-27T15:02:18.267Z</time>
      </trkpt>
      <trkpt lat="46.033489" lon="11.229202">
        <ele>460.749079</ele>
        <time>2026-06-27T15:02:24.092Z</time>
      </trkpt>
      <trkpt lat="46.033679" lon="11.229137">
        <ele>460.426650</ele>
        <time>2026-06-27T15:02:26.077Z</time>
      </trkpt>
      <trkpt lat="46.033870" lon="11.229112">
        <ele>460.040870</ele>
        <time>2026-06-27T15:02:27.931Z</time>
      </trkpt>
      <trkpt lat="46.034086" lon="11.229131">
        <ele>459.537685</ele>
        <time>2026-06-27T15:02:29.924Z</time>
      </trkpt>
      <trkpt lat="46.035331" lon="11.229556">
        <ele>456.562598</ele>
        <time>2026-06-27T15:02:42.683Z</time>
      </trkpt>
      <trkpt lat="46.035443" lon="11.229546">
        <ele>456.301673</ele>
        <time>2026-06-27T15:02:44.928Z</time>
      </trkpt>
      <trkpt lat="46.035664" lon="11.229424">
        <ele>456.669332</ele>
        <time>2026-06-27T15:02:51.199Z</time>
      </trkpt>
      <trkpt lat="46.035807" lon="11.229380">
        <ele>457.232226</ele>
        <time>2026-06-27T15:02:55.799Z</time>
      </trkpt>
      <trkpt lat="46.035951" lon="11.229419">
        <ele>457.796265</ele>
        <time>2026-06-27T15:03:00.789Z</time>
      </trkpt>
      <trkpt lat="46.035971" lon="11.229387">
        <ele>457.911331</ele>
        <time>2026-06-27T15:03:01.920Z</time>
      </trkpt>
      <trkpt lat="46.035972" lon="11.229246">
        <ele>458.288150</ele>
        <time>2026-06-27T15:03:05.464Z</time>
      </trkpt>
      <trkpt lat="46.036215" lon="11.229157">
        <ele>459.253337</ele>
        <time>2026-06-27T15:03:15.513Z</time>
      </trkpt>
      <trkpt lat="46.036623" lon="11.228867">
        <ele>461.004718</ele>
        <time>2026-06-27T15:03:32.743Z</time>
      </trkpt>
      <trkpt lat="46.037081" lon="11.228766">
        <ele>462.788322</ele>
        <time>2026-06-27T15:03:46.821Z</time>
      </trkpt>
      <trkpt lat="46.037375" lon="11.228660">
        <ele>463.180374</ele>
        <time>2026-06-27T15:03:55.508Z</time>
      </trkpt>
      <trkpt lat="46.037605" lon="11.228496">
        <ele>463.349047</ele>
        <time>2026-06-27T15:04:01.164Z</time>
      </trkpt>
      <trkpt lat="46.038466" lon="11.228163">
        <ele>463.934980</ele>
        <time>2026-06-27T15:04:12.460Z</time>
      </trkpt>
      <trkpt lat="46.039066" lon="11.228012">
        <ele>464.435931</ele>
        <time>2026-06-27T15:04:20.874Z</time>
      </trkpt>
      <trkpt lat="46.039597" lon="11.228072">
        <ele>465.052364</ele>
        <time>2026-06-27T15:04:31.112Z</time>
      </trkpt>
      <trkpt lat="46.040232" lon="11.227935">
        <ele>465.795469</ele>
        <time>2026-06-27T15:04:46.510Z</time>
      </trkpt>
      <trkpt lat="46.040418" lon="11.227802">
        <ele>466.035792</ele>
        <time>2026-06-27T15:04:51.161Z</time>
      </trkpt>
      <trkpt lat="46.040549" lon="11.227793">
        <ele>466.187575</ele>
        <time>2026-06-27T15:04:53.844Z</time>
      </trkpt>
      <trkpt lat="46.040633" lon="11.227846">
        <ele>466.282630</ele>
        <time>2026-06-27T15:04:55.628Z</time>
      </trkpt>
      <trkpt lat="46.040762" lon="11.227896">
        <ele>466.247439</ele>
        <time>2026-06-27T15:04:58.083Z</time>
      </trkpt>
      <trkpt lat="46.040858" lon="11.227920">
        <ele>466.221772</ele>
        <time>2026-06-27T15:04:59.696Z</time>
      </trkpt>
      <trkpt lat="46.041044" lon="11.228053">
        <ele>466.167071</ele>
        <time>2026-06-27T15:05:02.806Z</time>
      </trkpt>
      <trkpt lat="46.041162" lon="11.228175">
        <ele>466.128810</ele>
        <time>2026-06-27T15:05:04.737Z</time>
      </trkpt>
      <trkpt lat="46.041073" lon="11.228544">
        <ele>466.057379</ele>
        <time>2026-06-27T15:05:09.545Z</time>
      </trkpt>
      <trkpt lat="46.040983" lon="11.229085">
        <ele>465.955653</ele>
        <time>2026-06-27T15:05:15.851Z</time>
      </trkpt>
      <trkpt lat="46.041192" lon="11.229385">
        <ele>465.877932</ele>
        <time>2026-06-27T15:05:19.241Z</time>
      </trkpt>
      <trkpt lat="46.041330" lon="11.229540">
        <ele>465.831836</ele>
        <time>2026-06-27T15:05:21.379Z</time>
      </trkpt>
      <trkpt lat="46.041564" lon="11.229663">
        <ele>466.422330</ele>
        <time>2026-06-27T15:05:24.986Z</time>
      </trkpt>
      <trkpt lat="46.041731" lon="11.229817">
        <ele>467.137589</ele>
        <time>2026-06-27T15:05:28.780Z</time>
      </trkpt>
      <trkpt lat="46.041852" lon="11.229740">
        <ele>467.614755</ele>
        <time>2026-06-27T15:05:31.795Z</time>
      </trkpt>
      <trkpt lat="46.042074" lon="11.229568">
        <ele>468.524032</ele>
        <time>2026-06-27T15:05:38.488Z</time>
      </trkpt>
      <trkpt lat="46.042169" lon="11.229493">
        <ele>468.914805</ele>
        <time>2026-06-27T15:05:41.703Z</time>
      </trkpt>
      <trkpt lat="46.042419" lon="11.229316">
        <ele>469.919641</ele>
        <time>2026-06-27T15:05:50.917Z</time>
      </trkpt>
      <trkpt lat="46.042521" lon="11.229177">
        <ele>470.426113</ele>
        <time>2026-06-27T15:05:55.925Z</time>
      </trkpt>
      <trkpt lat="46.042773" lon="11.228625">
        <ele>472.080402</ele>
        <time>2026-06-27T15:06:13.733Z</time>
      </trkpt>
      <trkpt lat="46.043081" lon="11.227954">
        <ele>476.206192</ele>
        <time>2026-06-27T15:06:37.155Z</time>
      </trkpt>
      <trkpt lat="46.043938" lon="11.226605">
        <ele>486.169650</ele>
        <time>2026-06-27T15:07:37.922Z</time>
      </trkpt>
      <trkpt lat="46.044046" lon="11.226406">
        <ele>487.792949</ele>
        <time>2026-06-27T15:07:46.977Z</time>
      </trkpt>
      <trkpt lat="46.044136" lon="11.226240">
        <ele>489.191724</ele>
        <time>2026-06-27T15:07:54.622Z</time>
      </trkpt>
      <trkpt lat="46.044173" lon="11.226096">
        <ele>490.211393</ele>
        <time>2026-06-27T15:08:00.830Z</time>
      </trkpt>
      <trkpt lat="46.044240" lon="11.225931">
        <ele>491.480822</ele>
        <time>2026-06-27T15:08:08.701Z</time>
      </trkpt>
      <trkpt lat="46.044291" lon="11.225875">
        <ele>492.094308</ele>
        <time>2026-06-27T15:08:12.509Z</time>
      </trkpt>
      <trkpt lat="46.044331" lon="11.225839">
        <ele>492.545529</ele>
        <time>2026-06-27T15:08:15.315Z</time>
      </trkpt>
      <trkpt lat="46.044427" lon="11.225592">
        <ele>494.425399</ele>
        <time>2026-06-27T15:08:27.287Z</time>
      </trkpt>
      <trkpt lat="46.044668" lon="11.224857">
        <ele>499.823432</ele>
        <time>2026-06-27T15:09:02.558Z</time>
      </trkpt>
      <trkpt lat="46.045193" lon="11.223887">
        <ele>507.307802</ele>
        <time>2026-06-27T15:09:51.343Z</time>
      </trkpt>
      <trkpt lat="46.045339" lon="11.223752">
        <ele>508.707616</ele>
        <time>2026-06-27T15:10:00.627Z</time>
      </trkpt>
      <trkpt lat="46.045628" lon="11.223790">
        <ele>511.049225</ele>
        <time>2026-06-27T15:10:15.569Z</time>
      </trkpt>
      <trkpt lat="46.045833" lon="11.223872">
        <ele>512.765921</ele>
        <time>2026-06-27T15:10:25.923Z</time>
      </trkpt>
      <trkpt lat="46.046274" lon="11.223916">
        <ele>516.332836</ele>
        <time>2026-06-27T15:10:47.189Z</time>
      </trkpt>
      <trkpt lat="46.046643" lon="11.224223">
        <ele>519.917328</ele>
        <time>2026-06-27T15:11:08.564Z</time>
      </trkpt>
      <trkpt lat="46.046940" lon="11.224379">
        <ele>522.696638</ele>
        <time>2026-06-27T15:11:25.576Z</time>
      </trkpt>
      <trkpt lat="46.047114" lon="11.223813">
        <ele>526.474107</ele>
        <time>2026-06-27T15:11:50.622Z</time>
      </trkpt>
      <trkpt lat="46.047207" lon="11.223366">
        <ele>529.321692</ele>
        <time>2026-06-27T15:12:10.488Z</time>
      </trkpt>
      <trkpt lat="46.047124" lon="11.222908">
        <ele>532.210183</ele>
        <time>2026-06-27T15:12:30.022Z</time>
      </trkpt>
      <trkpt lat="46.047131" lon="11.222757">
        <ele>533.133665</ele>
        <time>2026-06-27T15:12:36.167Z</time>
      </trkpt>
      <trkpt lat="46.047213" lon="11.222610">
        <ele>534.162071</ele>
        <time>2026-06-27T15:12:43.489Z</time>
      </trkpt>
      <trkpt lat="46.047343" lon="11.222466">
        <ele>535.073158</ele>
        <time>2026-06-27T15:12:52.163Z</time>
      </trkpt>
      <trkpt lat="46.047536" lon="11.222364">
        <ele>536.215355</ele>
        <time>2026-06-27T15:13:02.521Z</time>
      </trkpt>
      <trkpt lat="46.048348" lon="11.222677">
        <ele>540.885598</ele>
        <time>2026-06-27T15:13:39.955Z</time>
      </trkpt>
      <trkpt lat="46.048976" lon="11.222648">
        <ele>543.853135</ele>
        <time>2026-06-27T15:14:00.803Z</time>
      </trkpt>
      <trkpt lat="46.049287" lon="11.222613">
        <ele>543.482518</ele>
        <time>2026-06-27T15:14:08.000Z</time>
      </trkpt>
      <trkpt lat="46.049464" lon="11.222562">
        <ele>543.268064</ele>
        <time>2026-06-27T15:14:11.934Z</time>
      </trkpt>
      <trkpt lat="46.049762" lon="11.222545">
        <ele>542.913739</ele>
        <time>2026-06-27T15:14:17.617Z</time>
      </trkpt>
      <trkpt lat="46.049788" lon="11.222543">
        <ele>542.882805</ele>
        <time>2026-06-27T15:14:18.120Z</time>
      </trkpt>
      <trkpt lat="46.049892" lon="11.222673">
        <ele>542.719228</ele>
        <time>2026-06-27T15:14:20.674Z</time>
      </trkpt>
      <trkpt lat="46.049990" lon="11.223011">
        <ele>542.417183</ele>
        <time>2026-06-27T15:14:25.311Z</time>
      </trkpt>
      <trkpt lat="46.050119" lon="11.223024">
        <ele>542.263546</ele>
        <time>2026-06-27T15:14:27.313Z</time>
      </trkpt>
      <trkpt lat="46.050455" lon="11.223009">
        <ele>541.864160</ele>
        <time>2026-06-27T15:14:31.900Z</time>
      </trkpt>
      <trkpt lat="46.050498" lon="11.223040">
        <ele>541.799518</ele>
        <time>2026-06-27T15:14:32.521Z</time>
      </trkpt>
      <trkpt lat="46.050630" lon="11.223136">
        <ele>540.675559</ele>
        <time>2026-06-27T15:14:34.396Z</time>
      </trkpt>
      <trkpt lat="46.050992" lon="11.223087">
        <ele>537.911726</ele>
        <time>2026-06-27T15:14:39.010Z</time>
      </trkpt>
      <trkpt lat="46.051037" lon="11.223121">
        <ele>537.525487</ele>
        <time>2026-06-27T15:14:39.666Z</time>
      </trkpt>
      <trkpt lat="46.051041" lon="11.223431">
        <ele>535.889792</ele>
        <time>2026-06-27T15:14:42.485Z</time>
      </trkpt>
      <trkpt lat="46.051188" lon="11.223757">
        <ele>533.838846</ele>
        <time>2026-06-27T15:14:44.947Z</time>
      </trkpt>
      <trkpt lat="46.051231" lon="11.223947">
        <ele>532.784551</ele>
        <time>2026-06-27T15:14:46.173Z</time>
      </trkpt>
      <trkpt lat="46.051256" lon="11.224003">
        <ele>532.433280</ele>
        <time>2026-06-27T15:14:46.581Z</time>
      </trkpt>
      <trkpt lat="46.051342" lon="11.224047">
        <ele>531.739570</ele>
        <time>2026-06-27T15:14:47.379Z</time>
      </trkpt>
      <trkpt lat="46.051704" lon="11.224025">
        <ele>528.985406</ele>
        <time>2026-06-27T15:14:50.495Z</time>
      </trkpt>
      <trkpt lat="46.051991" lon="11.224072">
        <ele>526.208459</ele>
        <time>2026-06-27T15:14:52.961Z</time>
      </trkpt>
      <trkpt lat="46.052054" lon="11.224138">
        <ele>525.360752</ele>
        <time>2026-06-27T15:14:53.628Z</time>
      </trkpt>
      <trkpt lat="46.052107" lon="11.224287">
        <ele>524.096147</ele>
        <time>2026-06-27T15:14:54.624Z</time>
      </trkpt>
      <trkpt lat="46.052131" lon="11.224428">
        <ele>522.999612</ele>
        <time>2026-06-27T15:14:55.490Z</time>
      </trkpt>
      <trkpt lat="46.052126" lon="11.224542">
        <ele>522.136853</ele>
        <time>2026-06-27T15:14:56.178Z</time>
      </trkpt>
      <trkpt lat="46.052109" lon="11.224914">
        <ele>519.321055</ele>
        <time>2026-06-27T15:14:58.407Z</time>
      </trkpt>
      <trkpt lat="46.052127" lon="11.225178">
        <ele>517.317465</ele>
        <time>2026-06-27T15:14:59.977Z</time>
      </trkpt>
      <trkpt lat="46.052287" lon="11.225594">
        <ele>513.725170</ele>
        <time>2026-06-27T15:15:02.775Z</time>
      </trkpt>
      <trkpt lat="46.052298" lon="11.225620">
        <ele>513.495179</ele>
        <time>2026-06-27T15:15:02.954Z</time>
      </trkpt>
      <trkpt lat="46.052352" lon="11.225748">
        <ele>512.363788</ele>
        <time>2026-06-27T15:15:03.828Z</time>
      </trkpt>
      <trkpt lat="46.052700" lon="11.226598">
        <ele>505.019741</ele>
        <time>2026-06-27T15:15:09.635Z</time>
      </trkpt>
      <trkpt lat="46.052811" lon="11.226866">
        <ele>502.733398</ele>
        <time>2026-06-27T15:15:11.464Z</time>
      </trkpt>
      <trkpt lat="46.053300" lon="11.228064">
        <ele>492.551815</ele>
        <time>2026-06-27T15:15:19.711Z</time>
      </trkpt>
      <trkpt lat="46.054775" lon="11.232028">
        <ele>468.041382</ele>
        <time>2026-06-27T15:15:47.112Z</time>
      </trkpt>
      <trkpt lat="46.054902" lon="11.232441">
        <ele>466.175576</ele>
        <time>2026-06-27T15:15:50.121Z</time>
      </trkpt>
      <trkpt lat="46.054913" lon="11.232498">
        <ele>465.931213</ele>
        <time>2026-06-27T15:15:50.525Z</time>
      </trkpt>
      <trkpt lat="46.055041" lon="11.233110">
        <ele>463.544765</ele>
        <time>2026-06-27T15:15:55.142Z</time>
      </trkpt>
      <trkpt lat="46.055377" lon="11.234495">
        <ele>463.900878</ele>
        <time>2026-06-27T15:16:10.513Z</time>
      </trkpt>
      <trkpt lat="46.055470" lon="11.234859">
        <ele>463.995025</ele>
        <time>2026-06-27T15:16:16.102Z</time>
      </trkpt>
      <trkpt lat="46.055552" lon="11.235115">
        <ele>464.063460</ele>
        <time>2026-06-27T15:16:20.307Z</time>
      </trkpt>
      <trkpt lat="46.055675" lon="11.235338">
        <ele>464.132599</ele>
        <time>2026-06-27T15:16:24.685Z</time>
      </trkpt>
      <trkpt lat="46.055825" lon="11.235540">
        <ele>464.511116</ele>
        <time>2026-06-27T15:16:29.413Z</time>
      </trkpt>
      <trkpt lat="46.056200" lon="11.235871">
        <ele>465.721841</ele>
        <time>2026-06-27T15:16:39.883Z</time>
      </trkpt>
      <trkpt lat="46.056317" lon="11.236131">
        <ele>466.313888</ele>
        <time>2026-06-27T15:16:45.124Z</time>
      </trkpt>
      <trkpt lat="46.056378" lon="11.236373">
        <ele>466.805800</ele>
        <time>2026-06-27T15:16:49.932Z</time>
      </trkpt>
      <trkpt lat="46.056374" lon="11.236390">
        <ele>466.840096</ele>
        <time>2026-06-27T15:16:50.283Z</time>
      </trkpt>
      <trkpt lat="46.056325" lon="11.236577">
        <ele>467.221993</ele>
        <time>2026-06-27T15:16:54.136Z</time>
      </trkpt>
      <trkpt lat="46.056371" lon="11.236599">
        <ele>467.355431</ele>
        <time>2026-06-27T15:16:55.493Z</time>
      </trkpt>
      <trkpt lat="46.056642" lon="11.236708">
        <ele>468.130057</ele>
        <time>2026-06-27T15:17:03.388Z</time>
      </trkpt>
      <trkpt lat="46.056866" lon="11.236848">
        <ele>468.802273</ele>
        <time>2026-06-27T15:17:10.325Z</time>
      </trkpt>
      <trkpt lat="46.056881" lon="11.236857">
        <ele>468.847007</ele>
        <time>2026-06-27T15:17:10.787Z</time>
      </trkpt>
      <trkpt lat="46.056979" lon="11.236946">
        <ele>469.170436</ele>
        <time>2026-06-27T15:17:14.123Z</time>
      </trkpt>
      <trkpt lat="46.057051" lon="11.237058">
        <ele>469.486388</ele>
        <time>2026-06-27T15:17:17.096Z</time>
      </trkpt>
      <trkpt lat="46.057048" lon="11.237123">
        <ele>469.621200</ele>
        <time>2026-06-27T15:17:18.417Z</time>
      </trkpt>
      <trkpt lat="46.056976" lon="11.237210">
        <ele>469.901413</ele>
        <time>2026-06-27T15:17:21.070Z</time>
      </trkpt>
      <trkpt lat="46.056921" lon="11.237242">
        <ele>470.078297</ele>
        <time>2026-06-27T15:17:22.772Z</time>
      </trkpt>
      <trkpt lat="46.056862" lon="11.237244">
        <ele>470.254295</ele>
        <time>2026-06-27T15:17:24.405Z</time>
      </trkpt>
      <trkpt lat="46.056587" lon="11.237270">
        <ele>471.076159</ele>
        <time>2026-06-27T15:17:32.131Z</time>
      </trkpt>
      <trkpt lat="46.056379" lon="11.237340">
        <ele>471.713144</ele>
        <time>2026-06-27T15:17:38.072Z</time>
      </trkpt>
      <trkpt lat="46.056230" lon="11.237425">
        <ele>472.191042</ele>
        <time>2026-06-27T15:17:42.740Z</time>
      </trkpt>
      <trkpt lat="46.055550" lon="11.238054">
        <ele>474.625516</ele>
        <time>2026-06-27T15:18:02.608Z</time>
      </trkpt>
      <trkpt lat="46.055512" lon="11.238090">
        <ele>474.787952</ele>
        <time>2026-06-27T15:18:03.694Z</time>
      </trkpt>
      <trkpt lat="46.055239" lon="11.238348">
        <ele>475.954067</ele>
        <time>2026-06-27T15:18:11.608Z</time>
      </trkpt>
      <trkpt lat="46.054787" lon="11.238784">
        <ele>477.896877</ele>
        <time>2026-06-27T15:18:26.080Z</time>
      </trkpt>
      <trkpt lat="46.054491" lon="11.239085">
        <ele>479.190898</ele>
        <time>2026-06-27T15:18:36.880Z</time>
      </trkpt>
      <trkpt lat="46.054330" lon="11.239360">
        <ele>480.082731</ele>
        <time>2026-06-27T15:18:44.502Z</time>
      </trkpt>
      <trkpt lat="46.054245" lon="11.239636">
        <ele>480.831215</ele>
        <time>2026-06-27T15:18:51.474Z</time>
      </trkpt>
      <trkpt lat="46.054220" lon="11.239886">
        <ele>481.828280</ele>
        <time>2026-06-27T15:18:57.931Z</time>
      </trkpt>
      <trkpt lat="46.054180" lon="11.240949">
        <ele>486.223924</ele>
        <time>2026-06-27T15:19:28.707Z</time>
      </trkpt>
      <trkpt lat="46.054178" lon="11.241022">
        <ele>486.525581</ele>
        <time>2026-06-27T15:19:30.948Z</time>
      </trkpt>
      <trkpt lat="46.054168" lon="11.241319">
        <ele>487.753356</ele>
        <time>2026-06-27T15:19:39.779Z</time>
      </trkpt>
      <trkpt lat="46.054141" lon="11.241830">
        <ele>489.869416</ele>
        <time>2026-06-27T15:19:54.204Z</time>
      </trkpt>
      <trkpt lat="46.054072" lon="11.242200">
        <ele>491.451372</ele>
        <time>2026-06-27T15:20:04.078Z</time>
      </trkpt>
      <trkpt lat="46.053987" lon="11.242499">
        <ele>492.480312</ele>
        <time>2026-06-27T15:20:12.052Z</time>
      </trkpt>
      <trkpt lat="46.052802" lon="11.244991">
        <ele>504.204752</ele>
        <time>2026-06-27T15:21:16.214Z</time>
      </trkpt>
      <trkpt lat="46.052748" lon="11.245243">
        <ele>505.921969</ele>
        <time>2026-06-27T15:21:26.022Z</time>
      </trkpt>
      <trkpt lat="46.052730" lon="11.245572">
        <ele>508.070748</ele>
        <time>2026-06-27T15:21:39.843Z</time>
      </trkpt>
      <trkpt lat="46.052874" lon="11.247375">
        <ele>518.577280</ele>
        <time>2026-06-27T15:23:02.339Z</time>
      </trkpt>
      <trkpt lat="46.052877" lon="11.247741">
        <ele>520.060201</ele>
        <time>2026-06-27T15:23:15.037Z</time>
      </trkpt>
      <trkpt lat="46.052853" lon="11.248034">
        <ele>521.255506</ele>
        <time>2026-06-27T15:23:23.644Z</time>
      </trkpt>
      <trkpt lat="46.052838" lon="11.248164">
        <ele>521.789420</ele>
        <time>2026-06-27T15:23:26.841Z</time>
      </trkpt>
      <trkpt lat="46.052671" lon="11.249305">
        <ele>526.513780</ele>
        <time>2026-06-27T15:23:45.265Z</time>
      </trkpt>
      <trkpt lat="46.052556" lon="11.249593">
        <ele>527.205242</ele>
        <time>2026-06-27T15:23:49.024Z</time>
      </trkpt>
      <trkpt lat="46.052423" lon="11.249728">
        <ele>527.494111</ele>
        <time>2026-06-27T15:23:52.032Z</time>
      </trkpt>
      <trkpt lat="46.052095" lon="11.249894">
        <ele>528.111393</ele>
        <time>2026-06-27T15:23:58.839Z</time>
      </trkpt>
      <trkpt lat="46.051942" lon="11.250015">
        <ele>528.421292</ele>
        <time>2026-06-27T15:24:02.364Z</time>
      </trkpt>
      <trkpt lat="46.051544" lon="11.250437">
        <ele>529.298703</ele>
        <time>2026-06-27T15:24:13.010Z</time>
      </trkpt>
      <trkpt lat="46.050650" lon="11.251454">
        <ele>532.383436</ele>
        <time>2026-06-27T15:24:42.344Z</time>
      </trkpt>
      <trkpt lat="46.050212" lon="11.251991">
        <ele>534.302219</ele>
        <time>2026-06-27T15:24:58.090Z</time>
      </trkpt>
      <trkpt lat="46.049905" lon="11.252469">
        <ele>535.810283</ele>
        <time>2026-06-27T15:25:11.702Z</time>
      </trkpt>
      <trkpt lat="46.049523" lon="11.253163">
        <ele>539.274009</ele>
        <time>2026-06-27T15:25:32.818Z</time>
      </trkpt>
      <trkpt lat="46.049371" lon="11.253414">
        <ele>540.668910</ele>
        <time>2026-06-27T15:25:41.534Z</time>
      </trkpt>
      <trkpt lat="46.049560" lon="11.253635">
        <ele>542.137497</ele>
        <time>2026-06-27T15:25:50.826Z</time>
      </trkpt>
      <trkpt lat="46.049607" lon="11.253777">
        <ele>542.796270</ele>
        <time>2026-06-27T15:25:55.176Z</time>
      </trkpt>
      <trkpt lat="46.049604" lon="11.254083">
        <ele>544.077752</ele>
        <time>2026-06-27T15:26:04.087Z</time>
      </trkpt>
      <trkpt lat="46.049603" lon="11.254143">
        <ele>544.329070</ele>
        <time>2026-06-27T15:26:05.906Z</time>
      </trkpt>
      <trkpt lat="46.049653" lon="11.254437">
        <ele>545.596597</ele>
        <time>2026-06-27T15:26:15.269Z</time>
      </trkpt>
      <trkpt lat="46.049715" lon="11.254675">
        <ele>546.661096</ele>
        <time>2026-06-27T15:26:23.288Z</time>
      </trkpt>
      <trkpt lat="46.049851" lon="11.255045">
        <ele>549.055330</ele>
        <time>2026-06-27T15:26:36.437Z</time>
      </trkpt>
      <trkpt lat="46.049977" lon="11.255821">
        <ele>553.869349</ele>
        <time>2026-06-27T15:27:01.807Z</time>
      </trkpt>
      <trkpt lat="46.050138" lon="11.256230">
        <ele>556.709641</ele>
        <time>2026-06-27T15:27:17.429Z</time>
      </trkpt>
      <trkpt lat="46.050310" lon="11.256550">
        <ele>559.154503</ele>
        <time>2026-06-27T15:27:32.102Z</time>
      </trkpt>
      <trkpt lat="46.050489" lon="11.256893">
        <ele>561.746770</ele>
        <time>2026-06-27T15:27:48.640Z</time>
      </trkpt>
      <trkpt lat="46.050557" lon="11.257181">
        <ele>563.863109</ele>
        <time>2026-06-27T15:28:00.713Z</time>
      </trkpt>
      <trkpt lat="46.050588" lon="11.257461">
        <ele>566.071125</ele>
        <time>2026-06-27T15:28:12.225Z</time>
      </trkpt>
      <trkpt lat="46.050530" lon="11.258802">
        <ele>576.534167</ele>
        <time>2026-06-27T15:29:09.595Z</time>
      </trkpt>
      <trkpt lat="46.050442" lon="11.259510">
        <ele>582.135310</ele>
        <time>2026-06-27T15:29:40.013Z</time>
      </trkpt>
      <trkpt lat="46.050372" lon="11.259715">
        <ele>584.128803</ele>
        <time>2026-06-27T15:29:48.814Z</time>
      </trkpt>
      <trkpt lat="46.050190" lon="11.260013">
        <ele>587.815646</ele>
        <time>2026-06-27T15:30:05.180Z</time>
      </trkpt>
      <trkpt lat="46.049906" lon="11.260383">
        <ele>592.939557</ele>
        <time>2026-06-27T15:30:30.089Z</time>
      </trkpt>
      <trkpt lat="46.049792" lon="11.260392">
        <ele>594.467454</ele>
        <time>2026-06-27T15:30:37.855Z</time>
      </trkpt>
      <trkpt lat="46.049519" lon="11.260291">
        <ele>598.239395</ele>
        <time>2026-06-27T15:30:57.146Z</time>
      </trkpt>
      <trkpt lat="46.049463" lon="11.260337">
        <ele>599.102049</ele>
        <time>2026-06-27T15:31:01.533Z</time>
      </trkpt>
      <trkpt lat="46.049395" lon="11.260524">
        <ele>601.062859</ele>
        <time>2026-06-27T15:31:11.970Z</time>
      </trkpt>
      <trkpt lat="46.049303" lon="11.260670">
        <ele>602.894442</ele>
        <time>2026-06-27T15:31:22.276Z</time>
      </trkpt>
      <trkpt lat="46.049014" lon="11.260829">
        <ele>607.053049</ele>
        <time>2026-06-27T15:31:46.183Z</time>
      </trkpt>
      <trkpt lat="46.048751" lon="11.260924">
        <ele>611.100693</ele>
        <time>2026-06-27T15:32:08.130Z</time>
      </trkpt>
      <trkpt lat="46.048316" lon="11.260993">
        <ele>617.633738</ele>
        <time>2026-06-27T15:32:46.972Z</time>
      </trkpt>
      <trkpt lat="46.048195" lon="11.261123">
        <ele>619.886966</ele>
        <time>2026-06-27T15:32:59.117Z</time>
      </trkpt>
      <trkpt lat="46.048174" lon="11.261146">
        <ele>620.280752</ele>
        <time>2026-06-27T15:33:01.212Z</time>
      </trkpt>
      <trkpt lat="46.048031" lon="11.261332">
        <ele>623.156700</ele>
        <time>2026-06-27T15:33:15.666Z</time>
      </trkpt>
      <trkpt lat="46.047932" lon="11.261511">
        <ele>625.528167</ele>
        <time>2026-06-27T15:33:27.210Z</time>
      </trkpt>
      <trkpt lat="46.047733" lon="11.261745">
        <ele>629.362673</ele>
        <time>2026-06-27T15:33:45.328Z</time>
      </trkpt>
      <trkpt lat="46.047641" lon="11.261811">
        <ele>630.896905</ele>
        <time>2026-06-27T15:33:52.190Z</time>
      </trkpt>
      <trkpt lat="46.046576" lon="11.262285">
        <ele>639.703152</ele>
        <time>2026-06-27T15:35:01.167Z</time>
      </trkpt>
      <trkpt lat="46.046460" lon="11.262291">
        <ele>640.453285</ele>
        <time>2026-06-27T15:35:03.715Z</time>
      </trkpt>
      <trkpt lat="46.046408" lon="11.262278">
        <ele>640.794357</ele>
        <time>2026-06-27T15:35:04.767Z</time>
      </trkpt>
      <trkpt lat="46.046318" lon="11.262212">
        <ele>641.446988</ele>
        <time>2026-06-27T15:35:06.324Z</time>
      </trkpt>
      <trkpt lat="46.046250" lon="11.262115">
        <ele>642.065390</ele>
        <time>2026-06-27T15:35:07.931Z</time>
      </trkpt>
      <trkpt lat="46.046223" lon="11.262004">
        <ele>642.592968</ele>
        <time>2026-06-27T15:35:08.940Z</time>
      </trkpt>
      <trkpt lat="46.046271" lon="11.261817">
        <ele>643.487273</ele>
        <time>2026-06-27T15:35:10.971Z</time>
      </trkpt>
      <trkpt lat="46.046250" lon="11.261480">
        <ele>645.004959</ele>
        <time>2026-06-27T15:35:15.036Z</time>
      </trkpt>
      <trkpt lat="46.046169" lon="11.260948">
        <ele>647.084686</ele>
        <time>2026-06-27T15:35:21.831Z</time>
      </trkpt>
      <trkpt lat="46.046132" lon="11.260803">
        <ele>647.657825</ele>
        <time>2026-06-27T15:35:23.742Z</time>
      </trkpt>
      <trkpt lat="46.046085" lon="11.260718">
        <ele>648.061002</ele>
        <time>2026-06-27T15:35:24.714Z</time>
      </trkpt>
      <trkpt lat="46.045991" lon="11.260679">
        <ele>648.583857</ele>
        <time>2026-06-27T15:35:25.811Z</time>
      </trkpt>
      <trkpt lat="46.045288" lon="11.260673">
        <ele>652.341516</ele>
        <time>2026-06-27T15:35:46.258Z</time>
      </trkpt>
      <trkpt lat="46.045020" lon="11.260633">
        <ele>653.781664</ele>
        <time>2026-06-27T15:36:02.919Z</time>
      </trkpt>
      <trkpt lat="46.044717" lon="11.260707">
        <ele>655.902800</ele>
        <time>2026-06-27T15:36:25.513Z</time>
      </trkpt>
      <trkpt lat="46.044486" lon="11.260658">
        <ele>658.439153</ele>
        <time>2026-06-27T15:36:43.053Z</time>
      </trkpt>
      <trkpt lat="46.043981" lon="11.260766">
        <ele>663.984963</ele>
        <time>2026-06-27T15:37:19.576Z</time>
      </trkpt>
      <trkpt lat="46.043405" lon="11.260780">
        <ele>670.242810</ele>
        <time>2026-06-27T15:37:52.982Z</time>
      </trkpt>
      <trkpt lat="46.042706" lon="11.260855">
        <ele>676.941721</ele>
        <time>2026-06-27T15:38:21.891Z</time>
      </trkpt>
      <trkpt lat="46.042125" lon="11.260771">
        <ele>681.555884</ele>
        <time>2026-06-27T15:38:43.968Z</time>
      </trkpt>
      <trkpt lat="46.041597" lon="11.260773">
        <ele>685.728190</ele>
        <time>2026-06-27T15:39:09.689Z</time>
      </trkpt>
      <trkpt lat="46.041404" lon="11.260934">
        <ele>687.490518</ele>
        <time>2026-06-27T15:39:21.873Z</time>
      </trkpt>
      <trkpt lat="46.041269" lon="11.261298">
        <ele>689.760956</ele>
        <time>2026-06-27T15:39:38.087Z</time>
      </trkpt>
      <trkpt lat="46.041175" lon="11.261393">
        <ele>690.674160</ele>
        <time>2026-06-27T15:39:44.760Z</time>
      </trkpt>
      <trkpt lat="46.040735" lon="11.261658">
        <ele>694.467012</ele>
        <time>2026-06-27T15:40:11.484Z</time>
      </trkpt>
      <trkpt lat="46.040213" lon="11.262092">
        <ele>699.260301</ele>
        <time>2026-06-27T15:40:42.914Z</time>
      </trkpt>
      <trkpt lat="46.039998" lon="11.262291">
        <ele>701.292726</ele>
        <time>2026-06-27T15:40:53.441Z</time>
      </trkpt>
      <trkpt lat="46.039109" lon="11.262852">
        <ele>705.678363</ele>
        <time>2026-06-27T15:41:15.709Z</time>
      </trkpt>
      <trkpt lat="46.038785" lon="11.262959">
        <ele>706.852073</ele>
        <time>2026-06-27T15:41:22.923Z</time>
      </trkpt>
      <trkpt lat="46.038560" lon="11.262842">
        <ele>707.696716</ele>
        <time>2026-06-27T15:41:29.017Z</time>
      </trkpt>
      <trkpt lat="46.038309" lon="11.262893">
        <ele>708.591761</ele>
        <time>2026-06-27T15:41:36.967Z</time>
      </trkpt>
      <trkpt lat="46.038147" lon="11.263094">
        <ele>709.346700</ele>
        <time>2026-06-27T15:41:44.916Z</time>
      </trkpt>
      <trkpt lat="46.037970" lon="11.263131">
        <ele>710.844319</ele>
        <time>2026-06-27T15:41:51.992Z</time>
      </trkpt>
      <trkpt lat="46.037844" lon="11.263197">
        <ele>711.989379</ele>
        <time>2026-06-27T15:41:57.732Z</time>
      </trkpt>
      <trkpt lat="46.037794" lon="11.263313">
        <ele>712.798913</ele>
        <time>2026-06-27T15:42:02.168Z</time>
      </trkpt>
      <trkpt lat="46.037792" lon="11.263482">
        <ele>713.801026</ele>
        <time>2026-06-27T15:42:07.367Z</time>
      </trkpt>
      <trkpt lat="46.037752" lon="11.263659">
        <ele>714.904632</ele>
        <time>2026-06-27T15:42:12.997Z</time>
      </trkpt>
      <trkpt lat="46.037594" lon="11.263987">
        <ele>717.271618</ele>
        <time>2026-06-27T15:42:27.350Z</time>
      </trkpt>
      <trkpt lat="46.037561" lon="11.264109">
        <ele>718.047905</ele>
        <time>2026-06-27T15:42:33.430Z</time>
      </trkpt>
      <trkpt lat="46.037522" lon="11.264466">
        <ele>720.190545</ele>
        <time>2026-06-27T15:42:48.342Z</time>
      </trkpt>
      <trkpt lat="46.037484" lon="11.264599">
        <ele>721.043257</ele>
        <time>2026-06-27T15:42:54.294Z</time>
      </trkpt>
      <trkpt lat="46.037417" lon="11.264756">
        <ele>722.135906</ele>
        <time>2026-06-27T15:43:01.884Z</time>
      </trkpt>
      <trkpt lat="46.037243" lon="11.264968">
        <ele>724.082253</ele>
        <time>2026-06-27T15:43:13.835Z</time>
      </trkpt>
      <trkpt lat="46.037182" lon="11.265129">
        <ele>725.352378</ele>
        <time>2026-06-27T15:43:20.127Z</time>
      </trkpt>
      <trkpt lat="46.037194" lon="11.265183">
        <ele>725.827999</ele>
        <time>2026-06-27T15:43:22.261Z</time>
      </trkpt>
      <trkpt lat="46.037239" lon="11.265227">
        <ele>726.485202</ele>
        <time>2026-06-27T15:43:25.185Z</time>
      </trkpt>
      <trkpt lat="46.037292" lon="11.265240">
        <ele>727.134862</ele>
        <time>2026-06-27T15:43:27.207Z</time>
      </trkpt>
      <trkpt lat="46.037346" lon="11.265202">
        <ele>727.861083</ele>
        <time>2026-06-27T15:43:30.307Z</time>
      </trkpt>
      <trkpt lat="46.037596" lon="11.264707">
        <ele>732.996013</ele>
        <time>2026-06-27T15:43:49.819Z</time>
      </trkpt>
      <trkpt lat="46.037749" lon="11.264294">
        <ele>736.922878</ele>
        <time>2026-06-27T15:44:08.631Z</time>
      </trkpt>
      <trkpt lat="46.037840" lon="11.264153">
        <ele>738.537840</ele>
        <time>2026-06-27T15:44:18.127Z</time>
      </trkpt>
      <trkpt lat="46.037934" lon="11.264061">
        <ele>739.911078</ele>
        <time>2026-06-27T15:44:27.333Z</time>
      </trkpt>
      <trkpt lat="46.038286" lon="11.263827">
        <ele>744.595638</ele>
        <time>2026-06-27T15:44:56.002Z</time>
      </trkpt>
      <trkpt lat="46.038437" lon="11.263799">
        <ele>746.435347</ele>
        <time>2026-06-27T15:45:08.517Z</time>
      </trkpt>
      <trkpt lat="46.038668" lon="11.263866">
        <ele>749.335877</ele>
        <time>2026-06-27T15:45:28.974Z</time>
      </trkpt>
      <trkpt lat="46.039307" lon="11.263903">
        <ele>757.209386</ele>
        <time>2026-06-27T15:46:21.549Z</time>
      </trkpt>
      <trkpt lat="46.039754" lon="11.263852">
        <ele>762.729935</ele>
        <time>2026-06-27T15:46:50.241Z</time>
      </trkpt>
      <trkpt lat="46.040635" lon="11.263520">
        <ele>774.023979</ele>
        <time>2026-06-27T15:47:22.893Z</time>
      </trkpt>
      <trkpt lat="46.040905" lon="11.263331">
        <ele>777.776940</ele>
        <time>2026-06-27T15:47:35.967Z</time>
      </trkpt>
      <trkpt lat="46.041093" lon="11.263143">
        <ele>780.638093</ele>
        <time>2026-06-27T15:47:49.565Z</time>
      </trkpt>
      <trkpt lat="46.041242" lon="11.263081">
        <ele>782.577055</ele>
        <time>2026-06-27T15:48:00.430Z</time>
      </trkpt>
      <trkpt lat="46.041481" lon="11.263097">
        <ele>785.568284</ele>
        <time>2026-06-27T15:48:19.691Z</time>
      </trkpt>
      <trkpt lat="46.041749" lon="11.263277">
        <ele>789.265086</ele>
        <time>2026-06-27T15:48:47.019Z</time>
      </trkpt>
      <trkpt lat="46.042006" lon="11.263637">
        <ele>794.659378</ele>
        <time>2026-06-27T15:49:23.075Z</time>
      </trkpt>
      <trkpt lat="46.042494" lon="11.264049">
        <ele>804.165190</ele>
        <time>2026-06-27T15:50:22.304Z</time>
      </trkpt>
      <trkpt lat="46.043412" lon="11.264556">
        <ele>820.687822</ele>
        <time>2026-06-27T15:51:39.107Z</time>
      </trkpt>
      <trkpt lat="46.043841" lon="11.264933">
        <ele>825.737762</ele>
        <time>2026-06-27T15:52:02.579Z</time>
      </trkpt>
      <trkpt lat="46.044133" lon="11.265311">
        <ele>829.467093</ele>
        <time>2026-06-27T15:52:17.607Z</time>
      </trkpt>
      <trkpt lat="46.044591" lon="11.265732">
        <ele>834.628285</ele>
        <time>2026-06-27T15:52:42.749Z</time>
      </trkpt>
      <trkpt lat="46.044692" lon="11.265955">
        <ele>836.384097</ele>
        <time>2026-06-27T15:52:52.148Z</time>
      </trkpt>
      <trkpt lat="46.044704" lon="11.266255">
        <ele>838.365563</ele>
        <time>2026-06-27T15:53:03.507Z</time>
      </trkpt>
      <trkpt lat="46.044423" lon="11.267645">
        <ele>853.568874</ele>
        <time>2026-06-27T15:54:19.598Z</time>
      </trkpt>
      <trkpt lat="46.044142" lon="11.269419">
        <ele>869.735987</ele>
        <time>2026-06-27T15:56:08.593Z</time>
      </trkpt>
      <trkpt lat="46.044146" lon="11.270307">
        <ele>875.131028</ele>
        <time>2026-06-27T15:56:38.711Z</time>
      </trkpt>
      <trkpt lat="46.044187" lon="11.271223">
        <ele>880.707622</ele>
        <time>2026-06-27T15:56:55.395Z</time>
      </trkpt>
      <trkpt lat="46.044172" lon="11.271449">
        <ele>881.811265</ele>
        <time>2026-06-27T15:56:58.439Z</time>
      </trkpt>
      <trkpt lat="46.044073" lon="11.271723">
        <ele>882.920285</ele>
        <time>2026-06-27T15:57:03.059Z</time>
      </trkpt>
      <trkpt lat="46.043992" lon="11.272188">
        <ele>884.641511</ele>
        <time>2026-06-27T15:57:12.101Z</time>
      </trkpt>
      <trkpt lat="46.043835" lon="11.272616">
        <ele>886.379519</ele>
        <time>2026-06-27T15:57:25.717Z</time>
      </trkpt>
      <trkpt lat="46.043753" lon="11.272757">
        <ele>887.039942</ele>
        <time>2026-06-27T15:57:32.200Z</time>
      </trkpt>
      <trkpt lat="46.043573" lon="11.273341">
        <ele>889.334069</ele>
        <time>2026-06-27T15:57:58.025Z</time>
      </trkpt>
      <trkpt lat="46.043325" lon="11.274578">
        <ele>888.514965</ele>
        <time>2026-06-27T15:58:20.931Z</time>
      </trkpt>
      <trkpt lat="46.043331" lon="11.274694">
        <ele>888.231231</ele>
        <time>2026-06-27T15:58:21.787Z</time>
      </trkpt>
      <trkpt lat="46.043406" lon="11.274797">
        <ele>887.867108</ele>
        <time>2026-06-27T15:58:22.808Z</time>
      </trkpt>
      <trkpt lat="46.043479" lon="11.274775">
        <ele>887.605022</ele>
        <time>2026-06-27T15:58:23.515Z</time>
      </trkpt>
      <trkpt lat="46.043548" lon="11.274575">
        <ele>887.060243</ele>
        <time>2026-06-27T15:58:24.928Z</time>
      </trkpt>
      <trkpt lat="46.043712" lon="11.274340">
        <ele>886.247396</ele>
        <time>2026-06-27T15:58:26.969Z</time>
      </trkpt>
      <trkpt lat="46.043866" lon="11.274193">
        <ele>885.598211</ele>
        <time>2026-06-27T15:58:28.559Z</time>
      </trkpt>
      <trkpt lat="46.044226" lon="11.274107">
        <ele>884.406201</ele>
        <time>2026-06-27T15:58:31.627Z</time>
      </trkpt>
      <trkpt lat="46.044294" lon="11.274005">
        <ele>884.451375</ele>
        <time>2026-06-27T15:58:32.447Z</time>
      </trkpt>
      <trkpt lat="46.044418" lon="11.273720">
        <ele>884.558814</ele>
        <time>2026-06-27T15:58:34.447Z</time>
      </trkpt>
      <trkpt lat="46.045326" lon="11.273087">
        <ele>885.023006</ele>
        <time>2026-06-27T15:58:55.680Z</time>
      </trkpt>
      <trkpt lat="46.045541" lon="11.273064">
        <ele>885.122218</ele>
        <time>2026-06-27T15:59:06.127Z</time>
      </trkpt>
      <trkpt lat="46.046075" lon="11.272798">
        <ele>888.344933</ele>
        <time>2026-06-27T15:59:34.048Z</time>
      </trkpt>
      <trkpt lat="46.046268" lon="11.272664">
        <ele>890.283069</ele>
        <time>2026-06-27T15:59:46.056Z</time>
      </trkpt>
      <trkpt lat="46.046724" lon="11.272387">
        <ele>894.759951</ele>
        <time>2026-06-27T16:00:16.241Z</time>
      </trkpt>
      <trkpt lat="46.046986" lon="11.272310">
        <ele>897.178948</ele>
        <time>2026-06-27T16:00:31.059Z</time>
      </trkpt>
      <trkpt lat="46.047055" lon="11.272261">
        <ele>897.874862</ele>
        <time>2026-06-27T16:00:34.608Z</time>
      </trkpt>
      <trkpt lat="46.047121" lon="11.272265">
        <ele>898.472461</ele>
        <time>2026-06-27T16:00:37.736Z</time>
      </trkpt>
      <trkpt lat="46.047151" lon="11.272360">
        <ele>899.127794</ele>
        <time>2026-06-27T16:00:40.741Z</time>
      </trkpt>
      <trkpt lat="46.047142" lon="11.272462">
        <ele>899.773395</ele>
        <time>2026-06-27T16:00:43.707Z</time>
      </trkpt>
      <trkpt lat="46.046858" lon="11.272540">
        <ele>902.204690</ele>
        <time>2026-06-27T16:00:54.946Z</time>
      </trkpt>
      <trkpt lat="46.046514" lon="11.272752">
        <ele>904.892078</ele>
        <time>2026-06-27T16:01:13.872Z</time>
      </trkpt>
      <trkpt lat="46.046062" lon="11.273286">
        <ele>909.090572</ele>
        <time>2026-06-27T16:01:40.254Z</time>
      </trkpt>
      <trkpt lat="46.045764" lon="11.273569">
        <ele>911.654163</ele>
        <time>2026-06-27T16:01:53.930Z</time>
      </trkpt>
      <trkpt lat="46.045502" lon="11.273775">
        <ele>913.798017</ele>
        <time>2026-06-27T16:02:05.281Z</time>
      </trkpt>
      <trkpt lat="46.045351" lon="11.273806">
        <ele>915.044022</ele>
        <time>2026-06-27T16:02:11.568Z</time>
      </trkpt>
      <trkpt lat="46.045247" lon="11.273871">
        <ele>916.113754</ele>
        <time>2026-06-27T16:02:16.050Z</time>
      </trkpt>
      <trkpt lat="46.044573" lon="11.275027">
        <ele>926.001920</ele>
        <time>2026-06-27T16:03:05.812Z</time>
      </trkpt>
      <trkpt lat="46.044011" lon="11.275734">
        <ele>933.559963</ele>
        <time>2026-06-27T16:03:56.593Z</time>
      </trkpt>
      <trkpt lat="46.043878" lon="11.275829">
        <ele>935.398719</ele>
        <time>2026-06-27T16:04:06.792Z</time>
      </trkpt>
      <trkpt lat="46.043520" lon="11.276651">
        <ele>943.741897</ele>
        <time>2026-06-27T16:04:50.496Z</time>
      </trkpt>
      <trkpt lat="46.043389" lon="11.277192">
        <ele>948.668100</ele>
        <time>2026-06-27T16:05:15.478Z</time>
      </trkpt>
      <trkpt lat="46.043375" lon="11.277918">
        <ele>955.149061</ele>
        <time>2026-06-27T16:05:47.221Z</time>
      </trkpt>
      <trkpt lat="46.043324" lon="11.278132">
        <ele>957.463573</ele>
        <time>2026-06-27T16:05:57.407Z</time>
      </trkpt>
      <trkpt lat="46.043184" lon="11.278363">
        <ele>960.600537</ele>
        <time>2026-06-27T16:06:11.517Z</time>
      </trkpt>
      <trkpt lat="46.042937" lon="11.278968">
        <ele>967.780465</ele>
        <time>2026-06-27T16:06:45.346Z</time>
      </trkpt>
      <trkpt lat="46.042807" lon="11.279229">
        <ele>971.066606</ele>
        <time>2026-06-27T16:07:02.253Z</time>
      </trkpt>
      <trkpt lat="46.042436" lon="11.280344">
        <ele>983.568996</ele>
        <time>2026-06-27T16:08:14.569Z</time>
      </trkpt>
      <trkpt lat="46.042435" lon="11.280576">
        <ele>985.844335</ele>
        <time>2026-06-27T16:08:29.309Z</time>
      </trkpt>
      <trkpt lat="46.042513" lon="11.281458">
        <ele>994.564294</ele>
        <time>2026-06-27T16:09:27.105Z</time>
      </trkpt>
      <trkpt lat="46.042492" lon="11.281866">
        <ele>998.576656</ele>
        <time>2026-06-27T16:09:49.271Z</time>
      </trkpt>
      <trkpt lat="46.042424" lon="11.282491">
        <ele>1004.781061</ele>
        <time>2026-06-27T16:10:12.225Z</time>
      </trkpt>
      <trkpt lat="46.042351" lon="11.282638">
        <ele>1005.628664</ele>
        <time>2026-06-27T16:10:16.317Z</time>
      </trkpt>
      <trkpt lat="46.042356" lon="11.282780">
        <ele>1005.691036</ele>
        <time>2026-06-27T16:10:18.758Z</time>
      </trkpt>
      <trkpt lat="46.042431" lon="11.282845">
        <ele>1005.746351</ele>
        <time>2026-06-27T16:10:20.606Z</time>
      </trkpt>
      <trkpt lat="46.042486" lon="11.282755">
        <ele>1005.798952</ele>
        <time>2026-06-27T16:10:21.606Z</time>
      </trkpt>
      <trkpt lat="46.042525" lon="11.282321">
        <ele>1005.990926</ele>
        <time>2026-06-27T16:10:24.876Z</time>
      </trkpt>
      <trkpt lat="46.042581" lon="11.282059">
        <ele>1006.111185</ele>
        <time>2026-06-27T16:10:26.901Z</time>
      </trkpt>
      <trkpt lat="46.042739" lon="11.281640">
        <ele>1006.320361</ele>
        <time>2026-06-27T16:10:30.634Z</time>
      </trkpt>
      <trkpt lat="46.042802" lon="11.281269">
        <ele>1006.487909</ele>
        <time>2026-06-27T16:10:33.478Z</time>
      </trkpt>
      <trkpt lat="46.042861" lon="11.281009">
        <ele>1006.607904</ele>
        <time>2026-06-27T16:10:35.666Z</time>
      </trkpt>
      <trkpt lat="46.042942" lon="11.280821">
        <ele>1006.704970</ele>
        <time>2026-06-27T16:10:38.227Z</time>
      </trkpt>
      <trkpt lat="46.043087" lon="11.280629">
        <ele>1007.780967</ele>
        <time>2026-06-27T16:10:42.429Z</time>
      </trkpt>
      <trkpt lat="46.043362" lon="11.280472">
        <ele>1009.624640</ele>
        <time>2026-06-27T16:10:49.791Z</time>
      </trkpt>
      <trkpt lat="46.043558" lon="11.280282">
        <ele>1011.097049</ele>
        <time>2026-06-27T16:10:57.369Z</time>
      </trkpt>
      <trkpt lat="46.043718" lon="11.279973">
        <ele>1012.764832</ele>
        <time>2026-06-27T16:11:12.576Z</time>
      </trkpt>
      <trkpt lat="46.043848" lon="11.279410">
        <ele>1015.331711</ele>
        <time>2026-06-27T16:11:36.415Z</time>
      </trkpt>
      <trkpt lat="46.043900" lon="11.279289">
        <ele>1015.947390</ele>
        <time>2026-06-27T16:11:41.068Z</time>
      </trkpt>
      <trkpt lat="46.044132" lon="11.279050">
        <ele>1017.725015</ele>
        <time>2026-06-27T16:11:53.412Z</time>
      </trkpt>
      <trkpt lat="46.044278" lon="11.278839">
        <ele>1019.333888</ele>
        <time>2026-06-27T16:12:01.953Z</time>
      </trkpt>
      <trkpt lat="46.044420" lon="11.278617">
        <ele>1021.026319</ele>
        <time>2026-06-27T16:12:10.278Z</time>
      </trkpt>
      <trkpt lat="46.044945" lon="11.278056">
        <ele>1026.305660</ele>
        <time>2026-06-27T16:12:43.893Z</time>
      </trkpt>
      <trkpt lat="46.045098" lon="11.277928">
        <ele>1027.734643</ele>
        <time>2026-06-27T16:12:54.470Z</time>
      </trkpt>
      <trkpt lat="46.045379" lon="11.277525">
        <ele>1030.937005</ele>
        <time>2026-06-27T16:13:12.294Z</time>
      </trkpt>
      <trkpt lat="46.045965" lon="11.276824">
        <ele>1037.818126</ele>
        <time>2026-06-27T16:13:43.335Z</time>
      </trkpt>
      <trkpt lat="46.046113" lon="11.276701">
        <ele>1039.415533</ele>
        <time>2026-06-27T16:13:49.897Z</time>
      </trkpt>
      <trkpt lat="46.046416" lon="11.276704">
        <ele>1042.248449</ele>
        <time>2026-06-27T16:14:04.091Z</time>
      </trkpt>
      <trkpt lat="46.046518" lon="11.276651">
        <ele>1043.262204</ele>
        <time>2026-06-27T16:14:09.983Z</time>
      </trkpt>
      <trkpt lat="46.046686" lon="11.276522">
        <ele>1045.042034</ele>
        <time>2026-06-27T16:14:21.250Z</time>
      </trkpt>
      <trkpt lat="46.046963" lon="11.276214">
        <ele>1048.313342</ele>
        <time>2026-06-27T16:14:43.700Z</time>
      </trkpt>
      <trkpt lat="46.047111" lon="11.276112">
        <ele>1050.053335</ele>
        <time>2026-06-27T16:14:55.423Z</time>
      </trkpt>
      <trkpt lat="46.047298" lon="11.276012">
        <ele>1052.591092</ele>
        <time>2026-06-27T16:15:09.860Z</time>
      </trkpt>
      <trkpt lat="46.047451" lon="11.276000">
        <ele>1054.540566</ele>
        <time>2026-06-27T16:15:21.219Z</time>
      </trkpt>
      <trkpt lat="46.047531" lon="11.276027">
        <ele>1055.585943</ele>
        <time>2026-06-27T16:15:27.565Z</time>
      </trkpt>
      <trkpt lat="46.047794" lon="11.276199">
        <ele>1059.260618</ele>
        <time>2026-06-27T16:15:49.900Z</time>
      </trkpt>
      <trkpt lat="46.047915" lon="11.276227">
        <ele>1060.819808</ele>
        <time>2026-06-27T16:15:59.136Z</time>
      </trkpt>
      <trkpt lat="46.048096" lon="11.276243">
        <ele>1063.126969</ele>
        <time>2026-06-27T16:16:13.437Z</time>
      </trkpt>
      <trkpt lat="46.048492" lon="11.276150">
        <ele>1068.231695</ele>
        <time>2026-06-27T16:16:39.465Z</time>
      </trkpt>
      <trkpt lat="46.048709" lon="11.276061">
        <ele>1071.102223</ele>
        <time>2026-06-27T16:16:51.263Z</time>
      </trkpt>
      <trkpt lat="46.049130" lon="11.275782">
        <ele>1075.150522</ele>
        <time>2026-06-27T16:17:11.318Z</time>
      </trkpt>
      <trkpt lat="46.049385" lon="11.275647">
        <ele>1077.287125</ele>
        <time>2026-06-27T16:17:24.454Z</time>
      </trkpt>
      <trkpt lat="46.049869" lon="11.275436">
        <ele>1081.264082</ele>
        <time>2026-06-27T16:17:53.105Z</time>
      </trkpt>
      <trkpt lat="46.049968" lon="11.275416">
        <ele>1082.050308</ele>
        <time>2026-06-27T16:17:56.861Z</time>
      </trkpt>
      <trkpt lat="46.050160" lon="11.275452">
        <ele>1083.573070</ele>
        <time>2026-06-27T16:18:03.849Z</time>
      </trkpt>
      <trkpt lat="46.050261" lon="11.275508">
        <ele>1084.424191</ele>
        <time>2026-06-27T16:18:07.565Z</time>
      </trkpt>
      <trkpt lat="46.050483" lon="11.275754">
        <ele>1086.537306</ele>
        <time>2026-06-27T16:18:17.167Z</time>
      </trkpt>
      <trkpt lat="46.050515" lon="11.275874">
        <ele>1087.043512</ele>
        <time>2026-06-27T16:18:20.299Z</time>
      </trkpt>
      <trkpt lat="46.050465" lon="11.275912">
        <ele>1087.364244</ele>
        <time>2026-06-27T16:18:22.300Z</time>
      </trkpt>
      <trkpt lat="46.050229" lon="11.275662">
        <ele>1089.026183</ele>
        <time>2026-06-27T16:18:33.273Z</time>
      </trkpt>
      <trkpt lat="46.050066" lon="11.275553">
        <ele>1090.045751</ele>
        <time>2026-06-27T16:18:40.566Z</time>
      </trkpt>
      <trkpt lat="46.049986" lon="11.275573">
        <ele>1090.506433</ele>
        <time>2026-06-27T16:18:44.151Z</time>
      </trkpt>
      <trkpt lat="46.049627" lon="11.275817">
        <ele>1092.758550</ele>
        <time>2026-06-27T16:18:58.602Z</time>
      </trkpt>
      <trkpt lat="46.049387" lon="11.276014">
        <ele>1094.325716</ele>
        <time>2026-06-27T16:19:03.997Z</time>
      </trkpt>
      <trkpt lat="46.048624" lon="11.276770">
        <ele>1100.996464</ele>
        <time>2026-06-27T16:19:45.904Z</time>
      </trkpt>
      <trkpt lat="46.048437" lon="11.277057">
        <ele>1103.262285</ele>
        <time>2026-06-27T16:20:01.126Z</time>
      </trkpt>
      <trkpt lat="46.047968" lon="11.277387">
        <ele>1107.590809</ele>
        <time>2026-06-27T16:20:28.227Z</time>
      </trkpt>
      <trkpt lat="46.047639" lon="11.277686">
        <ele>1110.816706</ele>
        <time>2026-06-27T16:20:46.021Z</time>
      </trkpt>
      <trkpt lat="46.047346" lon="11.277982">
        <ele>1113.874493</ele>
        <time>2026-06-27T16:21:02.938Z</time>
      </trkpt>
      <trkpt lat="46.047114" lon="11.278355">
        <ele>1116.867619</ele>
        <time>2026-06-27T16:21:21.002Z</time>
      </trkpt>
      <trkpt lat="46.046951" lon="11.278445">
        <ele>1118.370595</ele>
        <time>2026-06-27T16:21:30.731Z</time>
      </trkpt>
      <trkpt lat="46.046831" lon="11.278627">
        <ele>1119.870755</ele>
        <time>2026-06-27T16:21:39.953Z</time>
      </trkpt>
      <trkpt lat="46.046260" lon="11.279728">
        <ele>1128.134068</ele>
        <time>2026-06-27T16:22:22.979Z</time>
      </trkpt>
      <trkpt lat="46.046216" lon="11.279803">
        <ele>1128.745885</ele>
        <time>2026-06-27T16:22:26.949Z</time>
      </trkpt>
      <trkpt lat="46.046066" lon="11.280073">
        <ele>1130.900524</ele>
        <time>2026-06-27T16:22:41.002Z</time>
      </trkpt>
      <trkpt lat="46.045937" lon="11.280402">
        <ele>1133.254708</ele>
        <time>2026-06-27T16:22:56.632Z</time>
      </trkpt>
      <trkpt lat="46.045638" lon="11.281332">
        <ele>1139.640212</ele>
        <time>2026-06-27T16:23:31.209Z</time>
      </trkpt>
      <trkpt lat="46.045573" lon="11.281564">
        <ele>1141.198939</ele>
        <time>2026-06-27T16:23:38.578Z</time>
      </trkpt>
      <trkpt lat="46.045588" lon="11.281972">
        <ele>1143.738264</ele>
        <time>2026-06-27T16:23:53.219Z</time>
      </trkpt>
      <trkpt lat="46.045530" lon="11.282213">
        <ele>1145.313147</ele>
        <time>2026-06-27T16:24:02.967Z</time>
      </trkpt>
      <trkpt lat="46.045451" lon="11.282321">
        <ele>1146.281896</ele>
        <time>2026-06-27T16:24:09.193Z</time>
      </trkpt>
      <trkpt lat="46.045231" lon="11.282445">
        <ele>1148.383310</ele>
        <time>2026-06-27T16:24:21.805Z</time>
      </trkpt>
      <trkpt lat="46.045131" lon="11.282601">
        <ele>1149.694413</ele>
        <time>2026-06-27T16:24:28.635Z</time>
      </trkpt>
      <trkpt lat="46.045065" lon="11.282851">
        <ele>1151.345850</ele>
        <time>2026-06-27T16:24:36.618Z</time>
      </trkpt>
      <trkpt lat="46.045108" lon="11.283634">
        <ele>1156.195374</ele>
        <time>2026-06-27T16:25:02.281Z</time>
      </trkpt>
      <trkpt lat="46.045085" lon="11.283887">
        <ele>1157.770794</ele>
        <time>2026-06-27T16:25:11.256Z</time>
      </trkpt>
      <trkpt lat="46.045051" lon="11.284028">
        <ele>1158.692399</ele>
        <time>2026-06-27T16:25:16.656Z</time>
      </trkpt>
      <trkpt lat="46.044955" lon="11.284435">
        <ele>1162.090141</ele>
        <time>2026-06-27T16:25:35.097Z</time>
      </trkpt>
      <trkpt lat="46.044966" lon="11.284739">
        <ele>1164.580510</ele>
        <time>2026-06-27T16:25:48.631Z</time>
      </trkpt>
      <trkpt lat="46.044950" lon="11.284805">
        <ele>1165.152435</ele>
        <time>2026-06-27T16:25:51.273Z</time>
      </trkpt>
      <trkpt lat="46.044447" lon="11.285056">
        <ele>1171.426554</ele>
        <time>2026-06-27T16:26:19.118Z</time>
      </trkpt>
      <trkpt lat="46.044295" lon="11.285175">
        <ele>1173.465521</ele>
        <time>2026-06-27T16:26:29.503Z</time>
      </trkpt>
      <trkpt lat="46.044168" lon="11.285353">
        <ele>1175.553874</ele>
        <time>2026-06-27T16:26:40.968Z</time>
      </trkpt>
      <trkpt lat="46.044078" lon="11.286029">
        <ele>1181.211927</ele>
        <time>2026-06-27T16:27:16.390Z</time>
      </trkpt>
      <trkpt lat="46.044013" lon="11.286247">
        <ele>1183.209225</ele>
        <time>2026-06-27T16:27:30.586Z</time>
      </trkpt>
      <trkpt lat="46.044002" lon="11.286375">
        <ele>1184.294969</ele>
        <time>2026-06-27T16:27:38.559Z</time>
      </trkpt>
      <trkpt lat="46.043998" lon="11.286867">
        <ele>1188.436958</ele>
        <time>2026-06-27T16:28:08.097Z</time>
      </trkpt>
      <trkpt lat="46.044001" lon="11.286983">
        <ele>1189.414135</ele>
        <time>2026-06-27T16:28:14.623Z</time>
      </trkpt>
      <trkpt lat="46.044058" lon="11.287182">
        <ele>1191.226367</ele>
        <time>2026-06-27T16:28:25.989Z</time>
      </trkpt>
      <trkpt lat="46.044186" lon="11.287638">
        <ele>1195.367029</ele>
        <time>2026-06-27T16:28:47.959Z</time>
      </trkpt>
      <trkpt lat="46.044204" lon="11.287816">
        <ele>1196.881264</ele>
        <time>2026-06-27T16:28:54.494Z</time>
      </trkpt>
      <trkpt lat="46.044158" lon="11.287946">
        <ele>1198.109611</ele>
        <time>2026-06-27T16:28:59.702Z</time>
      </trkpt>
      <trkpt lat="46.044091" lon="11.287988">
        <ele>1198.995773</ele>
        <time>2026-06-27T16:29:03.128Z</time>
      </trkpt>
      <trkpt lat="46.043894" lon="11.287885">
        <ele>1201.537452</ele>
        <time>2026-06-27T16:29:11.449Z</time>
      </trkpt>
      <trkpt lat="46.043303" lon="11.287818">
        <ele>1205.546497</ele>
        <time>2026-06-27T16:29:28.043Z</time>
      </trkpt>
      <trkpt lat="46.043188" lon="11.287884">
        <ele>1206.330317</ele>
        <time>2026-06-27T16:29:30.598Z</time>
      </trkpt>
      <trkpt lat="46.042968" lon="11.288418">
        <ele>1209.059563</ele>
        <time>2026-06-27T16:29:42.542Z</time>
      </trkpt>
      <trkpt lat="46.042871" lon="11.288764">
        <ele>1210.699616</ele>
        <time>2026-06-27T16:29:52.996Z</time>
      </trkpt>
      <trkpt lat="46.042851" lon="11.289062">
        <ele>1212.015464</ele>
        <time>2026-06-27T16:30:03.652Z</time>
      </trkpt>
      <trkpt lat="46.042877" lon="11.289339">
        <ele>1213.243987</ele>
        <time>2026-06-27T16:30:15.553Z</time>
      </trkpt>
      <trkpt lat="46.042843" lon="11.289506">
        <ele>1214.441987</ele>
        <time>2026-06-27T16:30:23.515Z</time>
      </trkpt>
      <trkpt lat="46.042731" lon="11.289695">
        <ele>1216.396856</ele>
        <time>2026-06-27T16:30:35.051Z</time>
      </trkpt>
      <trkpt lat="46.042531" lon="11.289920">
        <ele>1219.272634</ele>
        <time>2026-06-27T16:30:52.455Z</time>
      </trkpt>
      <trkpt lat="46.042316" lon="11.290597">
        <ele>1225.129155</ele>
        <time>2026-06-27T16:31:25.343Z</time>
      </trkpt>
      <trkpt lat="46.042148" lon="11.290907">
        <ele>1228.222982</ele>
        <time>2026-06-27T16:31:40.391Z</time>
      </trkpt>
      <trkpt lat="46.041854" lon="11.291261">
        <ele>1232.565355</ele>
        <time>2026-06-27T16:32:02.206Z</time>
      </trkpt>
      <trkpt lat="46.041512" lon="11.291850">
        <ele>1238.750617</ele>
        <time>2026-06-27T16:32:34.156Z</time>
      </trkpt>
      <trkpt lat="46.041428" lon="11.292184">
        <ele>1241.630009</ele>
        <time>2026-06-27T16:32:49.656Z</time>
      </trkpt>
      <trkpt lat="46.041464" lon="11.292386">
        <ele>1243.320389</ele>
        <time>2026-06-27T16:32:58.870Z</time>
      </trkpt>
      <trkpt lat="46.041446" lon="11.292639">
        <ele>1245.381782</ele>
        <time>2026-06-27T16:33:10.121Z</time>
      </trkpt>
      <trkpt lat="46.041360" lon="11.292826">
        <ele>1247.199961</ele>
        <time>2026-06-27T16:33:20.082Z</time>
      </trkpt>
      <trkpt lat="46.041166" lon="11.293140">
        <ele>1250.607169</ele>
        <time>2026-06-27T16:33:38.648Z</time>
      </trkpt>
      <trkpt lat="46.040640" lon="11.293373">
        <ele>1257.018365</ele>
        <time>2026-06-27T16:34:12.552Z</time>
      </trkpt>
      <trkpt lat="46.040078" lon="11.293969">
        <ele>1265.112652</ele>
        <time>2026-06-27T16:34:56.814Z</time>
      </trkpt>
      <trkpt lat="46.039542" lon="11.294351">
        <ele>1272.048787</ele>
        <time>2026-06-27T16:35:35.372Z</time>
      </trkpt>
      <trkpt lat="46.039307" lon="11.294368">
        <ele>1274.777936</ele>
        <time>2026-06-27T16:35:49.040Z</time>
      </trkpt>
      <trkpt lat="46.039217" lon="11.294453">
        <ele>1275.883693</ele>
        <time>2026-06-27T16:35:55.473Z</time>
      </trkpt>
      <trkpt lat="46.039262" lon="11.294636">
        <ele>1276.744818</ele>
        <time>2026-06-27T16:36:02.926Z</time>
      </trkpt>
      <trkpt lat="46.039379" lon="11.294709">
        <ele>1277.559523</ele>
        <time>2026-06-27T16:36:09.667Z</time>
      </trkpt>
      <trkpt lat="46.039668" lon="11.294737">
        <ele>1279.410326</ele>
        <time>2026-06-27T16:36:24.508Z</time>
      </trkpt>
      <trkpt lat="46.040272" lon="11.294977">
        <ele>1283.413838</ele>
        <time>2026-06-27T16:36:50.501Z</time>
      </trkpt>
      <trkpt lat="46.040444" lon="11.294911">
        <ele>1284.551189</ele>
        <time>2026-06-27T16:36:54.587Z</time>
      </trkpt>
      <trkpt lat="46.040641" lon="11.294737">
        <ele>1286.027718</ele>
        <time>2026-06-27T16:37:00.424Z</time>
      </trkpt>
      <trkpt lat="46.040935" lon="11.294675">
        <ele>1287.599906</ele>
        <time>2026-06-27T16:37:08.183Z</time>
      </trkpt>
      <trkpt lat="46.041189" lon="11.294709">
        <ele>1288.495580</ele>
        <time>2026-06-27T16:37:14.513Z</time>
      </trkpt>
      <trkpt lat="46.041463" lon="11.294706">
        <ele>1289.457664</ele>
        <time>2026-06-27T16:37:20.770Z</time>
      </trkpt>
      <trkpt lat="46.041621" lon="11.294655">
        <ele>1290.026181</ele>
        <time>2026-06-27T16:37:24.165Z</time>
      </trkpt>
      <trkpt lat="46.041716" lon="11.294593">
        <ele>1290.392371</ele>
        <time>2026-06-27T16:37:26.659Z</time>
      </trkpt>
      <trkpt lat="46.041977" lon="11.294121">
        <ele>1291.863134</ele>
        <time>2026-06-27T16:37:38.429Z</time>
      </trkpt>
      <trkpt lat="46.042207" lon="11.293432">
        <ele>1294.058956</ele>
        <time>2026-06-27T16:37:56.705Z</time>
      </trkpt>
      <trkpt lat="46.042323" lon="11.293176">
        <ele>1295.987277</ele>
        <time>2026-06-27T16:38:05.014Z</time>
      </trkpt>
      <trkpt lat="46.042610" lon="11.292897">
        <ele>1299.133430</ele>
        <time>2026-06-27T16:38:20.477Z</time>
      </trkpt>
      <trkpt lat="46.042858" lon="11.292705">
        <ele>1301.691779</ele>
        <time>2026-06-27T16:38:35.208Z</time>
      </trkpt>
      <trkpt lat="46.043002" lon="11.292486">
        <ele>1303.594485</ele>
        <time>2026-06-27T16:38:47.388Z</time>
      </trkpt>
      <trkpt lat="46.043094" lon="11.292440">
        <ele>1304.479401</ele>
        <time>2026-06-27T16:38:53.490Z</time>
      </trkpt>
      <trkpt lat="46.043146" lon="11.292515">
        <ele>1305.148025</ele>
        <time>2026-06-27T16:38:58.229Z</time>
      </trkpt>
      <trkpt lat="46.043135" lon="11.292581">
        <ele>1305.576146</ele>
        <time>2026-06-27T16:39:01.202Z</time>
      </trkpt>
      <trkpt lat="46.042722" lon="11.293157">
        <ele>1310.911504</ele>
        <time>2026-06-27T16:39:36.132Z</time>
      </trkpt>
      <trkpt lat="46.042678" lon="11.293299">
        <ele>1312.009424</ele>
        <time>2026-06-27T16:39:42.155Z</time>
      </trkpt>
      <trkpt lat="46.042634" lon="11.293611">
        <ele>1314.257240</ele>
        <time>2026-06-27T16:39:54.374Z</time>
      </trkpt>
      <trkpt lat="46.042503" lon="11.294064">
        <ele>1317.722022</ele>
        <time>2026-06-27T16:40:13.630Z</time>
      </trkpt>
      <trkpt lat="46.042479" lon="11.294225">
        <ele>1318.884651</ele>
        <time>2026-06-27T16:40:20.150Z</time>
      </trkpt>
      <trkpt lat="46.042494" lon="11.294633">
        <ele>1321.769297</ele>
        <time>2026-06-27T16:40:35.813Z</time>
      </trkpt>
      <trkpt lat="46.042472" lon="11.294787">
        <ele>1322.879374</ele>
        <time>2026-06-27T16:40:41.786Z</time>
      </trkpt>
      <trkpt lat="46.042417" lon="11.294927">
        <ele>1324.015152</ele>
        <time>2026-06-27T16:40:47.887Z</time>
      </trkpt>
      <trkpt lat="46.042097" lon="11.295508">
        <ele>1329.241565</ele>
        <time>2026-06-27T16:41:15.379Z</time>
      </trkpt>
      <trkpt lat="46.041947" lon="11.295992">
        <ele>1332.949373</ele>
        <time>2026-06-27T16:41:34.198Z</time>
      </trkpt>
      <trkpt lat="46.041849" lon="11.296156">
        <ele>1334.463132</ele>
        <time>2026-06-27T16:41:42.177Z</time>
      </trkpt>
      <trkpt lat="46.040696" lon="11.297216">
        <ele>1348.665165</ele>
        <time>2026-06-27T16:42:58.127Z</time>
      </trkpt>
      <trkpt lat="46.040560" lon="11.297468">
        <ele>1351.373348</ele>
        <time>2026-06-27T16:43:12.796Z</time>
      </trkpt>
      <trkpt lat="46.040477" lon="11.297676">
        <ele>1353.408880</ele>
        <time>2026-06-27T16:43:23.916Z</time>
      </trkpt>
      <trkpt lat="46.040445" lon="11.297886">
        <ele>1355.232997</ele>
        <time>2026-06-27T16:43:34.056Z</time>
      </trkpt>
      <trkpt lat="46.040363" lon="11.298007">
        <ele>1356.667708</ele>
        <time>2026-06-27T16:43:42.101Z</time>
      </trkpt>
      <trkpt lat="46.040251" lon="11.298269">
        <ele>1359.278289</ele>
        <time>2026-06-27T16:43:57.603Z</time>
      </trkpt>
      <trkpt lat="46.040200" lon="11.298612">
        <ele>1362.254412</ele>
        <time>2026-06-27T16:44:16.015Z</time>
      </trkpt>
      <trkpt lat="46.040162" lon="11.298691">
        <ele>1363.069866</ele>
        <time>2026-06-27T16:44:21.012Z</time>
      </trkpt>
      <trkpt lat="46.040100" lon="11.298747">
        <ele>1363.964290</ele>
        <time>2026-06-27T16:44:26.472Z</time>
      </trkpt>
      <trkpt lat="46.039983" lon="11.298775">
        <ele>1365.413920</ele>
        <time>2026-06-27T16:44:35.004Z</time>
      </trkpt>
      <trkpt lat="46.039777" lon="11.298898">
        <ele>1368.139455</ele>
        <time>2026-06-27T16:44:48.379Z</time>
      </trkpt>
      <trkpt lat="46.039689" lon="11.298920">
        <ele>1368.670428</ele>
        <time>2026-06-27T16:44:52.866Z</time>
      </trkpt>
      <trkpt lat="46.039478" lon="11.299043">
        <ele>1369.835926</ele>
        <time>2026-06-27T16:45:03.642Z</time>
      </trkpt>
      <trkpt lat="46.039423" lon="11.299114">
        <ele>1370.214073</ele>
        <time>2026-06-27T16:45:07.113Z</time>
      </trkpt>
      <trkpt lat="46.039392" lon="11.299207">
        <ele>1370.580764</ele>
        <time>2026-06-27T16:45:10.222Z</time>
      </trkpt>
      <trkpt lat="46.039353" lon="11.299432">
        <ele>1371.405052</ele>
        <time>2026-06-27T16:45:17.336Z</time>
      </trkpt>
      <trkpt lat="46.039359" lon="11.299549">
        <ele>1371.822047</ele>
        <time>2026-06-27T16:45:20.973Z</time>
      </trkpt>
      <trkpt lat="46.039368" lon="11.299757">
        <ele>1372.562790</ele>
        <time>2026-06-27T16:45:26.971Z</time>
      </trkpt>
      <trkpt lat="46.039335" lon="11.299844">
        <ele>1372.915175</ele>
        <time>2026-06-27T16:45:29.722Z</time>
      </trkpt>
      <trkpt lat="46.039271" lon="11.300015">
        <ele>1373.605687</ele>
        <time>2026-06-27T16:45:34.991Z</time>
      </trkpt>
      <trkpt lat="46.039135" lon="11.300037">
        <ele>1374.306432</ele>
        <time>2026-06-27T16:45:39.945Z</time>
      </trkpt>
      <trkpt lat="46.038739" lon="11.299975">
        <ele>1376.346035</ele>
        <time>2026-06-27T16:45:50.347Z</time>
      </trkpt>
      <trkpt lat="46.038471" lon="11.300000">
        <ele>1377.163599</ele>
        <time>2026-06-27T16:45:53.364Z</time>
      </trkpt>
      <trkpt lat="46.038242" lon="11.300064">
        <ele>1375.642761</ele>
        <time>2026-06-27T16:45:55.673Z</time>
      </trkpt>
      <trkpt lat="46.038006" lon="11.300188">
        <ele>1374.004972</ele>
        <time>2026-06-27T16:45:58.201Z</time>
      </trkpt>
      <trkpt lat="46.037840" lon="11.300390">
        <ele>1372.588256</ele>
        <time>2026-06-27T16:46:00.323Z</time>
      </trkpt>
      <trkpt lat="46.037563" lon="11.301021">
        <ele>1369.209340</ele>
        <time>2026-06-27T16:46:04.925Z</time>
      </trkpt>
      <trkpt lat="46.037227" lon="11.301231">
        <ele>1366.821440</ele>
        <time>2026-06-27T16:46:08.026Z</time>
      </trkpt>
      <trkpt lat="46.037160" lon="11.301419">
        <ele>1365.864998</ele>
        <time>2026-06-27T16:46:09.269Z</time>
      </trkpt>
      <trkpt lat="46.037022" lon="11.301573">
        <ele>1364.199714</ele>
        <time>2026-06-27T16:46:10.742Z</time>
      </trkpt>
      <trkpt lat="46.036774" lon="11.301776">
        <ele>1361.381192</ele>
        <time>2026-06-27T16:46:13.176Z</time>
      </trkpt>
      <trkpt lat="46.036491" lon="11.301940">
        <ele>1358.367023</ele>
        <time>2026-06-27T16:46:15.844Z</time>
      </trkpt>
      <trkpt lat="46.035993" lon="11.302066">
        <ele>1353.370874</ele>
        <time>2026-06-27T16:46:20.406Z</time>
      </trkpt>
      <trkpt lat="46.035793" lon="11.302148">
        <ele>1351.316151</ele>
        <time>2026-06-27T16:46:22.232Z</time>
      </trkpt>
      <trkpt lat="46.035511" lon="11.302189">
        <ele>1348.515504</ele>
        <time>2026-06-27T16:46:24.665Z</time>
      </trkpt>
      <trkpt lat="46.035171" lon="11.302208">
        <ele>1342.654433</ele>
        <time>2026-06-27T16:46:27.536Z</time>
      </trkpt>
      <trkpt lat="46.034483" lon="11.302827">
        <ele>1327.544528</ele>
        <time>2026-06-27T16:46:34.185Z</time>
      </trkpt>
      <trkpt lat="46.034218" lon="11.303206">
        <ele>1320.588510</ele>
        <time>2026-06-27T16:46:37.236Z</time>
      </trkpt>
      <trkpt lat="46.034059" lon="11.303384">
        <ele>1316.837492</ele>
        <time>2026-06-27T16:46:38.876Z</time>
      </trkpt>
      <trkpt lat="46.033897" lon="11.303456">
        <ele>1313.807381</ele>
        <time>2026-06-27T16:46:40.265Z</time>
      </trkpt>
      <trkpt lat="46.033617" lon="11.303414">
        <ele>1309.408539</ele>
        <time>2026-06-27T16:46:42.554Z</time>
      </trkpt>
      <trkpt lat="46.033299" lon="11.303114">
        <ele>1303.468715</ele>
        <time>2026-06-27T16:46:45.659Z</time>
      </trkpt>
      <trkpt lat="46.032887" lon="11.302353">
        <ele>1292.999939</ele>
        <time>2026-06-27T16:46:51.246Z</time>
      </trkpt>
      <trkpt lat="46.032804" lon="11.302148">
        <ele>1290.425540</ele>
        <time>2026-06-27T16:46:52.664Z</time>
      </trkpt>
      <trkpt lat="46.032780" lon="11.301689">
        <ele>1285.913648</ele>
        <time>2026-06-27T16:46:55.462Z</time>
      </trkpt>
      <trkpt lat="46.032819" lon="11.301398">
        <ele>1284.352589</ele>
        <time>2026-06-27T16:46:57.299Z</time>
      </trkpt>
      <trkpt lat="46.032827" lon="11.300785">
        <ele>1281.123215</ele>
        <time>2026-06-27T16:47:01.137Z</time>
      </trkpt>
      <trkpt lat="46.032744" lon="11.300059">
        <ele>1277.247712</ele>
        <time>2026-06-27T16:47:05.773Z</time>
      </trkpt>
      <trkpt lat="46.032655" lon="11.299621">
        <ele>1274.843880</ele>
        <time>2026-06-27T16:47:08.658Z</time>
      </trkpt>
      <trkpt lat="46.032383" lon="11.298800">
        <ele>1269.758521</ele>
        <time>2026-06-27T16:47:14.229Z</time>
      </trkpt>
      <trkpt lat="46.032331" lon="11.297785">
        <ele>1263.807746</ele>
        <time>2026-06-27T16:47:20.255Z</time>
      </trkpt>
      <trkpt lat="46.032047" lon="11.297016">
        <ele>1258.714850</ele>
        <time>2026-06-27T16:47:25.719Z</time>
      </trkpt>
      <trkpt lat="46.032018" lon="11.296762">
        <ele>1257.229471</ele>
        <time>2026-06-27T16:47:27.344Z</time>
      </trkpt>
      <trkpt lat="46.032056" lon="11.296489">
        <ele>1255.689581</ele>
        <time>2026-06-27T16:47:29.084Z</time>
      </trkpt>
      <trkpt lat="46.032152" lon="11.296252">
        <ele>1254.172055</ele>
        <time>2026-06-27T16:47:30.770Z</time>
      </trkpt>
      <trkpt lat="46.032351" lon="11.295872">
        <ele>1251.539602</ele>
        <time>2026-06-27T16:47:33.696Z</time>
      </trkpt>
      <trkpt lat="46.032374" lon="11.295650">
        <ele>1250.298229</ele>
        <time>2026-06-27T16:47:35.119Z</time>
      </trkpt>
      <trkpt lat="46.032341" lon="11.295502">
        <ele>1249.438532</ele>
        <time>2026-06-27T16:47:36.132Z</time>
      </trkpt>
      <trkpt lat="46.032208" lon="11.295313">
        <ele>1247.950201</ele>
        <time>2026-06-27T16:47:37.880Z</time>
      </trkpt>
      <trkpt lat="46.032047" lon="11.295287">
        <ele>1246.659613</ele>
        <time>2026-06-27T16:47:39.342Z</time>
      </trkpt>
      <trkpt lat="46.031898" lon="11.295399">
        <ele>1245.320749</ele>
        <time>2026-06-27T16:47:40.808Z</time>
      </trkpt>
      <trkpt lat="46.031838" lon="11.295571">
        <ele>1244.256160</ele>
        <time>2026-06-27T16:47:41.948Z</time>
      </trkpt>
      <trkpt lat="46.031787" lon="11.296024">
        <ele>1240.999795</ele>
        <time>2026-06-27T16:47:44.642Z</time>
      </trkpt>
      <trkpt lat="46.031767" lon="11.296231">
        <ele>1239.300381</ele>
        <time>2026-06-27T16:47:45.858Z</time>
      </trkpt>
      <trkpt lat="46.031570" lon="11.296969">
        <ele>1232.871130</ele>
        <time>2026-06-27T16:47:50.468Z</time>
      </trkpt>
      <trkpt lat="46.031508" lon="11.297466">
        <ele>1228.765101</ele>
        <time>2026-06-27T16:47:53.439Z</time>
      </trkpt>
      <trkpt lat="46.031521" lon="11.297674">
        <ele>1227.066929</ele>
        <time>2026-06-27T16:47:54.662Z</time>
      </trkpt>
      <trkpt lat="46.031793" lon="11.298612">
        <ele>1219.521695</ele>
        <time>2026-06-27T16:48:00.650Z</time>
      </trkpt>
      <trkpt lat="46.031817" lon="11.298958">
        <ele>1217.297348</ele>
        <time>2026-06-27T16:48:02.722Z</time>
      </trkpt>
      <trkpt lat="46.031666" lon="11.299631">
        <ele>1212.772992</ele>
        <time>2026-06-27T16:48:06.977Z</time>
      </trkpt>
      <trkpt lat="46.031457" lon="11.300172">
        <ele>1208.812546</ele>
        <time>2026-06-27T16:48:10.744Z</time>
      </trkpt>
      <trkpt lat="46.031425" lon="11.300421">
        <ele>1207.192648</ele>
        <time>2026-06-27T16:48:12.305Z</time>
      </trkpt>
      <trkpt lat="46.031459" lon="11.301264">
        <ele>1202.486294</ele>
        <time>2026-06-27T16:48:17.573Z</time>
      </trkpt>
      <trkpt lat="46.031444" lon="11.301550">
        <ele>1200.985916</ele>
        <time>2026-06-27T16:48:19.385Z</time>
      </trkpt>
      <trkpt lat="46.031362" lon="11.301948">
        <ele>1198.814164</ele>
        <time>2026-06-27T16:48:21.984Z</time>
      </trkpt>
      <trkpt lat="46.031382" lon="11.302518">
        <ele>1195.828586</ele>
        <time>2026-06-27T16:48:25.509Z</time>
      </trkpt>
      <trkpt lat="46.031495" lon="11.303087">
        <ele>1192.732665</ele>
        <time>2026-06-27T16:48:29.118Z</time>
      </trkpt>
      <trkpt lat="46.031629" lon="11.303373">
        <ele>1190.775347</ele>
        <time>2026-06-27T16:48:31.213Z</time>
      </trkpt>
      <trkpt lat="46.031812" lon="11.304183">
        <ele>1185.716557</ele>
        <time>2026-06-27T16:48:36.423Z</time>
      </trkpt>
      <trkpt lat="46.031904" lon="11.304486">
        <ele>1183.752515</ele>
        <time>2026-06-27T16:48:38.388Z</time>
      </trkpt>
      <trkpt lat="46.032073" lon="11.304830">
        <ele>1181.249786</ele>
        <time>2026-06-27T16:48:40.911Z</time>
      </trkpt>
      <trkpt lat="46.032297" lon="11.305194">
        <ele>1178.361062</ele>
        <time>2026-06-27T16:48:43.882Z</time>
      </trkpt>
      <trkpt lat="46.032297" lon="11.305319">
        <ele>1177.618711</ele>
        <time>2026-06-27T16:48:44.659Z</time>
      </trkpt>
      <trkpt lat="46.032218" lon="11.305393">
        <ele>1176.812596</ele>
        <time>2026-06-27T16:48:45.498Z</time>
      </trkpt>
      <trkpt lat="46.032132" lon="11.305328">
        <ele>1176.006326</ele>
        <time>2026-06-27T16:48:46.366Z</time>
      </trkpt>
      <trkpt lat="46.031897" lon="11.304806">
        <ele>1172.443563</ele>
        <time>2026-06-27T16:48:50.279Z</time>
      </trkpt>
      <trkpt lat="46.031333" lon="11.303957">
        <ele>1165.714439</ele>
        <time>2026-06-27T16:48:57.379Z</time>
      </trkpt>
      <trkpt lat="46.030508" lon="11.302949">
        <ele>1155.847099</ele>
        <time>2026-06-27T16:49:06.902Z</time>
      </trkpt>
      <trkpt lat="46.030401" lon="11.302692">
        <ele>1153.809691</ele>
        <time>2026-06-27T16:49:08.701Z</time>
      </trkpt>
      <trkpt lat="46.030390" lon="11.302361">
        <ele>1151.556685</ele>
        <time>2026-06-27T16:49:10.686Z</time>
      </trkpt>
      <trkpt lat="46.030459" lon="11.301503">
        <ele>1145.684245</ele>
        <time>2026-06-27T16:49:15.792Z</time>
      </trkpt>
      <trkpt lat="46.030448" lon="11.301257">
        <ele>1143.994709</ele>
        <time>2026-06-27T16:49:17.248Z</time>
      </trkpt>
      <trkpt lat="46.030397" lon="11.301001">
        <ele>1142.067099</ele>
        <time>2026-06-27T16:49:18.824Z</time>
      </trkpt>
      <trkpt lat="46.030178" lon="11.300587">
        <ele>1138.300061</ele>
        <time>2026-06-27T16:49:21.904Z</time>
      </trkpt>
      <trkpt lat="46.030115" lon="11.300143">
        <ele>1135.020100</ele>
        <time>2026-06-27T16:49:24.590Z</time>
      </trkpt>
      <trkpt lat="46.030156" lon="11.299747">
        <ele>1132.122279</ele>
        <time>2026-06-27T16:49:26.973Z</time>
      </trkpt>
      <trkpt lat="46.030119" lon="11.299044">
        <ele>1127.019581</ele>
        <time>2026-06-27T16:49:31.143Z</time>
      </trkpt>
      <trkpt lat="46.030013" lon="11.298434">
        <ele>1122.682466</ele>
        <time>2026-06-27T16:49:34.971Z</time>
      </trkpt>
      <trkpt lat="46.029959" lon="11.298241">
        <ele>1121.283912</ele>
        <time>2026-06-27T16:49:36.254Z</time>
      </trkpt>
      <trkpt lat="46.029892" lon="11.298132">
        <ele>1120.305442</ele>
        <time>2026-06-27T16:49:37.159Z</time>
      </trkpt>
      <trkpt lat="46.029793" lon="11.298156">
        <ele>1119.333571</ele>
        <time>2026-06-27T16:49:38.038Z</time>
      </trkpt>
      <trkpt lat="46.029791" lon="11.298359">
        <ele>1117.969037</ele>
        <time>2026-06-27T16:49:39.285Z</time>
      </trkpt>
      <trkpt lat="46.029849" lon="11.298927">
        <ele>1114.110347</ele>
        <time>2026-06-27T16:49:42.749Z</time>
      </trkpt>
      <trkpt lat="46.029797" lon="11.299538">
        <ele>1109.972978</ele>
        <time>2026-06-27T16:49:46.390Z</time>
      </trkpt>
      <trkpt lat="46.029688" lon="11.299886">
        <ele>1107.273678</ele>
        <time>2026-06-27T16:49:48.650Z</time>
      </trkpt>
      <trkpt lat="46.029500" lon="11.300636">
        <ele>1100.812640</ele>
        <time>2026-06-27T16:49:53.347Z</time>
      </trkpt>
      <trkpt lat="46.029204" lon="11.301818">
        <ele>1090.631145</ele>
        <time>2026-06-27T16:50:00.672Z</time>
      </trkpt>
      <trkpt lat="46.028961" lon="11.302284">
        <ele>1086.165886</ele>
        <time>2026-06-27T16:50:04.157Z</time>
      </trkpt>
      <trkpt lat="46.028868" lon="11.302582">
        <ele>1084.107513</ele>
        <time>2026-06-27T16:50:06.099Z</time>
      </trkpt>
      <trkpt lat="46.028879" lon="11.302848">
        <ele>1082.428714</ele>
        <time>2026-06-27T16:50:07.693Z</time>
      </trkpt>
      <trkpt lat="46.029014" lon="11.303288">
        <ele>1079.398060</ele>
        <time>2026-06-27T16:50:10.590Z</time>
      </trkpt>
      <trkpt lat="46.029131" lon="11.303544">
        <ele>1077.467170</ele>
        <time>2026-06-27T16:50:12.454Z</time>
      </trkpt>
      <trkpt lat="46.029132" lon="11.303647">
        <ele>1076.818198</ele>
        <time>2026-06-27T16:50:13.087Z</time>
      </trkpt>
      <trkpt lat="46.029066" lon="11.303690">
        <ele>1076.160887</ele>
        <time>2026-06-27T16:50:13.728Z</time>
      </trkpt>
      <trkpt lat="46.028995" lon="11.303661">
        <ele>1075.491221</ele>
        <time>2026-06-27T16:50:14.389Z</time>
      </trkpt>
      <trkpt lat="46.028874" lon="11.303486">
        <ele>1073.935240</ele>
        <time>2026-06-27T16:50:15.925Z</time>
      </trkpt>
      <trkpt lat="46.028731" lon="11.302889">
        <ele>1069.892606</ele>
        <time>2026-06-27T16:50:19.822Z</time>
      </trkpt>
      <trkpt lat="46.028681" lon="11.302467">
        <ele>1066.976362</ele>
        <time>2026-06-27T16:50:22.402Z</time>
      </trkpt>
      <trkpt lat="46.028694" lon="11.301921">
        <ele>1063.254794</ele>
        <time>2026-06-27T16:50:25.678Z</time>
      </trkpt>
      <trkpt lat="46.028758" lon="11.298421">
        <ele>1037.259174</ele>
        <time>2026-06-27T16:50:46.490Z</time>
      </trkpt>
      <trkpt lat="46.028657" lon="11.298067">
        <ele>1034.243555</ele>
        <time>2026-06-27T16:50:48.716Z</time>
      </trkpt>
      <trkpt lat="46.028237" lon="11.297209">
        <ele>1026.248473</ele>
        <time>2026-06-27T16:50:54.795Z</time>
      </trkpt>
      <trkpt lat="46.028058" lon="11.296608">
        <ele>1021.308091</ele>
        <time>2026-06-27T16:50:58.602Z</time>
      </trkpt>
      <trkpt lat="46.027860" lon="11.295431">
        <ele>1012.562690</ele>
        <time>2026-06-27T16:51:05.984Z</time>
      </trkpt>
      <trkpt lat="46.027685" lon="11.294522">
        <ele>1008.450740</ele>
        <time>2026-06-27T16:51:12.214Z</time>
      </trkpt>
      <trkpt lat="46.027635" lon="11.294117">
        <ele>1006.657599</ele>
        <time>2026-06-27T16:51:14.881Z</time>
      </trkpt>
      <trkpt lat="46.027654" lon="11.293754">
        <ele>1005.070744</ele>
        <time>2026-06-27T16:51:17.274Z</time>
      </trkpt>
      <trkpt lat="46.027639" lon="11.293614">
        <ele>1004.453241</ele>
        <time>2026-06-27T16:51:18.196Z</time>
      </trkpt>
      <trkpt lat="46.027579" lon="11.293559">
        <ele>1004.006715</ele>
        <time>2026-06-27T16:51:18.853Z</time>
      </trkpt>
      <trkpt lat="46.027514" lon="11.293550">
        <ele>1003.596741</ele>
        <time>2026-06-27T16:51:19.446Z</time>
      </trkpt>
      <trkpt lat="46.027441" lon="11.293586">
        <ele>1003.112299</ele>
        <time>2026-06-27T16:51:20.143Z</time>
      </trkpt>
      <trkpt lat="46.027397" lon="11.293658">
        <ele>1002.694184</ele>
        <time>2026-06-27T16:51:20.742Z</time>
      </trkpt>
      <trkpt lat="46.027506" lon="11.294368">
        <ele>998.648288</ele>
        <time>2026-06-27T16:51:25.184Z</time>
      </trkpt>
      <trkpt lat="46.027539" lon="11.294739">
        <ele>996.395727</ele>
        <time>2026-06-27T16:51:27.407Z</time>
      </trkpt>
      <trkpt lat="46.027453" lon="11.295563">
        <ele>991.377536</ele>
        <time>2026-06-27T16:51:32.431Z</time>
      </trkpt>
      <trkpt lat="46.027507" lon="11.297244">
        <ele>980.838780</ele>
        <time>2026-06-27T16:51:42.676Z</time>
      </trkpt>
      <trkpt lat="46.027427" lon="11.297990">
        <ele>975.923477</ele>
        <time>2026-06-27T16:51:47.243Z</time>
      </trkpt>
      <trkpt lat="46.027321" lon="11.298369">
        <ele>973.262848</ele>
        <time>2026-06-27T16:51:49.710Z</time>
      </trkpt>
      <trkpt lat="46.027254" lon="11.298852">
        <ele>970.055547</ele>
        <time>2026-06-27T16:51:52.614Z</time>
      </trkpt>
      <trkpt lat="46.027232" lon="11.299133">
        <ele>967.916994</ele>
        <time>2026-06-27T16:51:54.291Z</time>
      </trkpt>
      <trkpt lat="46.027304" lon="11.299575">
        <ele>964.187770</ele>
        <time>2026-06-27T16:51:56.978Z</time>
      </trkpt>
      <trkpt lat="46.027290" lon="11.299768">
        <ele>962.593817</ele>
        <time>2026-06-27T16:51:58.131Z</time>
      </trkpt>
      <trkpt lat="46.027202" lon="11.299915">
        <ele>960.999496</ele>
        <time>2026-06-27T16:51:59.282Z</time>
      </trkpt>
      <trkpt lat="46.027106" lon="11.299877">
        <ele>959.821654</ele>
        <time>2026-06-27T16:52:00.128Z</time>
      </trkpt>
      <trkpt lat="46.027064" lon="11.299704">
        <ele>958.316241</ele>
        <time>2026-06-27T16:52:01.209Z</time>
      </trkpt>
      <trkpt lat="46.027080" lon="11.299361">
        <ele>955.492437</ele>
        <time>2026-06-27T16:52:03.237Z</time>
      </trkpt>
      <trkpt lat="46.027033" lon="11.298936">
        <ele>951.957419</ele>
        <time>2026-06-27T16:52:05.751Z</time>
      </trkpt>
      <trkpt lat="46.026943" lon="11.298567">
        <ele>948.744818</ele>
        <time>2026-06-27T16:52:08.013Z</time>
      </trkpt>
      <trkpt lat="46.026859" lon="11.297731">
        <ele>940.803040</ele>
        <time>2026-06-27T16:52:12.939Z</time>
      </trkpt>
      <trkpt lat="46.026663" lon="11.297052">
        <ele>933.795697</ele>
        <time>2026-06-27T16:52:17.191Z</time>
      </trkpt>
      <trkpt lat="46.026418" lon="11.296490">
        <ele>927.472063</ele>
        <time>2026-06-27T16:52:21.028Z</time>
      </trkpt>
      <trkpt lat="46.026249" lon="11.295948">
        <ele>922.116316</ele>
        <time>2026-06-27T16:52:24.477Z</time>
      </trkpt>
      <trkpt lat="46.026142" lon="11.295065">
        <ele>915.233818</ele>
        <time>2026-06-27T16:52:29.718Z</time>
      </trkpt>
      <trkpt lat="46.026103" lon="11.294410">
        <ele>910.186008</ele>
        <time>2026-06-27T16:52:33.595Z</time>
      </trkpt>
      <trkpt lat="46.025679" lon="11.292964">
        <ele>900.706595</ele>
        <time>2026-06-27T16:52:43.116Z</time>
      </trkpt>
      <trkpt lat="46.025597" lon="11.291278">
        <ele>893.956679</ele>
        <time>2026-06-27T16:52:54.382Z</time>
      </trkpt>
      <trkpt lat="46.025704" lon="11.290772">
        <ele>891.682033</ele>
        <time>2026-06-27T16:52:57.889Z</time>
      </trkpt>
      <trkpt lat="46.025819" lon="11.290437">
        <ele>890.004170</ele>
        <time>2026-06-27T16:53:00.412Z</time>
      </trkpt>
      <trkpt lat="46.025850" lon="11.290123">
        <ele>888.580200</ele>
        <time>2026-06-27T16:53:02.511Z</time>
      </trkpt>
      <trkpt lat="46.025801" lon="11.290008">
        <ele>887.974408</ele>
        <time>2026-06-27T16:53:03.403Z</time>
      </trkpt>
      <trkpt lat="46.025712" lon="11.289999">
        <ele>887.397490</ele>
        <time>2026-06-27T16:53:04.212Z</time>
      </trkpt>
      <trkpt lat="46.025647" lon="11.290075">
        <ele>886.856109</ele>
        <time>2026-06-27T16:53:04.997Z</time>
      </trkpt>
      <trkpt lat="46.025618" lon="11.290215">
        <ele>886.200162</ele>
        <time>2026-06-27T16:53:05.928Z</time>
      </trkpt>
      <trkpt lat="46.025617" lon="11.290434">
        <ele>885.216876</ele>
        <time>2026-06-27T16:53:07.297Z</time>
      </trkpt>
      <trkpt lat="46.025583" lon="11.290696">
        <ele>884.020181</ele>
        <time>2026-06-27T16:53:08.938Z</time>
      </trkpt>
      <trkpt lat="46.025515" lon="11.291058">
        <ele>882.336445</ele>
        <time>2026-06-27T16:53:11.191Z</time>
      </trkpt>
      <trkpt lat="46.025152" lon="11.292477">
        <ele>872.344278</ele>
        <time>2026-06-27T16:53:20.242Z</time>
      </trkpt>
      <trkpt lat="46.025129" lon="11.292700">
        <ele>870.789312</ele>
        <time>2026-06-27T16:53:21.578Z</time>
      </trkpt>
      <trkpt lat="46.025150" lon="11.292971">
        <ele>868.908549</ele>
        <time>2026-06-27T16:53:23.193Z</time>
      </trkpt>
      <trkpt lat="46.025266" lon="11.293443">
        <ele>865.455134</ele>
        <time>2026-06-27T16:53:26.161Z</time>
      </trkpt>
      <trkpt lat="46.025273" lon="11.293752">
        <ele>863.379670</ele>
        <time>2026-06-27T16:53:28.000Z</time>
      </trkpt>
      <trkpt lat="46.025233" lon="11.294088">
        <ele>861.434281</ele>
        <time>2026-06-27T16:53:30.052Z</time>
      </trkpt>
      <trkpt lat="46.025004" lon="11.294955">
        <ele>856.140779</ele>
        <time>2026-06-27T16:53:35.753Z</time>
      </trkpt>
      <trkpt lat="46.024971" lon="11.295207">
        <ele>854.677362</ele>
        <time>2026-06-27T16:53:37.366Z</time>
      </trkpt>
      <trkpt lat="46.024962" lon="11.295543">
        <ele>852.758514</ele>
        <time>2026-06-27T16:53:39.463Z</time>
      </trkpt>
      <trkpt lat="46.025140" lon="11.296558">
        <ele>847.231664</ele>
        <time>2026-06-27T16:53:45.865Z</time>
      </trkpt>
      <trkpt lat="46.025143" lon="11.296718">
        <ele>846.514150</ele>
        <time>2026-06-27T16:53:46.837Z</time>
      </trkpt>
      <trkpt lat="46.025104" lon="11.297049">
        <ele>845.009121</ele>
        <time>2026-06-27T16:53:48.878Z</time>
      </trkpt>
      <trkpt lat="46.024715" lon="11.297991">
        <ele>840.095887</ele>
        <time>2026-06-27T16:53:55.723Z</time>
      </trkpt>
      <trkpt lat="46.024638" lon="11.298234">
        <ele>838.898477</ele>
        <time>2026-06-27T16:53:57.484Z</time>
      </trkpt>
      <trkpt lat="46.024628" lon="11.298397">
        <ele>838.164923</ele>
        <time>2026-06-27T16:53:58.584Z</time>
      </trkpt>
      <trkpt lat="46.024644" lon="11.298590">
        <ele>837.293584</ele>
        <time>2026-06-27T16:53:59.934Z</time>
      </trkpt>
      <trkpt lat="46.024832" lon="11.299637">
        <ele>833.596256</ele>
        <time>2026-06-27T16:54:07.686Z</time>
      </trkpt>
      <trkpt lat="46.024806" lon="11.299768">
        <ele>833.131531</ele>
        <time>2026-06-27T16:54:08.633Z</time>
      </trkpt>
      <trkpt lat="46.024724" lon="11.299827">
        <ele>832.681242</ele>
        <time>2026-06-27T16:54:09.538Z</time>
      </trkpt>
      <trkpt lat="46.024631" lon="11.299804">
        <ele>832.217702</ele>
        <time>2026-06-27T16:54:10.471Z</time>
      </trkpt>
      <trkpt lat="46.024591" lon="11.299720">
        <ele>831.870279</ele>
        <time>2026-06-27T16:54:11.159Z</time>
      </trkpt>
      <trkpt lat="46.024627" lon="11.299329">
        <ele>830.524935</ele>
        <time>2026-06-27T16:54:13.768Z</time>
      </trkpt>
      <trkpt lat="46.024620" lon="11.299149">
        <ele>829.910007</ele>
        <time>2026-06-27T16:54:14.921Z</time>
      </trkpt>
      <trkpt lat="46.024454" lon="11.298453">
        <ele>826.495162</ele>
        <time>2026-06-27T16:54:19.446Z</time>
      </trkpt>
      <trkpt lat="46.024550" lon="11.296768">
        <ele>815.623761</ele>
        <time>2026-06-27T16:54:29.584Z</time>
      </trkpt>
      <trkpt lat="46.024546" lon="11.296492">
        <ele>813.848624</ele>
        <time>2026-06-27T16:54:31.245Z</time>
      </trkpt>
      <trkpt lat="46.024452" lon="11.296342">
        <ele>812.549341</ele>
        <time>2026-06-27T16:54:32.453Z</time>
      </trkpt>
      <trkpt lat="46.024354" lon="11.296347">
        <ele>811.632734</ele>
        <time>2026-06-27T16:54:33.287Z</time>
      </trkpt>
      <trkpt lat="46.024281" lon="11.296559">
        <ele>810.006867</ele>
        <time>2026-06-27T16:54:34.697Z</time>
      </trkpt>
      <trkpt lat="46.024361" lon="11.296933">
        <ele>807.318048</ele>
        <time>2026-06-27T16:54:37.032Z</time>
      </trkpt>
      <trkpt lat="46.024320" lon="11.297538">
        <ele>803.141513</ele>
        <time>2026-06-27T16:54:40.650Z</time>
      </trkpt>
      <trkpt lat="46.024157" lon="11.298026">
        <ele>799.420825</ele>
        <time>2026-06-27T16:54:43.876Z</time>
      </trkpt>
      <trkpt lat="46.024113" lon="11.298891">
        <ele>793.334839</ele>
        <time>2026-06-27T16:54:49.124Z</time>
      </trkpt>
      <trkpt lat="46.024077" lon="11.299025">
        <ele>792.099851</ele>
        <time>2026-06-27T16:54:49.989Z</time>
      </trkpt>
      <trkpt lat="46.023999" lon="11.299106">
        <ele>790.909461</ele>
        <time>2026-06-27T16:54:50.827Z</time>
      </trkpt>
      <trkpt lat="46.023364" lon="11.299310">
        <ele>782.855646</ele>
        <time>2026-06-27T16:54:56.420Z</time>
      </trkpt>
      <trkpt lat="46.023157" lon="11.299425">
        <ele>780.109161</ele>
        <time>2026-06-27T16:54:58.287Z</time>
      </trkpt>
      <trkpt lat="46.022774" lon="11.299827">
        <ele>774.242461</ele>
        <time>2026-06-27T16:55:02.218Z</time>
      </trkpt>
      <trkpt lat="46.022602" lon="11.299886">
        <ele>772.053723</ele>
        <time>2026-06-27T16:55:03.668Z</time>
      </trkpt>
      <trkpt lat="46.022371" lon="11.299881">
        <ele>769.288140</ele>
        <time>2026-06-27T16:55:05.570Z</time>
      </trkpt>
      <trkpt lat="46.022010" lon="11.299771">
        <ele>764.892107</ele>
        <time>2026-06-27T16:55:08.639Z</time>
      </trkpt>
      <trkpt lat="46.021749" lon="11.299763">
        <ele>761.781947</ele>
        <time>2026-06-27T16:55:10.820Z</time>
      </trkpt>
      <trkpt lat="46.021569" lon="11.299900">
        <ele>759.356423</ele>
        <time>2026-06-27T16:55:12.539Z</time>
      </trkpt>
      <trkpt lat="46.021422" lon="11.300183">
        <ele>756.432704</ele>
        <time>2026-06-27T16:55:14.629Z</time>
      </trkpt>
      <trkpt lat="46.021259" lon="11.300694">
        <ele>751.780655</ele>
        <time>2026-06-27T16:55:18.030Z</time>
      </trkpt>
      <trkpt lat="46.021228" lon="11.301042">
        <ele>749.393445</ele>
        <time>2026-06-27T16:55:20.226Z</time>
      </trkpt>
      <trkpt lat="46.021269" lon="11.301356">
        <ele>747.726373</ele>
        <time>2026-06-27T16:55:22.351Z</time>
      </trkpt>
      <trkpt lat="46.021404" lon="11.301633">
        <ele>745.960617</ele>
        <time>2026-06-27T16:55:24.627Z</time>
      </trkpt>
      <trkpt lat="46.021636" lon="11.302002">
        <ele>743.363344</ele>
        <time>2026-06-27T16:55:27.885Z</time>
      </trkpt>
      <trkpt lat="46.021707" lon="11.302251">
        <ele>741.958875</ele>
        <time>2026-06-27T16:55:29.572Z</time>
      </trkpt>
      <trkpt lat="46.022075" lon="11.304385">
        <ele>724.581326</ele>
        <time>2026-06-27T16:55:42.737Z</time>
      </trkpt>
      <trkpt lat="46.022069" lon="11.304577">
        <ele>722.634455</ele>
        <time>2026-06-27T16:55:43.835Z</time>
      </trkpt>
      <trkpt lat="46.022033" lon="11.304792">
        <ele>720.394144</ele>
        <time>2026-06-27T16:55:45.092Z</time>
      </trkpt>
      <trkpt lat="46.021994" lon="11.304896">
        <ele>719.196843</ele>
        <time>2026-06-27T16:55:45.761Z</time>
      </trkpt>
      <trkpt lat="46.021951" lon="11.305009">
        <ele>717.891572</ele>
        <time>2026-06-27T16:55:46.490Z</time>
      </trkpt>
      <trkpt lat="46.021806" lon="11.305160">
        <ele>715.281203</ele>
        <time>2026-06-27T16:55:47.945Z</time>
      </trkpt>
      <trkpt lat="46.021321" lon="11.305309">
        <ele>709.073591</ele>
        <time>2026-06-27T16:55:52.009Z</time>
      </trkpt>
      <trkpt lat="46.021152" lon="11.305328">
        <ele>707.627533</ele>
        <time>2026-06-27T16:55:53.410Z</time>
      </trkpt>
      <trkpt lat="46.020846" lon="11.305471">
        <ele>704.883170</ele>
        <time>2026-06-27T16:55:56.074Z</time>
      </trkpt>
      <trkpt lat="46.020824" lon="11.305544">
        <ele>704.411777</ele>
        <time>2026-06-27T16:55:56.547Z</time>
      </trkpt>
      <trkpt lat="46.020833" lon="11.305680">
        <ele>703.602514</ele>
        <time>2026-06-27T16:55:57.351Z</time>
      </trkpt>
      <trkpt lat="46.021074" lon="11.305815">
        <ele>701.396587</ele>
        <time>2026-06-27T16:55:59.633Z</time>
      </trkpt>
      <trkpt lat="46.021346" lon="11.306016">
        <ele>698.788615</ele>
        <time>2026-06-27T16:56:02.645Z</time>
      </trkpt>
      <trkpt lat="46.022099" lon="11.306631">
        <ele>694.388086</ele>
        <time>2026-06-27T16:56:24.036Z</time>
      </trkpt>
      <trkpt lat="46.022296" lon="11.306916">
        <ele>693.890455</ele>
        <time>2026-06-27T16:56:27.681Z</time>
      </trkpt>
      <trkpt lat="46.022556" lon="11.307652">
        <ele>692.868596</ele>
        <time>2026-06-27T16:56:33.693Z</time>
      </trkpt>
      <trkpt lat="46.022592" lon="11.307880">
        <ele>692.579253</ele>
        <time>2026-06-27T16:56:35.306Z</time>
      </trkpt>
      <trkpt lat="46.022578" lon="11.308375">
        <ele>691.955718</ele>
        <time>2026-06-27T16:56:38.619Z</time>
      </trkpt>
      <trkpt lat="46.022594" lon="11.308694">
        <ele>690.643222</ele>
        <time>2026-06-27T16:56:40.696Z</time>
      </trkpt>
      <trkpt lat="46.022639" lon="11.308868">
        <ele>689.881258</ele>
        <time>2026-06-27T16:56:41.897Z</time>
      </trkpt>
      <trkpt lat="46.022770" lon="11.309160">
        <ele>688.454629</ele>
        <time>2026-06-27T16:56:44.141Z</time>
      </trkpt>
      <trkpt lat="46.022984" lon="11.309550">
        <ele>686.414790</ele>
        <time>2026-06-27T16:56:47.353Z</time>
      </trkpt>
      <trkpt lat="46.022996" lon="11.309729">
        <ele>685.676814</ele>
        <time>2026-06-27T16:56:48.519Z</time>
      </trkpt>
      <trkpt lat="46.022944" lon="11.309908">
        <ele>684.880559</ele>
        <time>2026-06-27T16:56:49.798Z</time>
      </trkpt>
      <trkpt lat="46.022765" lon="11.310175">
        <ele>683.357524</ele>
        <time>2026-06-27T16:56:52.196Z</time>
      </trkpt>
      <trkpt lat="46.022647" lon="11.310265">
        <ele>682.568387</ele>
        <time>2026-06-27T16:56:53.411Z</time>
      </trkpt>
      <trkpt lat="46.022430" lon="11.310365">
        <ele>681.101279</ele>
        <time>2026-06-27T16:56:55.463Z</time>
      </trkpt>
      <trkpt lat="46.021832" lon="11.310472">
        <ele>673.930413</ele>
        <time>2026-06-27T16:57:00.649Z</time>
      </trkpt>
      <trkpt lat="46.021774" lon="11.310481">
        <ele>673.236222</ele>
        <time>2026-06-27T16:57:01.147Z</time>
      </trkpt>
      <trkpt lat="46.021447" lon="11.310491">
        <ele>669.344072</ele>
        <time>2026-06-27T16:57:03.887Z</time>
      </trkpt>
      <trkpt lat="46.020891" lon="11.310430">
        <ele>662.708545</ele>
        <time>2026-06-27T16:57:08.523Z</time>
      </trkpt>
      <trkpt lat="46.019982" lon="11.310271">
        <ele>651.407063</ele>
        <time>2026-06-27T16:57:16.194Z</time>
      </trkpt>
      <trkpt lat="46.019835" lon="11.310287">
        <ele>649.565353</ele>
        <time>2026-06-27T16:57:17.445Z</time>
      </trkpt>
      <trkpt lat="46.019690" lon="11.310374">
        <ele>647.602924</ele>
        <time>2026-06-27T16:57:18.769Z</time>
      </trkpt>
      <trkpt lat="46.019324" lon="11.310922">
        <ele>641.006833</ele>
        <time>2026-06-27T16:57:23.256Z</time>
      </trkpt>
      <trkpt lat="46.019199" lon="11.311017">
        <ele>639.241072</ele>
        <time>2026-06-27T16:57:24.455Z</time>
      </trkpt>
      <trkpt lat="46.018399" lon="11.311189">
        <ele>628.789009</ele>
        <time>2026-06-27T16:57:31.275Z</time>
      </trkpt>
      <trkpt lat="46.018119" lon="11.311308">
        <ele>624.989939</ele>
        <time>2026-06-27T16:57:33.706Z</time>
      </trkpt>
      <trkpt lat="46.017899" lon="11.311475">
        <ele>621.753626</ele>
        <time>2026-06-27T16:57:35.767Z</time>
      </trkpt>
      <trkpt lat="46.017389" lon="11.311948">
        <ele>613.933363</ele>
        <time>2026-06-27T16:57:40.832Z</time>
      </trkpt>
      <trkpt lat="46.017159" lon="11.312294">
        <ele>611.194572</ele>
        <time>2026-06-27T16:57:43.666Z</time>
      </trkpt>
      <trkpt lat="46.016969" lon="11.312660">
        <ele>608.581611</ele>
        <time>2026-06-27T16:57:46.465Z</time>
      </trkpt>
      <trkpt lat="46.016734" lon="11.313210">
        <ele>604.889022</ele>
        <time>2026-06-27T16:57:50.664Z</time>
      </trkpt>
      <trkpt lat="46.016574" lon="11.313765">
        <ele>601.452840</ele>
        <time>2026-06-27T16:57:54.444Z</time>
      </trkpt>
      <trkpt lat="46.016569" lon="11.314137">
        <ele>599.325278</ele>
        <time>2026-06-27T16:57:56.703Z</time>
      </trkpt>
      <trkpt lat="46.016608" lon="11.314560">
        <ele>597.249844</ele>
        <time>2026-06-27T16:57:59.333Z</time>
      </trkpt>
      <trkpt lat="46.016591" lon="11.314695">
        <ele>596.586239</ele>
        <time>2026-06-27T16:58:00.189Z</time>
      </trkpt>
      <trkpt lat="46.016456" lon="11.314850">
        <ele>595.383696</ele>
        <time>2026-06-27T16:58:01.741Z</time>
      </trkpt>
      <trkpt lat="46.016381" lon="11.314848">
        <ele>594.861245</ele>
        <time>2026-06-27T16:58:02.406Z</time>
      </trkpt>
      <trkpt lat="46.016172" lon="11.314659">
        <ele>593.142359</ele>
        <time>2026-06-27T16:58:04.604Z</time>
      </trkpt>
      <trkpt lat="46.016129" lon="11.314508">
        <ele>592.352990</ele>
        <time>2026-06-27T16:58:05.614Z</time>
      </trkpt>
      <trkpt lat="46.016147" lon="11.314251">
        <ele>591.103637</ele>
        <time>2026-06-27T16:58:07.193Z</time>
      </trkpt>
      <trkpt lat="46.016381" lon="11.312913">
        <ele>585.732993</ele>
        <time>2026-06-27T16:58:15.871Z</time>
      </trkpt>
      <trkpt lat="46.016473" lon="11.312565">
        <ele>584.955336</ele>
        <time>2026-06-27T16:58:18.699Z</time>
      </trkpt>
      <trkpt lat="46.016935" lon="11.311120">
        <ele>581.633087</ele>
        <time>2026-06-27T16:58:31.196Z</time>
      </trkpt>
      <trkpt lat="46.016956" lon="11.310737">
        <ele>580.669501</ele>
        <time>2026-06-27T16:58:34.139Z</time>
      </trkpt>
      <trkpt lat="46.016938" lon="11.310505">
        <ele>580.019336</ele>
        <time>2026-06-27T16:58:35.850Z</time>
      </trkpt>
      <trkpt lat="46.016853" lon="11.310178">
        <ele>579.046894</ele>
        <time>2026-06-27T16:58:38.342Z</time>
      </trkpt>
      <trkpt lat="46.016610" lon="11.309613">
        <ele>577.195956</ele>
        <time>2026-06-27T16:58:42.876Z</time>
      </trkpt>
      <trkpt lat="46.016159" lon="11.308564">
        <ele>573.632092</ele>
        <time>2026-06-27T16:58:50.884Z</time>
      </trkpt>
      <trkpt lat="46.016062" lon="11.308200">
        <ele>572.139342</ele>
        <time>2026-06-27T16:58:53.367Z</time>
      </trkpt>
      <trkpt lat="46.016019" lon="11.307885">
        <ele>570.910206</ele>
        <time>2026-06-27T16:58:55.408Z</time>
      </trkpt>
      <trkpt lat="46.015926" lon="11.305936">
        <ele>563.411939</ele>
        <time>2026-06-27T16:59:08.063Z</time>
      </trkpt>
      <trkpt lat="46.015884" lon="11.305100">
        <ele>560.124274</ele>
        <time>2026-06-27T16:59:13.444Z</time>
      </trkpt>
      <trkpt lat="46.015860" lon="11.304614">
        <ele>558.213191</ele>
        <time>2026-06-27T16:59:16.535Z</time>
      </trkpt>
      <trkpt lat="46.015862" lon="11.304309">
        <ele>557.016816</ele>
        <time>2026-06-27T16:59:18.524Z</time>
      </trkpt>
      <trkpt lat="46.015952" lon="11.303999">
        <ele>555.698905</ele>
        <time>2026-06-27T16:59:20.710Z</time>
      </trkpt>
      <trkpt lat="46.016276" lon="11.303383">
        <ele>552.428449</ele>
        <time>2026-06-27T16:59:25.673Z</time>
      </trkpt>
      <trkpt lat="46.016310" lon="11.303354">
        <ele>552.165867</ele>
        <time>2026-06-27T16:59:26.031Z</time>
      </trkpt>
      <trkpt lat="46.016495" lon="11.303056">
        <ele>550.321389</ele>
        <time>2026-06-27T16:59:28.584Z</time>
      </trkpt>
      <trkpt lat="46.016793" lon="11.302620">
        <ele>547.498487</ele>
        <time>2026-06-27T16:59:32.455Z</time>
      </trkpt>
      <trkpt lat="46.016944" lon="11.302137">
        <ele>545.054267</ele>
        <time>2026-06-27T16:59:35.797Z</time>
      </trkpt>
      <trkpt lat="46.017052" lon="11.301579">
        <ele>542.381271</ele>
        <time>2026-06-27T16:59:39.360Z</time>
      </trkpt>
      <trkpt lat="46.017046" lon="11.300981">
        <ele>539.552440</ele>
        <time>2026-06-27T16:59:42.986Z</time>
      </trkpt>
      <trkpt lat="46.017048" lon="11.300836">
        <ele>538.864353</ele>
        <time>2026-06-27T16:59:43.871Z</time>
      </trkpt>
      <trkpt lat="46.016941" lon="11.299893">
        <ele>534.330961</ele>
        <time>2026-06-27T16:59:49.769Z</time>
      </trkpt>
      <trkpt lat="46.016948" lon="11.299598">
        <ele>532.930515</ele>
        <time>2026-06-27T16:59:51.641Z</time>
      </trkpt>
      <trkpt lat="46.017096" lon="11.299086">
        <ele>530.299290</ele>
        <time>2026-06-27T16:59:55.232Z</time>
      </trkpt>
      <trkpt lat="46.017219" lon="11.298824">
        <ele>528.937561</ele>
        <time>2026-06-27T16:59:57.332Z</time>
      </trkpt>
      <trkpt lat="46.017410" lon="11.298566">
        <ele>527.400050</ele>
        <time>2026-06-27T16:59:59.890Z</time>
      </trkpt>
      <trkpt lat="46.017760" lon="11.298201">
        <ele>524.862925</ele>
        <time>2026-06-27T17:00:04.102Z</time>
      </trkpt>
      <trkpt lat="46.017995" lon="11.297877">
        <ele>522.952820</ele>
        <time>2026-06-27T17:00:07.174Z</time>
      </trkpt>
      <trkpt lat="46.018072" lon="11.297725">
        <ele>522.185742</ele>
        <time>2026-06-27T17:00:08.382Z</time>
      </trkpt>
      <trkpt lat="46.018154" lon="11.297472">
        <ele>521.047436</ele>
        <time>2026-06-27T17:00:10.147Z</time>
      </trkpt>
      <trkpt lat="46.018205" lon="11.297151">
        <ele>519.704894</ele>
        <time>2026-06-27T17:00:12.188Z</time>
      </trkpt>
      <trkpt lat="46.018208" lon="11.296893">
        <ele>518.432725</ele>
        <time>2026-06-27T17:00:13.754Z</time>
      </trkpt>
      <trkpt lat="46.018133" lon="11.296533">
        <ele>516.310878</ele>
        <time>2026-06-27T17:00:15.975Z</time>
      </trkpt>
      <trkpt lat="46.018011" lon="11.295947">
        <ele>512.857171</ele>
        <time>2026-06-27T17:00:19.598Z</time>
      </trkpt>
      <trkpt lat="46.017927" lon="11.295549">
        <ele>510.508798</ele>
        <time>2026-06-27T17:00:22.097Z</time>
      </trkpt>
      <trkpt lat="46.017892" lon="11.295479">
        <ele>510.021838</ele>
        <time>2026-06-27T17:00:22.631Z</time>
      </trkpt>
      <trkpt lat="46.017770" lon="11.295423">
        <ele>508.980859</ele>
        <time>2026-06-27T17:00:23.767Z</time>
      </trkpt>
      <trkpt lat="46.017677" lon="11.295473">
        <ele>508.173831</ele>
        <time>2026-06-27T17:00:24.642Z</time>
      </trkpt>
      <trkpt lat="46.017629" lon="11.295688">
        <ele>506.898866</ele>
        <time>2026-06-27T17:00:26.060Z</time>
      </trkpt>
      <trkpt lat="46.017625" lon="11.296097">
        <ele>504.597761</ele>
        <time>2026-06-27T17:00:28.686Z</time>
      </trkpt>
      <trkpt lat="46.017562" lon="11.296386">
        <ele>503.935181</ele>
        <time>2026-06-27T17:00:30.695Z</time>
      </trkpt>
      <trkpt lat="46.017457" lon="11.296627">
        <ele>503.312849</ele>
        <time>2026-06-27T17:00:32.635Z</time>
      </trkpt>
      <trkpt lat="46.017379" lon="11.296742">
        <ele>502.961218</ele>
        <time>2026-06-27T17:00:33.751Z</time>
      </trkpt>
      <trkpt lat="46.017212" lon="11.296905">
        <ele>502.325731</ele>
        <time>2026-06-27T17:00:36.037Z</time>
      </trkpt>
      <trkpt lat="46.017007" lon="11.297003">
        <ele>501.645345</ele>
        <time>2026-06-27T17:00:38.720Z</time>
      </trkpt>
      <trkpt lat="46.016908" lon="11.297018">
        <ele>501.331782</ele>
        <time>2026-06-27T17:00:39.878Z</time>
      </trkpt>
      <trkpt lat="46.016575" lon="11.296982">
        <ele>500.279908</ele>
        <time>2026-06-27T17:00:43.547Z</time>
      </trkpt>
      <trkpt lat="46.016388" lon="11.296958">
        <ele>499.688539</ele>
        <time>2026-06-27T17:00:45.503Z</time>
      </trkpt>
      <trkpt lat="46.015925" lon="11.296856">
        <ele>498.280247</ele>
        <time>2026-06-27T17:00:50.150Z</time>
      </trkpt>
      <trkpt lat="46.015803" lon="11.296820">
        <ele>497.924312</ele>
        <time>2026-06-27T17:00:51.362Z</time>
      </trkpt>
      <trkpt lat="46.015562" lon="11.296763">
        <ele>497.226280</ele>
        <time>2026-06-27T17:00:53.751Z</time>
      </trkpt>
      <trkpt lat="46.014783" lon="11.296689">
        <ele>494.994977</ele>
        <time>2026-06-27T17:01:01.541Z</time>
      </trkpt>
      <trkpt lat="46.014149" lon="11.296826">
        <ele>493.261125</ele>
        <time>2026-06-27T17:01:09.165Z</time>
      </trkpt>
      <trkpt lat="46.014081" lon="11.296827">
        <ele>493.096954</ele>
        <time>2026-06-27T17:01:10.067Z</time>
      </trkpt>
      <trkpt lat="46.014051" lon="11.296798">
        <ele>493.009723</ele>
        <time>2026-06-27T17:01:10.510Z</time>
      </trkpt>
      <trkpt lat="46.013922" lon="11.296898">
        <ele>492.656035</ele>
        <time>2026-06-27T17:01:12.481Z</time>
      </trkpt>
      <trkpt lat="46.013862" lon="11.296948">
        <ele>492.488677</ele>
        <time>2026-06-27T17:01:13.508Z</time>
      </trkpt>
      <trkpt lat="46.013660" lon="11.297108">
        <ele>491.932107</ele>
        <time>2026-06-27T17:01:16.336Z</time>
      </trkpt>
      <trkpt lat="46.013310" lon="11.297406">
        <ele>490.950490</ele>
        <time>2026-06-27T17:01:20.907Z</time>
      </trkpt>
      <trkpt lat="46.013241" lon="11.297483">
        <ele>490.739744</ele>
        <time>2026-06-27T17:01:21.816Z</time>
      </trkpt>
      <trkpt lat="46.013192" lon="11.297546">
        <ele>490.581155</ele>
        <time>2026-06-27T17:01:22.529Z</time>
      </trkpt>
      <trkpt lat="46.013120" lon="11.297660">
        <ele>490.322805</ele>
        <time>2026-06-27T17:01:23.641Z</time>
      </trkpt>
      <trkpt lat="46.013047" lon="11.297771">
        <ele>490.066499</ele>
        <time>2026-06-27T17:01:24.735Z</time>
      </trkpt>
      <trkpt lat="46.012971" lon="11.297890">
        <ele>489.795445</ele>
        <time>2026-06-27T17:01:25.856Z</time>
      </trkpt>
      <trkpt lat="46.012945" lon="11.297795">
        <ele>489.624245</ele>
        <time>2026-06-27T17:01:26.536Z</time>
      </trkpt>
      <trkpt lat="46.012736" lon="11.297376">
        <ele>487.549350</ele>
        <time>2026-06-27T17:01:29.848Z</time>
      </trkpt>
      <trkpt lat="46.012563" lon="11.297027">
        <ele>485.579045</ele>
        <time>2026-06-27T17:01:32.519Z</time>
      </trkpt>
      <trkpt lat="46.012351" lon="11.296589">
        <ele>483.125794</ele>
        <time>2026-06-27T17:01:35.779Z</time>
      </trkpt>
      <trkpt lat="46.012260" lon="11.296398">
        <ele>482.061443</ele>
        <time>2026-06-27T17:01:37.191Z</time>
      </trkpt>
      <trkpt lat="46.011675" lon="11.295212">
        <ele>475.682267</ele>
        <time>2026-06-27T17:01:46.324Z</time>
      </trkpt>
      <trkpt lat="46.011560" lon="11.295383">
        <ele>474.741906</ele>
        <time>2026-06-27T17:01:47.868Z</time>
      </trkpt>
      <trkpt lat="46.011515" lon="11.295481">
        <ele>474.277782</ele>
        <time>2026-06-27T17:01:48.635Z</time>
      </trkpt>
      <trkpt lat="46.011437" lon="11.295613">
        <ele>473.593097</ele>
        <time>2026-06-27T17:01:49.769Z</time>
      </trkpt>
      <trkpt lat="46.011317" lon="11.296000">
        <ele>471.918762</ele>
        <time>2026-06-27T17:01:52.540Z</time>
      </trkpt>
      <trkpt lat="46.011207" lon="11.296550">
        <ele>469.657636</ele>
        <time>2026-06-27T17:01:56.309Z</time>
      </trkpt>
      <trkpt lat="46.011037" lon="11.296411">
        <ele>468.545589</ele>
        <time>2026-06-27T17:01:58.143Z</time>
      </trkpt>
      <trkpt lat="46.010928" lon="11.296266">
        <ele>467.701450</ele>
        <time>2026-06-27T17:01:59.512Z</time>
      </trkpt>
      <trkpt lat="46.010761" lon="11.296043">
        <ele>466.204926</ele>
        <time>2026-06-27T17:02:01.591Z</time>
      </trkpt>
      <trkpt lat="46.010666" lon="11.295917">
        <ele>465.309163</ele>
        <time>2026-06-27T17:02:02.760Z</time>
      </trkpt>
      <trkpt lat="46.010520" lon="11.295723">
        <ele>463.931348</ele>
        <time>2026-06-27T17:02:04.545Z</time>
      </trkpt>
      <trkpt lat="46.010509" lon="11.295708">
        <ele>463.826278</ele>
        <time>2026-06-27T17:02:04.683Z</time>
      </trkpt>
      <trkpt lat="46.010290" lon="11.295416">
        <ele>461.756281</ele>
        <time>2026-06-27T17:02:07.324Z</time>
      </trkpt>
      <trkpt lat="46.010252" lon="11.295365">
        <ele>461.396011</ele>
        <time>2026-06-27T17:02:07.783Z</time>
      </trkpt>
      <trkpt lat="46.010153" lon="11.295232">
        <ele>460.456978</ele>
        <time>2026-06-27T17:02:08.985Z</time>
      </trkpt>
      <trkpt lat="46.009917" lon="11.294914">
        <ele>458.215350</ele>
        <time>2026-06-27T17:02:11.865Z</time>
      </trkpt>
      <trkpt lat="46.009861" lon="11.294829">
        <ele>457.651033</ele>
        <time>2026-06-27T17:02:12.596Z</time>
      </trkpt>
      <trkpt lat="46.009608" lon="11.294451">
        <ele>455.122474</ele>
        <time>2026-06-27T17:02:15.852Z</time>
      </trkpt>
      <trkpt lat="46.009341" lon="11.294134">
        <ele>453.359155</ele>
        <time>2026-06-27T17:02:18.989Z</time>
      </trkpt>
      <trkpt lat="46.009136" lon="11.293944">
        <ele>452.174668</ele>
        <time>2026-06-27T17:02:21.231Z</time>
      </trkpt>
      <trkpt lat="46.009003" lon="11.293796">
        <ele>451.358004</ele>
        <time>2026-06-27T17:02:22.790Z</time>
      </trkpt>
      <trkpt lat="46.008968" lon="11.293657">
        <ele>450.859092</ele>
        <time>2026-06-27T17:02:23.755Z</time>
      </trkpt>
      <trkpt lat="46.008869" lon="11.293647">
        <ele>450.376928</ele>
        <time>2026-06-27T17:02:24.681Z</time>
      </trkpt>
      <trkpt lat="46.008620" lon="11.293526">
        <ele>449.100140</ele>
        <time>2026-06-27T17:02:27.207Z</time>
      </trkpt>
      <trkpt lat="46.008272" lon="11.293315">
        <ele>447.265611</ele>
        <time>2026-06-27T17:02:30.936Z</time>
      </trkpt>
      <trkpt lat="46.007896" lon="11.293143">
        <ele>445.832294</ele>
        <time>2026-06-27T17:02:34.999Z</time>
      </trkpt>
      <trkpt lat="46.007680" lon="11.293044">
        <ele>445.430312</ele>
        <time>2026-06-27T17:02:37.400Z</time>
      </trkpt>
      <trkpt lat="46.007580" lon="11.292990">
        <ele>445.240915</ele>
        <time>2026-06-27T17:02:38.541Z</time>
      </trkpt>
      <trkpt lat="46.007581" lon="11.292863">
        <ele>445.084479</ele>
        <time>2026-06-27T17:02:39.502Z</time>
      </trkpt>
      <trkpt lat="46.007529" lon="11.292760">
        <ele>444.927642</ele>
        <time>2026-06-27T17:02:40.458Z</time>
      </trkpt>
      <trkpt lat="46.007483" lon="11.292729">
        <ele>444.837574</ele>
        <time>2026-06-27T17:02:41.021Z</time>
      </trkpt>
      <trkpt lat="46.007384" lon="11.292745">
        <ele>444.660911</ele>
        <time>2026-06-27T17:02:42.121Z</time>
      </trkpt>
      <trkpt lat="46.007317" lon="11.292852">
        <ele>444.483468</ele>
        <time>2026-06-27T17:02:43.241Z</time>
      </trkpt>
      <trkpt lat="46.007186" lon="11.292798">
        <ele>444.241826</ele>
        <time>2026-06-27T17:02:44.777Z</time>
      </trkpt>
      <trkpt lat="46.007074" lon="11.292672">
        <ele>443.989769</ele>
        <time>2026-06-27T17:02:46.431Z</time>
      </trkpt>
      <trkpt lat="46.006786" lon="11.292326">
        <ele>443.324592</ele>
        <time>2026-06-27T17:02:51.025Z</time>
      </trkpt>
      <trkpt lat="46.006345" lon="11.291786">
        <ele>442.895632</ele>
        <time>2026-06-27T17:02:58.407Z</time>
      </trkpt>
      <trkpt lat="46.006162" lon="11.291563">
        <ele>442.878603</ele>
        <time>2026-06-27T17:03:01.612Z</time>
      </trkpt>
      <trkpt lat="46.006146" lon="11.291546">
        <ele>442.877190</ele>
        <time>2026-06-27T17:03:01.882Z</time>
      </trkpt>
      <trkpt lat="46.006090" lon="11.291480">
        <ele>442.872050</ele>
        <time>2026-06-27T17:03:02.909Z</time>
      </trkpt>
      <trkpt lat="46.006011" lon="11.291392">
        <ele>442.864955</ele>
        <time>2026-06-27T17:03:04.436Z</time>
      </trkpt>
      <trkpt lat="46.005629" lon="11.290937">
        <ele>442.829740</ele>
        <time>2026-06-27T17:03:12.605Z</time>
      </trkpt>
      <trkpt lat="46.005666" lon="11.290893">
        <ele>442.826331</ele>
        <time>2026-06-27T17:03:13.427Z</time>
      </trkpt>
      <trkpt lat="46.005748" lon="11.289983">
        <ele>442.792815</ele>
        <time>2026-06-27T17:03:23.781Z</time>
      </trkpt>
      <trkpt lat="46.005829" lon="11.289936">
        <ele>442.792815</ele>
        <time>2026-06-27T17:03:25.194Z</time>
      </trkpt>
      <trkpt lat="46.006532" lon="11.288208">
        <ele>442.792815</ele>
        <time>2026-06-27T17:03:45.521Z</time>
      </trkpt>
      <trkpt lat="46.006842" lon="11.287450">
        <ele>442.792815</ele>
        <time>2026-06-27T17:03:53.890Z</time>
      </trkpt>
    </trkseg>
  </trk>
</gpx>