<?xml version='1.0' encoding='UTF-8'?>
<gpx version="1.1" creator="https://www.komoot.de" xmlns="http://www.topografix.com/GPX/1/1" xmlns:xsi="http://www.w3.org/2001/XMLSchema-instance" xsi:schemaLocation="http://www.topografix.com/GPX/1/1 http://www.topografix.com/GPX/1/1/gpx.xsd">
  <metadata>
    <name>The Ride Dolomites - Etappe 4A lang - donderdag</name>
    <author>
      <link href="https://www.komoot.de">
        <text>komoot</text>
        <type>text/html</type>
      </link>
    </author>
  </metadata>
  <wpt lat="46.508070" lon="11.767318">
    <name>Sella-pas</name>
    <sym>Flag, Blue</sym>
  </wpt>
  <wpt lat="46.532910" lon="11.778080">
    <name>Start Challenge</name>
    <sym>Flag, Blue</sym>
  </wpt>
  <wpt lat="46.549860" lon="11.808310">
    <name>Finish Challenge</name>
    <sym>Flag, Blue</sym>
  </wpt>
  <wpt lat="46.549793" lon="11.808457">
    <name>Passo Gardena</name>
    <sym>Flag, Blue</sym>
  </wpt>
  <wpt lat="46.553389" lon="11.968068">
    <name>VP1</name>
    <sym>Flag, Blue</sym>
  </wpt>
  <wpt lat="46.525018" lon="11.997521">
    <name>Passo Valparola</name>
    <sym>Flag, Blue</sym>
  </wpt>
  <wpt lat="46.518751" lon="12.008663">
    <name>Passo Falzarego</name>
    <sym>Flag, Blue</sym>
  </wpt>
  <wpt lat="46.482649" lon="12.053127">
    <name>Passo Giau</name>
    <sym>Flag, Blue</sym>
  </wpt>
  <wpt lat="46.456434" lon="12.031590">
    <name>Einde afdaling rechts af</name>
    <sym>Flag, Blue</sym>
  </wpt>
  <wpt lat="46.456693" lon="11.989477">
    <name>Let op: afdaling linksaf</name>
    <sym>Flag, Blue</sym>
  </wpt>
  <wpt lat="46.440828" lon="11.990022">
    <name>Drinkfontein</name>
    <sym>Drinking Water</sym>
  </wpt>
  <wpt lat="46.439072" lon="11.986548">
    <name>VP 2</name>
    <sym>Flag, Blue</sym>
  </wpt>
  <wpt lat="46.454399" lon="11.886535">
    <name>Passo di Fedaia</name>
    <sym>Flag, Blue</sym>
  </wpt>
  <wpt lat="46.464092" lon="11.861355">
    <name>Let op: tunnels</name>
    <sym>Flag, Blue</sym>
  </wpt>
  <wpt lat="46.464011" lon="11.861741">
    <name>Afdaling met slechter wegdek</name>
    <sym>Flag, Blue</sym>
  </wpt>
  <trk>
    <name>The Ride Dolomites - Etappe 4A lang - donderdag</name>
    <type>racebike</type>
    <trkseg>
      <trkpt lat="46.475161" lon="11.740714">
        <ele>1420.153506</ele>
        <time>2026-08-05T11:48:46.638Z</time>
      </trkpt>
      <trkpt lat="46.475406" lon="11.740773">
        <ele>1420.153506</ele>
        <time>2026-08-05T11:48:52.970Z</time>
      </trkpt>
      <trkpt lat="46.475637" lon="11.740735">
        <ele>1420.153506</ele>
        <time>2026-08-05T11:48:58.821Z</time>
      </trkpt>
      <trkpt lat="46.475747" lon="11.740716">
        <ele>1420.153506</ele>
        <time>2026-08-05T11:49:01.507Z</time>
      </trkpt>
      <trkpt lat="46.475977" lon="11.740733">
        <ele>1420.153506</ele>
        <time>2026-08-05T11:49:07.129Z</time>
      </trkpt>
      <trkpt lat="46.476166" lon="11.740689">
        <ele>1420.174712</ele>
        <time>2026-08-05T11:49:11.744Z</time>
      </trkpt>
      <trkpt lat="46.476206" lon="11.740676">
        <ele>1420.182337</ele>
        <time>2026-08-05T11:49:12.761Z</time>
      </trkpt>
      <trkpt lat="46.476240" lon="11.740666">
        <ele>1420.188791</ele>
        <time>2026-08-05T11:49:13.645Z</time>
      </trkpt>
      <trkpt lat="46.476278" lon="11.740848">
        <ele>1420.213156</ele>
        <time>2026-08-05T11:49:16.169Z</time>
      </trkpt>
      <trkpt lat="46.476438" lon="11.741650">
        <ele>1420.320128</ele>
        <time>2026-08-05T11:49:25.309Z</time>
      </trkpt>
      <trkpt lat="46.476465" lon="11.741779">
        <ele>1420.337402</ele>
        <time>2026-08-05T11:49:26.426Z</time>
      </trkpt>
      <trkpt lat="46.476497" lon="11.741942">
        <ele>1420.359116</ele>
        <time>2026-08-05T11:49:27.672Z</time>
      </trkpt>
      <trkpt lat="46.476524" lon="11.742077">
        <ele>1420.377126</ele>
        <time>2026-08-05T11:49:28.593Z</time>
      </trkpt>
      <trkpt lat="46.476549" lon="11.742196">
        <ele>1420.393065</ele>
        <time>2026-08-05T11:49:29.411Z</time>
      </trkpt>
      <trkpt lat="46.476805" lon="11.743545">
        <ele>1419.293701</ele>
        <time>2026-08-05T11:49:37.937Z</time>
      </trkpt>
      <trkpt lat="46.476805" lon="11.743953">
        <ele>1418.552351</ele>
        <time>2026-08-05T11:49:40.249Z</time>
      </trkpt>
      <trkpt lat="46.476724" lon="11.744568">
        <ele>1417.414619</ele>
        <time>2026-08-05T11:49:43.668Z</time>
      </trkpt>
      <trkpt lat="46.476731" lon="11.744748">
        <ele>1417.087031</ele>
        <time>2026-08-05T11:49:44.660Z</time>
      </trkpt>
      <trkpt lat="46.476756" lon="11.744975">
        <ele>1416.669323</ele>
        <time>2026-08-05T11:49:45.941Z</time>
      </trkpt>
      <trkpt lat="46.476902" lon="11.745423">
        <ele>1415.768741</ele>
        <time>2026-08-05T11:49:48.789Z</time>
      </trkpt>
      <trkpt lat="46.477060" lon="11.745898">
        <ele>1415.707801</ele>
        <time>2026-08-05T11:49:51.969Z</time>
      </trkpt>
      <trkpt lat="46.477235" lon="11.746456">
        <ele>1415.666561</ele>
        <time>2026-08-05T11:49:56.140Z</time>
      </trkpt>
      <trkpt lat="46.477422" lon="11.747421">
        <ele>1415.599134</ele>
        <time>2026-08-05T11:50:06.712Z</time>
      </trkpt>
      <trkpt lat="46.477584" lon="11.747876">
        <ele>1415.580350</ele>
        <time>2026-08-05T11:50:13.386Z</time>
      </trkpt>
      <trkpt lat="46.477763" lon="11.748287">
        <ele>1415.811031</ele>
        <time>2026-08-05T11:50:18.268Z</time>
      </trkpt>
      <trkpt lat="46.478042" lon="11.748739">
        <ele>1416.098966</ele>
        <time>2026-08-05T11:50:23.878Z</time>
      </trkpt>
      <trkpt lat="46.478208" lon="11.749088">
        <ele>1416.300167</ele>
        <time>2026-08-05T11:50:27.820Z</time>
      </trkpt>
      <trkpt lat="46.478353" lon="11.749566">
        <ele>1416.547933</ele>
        <time>2026-08-05T11:50:32.498Z</time>
      </trkpt>
      <trkpt lat="46.478748" lon="11.750849">
        <ele>1417.627730</ele>
        <time>2026-08-05T11:50:45.316Z</time>
      </trkpt>
      <trkpt lat="46.479191" lon="11.752076">
        <ele>1418.948771</ele>
        <time>2026-08-05T11:51:02.857Z</time>
      </trkpt>
      <trkpt lat="46.479279" lon="11.752721">
        <ele>1419.615804</ele>
        <time>2026-08-05T11:51:10.497Z</time>
      </trkpt>
      <trkpt lat="46.479314" lon="11.753357">
        <ele>1420.311340</ele>
        <time>2026-08-05T11:51:17.695Z</time>
      </trkpt>
      <trkpt lat="46.479256" lon="11.753589">
        <ele>1420.580402</ele>
        <time>2026-08-05T11:51:20.470Z</time>
      </trkpt>
      <trkpt lat="46.479084" lon="11.754040">
        <ele>1421.142419</ele>
        <time>2026-08-05T11:51:26.318Z</time>
      </trkpt>
      <trkpt lat="46.478926" lon="11.754343">
        <ele>1421.556749</ele>
        <time>2026-08-05T11:51:30.741Z</time>
      </trkpt>
      <trkpt lat="46.478827" lon="11.754902">
        <ele>1422.203070</ele>
        <time>2026-08-05T11:51:37.587Z</time>
      </trkpt>
      <trkpt lat="46.478846" lon="11.755106">
        <ele>1422.517999</ele>
        <time>2026-08-05T11:51:40.098Z</time>
      </trkpt>
      <trkpt lat="46.478929" lon="11.755494">
        <ele>1423.139558</ele>
        <time>2026-08-05T11:51:45.181Z</time>
      </trkpt>
      <trkpt lat="46.479106" lon="11.756089">
        <ele>1424.131113</ele>
        <time>2026-08-05T11:51:53.580Z</time>
      </trkpt>
      <trkpt lat="46.479139" lon="11.756297">
        <ele>1424.457655</ele>
        <time>2026-08-05T11:51:56.413Z</time>
      </trkpt>
      <trkpt lat="46.479130" lon="11.756462">
        <ele>1424.710868</ele>
        <time>2026-08-05T11:51:58.632Z</time>
      </trkpt>
      <trkpt lat="46.479118" lon="11.756642">
        <ele>1424.987525</ele>
        <time>2026-08-05T11:52:01.125Z</time>
      </trkpt>
      <trkpt lat="46.478876" lon="11.757612">
        <ele>1426.673053</ele>
        <time>2026-08-05T11:52:15.582Z</time>
      </trkpt>
      <trkpt lat="46.478876" lon="11.757824">
        <ele>1427.078911</ele>
        <time>2026-08-05T11:52:18.362Z</time>
      </trkpt>
      <trkpt lat="46.478904" lon="11.758058">
        <ele>1427.533600</ele>
        <time>2026-08-05T11:52:21.400Z</time>
      </trkpt>
      <trkpt lat="46.479081" lon="11.758695">
        <ele>1428.848623</ele>
        <time>2026-08-05T11:52:30.506Z</time>
      </trkpt>
      <trkpt lat="46.479309" lon="11.759501">
        <ele>1430.516761</ele>
        <time>2026-08-05T11:52:43.090Z</time>
      </trkpt>
      <trkpt lat="46.479411" lon="11.759897">
        <ele>1431.412310</ele>
        <time>2026-08-05T11:52:49.758Z</time>
      </trkpt>
      <trkpt lat="46.479510" lon="11.760304">
        <ele>1432.620637</ele>
        <time>2026-08-05T11:52:56.859Z</time>
      </trkpt>
      <trkpt lat="46.479533" lon="11.760521">
        <ele>1433.235249</ele>
        <time>2026-08-05T11:53:00.658Z</time>
      </trkpt>
      <trkpt lat="46.479501" lon="11.760914">
        <ele>1434.343056</ele>
        <time>2026-08-05T11:53:07.782Z</time>
      </trkpt>
      <trkpt lat="46.479439" lon="11.761554">
        <ele>1436.152282</ele>
        <time>2026-08-05T11:53:20.132Z</time>
      </trkpt>
      <trkpt lat="46.479406" lon="11.761714">
        <ele>1436.619837</ele>
        <time>2026-08-05T11:53:23.302Z</time>
      </trkpt>
      <trkpt lat="46.479281" lon="11.762043">
        <ele>1437.671708</ele>
        <time>2026-08-05T11:53:29.975Z</time>
      </trkpt>
      <trkpt lat="46.479175" lon="11.762183">
        <ele>1438.254184</ele>
        <time>2026-08-05T11:53:33.567Z</time>
      </trkpt>
      <trkpt lat="46.478651" lon="11.762702">
        <ele>1439.154348</ele>
        <time>2026-08-05T11:53:47.388Z</time>
      </trkpt>
      <trkpt lat="46.478549" lon="11.762882">
        <ele>1439.346940</ele>
        <time>2026-08-05T11:53:50.066Z</time>
      </trkpt>
      <trkpt lat="46.478495" lon="11.763013">
        <ele>1439.473081</ele>
        <time>2026-08-05T11:53:51.625Z</time>
      </trkpt>
      <trkpt lat="46.478458" lon="11.763104">
        <ele>1439.560392</ele>
        <time>2026-08-05T11:53:52.720Z</time>
      </trkpt>
      <trkpt lat="46.478328" lon="11.763286">
        <ele>1439.777042</ele>
        <time>2026-08-05T11:53:55.205Z</time>
      </trkpt>
      <trkpt lat="46.478227" lon="11.763396">
        <ele>1439.928512</ele>
        <time>2026-08-05T11:53:56.864Z</time>
      </trkpt>
      <trkpt lat="46.478043" lon="11.763717">
        <ele>1440.273578</ele>
        <time>2026-08-05T11:54:00.250Z</time>
      </trkpt>
      <trkpt lat="46.477818" lon="11.764270">
        <ele>1440.517325</ele>
        <time>2026-08-05T11:54:04.455Z</time>
      </trkpt>
      <trkpt lat="46.477762" lon="11.764454">
        <ele>1440.438543</ele>
        <time>2026-08-05T11:54:05.715Z</time>
      </trkpt>
      <trkpt lat="46.477675" lon="11.765012">
        <ele>1440.214488</ele>
        <time>2026-08-05T11:54:09.242Z</time>
      </trkpt>
      <trkpt lat="46.477610" lon="11.765265">
        <ele>1440.108737</ele>
        <time>2026-08-05T11:54:10.984Z</time>
      </trkpt>
      <trkpt lat="46.477368" lon="11.765715">
        <ele>1439.885137</ele>
        <time>2026-08-05T11:54:14.954Z</time>
      </trkpt>
      <trkpt lat="46.477300" lon="11.765863">
        <ele>1439.815460</ele>
        <time>2026-08-05T11:54:16.312Z</time>
      </trkpt>
      <trkpt lat="46.477264" lon="11.766058">
        <ele>1439.736397</ele>
        <time>2026-08-05T11:54:17.939Z</time>
      </trkpt>
      <trkpt lat="46.477280" lon="11.766482">
        <ele>1439.669040</ele>
        <time>2026-08-05T11:54:21.552Z</time>
      </trkpt>
      <trkpt lat="46.477312" lon="11.766979">
        <ele>1440.636900</ele>
        <time>2026-08-05T11:54:27.171Z</time>
      </trkpt>
      <trkpt lat="46.477315" lon="11.767049">
        <ele>1440.772889</ele>
        <time>2026-08-05T11:54:28.188Z</time>
      </trkpt>
      <trkpt lat="46.477356" lon="11.767715">
        <ele>1442.069376</ele>
        <time>2026-08-05T11:54:38.734Z</time>
      </trkpt>
      <trkpt lat="46.477421" lon="11.768105">
        <ele>1442.847396</ele>
        <time>2026-08-05T11:54:45.379Z</time>
      </trkpt>
      <trkpt lat="46.477525" lon="11.768398">
        <ele>1443.486531</ele>
        <time>2026-08-05T11:54:50.951Z</time>
      </trkpt>
      <trkpt lat="46.477552" lon="11.768597">
        <ele>1443.879797</ele>
        <time>2026-08-05T11:54:54.368Z</time>
      </trkpt>
      <trkpt lat="46.477527" lon="11.768861">
        <ele>1444.396494</ele>
        <time>2026-08-05T11:54:58.810Z</time>
      </trkpt>
      <trkpt lat="46.477239" lon="11.769849">
        <ele>1445.739688</ele>
        <time>2026-08-05T11:55:14.902Z</time>
      </trkpt>
      <trkpt lat="46.477120" lon="11.770199">
        <ele>1446.190994</ele>
        <time>2026-08-05T11:55:19.362Z</time>
      </trkpt>
      <trkpt lat="46.477039" lon="11.770303">
        <ele>1446.372526</ele>
        <time>2026-08-05T11:55:20.947Z</time>
      </trkpt>
      <trkpt lat="46.476646" lon="11.770566">
        <ele>1447.099054</ele>
        <time>2026-08-05T11:55:27.125Z</time>
      </trkpt>
      <trkpt lat="46.476449" lon="11.770739">
        <ele>1447.485588</ele>
        <time>2026-08-05T11:55:30.190Z</time>
      </trkpt>
      <trkpt lat="46.476278" lon="11.770945">
        <ele>1447.599815</ele>
        <time>2026-08-05T11:55:32.954Z</time>
      </trkpt>
      <trkpt lat="46.476249" lon="11.770988">
        <ele>1447.573491</ele>
        <time>2026-08-05T11:55:33.458Z</time>
      </trkpt>
      <trkpt lat="46.476157" lon="11.771142">
        <ele>1447.484323</ele>
        <time>2026-08-05T11:55:35.087Z</time>
      </trkpt>
      <trkpt lat="46.476105" lon="11.771226">
        <ele>1447.434921</ele>
        <time>2026-08-05T11:55:35.966Z</time>
      </trkpt>
      <trkpt lat="46.476059" lon="11.771306">
        <ele>1447.389338</ele>
        <time>2026-08-05T11:55:36.780Z</time>
      </trkpt>
      <trkpt lat="46.475942" lon="11.771510">
        <ele>1447.273222</ele>
        <time>2026-08-05T11:55:38.898Z</time>
      </trkpt>
      <trkpt lat="46.475472" lon="11.772314">
        <ele>1446.811956</ele>
        <time>2026-08-05T11:55:46.614Z</time>
      </trkpt>
      <trkpt lat="46.475009" lon="11.773085">
        <ele>1446.193025</ele>
        <time>2026-08-05T11:55:52.958Z</time>
      </trkpt>
      <trkpt lat="46.474882" lon="11.773282">
        <ele>1445.951547</ele>
        <time>2026-08-05T11:55:54.564Z</time>
      </trkpt>
      <trkpt lat="46.474860" lon="11.773316">
        <ele>1445.909798</ele>
        <time>2026-08-05T11:55:54.843Z</time>
      </trkpt>
      <trkpt lat="46.474463" lon="11.773937">
        <ele>1445.151548</ele>
        <time>2026-08-05T11:56:00.021Z</time>
      </trkpt>
      <trkpt lat="46.474290" lon="11.774208">
        <ele>1444.820872</ele>
        <time>2026-08-05T11:56:02.314Z</time>
      </trkpt>
      <trkpt lat="46.474222" lon="11.774312">
        <ele>1444.692540</ele>
        <time>2026-08-05T11:56:03.238Z</time>
      </trkpt>
      <trkpt lat="46.474017" lon="11.774625">
        <ele>1444.305999</ele>
        <time>2026-08-05T11:56:06.289Z</time>
      </trkpt>
      <trkpt lat="46.473555" lon="11.775334">
        <ele>1444.957519</ele>
        <time>2026-08-05T11:56:15.375Z</time>
      </trkpt>
      <trkpt lat="46.473458" lon="11.775478">
        <ele>1445.139540</ele>
        <time>2026-08-05T11:56:17.819Z</time>
      </trkpt>
      <trkpt lat="46.473385" lon="11.775593">
        <ele>1445.280869</ele>
        <time>2026-08-05T11:56:19.747Z</time>
      </trkpt>
      <trkpt lat="46.473182" lon="11.775901">
        <ele>1445.666112</ele>
        <time>2026-08-05T11:56:24.940Z</time>
      </trkpt>
      <trkpt lat="46.473036" lon="11.776128">
        <ele>1445.946784</ele>
        <time>2026-08-05T11:56:28.861Z</time>
      </trkpt>
      <trkpt lat="46.472795" lon="11.776506">
        <ele>1446.412267</ele>
        <time>2026-08-05T11:56:35.666Z</time>
      </trkpt>
      <trkpt lat="46.472705" lon="11.776646">
        <ele>1446.595926</ele>
        <time>2026-08-05T11:56:38.173Z</time>
      </trkpt>
      <trkpt lat="46.472534" lon="11.776733">
        <ele>1446.907814</ele>
        <time>2026-08-05T11:56:41.397Z</time>
      </trkpt>
      <trkpt lat="46.472490" lon="11.776714">
        <ele>1446.986829</ele>
        <time>2026-08-05T11:56:42.188Z</time>
      </trkpt>
      <trkpt lat="46.472400" lon="11.776740">
        <ele>1447.144783</ele>
        <time>2026-08-05T11:56:43.792Z</time>
      </trkpt>
      <trkpt lat="46.472339" lon="11.776839">
        <ele>1447.302258</ele>
        <time>2026-08-05T11:56:45.363Z</time>
      </trkpt>
      <trkpt lat="46.472332" lon="11.776972">
        <ele>1447.460385</ele>
        <time>2026-08-05T11:56:46.951Z</time>
      </trkpt>
      <trkpt lat="46.472349" lon="11.777031">
        <ele>1447.536202</ele>
        <time>2026-08-05T11:56:47.726Z</time>
      </trkpt>
      <trkpt lat="46.472416" lon="11.777115">
        <ele>1447.688571</ele>
        <time>2026-08-05T11:56:49.241Z</time>
      </trkpt>
      <trkpt lat="46.472494" lon="11.777128">
        <ele>1447.823714</ele>
        <time>2026-08-05T11:56:50.594Z</time>
      </trkpt>
      <trkpt lat="46.472628" lon="11.777156">
        <ele>1448.056745</ele>
        <time>2026-08-05T11:56:52.893Z</time>
      </trkpt>
      <trkpt lat="46.472735" lon="11.777137">
        <ele>1448.242296</ele>
        <time>2026-08-05T11:56:54.701Z</time>
      </trkpt>
      <trkpt lat="46.472768" lon="11.777139">
        <ele>1448.299148</ele>
        <time>2026-08-05T11:56:55.239Z</time>
      </trkpt>
      <trkpt lat="46.472769" lon="11.777178">
        <ele>1448.345413</ele>
        <time>2026-08-05T11:56:57.101Z</time>
      </trkpt>
      <trkpt lat="46.472836" lon="11.777173">
        <ele>1448.460892</ele>
        <time>2026-08-05T11:57:01.791Z</time>
      </trkpt>
      <trkpt lat="46.472769" lon="11.777178">
        <ele>1448.576372</ele>
        <time>2026-08-05T11:57:06.481Z</time>
      </trkpt>
      <trkpt lat="46.472768" lon="11.777139">
        <ele>1448.622637</ele>
        <time>2026-08-05T11:57:08.343Z</time>
      </trkpt>
      <trkpt lat="46.473140" lon="11.777117">
        <ele>1449.263491</ele>
        <time>2026-08-05T11:57:14.401Z</time>
      </trkpt>
      <trkpt lat="46.473638" lon="11.777083">
        <ele>1450.661828</ele>
        <time>2026-08-05T11:57:22.725Z</time>
      </trkpt>
      <trkpt lat="46.473681" lon="11.777060">
        <ele>1450.830542</ele>
        <time>2026-08-05T11:57:23.571Z</time>
      </trkpt>
      <trkpt lat="46.474163" lon="11.776810">
        <ele>1452.714955</ele>
        <time>2026-08-05T11:57:34.671Z</time>
      </trkpt>
      <trkpt lat="46.474256" lon="11.776699">
        <ele>1453.158183</ele>
        <time>2026-08-05T11:57:38.002Z</time>
      </trkpt>
      <trkpt lat="46.474388" lon="11.776408">
        <ele>1454.041696</ele>
        <time>2026-08-05T11:57:44.589Z</time>
      </trkpt>
      <trkpt lat="46.474488" lon="11.776256">
        <ele>1454.574693</ele>
        <time>2026-08-05T11:57:48.365Z</time>
      </trkpt>
      <trkpt lat="46.474771" lon="11.775953">
        <ele>1455.869239</ele>
        <time>2026-08-05T11:57:57.637Z</time>
      </trkpt>
      <trkpt lat="46.474880" lon="11.775896">
        <ele>1456.301530</ele>
        <time>2026-08-05T11:58:00.773Z</time>
      </trkpt>
      <trkpt lat="46.475014" lon="11.775894">
        <ele>1456.902826</ele>
        <time>2026-08-05T11:58:04.416Z</time>
      </trkpt>
      <trkpt lat="46.475121" lon="11.775838">
        <ele>1457.413172</ele>
        <time>2026-08-05T11:58:07.600Z</time>
      </trkpt>
      <trkpt lat="46.475286" lon="11.775667">
        <ele>1458.322758</ele>
        <time>2026-08-05T11:58:13.787Z</time>
      </trkpt>
      <trkpt lat="46.475428" lon="11.775519">
        <ele>1459.107057</ele>
        <time>2026-08-05T11:58:19.305Z</time>
      </trkpt>
      <trkpt lat="46.475728" lon="11.775346">
        <ele>1460.555433</ele>
        <time>2026-08-05T11:58:28.963Z</time>
      </trkpt>
      <trkpt lat="46.475816" lon="11.775262">
        <ele>1461.027967</ele>
        <time>2026-08-05T11:58:31.945Z</time>
      </trkpt>
      <trkpt lat="46.475973" lon="11.774985">
        <ele>1462.136528</ele>
        <time>2026-08-05T11:58:38.278Z</time>
      </trkpt>
      <trkpt lat="46.476061" lon="11.774965">
        <ele>1462.536195</ele>
        <time>2026-08-05T11:58:40.275Z</time>
      </trkpt>
      <trkpt lat="46.476116" lon="11.775062">
        <ele>1462.924452</ele>
        <time>2026-08-05T11:58:42.287Z</time>
      </trkpt>
      <trkpt lat="46.476087" lon="11.775199">
        <ele>1463.367334</ele>
        <time>2026-08-05T11:58:44.764Z</time>
      </trkpt>
      <trkpt lat="46.475548" lon="11.775869">
        <ele>1465.373584</ele>
        <time>2026-08-05T11:58:59.116Z</time>
      </trkpt>
      <trkpt lat="46.475487" lon="11.776034">
        <ele>1465.644098</ele>
        <time>2026-08-05T11:59:01.159Z</time>
      </trkpt>
      <trkpt lat="46.475478" lon="11.776196">
        <ele>1465.878867</ele>
        <time>2026-08-05T11:59:03.117Z</time>
      </trkpt>
      <trkpt lat="46.475433" lon="11.776328">
        <ele>1466.091624</ele>
        <time>2026-08-05T11:59:04.650Z</time>
      </trkpt>
      <trkpt lat="46.475295" lon="11.776474">
        <ele>1466.449763</ele>
        <time>2026-08-05T11:59:07.192Z</time>
      </trkpt>
      <trkpt lat="46.475127" lon="11.776519">
        <ele>1466.808093</ele>
        <time>2026-08-05T11:59:09.908Z</time>
      </trkpt>
      <trkpt lat="46.474995" lon="11.776458">
        <ele>1467.098650</ele>
        <time>2026-08-05T11:59:12.221Z</time>
      </trkpt>
      <trkpt lat="46.474881" lon="11.776487">
        <ele>1467.341410</ele>
        <time>2026-08-05T11:59:14.140Z</time>
      </trkpt>
      <trkpt lat="46.474781" lon="11.776648">
        <ele>1467.654593</ele>
        <time>2026-08-05T11:59:16.990Z</time>
      </trkpt>
      <trkpt lat="46.474538" lon="11.777359">
        <ele>1470.125851</ele>
        <time>2026-08-05T11:59:26.252Z</time>
      </trkpt>
      <trkpt lat="46.474313" lon="11.777762">
        <ele>1472.317392</ele>
        <time>2026-08-05T11:59:36.546Z</time>
      </trkpt>
      <trkpt lat="46.474233" lon="11.777843">
        <ele>1472.915619</ele>
        <time>2026-08-05T11:59:39.943Z</time>
      </trkpt>
      <trkpt lat="46.474036" lon="11.777947">
        <ele>1474.201379</ele>
        <time>2026-08-05T11:59:47.605Z</time>
      </trkpt>
      <trkpt lat="46.473885" lon="11.778111">
        <ele>1475.358025</ele>
        <time>2026-08-05T11:59:54.166Z</time>
      </trkpt>
      <trkpt lat="46.473798" lon="11.778259">
        <ele>1476.180007</ele>
        <time>2026-08-05T11:59:58.496Z</time>
      </trkpt>
      <trkpt lat="46.473776" lon="11.778373">
        <ele>1476.680130</ele>
        <time>2026-08-05T12:00:01.153Z</time>
      </trkpt>
      <trkpt lat="46.473829" lon="11.778482">
        <ele>1477.243781</ele>
        <time>2026-08-05T12:00:04.391Z</time>
      </trkpt>
      <trkpt lat="46.473891" lon="11.778500">
        <ele>1477.631609</ele>
        <time>2026-08-05T12:00:06.475Z</time>
      </trkpt>
      <trkpt lat="46.473954" lon="11.778471">
        <ele>1478.036997</ele>
        <time>2026-08-05T12:00:08.877Z</time>
      </trkpt>
      <trkpt lat="46.474114" lon="11.778201">
        <ele>1479.791855</ele>
        <time>2026-08-05T12:00:18.443Z</time>
      </trkpt>
      <trkpt lat="46.474589" lon="11.777725">
        <ele>1485.567124</ele>
        <time>2026-08-05T12:00:46.708Z</time>
      </trkpt>
      <trkpt lat="46.474859" lon="11.777631">
        <ele>1488.345528</ele>
        <time>2026-08-05T12:01:00.480Z</time>
      </trkpt>
      <trkpt lat="46.474993" lon="11.777523">
        <ele>1489.879143</ele>
        <time>2026-08-05T12:01:06.903Z</time>
      </trkpt>
      <trkpt lat="46.475124" lon="11.777493">
        <ele>1491.206234</ele>
        <time>2026-08-05T12:01:12.790Z</time>
      </trkpt>
      <trkpt lat="46.475487" lon="11.777572">
        <ele>1494.879267</ele>
        <time>2026-08-05T12:01:29.182Z</time>
      </trkpt>
      <trkpt lat="46.475802" lon="11.777566">
        <ele>1497.786913</ele>
        <time>2026-08-05T12:01:42.901Z</time>
      </trkpt>
      <trkpt lat="46.476025" lon="11.777485">
        <ele>1499.452858</ele>
        <time>2026-08-05T12:01:52.089Z</time>
      </trkpt>
      <trkpt lat="46.476288" lon="11.777162">
        <ele>1501.949205</ele>
        <time>2026-08-05T12:02:04.398Z</time>
      </trkpt>
      <trkpt lat="46.476458" lon="11.777078">
        <ele>1503.250622</ele>
        <time>2026-08-05T12:02:10.299Z</time>
      </trkpt>
      <trkpt lat="46.476712" lon="11.777060">
        <ele>1505.093631</ele>
        <time>2026-08-05T12:02:18.364Z</time>
      </trkpt>
      <trkpt lat="46.477022" lon="11.776905">
        <ele>1507.469749</ele>
        <time>2026-08-05T12:02:28.618Z</time>
      </trkpt>
      <trkpt lat="46.477752" lon="11.776786">
        <ele>1512.415421</ele>
        <time>2026-08-05T12:02:52.857Z</time>
      </trkpt>
      <trkpt lat="46.477827" lon="11.776768">
        <ele>1512.886659</ele>
        <time>2026-08-05T12:02:55.436Z</time>
      </trkpt>
      <trkpt lat="46.477920" lon="11.776649">
        <ele>1513.655055</ele>
        <time>2026-08-05T12:02:59.654Z</time>
      </trkpt>
      <trkpt lat="46.477968" lon="11.776534">
        <ele>1514.229115</ele>
        <time>2026-08-05T12:03:02.439Z</time>
      </trkpt>
      <trkpt lat="46.478032" lon="11.776456">
        <ele>1514.747067</ele>
        <time>2026-08-05T12:03:05.128Z</time>
      </trkpt>
      <trkpt lat="46.478130" lon="11.776432">
        <ele>1515.363156</ele>
        <time>2026-08-05T12:03:08.342Z</time>
      </trkpt>
      <trkpt lat="46.478165" lon="11.776467">
        <ele>1515.626592</ele>
        <time>2026-08-05T12:03:09.585Z</time>
      </trkpt>
      <trkpt lat="46.478215" lon="11.776617">
        <ele>1516.337996</ele>
        <time>2026-08-05T12:03:12.982Z</time>
      </trkpt>
      <trkpt lat="46.478198" lon="11.776816">
        <ele>1517.194014</ele>
        <time>2026-08-05T12:03:16.786Z</time>
      </trkpt>
      <trkpt lat="46.478175" lon="11.776842">
        <ele>1517.374701</ele>
        <time>2026-08-05T12:03:17.667Z</time>
      </trkpt>
      <trkpt lat="46.478124" lon="11.776902">
        <ele>1517.781588</ele>
        <time>2026-08-05T12:03:19.279Z</time>
      </trkpt>
      <trkpt lat="46.477720" lon="11.777137">
        <ele>1520.479467</ele>
        <time>2026-08-05T12:03:30.926Z</time>
      </trkpt>
      <trkpt lat="46.477568" lon="11.777168">
        <ele>1521.485727</ele>
        <time>2026-08-05T12:03:35.619Z</time>
      </trkpt>
      <trkpt lat="46.477416" lon="11.777163">
        <ele>1522.935999</ele>
        <time>2026-08-05T12:03:41.651Z</time>
      </trkpt>
      <trkpt lat="46.477333" lon="11.777127">
        <ele>1523.762283</ele>
        <time>2026-08-05T12:03:45.274Z</time>
      </trkpt>
      <trkpt lat="46.477256" lon="11.777140">
        <ele>1524.501719</ele>
        <time>2026-08-05T12:03:48.501Z</time>
      </trkpt>
      <trkpt lat="46.477203" lon="11.777216">
        <ele>1525.212226</ele>
        <time>2026-08-05T12:03:51.740Z</time>
      </trkpt>
      <trkpt lat="46.477211" lon="11.777327">
        <ele>1525.945350</ele>
        <time>2026-08-05T12:03:54.867Z</time>
      </trkpt>
      <trkpt lat="46.477255" lon="11.777397">
        <ele>1526.567915</ele>
        <time>2026-08-05T12:03:57.593Z</time>
      </trkpt>
      <trkpt lat="46.477364" lon="11.777408">
        <ele>1527.610154</ele>
        <time>2026-08-05T12:04:02.354Z</time>
      </trkpt>
      <trkpt lat="46.477539" lon="11.777348">
        <ele>1529.325344</ele>
        <time>2026-08-05T12:04:10.906Z</time>
      </trkpt>
      <trkpt lat="46.477854" lon="11.777348">
        <ele>1532.330071</ele>
        <time>2026-08-05T12:04:27.177Z</time>
      </trkpt>
      <trkpt lat="46.478198" lon="11.777422">
        <ele>1535.647232</ele>
        <time>2026-08-05T12:04:45.163Z</time>
      </trkpt>
      <trkpt lat="46.478507" lon="11.777631">
        <ele>1538.778402</ele>
        <time>2026-08-05T12:05:00.106Z</time>
      </trkpt>
      <trkpt lat="46.478527" lon="11.777746">
        <ele>1539.330176</ele>
        <time>2026-08-05T12:05:03.124Z</time>
      </trkpt>
      <trkpt lat="46.478497" lon="11.777830">
        <ele>1539.770369</ele>
        <time>2026-08-05T12:05:05.523Z</time>
      </trkpt>
      <trkpt lat="46.478428" lon="11.777816">
        <ele>1540.241021</ele>
        <time>2026-08-05T12:05:07.821Z</time>
      </trkpt>
      <trkpt lat="46.478221" lon="11.777624">
        <ele>1541.900305</ele>
        <time>2026-08-05T12:05:14.965Z</time>
      </trkpt>
      <trkpt lat="46.478092" lon="11.777609">
        <ele>1542.774545</ele>
        <time>2026-08-05T12:05:18.052Z</time>
      </trkpt>
      <trkpt lat="46.477937" lon="11.777671">
        <ele>1543.860635</ele>
        <time>2026-08-05T12:05:21.600Z</time>
      </trkpt>
      <trkpt lat="46.477753" lon="11.777809">
        <ele>1545.259629</ele>
        <time>2026-08-05T12:05:26.085Z</time>
      </trkpt>
      <trkpt lat="46.477488" lon="11.777871">
        <ele>1547.072904</ele>
        <time>2026-08-05T12:05:32.673Z</time>
      </trkpt>
      <trkpt lat="46.477233" lon="11.777816">
        <ele>1548.814437</ele>
        <time>2026-08-05T12:05:40.023Z</time>
      </trkpt>
      <trkpt lat="46.477182" lon="11.777876">
        <ele>1549.257844</ele>
        <time>2026-08-05T12:05:42.199Z</time>
      </trkpt>
      <trkpt lat="46.477177" lon="11.777928">
        <ele>1549.502099</ele>
        <time>2026-08-05T12:05:43.415Z</time>
      </trkpt>
      <trkpt lat="46.477211" lon="11.778024">
        <ele>1550.004301</ele>
        <time>2026-08-05T12:05:46.179Z</time>
      </trkpt>
      <trkpt lat="46.477274" lon="11.778052">
        <ele>1550.449380</ele>
        <time>2026-08-05T12:05:48.688Z</time>
      </trkpt>
      <trkpt lat="46.477968" lon="11.778045">
        <ele>1559.905272</ele>
        <time>2026-08-05T12:06:26.137Z</time>
      </trkpt>
      <trkpt lat="46.478321" lon="11.778323">
        <ele>1565.491527</ele>
        <time>2026-08-05T12:06:54.203Z</time>
      </trkpt>
      <trkpt lat="46.478779" lon="11.778547">
        <ele>1572.214435</ele>
        <time>2026-08-05T12:07:26.916Z</time>
      </trkpt>
      <trkpt lat="46.479143" lon="11.778553">
        <ele>1576.758107</ele>
        <time>2026-08-05T12:07:47.947Z</time>
      </trkpt>
      <trkpt lat="46.479181" lon="11.778604">
        <ele>1577.246809</ele>
        <time>2026-08-05T12:07:50.677Z</time>
      </trkpt>
      <trkpt lat="46.479177" lon="11.778713">
        <ele>1577.956728</ele>
        <time>2026-08-05T12:07:54.447Z</time>
      </trkpt>
      <trkpt lat="46.479111" lon="11.778759">
        <ele>1578.648155</ele>
        <time>2026-08-05T12:07:57.805Z</time>
      </trkpt>
      <trkpt lat="46.478104" lon="11.778672">
        <ele>1588.175790</ele>
        <time>2026-08-05T12:08:35.354Z</time>
      </trkpt>
      <trkpt lat="46.477804" lon="11.778676">
        <ele>1591.009320</ele>
        <time>2026-08-05T12:08:46.381Z</time>
      </trkpt>
      <trkpt lat="46.477668" lon="11.778702">
        <ele>1592.304884</ele>
        <time>2026-08-05T12:08:51.505Z</time>
      </trkpt>
      <trkpt lat="46.477640" lon="11.778739">
        <ele>1592.661350</ele>
        <time>2026-08-05T12:08:52.965Z</time>
      </trkpt>
      <trkpt lat="46.477622" lon="11.778835">
        <ele>1593.266690</ele>
        <time>2026-08-05T12:08:55.696Z</time>
      </trkpt>
      <trkpt lat="46.477699" lon="11.778902">
        <ele>1594.059769</ele>
        <time>2026-08-05T12:08:59.178Z</time>
      </trkpt>
      <trkpt lat="46.477966" lon="11.778860">
        <ele>1596.432525</ele>
        <time>2026-08-05T12:09:09.792Z</time>
      </trkpt>
      <trkpt lat="46.478115" lon="11.778903">
        <ele>1597.774691</ele>
        <time>2026-08-05T12:09:15.986Z</time>
      </trkpt>
      <trkpt lat="46.478339" lon="11.779104">
        <ele>1600.101087</ele>
        <time>2026-08-05T12:09:27.189Z</time>
      </trkpt>
      <trkpt lat="46.478711" lon="11.779295">
        <ele>1603.587107</ele>
        <time>2026-08-05T12:09:44.547Z</time>
      </trkpt>
      <trkpt lat="46.478969" lon="11.779552">
        <ele>1606.351282</ele>
        <time>2026-08-05T12:09:57.844Z</time>
      </trkpt>
      <trkpt lat="46.479157" lon="11.779641">
        <ele>1608.098301</ele>
        <time>2026-08-05T12:10:07.758Z</time>
      </trkpt>
      <trkpt lat="46.479325" lon="11.779633">
        <ele>1608.950417</ele>
        <time>2026-08-05T12:10:15.381Z</time>
      </trkpt>
      <trkpt lat="46.479433" lon="11.779674">
        <ele>1609.340273</ele>
        <time>2026-08-05T12:10:19.193Z</time>
      </trkpt>
      <trkpt lat="46.479518" lon="11.779796">
        <ele>1609.757655</ele>
        <time>2026-08-05T12:10:22.331Z</time>
      </trkpt>
      <trkpt lat="46.479717" lon="11.780422">
        <ele>1611.415814</ele>
        <time>2026-08-05T12:10:29.015Z</time>
      </trkpt>
      <trkpt lat="46.479793" lon="11.780600">
        <ele>1611.919498</ele>
        <time>2026-08-05T12:10:31.415Z</time>
      </trkpt>
      <trkpt lat="46.479846" lon="11.780627">
        <ele>1612.115656</ele>
        <time>2026-08-05T12:10:32.934Z</time>
      </trkpt>
      <trkpt lat="46.480023" lon="11.780547">
        <ele>1612.763062</ele>
        <time>2026-08-05T12:10:36.498Z</time>
      </trkpt>
      <trkpt lat="46.480092" lon="11.780406">
        <ele>1613.179058</ele>
        <time>2026-08-05T12:10:39.055Z</time>
      </trkpt>
      <trkpt lat="46.480205" lon="11.780110">
        <ele>1613.992983</ele>
        <time>2026-08-05T12:10:45.076Z</time>
      </trkpt>
      <trkpt lat="46.480311" lon="11.779929">
        <ele>1614.564402</ele>
        <time>2026-08-05T12:10:49.156Z</time>
      </trkpt>
      <trkpt lat="46.480395" lon="11.779891">
        <ele>1614.862885</ele>
        <time>2026-08-05T12:10:51.137Z</time>
      </trkpt>
      <trkpt lat="46.480521" lon="11.779913">
        <ele>1615.233195</ele>
        <time>2026-08-05T12:10:53.096Z</time>
      </trkpt>
      <trkpt lat="46.480622" lon="11.780006">
        <ele>1615.582157</ele>
        <time>2026-08-05T12:10:54.208Z</time>
      </trkpt>
      <trkpt lat="46.480676" lon="11.780129">
        <ele>1615.875258</ele>
        <time>2026-08-05T12:10:55.038Z</time>
      </trkpt>
      <trkpt lat="46.480721" lon="11.780519">
        <ele>1616.669809</ele>
        <time>2026-08-05T12:10:57.337Z</time>
      </trkpt>
      <trkpt lat="46.480786" lon="11.780615">
        <ele>1616.940329</ele>
        <time>2026-08-05T12:10:58.714Z</time>
      </trkpt>
      <trkpt lat="46.480861" lon="11.780658">
        <ele>1617.175613</ele>
        <time>2026-08-05T12:11:00.458Z</time>
      </trkpt>
      <trkpt lat="46.480952" lon="11.780637">
        <ele>1617.444478</ele>
        <time>2026-08-05T12:11:03.025Z</time>
      </trkpt>
      <trkpt lat="46.481242" lon="11.780392">
        <ele>1618.423457</ele>
        <time>2026-08-05T12:11:14.645Z</time>
      </trkpt>
      <trkpt lat="46.481411" lon="11.780348">
        <ele>1618.924452</ele>
        <time>2026-08-05T12:11:20.038Z</time>
      </trkpt>
      <trkpt lat="46.481616" lon="11.780472">
        <ele>1619.572445</ele>
        <time>2026-08-05T12:11:25.313Z</time>
      </trkpt>
      <trkpt lat="46.481635" lon="11.780487">
        <ele>1619.635549</ele>
        <time>2026-08-05T12:11:25.795Z</time>
      </trkpt>
      <trkpt lat="46.481740" lon="11.780574">
        <ele>1619.988293</ele>
        <time>2026-08-05T12:11:28.254Z</time>
      </trkpt>
      <trkpt lat="46.481856" lon="11.780624">
        <ele>1620.510505</ele>
        <time>2026-08-05T12:11:30.710Z</time>
      </trkpt>
      <trkpt lat="46.482427" lon="11.780717">
        <ele>1623.219208</ele>
        <time>2026-08-05T12:11:42.430Z</time>
      </trkpt>
      <trkpt lat="46.482711" lon="11.780715">
        <ele>1624.558066</ele>
        <time>2026-08-05T12:11:50.325Z</time>
      </trkpt>
      <trkpt lat="46.482724" lon="11.780715">
        <ele>1624.619351</ele>
        <time>2026-08-05T12:11:50.745Z</time>
      </trkpt>
      <trkpt lat="46.482852" lon="11.780715">
        <ele>1625.222773</ele>
        <time>2026-08-05T12:11:54.545Z</time>
      </trkpt>
      <trkpt lat="46.482967" lon="11.780749">
        <ele>1625.776030</ele>
        <time>2026-08-05T12:11:57.951Z</time>
      </trkpt>
      <trkpt lat="46.483146" lon="11.780804">
        <ele>1626.638557</ele>
        <time>2026-08-05T12:12:03.136Z</time>
      </trkpt>
      <trkpt lat="46.483752" lon="11.781247">
        <ele>1630.552523</ele>
        <time>2026-08-05T12:12:24.270Z</time>
      </trkpt>
      <trkpt lat="46.483823" lon="11.781299">
        <ele>1631.135177</ele>
        <time>2026-08-05T12:12:27.053Z</time>
      </trkpt>
      <trkpt lat="46.483886" lon="11.781343">
        <ele>1631.647406</ele>
        <time>2026-08-05T12:12:29.572Z</time>
      </trkpt>
      <trkpt lat="46.483958" lon="11.781394">
        <ele>1632.234383</ele>
        <time>2026-08-05T12:12:32.508Z</time>
      </trkpt>
      <trkpt lat="46.484031" lon="11.781445">
        <ele>1632.827953</ele>
        <time>2026-08-05T12:12:35.266Z</time>
      </trkpt>
      <trkpt lat="46.484934" lon="11.782080">
        <ele>1640.179400</ele>
        <time>2026-08-05T12:13:09.279Z</time>
      </trkpt>
      <trkpt lat="46.485251" lon="11.782141">
        <ele>1642.585155</ele>
        <time>2026-08-05T12:13:23.472Z</time>
      </trkpt>
      <trkpt lat="46.485346" lon="11.782170">
        <ele>1643.352382</ele>
        <time>2026-08-05T12:13:27.942Z</time>
      </trkpt>
      <trkpt lat="46.485388" lon="11.782183">
        <ele>1643.691779</ele>
        <time>2026-08-05T12:13:29.855Z</time>
      </trkpt>
      <trkpt lat="46.485521" lon="11.782223">
        <ele>1644.765231</ele>
        <time>2026-08-05T12:13:35.853Z</time>
      </trkpt>
      <trkpt lat="46.485585" lon="11.782242">
        <ele>1645.281508</ele>
        <time>2026-08-05T12:13:38.705Z</time>
      </trkpt>
      <trkpt lat="46.485773" lon="11.782402">
        <ele>1647.003658</ele>
        <time>2026-08-05T12:13:47.901Z</time>
      </trkpt>
      <trkpt lat="46.486128" lon="11.782644">
        <ele>1650.103045</ele>
        <time>2026-08-05T12:14:03.233Z</time>
      </trkpt>
      <trkpt lat="46.486284" lon="11.782735">
        <ele>1651.431703</ele>
        <time>2026-08-05T12:14:09.683Z</time>
      </trkpt>
      <trkpt lat="46.486797" lon="11.782767">
        <ele>1655.489880</ele>
        <time>2026-08-05T12:14:28.262Z</time>
      </trkpt>
      <trkpt lat="46.486903" lon="11.782771">
        <ele>1656.253055</ele>
        <time>2026-08-05T12:14:30.764Z</time>
      </trkpt>
      <trkpt lat="46.487000" lon="11.782769">
        <ele>1656.871573</ele>
        <time>2026-08-05T12:14:32.736Z</time>
      </trkpt>
      <trkpt lat="46.487111" lon="11.782760">
        <ele>1657.580392</ele>
        <time>2026-08-05T12:14:35.013Z</time>
      </trkpt>
      <trkpt lat="46.487222" lon="11.782750">
        <ele>1658.289469</ele>
        <time>2026-08-05T12:14:37.655Z</time>
      </trkpt>
      <trkpt lat="46.487549" lon="11.782721">
        <ele>1660.378249</ele>
        <time>2026-08-05T12:14:45.892Z</time>
      </trkpt>
      <trkpt lat="46.487723" lon="11.782641">
        <ele>1661.541902</ele>
        <time>2026-08-05T12:14:50.455Z</time>
      </trkpt>
      <trkpt lat="46.487893" lon="11.782474">
        <ele>1662.850433</ele>
        <time>2026-08-05T12:14:55.996Z</time>
      </trkpt>
      <trkpt lat="46.487973" lon="11.782399">
        <ele>1663.457528</ele>
        <time>2026-08-05T12:14:58.712Z</time>
      </trkpt>
      <trkpt lat="46.488077" lon="11.782360">
        <ele>1664.142359</ele>
        <time>2026-08-05T12:15:02.160Z</time>
      </trkpt>
      <trkpt lat="46.488175" lon="11.782440">
        <ele>1664.859118</ele>
        <time>2026-08-05T12:15:05.737Z</time>
      </trkpt>
      <trkpt lat="46.488186" lon="11.782510">
        <ele>1665.174305</ele>
        <time>2026-08-05T12:15:07.600Z</time>
      </trkpt>
      <trkpt lat="46.488166" lon="11.782573">
        <ele>1665.478844</ele>
        <time>2026-08-05T12:15:09.152Z</time>
      </trkpt>
      <trkpt lat="46.488098" lon="11.782675">
        <ele>1666.102109</ele>
        <time>2026-08-05T12:15:13.006Z</time>
      </trkpt>
      <trkpt lat="46.488048" lon="11.782666">
        <ele>1666.423340</ele>
        <time>2026-08-05T12:15:18.591Z</time>
      </trkpt>
      <trkpt lat="46.487979" lon="11.782705">
        <ele>1666.895410</ele>
        <time>2026-08-05T12:15:27.633Z</time>
      </trkpt>
      <trkpt lat="46.487931" lon="11.782777">
        <ele>1667.335362</ele>
        <time>2026-08-05T12:15:36.294Z</time>
      </trkpt>
      <trkpt lat="46.487921" lon="11.782895">
        <ele>1668.093140</ele>
        <time>2026-08-05T12:15:46.921Z</time>
      </trkpt>
      <trkpt lat="46.487766" lon="11.783095">
        <ele>1670.109719</ele>
        <time>2026-08-05T12:15:57.625Z</time>
      </trkpt>
      <trkpt lat="46.487422" lon="11.783367">
        <ele>1673.919253</ele>
        <time>2026-08-05T12:16:18.632Z</time>
      </trkpt>
      <trkpt lat="46.487182" lon="11.783451">
        <ele>1676.320388</ele>
        <time>2026-08-05T12:16:29.404Z</time>
      </trkpt>
      <trkpt lat="46.487106" lon="11.783540">
        <ele>1677.269936</ele>
        <time>2026-08-05T12:16:33.079Z</time>
      </trkpt>
      <trkpt lat="46.487094" lon="11.783616">
        <ele>1677.792099</ele>
        <time>2026-08-05T12:16:35.192Z</time>
      </trkpt>
      <trkpt lat="46.487153" lon="11.783718">
        <ele>1678.684224</ele>
        <time>2026-08-05T12:16:38.650Z</time>
      </trkpt>
      <trkpt lat="46.487229" lon="11.783732">
        <ele>1679.429345</ele>
        <time>2026-08-05T12:16:41.618Z</time>
      </trkpt>
      <trkpt lat="46.487339" lon="11.783700">
        <ele>1680.520488</ele>
        <time>2026-08-05T12:16:45.927Z</time>
      </trkpt>
      <trkpt lat="46.487706" lon="11.783556">
        <ele>1684.218005</ele>
        <time>2026-08-05T12:17:01.546Z</time>
      </trkpt>
      <trkpt lat="46.488044" lon="11.783445">
        <ele>1687.109163</ele>
        <time>2026-08-05T12:17:16.013Z</time>
      </trkpt>
      <trkpt lat="46.488407" lon="11.783416">
        <ele>1690.014127</ele>
        <time>2026-08-05T12:17:28.795Z</time>
      </trkpt>
      <trkpt lat="46.488545" lon="11.783493">
        <ele>1691.195397</ele>
        <time>2026-08-05T12:17:33.964Z</time>
      </trkpt>
      <trkpt lat="46.488719" lon="11.783662">
        <ele>1692.867983</ele>
        <time>2026-08-05T12:17:42.205Z</time>
      </trkpt>
      <trkpt lat="46.488842" lon="11.783742">
        <ele>1693.944868</ele>
        <time>2026-08-05T12:17:47.988Z</time>
      </trkpt>
      <trkpt lat="46.488984" lon="11.783786">
        <ele>1695.105063</ele>
        <time>2026-08-05T12:17:54.176Z</time>
      </trkpt>
      <trkpt lat="46.489745" lon="11.783659">
        <ele>1700.568606</ele>
        <time>2026-08-05T12:18:22.506Z</time>
      </trkpt>
      <trkpt lat="46.489838" lon="11.783598">
        <ele>1701.109305</ele>
        <time>2026-08-05T12:18:25.212Z</time>
      </trkpt>
      <trkpt lat="46.489906" lon="11.783497">
        <ele>1701.624656</ele>
        <time>2026-08-05T12:18:27.587Z</time>
      </trkpt>
      <trkpt lat="46.489949" lon="11.783377">
        <ele>1702.118170</ele>
        <time>2026-08-05T12:18:29.591Z</time>
      </trkpt>
      <trkpt lat="46.490084" lon="11.782491">
        <ele>1705.428577</ele>
        <time>2026-08-05T12:18:41.148Z</time>
      </trkpt>
      <trkpt lat="46.490220" lon="11.781610">
        <ele>1708.722325</ele>
        <time>2026-08-05T12:19:01.260Z</time>
      </trkpt>
      <trkpt lat="46.490320" lon="11.781494">
        <ele>1709.828161</ele>
        <time>2026-08-05T12:19:05.889Z</time>
      </trkpt>
      <trkpt lat="46.490399" lon="11.781502">
        <ele>1710.549346</ele>
        <time>2026-08-05T12:19:08.721Z</time>
      </trkpt>
      <trkpt lat="46.490792" lon="11.781697">
        <ele>1714.331392</ele>
        <time>2026-08-05T12:19:25.188Z</time>
      </trkpt>
      <trkpt lat="46.490999" lon="11.781787">
        <ele>1716.299146</ele>
        <time>2026-08-05T12:19:34.767Z</time>
      </trkpt>
      <trkpt lat="46.491015" lon="11.781795">
        <ele>1716.453246</ele>
        <time>2026-08-05T12:19:35.554Z</time>
      </trkpt>
      <trkpt lat="46.491055" lon="11.781813">
        <ele>1716.834600</ele>
        <time>2026-08-05T12:19:37.553Z</time>
      </trkpt>
      <trkpt lat="46.491157" lon="11.781858">
        <ele>1717.805399</ele>
        <time>2026-08-05T12:19:42.639Z</time>
      </trkpt>
      <trkpt lat="46.491283" lon="11.781922">
        <ele>1719.020995</ele>
        <time>2026-08-05T12:19:49.270Z</time>
      </trkpt>
      <trkpt lat="46.491498" lon="11.782034">
        <ele>1721.101073</ele>
        <time>2026-08-05T12:20:01.407Z</time>
      </trkpt>
      <trkpt lat="46.491537" lon="11.782052">
        <ele>1721.473738</ele>
        <time>2026-08-05T12:20:03.518Z</time>
      </trkpt>
      <trkpt lat="46.491804" lon="11.782216">
        <ele>1724.113727</ele>
        <time>2026-08-05T12:20:16.241Z</time>
      </trkpt>
      <trkpt lat="46.491884" lon="11.782355">
        <ele>1725.238397</ele>
        <time>2026-08-05T12:20:20.389Z</time>
      </trkpt>
      <trkpt lat="46.491904" lon="11.782535">
        <ele>1726.182300</ele>
        <time>2026-08-05T12:20:24.402Z</time>
      </trkpt>
      <trkpt lat="46.491862" lon="11.782690">
        <ele>1727.044638</ele>
        <time>2026-08-05T12:20:27.854Z</time>
      </trkpt>
      <trkpt lat="46.491773" lon="11.782782">
        <ele>1727.866055</ele>
        <time>2026-08-05T12:20:31.065Z</time>
      </trkpt>
      <trkpt lat="46.491375" lon="11.782839">
        <ele>1730.873365</ele>
        <time>2026-08-05T12:20:44.922Z</time>
      </trkpt>
      <trkpt lat="46.491317" lon="11.782866">
        <ele>1731.331353</ele>
        <time>2026-08-05T12:20:47.040Z</time>
      </trkpt>
      <trkpt lat="46.491243" lon="11.782963">
        <ele>1732.080891</ele>
        <time>2026-08-05T12:20:50.860Z</time>
      </trkpt>
      <trkpt lat="46.491239" lon="11.783093">
        <ele>1732.754570</ele>
        <time>2026-08-05T12:20:54.177Z</time>
      </trkpt>
      <trkpt lat="46.491267" lon="11.783209">
        <ele>1733.390940</ele>
        <time>2026-08-05T12:20:57.438Z</time>
      </trkpt>
      <trkpt lat="46.491343" lon="11.783357">
        <ele>1734.346790</ele>
        <time>2026-08-05T12:21:02.225Z</time>
      </trkpt>
      <trkpt lat="46.491510" lon="11.783575">
        <ele>1736.035177</ele>
        <time>2026-08-05T12:21:10.560Z</time>
      </trkpt>
      <trkpt lat="46.491779" lon="11.783927">
        <ele>1738.742738</ele>
        <time>2026-08-05T12:21:23.861Z</time>
      </trkpt>
      <trkpt lat="46.492012" lon="11.784192">
        <ele>1740.264936</ele>
        <time>2026-08-05T12:21:33.523Z</time>
      </trkpt>
      <trkpt lat="46.492455" lon="11.784371">
        <ele>1742.630162</ele>
        <time>2026-08-05T12:21:46.595Z</time>
      </trkpt>
      <trkpt lat="46.492492" lon="11.784487">
        <ele>1743.082894</ele>
        <time>2026-08-05T12:21:48.741Z</time>
      </trkpt>
      <trkpt lat="46.492456" lon="11.784584">
        <ele>1743.473129</ele>
        <time>2026-08-05T12:21:50.517Z</time>
      </trkpt>
      <trkpt lat="46.492356" lon="11.784602">
        <ele>1743.991443</ele>
        <time>2026-08-05T12:21:52.926Z</time>
      </trkpt>
      <trkpt lat="46.491759" lon="11.784257">
        <ele>1747.296401</ele>
        <time>2026-08-05T12:22:08.997Z</time>
      </trkpt>
      <trkpt lat="46.491574" lon="11.784228">
        <ele>1748.336157</ele>
        <time>2026-08-05T12:22:13.678Z</time>
      </trkpt>
      <trkpt lat="46.491429" lon="11.784267">
        <ele>1749.309774</ele>
        <time>2026-08-05T12:22:17.625Z</time>
      </trkpt>
      <trkpt lat="46.491364" lon="11.784328">
        <ele>1749.820708</ele>
        <time>2026-08-05T12:22:19.804Z</time>
      </trkpt>
      <trkpt lat="46.491349" lon="11.784510">
        <ele>1750.653893</ele>
        <time>2026-08-05T12:22:23.604Z</time>
      </trkpt>
      <trkpt lat="46.491386" lon="11.784566">
        <ele>1751.006696</ele>
        <time>2026-08-05T12:22:25.359Z</time>
      </trkpt>
      <trkpt lat="46.491465" lon="11.784599">
        <ele>1751.549423</ele>
        <time>2026-08-05T12:22:27.973Z</time>
      </trkpt>
      <trkpt lat="46.491649" lon="11.784489">
        <ele>1752.863129</ele>
        <time>2026-08-05T12:22:34.949Z</time>
      </trkpt>
      <trkpt lat="46.491762" lon="11.784483">
        <ele>1753.609693</ele>
        <time>2026-08-05T12:22:39.365Z</time>
      </trkpt>
      <trkpt lat="46.491870" lon="11.784531">
        <ele>1754.355381</ele>
        <time>2026-08-05T12:22:43.777Z</time>
      </trkpt>
      <trkpt lat="46.492613" lon="11.785425">
        <ele>1760.712601</ele>
        <time>2026-08-05T12:23:18.944Z</time>
      </trkpt>
      <trkpt lat="46.492709" lon="11.785503">
        <ele>1761.428373</ele>
        <time>2026-08-05T12:23:22.172Z</time>
      </trkpt>
      <trkpt lat="46.492821" lon="11.785536">
        <ele>1762.172015</ele>
        <time>2026-08-05T12:23:25.409Z</time>
      </trkpt>
      <trkpt lat="46.492916" lon="11.785482">
        <ele>1762.835840</ele>
        <time>2026-08-05T12:23:28.248Z</time>
      </trkpt>
      <trkpt lat="46.492973" lon="11.785374">
        <ele>1763.445473</ele>
        <time>2026-08-05T12:23:30.859Z</time>
      </trkpt>
      <trkpt lat="46.493087" lon="11.784918">
        <ele>1765.618777</ele>
        <time>2026-08-05T12:23:39.946Z</time>
      </trkpt>
      <trkpt lat="46.493352" lon="11.784598">
        <ele>1767.861215</ele>
        <time>2026-08-05T12:23:49.827Z</time>
      </trkpt>
      <trkpt lat="46.493511" lon="11.784468">
        <ele>1769.048489</ele>
        <time>2026-08-05T12:23:55.499Z</time>
      </trkpt>
      <trkpt lat="46.493760" lon="11.784337">
        <ele>1770.771766</ele>
        <time>2026-08-05T12:24:04.634Z</time>
      </trkpt>
      <trkpt lat="46.493950" lon="11.784299">
        <ele>1772.374023</ele>
        <time>2026-08-05T12:24:12.004Z</time>
      </trkpt>
      <trkpt lat="46.494091" lon="11.784413">
        <ele>1774.201672</ele>
        <time>2026-08-05T12:24:18.780Z</time>
      </trkpt>
      <trkpt lat="46.494153" lon="11.784578">
        <ele>1775.667344</ele>
        <time>2026-08-05T12:24:24.591Z</time>
      </trkpt>
      <trkpt lat="46.494209" lon="11.784850">
        <ele>1777.880942</ele>
        <time>2026-08-05T12:24:34.333Z</time>
      </trkpt>
      <trkpt lat="46.494327" lon="11.785071">
        <ele>1780.061607</ele>
        <time>2026-08-05T12:24:44.515Z</time>
      </trkpt>
      <trkpt lat="46.494547" lon="11.785333">
        <ele>1783.283649</ele>
        <time>2026-08-05T12:24:59.734Z</time>
      </trkpt>
      <trkpt lat="46.494922" lon="11.785559">
        <ele>1787.881868</ele>
        <time>2026-08-05T12:25:21.093Z</time>
      </trkpt>
      <trkpt lat="46.495088" lon="11.785760">
        <ele>1790.329474</ele>
        <time>2026-08-05T12:25:32.159Z</time>
      </trkpt>
      <trkpt lat="46.495372" lon="11.786214">
        <ele>1795.118104</ele>
        <time>2026-08-05T12:25:53.023Z</time>
      </trkpt>
      <trkpt lat="46.495676" lon="11.786478">
        <ele>1799.136703</ele>
        <time>2026-08-05T12:26:10.761Z</time>
      </trkpt>
      <trkpt lat="46.495744" lon="11.786586">
        <ele>1800.279885</ele>
        <time>2026-08-05T12:26:15.899Z</time>
      </trkpt>
      <trkpt lat="46.495948" lon="11.787211">
        <ele>1805.682526</ele>
        <time>2026-08-05T12:26:38.574Z</time>
      </trkpt>
      <trkpt lat="46.495946" lon="11.787292">
        <ele>1806.315602</ele>
        <time>2026-08-05T12:26:41.086Z</time>
      </trkpt>
      <trkpt lat="46.495893" lon="11.787394">
        <ele>1807.313768</ele>
        <time>2026-08-05T12:26:45.387Z</time>
      </trkpt>
      <trkpt lat="46.495988" lon="11.787671">
        <ele>1809.730971</ele>
        <time>2026-08-05T12:26:55.459Z</time>
      </trkpt>
      <trkpt lat="46.496041" lon="11.788007">
        <ele>1812.402731</ele>
        <time>2026-08-05T12:27:06.916Z</time>
      </trkpt>
      <trkpt lat="46.496068" lon="11.788301">
        <ele>1814.255902</ele>
        <time>2026-08-05T12:27:16.434Z</time>
      </trkpt>
      <trkpt lat="46.496045" lon="11.788412">
        <ele>1814.980160</ele>
        <time>2026-08-05T12:27:20.205Z</time>
      </trkpt>
      <trkpt lat="46.495960" lon="11.788471">
        <ele>1815.835167</ele>
        <time>2026-08-05T12:27:24.357Z</time>
      </trkpt>
      <trkpt lat="46.495881" lon="11.788430">
        <ele>1816.596556</ele>
        <time>2026-08-05T12:27:28.131Z</time>
      </trkpt>
      <trkpt lat="46.495850" lon="11.788372">
        <ele>1817.055340</ele>
        <time>2026-08-05T12:27:30.168Z</time>
      </trkpt>
      <trkpt lat="46.495799" lon="11.788042">
        <ele>1819.168491</ele>
        <time>2026-08-05T12:27:39.615Z</time>
      </trkpt>
      <trkpt lat="46.495717" lon="11.787990">
        <ele>1819.980548</ele>
        <time>2026-08-05T12:27:42.905Z</time>
      </trkpt>
      <trkpt lat="46.495673" lon="11.787998">
        <ele>1820.383007</ele>
        <time>2026-08-05T12:27:44.600Z</time>
      </trkpt>
      <trkpt lat="46.495597" lon="11.788101">
        <ele>1821.326373</ele>
        <time>2026-08-05T12:27:48.304Z</time>
      </trkpt>
      <trkpt lat="46.495590" lon="11.788316">
        <ele>1822.671195</ele>
        <time>2026-08-05T12:27:53.638Z</time>
      </trkpt>
      <trkpt lat="46.495661" lon="11.788631">
        <ele>1824.742123</ele>
        <time>2026-08-05T12:28:02.261Z</time>
      </trkpt>
      <trkpt lat="46.496028" lon="11.789202">
        <ele>1829.476223</ele>
        <time>2026-08-05T12:28:23.628Z</time>
      </trkpt>
      <trkpt lat="46.496181" lon="11.789412">
        <ele>1831.100138</ele>
        <time>2026-08-05T12:28:32.229Z</time>
      </trkpt>
      <trkpt lat="46.496270" lon="11.789535">
        <ele>1832.047848</ele>
        <time>2026-08-05T12:28:37.079Z</time>
      </trkpt>
      <trkpt lat="46.496294" lon="11.789567">
        <ele>1832.299173</ele>
        <time>2026-08-05T12:28:38.496Z</time>
      </trkpt>
      <trkpt lat="46.496421" lon="11.789665">
        <ele>1833.408605</ele>
        <time>2026-08-05T12:28:44.238Z</time>
      </trkpt>
      <trkpt lat="46.496463" lon="11.789683">
        <ele>1833.746432</ele>
        <time>2026-08-05T12:28:45.933Z</time>
      </trkpt>
      <trkpt lat="46.496939" lon="11.789887">
        <ele>1837.575139</ele>
        <time>2026-08-05T12:29:05.844Z</time>
      </trkpt>
      <trkpt lat="46.497153" lon="11.790040">
        <ele>1839.415220</ele>
        <time>2026-08-05T12:29:15.223Z</time>
      </trkpt>
      <trkpt lat="46.497796" lon="11.790613">
        <ele>1843.662618</ele>
        <time>2026-08-05T12:29:37.439Z</time>
      </trkpt>
      <trkpt lat="46.498147" lon="11.790752">
        <ele>1844.843483</ele>
        <time>2026-08-05T12:29:44.560Z</time>
      </trkpt>
      <trkpt lat="46.498408" lon="11.790827">
        <ele>1845.707062</ele>
        <time>2026-08-05T12:29:48.989Z</time>
      </trkpt>
      <trkpt lat="46.498641" lon="11.790882">
        <ele>1846.473263</ele>
        <time>2026-08-05T12:29:52.664Z</time>
      </trkpt>
      <trkpt lat="46.498699" lon="11.790887">
        <ele>1846.661853</ele>
        <time>2026-08-05T12:29:53.575Z</time>
      </trkpt>
      <trkpt lat="46.499409" lon="11.790703">
        <ele>1849.573346</ele>
        <time>2026-08-05T12:30:07.754Z</time>
      </trkpt>
      <trkpt lat="46.499763" lon="11.790601">
        <ele>1851.782651</ele>
        <time>2026-08-05T12:30:18.314Z</time>
      </trkpt>
      <trkpt lat="46.500081" lon="11.790624">
        <ele>1853.731772</ele>
        <time>2026-08-05T12:30:29.412Z</time>
      </trkpt>
      <trkpt lat="46.500384" lon="11.790845">
        <ele>1855.807310</ele>
        <time>2026-08-05T12:30:42.441Z</time>
      </trkpt>
      <trkpt lat="46.501188" lon="11.791521">
        <ele>1861.094700</ele>
        <time>2026-08-05T12:31:15.133Z</time>
      </trkpt>
      <trkpt lat="46.501339" lon="11.791601">
        <ele>1861.893668</ele>
        <time>2026-08-05T12:31:19.798Z</time>
      </trkpt>
      <trkpt lat="46.501507" lon="11.791626">
        <ele>1862.733156</ele>
        <time>2026-08-05T12:31:24.269Z</time>
      </trkpt>
      <trkpt lat="46.501744" lon="11.791585">
        <ele>1863.919592</ele>
        <time>2026-08-05T12:31:30.028Z</time>
      </trkpt>
      <trkpt lat="46.502103" lon="11.791439">
        <ele>1865.772763</ele>
        <time>2026-08-05T12:31:38.127Z</time>
      </trkpt>
      <trkpt lat="46.502315" lon="11.791354">
        <ele>1866.865999</ele>
        <time>2026-08-05T12:31:42.982Z</time>
      </trkpt>
      <trkpt lat="46.502697" lon="11.791193">
        <ele>1869.174584</ele>
        <time>2026-08-05T12:31:52.935Z</time>
      </trkpt>
      <trkpt lat="46.502744" lon="11.791166">
        <ele>1869.582139</ele>
        <time>2026-08-05T12:31:54.430Z</time>
      </trkpt>
      <trkpt lat="46.502766" lon="11.791154">
        <ele>1869.771635</ele>
        <time>2026-08-05T12:31:55.118Z</time>
      </trkpt>
      <trkpt lat="46.502804" lon="11.791133">
        <ele>1870.099481</ele>
        <time>2026-08-05T12:31:56.407Z</time>
      </trkpt>
      <trkpt lat="46.502853" lon="11.791089">
        <ele>1870.563993</ele>
        <time>2026-08-05T12:31:58.216Z</time>
      </trkpt>
      <trkpt lat="46.502982" lon="11.790949">
        <ele>1871.862426</ele>
        <time>2026-08-05T12:32:03.688Z</time>
      </trkpt>
      <trkpt lat="46.503495" lon="11.790210">
        <ele>1877.688008</ele>
        <time>2026-08-05T12:32:32.026Z</time>
      </trkpt>
      <trkpt lat="46.503580" lon="11.789975">
        <ele>1879.161487</ele>
        <time>2026-08-05T12:32:39.992Z</time>
      </trkpt>
      <trkpt lat="46.503568" lon="11.789770">
        <ele>1880.303431</ele>
        <time>2026-08-05T12:32:46.383Z</time>
      </trkpt>
      <trkpt lat="46.503495" lon="11.789570">
        <ele>1881.559939</ele>
        <time>2026-08-05T12:32:53.524Z</time>
      </trkpt>
      <trkpt lat="46.503079" lon="11.788738">
        <ele>1888.336848</ele>
        <time>2026-08-05T12:33:24.351Z</time>
      </trkpt>
      <trkpt lat="46.502568" lon="11.788013">
        <ele>1895.479235</ele>
        <time>2026-08-05T12:33:55.395Z</time>
      </trkpt>
      <trkpt lat="46.502450" lon="11.787689">
        <ele>1898.002295</ele>
        <time>2026-08-05T12:34:06.741Z</time>
      </trkpt>
      <trkpt lat="46.502221" lon="11.786533">
        <ele>1905.488235</ele>
        <time>2026-08-05T12:34:44.480Z</time>
      </trkpt>
      <trkpt lat="46.501968" lon="11.785531">
        <ele>1911.770514</ele>
        <time>2026-08-05T12:35:12.392Z</time>
      </trkpt>
      <trkpt lat="46.501923" lon="11.785378">
        <ele>1912.749876</ele>
        <time>2026-08-05T12:35:16.454Z</time>
      </trkpt>
      <trkpt lat="46.501857" lon="11.785256">
        <ele>1913.663244</ele>
        <time>2026-08-05T12:35:20.106Z</time>
      </trkpt>
      <trkpt lat="46.501833" lon="11.785212">
        <ele>1913.993697</ele>
        <time>2026-08-05T12:35:21.462Z</time>
      </trkpt>
      <trkpt lat="46.501635" lon="11.784971">
        <ele>1916.202979</ele>
        <time>2026-08-05T12:35:30.202Z</time>
      </trkpt>
      <trkpt lat="46.501434" lon="11.784726">
        <ele>1918.486857</ele>
        <time>2026-08-05T12:35:39.076Z</time>
      </trkpt>
      <trkpt lat="46.501032" lon="11.783855">
        <ele>1924.770204</ele>
        <time>2026-08-05T12:36:05.139Z</time>
      </trkpt>
      <trkpt lat="46.500597" lon="11.783012">
        <ele>1931.082949</ele>
        <time>2026-08-05T12:36:36.986Z</time>
      </trkpt>
      <trkpt lat="46.500576" lon="11.782898">
        <ele>1931.790049</ele>
        <time>2026-08-05T12:36:40.391Z</time>
      </trkpt>
      <trkpt lat="46.500595" lon="11.782838">
        <ele>1932.322454</ele>
        <time>2026-08-05T12:36:42.376Z</time>
      </trkpt>
      <trkpt lat="46.500689" lon="11.782814">
        <ele>1933.479925</ele>
        <time>2026-08-05T12:36:46.354Z</time>
      </trkpt>
      <trkpt lat="46.500762" lon="11.782896">
        <ele>1934.599022</ele>
        <time>2026-08-05T12:36:50.136Z</time>
      </trkpt>
      <trkpt lat="46.501120" lon="11.783587">
        <ele>1941.818812</ele>
        <time>2026-08-05T12:37:22.310Z</time>
      </trkpt>
      <trkpt lat="46.501211" lon="11.783709">
        <ele>1943.320547</ele>
        <time>2026-08-05T12:37:30.140Z</time>
      </trkpt>
      <trkpt lat="46.501407" lon="11.783824">
        <ele>1945.884106</ele>
        <time>2026-08-05T12:37:43.280Z</time>
      </trkpt>
      <trkpt lat="46.501537" lon="11.783840">
        <ele>1947.466348</ele>
        <time>2026-08-05T12:37:50.525Z</time>
      </trkpt>
      <trkpt lat="46.501579" lon="11.783845">
        <ele>1947.977416</ele>
        <time>2026-08-05T12:37:52.677Z</time>
      </trkpt>
      <trkpt lat="46.501882" lon="11.783835">
        <ele>1951.653041</ele>
        <time>2026-08-05T12:38:06.844Z</time>
      </trkpt>
      <trkpt lat="46.502136" lon="11.783849">
        <ele>1954.510454</ele>
        <time>2026-08-05T12:38:17.955Z</time>
      </trkpt>
      <trkpt lat="46.502153" lon="11.783851">
        <ele>1954.674329</ele>
        <time>2026-08-05T12:38:18.723Z</time>
      </trkpt>
      <trkpt lat="46.502304" lon="11.783937">
        <ele>1956.232677</ele>
        <time>2026-08-05T12:38:26.041Z</time>
      </trkpt>
      <trkpt lat="46.502427" lon="11.784068">
        <ele>1957.698043</ele>
        <time>2026-08-05T12:38:33.213Z</time>
      </trkpt>
      <trkpt lat="46.502640" lon="11.784809">
        <ele>1963.008861</ele>
        <time>2026-08-05T12:38:59.410Z</time>
      </trkpt>
      <trkpt lat="46.502699" lon="11.785038">
        <ele>1964.625981</ele>
        <time>2026-08-05T12:39:05.936Z</time>
      </trkpt>
      <trkpt lat="46.502810" lon="11.785220">
        <ele>1966.234167</ele>
        <time>2026-08-05T12:39:11.634Z</time>
      </trkpt>
      <trkpt lat="46.503312" lon="11.785875">
        <ele>1972.807234</ele>
        <time>2026-08-05T12:39:36.263Z</time>
      </trkpt>
      <trkpt lat="46.503685" lon="11.786258">
        <ele>1977.417404</ele>
        <time>2026-08-05T12:39:56.033Z</time>
      </trkpt>
      <trkpt lat="46.503912" lon="11.786493">
        <ele>1980.230748</ele>
        <time>2026-08-05T12:40:08.905Z</time>
      </trkpt>
      <trkpt lat="46.504077" lon="11.786711">
        <ele>1982.481803</ele>
        <time>2026-08-05T12:40:19.344Z</time>
      </trkpt>
      <trkpt lat="46.504275" lon="11.787055">
        <ele>1985.597129</ele>
        <time>2026-08-05T12:40:33.987Z</time>
      </trkpt>
      <trkpt lat="46.504354" lon="11.787192">
        <ele>1986.838765</ele>
        <time>2026-08-05T12:40:39.698Z</time>
      </trkpt>
      <trkpt lat="46.504414" lon="11.787215">
        <ele>1987.465087</ele>
        <time>2026-08-05T12:40:42.590Z</time>
      </trkpt>
      <trkpt lat="46.504469" lon="11.787197">
        <ele>1988.034129</ele>
        <time>2026-08-05T12:40:45.203Z</time>
      </trkpt>
      <trkpt lat="46.504508" lon="11.787114">
        <ele>1988.732296</ele>
        <time>2026-08-05T12:40:48.384Z</time>
      </trkpt>
      <trkpt lat="46.504504" lon="11.786985">
        <ele>1989.676025</ele>
        <time>2026-08-05T12:40:52.463Z</time>
      </trkpt>
      <trkpt lat="46.504305" lon="11.786098">
        <ele>1996.715058</ele>
        <time>2026-08-05T12:41:22.897Z</time>
      </trkpt>
      <trkpt lat="46.504258" lon="11.785714">
        <ele>1999.657828</ele>
        <time>2026-08-05T12:41:37.693Z</time>
      </trkpt>
      <trkpt lat="46.504198" lon="11.785141">
        <ele>2004.030917</ele>
        <time>2026-08-05T12:41:57.476Z</time>
      </trkpt>
      <trkpt lat="46.504178" lon="11.785054">
        <ele>2004.722985</ele>
        <time>2026-08-05T12:42:00.426Z</time>
      </trkpt>
      <trkpt lat="46.504074" lon="11.784754">
        <ele>2007.257406</ele>
        <time>2026-08-05T12:42:10.559Z</time>
      </trkpt>
      <trkpt lat="46.504061" lon="11.784705">
        <ele>2007.653631</ele>
        <time>2026-08-05T12:42:12.057Z</time>
      </trkpt>
      <trkpt lat="46.504048" lon="11.784545">
        <ele>2008.850308</ele>
        <time>2026-08-05T12:42:16.711Z</time>
      </trkpt>
      <trkpt lat="46.504086" lon="11.784477">
        <ele>2009.319068</ele>
        <time>2026-08-05T12:42:19.202Z</time>
      </trkpt>
      <trkpt lat="46.504139" lon="11.784456">
        <ele>2009.746209</ele>
        <time>2026-08-05T12:42:21.416Z</time>
      </trkpt>
      <trkpt lat="46.504203" lon="11.784482">
        <ele>2010.262917</ele>
        <time>2026-08-05T12:42:24.039Z</time>
      </trkpt>
      <trkpt lat="46.504573" lon="11.784933">
        <ele>2014.018176</ele>
        <time>2026-08-05T12:42:42.568Z</time>
      </trkpt>
      <trkpt lat="46.506152" lon="11.786853">
        <ele>2029.290667</ele>
        <time>2026-08-05T12:43:53.357Z</time>
      </trkpt>
      <trkpt lat="46.506412" lon="11.787210">
        <ele>2031.788924</ele>
        <time>2026-08-05T12:44:04.735Z</time>
      </trkpt>
      <trkpt lat="46.506548" lon="11.787560">
        <ele>2033.720804</ele>
        <time>2026-08-05T12:44:14.289Z</time>
      </trkpt>
      <trkpt lat="46.506679" lon="11.788024">
        <ele>2036.226250</ele>
        <time>2026-08-05T12:44:26.555Z</time>
      </trkpt>
      <trkpt lat="46.506718" lon="11.788243">
        <ele>2037.445551</ele>
        <time>2026-08-05T12:44:32.158Z</time>
      </trkpt>
      <trkpt lat="46.506735" lon="11.788518">
        <ele>2038.933789</ele>
        <time>2026-08-05T12:44:39.061Z</time>
      </trkpt>
      <trkpt lat="46.506797" lon="11.788562">
        <ele>2039.474159</ele>
        <time>2026-08-05T12:44:41.678Z</time>
      </trkpt>
      <trkpt lat="46.506838" lon="11.788509">
        <ele>2039.903932</ele>
        <time>2026-08-05T12:44:43.880Z</time>
      </trkpt>
      <trkpt lat="46.506842" lon="11.788424">
        <ele>2040.363158</ele>
        <time>2026-08-05T12:44:46.110Z</time>
      </trkpt>
      <trkpt lat="46.506786" lon="11.787568">
        <ele>2044.997854</ele>
        <time>2026-08-05T12:45:08.665Z</time>
      </trkpt>
      <trkpt lat="46.506790" lon="11.787040">
        <ele>2047.843985</ele>
        <time>2026-08-05T12:45:22.316Z</time>
      </trkpt>
      <trkpt lat="46.506767" lon="11.786833">
        <ele>2048.974176</ele>
        <time>2026-08-05T12:45:27.762Z</time>
      </trkpt>
      <trkpt lat="46.506674" lon="11.786401">
        <ele>2051.791047</ele>
        <time>2026-08-05T12:45:38.989Z</time>
      </trkpt>
      <trkpt lat="46.506661" lon="11.786335">
        <ele>2052.231615</ele>
        <time>2026-08-05T12:45:40.545Z</time>
      </trkpt>
      <trkpt lat="46.506651" lon="11.786268">
        <ele>2052.671591</ele>
        <time>2026-08-05T12:45:42.191Z</time>
      </trkpt>
      <trkpt lat="46.506644" lon="11.786201">
        <ele>2053.106499</ele>
        <time>2026-08-05T12:45:44.007Z</time>
      </trkpt>
      <trkpt lat="46.506639" lon="11.786133">
        <ele>2053.545382</ele>
        <time>2026-08-05T12:45:45.662Z</time>
      </trkpt>
      <trkpt lat="46.506636" lon="11.786065">
        <ele>2053.982677</ele>
        <time>2026-08-05T12:45:47.319Z</time>
      </trkpt>
      <trkpt lat="46.506631" lon="11.785658">
        <ele>2056.595076</ele>
        <time>2026-08-05T12:45:57.995Z</time>
      </trkpt>
      <trkpt lat="46.506629" lon="11.785491">
        <ele>2057.666985</ele>
        <time>2026-08-05T12:46:02.392Z</time>
      </trkpt>
      <trkpt lat="46.506617" lon="11.784864">
        <ele>2061.692407</ele>
        <time>2026-08-05T12:46:20.115Z</time>
      </trkpt>
      <trkpt lat="46.506615" lon="11.784800">
        <ele>2062.103559</ele>
        <time>2026-08-05T12:46:22.012Z</time>
      </trkpt>
      <trkpt lat="46.506612" lon="11.784745">
        <ele>2062.457637</ele>
        <time>2026-08-05T12:46:23.657Z</time>
      </trkpt>
      <trkpt lat="46.506607" lon="11.784691">
        <ele>2062.807312</ele>
        <time>2026-08-05T12:46:25.512Z</time>
      </trkpt>
      <trkpt lat="46.506600" lon="11.784636">
        <ele>2063.166267</ele>
        <time>2026-08-05T12:46:27.386Z</time>
      </trkpt>
      <trkpt lat="46.506584" lon="11.784530">
        <ele>2063.862705</ele>
        <time>2026-08-05T12:46:30.953Z</time>
      </trkpt>
      <trkpt lat="46.506564" lon="11.784400">
        <ele>2064.717588</ele>
        <time>2026-08-05T12:46:35.727Z</time>
      </trkpt>
      <trkpt lat="46.506538" lon="11.784255">
        <ele>2065.679210</ele>
        <time>2026-08-05T12:46:40.999Z</time>
      </trkpt>
      <trkpt lat="46.506454" lon="11.783863">
        <ele>2068.650864</ele>
        <time>2026-08-05T12:46:55.791Z</time>
      </trkpt>
      <trkpt lat="46.506430" lon="11.783748">
        <ele>2069.545354</ele>
        <time>2026-08-05T12:47:00.244Z</time>
      </trkpt>
      <trkpt lat="46.506409" lon="11.783649">
        <ele>2070.316466</ele>
        <time>2026-08-05T12:47:03.895Z</time>
      </trkpt>
      <trkpt lat="46.506217" lon="11.782927">
        <ele>2076.077888</ele>
        <time>2026-08-05T12:47:31.147Z</time>
      </trkpt>
      <trkpt lat="46.506028" lon="11.782314">
        <ele>2081.077689</ele>
        <time>2026-08-05T12:47:53.103Z</time>
      </trkpt>
      <trkpt lat="46.505948" lon="11.782056">
        <ele>2083.184023</ele>
        <time>2026-08-05T12:48:01.770Z</time>
      </trkpt>
      <trkpt lat="46.505873" lon="11.781867">
        <ele>2084.807936</ele>
        <time>2026-08-05T12:48:08.082Z</time>
      </trkpt>
      <trkpt lat="46.505761" lon="11.781681">
        <ele>2086.360948</ele>
        <time>2026-08-05T12:48:14.938Z</time>
      </trkpt>
      <trkpt lat="46.505407" lon="11.781185">
        <ele>2090.138071</ele>
        <time>2026-08-05T12:48:31.190Z</time>
      </trkpt>
      <trkpt lat="46.505304" lon="11.781035">
        <ele>2091.258132</ele>
        <time>2026-08-05T12:48:35.091Z</time>
      </trkpt>
      <trkpt lat="46.505279" lon="11.780995">
        <ele>2091.543750</ele>
        <time>2026-08-05T12:48:35.971Z</time>
      </trkpt>
      <trkpt lat="46.505236" lon="11.780918">
        <ele>2092.067914</ele>
        <time>2026-08-05T12:48:37.595Z</time>
      </trkpt>
      <trkpt lat="46.505195" lon="11.780837">
        <ele>2092.599421</ele>
        <time>2026-08-05T12:48:39.127Z</time>
      </trkpt>
      <trkpt lat="46.505171" lon="11.780783">
        <ele>2092.939219</ele>
        <time>2026-08-05T12:48:40.188Z</time>
      </trkpt>
      <trkpt lat="46.505044" lon="11.780497">
        <ele>2094.738426</ele>
        <time>2026-08-05T12:48:46.384Z</time>
      </trkpt>
      <trkpt lat="46.504959" lon="11.780305">
        <ele>2095.945211</ele>
        <time>2026-08-05T12:48:51.440Z</time>
      </trkpt>
      <trkpt lat="46.504956" lon="11.780297">
        <ele>2095.993371</ele>
        <time>2026-08-05T12:48:51.649Z</time>
      </trkpt>
      <trkpt lat="46.504611" lon="11.779522">
        <ele>2101.904697</ele>
        <time>2026-08-05T12:49:20.199Z</time>
      </trkpt>
      <trkpt lat="46.504540" lon="11.779361">
        <ele>2103.661036</ele>
        <time>2026-08-05T12:49:27.532Z</time>
      </trkpt>
      <trkpt lat="46.504532" lon="11.779252">
        <ele>2104.667917</ele>
        <time>2026-08-05T12:49:31.992Z</time>
      </trkpt>
      <trkpt lat="46.504579" lon="11.779166">
        <ele>2105.676583</ele>
        <time>2026-08-05T12:49:36.208Z</time>
      </trkpt>
      <trkpt lat="46.504744" lon="11.779070">
        <ele>2108.048517</ele>
        <time>2026-08-05T12:49:46.460Z</time>
      </trkpt>
      <trkpt lat="46.504966" lon="11.778876">
        <ele>2111.505734</ele>
        <time>2026-08-05T12:50:02.419Z</time>
      </trkpt>
      <trkpt lat="46.505161" lon="11.778543">
        <ele>2115.521640</ele>
        <time>2026-08-05T12:50:22.572Z</time>
      </trkpt>
      <trkpt lat="46.505307" lon="11.778228">
        <ele>2119.009857</ele>
        <time>2026-08-05T12:50:40.404Z</time>
      </trkpt>
      <trkpt lat="46.505324" lon="11.778071">
        <ele>2120.469674</ele>
        <time>2026-08-05T12:50:47.040Z</time>
      </trkpt>
      <trkpt lat="46.505311" lon="11.777966">
        <ele>2121.449602</ele>
        <time>2026-08-05T12:50:51.220Z</time>
      </trkpt>
      <trkpt lat="46.504999" lon="11.777188">
        <ele>2127.348320</ele>
        <time>2026-08-05T12:51:17.361Z</time>
      </trkpt>
      <trkpt lat="46.504917" lon="11.777101">
        <ele>2128.188636</ele>
        <time>2026-08-05T12:51:20.482Z</time>
      </trkpt>
      <trkpt lat="46.504791" lon="11.777053">
        <ele>2129.266657</ele>
        <time>2026-08-05T12:51:24.077Z</time>
      </trkpt>
      <trkpt lat="46.504754" lon="11.777043">
        <ele>2129.578120</ele>
        <time>2026-08-05T12:51:25.248Z</time>
      </trkpt>
      <trkpt lat="46.504713" lon="11.777028">
        <ele>2129.928027</ele>
        <time>2026-08-05T12:51:26.382Z</time>
      </trkpt>
      <trkpt lat="46.504678" lon="11.777010">
        <ele>2130.235297</ele>
        <time>2026-08-05T12:51:27.367Z</time>
      </trkpt>
      <trkpt lat="46.504643" lon="11.776991">
        <ele>2130.544515</ele>
        <time>2026-08-05T12:51:28.472Z</time>
      </trkpt>
      <trkpt lat="46.504609" lon="11.776969">
        <ele>2130.852542</ele>
        <time>2026-08-05T12:51:29.695Z</time>
      </trkpt>
      <trkpt lat="46.504576" lon="11.776946">
        <ele>2131.155448</ele>
        <time>2026-08-05T12:51:30.885Z</time>
      </trkpt>
      <trkpt lat="46.504543" lon="11.776920">
        <ele>2131.466128</ele>
        <time>2026-08-05T12:51:31.934Z</time>
      </trkpt>
      <trkpt lat="46.504511" lon="11.776893">
        <ele>2131.772379</ele>
        <time>2026-08-05T12:51:33.093Z</time>
      </trkpt>
      <trkpt lat="46.504374" lon="11.776752">
        <ele>2133.161845</ele>
        <time>2026-08-05T12:51:38.700Z</time>
      </trkpt>
      <trkpt lat="46.504288" lon="11.776617">
        <ele>2134.209667</ele>
        <time>2026-08-05T12:51:43.097Z</time>
      </trkpt>
      <trkpt lat="46.504135" lon="11.776269">
        <ele>2136.561887</ele>
        <time>2026-08-05T12:51:53.408Z</time>
      </trkpt>
      <trkpt lat="46.504075" lon="11.776007">
        <ele>2138.134771</ele>
        <time>2026-08-05T12:52:00.227Z</time>
      </trkpt>
      <trkpt lat="46.504097" lon="11.775899">
        <ele>2138.831387</ele>
        <time>2026-08-05T12:52:03.390Z</time>
      </trkpt>
      <trkpt lat="46.504114" lon="11.775831">
        <ele>2139.298149</ele>
        <time>2026-08-05T12:52:05.198Z</time>
      </trkpt>
      <trkpt lat="46.504146" lon="11.775694">
        <ele>2140.231547</ele>
        <time>2026-08-05T12:52:09.499Z</time>
      </trkpt>
      <trkpt lat="46.504265" lon="11.775031">
        <ele>2144.652099</ele>
        <time>2026-08-05T12:52:30.255Z</time>
      </trkpt>
      <trkpt lat="46.504319" lon="11.774367">
        <ele>2148.965851</ele>
        <time>2026-08-05T12:52:49.484Z</time>
      </trkpt>
      <trkpt lat="46.504352" lon="11.774295">
        <ele>2149.523941</ele>
        <time>2026-08-05T12:52:52.036Z</time>
      </trkpt>
      <trkpt lat="46.504411" lon="11.774284">
        <ele>2150.081509</ele>
        <time>2026-08-05T12:52:54.698Z</time>
      </trkpt>
      <trkpt lat="46.504443" lon="11.774354">
        <ele>2150.623663</ele>
        <time>2026-08-05T12:52:57.142Z</time>
      </trkpt>
      <trkpt lat="46.504385" lon="11.774585">
        <ele>2152.210074</ele>
        <time>2026-08-05T12:53:04.251Z</time>
      </trkpt>
      <trkpt lat="46.504368" lon="11.774857">
        <ele>2153.972164</ele>
        <time>2026-08-05T12:53:12.424Z</time>
      </trkpt>
      <trkpt lat="46.504474" lon="11.775224">
        <ele>2156.462872</ele>
        <time>2026-08-05T12:53:24.902Z</time>
      </trkpt>
      <trkpt lat="46.504559" lon="11.775329">
        <ele>2157.447558</ele>
        <time>2026-08-05T12:53:29.671Z</time>
      </trkpt>
      <trkpt lat="46.504639" lon="11.775351">
        <ele>2158.166145</ele>
        <time>2026-08-05T12:53:33.121Z</time>
      </trkpt>
      <trkpt lat="46.504666" lon="11.775347">
        <ele>2158.405672</ele>
        <time>2026-08-05T12:53:34.257Z</time>
      </trkpt>
      <trkpt lat="46.504693" lon="11.775337">
        <ele>2158.651585</ele>
        <time>2026-08-05T12:53:35.363Z</time>
      </trkpt>
      <trkpt lat="46.504718" lon="11.775322">
        <ele>2158.890301</ele>
        <time>2026-08-05T12:53:36.512Z</time>
      </trkpt>
      <trkpt lat="46.504829" lon="11.775238">
        <ele>2159.994873</ele>
        <time>2026-08-05T12:53:41.591Z</time>
      </trkpt>
      <trkpt lat="46.505097" lon="11.775034">
        <ele>2162.665109</ele>
        <time>2026-08-05T12:53:54.652Z</time>
      </trkpt>
      <trkpt lat="46.505193" lon="11.774971">
        <ele>2163.594791</ele>
        <time>2026-08-05T12:53:59.563Z</time>
      </trkpt>
      <trkpt lat="46.505262" lon="11.774923">
        <ele>2164.269966</ele>
        <time>2026-08-05T12:54:03.280Z</time>
      </trkpt>
      <trkpt lat="46.505327" lon="11.774830">
        <ele>2165.075103</ele>
        <time>2026-08-05T12:54:07.667Z</time>
      </trkpt>
      <trkpt lat="46.505355" lon="11.774705">
        <ele>2165.873623</ele>
        <time>2026-08-05T12:54:11.955Z</time>
      </trkpt>
      <trkpt lat="46.505350" lon="11.774616">
        <ele>2166.416058</ele>
        <time>2026-08-05T12:54:14.780Z</time>
      </trkpt>
      <trkpt lat="46.505314" lon="11.774505">
        <ele>2167.161441</ele>
        <time>2026-08-05T12:54:18.651Z</time>
      </trkpt>
      <trkpt lat="46.505184" lon="11.774278">
        <ele>2168.955268</ele>
        <time>2026-08-05T12:54:27.064Z</time>
      </trkpt>
      <trkpt lat="46.505133" lon="11.774121">
        <ele>2170.009858</ele>
        <time>2026-08-05T12:54:31.282Z</time>
      </trkpt>
      <trkpt lat="46.505123" lon="11.773949">
        <ele>2171.058408</ele>
        <time>2026-08-05T12:54:34.895Z</time>
      </trkpt>
      <trkpt lat="46.505176" lon="11.773605">
        <ele>2172.378650</ele>
        <time>2026-08-05T12:54:40.460Z</time>
      </trkpt>
      <trkpt lat="46.505150" lon="11.773502">
        <ele>2172.785091</ele>
        <time>2026-08-05T12:54:41.801Z</time>
      </trkpt>
      <trkpt lat="46.505086" lon="11.773445">
        <ele>2173.189147</ele>
        <time>2026-08-05T12:54:42.924Z</time>
      </trkpt>
      <trkpt lat="46.504637" lon="11.773391">
        <ele>2175.614171</ele>
        <time>2026-08-05T12:54:50.873Z</time>
      </trkpt>
      <trkpt lat="46.504492" lon="11.773339">
        <ele>2176.418064</ele>
        <time>2026-08-05T12:54:55.021Z</time>
      </trkpt>
      <trkpt lat="46.504316" lon="11.773185">
        <ele>2177.523930</ele>
        <time>2026-08-05T12:55:01.283Z</time>
      </trkpt>
      <trkpt lat="46.504253" lon="11.773081">
        <ele>2178.037198</ele>
        <time>2026-08-05T12:55:04.454Z</time>
      </trkpt>
      <trkpt lat="46.504266" lon="11.772982">
        <ele>2178.410589</ele>
        <time>2026-08-05T12:55:06.553Z</time>
      </trkpt>
      <trkpt lat="46.504346" lon="11.772946">
        <ele>2178.861374</ele>
        <time>2026-08-05T12:55:09.331Z</time>
      </trkpt>
      <trkpt lat="46.504375" lon="11.772948">
        <ele>2179.017643</ele>
        <time>2026-08-05T12:55:10.144Z</time>
      </trkpt>
      <trkpt lat="46.504730" lon="11.772977">
        <ele>2181.013447</ele>
        <time>2026-08-05T12:55:22.826Z</time>
      </trkpt>
      <trkpt lat="46.504767" lon="11.772977">
        <ele>2181.317799</ele>
        <time>2026-08-05T12:55:24.347Z</time>
      </trkpt>
      <trkpt lat="46.504878" lon="11.772955">
        <ele>2182.239312</ele>
        <time>2026-08-05T12:55:28.535Z</time>
      </trkpt>
      <trkpt lat="46.505230" lon="11.772795">
        <ele>2185.273168</ele>
        <time>2026-08-05T12:55:42.826Z</time>
      </trkpt>
      <trkpt lat="46.505397" lon="11.772798">
        <ele>2186.646970</ele>
        <time>2026-08-05T12:55:51.011Z</time>
      </trkpt>
      <trkpt lat="46.505569" lon="11.772864">
        <ele>2188.110309</ele>
        <time>2026-08-05T12:55:59.624Z</time>
      </trkpt>
      <trkpt lat="46.505602" lon="11.772844">
        <ele>2188.404428</ele>
        <time>2026-08-05T12:56:01.432Z</time>
      </trkpt>
      <trkpt lat="46.505621" lon="11.772774">
        <ele>2188.830446</ele>
        <time>2026-08-05T12:56:03.902Z</time>
      </trkpt>
      <trkpt lat="46.505568" lon="11.772654">
        <ele>2189.637691</ele>
        <time>2026-08-05T12:56:08.090Z</time>
      </trkpt>
      <trkpt lat="46.505277" lon="11.772555">
        <ele>2192.096127</ele>
        <time>2026-08-05T12:56:19.804Z</time>
      </trkpt>
      <trkpt lat="46.505227" lon="11.772475">
        <ele>2192.707932</ele>
        <time>2026-08-05T12:56:22.370Z</time>
      </trkpt>
      <trkpt lat="46.505222" lon="11.772410">
        <ele>2193.078232</ele>
        <time>2026-08-05T12:56:23.735Z</time>
      </trkpt>
      <trkpt lat="46.505243" lon="11.772358">
        <ele>2193.419575</ele>
        <time>2026-08-05T12:56:25.304Z</time>
      </trkpt>
      <trkpt lat="46.505424" lon="11.772230">
        <ele>2195.075436</ele>
        <time>2026-08-05T12:56:31.643Z</time>
      </trkpt>
      <trkpt lat="46.505549" lon="11.772072">
        <ele>2196.337904</ele>
        <time>2026-08-05T12:56:36.707Z</time>
      </trkpt>
      <trkpt lat="46.505667" lon="11.771669">
        <ele>2198.530233</ele>
        <time>2026-08-05T12:56:44.940Z</time>
      </trkpt>
      <trkpt lat="46.505740" lon="11.771511">
        <ele>2199.482835</ele>
        <time>2026-08-05T12:56:47.920Z</time>
      </trkpt>
      <trkpt lat="46.506153" lon="11.770943">
        <ele>2203.618890</ele>
        <time>2026-08-05T12:57:05.751Z</time>
      </trkpt>
      <trkpt lat="46.506272" lon="11.770857">
        <ele>2204.585531</ele>
        <time>2026-08-05T12:57:10.330Z</time>
      </trkpt>
      <trkpt lat="46.506359" lon="11.770815">
        <ele>2205.252296</ele>
        <time>2026-08-05T12:57:13.598Z</time>
      </trkpt>
      <trkpt lat="46.506399" lon="11.770796">
        <ele>2205.558368</ele>
        <time>2026-08-05T12:57:15.376Z</time>
      </trkpt>
      <trkpt lat="46.506423" lon="11.770781">
        <ele>2205.748385</ele>
        <time>2026-08-05T12:57:16.524Z</time>
      </trkpt>
      <trkpt lat="46.506445" lon="11.770762">
        <ele>2205.934524</ele>
        <time>2026-08-05T12:57:17.566Z</time>
      </trkpt>
      <trkpt lat="46.506466" lon="11.770740">
        <ele>2206.122820</ele>
        <time>2026-08-05T12:57:18.626Z</time>
      </trkpt>
      <trkpt lat="46.506486" lon="11.770715">
        <ele>2206.314705</ele>
        <time>2026-08-05T12:57:19.662Z</time>
      </trkpt>
      <trkpt lat="46.506503" lon="11.770687">
        <ele>2206.501607</ele>
        <time>2026-08-05T12:57:20.732Z</time>
      </trkpt>
      <trkpt lat="46.506584" lon="11.770535">
        <ele>2207.463892</ele>
        <time>2026-08-05T12:57:26.986Z</time>
      </trkpt>
      <trkpt lat="46.506726" lon="11.770268">
        <ele>2209.158452</ele>
        <time>2026-08-05T12:57:38.350Z</time>
      </trkpt>
      <trkpt lat="46.506877" lon="11.769989">
        <ele>2210.954648</ele>
        <time>2026-08-05T12:57:49.626Z</time>
      </trkpt>
      <trkpt lat="46.506969" lon="11.769871">
        <ele>2211.856984</ele>
        <time>2026-08-05T12:57:55.533Z</time>
      </trkpt>
      <trkpt lat="46.507230" lon="11.769664">
        <ele>2214.043381</ele>
        <time>2026-08-05T12:58:07.647Z</time>
      </trkpt>
      <trkpt lat="46.507526" lon="11.769491">
        <ele>2216.389318</ele>
        <time>2026-08-05T12:58:21.028Z</time>
      </trkpt>
      <trkpt lat="46.507720" lon="11.769299">
        <ele>2218.115259</ele>
        <time>2026-08-05T12:58:29.996Z</time>
      </trkpt>
      <trkpt lat="46.507783" lon="11.769235">
        <ele>2218.680486</ele>
        <time>2026-08-05T12:58:33.014Z</time>
      </trkpt>
      <trkpt lat="46.507806" lon="11.769202">
        <ele>2218.918162</ele>
        <time>2026-08-05T12:58:33.991Z</time>
      </trkpt>
      <trkpt lat="46.507826" lon="11.769164">
        <ele>2219.160251</ele>
        <time>2026-08-05T12:58:35.001Z</time>
      </trkpt>
      <trkpt lat="46.507843" lon="11.769123">
        <ele>2219.402480</ele>
        <time>2026-08-05T12:58:36.179Z</time>
      </trkpt>
      <trkpt lat="46.507855" lon="11.769079">
        <ele>2219.641994</ele>
        <time>2026-08-05T12:58:37.352Z</time>
      </trkpt>
      <trkpt lat="46.507863" lon="11.769033">
        <ele>2219.882100</ele>
        <time>2026-08-05T12:58:38.309Z</time>
      </trkpt>
      <trkpt lat="46.507871" lon="11.768956">
        <ele>2220.276184</ele>
        <time>2026-08-05T12:58:39.523Z</time>
      </trkpt>
      <trkpt lat="46.507898" lon="11.768665">
        <ele>2221.762153</ele>
        <time>2026-08-05T12:58:44.055Z</time>
      </trkpt>
      <trkpt lat="46.507914" lon="11.768500">
        <ele>2221.674975</ele>
        <time>2026-08-05T12:58:45.686Z</time>
      </trkpt>
      <trkpt lat="46.507944" lon="11.768190">
        <ele>2221.232544</ele>
        <time>2026-08-05T12:58:47.930Z</time>
      </trkpt>
      <trkpt lat="46.507953" lon="11.768087">
        <ele>2221.085806</ele>
        <time>2026-08-05T12:58:48.496Z</time>
      </trkpt>
      <trkpt lat="46.507972" lon="11.767888">
        <ele>2220.801867</ele>
        <time>2026-08-05T12:58:49.605Z</time>
      </trkpt>
      <trkpt lat="46.507984" lon="11.767745">
        <ele>2220.598270</ele>
        <time>2026-08-05T12:58:50.419Z</time>
      </trkpt>
      <trkpt lat="46.508011" lon="11.767447">
        <ele>2220.173475</ele>
        <time>2026-08-05T12:58:52.029Z</time>
      </trkpt>
      <trkpt lat="46.508069" lon="11.767326">
        <ele>2219.965079</ele>
        <time>2026-08-05T12:58:52.801Z</time>
      </trkpt>
      <trkpt lat="46.508251" lon="11.767144">
        <ele>2219.511390</ele>
        <time>2026-08-05T12:58:54.476Z</time>
      </trkpt>
      <trkpt lat="46.508540" lon="11.766633">
        <ele>2218.576653</ele>
        <time>2026-08-05T12:58:58.015Z</time>
      </trkpt>
      <trkpt lat="46.508699" lon="11.766319">
        <ele>2218.327698</ele>
        <time>2026-08-05T12:59:00.124Z</time>
      </trkpt>
      <trkpt lat="46.508721" lon="11.766125">
        <ele>2218.577726</ele>
        <time>2026-08-05T12:59:01.257Z</time>
      </trkpt>
      <trkpt lat="46.508643" lon="11.765911">
        <ele>2218.885666</ele>
        <time>2026-08-05T12:59:02.992Z</time>
      </trkpt>
      <trkpt lat="46.508152" lon="11.765025">
        <ele>2220.332202</ele>
        <time>2026-08-05T12:59:20.341Z</time>
      </trkpt>
      <trkpt lat="46.508125" lon="11.764824">
        <ele>2220.592630</ele>
        <time>2026-08-05T12:59:24.141Z</time>
      </trkpt>
      <trkpt lat="46.508185" lon="11.764632">
        <ele>2220.860780</ele>
        <time>2026-08-05T12:59:28.440Z</time>
      </trkpt>
      <trkpt lat="46.508289" lon="11.764455">
        <ele>2221.156732</ele>
        <time>2026-08-05T12:59:33.139Z</time>
      </trkpt>
      <trkpt lat="46.508331" lon="11.764383">
        <ele>2221.276755</ele>
        <time>2026-08-05T12:59:35.005Z</time>
      </trkpt>
      <trkpt lat="46.508390" lon="11.764189">
        <ele>2221.424162</ele>
        <time>2026-08-05T12:59:38.761Z</time>
      </trkpt>
      <trkpt lat="46.508514" lon="11.763239">
        <ele>2218.745834</ele>
        <time>2026-08-05T12:59:49.406Z</time>
      </trkpt>
      <trkpt lat="46.508557" lon="11.763049">
        <ele>2218.191827</ele>
        <time>2026-08-05T12:59:50.537Z</time>
      </trkpt>
      <trkpt lat="46.508705" lon="11.762726">
        <ele>2217.117005</ele>
        <time>2026-08-05T12:59:52.518Z</time>
      </trkpt>
      <trkpt lat="46.508889" lon="11.762396">
        <ele>2215.940613</ele>
        <time>2026-08-05T12:59:54.567Z</time>
      </trkpt>
      <trkpt lat="46.509128" lon="11.761930">
        <ele>2214.330863</ele>
        <time>2026-08-05T12:59:57.300Z</time>
      </trkpt>
      <trkpt lat="46.509230" lon="11.761321">
        <ele>2211.027077</ele>
        <time>2026-08-05T13:00:00.228Z</time>
      </trkpt>
      <trkpt lat="46.509339" lon="11.761061">
        <ele>2209.394300</ele>
        <time>2026-08-05T13:00:01.686Z</time>
      </trkpt>
      <trkpt lat="46.509343" lon="11.760984">
        <ele>2208.980156</ele>
        <time>2026-08-05T13:00:02.063Z</time>
      </trkpt>
      <trkpt lat="46.509332" lon="11.760867">
        <ele>2208.346829</ele>
        <time>2026-08-05T13:00:02.648Z</time>
      </trkpt>
      <trkpt lat="46.509260" lon="11.760621">
        <ele>2206.913125</ele>
        <time>2026-08-05T13:00:03.973Z</time>
      </trkpt>
      <trkpt lat="46.509108" lon="11.760345">
        <ele>2205.017290</ele>
        <time>2026-08-05T13:00:05.729Z</time>
      </trkpt>
      <trkpt lat="46.509005" lon="11.760227">
        <ele>2203.995152</ele>
        <time>2026-08-05T13:00:06.672Z</time>
      </trkpt>
      <trkpt lat="46.508857" lon="11.760120">
        <ele>2202.706944</ele>
        <time>2026-08-05T13:00:07.865Z</time>
      </trkpt>
      <trkpt lat="46.508715" lon="11.759942">
        <ele>2201.245480</ele>
        <time>2026-08-05T13:00:09.243Z</time>
      </trkpt>
      <trkpt lat="46.508556" lon="11.759710">
        <ele>2199.702105</ele>
        <time>2026-08-05T13:00:10.914Z</time>
      </trkpt>
      <trkpt lat="46.508416" lon="11.759476">
        <ele>2198.502345</ele>
        <time>2026-08-05T13:00:12.481Z</time>
      </trkpt>
      <trkpt lat="46.508287" lon="11.759087">
        <ele>2196.831481</ele>
        <time>2026-08-05T13:00:14.852Z</time>
      </trkpt>
      <trkpt lat="46.508226" lon="11.758899">
        <ele>2196.027220</ele>
        <time>2026-08-05T13:00:16.015Z</time>
      </trkpt>
      <trkpt lat="46.508181" lon="11.758513">
        <ele>2194.512303</ele>
        <time>2026-08-05T13:00:18.082Z</time>
      </trkpt>
      <trkpt lat="46.508162" lon="11.758146">
        <ele>2193.088171</ele>
        <time>2026-08-05T13:00:19.900Z</time>
      </trkpt>
      <trkpt lat="46.508143" lon="11.758051">
        <ele>2192.705358</ele>
        <time>2026-08-05T13:00:20.388Z</time>
      </trkpt>
      <trkpt lat="46.507939" lon="11.757744">
        <ele>2191.054083</ele>
        <time>2026-08-05T13:00:22.500Z</time>
      </trkpt>
      <trkpt lat="46.507890" lon="11.757607">
        <ele>2190.456645</ele>
        <time>2026-08-05T13:00:23.274Z</time>
      </trkpt>
      <trkpt lat="46.507886" lon="11.757317">
        <ele>2189.097079</ele>
        <time>2026-08-05T13:00:24.735Z</time>
      </trkpt>
      <trkpt lat="46.507945" lon="11.757148">
        <ele>2188.148069</ele>
        <time>2026-08-05T13:00:25.683Z</time>
      </trkpt>
      <trkpt lat="46.508231" lon="11.756875">
        <ele>2185.658099</ele>
        <time>2026-08-05T13:00:28.149Z</time>
      </trkpt>
      <trkpt lat="46.508371" lon="11.756830">
        <ele>2184.614774</ele>
        <time>2026-08-05T13:00:29.206Z</time>
      </trkpt>
      <trkpt lat="46.508466" lon="11.756879">
        <ele>2183.881253</ele>
        <time>2026-08-05T13:00:29.924Z</time>
      </trkpt>
      <trkpt lat="46.508687" lon="11.757241">
        <ele>2181.457938</ele>
        <time>2026-08-05T13:00:32.260Z</time>
      </trkpt>
      <trkpt lat="46.508796" lon="11.757332">
        <ele>2180.543206</ele>
        <time>2026-08-05T13:00:33.139Z</time>
      </trkpt>
      <trkpt lat="46.508946" lon="11.757408">
        <ele>2179.387291</ele>
        <time>2026-08-05T13:00:34.255Z</time>
      </trkpt>
      <trkpt lat="46.509254" lon="11.757479">
        <ele>2177.118131</ele>
        <time>2026-08-05T13:00:36.469Z</time>
      </trkpt>
      <trkpt lat="46.509570" lon="11.757549">
        <ele>2174.935465</ele>
        <time>2026-08-05T13:00:38.775Z</time>
      </trkpt>
      <trkpt lat="46.509748" lon="11.757632">
        <ele>2173.661403</ele>
        <time>2026-08-05T13:00:40.132Z</time>
      </trkpt>
      <trkpt lat="46.509846" lon="11.757722">
        <ele>2172.871278</ele>
        <time>2026-08-05T13:00:40.980Z</time>
      </trkpt>
      <trkpt lat="46.509975" lon="11.758007">
        <ele>2171.271292</ele>
        <time>2026-08-05T13:00:42.704Z</time>
      </trkpt>
      <trkpt lat="46.509992" lon="11.758310">
        <ele>2169.845360</ele>
        <time>2026-08-05T13:00:44.233Z</time>
      </trkpt>
      <trkpt lat="46.509976" lon="11.759081">
        <ele>2166.227352</ele>
        <time>2026-08-05T13:00:48.066Z</time>
      </trkpt>
      <trkpt lat="46.510033" lon="11.759342">
        <ele>2164.942978</ele>
        <time>2026-08-05T13:00:49.421Z</time>
      </trkpt>
      <trkpt lat="46.510125" lon="11.759480">
        <ele>2163.863656</ele>
        <time>2026-08-05T13:00:50.367Z</time>
      </trkpt>
      <trkpt lat="46.510509" lon="11.759832">
        <ele>2160.036874</ele>
        <time>2026-08-05T13:00:53.610Z</time>
      </trkpt>
      <trkpt lat="46.511491" lon="11.761221">
        <ele>2148.137661</ele>
        <time>2026-08-05T13:01:03.184Z</time>
      </trkpt>
      <trkpt lat="46.511538" lon="11.761337">
        <ele>2147.119974</ele>
        <time>2026-08-05T13:01:03.816Z</time>
      </trkpt>
      <trkpt lat="46.511681" lon="11.761954">
        <ele>2142.197900</ele>
        <time>2026-08-05T13:01:06.870Z</time>
      </trkpt>
      <trkpt lat="46.511761" lon="11.762082">
        <ele>2140.890689</ele>
        <time>2026-08-05T13:01:07.685Z</time>
      </trkpt>
      <trkpt lat="46.512107" lon="11.762385">
        <ele>2136.452824</ele>
        <time>2026-08-05T13:01:10.418Z</time>
      </trkpt>
      <trkpt lat="46.512464" lon="11.762631">
        <ele>2132.112408</ele>
        <time>2026-08-05T13:01:13.092Z</time>
      </trkpt>
      <trkpt lat="46.512551" lon="11.762728">
        <ele>2130.907754</ele>
        <time>2026-08-05T13:01:13.835Z</time>
      </trkpt>
      <trkpt lat="46.512608" lon="11.762854">
        <ele>2129.779976</ele>
        <time>2026-08-05T13:01:14.535Z</time>
      </trkpt>
      <trkpt lat="46.512726" lon="11.763253">
        <ele>2126.866674</ele>
        <time>2026-08-05T13:01:16.564Z</time>
      </trkpt>
      <trkpt lat="46.513366" lon="11.764228">
        <ele>2117.827955</ele>
        <time>2026-08-05T13:01:22.979Z</time>
      </trkpt>
      <trkpt lat="46.513444" lon="11.764411">
        <ele>2116.383965</ele>
        <time>2026-08-05T13:01:24.017Z</time>
      </trkpt>
      <trkpt lat="46.513491" lon="11.764686">
        <ele>2114.483165</ele>
        <time>2026-08-05T13:01:25.384Z</time>
      </trkpt>
      <trkpt lat="46.513462" lon="11.765117">
        <ele>2111.609028</ele>
        <time>2026-08-05T13:01:27.469Z</time>
      </trkpt>
      <trkpt lat="46.513473" lon="11.765257">
        <ele>2110.701949</ele>
        <time>2026-08-05T13:01:28.152Z</time>
      </trkpt>
      <trkpt lat="46.513504" lon="11.765372">
        <ele>2109.906891</ele>
        <time>2026-08-05T13:01:28.748Z</time>
      </trkpt>
      <trkpt lat="46.513625" lon="11.765555">
        <ele>2108.273241</ele>
        <time>2026-08-05T13:01:29.978Z</time>
      </trkpt>
      <trkpt lat="46.516200" lon="11.768432">
        <ele>2077.249474</ele>
        <time>2026-08-05T13:01:52.424Z</time>
      </trkpt>
      <trkpt lat="46.516387" lon="11.768548">
        <ele>2075.333828</ele>
        <time>2026-08-05T13:01:53.818Z</time>
      </trkpt>
      <trkpt lat="46.516810" lon="11.768696">
        <ele>2071.234608</ele>
        <time>2026-08-05T13:01:56.817Z</time>
      </trkpt>
      <trkpt lat="46.516929" lon="11.768762">
        <ele>2070.034557</ele>
        <time>2026-08-05T13:01:57.703Z</time>
      </trkpt>
      <trkpt lat="46.517033" lon="11.768867">
        <ele>2068.841442</ele>
        <time>2026-08-05T13:01:58.584Z</time>
      </trkpt>
      <trkpt lat="46.517326" lon="11.769242">
        <ele>2065.162923</ele>
        <time>2026-08-05T13:02:01.296Z</time>
      </trkpt>
      <trkpt lat="46.517639" lon="11.769481">
        <ele>2061.831656</ele>
        <time>2026-08-05T13:02:03.759Z</time>
      </trkpt>
      <trkpt lat="46.518735" lon="11.769877">
        <ele>2051.329765</ele>
        <time>2026-08-05T13:02:11.638Z</time>
      </trkpt>
      <trkpt lat="46.520338" lon="11.770353">
        <ele>2034.352593</ele>
        <time>2026-08-05T13:02:22.927Z</time>
      </trkpt>
      <trkpt lat="46.520497" lon="11.770455">
        <ele>2032.391073</ele>
        <time>2026-08-05T13:02:24.106Z</time>
      </trkpt>
      <trkpt lat="46.520869" lon="11.770794">
        <ele>2027.435571</ele>
        <time>2026-08-05T13:02:27.051Z</time>
      </trkpt>
      <trkpt lat="46.521101" lon="11.770955">
        <ele>2024.534030</ele>
        <time>2026-08-05T13:02:28.761Z</time>
      </trkpt>
      <trkpt lat="46.522110" lon="11.771337">
        <ele>2014.827366</ele>
        <time>2026-08-05T13:02:35.835Z</time>
      </trkpt>
      <trkpt lat="46.522255" lon="11.771456">
        <ele>2013.289625</ele>
        <time>2026-08-05T13:02:37.011Z</time>
      </trkpt>
      <trkpt lat="46.522300" lon="11.771555">
        <ele>2012.535714</ele>
        <time>2026-08-05T13:02:37.597Z</time>
      </trkpt>
      <trkpt lat="46.522316" lon="11.771688">
        <ele>2011.677815</ele>
        <time>2026-08-05T13:02:38.260Z</time>
      </trkpt>
      <trkpt lat="46.522301" lon="11.771808">
        <ele>2010.902856</ele>
        <time>2026-08-05T13:02:38.872Z</time>
      </trkpt>
      <trkpt lat="46.522137" lon="11.772193">
        <ele>2008.025721</ele>
        <time>2026-08-05T13:02:41.208Z</time>
      </trkpt>
      <trkpt lat="46.522142" lon="11.772367">
        <ele>2007.134953</ele>
        <time>2026-08-05T13:02:42.141Z</time>
      </trkpt>
      <trkpt lat="46.522419" lon="11.773493">
        <ele>2002.385236</ele>
        <time>2026-08-05T13:02:48.653Z</time>
      </trkpt>
      <trkpt lat="46.522630" lon="11.773941">
        <ele>2000.228846</ele>
        <time>2026-08-05T13:02:51.360Z</time>
      </trkpt>
      <trkpt lat="46.522640" lon="11.774156">
        <ele>1999.372924</ele>
        <time>2026-08-05T13:02:52.419Z</time>
      </trkpt>
      <trkpt lat="46.522579" lon="11.774359">
        <ele>1998.493077</ele>
        <time>2026-08-05T13:02:53.502Z</time>
      </trkpt>
      <trkpt lat="46.522378" lon="11.774602">
        <ele>1996.935838</ele>
        <time>2026-08-05T13:02:55.355Z</time>
      </trkpt>
      <trkpt lat="46.522324" lon="11.774733">
        <ele>1996.102068</ele>
        <time>2026-08-05T13:02:56.097Z</time>
      </trkpt>
      <trkpt lat="46.522329" lon="11.775252">
        <ele>1993.268129</ele>
        <time>2026-08-05T13:02:58.621Z</time>
      </trkpt>
      <trkpt lat="46.522281" lon="11.775508">
        <ele>1991.819442</ele>
        <time>2026-08-05T13:02:59.920Z</time>
      </trkpt>
      <trkpt lat="46.521923" lon="11.776350">
        <ele>1986.415360</ele>
        <time>2026-08-05T13:03:04.786Z</time>
      </trkpt>
      <trkpt lat="46.521595" lon="11.776908">
        <ele>1982.233215</ele>
        <time>2026-08-05T13:03:08.325Z</time>
      </trkpt>
      <trkpt lat="46.521577" lon="11.777048">
        <ele>1981.139747</ele>
        <time>2026-08-05T13:03:09.007Z</time>
      </trkpt>
      <trkpt lat="46.521590" lon="11.777126">
        <ele>1980.523576</ele>
        <time>2026-08-05T13:03:09.392Z</time>
      </trkpt>
      <trkpt lat="46.521659" lon="11.777245">
        <ele>1979.328805</ele>
        <time>2026-08-05T13:03:10.134Z</time>
      </trkpt>
      <trkpt lat="46.521737" lon="11.777330">
        <ele>1978.240989</ele>
        <time>2026-08-05T13:03:10.802Z</time>
      </trkpt>
      <trkpt lat="46.521883" lon="11.777483">
        <ele>1976.232580</ele>
        <time>2026-08-05T13:03:12.037Z</time>
      </trkpt>
      <trkpt lat="46.521937" lon="11.777543">
        <ele>1975.474130</ele>
        <time>2026-08-05T13:03:12.501Z</time>
      </trkpt>
      <trkpt lat="46.521981" lon="11.777589">
        <ele>1974.869348</ele>
        <time>2026-08-05T13:03:12.874Z</time>
      </trkpt>
      <trkpt lat="46.522064" lon="11.777743">
        <ele>1973.367476</ele>
        <time>2026-08-05T13:03:13.786Z</time>
      </trkpt>
      <trkpt lat="46.522119" lon="11.778201">
        <ele>1969.798014</ele>
        <time>2026-08-05T13:03:15.950Z</time>
      </trkpt>
      <trkpt lat="46.522151" lon="11.778314">
        <ele>1968.859850</ele>
        <time>2026-08-05T13:03:16.512Z</time>
      </trkpt>
      <trkpt lat="46.522192" lon="11.778375">
        <ele>1968.205161</ele>
        <time>2026-08-05T13:03:16.907Z</time>
      </trkpt>
      <trkpt lat="46.522667" lon="11.778405">
        <ele>1962.900111</ele>
        <time>2026-08-05T13:03:20.090Z</time>
      </trkpt>
      <trkpt lat="46.524214" lon="11.778450">
        <ele>1946.790050</ele>
        <time>2026-08-05T13:03:30.632Z</time>
      </trkpt>
      <trkpt lat="46.524443" lon="11.778516">
        <ele>1944.360672</ele>
        <time>2026-08-05T13:03:32.289Z</time>
      </trkpt>
      <trkpt lat="46.524496" lon="11.778558">
        <ele>1943.914033</ele>
        <time>2026-08-05T13:03:32.725Z</time>
      </trkpt>
      <trkpt lat="46.524919" lon="11.779092">
        <ele>1941.378895</ele>
        <time>2026-08-05T13:03:36.838Z</time>
      </trkpt>
      <trkpt lat="46.525045" lon="11.779115">
        <ele>1940.804303</ele>
        <time>2026-08-05T13:03:37.816Z</time>
      </trkpt>
      <trkpt lat="46.525239" lon="11.778966">
        <ele>1939.811485</ele>
        <time>2026-08-05T13:03:39.554Z</time>
      </trkpt>
      <trkpt lat="46.525335" lon="11.778877">
        <ele>1939.296270</ele>
        <time>2026-08-05T13:03:40.469Z</time>
      </trkpt>
      <trkpt lat="46.525538" lon="11.778770">
        <ele>1938.319218</ele>
        <time>2026-08-05T13:03:42.170Z</time>
      </trkpt>
      <trkpt lat="46.525696" lon="11.778807">
        <ele>1937.595094</ele>
        <time>2026-08-05T13:03:43.463Z</time>
      </trkpt>
      <trkpt lat="46.526530" lon="11.779390">
        <ele>1933.502057</ele>
        <time>2026-08-05T13:03:51.494Z</time>
      </trkpt>
      <trkpt lat="46.526619" lon="11.779456">
        <ele>1933.066979</ele>
        <time>2026-08-05T13:03:52.475Z</time>
      </trkpt>
      <trkpt lat="46.526935" lon="11.779700">
        <ele>1931.508838</ele>
        <time>2026-08-05T13:03:55.458Z</time>
      </trkpt>
      <trkpt lat="46.527283" lon="11.780093">
        <ele>1929.589829</ele>
        <time>2026-08-05T13:03:58.790Z</time>
      </trkpt>
      <trkpt lat="46.527346" lon="11.780123">
        <ele>1929.301148</ele>
        <time>2026-08-05T13:03:59.283Z</time>
      </trkpt>
      <trkpt lat="46.527491" lon="11.780122">
        <ele>1928.669741</ele>
        <time>2026-08-05T13:04:00.331Z</time>
      </trkpt>
      <trkpt lat="46.528115" lon="11.779736">
        <ele>1924.836974</ele>
        <time>2026-08-05T13:04:05.023Z</time>
      </trkpt>
      <trkpt lat="46.528710" lon="11.779780">
        <ele>1921.278307</ele>
        <time>2026-08-05T13:04:09.144Z</time>
      </trkpt>
      <trkpt lat="46.529055" lon="11.779732">
        <ele>1919.208125</ele>
        <time>2026-08-05T13:04:11.730Z</time>
      </trkpt>
      <trkpt lat="46.529427" lon="11.779872">
        <ele>1917.512040</ele>
        <time>2026-08-05T13:04:15.826Z</time>
      </trkpt>
      <trkpt lat="46.529478" lon="11.779936">
        <ele>1917.674795</ele>
        <time>2026-08-05T13:04:17.025Z</time>
      </trkpt>
      <trkpt lat="46.529542" lon="11.780106">
        <ele>1917.996844</ele>
        <time>2026-08-05T13:04:20.062Z</time>
      </trkpt>
      <trkpt lat="46.529542" lon="11.780583">
        <ele>1918.789554</ele>
        <time>2026-08-05T13:04:29.820Z</time>
      </trkpt>
      <trkpt lat="46.529567" lon="11.780969">
        <ele>1919.433870</ele>
        <time>2026-08-05T13:04:39.367Z</time>
      </trkpt>
      <trkpt lat="46.529707" lon="11.781892">
        <ele>1921.004607</ele>
        <time>2026-08-05T13:04:58.661Z</time>
      </trkpt>
      <trkpt lat="46.529883" lon="11.782661">
        <ele>1918.754804</ele>
        <time>2026-08-05T13:05:03.663Z</time>
      </trkpt>
      <trkpt lat="46.530125" lon="11.783380">
        <ele>1912.914320</ele>
        <time>2026-08-05T13:05:07.476Z</time>
      </trkpt>
      <trkpt lat="46.530246" lon="11.783558">
        <ele>1911.088450</ele>
        <time>2026-08-05T13:05:08.627Z</time>
      </trkpt>
      <trkpt lat="46.530358" lon="11.783615">
        <ele>1909.829874</ele>
        <time>2026-08-05T13:05:09.412Z</time>
      </trkpt>
      <trkpt lat="46.530839" lon="11.783585">
        <ele>1904.723700</ele>
        <time>2026-08-05T13:05:12.598Z</time>
      </trkpt>
      <trkpt lat="46.531047" lon="11.783505">
        <ele>1902.401174</ele>
        <time>2026-08-05T13:05:14.021Z</time>
      </trkpt>
      <trkpt lat="46.531111" lon="11.783440">
        <ele>1901.370936</ele>
        <time>2026-08-05T13:05:14.542Z</time>
      </trkpt>
      <trkpt lat="46.531270" lon="11.783181">
        <ele>1898.219720</ele>
        <time>2026-08-05T13:05:16.123Z</time>
      </trkpt>
      <trkpt lat="46.531327" lon="11.783095">
        <ele>1897.135641</ele>
        <time>2026-08-05T13:05:16.669Z</time>
      </trkpt>
      <trkpt lat="46.531440" lon="11.782973">
        <ele>1895.278235</ele>
        <time>2026-08-05T13:05:17.605Z</time>
      </trkpt>
      <trkpt lat="46.531699" lon="11.782839">
        <ele>1891.650554</ele>
        <time>2026-08-05T13:05:19.438Z</time>
      </trkpt>
      <trkpt lat="46.531843" lon="11.782699">
        <ele>1889.364550</ele>
        <time>2026-08-05T13:05:20.599Z</time>
      </trkpt>
      <trkpt lat="46.531956" lon="11.782436">
        <ele>1886.549686</ele>
        <time>2026-08-05T13:05:22.033Z</time>
      </trkpt>
      <trkpt lat="46.531978" lon="11.782265">
        <ele>1884.970457</ele>
        <time>2026-08-05T13:05:22.836Z</time>
      </trkpt>
      <trkpt lat="46.531878" lon="11.781088">
        <ele>1876.228364</ele>
        <time>2026-08-05T13:05:28.430Z</time>
      </trkpt>
      <trkpt lat="46.531885" lon="11.780968">
        <ele>1875.608960</ele>
        <time>2026-08-05T13:05:28.999Z</time>
      </trkpt>
      <trkpt lat="46.532008" lon="11.780568">
        <ele>1873.355498</ele>
        <time>2026-08-05T13:05:31.084Z</time>
      </trkpt>
      <trkpt lat="46.532067" lon="11.780483">
        <ele>1872.734461</ele>
        <time>2026-08-05T13:05:31.677Z</time>
      </trkpt>
      <trkpt lat="46.532244" lon="11.780327">
        <ele>1871.186934</ele>
        <time>2026-08-05T13:05:33.180Z</time>
      </trkpt>
      <trkpt lat="46.532290" lon="11.780232">
        <ele>1870.589434</ele>
        <time>2026-08-05T13:05:33.760Z</time>
      </trkpt>
      <trkpt lat="46.532300" lon="11.780003">
        <ele>1869.409268</ele>
        <time>2026-08-05T13:05:34.892Z</time>
      </trkpt>
      <trkpt lat="46.532229" lon="11.779753">
        <ele>1868.018207</ele>
        <time>2026-08-05T13:05:36.208Z</time>
      </trkpt>
      <trkpt lat="46.532221" lon="11.779632">
        <ele>1867.393010</ele>
        <time>2026-08-05T13:05:36.827Z</time>
      </trkpt>
      <trkpt lat="46.532265" lon="11.779284">
        <ele>1865.573193</ele>
        <time>2026-08-05T13:05:38.658Z</time>
      </trkpt>
      <trkpt lat="46.532414" lon="11.779204">
        <ele>1865.821075</ele>
        <time>2026-08-05T13:05:39.985Z</time>
      </trkpt>
      <trkpt lat="46.532461" lon="11.779109">
        <ele>1866.049025</ele>
        <time>2026-08-05T13:05:40.816Z</time>
      </trkpt>
      <trkpt lat="46.532501" lon="11.778696">
        <ele>1866.861497</ele>
        <time>2026-08-05T13:05:43.430Z</time>
      </trkpt>
      <trkpt lat="46.532544" lon="11.778545">
        <ele>1867.179856</ele>
        <time>2026-08-05T13:05:44.563Z</time>
      </trkpt>
      <trkpt lat="46.532629" lon="11.778404">
        <ele>1867.545065</ele>
        <time>2026-08-05T13:05:46.373Z</time>
      </trkpt>
      <trkpt lat="46.532707" lon="11.778310">
        <ele>1867.831971</ele>
        <time>2026-08-05T13:05:48.450Z</time>
      </trkpt>
      <trkpt lat="46.532910" lon="11.778080">
        <ele>1868.560789</ele>
        <time>2026-08-05T13:05:54.517Z</time>
      </trkpt>
      <trkpt lat="46.533629" lon="11.777267">
        <ele>1872.463067</ele>
        <time>2026-08-05T13:06:28.037Z</time>
      </trkpt>
      <trkpt lat="46.533806" lon="11.777109">
        <ele>1874.305624</ele>
        <time>2026-08-05T13:06:37.938Z</time>
      </trkpt>
      <trkpt lat="46.533867" lon="11.777088">
        <ele>1874.861713</ele>
        <time>2026-08-05T13:06:40.854Z</time>
      </trkpt>
      <trkpt lat="46.533943" lon="11.777085">
        <ele>1875.536146</ele>
        <time>2026-08-05T13:06:44.318Z</time>
      </trkpt>
      <trkpt lat="46.534056" lon="11.777133">
        <ele>1876.580473</ele>
        <time>2026-08-05T13:06:49.518Z</time>
      </trkpt>
      <trkpt lat="46.534149" lon="11.777206">
        <ele>1877.518055</ele>
        <time>2026-08-05T13:06:54.100Z</time>
      </trkpt>
      <trkpt lat="46.534350" lon="11.777469">
        <ele>1879.917028</ele>
        <time>2026-08-05T13:07:05.116Z</time>
      </trkpt>
      <trkpt lat="46.534542" lon="11.777539">
        <ele>1881.672982</ele>
        <time>2026-08-05T13:07:12.712Z</time>
      </trkpt>
      <trkpt lat="46.534692" lon="11.777474">
        <ele>1883.061472</ele>
        <time>2026-08-05T13:07:18.730Z</time>
      </trkpt>
      <trkpt lat="46.535165" lon="11.776925">
        <ele>1888.537162</ele>
        <time>2026-08-05T13:07:42.323Z</time>
      </trkpt>
      <trkpt lat="46.535338" lon="11.776837">
        <ele>1890.251515</ele>
        <time>2026-08-05T13:07:49.500Z</time>
      </trkpt>
      <trkpt lat="46.535510" lon="11.776801">
        <ele>1891.876900</ele>
        <time>2026-08-05T13:07:56.368Z</time>
      </trkpt>
      <trkpt lat="46.536155" lon="11.776456">
        <ele>1898.305306</ele>
        <time>2026-08-05T13:08:26.352Z</time>
      </trkpt>
      <trkpt lat="46.536296" lon="11.776482">
        <ele>1899.634711</ele>
        <time>2026-08-05T13:08:32.946Z</time>
      </trkpt>
      <trkpt lat="46.536384" lon="11.776547">
        <ele>1900.557972</ele>
        <time>2026-08-05T13:08:37.494Z</time>
      </trkpt>
      <trkpt lat="46.536551" lon="11.776790">
        <ele>1902.768057</ele>
        <time>2026-08-05T13:08:48.623Z</time>
      </trkpt>
      <trkpt lat="46.536678" lon="11.776919">
        <ele>1903.915325</ele>
        <time>2026-08-05T13:08:55.497Z</time>
      </trkpt>
      <trkpt lat="46.536818" lon="11.776953">
        <ele>1904.806502</ele>
        <time>2026-08-05T13:09:01.336Z</time>
      </trkpt>
      <trkpt lat="46.536996" lon="11.776886">
        <ele>1905.960936</ele>
        <time>2026-08-05T13:09:08.133Z</time>
      </trkpt>
      <trkpt lat="46.537199" lon="11.776743">
        <ele>1907.377232</ele>
        <time>2026-08-05T13:09:15.526Z</time>
      </trkpt>
      <trkpt lat="46.537318" lon="11.776570">
        <ele>1908.433872</ele>
        <time>2026-08-05T13:09:20.557Z</time>
      </trkpt>
      <trkpt lat="46.537347" lon="11.776474">
        <ele>1908.886704</ele>
        <time>2026-08-05T13:09:22.618Z</time>
      </trkpt>
      <trkpt lat="46.537384" lon="11.776070">
        <ele>1910.646931</ele>
        <time>2026-08-05T13:09:29.679Z</time>
      </trkpt>
      <trkpt lat="46.537600" lon="11.775630">
        <ele>1912.981529</ele>
        <time>2026-08-05T13:09:39.137Z</time>
      </trkpt>
      <trkpt lat="46.537693" lon="11.775189">
        <ele>1915.069562</ele>
        <time>2026-08-05T13:09:47.783Z</time>
      </trkpt>
      <trkpt lat="46.537764" lon="11.775079">
        <ele>1915.884684</ele>
        <time>2026-08-05T13:09:50.798Z</time>
      </trkpt>
      <trkpt lat="46.537845" lon="11.775084">
        <ele>1916.521571</ele>
        <time>2026-08-05T13:09:53.140Z</time>
      </trkpt>
      <trkpt lat="46.537869" lon="11.775142">
        <ele>1916.887327</ele>
        <time>2026-08-05T13:09:54.490Z</time>
      </trkpt>
      <trkpt lat="46.537858" lon="11.775236">
        <ele>1917.402579</ele>
        <time>2026-08-05T13:09:56.349Z</time>
      </trkpt>
      <trkpt lat="46.537745" lon="11.775564">
        <ele>1919.384885</ele>
        <time>2026-08-05T13:10:04.221Z</time>
      </trkpt>
      <trkpt lat="46.537768" lon="11.775881">
        <ele>1921.107384</ele>
        <time>2026-08-05T13:10:12.367Z</time>
      </trkpt>
      <trkpt lat="46.537796" lon="11.776028">
        <ele>1921.931630</ele>
        <time>2026-08-05T13:10:16.670Z</time>
      </trkpt>
      <trkpt lat="46.537831" lon="11.776206">
        <ele>1922.932026</ele>
        <time>2026-08-05T13:10:22.044Z</time>
      </trkpt>
      <trkpt lat="46.537864" lon="11.776366">
        <ele>1923.834657</ele>
        <time>2026-08-05T13:10:27.079Z</time>
      </trkpt>
      <trkpt lat="46.537872" lon="11.776570">
        <ele>1924.938814</ele>
        <time>2026-08-05T13:10:33.496Z</time>
      </trkpt>
      <trkpt lat="46.537729" lon="11.777000">
        <ele>1927.519739</ele>
        <time>2026-08-05T13:10:48.485Z</time>
      </trkpt>
      <trkpt lat="46.537719" lon="11.777414">
        <ele>1930.010897</ele>
        <time>2026-08-05T13:10:59.611Z</time>
      </trkpt>
      <trkpt lat="46.537653" lon="11.777636">
        <ele>1931.636202</ele>
        <time>2026-08-05T13:11:05.592Z</time>
      </trkpt>
      <trkpt lat="46.537542" lon="11.777758">
        <ele>1932.995699</ele>
        <time>2026-08-05T13:11:11.372Z</time>
      </trkpt>
      <trkpt lat="46.537293" lon="11.777845">
        <ele>1935.497643</ele>
        <time>2026-08-05T13:11:22.465Z</time>
      </trkpt>
      <trkpt lat="46.536902" lon="11.777891">
        <ele>1939.330104</ele>
        <time>2026-08-05T13:11:41.083Z</time>
      </trkpt>
      <trkpt lat="46.536769" lon="11.777967">
        <ele>1940.726261</ele>
        <time>2026-08-05T13:11:47.572Z</time>
      </trkpt>
      <trkpt lat="46.536710" lon="11.778041">
        <ele>1941.487562</ele>
        <time>2026-08-05T13:11:51.112Z</time>
      </trkpt>
      <trkpt lat="46.536653" lon="11.778118">
        <ele>1942.247756</ele>
        <time>2026-08-05T13:11:54.296Z</time>
      </trkpt>
      <trkpt lat="46.536609" lon="11.778217">
        <ele>1943.039876</ele>
        <time>2026-08-05T13:11:57.920Z</time>
      </trkpt>
      <trkpt lat="46.536346" lon="11.778986">
        <ele>1948.545913</ele>
        <time>2026-08-05T13:12:22.032Z</time>
      </trkpt>
      <trkpt lat="46.536261" lon="11.779233">
        <ele>1950.206250</ele>
        <time>2026-08-05T13:12:30.330Z</time>
      </trkpt>
      <trkpt lat="46.536231" lon="11.779317">
        <ele>1950.775238</ele>
        <time>2026-08-05T13:12:38.342Z</time>
      </trkpt>
      <trkpt lat="46.536195" lon="11.779420">
        <ele>1951.469788</ele>
        <time>2026-08-05T13:12:48.369Z</time>
      </trkpt>
      <trkpt lat="46.535845" lon="11.780441">
        <ele>1958.327698</ele>
        <time>2026-08-05T13:13:20.837Z</time>
      </trkpt>
      <trkpt lat="46.535603" lon="11.781085">
        <ele>1962.683454</ele>
        <time>2026-08-05T13:13:37.759Z</time>
      </trkpt>
      <trkpt lat="46.535345" lon="11.781428">
        <ele>1965.504200</ele>
        <time>2026-08-05T13:13:49.539Z</time>
      </trkpt>
      <trkpt lat="46.535242" lon="11.781609">
        <ele>1966.807916</ele>
        <time>2026-08-05T13:13:55.032Z</time>
      </trkpt>
      <trkpt lat="46.535000" lon="11.782264">
        <ele>1970.934310</ele>
        <time>2026-08-05T13:14:13.620Z</time>
      </trkpt>
      <trkpt lat="46.534731" lon="11.782588">
        <ele>1973.752760</ele>
        <time>2026-08-05T13:14:27.360Z</time>
      </trkpt>
      <trkpt lat="46.534723" lon="11.782642">
        <ele>1974.059334</ele>
        <time>2026-08-05T13:14:28.867Z</time>
      </trkpt>
      <trkpt lat="46.534748" lon="11.782750">
        <ele>1974.691765</ele>
        <time>2026-08-05T13:14:32.036Z</time>
      </trkpt>
      <trkpt lat="46.534839" lon="11.782759">
        <ele>1975.427644</ele>
        <time>2026-08-05T13:14:35.760Z</time>
      </trkpt>
      <trkpt lat="46.534967" lon="11.782580">
        <ele>1976.960460</ele>
        <time>2026-08-05T13:14:43.217Z</time>
      </trkpt>
      <trkpt lat="46.535109" lon="11.782447">
        <ele>1978.727504</ele>
        <time>2026-08-05T13:14:50.637Z</time>
      </trkpt>
      <trkpt lat="46.535372" lon="11.782376">
        <ele>1981.525702</ele>
        <time>2026-08-05T13:15:02.879Z</time>
      </trkpt>
      <trkpt lat="46.535575" lon="11.782455">
        <ele>1983.723997</ele>
        <time>2026-08-05T13:15:13.019Z</time>
      </trkpt>
      <trkpt lat="46.536592" lon="11.783082">
        <ele>1995.279707</ele>
        <time>2026-08-05T13:16:06.485Z</time>
      </trkpt>
      <trkpt lat="46.537302" lon="11.783482">
        <ele>2000.284024</ele>
        <time>2026-08-05T13:16:35.903Z</time>
      </trkpt>
      <trkpt lat="46.537663" lon="11.783457">
        <ele>2002.648690</ele>
        <time>2026-08-05T13:16:47.302Z</time>
      </trkpt>
      <trkpt lat="46.538295" lon="11.783223">
        <ele>2006.915810</ele>
        <time>2026-08-05T13:17:03.200Z</time>
      </trkpt>
      <trkpt lat="46.538335" lon="11.783224">
        <ele>2007.164327</ele>
        <time>2026-08-05T13:17:04.115Z</time>
      </trkpt>
      <trkpt lat="46.538360" lon="11.783234">
        <ele>2007.301993</ele>
        <time>2026-08-05T13:17:04.636Z</time>
      </trkpt>
      <trkpt lat="46.538373" lon="11.783239">
        <ele>2007.373389</ele>
        <time>2026-08-05T13:17:04.957Z</time>
      </trkpt>
      <trkpt lat="46.538409" lon="11.783271">
        <ele>2007.597423</ele>
        <time>2026-08-05T13:17:05.983Z</time>
      </trkpt>
      <trkpt lat="46.538445" lon="11.783323">
        <ele>2007.866865</ele>
        <time>2026-08-05T13:17:07.197Z</time>
      </trkpt>
      <trkpt lat="46.538468" lon="11.783491">
        <ele>2008.492456</ele>
        <time>2026-08-05T13:17:09.823Z</time>
      </trkpt>
      <trkpt lat="46.538442" lon="11.783584">
        <ele>2008.859084</ele>
        <time>2026-08-05T13:17:11.347Z</time>
      </trkpt>
      <trkpt lat="46.538330" lon="11.783760">
        <ele>2009.734734</ele>
        <time>2026-08-05T13:17:15.189Z</time>
      </trkpt>
      <trkpt lat="46.537928" lon="11.784281">
        <ele>2012.594102</ele>
        <time>2026-08-05T13:17:29.562Z</time>
      </trkpt>
      <trkpt lat="46.537688" lon="11.784494">
        <ele>2014.087031</ele>
        <time>2026-08-05T13:17:37.982Z</time>
      </trkpt>
      <trkpt lat="46.537626" lon="11.784582">
        <ele>2014.547087</ele>
        <time>2026-08-05T13:17:40.659Z</time>
      </trkpt>
      <trkpt lat="46.537585" lon="11.784684">
        <ele>2014.978548</ele>
        <time>2026-08-05T13:17:43.506Z</time>
      </trkpt>
      <trkpt lat="46.537508" lon="11.785075">
        <ele>2016.463919</ele>
        <time>2026-08-05T13:17:54.408Z</time>
      </trkpt>
      <trkpt lat="46.537269" lon="11.785567">
        <ele>2017.706722</ele>
        <time>2026-08-05T13:18:10.584Z</time>
      </trkpt>
      <trkpt lat="46.537010" lon="11.786533">
        <ele>2019.687558</ele>
        <time>2026-08-05T13:18:30.044Z</time>
      </trkpt>
      <trkpt lat="46.536953" lon="11.786817">
        <ele>2020.252782</ele>
        <time>2026-08-05T13:18:32.879Z</time>
      </trkpt>
      <trkpt lat="46.536932" lon="11.787050">
        <ele>2020.701748</ele>
        <time>2026-08-05T13:18:34.428Z</time>
      </trkpt>
      <trkpt lat="46.536962" lon="11.787251">
        <ele>2021.094707</ele>
        <time>2026-08-05T13:18:35.668Z</time>
      </trkpt>
      <trkpt lat="46.537405" lon="11.788544">
        <ele>2018.721234</ele>
        <time>2026-08-05T13:18:43.369Z</time>
      </trkpt>
      <trkpt lat="46.537745" lon="11.789258">
        <ele>2016.512544</ele>
        <time>2026-08-05T13:18:47.917Z</time>
      </trkpt>
      <trkpt lat="46.537835" lon="11.789514">
        <ele>2015.781318</ele>
        <time>2026-08-05T13:18:49.521Z</time>
      </trkpt>
      <trkpt lat="46.538174" lon="11.791368">
        <ele>2012.220074</ele>
        <time>2026-08-05T13:19:00.591Z</time>
      </trkpt>
      <trkpt lat="46.538281" lon="11.791667">
        <ele>2011.638406</ele>
        <time>2026-08-05T13:19:02.468Z</time>
      </trkpt>
      <trkpt lat="46.538928" lon="11.793172">
        <ele>2010.791946</ele>
        <time>2026-08-05T13:19:13.529Z</time>
      </trkpt>
      <trkpt lat="46.539015" lon="11.793456">
        <ele>2010.876736</ele>
        <time>2026-08-05T13:19:16.236Z</time>
      </trkpt>
      <trkpt lat="46.539384" lon="11.794969">
        <ele>2010.884290</ele>
        <time>2026-08-05T13:19:39.345Z</time>
      </trkpt>
      <trkpt lat="46.539430" lon="11.795251">
        <ele>2010.659454</ele>
        <time>2026-08-05T13:19:42.657Z</time>
      </trkpt>
      <trkpt lat="46.539428" lon="11.795526">
        <ele>2010.446105</ele>
        <time>2026-08-05T13:19:44.341Z</time>
      </trkpt>
      <trkpt lat="46.539321" lon="11.796079">
        <ele>2010.000453</ele>
        <time>2026-08-05T13:19:47.603Z</time>
      </trkpt>
      <trkpt lat="46.539310" lon="11.796315">
        <ele>2009.816951</ele>
        <time>2026-08-05T13:19:48.966Z</time>
      </trkpt>
      <trkpt lat="46.539368" lon="11.796579">
        <ele>2009.601954</ele>
        <time>2026-08-05T13:19:50.562Z</time>
      </trkpt>
      <trkpt lat="46.539531" lon="11.797036">
        <ele>2009.202598</ele>
        <time>2026-08-05T13:19:53.605Z</time>
      </trkpt>
      <trkpt lat="46.539642" lon="11.797399">
        <ele>2008.991215</ele>
        <time>2026-08-05T13:19:55.916Z</time>
      </trkpt>
      <trkpt lat="46.539703" lon="11.798320">
        <ele>2008.521848</ele>
        <time>2026-08-05T13:20:00.973Z</time>
      </trkpt>
      <trkpt lat="46.539823" lon="11.798931">
        <ele>2008.199513</ele>
        <time>2026-08-05T13:20:07.803Z</time>
      </trkpt>
      <trkpt lat="46.540011" lon="11.799418">
        <ele>2007.916220</ele>
        <time>2026-08-05T13:20:14.669Z</time>
      </trkpt>
      <trkpt lat="46.540375" lon="11.799993">
        <ele>2010.573211</ele>
        <time>2026-08-05T13:20:23.795Z</time>
      </trkpt>
      <trkpt lat="46.540599" lon="11.800323">
        <ele>2012.528653</ele>
        <time>2026-08-05T13:20:30.061Z</time>
      </trkpt>
      <trkpt lat="46.540798" lon="11.800795">
        <ele>2014.863603</ele>
        <time>2026-08-05T13:20:40.510Z</time>
      </trkpt>
      <trkpt lat="46.541019" lon="11.801661">
        <ele>2018.759373</ele>
        <time>2026-08-05T13:21:08.013Z</time>
      </trkpt>
      <trkpt lat="46.541128" lon="11.802481">
        <ele>2022.636614</ele>
        <time>2026-08-05T13:21:43.362Z</time>
      </trkpt>
      <trkpt lat="46.541189" lon="11.802642">
        <ele>2023.492624</ele>
        <time>2026-08-05T13:21:51.002Z</time>
      </trkpt>
      <trkpt lat="46.541316" lon="11.802808">
        <ele>2024.648914</ele>
        <time>2026-08-05T13:22:00.587Z</time>
      </trkpt>
      <trkpt lat="46.541716" lon="11.803212">
        <ele>2027.946546</ele>
        <time>2026-08-05T13:22:20.898Z</time>
      </trkpt>
      <trkpt lat="46.541814" lon="11.803401">
        <ele>2029.048799</ele>
        <time>2026-08-05T13:22:23.943Z</time>
      </trkpt>
      <trkpt lat="46.541901" lon="11.803670">
        <ele>2030.433105</ele>
        <time>2026-08-05T13:22:25.633Z</time>
      </trkpt>
      <trkpt lat="46.541988" lon="11.803848">
        <ele>2030.553110</ele>
        <time>2026-08-05T13:22:26.695Z</time>
      </trkpt>
      <trkpt lat="46.542301" lon="11.804270">
        <ele>2026.891081</ele>
        <time>2026-08-05T13:22:29.568Z</time>
      </trkpt>
      <trkpt lat="46.542435" lon="11.804349">
        <ele>2025.650612</ele>
        <time>2026-08-05T13:22:30.525Z</time>
      </trkpt>
      <trkpt lat="46.542598" lon="11.804367">
        <ele>2024.248249</ele>
        <time>2026-08-05T13:22:31.604Z</time>
      </trkpt>
      <trkpt lat="46.542825" lon="11.804282">
        <ele>2022.237324</ele>
        <time>2026-08-05T13:22:33.160Z</time>
      </trkpt>
      <trkpt lat="46.542944" lon="11.804220">
        <ele>2021.152884</ele>
        <time>2026-08-05T13:22:34.001Z</time>
      </trkpt>
      <trkpt lat="46.543095" lon="11.804189">
        <ele>2019.844643</ele>
        <time>2026-08-05T13:22:35.030Z</time>
      </trkpt>
      <trkpt lat="46.543264" lon="11.804220">
        <ele>2018.383342</ele>
        <time>2026-08-05T13:22:36.195Z</time>
      </trkpt>
      <trkpt lat="46.543421" lon="11.804317">
        <ele>2016.919914</ele>
        <time>2026-08-05T13:22:37.393Z</time>
      </trkpt>
      <trkpt lat="46.543553" lon="11.804474">
        <ele>2015.738677</ele>
        <time>2026-08-05T13:22:38.689Z</time>
      </trkpt>
      <trkpt lat="46.544430" lon="11.805993">
        <ele>2023.733270</ele>
        <time>2026-08-05T13:23:31.860Z</time>
      </trkpt>
      <trkpt lat="46.544740" lon="11.806423">
        <ele>2026.205610</ele>
        <time>2026-08-05T13:23:49.190Z</time>
      </trkpt>
      <trkpt lat="46.544968" lon="11.806661">
        <ele>2027.038029</ele>
        <time>2026-08-05T13:23:58.046Z</time>
      </trkpt>
      <trkpt lat="46.545174" lon="11.806785">
        <ele>2027.699262</ele>
        <time>2026-08-05T13:24:03.727Z</time>
      </trkpt>
      <trkpt lat="46.545310" lon="11.806832">
        <ele>2028.113842</ele>
        <time>2026-08-05T13:24:06.795Z</time>
      </trkpt>
      <trkpt lat="46.545410" lon="11.806815">
        <ele>2028.412438</ele>
        <time>2026-08-05T13:24:08.817Z</time>
      </trkpt>
      <trkpt lat="46.545501" lon="11.806744">
        <ele>2028.718724</ele>
        <time>2026-08-05T13:24:10.725Z</time>
      </trkpt>
      <trkpt lat="46.545709" lon="11.806352">
        <ele>2029.728618</ele>
        <time>2026-08-05T13:24:15.867Z</time>
      </trkpt>
      <trkpt lat="46.546046" lon="11.805895">
        <ele>2031.095316</ele>
        <time>2026-08-05T13:24:20.706Z</time>
      </trkpt>
      <trkpt lat="46.546080" lon="11.805705">
        <ele>2031.495774</ele>
        <time>2026-08-05T13:24:22.174Z</time>
      </trkpt>
      <trkpt lat="46.546044" lon="11.805251">
        <ele>2033.511951</ele>
        <time>2026-08-05T13:24:27.630Z</time>
      </trkpt>
      <trkpt lat="46.546059" lon="11.805001">
        <ele>2034.621940</ele>
        <time>2026-08-05T13:24:31.794Z</time>
      </trkpt>
      <trkpt lat="46.546189" lon="11.804412">
        <ele>2037.358036</ele>
        <time>2026-08-05T13:24:45.516Z</time>
      </trkpt>
      <trkpt lat="46.546303" lon="11.804200">
        <ele>2038.548330</ele>
        <time>2026-08-05T13:24:52.777Z</time>
      </trkpt>
      <trkpt lat="46.546380" lon="11.804136">
        <ele>2039.118730</ele>
        <time>2026-08-05T13:24:56.566Z</time>
      </trkpt>
      <trkpt lat="46.546801" lon="11.803928">
        <ele>2041.978280</ele>
        <time>2026-08-05T13:25:15.609Z</time>
      </trkpt>
      <trkpt lat="46.546989" lon="11.803888">
        <ele>2043.198419</ele>
        <time>2026-08-05T13:25:23.985Z</time>
      </trkpt>
      <trkpt lat="46.547291" lon="11.803851">
        <ele>2045.121178</ele>
        <time>2026-08-05T13:25:37.887Z</time>
      </trkpt>
      <trkpt lat="46.547536" lon="11.803708">
        <ele>2046.796083</ele>
        <time>2026-08-05T13:25:49.215Z</time>
      </trkpt>
      <trkpt lat="46.547673" lon="11.803575">
        <ele>2047.841173</ele>
        <time>2026-08-05T13:25:55.307Z</time>
      </trkpt>
      <trkpt lat="46.547781" lon="11.803312">
        <ele>2049.177707</ele>
        <time>2026-08-05T13:26:01.964Z</time>
      </trkpt>
      <trkpt lat="46.547833" lon="11.803293">
        <ele>2049.517866</ele>
        <time>2026-08-05T13:26:03.635Z</time>
      </trkpt>
      <trkpt lat="46.547880" lon="11.803315">
        <ele>2049.831117</ele>
        <time>2026-08-05T13:26:05.083Z</time>
      </trkpt>
      <trkpt lat="46.547909" lon="11.803367">
        <ele>2050.123228</ele>
        <time>2026-08-05T13:26:06.218Z</time>
      </trkpt>
      <trkpt lat="46.547911" lon="11.803449">
        <ele>2050.481240</ele>
        <time>2026-08-05T13:26:07.799Z</time>
      </trkpt>
      <trkpt lat="46.547716" lon="11.803770">
        <ele>2052.349982</ele>
        <time>2026-08-05T13:26:14.601Z</time>
      </trkpt>
      <trkpt lat="46.547569" lon="11.804101">
        <ele>2054.069168</ele>
        <time>2026-08-05T13:26:19.981Z</time>
      </trkpt>
      <trkpt lat="46.547454" lon="11.804232">
        <ele>2054.834074</ele>
        <time>2026-08-05T13:26:22.785Z</time>
      </trkpt>
      <trkpt lat="46.547154" lon="11.804425">
        <ele>2056.263903</ele>
        <time>2026-08-05T13:26:29.796Z</time>
      </trkpt>
      <trkpt lat="46.547057" lon="11.804590">
        <ele>2056.914575</ele>
        <time>2026-08-05T13:26:32.997Z</time>
      </trkpt>
      <trkpt lat="46.547031" lon="11.804721">
        <ele>2057.323287</ele>
        <time>2026-08-05T13:26:35.058Z</time>
      </trkpt>
      <trkpt lat="46.547032" lon="11.805251">
        <ele>2058.912028</ele>
        <time>2026-08-05T13:26:43.576Z</time>
      </trkpt>
      <trkpt lat="46.547050" lon="11.805373">
        <ele>2059.286057</ele>
        <time>2026-08-05T13:26:45.789Z</time>
      </trkpt>
      <trkpt lat="46.547197" lon="11.805821">
        <ele>2060.773994</ele>
        <time>2026-08-05T13:26:55.356Z</time>
      </trkpt>
      <trkpt lat="46.547187" lon="11.806100">
        <ele>2061.611460</ele>
        <time>2026-08-05T13:27:01.269Z</time>
      </trkpt>
      <trkpt lat="46.547243" lon="11.806190">
        <ele>2061.975270</ele>
        <time>2026-08-05T13:27:03.964Z</time>
      </trkpt>
      <trkpt lat="46.547317" lon="11.806186">
        <ele>2062.298023</ele>
        <time>2026-08-05T13:27:06.426Z</time>
      </trkpt>
      <trkpt lat="46.547361" lon="11.806095">
        <ele>2062.885256</ele>
        <time>2026-08-05T13:27:09.018Z</time>
      </trkpt>
      <trkpt lat="46.547362" lon="11.806029">
        <ele>2063.243401</ele>
        <time>2026-08-05T13:27:10.567Z</time>
      </trkpt>
      <trkpt lat="46.547276" lon="11.805624">
        <ele>2065.542920</ele>
        <time>2026-08-05T13:27:20.766Z</time>
      </trkpt>
      <trkpt lat="46.547270" lon="11.805381">
        <ele>2066.862077</ele>
        <time>2026-08-05T13:27:26.756Z</time>
      </trkpt>
      <trkpt lat="46.547366" lon="11.805009">
        <ele>2069.017621</ele>
        <time>2026-08-05T13:27:36.510Z</time>
      </trkpt>
      <trkpt lat="46.547437" lon="11.804870">
        <ele>2069.956940</ele>
        <time>2026-08-05T13:27:40.654Z</time>
      </trkpt>
      <trkpt lat="46.547497" lon="11.804815">
        <ele>2070.516435</ele>
        <time>2026-08-05T13:27:43.195Z</time>
      </trkpt>
      <trkpt lat="46.547568" lon="11.804792">
        <ele>2071.090227</ele>
        <time>2026-08-05T13:27:45.798Z</time>
      </trkpt>
      <trkpt lat="46.547694" lon="11.804830">
        <ele>2072.105290</ele>
        <time>2026-08-05T13:27:50.562Z</time>
      </trkpt>
      <trkpt lat="46.547782" lon="11.804960">
        <ele>2073.094861</ele>
        <time>2026-08-05T13:27:55.386Z</time>
      </trkpt>
      <trkpt lat="46.547806" lon="11.805058">
        <ele>2073.659219</ele>
        <time>2026-08-05T13:27:58.236Z</time>
      </trkpt>
      <trkpt lat="46.547807" lon="11.805254">
        <ele>2074.722564</ele>
        <time>2026-08-05T13:28:03.809Z</time>
      </trkpt>
      <trkpt lat="46.547761" lon="11.805606">
        <ele>2076.707115</ele>
        <time>2026-08-05T13:28:14.514Z</time>
      </trkpt>
      <trkpt lat="46.547773" lon="11.805770">
        <ele>2077.829357</ele>
        <time>2026-08-05T13:28:19.597Z</time>
      </trkpt>
      <trkpt lat="46.547873" lon="11.805950">
        <ele>2079.403863</ele>
        <time>2026-08-05T13:28:26.809Z</time>
      </trkpt>
      <trkpt lat="46.548047" lon="11.806098">
        <ele>2081.398327</ele>
        <time>2026-08-05T13:28:36.014Z</time>
      </trkpt>
      <trkpt lat="46.548176" lon="11.806207">
        <ele>2082.874499</ele>
        <time>2026-08-05T13:28:42.797Z</time>
      </trkpt>
      <trkpt lat="46.548225" lon="11.806261">
        <ele>2083.482814</ele>
        <time>2026-08-05T13:28:45.533Z</time>
      </trkpt>
      <trkpt lat="46.548264" lon="11.806328">
        <ele>2084.080087</ele>
        <time>2026-08-05T13:28:48.237Z</time>
      </trkpt>
      <trkpt lat="46.548394" lon="11.806596">
        <ele>2086.311642</ele>
        <time>2026-08-05T13:28:58.062Z</time>
      </trkpt>
      <trkpt lat="46.548511" lon="11.806691">
        <ele>2087.637490</ele>
        <time>2026-08-05T13:29:03.474Z</time>
      </trkpt>
      <trkpt lat="46.548576" lon="11.806703">
        <ele>2088.285757</ele>
        <time>2026-08-05T13:29:05.983Z</time>
      </trkpt>
      <trkpt lat="46.548672" lon="11.806668">
        <ele>2089.264975</ele>
        <time>2026-08-05T13:29:10.005Z</time>
      </trkpt>
      <trkpt lat="46.548781" lon="11.806515">
        <ele>2090.763930</ele>
        <time>2026-08-05T13:29:16.523Z</time>
      </trkpt>
      <trkpt lat="46.548965" lon="11.805796">
        <ele>2095.605035</ele>
        <time>2026-08-05T13:29:41.040Z</time>
      </trkpt>
      <trkpt lat="46.548977" lon="11.805733">
        <ele>2095.949642</ele>
        <time>2026-08-05T13:29:43.170Z</time>
      </trkpt>
      <trkpt lat="46.548978" lon="11.805599">
        <ele>2096.656067</ele>
        <time>2026-08-05T13:29:47.554Z</time>
      </trkpt>
      <trkpt lat="46.548938" lon="11.805325">
        <ele>2098.132644</ele>
        <time>2026-08-05T13:29:56.035Z</time>
      </trkpt>
      <trkpt lat="46.548960" lon="11.805259">
        <ele>2098.519277</ele>
        <time>2026-08-05T13:29:58.148Z</time>
      </trkpt>
      <trkpt lat="46.549030" lon="11.805225">
        <ele>2099.084974</ele>
        <time>2026-08-05T13:30:01.096Z</time>
      </trkpt>
      <trkpt lat="46.549094" lon="11.805280">
        <ele>2099.654809</ele>
        <time>2026-08-05T13:30:03.915Z</time>
      </trkpt>
      <trkpt lat="46.549159" lon="11.805478">
        <ele>2100.811381</ele>
        <time>2026-08-05T13:30:09.379Z</time>
      </trkpt>
      <trkpt lat="46.549201" lon="11.805539">
        <ele>2101.266400</ele>
        <time>2026-08-05T13:30:11.443Z</time>
      </trkpt>
      <trkpt lat="46.549448" lon="11.805768">
        <ele>2103.511775</ele>
        <time>2026-08-05T13:30:21.553Z</time>
      </trkpt>
      <trkpt lat="46.549504" lon="11.805852">
        <ele>2104.128479</ele>
        <time>2026-08-05T13:30:24.258Z</time>
      </trkpt>
      <trkpt lat="46.549554" lon="11.805957">
        <ele>2104.801716</ele>
        <time>2026-08-05T13:30:27.140Z</time>
      </trkpt>
      <trkpt lat="46.549592" lon="11.806057">
        <ele>2105.403979</ele>
        <time>2026-08-05T13:30:29.824Z</time>
      </trkpt>
      <trkpt lat="46.549621" lon="11.806156">
        <ele>2105.971221</ele>
        <time>2026-08-05T13:30:32.326Z</time>
      </trkpt>
      <trkpt lat="46.549654" lon="11.806282">
        <ele>2106.681958</ele>
        <time>2026-08-05T13:30:35.494Z</time>
      </trkpt>
      <trkpt lat="46.549720" lon="11.806509">
        <ele>2107.981120</ele>
        <time>2026-08-05T13:30:40.989Z</time>
      </trkpt>
      <trkpt lat="46.549754" lon="11.806592">
        <ele>2108.132039</ele>
        <time>2026-08-05T13:30:42.903Z</time>
      </trkpt>
      <trkpt lat="46.549795" lon="11.806667">
        <ele>2108.186881</ele>
        <time>2026-08-05T13:30:44.715Z</time>
      </trkpt>
      <trkpt lat="46.549841" lon="11.806738">
        <ele>2108.242718</ele>
        <time>2026-08-05T13:30:46.404Z</time>
      </trkpt>
      <trkpt lat="46.549919" lon="11.806853">
        <ele>2108.335175</ele>
        <time>2026-08-05T13:30:48.850Z</time>
      </trkpt>
      <trkpt lat="46.549952" lon="11.806916">
        <ele>2108.380506</ele>
        <time>2026-08-05T13:30:49.785Z</time>
      </trkpt>
      <trkpt lat="46.550046" lon="11.807180">
        <ele>2108.550677</ele>
        <time>2026-08-05T13:30:53.515Z</time>
      </trkpt>
      <trkpt lat="46.550078" lon="11.807438">
        <ele>2108.700744</ele>
        <time>2026-08-05T13:30:56.439Z</time>
      </trkpt>
      <trkpt lat="46.550070" lon="11.807571">
        <ele>2108.777166</ele>
        <time>2026-08-05T13:30:57.728Z</time>
      </trkpt>
      <trkpt lat="46.550045" lon="11.807765">
        <ele>2108.890148</ele>
        <time>2026-08-05T13:30:59.629Z</time>
      </trkpt>
      <trkpt lat="46.549959" lon="11.808116">
        <ele>2109.103437</ele>
        <time>2026-08-05T13:31:02.707Z</time>
      </trkpt>
      <trkpt lat="46.549860" lon="11.808310">
        <ele>2109.241719</ele>
        <time>2026-08-05T13:31:04.424Z</time>
      </trkpt>
      <trkpt lat="46.549819" lon="11.808389">
        <ele>2109.298372</ele>
        <time>2026-08-05T13:31:05.060Z</time>
      </trkpt>
      <trkpt lat="46.549809" lon="11.808430">
        <ele>2109.323273</ele>
        <time>2026-08-05T13:31:05.361Z</time>
      </trkpt>
      <trkpt lat="46.549805" lon="11.808471">
        <ele>2109.346977</ele>
        <time>2026-08-05T13:31:05.647Z</time>
      </trkpt>
      <trkpt lat="46.549806" lon="11.808540">
        <ele>2109.386483</ele>
        <time>2026-08-05T13:31:06.072Z</time>
      </trkpt>
      <trkpt lat="46.549816" lon="11.808605">
        <ele>2109.424610</ele>
        <time>2026-08-05T13:31:06.474Z</time>
      </trkpt>
      <trkpt lat="46.549874" lon="11.808831">
        <ele>2109.562691</ele>
        <time>2026-08-05T13:31:07.897Z</time>
      </trkpt>
      <trkpt lat="46.550015" lon="11.809048">
        <ele>2108.527488</ele>
        <time>2026-08-05T13:31:09.584Z</time>
      </trkpt>
      <trkpt lat="46.550192" lon="11.809264">
        <ele>2107.153613</ele>
        <time>2026-08-05T13:31:11.384Z</time>
      </trkpt>
      <trkpt lat="46.550233" lon="11.809318">
        <ele>2106.824711</ele>
        <time>2026-08-05T13:31:11.818Z</time>
      </trkpt>
      <trkpt lat="46.550351" lon="11.809464">
        <ele>2105.903517</ele>
        <time>2026-08-05T13:31:12.987Z</time>
      </trkpt>
      <trkpt lat="46.550606" lon="11.809805">
        <ele>2103.843726</ele>
        <time>2026-08-05T13:31:15.566Z</time>
      </trkpt>
      <trkpt lat="46.550849" lon="11.810131">
        <ele>2101.877970</ele>
        <time>2026-08-05T13:31:17.899Z</time>
      </trkpt>
      <trkpt lat="46.551189" lon="11.810669">
        <ele>2098.889932</ele>
        <time>2026-08-05T13:31:21.411Z</time>
      </trkpt>
      <trkpt lat="46.551286" lon="11.810725">
        <ele>2097.995000</ele>
        <time>2026-08-05T13:31:22.145Z</time>
      </trkpt>
      <trkpt lat="46.551494" lon="11.810747">
        <ele>2096.206688</ele>
        <time>2026-08-05T13:31:23.621Z</time>
      </trkpt>
      <trkpt lat="46.551602" lon="11.810815">
        <ele>2095.197501</ele>
        <time>2026-08-05T13:31:24.453Z</time>
      </trkpt>
      <trkpt lat="46.551691" lon="11.810899">
        <ele>2094.287661</ele>
        <time>2026-08-05T13:31:25.211Z</time>
      </trkpt>
      <trkpt lat="46.551749" lon="11.811003">
        <ele>2093.498053</ele>
        <time>2026-08-05T13:31:25.870Z</time>
      </trkpt>
      <trkpt lat="46.551763" lon="11.811140">
        <ele>2092.681291</ele>
        <time>2026-08-05T13:31:26.543Z</time>
      </trkpt>
      <trkpt lat="46.551702" lon="11.811656">
        <ele>2089.593798</ele>
        <time>2026-08-05T13:31:29.090Z</time>
      </trkpt>
      <trkpt lat="46.551709" lon="11.812107">
        <ele>2086.933564</ele>
        <time>2026-08-05T13:31:31.267Z</time>
      </trkpt>
      <trkpt lat="46.551721" lon="11.812496">
        <ele>2084.637316</ele>
        <time>2026-08-05T13:31:33.119Z</time>
      </trkpt>
      <trkpt lat="46.551642" lon="11.812636">
        <ele>2083.569378</ele>
        <time>2026-08-05T13:31:33.977Z</time>
      </trkpt>
      <trkpt lat="46.551499" lon="11.812696">
        <ele>2082.041237</ele>
        <time>2026-08-05T13:31:35.001Z</time>
      </trkpt>
      <trkpt lat="46.551344" lon="11.812619">
        <ele>2080.335583</ele>
        <time>2026-08-05T13:31:36.127Z</time>
      </trkpt>
      <trkpt lat="46.551164" lon="11.812377">
        <ele>2077.782792</ele>
        <time>2026-08-05T13:31:37.803Z</time>
      </trkpt>
      <trkpt lat="46.551079" lon="11.812318">
        <ele>2076.801988</ele>
        <time>2026-08-05T13:31:38.448Z</time>
      </trkpt>
      <trkpt lat="46.550941" lon="11.812343">
        <ele>2075.353843</ele>
        <time>2026-08-05T13:31:39.385Z</time>
      </trkpt>
      <trkpt lat="46.550832" lon="11.812505">
        <ele>2073.730805</ele>
        <time>2026-08-05T13:31:40.440Z</time>
      </trkpt>
      <trkpt lat="46.550796" lon="11.812615">
        <ele>2072.858406</ele>
        <time>2026-08-05T13:31:41.007Z</time>
      </trkpt>
      <trkpt lat="46.550777" lon="11.812819">
        <ele>2071.384155</ele>
        <time>2026-08-05T13:31:41.964Z</time>
      </trkpt>
      <trkpt lat="46.550790" lon="11.813216">
        <ele>2068.537881</ele>
        <time>2026-08-05T13:31:43.820Z</time>
      </trkpt>
      <trkpt lat="46.550857" lon="11.813768">
        <ele>2064.601866</ele>
        <time>2026-08-05T13:31:46.471Z</time>
      </trkpt>
      <trkpt lat="46.550668" lon="11.814419">
        <ele>2061.384337</ele>
        <time>2026-08-05T13:31:49.948Z</time>
      </trkpt>
      <trkpt lat="46.550653" lon="11.814677">
        <ele>2060.205386</ele>
        <time>2026-08-05T13:31:51.238Z</time>
      </trkpt>
      <trkpt lat="46.550722" lon="11.815113">
        <ele>2058.168245</ele>
        <time>2026-08-05T13:31:53.518Z</time>
      </trkpt>
      <trkpt lat="46.550964" lon="11.815441">
        <ele>2055.977856</ele>
        <time>2026-08-05T13:31:55.987Z</time>
      </trkpt>
      <trkpt lat="46.550998" lon="11.815530">
        <ele>2055.514284</ele>
        <time>2026-08-05T13:31:56.500Z</time>
      </trkpt>
      <trkpt lat="46.551006" lon="11.815656">
        <ele>2054.938127</ele>
        <time>2026-08-05T13:31:57.150Z</time>
      </trkpt>
      <trkpt lat="46.550981" lon="11.815861">
        <ele>2053.990137</ele>
        <time>2026-08-05T13:31:58.208Z</time>
      </trkpt>
      <trkpt lat="46.550947" lon="11.815899">
        <ele>2053.706210</ele>
        <time>2026-08-05T13:31:58.521Z</time>
      </trkpt>
      <trkpt lat="46.550891" lon="11.815920">
        <ele>2053.323304</ele>
        <time>2026-08-05T13:31:58.944Z</time>
      </trkpt>
      <trkpt lat="46.550796" lon="11.815849">
        <ele>2052.668195</ele>
        <time>2026-08-05T13:31:59.731Z</time>
      </trkpt>
      <trkpt lat="46.550754" lon="11.815534">
        <ele>2051.563867</ele>
        <time>2026-08-05T13:32:01.372Z</time>
      </trkpt>
      <trkpt lat="46.550704" lon="11.815396">
        <ele>2051.027026</ele>
        <time>2026-08-05T13:32:02.166Z</time>
      </trkpt>
      <trkpt lat="46.550388" lon="11.815083">
        <ele>2049.113528</ele>
        <time>2026-08-05T13:32:05.032Z</time>
      </trkpt>
      <trkpt lat="46.550360" lon="11.815020">
        <ele>2048.855359</ele>
        <time>2026-08-05T13:32:05.409Z</time>
      </trkpt>
      <trkpt lat="46.550335" lon="11.814660">
        <ele>2047.610032</ele>
        <time>2026-08-05T13:32:07.274Z</time>
      </trkpt>
      <trkpt lat="46.550232" lon="11.814335">
        <ele>2046.378405</ele>
        <time>2026-08-05T13:32:09.158Z</time>
      </trkpt>
      <trkpt lat="46.550096" lon="11.813679">
        <ele>2044.020258</ele>
        <time>2026-08-05T13:32:12.756Z</time>
      </trkpt>
      <trkpt lat="46.550024" lon="11.813533">
        <ele>2043.289201</ele>
        <time>2026-08-05T13:32:13.725Z</time>
      </trkpt>
      <trkpt lat="46.549919" lon="11.813479">
        <ele>2042.584377</ele>
        <time>2026-08-05T13:32:14.613Z</time>
      </trkpt>
      <trkpt lat="46.549853" lon="11.813494">
        <ele>2042.161628</ele>
        <time>2026-08-05T13:32:15.136Z</time>
      </trkpt>
      <trkpt lat="46.549796" lon="11.813519">
        <ele>2041.784854</ele>
        <time>2026-08-05T13:32:15.613Z</time>
      </trkpt>
      <trkpt lat="46.549551" lon="11.813752">
        <ele>2039.932209</ele>
        <time>2026-08-05T13:32:17.909Z</time>
      </trkpt>
      <trkpt lat="46.549126" lon="11.813865">
        <ele>2037.198024</ele>
        <time>2026-08-05T13:32:21.122Z</time>
      </trkpt>
      <trkpt lat="46.549092" lon="11.813975">
        <ele>2036.673144</ele>
        <time>2026-08-05T13:32:21.722Z</time>
      </trkpt>
      <trkpt lat="46.549154" lon="11.814059">
        <ele>2036.136855</ele>
        <time>2026-08-05T13:32:22.323Z</time>
      </trkpt>
      <trkpt lat="46.549375" lon="11.814073">
        <ele>2034.736941</ele>
        <time>2026-08-05T13:32:23.896Z</time>
      </trkpt>
      <trkpt lat="46.549493" lon="11.814149">
        <ele>2033.920207</ele>
        <time>2026-08-05T13:32:24.795Z</time>
      </trkpt>
      <trkpt lat="46.549526" lon="11.814178">
        <ele>2033.676191</ele>
        <time>2026-08-05T13:32:25.062Z</time>
      </trkpt>
      <trkpt lat="46.549580" lon="11.814255">
        <ele>2033.197556</ele>
        <time>2026-08-05T13:32:25.590Z</time>
      </trkpt>
      <trkpt lat="46.549634" lon="11.814344">
        <ele>2032.681007</ele>
        <time>2026-08-05T13:32:26.158Z</time>
      </trkpt>
      <trkpt lat="46.549678" lon="11.814429">
        <ele>2032.115511</ele>
        <time>2026-08-05T13:32:26.661Z</time>
      </trkpt>
      <trkpt lat="46.549747" lon="11.814700">
        <ele>2030.291160</ele>
        <time>2026-08-05T13:32:28.028Z</time>
      </trkpt>
      <trkpt lat="46.549747" lon="11.814933">
        <ele>2028.820197</ele>
        <time>2026-08-05T13:32:29.129Z</time>
      </trkpt>
      <trkpt lat="46.549724" lon="11.815039">
        <ele>2028.118486</ele>
        <time>2026-08-05T13:32:29.656Z</time>
      </trkpt>
      <trkpt lat="46.549571" lon="11.815574">
        <ele>2024.460562</ele>
        <time>2026-08-05T13:32:32.388Z</time>
      </trkpt>
      <trkpt lat="46.549456" lon="11.816050">
        <ele>2021.275457</ele>
        <time>2026-08-05T13:32:34.781Z</time>
      </trkpt>
      <trkpt lat="46.549422" lon="11.816286">
        <ele>2019.753206</ele>
        <time>2026-08-05T13:32:35.924Z</time>
      </trkpt>
      <trkpt lat="46.549428" lon="11.816701">
        <ele>2017.132655</ele>
        <time>2026-08-05T13:32:37.918Z</time>
      </trkpt>
      <trkpt lat="46.549580" lon="11.817415">
        <ele>2013.373613</ele>
        <time>2026-08-05T13:32:41.623Z</time>
      </trkpt>
      <trkpt lat="46.549553" lon="11.817526">
        <ele>2012.832926</ele>
        <time>2026-08-05T13:32:42.219Z</time>
      </trkpt>
      <trkpt lat="46.549492" lon="11.817552">
        <ele>2012.408461</ele>
        <time>2026-08-05T13:32:42.691Z</time>
      </trkpt>
      <trkpt lat="46.549420" lon="11.817486">
        <ele>2011.840121</ele>
        <time>2026-08-05T13:32:43.328Z</time>
      </trkpt>
      <trkpt lat="46.549305" lon="11.817001">
        <ele>2009.484198</ele>
        <time>2026-08-05T13:32:45.959Z</time>
      </trkpt>
      <trkpt lat="46.549117" lon="11.816577">
        <ele>2007.167459</ele>
        <time>2026-08-05T13:32:48.500Z</time>
      </trkpt>
      <trkpt lat="46.548996" lon="11.816216">
        <ele>2005.323222</ele>
        <time>2026-08-05T13:32:50.478Z</time>
      </trkpt>
      <trkpt lat="46.548916" lon="11.816128">
        <ele>2004.653384</ele>
        <time>2026-08-05T13:32:51.198Z</time>
      </trkpt>
      <trkpt lat="46.548852" lon="11.816132">
        <ele>2004.225631</ele>
        <time>2026-08-05T13:32:51.668Z</time>
      </trkpt>
      <trkpt lat="46.548822" lon="11.816163">
        <ele>2003.979874</ele>
        <time>2026-08-05T13:32:51.938Z</time>
      </trkpt>
      <trkpt lat="46.548792" lon="11.816293">
        <ele>2003.177893</ele>
        <time>2026-08-05T13:32:52.621Z</time>
      </trkpt>
      <trkpt lat="46.548803" lon="11.816798">
        <ele>2000.160969</ele>
        <time>2026-08-05T13:32:55.103Z</time>
      </trkpt>
      <trkpt lat="46.548737" lon="11.817290">
        <ele>1997.167815</ele>
        <time>2026-08-05T13:32:57.498Z</time>
      </trkpt>
      <trkpt lat="46.548789" lon="11.817544">
        <ele>1995.585380</ele>
        <time>2026-08-05T13:32:58.755Z</time>
      </trkpt>
      <trkpt lat="46.548927" lon="11.817843">
        <ele>1993.435244</ele>
        <time>2026-08-05T13:33:00.468Z</time>
      </trkpt>
      <trkpt lat="46.548948" lon="11.817996">
        <ele>1992.503649</ele>
        <time>2026-08-05T13:33:01.208Z</time>
      </trkpt>
      <trkpt lat="46.548937" lon="11.818082">
        <ele>1991.981329</ele>
        <time>2026-08-05T13:33:01.625Z</time>
      </trkpt>
      <trkpt lat="46.548809" lon="11.818638">
        <ele>1988.480326</ele>
        <time>2026-08-05T13:33:04.429Z</time>
      </trkpt>
      <trkpt lat="46.548792" lon="11.818967">
        <ele>1986.322260</ele>
        <time>2026-08-05T13:33:06.014Z</time>
      </trkpt>
      <trkpt lat="46.548830" lon="11.819185">
        <ele>1984.838909</ele>
        <time>2026-08-05T13:33:07.097Z</time>
      </trkpt>
      <trkpt lat="46.548893" lon="11.819383">
        <ele>1983.399945</ele>
        <time>2026-08-05T13:33:08.148Z</time>
      </trkpt>
      <trkpt lat="46.549123" lon="11.819764">
        <ele>1980.056170</ele>
        <time>2026-08-05T13:33:10.549Z</time>
      </trkpt>
      <trkpt lat="46.549134" lon="11.819925">
        <ele>1978.989025</ele>
        <time>2026-08-05T13:33:11.312Z</time>
      </trkpt>
      <trkpt lat="46.549061" lon="11.820327">
        <ele>1976.246655</ele>
        <time>2026-08-05T13:33:13.285Z</time>
      </trkpt>
      <trkpt lat="46.549088" lon="11.820518">
        <ele>1974.960526</ele>
        <time>2026-08-05T13:33:14.213Z</time>
      </trkpt>
      <trkpt lat="46.549268" lon="11.820737">
        <ele>1972.709608</ele>
        <time>2026-08-05T13:33:15.834Z</time>
      </trkpt>
      <trkpt lat="46.549289" lon="11.820825">
        <ele>1972.095233</ele>
        <time>2026-08-05T13:33:16.274Z</time>
      </trkpt>
      <trkpt lat="46.549258" lon="11.820960">
        <ele>1971.156484</ele>
        <time>2026-08-05T13:33:16.951Z</time>
      </trkpt>
      <trkpt lat="46.549195" lon="11.821031">
        <ele>1970.399711</ele>
        <time>2026-08-05T13:33:17.500Z</time>
      </trkpt>
      <trkpt lat="46.549074" lon="11.821068">
        <ele>1969.227529</ele>
        <time>2026-08-05T13:33:18.350Z</time>
      </trkpt>
      <trkpt lat="46.548946" lon="11.821055">
        <ele>1968.011121</ele>
        <time>2026-08-05T13:33:19.232Z</time>
      </trkpt>
      <trkpt lat="46.548845" lon="11.821002">
        <ele>1966.993186</ele>
        <time>2026-08-05T13:33:19.972Z</time>
      </trkpt>
      <trkpt lat="46.548502" lon="11.820758">
        <ele>1963.373223</ele>
        <time>2026-08-05T13:33:22.600Z</time>
      </trkpt>
      <trkpt lat="46.548356" lon="11.820746">
        <ele>1961.986920</ele>
        <time>2026-08-05T13:33:23.591Z</time>
      </trkpt>
      <trkpt lat="46.548192" lon="11.820844">
        <ele>1960.306011</ele>
        <time>2026-08-05T13:33:24.810Z</time>
      </trkpt>
      <trkpt lat="46.547892" lon="11.821088">
        <ele>1957.047281</ele>
        <time>2026-08-05T13:33:27.218Z</time>
      </trkpt>
      <trkpt lat="46.547602" lon="11.821214">
        <ele>1954.177938</ele>
        <time>2026-08-05T13:33:29.344Z</time>
      </trkpt>
      <trkpt lat="46.547557" lon="11.821293">
        <ele>1953.592870</ele>
        <time>2026-08-05T13:33:29.844Z</time>
      </trkpt>
      <trkpt lat="46.547543" lon="11.821410">
        <ele>1952.948995</ele>
        <time>2026-08-05T13:33:30.420Z</time>
      </trkpt>
      <trkpt lat="46.547585" lon="11.821519">
        <ele>1952.271594</ele>
        <time>2026-08-05T13:33:31.029Z</time>
      </trkpt>
      <trkpt lat="46.547620" lon="11.821548">
        <ele>1951.954023</ele>
        <time>2026-08-05T13:33:31.315Z</time>
      </trkpt>
      <trkpt lat="46.548520" lon="11.821719">
        <ele>1944.798739</ele>
        <time>2026-08-05T13:33:37.729Z</time>
      </trkpt>
      <trkpt lat="46.548621" lon="11.821779">
        <ele>1943.938637</ele>
        <time>2026-08-05T13:33:38.508Z</time>
      </trkpt>
      <trkpt lat="46.548864" lon="11.822044">
        <ele>1941.544084</ele>
        <time>2026-08-05T13:33:40.704Z</time>
      </trkpt>
      <trkpt lat="46.548905" lon="11.822133">
        <ele>1940.963310</ele>
        <time>2026-08-05T13:33:41.229Z</time>
      </trkpt>
      <trkpt lat="46.548905" lon="11.822227">
        <ele>1940.453678</ele>
        <time>2026-08-05T13:33:41.691Z</time>
      </trkpt>
      <trkpt lat="46.548873" lon="11.822293">
        <ele>1940.015867</ele>
        <time>2026-08-05T13:33:42.086Z</time>
      </trkpt>
      <trkpt lat="46.548833" lon="11.822315">
        <ele>1939.672473</ele>
        <time>2026-08-05T13:33:42.387Z</time>
      </trkpt>
      <trkpt lat="46.548683" lon="11.822320">
        <ele>1938.439752</ele>
        <time>2026-08-05T13:33:43.449Z</time>
      </trkpt>
      <trkpt lat="46.548311" lon="11.822227">
        <ele>1935.338562</ele>
        <time>2026-08-05T13:33:46.089Z</time>
      </trkpt>
      <trkpt lat="46.548175" lon="11.822211">
        <ele>1934.217538</ele>
        <time>2026-08-05T13:33:47.042Z</time>
      </trkpt>
      <trkpt lat="46.548080" lon="11.822255">
        <ele>1933.398379</ele>
        <time>2026-08-05T13:33:47.737Z</time>
      </trkpt>
      <trkpt lat="46.547728" lon="11.822758">
        <ele>1929.343508</ele>
        <time>2026-08-05T13:33:51.204Z</time>
      </trkpt>
      <trkpt lat="46.547710" lon="11.822851">
        <ele>1928.797595</ele>
        <time>2026-08-05T13:33:51.675Z</time>
      </trkpt>
      <trkpt lat="46.547729" lon="11.822901">
        <ele>1928.474811</ele>
        <time>2026-08-05T13:33:51.950Z</time>
      </trkpt>
      <trkpt lat="46.547839" lon="11.822904">
        <ele>1927.570894</ele>
        <time>2026-08-05T13:33:52.728Z</time>
      </trkpt>
      <trkpt lat="46.548093" lon="11.822748">
        <ele>1925.305505</ele>
        <time>2026-08-05T13:33:54.671Z</time>
      </trkpt>
      <trkpt lat="46.548190" lon="11.822742">
        <ele>1924.564036</ele>
        <time>2026-08-05T13:33:55.350Z</time>
      </trkpt>
      <trkpt lat="46.548238" lon="11.822779">
        <ele>1924.164000</ele>
        <time>2026-08-05T13:33:55.733Z</time>
      </trkpt>
      <trkpt lat="46.548380" lon="11.822998">
        <ele>1922.639784</ele>
        <time>2026-08-05T13:33:57.191Z</time>
      </trkpt>
      <trkpt lat="46.548472" lon="11.823070">
        <ele>1921.870464</ele>
        <time>2026-08-05T13:33:57.926Z</time>
      </trkpt>
      <trkpt lat="46.548795" lon="11.823060">
        <ele>1919.491560</ele>
        <time>2026-08-05T13:34:00.206Z</time>
      </trkpt>
      <trkpt lat="46.548885" lon="11.823087">
        <ele>1918.814899</ele>
        <time>2026-08-05T13:34:00.865Z</time>
      </trkpt>
      <trkpt lat="46.549041" lon="11.823248">
        <ele>1917.406281</ele>
        <time>2026-08-05T13:34:02.249Z</time>
      </trkpt>
      <trkpt lat="46.549240" lon="11.823626">
        <ele>1914.995620</ele>
        <time>2026-08-05T13:34:04.637Z</time>
      </trkpt>
      <trkpt lat="46.549304" lon="11.823799">
        <ele>1914.000841</ele>
        <time>2026-08-05T13:34:05.622Z</time>
      </trkpt>
      <trkpt lat="46.549288" lon="11.823882">
        <ele>1913.564329</ele>
        <time>2026-08-05T13:34:06.050Z</time>
      </trkpt>
      <trkpt lat="46.549219" lon="11.823895">
        <ele>1913.052010</ele>
        <time>2026-08-05T13:34:06.549Z</time>
      </trkpt>
      <trkpt lat="46.549170" lon="11.823870">
        <ele>1912.669639</ele>
        <time>2026-08-05T13:34:06.924Z</time>
      </trkpt>
      <trkpt lat="46.548893" lon="11.823588">
        <ele>1910.216071</ele>
        <time>2026-08-05T13:34:09.342Z</time>
      </trkpt>
      <trkpt lat="46.548645" lon="11.823501">
        <ele>1908.379528</ele>
        <time>2026-08-05T13:34:11.180Z</time>
      </trkpt>
      <trkpt lat="46.548358" lon="11.823643">
        <ele>1906.197116</ele>
        <time>2026-08-05T13:34:13.326Z</time>
      </trkpt>
      <trkpt lat="46.548215" lon="11.823755">
        <ele>1905.027833</ele>
        <time>2026-08-05T13:34:14.478Z</time>
      </trkpt>
      <trkpt lat="46.548186" lon="11.823812">
        <ele>1904.676801</ele>
        <time>2026-08-05T13:34:14.829Z</time>
      </trkpt>
      <trkpt lat="46.548187" lon="11.823872">
        <ele>1904.379655</ele>
        <time>2026-08-05T13:34:15.129Z</time>
      </trkpt>
      <trkpt lat="46.548222" lon="11.823975">
        <ele>1903.810855</ele>
        <time>2026-08-05T13:34:15.696Z</time>
      </trkpt>
      <trkpt lat="46.548259" lon="11.823993">
        <ele>1903.529984</ele>
        <time>2026-08-05T13:34:15.977Z</time>
      </trkpt>
      <trkpt lat="46.548302" lon="11.824002">
        <ele>1903.217242</ele>
        <time>2026-08-05T13:34:16.292Z</time>
      </trkpt>
      <trkpt lat="46.548334" lon="11.824006">
        <ele>1902.986029</ele>
        <time>2026-08-05T13:34:16.527Z</time>
      </trkpt>
      <trkpt lat="46.548378" lon="11.824013">
        <ele>1902.667388</ele>
        <time>2026-08-05T13:34:16.840Z</time>
      </trkpt>
      <trkpt lat="46.548451" lon="11.824020">
        <ele>1902.140730</ele>
        <time>2026-08-05T13:34:17.370Z</time>
      </trkpt>
      <trkpt lat="46.548493" lon="11.824037">
        <ele>1901.826881</ele>
        <time>2026-08-05T13:34:17.680Z</time>
      </trkpt>
      <trkpt lat="46.548532" lon="11.824049">
        <ele>1901.539908</ele>
        <time>2026-08-05T13:34:17.964Z</time>
      </trkpt>
      <trkpt lat="46.548566" lon="11.824072">
        <ele>1901.269955</ele>
        <time>2026-08-05T13:34:18.239Z</time>
      </trkpt>
      <trkpt lat="46.548603" lon="11.824094">
        <ele>1900.982187</ele>
        <time>2026-08-05T13:34:18.530Z</time>
      </trkpt>
      <trkpt lat="46.548640" lon="11.824124">
        <ele>1900.677216</ele>
        <time>2026-08-05T13:34:18.831Z</time>
      </trkpt>
      <trkpt lat="46.548676" lon="11.824156">
        <ele>1900.373467</ele>
        <time>2026-08-05T13:34:19.131Z</time>
      </trkpt>
      <trkpt lat="46.548713" lon="11.824193">
        <ele>1900.050197</ele>
        <time>2026-08-05T13:34:19.462Z</time>
      </trkpt>
      <trkpt lat="46.548745" lon="11.824238">
        <ele>1899.729723</ele>
        <time>2026-08-05T13:34:19.779Z</time>
      </trkpt>
      <trkpt lat="46.548774" lon="11.824291">
        <ele>1899.394407</ele>
        <time>2026-08-05T13:34:20.108Z</time>
      </trkpt>
      <trkpt lat="46.548879" lon="11.824471">
        <ele>1898.135777</ele>
        <time>2026-08-05T13:34:21.267Z</time>
      </trkpt>
      <trkpt lat="46.548969" lon="11.824543">
        <ele>1897.290788</ele>
        <time>2026-08-05T13:34:21.995Z</time>
      </trkpt>
      <trkpt lat="46.549111" lon="11.824574">
        <ele>1896.109613</ele>
        <time>2026-08-05T13:34:23.020Z</time>
      </trkpt>
      <trkpt lat="46.549561" lon="11.824537">
        <ele>1892.402029</ele>
        <time>2026-08-05T13:34:26.232Z</time>
      </trkpt>
      <trkpt lat="46.549650" lon="11.824587">
        <ele>1891.617177</ele>
        <time>2026-08-05T13:34:26.903Z</time>
      </trkpt>
      <trkpt lat="46.549717" lon="11.824688">
        <ele>1890.823311</ele>
        <time>2026-08-05T13:34:27.588Z</time>
      </trkpt>
      <trkpt lat="46.550155" lon="11.826550">
        <ele>1878.118049</ele>
        <time>2026-08-05T13:34:37.030Z</time>
      </trkpt>
      <trkpt lat="46.550529" lon="11.828316">
        <ele>1863.915499</ele>
        <time>2026-08-05T13:34:45.571Z</time>
      </trkpt>
      <trkpt lat="46.550550" lon="11.828429">
        <ele>1863.277016</ele>
        <time>2026-08-05T13:34:46.121Z</time>
      </trkpt>
      <trkpt lat="46.550520" lon="11.828560">
        <ele>1862.523881</ele>
        <time>2026-08-05T13:34:46.769Z</time>
      </trkpt>
      <trkpt lat="46.550495" lon="11.828581">
        <ele>1862.294884</ele>
        <time>2026-08-05T13:34:46.970Z</time>
      </trkpt>
      <trkpt lat="46.550460" lon="11.828584">
        <ele>1862.016797</ele>
        <time>2026-08-05T13:34:47.206Z</time>
      </trkpt>
      <trkpt lat="46.550424" lon="11.828558">
        <ele>1861.697981</ele>
        <time>2026-08-05T13:34:47.482Z</time>
      </trkpt>
      <trkpt lat="46.550272" lon="11.828038">
        <ele>1858.615973</ele>
        <time>2026-08-05T13:34:50.200Z</time>
      </trkpt>
      <trkpt lat="46.549833" lon="11.826760">
        <ele>1850.823656</ele>
        <time>2026-08-05T13:34:57.383Z</time>
      </trkpt>
      <trkpt lat="46.549563" lon="11.826265">
        <ele>1847.009892</ele>
        <time>2026-08-05T13:35:00.598Z</time>
      </trkpt>
      <trkpt lat="46.549479" lon="11.826251">
        <ele>1846.232122</ele>
        <time>2026-08-05T13:35:01.202Z</time>
      </trkpt>
      <trkpt lat="46.549431" lon="11.826313">
        <ele>1845.641518</ele>
        <time>2026-08-05T13:35:01.658Z</time>
      </trkpt>
      <trkpt lat="46.549452" lon="11.826441">
        <ele>1844.809020</ele>
        <time>2026-08-05T13:35:02.298Z</time>
      </trkpt>
      <trkpt lat="46.549702" lon="11.827027">
        <ele>1840.446404</ele>
        <time>2026-08-05T13:35:05.569Z</time>
      </trkpt>
      <trkpt lat="46.549766" lon="11.827281">
        <ele>1838.735060</ele>
        <time>2026-08-05T13:35:06.833Z</time>
      </trkpt>
      <trkpt lat="46.549929" lon="11.828839">
        <ele>1829.321808</ele>
        <time>2026-08-05T13:35:14.227Z</time>
      </trkpt>
      <trkpt lat="46.550361" lon="11.831084">
        <ele>1816.860648</ele>
        <time>2026-08-05T13:35:25.772Z</time>
      </trkpt>
      <trkpt lat="46.550572" lon="11.832597">
        <ele>1809.886657</ele>
        <time>2026-08-05T13:35:33.533Z</time>
      </trkpt>
      <trkpt lat="46.550614" lon="11.832724">
        <ele>1809.250057</ele>
        <time>2026-08-05T13:35:34.231Z</time>
      </trkpt>
      <trkpt lat="46.550896" lon="11.833249">
        <ele>1806.230449</ele>
        <time>2026-08-05T13:35:37.525Z</time>
      </trkpt>
      <trkpt lat="46.550924" lon="11.833364">
        <ele>1805.670487</ele>
        <time>2026-08-05T13:35:38.126Z</time>
      </trkpt>
      <trkpt lat="46.550911" lon="11.833425">
        <ele>1805.377358</ele>
        <time>2026-08-05T13:35:38.438Z</time>
      </trkpt>
      <trkpt lat="46.550839" lon="11.833484">
        <ele>1804.825746</ele>
        <time>2026-08-05T13:35:39.029Z</time>
      </trkpt>
      <trkpt lat="46.550755" lon="11.833424">
        <ele>1804.201106</ele>
        <time>2026-08-05T13:35:39.694Z</time>
      </trkpt>
      <trkpt lat="46.549896" lon="11.831920">
        <ele>1795.227289</ele>
        <time>2026-08-05T13:35:49.366Z</time>
      </trkpt>
      <trkpt lat="46.549813" lon="11.831779">
        <ele>1794.426172</ele>
        <time>2026-08-05T13:35:50.328Z</time>
      </trkpt>
      <trkpt lat="46.549509" lon="11.831263">
        <ele>1791.624277</ele>
        <time>2026-08-05T13:35:53.901Z</time>
      </trkpt>
      <trkpt lat="46.549329" lon="11.830958">
        <ele>1789.966903</ele>
        <time>2026-08-05T13:35:55.993Z</time>
      </trkpt>
      <trkpt lat="46.549269" lon="11.830843">
        <ele>1789.371640</ele>
        <time>2026-08-05T13:35:56.740Z</time>
      </trkpt>
      <trkpt lat="46.549206" lon="11.830709">
        <ele>1788.702267</ele>
        <time>2026-08-05T13:35:57.574Z</time>
      </trkpt>
      <trkpt lat="46.549154" lon="11.830584">
        <ele>1788.099824</ele>
        <time>2026-08-05T13:35:58.337Z</time>
      </trkpt>
      <trkpt lat="46.549042" lon="11.830331">
        <ele>1786.859041</ele>
        <time>2026-08-05T13:35:59.861Z</time>
      </trkpt>
      <trkpt lat="46.549013" lon="11.830297">
        <ele>1786.635664</ele>
        <time>2026-08-05T13:36:00.139Z</time>
      </trkpt>
      <trkpt lat="46.548944" lon="11.830294">
        <ele>1786.221739</ele>
        <time>2026-08-05T13:36:00.636Z</time>
      </trkpt>
      <trkpt lat="46.548905" lon="11.830320">
        <ele>1785.964477</ele>
        <time>2026-08-05T13:36:00.946Z</time>
      </trkpt>
      <trkpt lat="46.548887" lon="11.830447">
        <ele>1785.429745</ele>
        <time>2026-08-05T13:36:01.593Z</time>
      </trkpt>
      <trkpt lat="46.549034" lon="11.831593">
        <ele>1778.845322</ele>
        <time>2026-08-05T13:36:07.240Z</time>
      </trkpt>
      <trkpt lat="46.549127" lon="11.831946">
        <ele>1776.487673</ele>
        <time>2026-08-05T13:36:09.026Z</time>
      </trkpt>
      <trkpt lat="46.549431" lon="11.832783">
        <ele>1770.584119</ele>
        <time>2026-08-05T13:36:13.521Z</time>
      </trkpt>
      <trkpt lat="46.549700" lon="11.834515">
        <ele>1758.902785</ele>
        <time>2026-08-05T13:36:21.979Z</time>
      </trkpt>
      <trkpt lat="46.549733" lon="11.834765">
        <ele>1757.198556</ele>
        <time>2026-08-05T13:36:23.184Z</time>
      </trkpt>
      <trkpt lat="46.549744" lon="11.834891">
        <ele>1756.348252</ele>
        <time>2026-08-05T13:36:23.786Z</time>
      </trkpt>
      <trkpt lat="46.549740" lon="11.835141">
        <ele>1754.674121</ele>
        <time>2026-08-05T13:36:24.971Z</time>
      </trkpt>
      <trkpt lat="46.549653" lon="11.835683">
        <ele>1750.948059</ele>
        <time>2026-08-05T13:36:27.603Z</time>
      </trkpt>
      <trkpt lat="46.549653" lon="11.836350">
        <ele>1746.880368</ele>
        <time>2026-08-05T13:36:30.764Z</time>
      </trkpt>
      <trkpt lat="46.549473" lon="11.837459">
        <ele>1740.053033</ele>
        <time>2026-08-05T13:36:36.199Z</time>
      </trkpt>
      <trkpt lat="46.549375" lon="11.838344">
        <ele>1734.682073</ele>
        <time>2026-08-05T13:36:40.637Z</time>
      </trkpt>
      <trkpt lat="46.549357" lon="11.838568">
        <ele>1733.600529</ele>
        <time>2026-08-05T13:36:41.754Z</time>
      </trkpt>
      <trkpt lat="46.549384" lon="11.839049">
        <ele>1731.323773</ele>
        <time>2026-08-05T13:36:44.090Z</time>
      </trkpt>
      <trkpt lat="46.549441" lon="11.839620">
        <ele>1728.601743</ele>
        <time>2026-08-05T13:36:46.928Z</time>
      </trkpt>
      <trkpt lat="46.549470" lon="11.839906">
        <ele>1727.237899</ele>
        <time>2026-08-05T13:36:48.346Z</time>
      </trkpt>
      <trkpt lat="46.549466" lon="11.840124">
        <ele>1726.209078</ele>
        <time>2026-08-05T13:36:49.420Z</time>
      </trkpt>
      <trkpt lat="46.549436" lon="11.840173">
        <ele>1725.899580</ele>
        <time>2026-08-05T13:36:49.739Z</time>
      </trkpt>
      <trkpt lat="46.549368" lon="11.840196">
        <ele>1725.420659</ele>
        <time>2026-08-05T13:36:50.246Z</time>
      </trkpt>
      <trkpt lat="46.549333" lon="11.840186">
        <ele>1725.175974</ele>
        <time>2026-08-05T13:36:50.501Z</time>
      </trkpt>
      <trkpt lat="46.549298" lon="11.840119">
        <ele>1724.779042</ele>
        <time>2026-08-05T13:36:50.918Z</time>
      </trkpt>
      <trkpt lat="46.549278" lon="11.839783">
        <ele>1723.187969</ele>
        <time>2026-08-05T13:36:52.596Z</time>
      </trkpt>
      <trkpt lat="46.549064" lon="11.839117">
        <ele>1719.981326</ele>
        <time>2026-08-05T13:36:56.435Z</time>
      </trkpt>
      <trkpt lat="46.549000" lon="11.838788">
        <ele>1718.534217</ele>
        <time>2026-08-05T13:36:58.236Z</time>
      </trkpt>
      <trkpt lat="46.548992" lon="11.838619">
        <ele>1717.817240</ele>
        <time>2026-08-05T13:36:59.169Z</time>
      </trkpt>
      <trkpt lat="46.549017" lon="11.838270">
        <ele>1716.332123</ele>
        <time>2026-08-05T13:37:01.042Z</time>
      </trkpt>
      <trkpt lat="46.549107" lon="11.837765">
        <ele>1714.124137</ele>
        <time>2026-08-05T13:37:03.678Z</time>
      </trkpt>
      <trkpt lat="46.549059" lon="11.837651">
        <ele>1713.558393</ele>
        <time>2026-08-05T13:37:04.343Z</time>
      </trkpt>
      <trkpt lat="46.548981" lon="11.837628">
        <ele>1713.068594</ele>
        <time>2026-08-05T13:37:04.913Z</time>
      </trkpt>
      <trkpt lat="46.548910" lon="11.837676">
        <ele>1712.586726</ele>
        <time>2026-08-05T13:37:05.481Z</time>
      </trkpt>
      <trkpt lat="46.548861" lon="11.837788">
        <ele>1712.024902</ele>
        <time>2026-08-05T13:37:06.129Z</time>
      </trkpt>
      <trkpt lat="46.548848" lon="11.838363">
        <ele>1708.426466</ele>
        <time>2026-08-05T13:37:08.889Z</time>
      </trkpt>
      <trkpt lat="46.548777" lon="11.838767">
        <ele>1705.379757</ele>
        <time>2026-08-05T13:37:10.837Z</time>
      </trkpt>
      <trkpt lat="46.548698" lon="11.839706">
        <ele>1698.467729</ele>
        <time>2026-08-05T13:37:15.200Z</time>
      </trkpt>
      <trkpt lat="46.548690" lon="11.839873">
        <ele>1697.244572</ele>
        <time>2026-08-05T13:37:15.977Z</time>
      </trkpt>
      <trkpt lat="46.548718" lon="11.840123">
        <ele>1695.393861</ele>
        <time>2026-08-05T13:37:17.163Z</time>
      </trkpt>
      <trkpt lat="46.549103" lon="11.841220">
        <ele>1688.728527</ele>
        <time>2026-08-05T13:37:23.106Z</time>
      </trkpt>
      <trkpt lat="46.549440" lon="11.841741">
        <ele>1685.646539</ele>
        <time>2026-08-05T13:37:26.733Z</time>
      </trkpt>
      <trkpt lat="46.549806" lon="11.842158">
        <ele>1682.733189</ele>
        <time>2026-08-05T13:37:30.248Z</time>
      </trkpt>
      <trkpt lat="46.549939" lon="11.842362">
        <ele>1681.521929</ele>
        <time>2026-08-05T13:37:31.732Z</time>
      </trkpt>
      <trkpt lat="46.549987" lon="11.842505">
        <ele>1680.836262</ele>
        <time>2026-08-05T13:37:32.585Z</time>
      </trkpt>
      <trkpt lat="46.550024" lon="11.842805">
        <ele>1680.032828</ele>
        <time>2026-08-05T13:37:34.212Z</time>
      </trkpt>
      <trkpt lat="46.549965" lon="11.843606">
        <ele>1677.933370</ele>
        <time>2026-08-05T13:37:38.562Z</time>
      </trkpt>
      <trkpt lat="46.549984" lon="11.843839">
        <ele>1677.321885</ele>
        <time>2026-08-05T13:37:39.853Z</time>
      </trkpt>
      <trkpt lat="46.550232" lon="11.844444">
        <ele>1675.486334</ele>
        <time>2026-08-05T13:37:43.727Z</time>
      </trkpt>
      <trkpt lat="46.550342" lon="11.844646">
        <ele>1674.814844</ele>
        <time>2026-08-05T13:37:45.145Z</time>
      </trkpt>
      <trkpt lat="46.550698" lon="11.845099">
        <ele>1672.705150</ele>
        <time>2026-08-05T13:37:48.943Z</time>
      </trkpt>
      <trkpt lat="46.550843" lon="11.845280">
        <ele>1671.745524</ele>
        <time>2026-08-05T13:37:50.442Z</time>
      </trkpt>
      <trkpt lat="46.550906" lon="11.845358">
        <ele>1671.330023</ele>
        <time>2026-08-05T13:37:51.086Z</time>
      </trkpt>
      <trkpt lat="46.551093" lon="11.845574">
        <ele>1670.130770</ele>
        <time>2026-08-05T13:37:52.945Z</time>
      </trkpt>
      <trkpt lat="46.551137" lon="11.845617">
        <ele>1669.864556</ele>
        <time>2026-08-05T13:37:53.347Z</time>
      </trkpt>
      <trkpt lat="46.551217" lon="11.845682">
        <ele>1669.404370</ele>
        <time>2026-08-05T13:37:54.042Z</time>
      </trkpt>
      <trkpt lat="46.551464" lon="11.845850">
        <ele>1668.035057</ele>
        <time>2026-08-05T13:37:56.063Z</time>
      </trkpt>
      <trkpt lat="46.551689" lon="11.846000">
        <ele>1666.792114</ele>
        <time>2026-08-05T13:37:57.866Z</time>
      </trkpt>
      <trkpt lat="46.552017" lon="11.846208">
        <ele>1664.995221</ele>
        <time>2026-08-05T13:38:00.480Z</time>
      </trkpt>
      <trkpt lat="46.552088" lon="11.846296">
        <ele>1664.259672</ele>
        <time>2026-08-05T13:38:01.165Z</time>
      </trkpt>
      <trkpt lat="46.552219" lon="11.846614">
        <ele>1662.199667</ele>
        <time>2026-08-05T13:38:03.031Z</time>
      </trkpt>
      <trkpt lat="46.552298" lon="11.846786">
        <ele>1661.050243</ele>
        <time>2026-08-05T13:38:04.055Z</time>
      </trkpt>
      <trkpt lat="46.552411" lon="11.847037">
        <ele>1659.383071</ele>
        <time>2026-08-05T13:38:05.521Z</time>
      </trkpt>
      <trkpt lat="46.552672" lon="11.847616">
        <ele>1655.535811</ele>
        <time>2026-08-05T13:38:08.847Z</time>
      </trkpt>
      <trkpt lat="46.552738" lon="11.847788">
        <ele>1654.441248</ele>
        <time>2026-08-05T13:38:09.779Z</time>
      </trkpt>
      <trkpt lat="46.552788" lon="11.848027">
        <ele>1653.052989</ele>
        <time>2026-08-05T13:38:10.974Z</time>
      </trkpt>
      <trkpt lat="46.552892" lon="11.848687">
        <ele>1649.287943</ele>
        <time>2026-08-05T13:38:14.224Z</time>
      </trkpt>
      <trkpt lat="46.552906" lon="11.848777">
        <ele>1648.774141</ele>
        <time>2026-08-05T13:38:14.664Z</time>
      </trkpt>
      <trkpt lat="46.552940" lon="11.849010">
        <ele>1647.447859</ele>
        <time>2026-08-05T13:38:15.803Z</time>
      </trkpt>
      <trkpt lat="46.552990" lon="11.849339">
        <ele>1645.571712</ele>
        <time>2026-08-05T13:38:17.413Z</time>
      </trkpt>
      <trkpt lat="46.553117" lon="11.849802">
        <ele>1642.796112</ele>
        <time>2026-08-05T13:38:19.795Z</time>
      </trkpt>
      <trkpt lat="46.553286" lon="11.850261">
        <ele>1639.897035</ele>
        <time>2026-08-05T13:38:22.336Z</time>
      </trkpt>
      <trkpt lat="46.553611" lon="11.851130">
        <ele>1634.735142</ele>
        <time>2026-08-05T13:38:27.255Z</time>
      </trkpt>
      <trkpt lat="46.553663" lon="11.851320">
        <ele>1633.863215</ele>
        <time>2026-08-05T13:38:28.275Z</time>
      </trkpt>
      <trkpt lat="46.553718" lon="11.851722">
        <ele>1632.115568</ele>
        <time>2026-08-05T13:38:30.341Z</time>
      </trkpt>
      <trkpt lat="46.553718" lon="11.852031">
        <ele>1630.798051</ele>
        <time>2026-08-05T13:38:31.903Z</time>
      </trkpt>
      <trkpt lat="46.553675" lon="11.852384">
        <ele>1629.269494</ele>
        <time>2026-08-05T13:38:33.718Z</time>
      </trkpt>
      <trkpt lat="46.553601" lon="11.852729">
        <ele>1627.728582</ele>
        <time>2026-08-05T13:38:35.535Z</time>
      </trkpt>
      <trkpt lat="46.553463" lon="11.853224">
        <ele>1625.451142</ele>
        <time>2026-08-05T13:38:38.215Z</time>
      </trkpt>
      <trkpt lat="46.553281" lon="11.853669">
        <ele>1623.034405</ele>
        <time>2026-08-05T13:38:40.825Z</time>
      </trkpt>
      <trkpt lat="46.553179" lon="11.854017">
        <ele>1621.192119</ele>
        <time>2026-08-05T13:38:42.742Z</time>
      </trkpt>
      <trkpt lat="46.553115" lon="11.854359">
        <ele>1619.466003</ele>
        <time>2026-08-05T13:38:44.539Z</time>
      </trkpt>
      <trkpt lat="46.553023" lon="11.855047">
        <ele>1616.052661</ele>
        <time>2026-08-05T13:38:48.065Z</time>
      </trkpt>
      <trkpt lat="46.552828" lon="11.856454">
        <ele>1607.521429</ele>
        <time>2026-08-05T13:38:54.967Z</time>
      </trkpt>
      <trkpt lat="46.552782" lon="11.856715">
        <ele>1605.515240</ele>
        <time>2026-08-05T13:38:56.219Z</time>
      </trkpt>
      <trkpt lat="46.552690" lon="11.856974">
        <ele>1603.344676</ele>
        <time>2026-08-05T13:38:57.569Z</time>
      </trkpt>
      <trkpt lat="46.552502" lon="11.857185">
        <ele>1600.773323</ele>
        <time>2026-08-05T13:38:59.167Z</time>
      </trkpt>
      <trkpt lat="46.552319" lon="11.857251">
        <ele>1598.731861</ele>
        <time>2026-08-05T13:39:00.443Z</time>
      </trkpt>
      <trkpt lat="46.552186" lon="11.857243">
        <ele>1597.290575</ele>
        <time>2026-08-05T13:39:01.339Z</time>
      </trkpt>
      <trkpt lat="46.551931" lon="11.857160">
        <ele>1594.461245</ele>
        <time>2026-08-05T13:39:03.115Z</time>
      </trkpt>
      <trkpt lat="46.551627" lon="11.857021">
        <ele>1591.462864</ele>
        <time>2026-08-05T13:39:05.282Z</time>
      </trkpt>
      <trkpt lat="46.551443" lon="11.856808">
        <ele>1589.688334</ele>
        <time>2026-08-05T13:39:06.912Z</time>
      </trkpt>
      <trkpt lat="46.551355" lon="11.856600">
        <ele>1588.421162</ele>
        <time>2026-08-05T13:39:08.097Z</time>
      </trkpt>
      <trkpt lat="46.551151" lon="11.855596">
        <ele>1582.988892</ele>
        <time>2026-08-05T13:39:13.391Z</time>
      </trkpt>
      <trkpt lat="46.551070" lon="11.855503">
        <ele>1582.210181</ele>
        <time>2026-08-05T13:39:14.167Z</time>
      </trkpt>
      <trkpt lat="46.551026" lon="11.855489">
        <ele>1581.870337</ele>
        <time>2026-08-05T13:39:14.508Z</time>
      </trkpt>
      <trkpt lat="46.550913" lon="11.855537">
        <ele>1580.982093</ele>
        <time>2026-08-05T13:39:15.376Z</time>
      </trkpt>
      <trkpt lat="46.550857" lon="11.855677">
        <ele>1580.141699</ele>
        <time>2026-08-05T13:39:16.190Z</time>
      </trkpt>
      <trkpt lat="46.550848" lon="11.855842">
        <ele>1579.282838</ele>
        <time>2026-08-05T13:39:17.013Z</time>
      </trkpt>
      <trkpt lat="46.550847" lon="11.856087">
        <ele>1577.888575</ele>
        <time>2026-08-05T13:39:18.230Z</time>
      </trkpt>
      <trkpt lat="46.550843" lon="11.857019">
        <ele>1572.405628</ele>
        <time>2026-08-05T13:39:22.731Z</time>
      </trkpt>
      <trkpt lat="46.550842" lon="11.857074">
        <ele>1572.081957</ele>
        <time>2026-08-05T13:39:22.997Z</time>
      </trkpt>
      <trkpt lat="46.550843" lon="11.857148">
        <ele>1571.646540</ele>
        <time>2026-08-05T13:39:23.345Z</time>
      </trkpt>
      <trkpt lat="46.550843" lon="11.857364">
        <ele>1570.375838</ele>
        <time>2026-08-05T13:39:24.369Z</time>
      </trkpt>
      <trkpt lat="46.550850" lon="11.858068">
        <ele>1566.233861</ele>
        <time>2026-08-05T13:39:27.700Z</time>
      </trkpt>
      <trkpt lat="46.550917" lon="11.858410">
        <ele>1564.141877</ele>
        <time>2026-08-05T13:39:29.415Z</time>
      </trkpt>
      <trkpt lat="46.551013" lon="11.858650">
        <ele>1562.587754</ele>
        <time>2026-08-05T13:39:30.764Z</time>
      </trkpt>
      <trkpt lat="46.551303" lon="11.859137">
        <ele>1559.087755</ele>
        <time>2026-08-05T13:39:33.878Z</time>
      </trkpt>
      <trkpt lat="46.551354" lon="11.859280">
        <ele>1558.212562</ele>
        <time>2026-08-05T13:39:34.658Z</time>
      </trkpt>
      <trkpt lat="46.551454" lon="11.859841">
        <ele>1555.063882</ele>
        <time>2026-08-05T13:39:37.468Z</time>
      </trkpt>
      <trkpt lat="46.551544" lon="11.860388">
        <ele>1552.008122</ele>
        <time>2026-08-05T13:39:40.210Z</time>
      </trkpt>
      <trkpt lat="46.551831" lon="11.862008">
        <ele>1545.265103</ele>
        <time>2026-08-05T13:39:48.529Z</time>
      </trkpt>
      <trkpt lat="46.551851" lon="11.862256">
        <ele>1544.404523</ele>
        <time>2026-08-05T13:39:49.832Z</time>
      </trkpt>
      <trkpt lat="46.551833" lon="11.862376">
        <ele>1543.981224</ele>
        <time>2026-08-05T13:39:50.488Z</time>
      </trkpt>
      <trkpt lat="46.551785" lon="11.862556">
        <ele>1543.315852</ele>
        <time>2026-08-05T13:39:51.522Z</time>
      </trkpt>
      <trkpt lat="46.551709" lon="11.862699">
        <ele>1542.692982</ele>
        <time>2026-08-05T13:39:52.500Z</time>
      </trkpt>
      <trkpt lat="46.551696" lon="11.862717">
        <ele>1542.603020</ele>
        <time>2026-08-05T13:39:52.643Z</time>
      </trkpt>
      <trkpt lat="46.551519" lon="11.862961">
        <ele>1541.380709</ele>
        <time>2026-08-05T13:39:54.605Z</time>
      </trkpt>
      <trkpt lat="46.551465" lon="11.863033">
        <ele>1541.013537</ele>
        <time>2026-08-05T13:39:55.207Z</time>
      </trkpt>
      <trkpt lat="46.551263" lon="11.863406">
        <ele>1539.704931</ele>
        <time>2026-08-05T13:39:57.949Z</time>
      </trkpt>
      <trkpt lat="46.551182" lon="11.863673">
        <ele>1539.048426</ele>
        <time>2026-08-05T13:39:59.643Z</time>
      </trkpt>
      <trkpt lat="46.551131" lon="11.864031">
        <ele>1538.225952</ele>
        <time>2026-08-05T13:40:01.738Z</time>
      </trkpt>
      <trkpt lat="46.551150" lon="11.864944">
        <ele>1536.171077</ele>
        <time>2026-08-05T13:40:06.911Z</time>
      </trkpt>
      <trkpt lat="46.551153" lon="11.865092">
        <ele>1535.837984</ele>
        <time>2026-08-05T13:40:07.713Z</time>
      </trkpt>
      <trkpt lat="46.551154" lon="11.865143">
        <ele>1535.723205</ele>
        <time>2026-08-05T13:40:07.991Z</time>
      </trkpt>
      <trkpt lat="46.551169" lon="11.865782">
        <ele>1534.249274</ele>
        <time>2026-08-05T13:40:11.401Z</time>
      </trkpt>
      <trkpt lat="46.551173" lon="11.865920">
        <ele>1533.865954</ele>
        <time>2026-08-05T13:40:12.134Z</time>
      </trkpt>
      <trkpt lat="46.551175" lon="11.866022">
        <ele>1533.582766</ele>
        <time>2026-08-05T13:40:12.673Z</time>
      </trkpt>
      <trkpt lat="46.551187" lon="11.866465">
        <ele>1532.352390</ele>
        <time>2026-08-05T13:40:15.034Z</time>
      </trkpt>
      <trkpt lat="46.551203" lon="11.866944">
        <ele>1531.021493</ele>
        <time>2026-08-05T13:40:17.595Z</time>
      </trkpt>
      <trkpt lat="46.551210" lon="11.867237">
        <ele>1530.207863</ele>
        <time>2026-08-05T13:40:19.162Z</time>
      </trkpt>
      <trkpt lat="46.551214" lon="11.867333">
        <ele>1529.940954</ele>
        <time>2026-08-05T13:40:19.677Z</time>
      </trkpt>
      <trkpt lat="46.551229" lon="11.867899">
        <ele>1528.369014</ele>
        <time>2026-08-05T13:40:22.683Z</time>
      </trkpt>
      <trkpt lat="46.551255" lon="11.868621">
        <ele>1526.714840</ele>
        <time>2026-08-05T13:40:26.591Z</time>
      </trkpt>
      <trkpt lat="46.551264" lon="11.868763">
        <ele>1526.489912</ele>
        <time>2026-08-05T13:40:27.383Z</time>
      </trkpt>
      <trkpt lat="46.551372" lon="11.869518">
        <ele>1525.273552</ele>
        <time>2026-08-05T13:40:31.796Z</time>
      </trkpt>
      <trkpt lat="46.551419" lon="11.869754">
        <ele>1524.886012</ele>
        <time>2026-08-05T13:40:33.265Z</time>
      </trkpt>
      <trkpt lat="46.551484" lon="11.870078">
        <ele>1524.353663</ele>
        <time>2026-08-05T13:40:35.304Z</time>
      </trkpt>
      <trkpt lat="46.551593" lon="11.870603">
        <ele>1523.488663</ele>
        <time>2026-08-05T13:40:38.761Z</time>
      </trkpt>
      <trkpt lat="46.551632" lon="11.870800">
        <ele>1523.165315</ele>
        <time>2026-08-05T13:40:40.126Z</time>
      </trkpt>
      <trkpt lat="46.551712" lon="11.871200">
        <ele>1522.979486</ele>
        <time>2026-08-05T13:40:43.078Z</time>
      </trkpt>
      <trkpt lat="46.551722" lon="11.871256">
        <ele>1522.967120</ele>
        <time>2026-08-05T13:40:43.514Z</time>
      </trkpt>
      <trkpt lat="46.551822" lon="11.871743">
        <ele>1522.858496</ele>
        <time>2026-08-05T13:40:47.313Z</time>
      </trkpt>
      <trkpt lat="46.551827" lon="11.871772">
        <ele>1522.852106</ele>
        <time>2026-08-05T13:40:47.535Z</time>
      </trkpt>
      <trkpt lat="46.551949" lon="11.872353">
        <ele>1522.722273</ele>
        <time>2026-08-05T13:40:52.261Z</time>
      </trkpt>
      <trkpt lat="46.551958" lon="11.872411">
        <ele>1522.709566</ele>
        <time>2026-08-05T13:40:52.735Z</time>
      </trkpt>
      <trkpt lat="46.552005" lon="11.872644">
        <ele>1522.657670</ele>
        <time>2026-08-05T13:40:54.776Z</time>
      </trkpt>
      <trkpt lat="46.552032" lon="11.872777">
        <ele>1522.628033</ele>
        <time>2026-08-05T13:40:55.987Z</time>
      </trkpt>
      <trkpt lat="46.552036" lon="11.872802">
        <ele>1522.622547</ele>
        <time>2026-08-05T13:40:56.201Z</time>
      </trkpt>
      <trkpt lat="46.552182" lon="11.873492">
        <ele>1522.482119</ele>
        <time>2026-08-05T13:41:02.123Z</time>
      </trkpt>
      <trkpt lat="46.552210" lon="11.873614">
        <ele>1522.469228</ele>
        <time>2026-08-05T13:41:03.128Z</time>
      </trkpt>
      <trkpt lat="46.552238" lon="11.873746">
        <ele>1522.455383</ele>
        <time>2026-08-05T13:41:04.179Z</time>
      </trkpt>
      <trkpt lat="46.552248" lon="11.873862">
        <ele>1522.443666</ele>
        <time>2026-08-05T13:41:05.099Z</time>
      </trkpt>
      <trkpt lat="46.552204" lon="11.874050">
        <ele>1522.423762</ele>
        <time>2026-08-05T13:41:06.659Z</time>
      </trkpt>
      <trkpt lat="46.552161" lon="11.874125">
        <ele>1522.413975</ele>
        <time>2026-08-05T13:41:07.482Z</time>
      </trkpt>
      <trkpt lat="46.552147" lon="11.874141">
        <ele>1522.411380</ele>
        <time>2026-08-05T13:41:07.684Z</time>
      </trkpt>
      <trkpt lat="46.552117" lon="11.874229">
        <ele>1522.401536</ele>
        <time>2026-08-05T13:41:08.507Z</time>
      </trkpt>
      <trkpt lat="46.552143" lon="11.874325">
        <ele>1522.391195</ele>
        <time>2026-08-05T13:41:09.380Z</time>
      </trkpt>
      <trkpt lat="46.552171" lon="11.874353">
        <ele>1522.386242</ele>
        <time>2026-08-05T13:41:09.784Z</time>
      </trkpt>
      <trkpt lat="46.552231" lon="11.874356">
        <ele>1522.377493</ele>
        <time>2026-08-05T13:41:10.527Z</time>
      </trkpt>
      <trkpt lat="46.552278" lon="11.874302">
        <ele>1522.368763</ele>
        <time>2026-08-05T13:41:11.262Z</time>
      </trkpt>
      <trkpt lat="46.552735" lon="11.874653">
        <ele>1522.293438</ele>
        <time>2026-08-05T13:41:17.452Z</time>
      </trkpt>
      <trkpt lat="46.553061" lon="11.874873">
        <ele>1522.241059</ele>
        <time>2026-08-05T13:41:21.380Z</time>
      </trkpt>
      <trkpt lat="46.553266" lon="11.875015">
        <ele>1521.820098</ele>
        <time>2026-08-05T13:41:23.686Z</time>
      </trkpt>
      <trkpt lat="46.553886" lon="11.875443">
        <ele>1520.120638</ele>
        <time>2026-08-05T13:41:30.731Z</time>
      </trkpt>
      <trkpt lat="46.554782" lon="11.875996">
        <ele>1517.608392</ele>
        <time>2026-08-05T13:41:38.583Z</time>
      </trkpt>
      <trkpt lat="46.556056" lon="11.876799">
        <ele>1509.013052</ele>
        <time>2026-08-05T13:41:48.535Z</time>
      </trkpt>
      <trkpt lat="46.556157" lon="11.876865">
        <ele>1508.327611</ele>
        <time>2026-08-05T13:41:49.327Z</time>
      </trkpt>
      <trkpt lat="46.556256" lon="11.876930">
        <ele>1507.655207</ele>
        <time>2026-08-05T13:41:50.106Z</time>
      </trkpt>
      <trkpt lat="46.556440" lon="11.877048">
        <ele>1506.551936</ele>
        <time>2026-08-05T13:41:51.592Z</time>
      </trkpt>
      <trkpt lat="46.556497" lon="11.877084">
        <ele>1506.400088</ele>
        <time>2026-08-05T13:41:52.047Z</time>
      </trkpt>
      <trkpt lat="46.557060" lon="11.877441">
        <ele>1504.899306</ele>
        <time>2026-08-05T13:41:56.855Z</time>
      </trkpt>
      <trkpt lat="46.557324" lon="11.877663">
        <ele>1504.154140</ele>
        <time>2026-08-05T13:41:59.766Z</time>
      </trkpt>
      <trkpt lat="46.558114" lon="11.878999">
        <ele>1501.466014</ele>
        <time>2026-08-05T13:42:12.621Z</time>
      </trkpt>
      <trkpt lat="46.558135" lon="11.879033">
        <ele>1501.409044</ele>
        <time>2026-08-05T13:42:12.914Z</time>
      </trkpt>
      <trkpt lat="46.558160" lon="11.879074">
        <ele>1501.340737</ele>
        <time>2026-08-05T13:42:13.260Z</time>
      </trkpt>
      <trkpt lat="46.558298" lon="11.879315">
        <ele>1500.949798</ele>
        <time>2026-08-05T13:42:15.202Z</time>
      </trkpt>
      <trkpt lat="46.558747" lon="11.880098">
        <ele>1499.678910</ele>
        <time>2026-08-05T13:42:21.048Z</time>
      </trkpt>
      <trkpt lat="46.558788" lon="11.880168">
        <ele>1499.564289</ele>
        <time>2026-08-05T13:42:21.553Z</time>
      </trkpt>
      <trkpt lat="46.558912" lon="11.880386">
        <ele>1499.211623</ele>
        <time>2026-08-05T13:42:23.156Z</time>
      </trkpt>
      <trkpt lat="46.559376" lon="11.881178">
        <ele>1498.721066</ele>
        <time>2026-08-05T13:42:29.569Z</time>
      </trkpt>
      <trkpt lat="46.559424" lon="11.881263">
        <ele>1498.686907</ele>
        <time>2026-08-05T13:42:30.453Z</time>
      </trkpt>
      <trkpt lat="46.559757" lon="11.881834">
        <ele>1498.454386</ele>
        <time>2026-08-05T13:42:37.254Z</time>
      </trkpt>
      <trkpt lat="46.559974" lon="11.882024">
        <ele>1498.339986</ele>
        <time>2026-08-05T13:42:41.138Z</time>
      </trkpt>
      <trkpt lat="46.560162" lon="11.882110">
        <ele>1498.250973</ele>
        <time>2026-08-05T13:42:43.990Z</time>
      </trkpt>
      <trkpt lat="46.560541" lon="11.882207">
        <ele>1497.715469</ele>
        <time>2026-08-05T13:42:49.228Z</time>
      </trkpt>
      <trkpt lat="46.560858" lon="11.882327">
        <ele>1497.027647</ele>
        <time>2026-08-05T13:42:52.650Z</time>
      </trkpt>
      <trkpt lat="46.561689" lon="11.882957">
        <ele>1495.059855</ele>
        <time>2026-08-05T13:43:00.375Z</time>
      </trkpt>
      <trkpt lat="46.561837" lon="11.883124">
        <ele>1494.666517</ele>
        <time>2026-08-05T13:43:01.836Z</time>
      </trkpt>
      <trkpt lat="46.562071" lon="11.883521">
        <ele>1493.633205</ele>
        <time>2026-08-05T13:43:04.651Z</time>
      </trkpt>
      <trkpt lat="46.562344" lon="11.884022">
        <ele>1492.183716</ele>
        <time>2026-08-05T13:43:08.181Z</time>
      </trkpt>
      <trkpt lat="46.562460" lon="11.884185">
        <ele>1491.651795</ele>
        <time>2026-08-05T13:43:09.498Z</time>
      </trkpt>
      <trkpt lat="46.563400" lon="11.885097">
        <ele>1487.693838</ele>
        <time>2026-08-05T13:43:18.855Z</time>
      </trkpt>
      <trkpt lat="46.563702" lon="11.885445">
        <ele>1485.880715</ele>
        <time>2026-08-05T13:43:21.791Z</time>
      </trkpt>
      <trkpt lat="46.563914" lon="11.885756">
        <ele>1484.463762</ele>
        <time>2026-08-05T13:43:24.047Z</time>
      </trkpt>
      <trkpt lat="46.564357" lon="11.886429">
        <ele>1481.449278</ele>
        <time>2026-08-05T13:43:28.832Z</time>
      </trkpt>
      <trkpt lat="46.564505" lon="11.886598">
        <ele>1480.563824</ele>
        <time>2026-08-05T13:43:30.248Z</time>
      </trkpt>
      <trkpt lat="46.564668" lon="11.886709">
        <ele>1479.738189</ele>
        <time>2026-08-05T13:43:31.596Z</time>
      </trkpt>
      <trkpt lat="46.565521" lon="11.887139">
        <ele>1475.805494</ele>
        <time>2026-08-05T13:43:38.454Z</time>
      </trkpt>
      <trkpt lat="46.566173" lon="11.887415">
        <ele>1472.847403</ele>
        <time>2026-08-05T13:43:43.917Z</time>
      </trkpt>
      <trkpt lat="46.566463" lon="11.887432">
        <ele>1471.432814</ele>
        <time>2026-08-05T13:43:46.179Z</time>
      </trkpt>
      <trkpt lat="46.566522" lon="11.887423">
        <ele>1471.108067</ele>
        <time>2026-08-05T13:43:46.632Z</time>
      </trkpt>
      <trkpt lat="46.566922" lon="11.887251">
        <ele>1468.824720</ele>
        <time>2026-08-05T13:43:49.807Z</time>
      </trkpt>
      <trkpt lat="46.567186" lon="11.887199">
        <ele>1467.366349</ele>
        <time>2026-08-05T13:43:51.802Z</time>
      </trkpt>
      <trkpt lat="46.567423" lon="11.887254">
        <ele>1466.052563</ele>
        <time>2026-08-05T13:43:53.576Z</time>
      </trkpt>
      <trkpt lat="46.567698" lon="11.887470">
        <ele>1464.341702</ele>
        <time>2026-08-05T13:43:55.866Z</time>
      </trkpt>
      <trkpt lat="46.567857" lon="11.887709">
        <ele>1463.090053</ele>
        <time>2026-08-05T13:43:57.521Z</time>
      </trkpt>
      <trkpt lat="46.568153" lon="11.888417">
        <ele>1460.610042</ele>
        <time>2026-08-05T13:44:01.594Z</time>
      </trkpt>
      <trkpt lat="46.568293" lon="11.888842">
        <ele>1459.318152</ele>
        <time>2026-08-05T13:44:03.964Z</time>
      </trkpt>
      <trkpt lat="46.568490" lon="11.889620">
        <ele>1457.045365</ele>
        <time>2026-08-05T13:44:08.386Z</time>
      </trkpt>
      <trkpt lat="46.568581" lon="11.889879">
        <ele>1456.248024</ele>
        <time>2026-08-05T13:44:10.201Z</time>
      </trkpt>
      <trkpt lat="46.568697" lon="11.890106">
        <ele>1455.472676</ele>
        <time>2026-08-05T13:44:12.360Z</time>
      </trkpt>
      <trkpt lat="46.568825" lon="11.890287">
        <ele>1455.248773</ele>
        <time>2026-08-05T13:44:14.710Z</time>
      </trkpt>
      <trkpt lat="46.569147" lon="11.890585">
        <ele>1455.632130</ele>
        <time>2026-08-05T13:44:20.758Z</time>
      </trkpt>
      <trkpt lat="46.569368" lon="11.890712">
        <ele>1455.870815</ele>
        <time>2026-08-05T13:44:25.110Z</time>
      </trkpt>
      <trkpt lat="46.569610" lon="11.890782">
        <ele>1456.118658</ele>
        <time>2026-08-05T13:44:30.042Z</time>
      </trkpt>
      <trkpt lat="46.571222" lon="11.890876">
        <ele>1455.408774</ele>
        <time>2026-08-05T13:44:54.045Z</time>
      </trkpt>
      <trkpt lat="46.571407" lon="11.890919">
        <ele>1455.036075</ele>
        <time>2026-08-05T13:44:55.576Z</time>
      </trkpt>
      <trkpt lat="46.571730" lon="11.891056">
        <ele>1454.366756</ele>
        <time>2026-08-05T13:44:58.232Z</time>
      </trkpt>
      <trkpt lat="46.572184" lon="11.891090">
        <ele>1453.462392</ele>
        <time>2026-08-05T13:45:01.675Z</time>
      </trkpt>
      <trkpt lat="46.573119" lon="11.891806">
        <ele>1449.833249</ele>
        <time>2026-08-05T13:45:09.699Z</time>
      </trkpt>
      <trkpt lat="46.573369" lon="11.892049">
        <ele>1448.782640</ele>
        <time>2026-08-05T13:45:12.375Z</time>
      </trkpt>
      <trkpt lat="46.573649" lon="11.892404">
        <ele>1447.484823</ele>
        <time>2026-08-05T13:45:15.684Z</time>
      </trkpt>
      <trkpt lat="46.574151" lon="11.892754">
        <ele>1445.560006</ele>
        <time>2026-08-05T13:45:20.608Z</time>
      </trkpt>
      <trkpt lat="46.574387" lon="11.892909">
        <ele>1444.667056</ele>
        <time>2026-08-05T13:45:22.817Z</time>
      </trkpt>
      <trkpt lat="46.574556" lon="11.892978">
        <ele>1444.061740</ele>
        <time>2026-08-05T13:45:24.277Z</time>
      </trkpt>
      <trkpt lat="46.574764" lon="11.893000">
        <ele>1443.342556</ele>
        <time>2026-08-05T13:45:25.940Z</time>
      </trkpt>
      <trkpt lat="46.575617" lon="11.893019">
        <ele>1440.292632</ele>
        <time>2026-08-05T13:45:32.399Z</time>
      </trkpt>
      <trkpt lat="46.575784" lon="11.893020">
        <ele>1439.590067</ele>
        <time>2026-08-05T13:45:33.642Z</time>
      </trkpt>
      <trkpt lat="46.575872" lon="11.893040">
        <ele>1439.215365</ele>
        <time>2026-08-05T13:45:34.305Z</time>
      </trkpt>
      <trkpt lat="46.575913" lon="11.893055">
        <ele>1439.037510</ele>
        <time>2026-08-05T13:45:34.621Z</time>
      </trkpt>
      <trkpt lat="46.576157" lon="11.893249">
        <ele>1437.867713</ele>
        <time>2026-08-05T13:45:36.708Z</time>
      </trkpt>
      <trkpt lat="46.576269" lon="11.893455">
        <ele>1437.108186</ele>
        <time>2026-08-05T13:45:38.080Z</time>
      </trkpt>
      <trkpt lat="46.576623" lon="11.894144">
        <ele>1434.620671</ele>
        <time>2026-08-05T13:45:42.738Z</time>
      </trkpt>
      <trkpt lat="46.576809" lon="11.894383">
        <ele>1433.576659</ele>
        <time>2026-08-05T13:45:44.733Z</time>
      </trkpt>
      <trkpt lat="46.577010" lon="11.894570">
        <ele>1432.881244</ele>
        <time>2026-08-05T13:45:46.680Z</time>
      </trkpt>
      <trkpt lat="46.577368" lon="11.894875">
        <ele>1431.851497</ele>
        <time>2026-08-05T13:45:50.248Z</time>
      </trkpt>
      <trkpt lat="46.577500" lon="11.895044">
        <ele>1431.415053</ele>
        <time>2026-08-05T13:45:51.788Z</time>
      </trkpt>
      <trkpt lat="46.578126" lon="11.896558">
        <ele>1428.738319</ele>
        <time>2026-08-05T13:46:02.191Z</time>
      </trkpt>
      <trkpt lat="46.578154" lon="11.896626">
        <ele>1428.702385</ele>
        <time>2026-08-05T13:46:02.631Z</time>
      </trkpt>
      <trkpt lat="46.578248" lon="11.896824">
        <ele>1428.593298</ele>
        <time>2026-08-05T13:46:03.991Z</time>
      </trkpt>
      <trkpt lat="46.578297" lon="11.896914">
        <ele>1428.541251</ele>
        <time>2026-08-05T13:46:04.691Z</time>
      </trkpt>
      <trkpt lat="46.578704" lon="11.897649">
        <ele>1428.113388</ele>
        <time>2026-08-05T13:46:11.145Z</time>
      </trkpt>
      <trkpt lat="46.578740" lon="11.897715">
        <ele>1428.075193</ele>
        <time>2026-08-05T13:46:11.821Z</time>
      </trkpt>
      <trkpt lat="46.578812" lon="11.897836">
        <ele>1428.002643</ele>
        <time>2026-08-05T13:46:13.378Z</time>
      </trkpt>
      <trkpt lat="46.578925" lon="11.897994">
        <ele>1427.899279</ele>
        <time>2026-08-05T13:46:15.655Z</time>
      </trkpt>
      <trkpt lat="46.579046" lon="11.898106">
        <ele>1427.804696</ele>
        <time>2026-08-05T13:46:17.904Z</time>
      </trkpt>
      <trkpt lat="46.579787" lon="11.898632">
        <ele>1427.827870</ele>
        <time>2026-08-05T13:46:30.417Z</time>
      </trkpt>
      <trkpt lat="46.580007" lon="11.898783">
        <ele>1427.887487</ele>
        <time>2026-08-05T13:46:34.282Z</time>
      </trkpt>
      <trkpt lat="46.580144" lon="11.898931">
        <ele>1427.929307</ele>
        <time>2026-08-05T13:46:36.423Z</time>
      </trkpt>
      <trkpt lat="46.580339" lon="11.899387">
        <ele>1428.019774</ele>
        <time>2026-08-05T13:46:40.446Z</time>
      </trkpt>
      <trkpt lat="46.580450" lon="11.899585">
        <ele>1428.062815</ele>
        <time>2026-08-05T13:46:42.318Z</time>
      </trkpt>
      <trkpt lat="46.580834" lon="11.900040">
        <ele>1427.899301</ele>
        <time>2026-08-05T13:46:47.184Z</time>
      </trkpt>
      <trkpt lat="46.580935" lon="11.900150">
        <ele>1427.802754</ele>
        <time>2026-08-05T13:46:48.348Z</time>
      </trkpt>
      <trkpt lat="46.580965" lon="11.900187">
        <ele>1427.772657</ele>
        <time>2026-08-05T13:46:48.718Z</time>
      </trkpt>
      <trkpt lat="46.581215" lon="11.900461">
        <ele>1427.533136</ele>
        <time>2026-08-05T13:46:51.908Z</time>
      </trkpt>
      <trkpt lat="46.581491" lon="11.900848">
        <ele>1427.239805</ele>
        <time>2026-08-05T13:46:56.252Z</time>
      </trkpt>
      <trkpt lat="46.581571" lon="11.900960">
        <ele>1427.154846</ele>
        <time>2026-08-05T13:46:57.481Z</time>
      </trkpt>
      <trkpt lat="46.581855" lon="11.901401">
        <ele>1426.836985</ele>
        <time>2026-08-05T13:47:02.014Z</time>
      </trkpt>
      <trkpt lat="46.582210" lon="11.902584">
        <ele>1425.543342</ele>
        <time>2026-08-05T13:47:09.936Z</time>
      </trkpt>
      <trkpt lat="46.582233" lon="11.902666">
        <ele>1425.447444</ele>
        <time>2026-08-05T13:47:10.475Z</time>
      </trkpt>
      <trkpt lat="46.582261" lon="11.902760">
        <ele>1425.336512</ele>
        <time>2026-08-05T13:47:11.095Z</time>
      </trkpt>
      <trkpt lat="46.582355" lon="11.903089">
        <ele>1424.950716</ele>
        <time>2026-08-05T13:47:13.322Z</time>
      </trkpt>
      <trkpt lat="46.582450" lon="11.903349">
        <ele>1424.631879</ele>
        <time>2026-08-05T13:47:15.135Z</time>
      </trkpt>
      <trkpt lat="46.582537" lon="11.903501">
        <ele>1424.417696</ele>
        <time>2026-08-05T13:47:16.374Z</time>
      </trkpt>
      <trkpt lat="46.582669" lon="11.903649">
        <ele>1424.155158</ele>
        <time>2026-08-05T13:47:17.931Z</time>
      </trkpt>
      <trkpt lat="46.582845" lon="11.903753">
        <ele>1423.811447</ele>
        <time>2026-08-05T13:47:19.720Z</time>
      </trkpt>
      <trkpt lat="46.582921" lon="11.903774">
        <ele>1423.579420</ele>
        <time>2026-08-05T13:47:20.421Z</time>
      </trkpt>
      <trkpt lat="46.583074" lon="11.903818">
        <ele>1423.111637</ele>
        <time>2026-08-05T13:47:21.828Z</time>
      </trkpt>
      <trkpt lat="46.583152" lon="11.903840">
        <ele>1422.873330</ele>
        <time>2026-08-05T13:47:22.557Z</time>
      </trkpt>
      <trkpt lat="46.583395" lon="11.903910">
        <ele>1422.130333</ele>
        <time>2026-08-05T13:47:24.749Z</time>
      </trkpt>
      <trkpt lat="46.583585" lon="11.903963">
        <ele>1421.550072</ele>
        <time>2026-08-05T13:47:26.482Z</time>
      </trkpt>
      <trkpt lat="46.583645" lon="11.903981">
        <ele>1421.366324</ele>
        <time>2026-08-05T13:47:27.014Z</time>
      </trkpt>
      <trkpt lat="46.583765" lon="11.904014">
        <ele>1421.000026</ele>
        <time>2026-08-05T13:47:28.065Z</time>
      </trkpt>
      <trkpt lat="46.584024" lon="11.904089">
        <ele>1420.207951</ele>
        <time>2026-08-05T13:47:30.244Z</time>
      </trkpt>
      <trkpt lat="46.584397" lon="11.904174">
        <ele>1419.075544</ele>
        <time>2026-08-05T13:47:33.190Z</time>
      </trkpt>
      <trkpt lat="46.584500" lon="11.904242">
        <ele>1418.736293</ele>
        <time>2026-08-05T13:47:34.057Z</time>
      </trkpt>
      <trkpt lat="46.584613" lon="11.904350">
        <ele>1418.082837</ele>
        <time>2026-08-05T13:47:35.080Z</time>
      </trkpt>
      <trkpt lat="46.584638" lon="11.904391">
        <ele>1417.813749</ele>
        <time>2026-08-05T13:47:35.362Z</time>
      </trkpt>
      <trkpt lat="46.584691" lon="11.904551">
        <ele>1416.941760</ele>
        <time>2026-08-05T13:47:36.277Z</time>
      </trkpt>
      <trkpt lat="46.584742" lon="11.904684">
        <ele>1416.194049</ele>
        <time>2026-08-05T13:47:37.048Z</time>
      </trkpt>
      <trkpt lat="46.585342" lon="11.906422">
        <ele>1406.645523</ele>
        <time>2026-08-05T13:47:46.548Z</time>
      </trkpt>
      <trkpt lat="46.585404" lon="11.906628">
        <ele>1405.551015</ele>
        <time>2026-08-05T13:47:47.624Z</time>
      </trkpt>
      <trkpt lat="46.585426" lon="11.906785">
        <ele>1404.826696</ele>
        <time>2026-08-05T13:47:48.387Z</time>
      </trkpt>
      <trkpt lat="46.585426" lon="11.906921">
        <ele>1404.211909</ele>
        <time>2026-08-05T13:47:49.044Z</time>
      </trkpt>
      <trkpt lat="46.585421" lon="11.907003">
        <ele>1403.839773</ele>
        <time>2026-08-05T13:47:49.436Z</time>
      </trkpt>
      <trkpt lat="46.585327" lon="11.907305">
        <ele>1402.341102</ele>
        <time>2026-08-05T13:47:51.032Z</time>
      </trkpt>
      <trkpt lat="46.585196" lon="11.907479">
        <ele>1401.174431</ele>
        <time>2026-08-05T13:47:52.279Z</time>
      </trkpt>
      <trkpt lat="46.584976" lon="11.907579">
        <ele>1399.658428</ele>
        <time>2026-08-05T13:47:53.913Z</time>
      </trkpt>
      <trkpt lat="46.584872" lon="11.907575">
        <ele>1398.974135</ele>
        <time>2026-08-05T13:47:54.648Z</time>
      </trkpt>
      <trkpt lat="46.584598" lon="11.907429">
        <ele>1397.054866</ele>
        <time>2026-08-05T13:47:56.743Z</time>
      </trkpt>
      <trkpt lat="46.584353" lon="11.907366">
        <ele>1395.418421</ele>
        <time>2026-08-05T13:47:58.587Z</time>
      </trkpt>
      <trkpt lat="46.584082" lon="11.907362">
        <ele>1393.872668</ele>
        <time>2026-08-05T13:48:00.754Z</time>
      </trkpt>
      <trkpt lat="46.583920" lon="11.907462">
        <ele>1394.115852</ele>
        <time>2026-08-05T13:48:02.304Z</time>
      </trkpt>
      <trkpt lat="46.583877" lon="11.907541">
        <ele>1394.211565</ele>
        <time>2026-08-05T13:48:02.979Z</time>
      </trkpt>
      <trkpt lat="46.583811" lon="11.907996">
        <ele>1394.653235</ele>
        <time>2026-08-05T13:48:06.410Z</time>
      </trkpt>
      <trkpt lat="46.583759" lon="11.908242">
        <ele>1394.897682</ele>
        <time>2026-08-05T13:48:08.727Z</time>
      </trkpt>
      <trkpt lat="46.583680" lon="11.908417">
        <ele>1395.096541</ele>
        <time>2026-08-05T13:48:11.246Z</time>
      </trkpt>
      <trkpt lat="46.583516" lon="11.908615">
        <ele>1395.391039</ele>
        <time>2026-08-05T13:48:15.467Z</time>
      </trkpt>
      <trkpt lat="46.583485" lon="11.908677">
        <ele>1395.463859</ele>
        <time>2026-08-05T13:48:16.595Z</time>
      </trkpt>
      <trkpt lat="46.583475" lon="11.908805">
        <ele>1395.586215</ele>
        <time>2026-08-05T13:48:18.593Z</time>
      </trkpt>
      <trkpt lat="46.583509" lon="11.908887">
        <ele>1395.677173</ele>
        <time>2026-08-05T13:48:20.174Z</time>
      </trkpt>
      <trkpt lat="46.583596" lon="11.908930">
        <ele>1395.804147</ele>
        <time>2026-08-05T13:48:22.509Z</time>
      </trkpt>
      <trkpt lat="46.583831" lon="11.908834">
        <ele>1396.141455</ele>
        <time>2026-08-05T13:48:29.006Z</time>
      </trkpt>
      <trkpt lat="46.583909" lon="11.908814">
        <ele>1396.250905</ele>
        <time>2026-08-05T13:48:31.114Z</time>
      </trkpt>
      <trkpt lat="46.583977" lon="11.908869">
        <ele>1396.532712</ele>
        <time>2026-08-05T13:48:33.362Z</time>
      </trkpt>
      <trkpt lat="46.583992" lon="11.908979">
        <ele>1397.088788</ele>
        <time>2026-08-05T13:48:35.572Z</time>
      </trkpt>
      <trkpt lat="46.583920" lon="11.909092">
        <ele>1397.852853</ele>
        <time>2026-08-05T13:48:38.803Z</time>
      </trkpt>
      <trkpt lat="46.583533" lon="11.909283">
        <ele>1400.801193</ele>
        <time>2026-08-05T13:48:51.043Z</time>
      </trkpt>
      <trkpt lat="46.583424" lon="11.909394">
        <ele>1401.761076</ele>
        <time>2026-08-05T13:48:55.294Z</time>
      </trkpt>
      <trkpt lat="46.583316" lon="11.909622">
        <ele>1403.134145</ele>
        <time>2026-08-05T13:49:01.766Z</time>
      </trkpt>
      <trkpt lat="46.582999" lon="11.910463">
        <ele>1407.890348</ele>
        <time>2026-08-05T13:49:27.836Z</time>
      </trkpt>
      <trkpt lat="46.582966" lon="11.910727">
        <ele>1409.220912</ele>
        <time>2026-08-05T13:49:35.775Z</time>
      </trkpt>
      <trkpt lat="46.583018" lon="11.910923">
        <ele>1410.360289</ele>
        <time>2026-08-05T13:49:42.164Z</time>
      </trkpt>
      <trkpt lat="46.583078" lon="11.910996">
        <ele>1410.981402</ele>
        <time>2026-08-05T13:49:45.548Z</time>
      </trkpt>
      <trkpt lat="46.583223" lon="11.911073">
        <ele>1412.207184</ele>
        <time>2026-08-05T13:49:52.075Z</time>
      </trkpt>
      <trkpt lat="46.583416" lon="11.911074">
        <ele>1413.739858</ele>
        <time>2026-08-05T13:50:00.087Z</time>
      </trkpt>
      <trkpt lat="46.583573" lon="11.911122">
        <ele>1415.013864</ele>
        <time>2026-08-05T13:50:06.511Z</time>
      </trkpt>
      <trkpt lat="46.583666" lon="11.911212">
        <ele>1415.900845</ele>
        <time>2026-08-05T13:50:10.942Z</time>
      </trkpt>
      <trkpt lat="46.583737" lon="11.911374">
        <ele>1416.949512</ele>
        <time>2026-08-05T13:50:16.260Z</time>
      </trkpt>
      <trkpt lat="46.583751" lon="11.911592">
        <ele>1418.144535</ele>
        <time>2026-08-05T13:50:22.160Z</time>
      </trkpt>
      <trkpt lat="46.583709" lon="11.911755">
        <ele>1419.094652</ele>
        <time>2026-08-05T13:50:26.681Z</time>
      </trkpt>
      <trkpt lat="46.583595" lon="11.911984">
        <ele>1420.637952</ele>
        <time>2026-08-05T13:50:33.581Z</time>
      </trkpt>
      <trkpt lat="46.583371" lon="11.912401">
        <ele>1423.526622</ele>
        <time>2026-08-05T13:50:45.156Z</time>
      </trkpt>
      <trkpt lat="46.583291" lon="11.912604">
        <ele>1424.559780</ele>
        <time>2026-08-05T13:50:49.649Z</time>
      </trkpt>
      <trkpt lat="46.583248" lon="11.912844">
        <ele>1425.644148</ele>
        <time>2026-08-05T13:50:54.046Z</time>
      </trkpt>
      <trkpt lat="46.583240" lon="11.913157">
        <ele>1427.013558</ele>
        <time>2026-08-05T13:50:59.261Z</time>
      </trkpt>
      <trkpt lat="46.583183" lon="11.913358">
        <ele>1427.964213</ele>
        <time>2026-08-05T13:51:03.224Z</time>
      </trkpt>
      <trkpt lat="46.582609" lon="11.914234">
        <ele>1433.255825</ele>
        <time>2026-08-05T13:51:30.034Z</time>
      </trkpt>
      <trkpt lat="46.582455" lon="11.914591">
        <ele>1435.134196</ele>
        <time>2026-08-05T13:51:40.771Z</time>
      </trkpt>
      <trkpt lat="46.582222" lon="11.915452">
        <ele>1440.984127</ele>
        <time>2026-08-05T13:52:07.225Z</time>
      </trkpt>
      <trkpt lat="46.582154" lon="11.915642">
        <ele>1442.338395</ele>
        <time>2026-08-05T13:52:13.748Z</time>
      </trkpt>
      <trkpt lat="46.581834" lon="11.916317">
        <ele>1447.522398</ele>
        <time>2026-08-05T13:52:38.150Z</time>
      </trkpt>
      <trkpt lat="46.581763" lon="11.916587">
        <ele>1449.350010</ele>
        <time>2026-08-05T13:52:46.407Z</time>
      </trkpt>
      <trkpt lat="46.581622" lon="11.917476">
        <ele>1454.778834</ele>
        <time>2026-08-05T13:53:12.615Z</time>
      </trkpt>
      <trkpt lat="46.581330" lon="11.918375">
        <ele>1460.465296</ele>
        <time>2026-08-05T13:53:40.646Z</time>
      </trkpt>
      <trkpt lat="46.581200" lon="11.919340">
        <ele>1466.089061</ele>
        <time>2026-08-05T13:54:03.772Z</time>
      </trkpt>
      <trkpt lat="46.581075" lon="11.919641">
        <ele>1467.446728</ele>
        <time>2026-08-05T13:54:12.147Z</time>
      </trkpt>
      <trkpt lat="46.580860" lon="11.919854">
        <ele>1468.710972</ele>
        <time>2026-08-05T13:54:21.893Z</time>
      </trkpt>
      <trkpt lat="46.580498" lon="11.920087">
        <ele>1470.634921</ele>
        <time>2026-08-05T13:54:34.964Z</time>
      </trkpt>
      <trkpt lat="46.580111" lon="11.920342">
        <ele>1472.699806</ele>
        <time>2026-08-05T13:54:44.414Z</time>
      </trkpt>
      <trkpt lat="46.579868" lon="11.920544">
        <ele>1474.060074</ele>
        <time>2026-08-05T13:54:49.618Z</time>
      </trkpt>
      <trkpt lat="46.579783" lon="11.920597">
        <ele>1474.509550</ele>
        <time>2026-08-05T13:54:51.195Z</time>
      </trkpt>
      <trkpt lat="46.579624" lon="11.920616">
        <ele>1475.277281</ele>
        <time>2026-08-05T13:54:54.400Z</time>
      </trkpt>
      <trkpt lat="46.579462" lon="11.920581">
        <ele>1475.641277</ele>
        <time>2026-08-05T13:54:58.168Z</time>
      </trkpt>
      <trkpt lat="46.579182" lon="11.920406">
        <ele>1476.318574</ele>
        <time>2026-08-05T13:55:05.656Z</time>
      </trkpt>
      <trkpt lat="46.579087" lon="11.920394">
        <ele>1476.530508</ele>
        <time>2026-08-05T13:55:07.882Z</time>
      </trkpt>
      <trkpt lat="46.578990" lon="11.920428">
        <ele>1476.752260</ele>
        <time>2026-08-05T13:55:10.013Z</time>
      </trkpt>
      <trkpt lat="46.578908" lon="11.920567">
        <ele>1477.032088</ele>
        <time>2026-08-05T13:55:12.037Z</time>
      </trkpt>
      <trkpt lat="46.578845" lon="11.920755">
        <ele>1477.351602</ele>
        <time>2026-08-05T13:55:13.759Z</time>
      </trkpt>
      <trkpt lat="46.578814" lon="11.921144">
        <ele>1477.949841</ele>
        <time>2026-08-05T13:55:16.800Z</time>
      </trkpt>
      <trkpt lat="46.578782" lon="11.921257">
        <ele>1478.136544</ele>
        <time>2026-08-05T13:55:17.932Z</time>
      </trkpt>
      <trkpt lat="46.578727" lon="11.921336">
        <ele>1478.308320</ele>
        <time>2026-08-05T13:55:19.006Z</time>
      </trkpt>
      <trkpt lat="46.578428" lon="11.921545">
        <ele>1479.045574</ele>
        <time>2026-08-05T13:55:25.216Z</time>
      </trkpt>
      <trkpt lat="46.578068" lon="11.921790">
        <ele>1480.678883</ele>
        <time>2026-08-05T13:55:35.131Z</time>
      </trkpt>
      <trkpt lat="46.577924" lon="11.921935">
        <ele>1481.510020</ele>
        <time>2026-08-05T13:55:39.818Z</time>
      </trkpt>
      <trkpt lat="46.577840" lon="11.922062">
        <ele>1482.084970</ele>
        <time>2026-08-05T13:55:42.811Z</time>
      </trkpt>
      <trkpt lat="46.577746" lon="11.922307">
        <ele>1483.000280</ele>
        <time>2026-08-05T13:55:47.367Z</time>
      </trkpt>
      <trkpt lat="46.577650" lon="11.922727">
        <ele>1484.444164</ele>
        <time>2026-08-05T13:55:54.718Z</time>
      </trkpt>
      <trkpt lat="46.577593" lon="11.922977">
        <ele>1485.303406</ele>
        <time>2026-08-05T13:55:59.731Z</time>
      </trkpt>
      <trkpt lat="46.577458" lon="11.923604">
        <ele>1487.446801</ele>
        <time>2026-08-05T13:56:16.274Z</time>
      </trkpt>
      <trkpt lat="46.577389" lon="11.923865">
        <ele>1488.326314</ele>
        <time>2026-08-05T13:56:23.175Z</time>
      </trkpt>
      <trkpt lat="46.577298" lon="11.924096">
        <ele>1489.143613</ele>
        <time>2026-08-05T13:56:29.126Z</time>
      </trkpt>
      <trkpt lat="46.577125" lon="11.924404">
        <ele>1490.364600</ele>
        <time>2026-08-05T13:56:36.337Z</time>
      </trkpt>
      <trkpt lat="46.576907" lon="11.924670">
        <ele>1491.635250</ele>
        <time>2026-08-05T13:56:43.129Z</time>
      </trkpt>
      <trkpt lat="46.576290" lon="11.925188">
        <ele>1494.816578</ele>
        <time>2026-08-05T13:56:58.364Z</time>
      </trkpt>
      <trkpt lat="46.576175" lon="11.925328">
        <ele>1495.486246</ele>
        <time>2026-08-05T13:57:02.313Z</time>
      </trkpt>
      <trkpt lat="46.576070" lon="11.925615">
        <ele>1496.801552</ele>
        <time>2026-08-05T13:57:08.096Z</time>
      </trkpt>
      <trkpt lat="46.575954" lon="11.926152">
        <ele>1499.376380</ele>
        <time>2026-08-05T13:57:17.845Z</time>
      </trkpt>
      <trkpt lat="46.575817" lon="11.926630">
        <ele>1501.745345</ele>
        <time>2026-08-05T13:57:29.871Z</time>
      </trkpt>
      <trkpt lat="46.575572" lon="11.927133">
        <ele>1504.565301</ele>
        <time>2026-08-05T13:57:46.445Z</time>
      </trkpt>
      <trkpt lat="46.575333" lon="11.927461">
        <ele>1506.751769</ele>
        <time>2026-08-05T13:58:00.236Z</time>
      </trkpt>
      <trkpt lat="46.574941" lon="11.927808">
        <ele>1508.777708</ele>
        <time>2026-08-05T13:58:17.346Z</time>
      </trkpt>
      <trkpt lat="46.574468" lon="11.928034">
        <ele>1510.387795</ele>
        <time>2026-08-05T13:58:32.603Z</time>
      </trkpt>
      <trkpt lat="46.573469" lon="11.928512">
        <ele>1513.625303</ele>
        <time>2026-08-05T13:58:46.299Z</time>
      </trkpt>
      <trkpt lat="46.573328" lon="11.928554">
        <ele>1513.631865</ele>
        <time>2026-08-05T13:58:47.787Z</time>
      </trkpt>
      <trkpt lat="46.573257" lon="11.928542">
        <ele>1513.635124</ele>
        <time>2026-08-05T13:58:48.545Z</time>
      </trkpt>
      <trkpt lat="46.573178" lon="11.928490">
        <ele>1513.639077</ele>
        <time>2026-08-05T13:58:49.392Z</time>
      </trkpt>
      <trkpt lat="46.573101" lon="11.928453">
        <ele>1513.642775</ele>
        <time>2026-08-05T13:58:50.196Z</time>
      </trkpt>
      <trkpt lat="46.573081" lon="11.928370">
        <ele>1513.645531</ele>
        <time>2026-08-05T13:58:50.771Z</time>
      </trkpt>
      <trkpt lat="46.573030" lon="11.928322">
        <ele>1513.648301</ele>
        <time>2026-08-05T13:58:51.386Z</time>
      </trkpt>
      <trkpt lat="46.572970" lon="11.928327">
        <ele>1513.651041</ele>
        <time>2026-08-05T13:58:51.932Z</time>
      </trkpt>
      <trkpt lat="46.572924" lon="11.928386">
        <ele>1513.653837</ele>
        <time>2026-08-05T13:58:52.539Z</time>
      </trkpt>
      <trkpt lat="46.572777" lon="11.928480">
        <ele>1513.661158</ele>
        <time>2026-08-05T13:58:54.059Z</time>
      </trkpt>
      <trkpt lat="46.572496" lon="11.928687">
        <ele>1513.675519</ele>
        <time>2026-08-05T13:58:56.955Z</time>
      </trkpt>
      <trkpt lat="46.572071" lon="11.928936">
        <ele>1513.696409</ele>
        <time>2026-08-05T13:59:01.703Z</time>
      </trkpt>
      <trkpt lat="46.571914" lon="11.929082">
        <ele>1513.704905</ele>
        <time>2026-08-05T13:59:06.002Z</time>
      </trkpt>
      <trkpt lat="46.571750" lon="11.929277">
        <ele>1514.439067</ele>
        <time>2026-08-05T13:59:11.448Z</time>
      </trkpt>
      <trkpt lat="46.571607" lon="11.929507">
        <ele>1515.182994</ele>
        <time>2026-08-05T13:59:16.764Z</time>
      </trkpt>
      <trkpt lat="46.571463" lon="11.929773">
        <ele>1515.995200</ele>
        <time>2026-08-05T13:59:22.210Z</time>
      </trkpt>
      <trkpt lat="46.571373" lon="11.930018">
        <ele>1516.661577</ele>
        <time>2026-08-05T13:59:26.724Z</time>
      </trkpt>
      <trkpt lat="46.571229" lon="11.930371">
        <ele>1517.646254</ele>
        <time>2026-08-05T13:59:33.579Z</time>
      </trkpt>
      <trkpt lat="46.571098" lon="11.930614">
        <ele>1518.387051</ele>
        <time>2026-08-05T13:59:38.867Z</time>
      </trkpt>
      <trkpt lat="46.570951" lon="11.930801">
        <ele>1519.068499</ele>
        <time>2026-08-05T13:59:43.798Z</time>
      </trkpt>
      <trkpt lat="46.570493" lon="11.931270">
        <ele>1520.742732</ele>
        <time>2026-08-05T13:59:57.341Z</time>
      </trkpt>
      <trkpt lat="46.570314" lon="11.931556">
        <ele>1521.420900</ele>
        <time>2026-08-05T14:00:03.373Z</time>
      </trkpt>
      <trkpt lat="46.570181" lon="11.931868">
        <ele>1522.064601</ele>
        <time>2026-08-05T14:00:08.538Z</time>
      </trkpt>
      <trkpt lat="46.569955" lon="11.932945">
        <ele>1524.039044</ele>
        <time>2026-08-05T14:00:22.228Z</time>
      </trkpt>
      <trkpt lat="46.569919" lon="11.933121">
        <ele>1524.361016</ele>
        <time>2026-08-05T14:00:24.339Z</time>
      </trkpt>
      <trkpt lat="46.569667" lon="11.934266">
        <ele>1527.025907</ele>
        <time>2026-08-05T14:00:38.769Z</time>
      </trkpt>
      <trkpt lat="46.569617" lon="11.934447">
        <ele>1527.468178</ele>
        <time>2026-08-05T14:00:41.833Z</time>
      </trkpt>
      <trkpt lat="46.569533" lon="11.934779">
        <ele>1528.270279</ele>
        <time>2026-08-05T14:00:48.155Z</time>
      </trkpt>
      <trkpt lat="46.569454" lon="11.935284">
        <ele>1529.444533</ele>
        <time>2026-08-05T14:00:58.033Z</time>
      </trkpt>
      <trkpt lat="46.569367" lon="11.935311">
        <ele>1529.737917</ele>
        <time>2026-08-05T14:01:00.432Z</time>
      </trkpt>
      <trkpt lat="46.569336" lon="11.935385">
        <ele>1529.934393</ele>
        <time>2026-08-05T14:01:02.045Z</time>
      </trkpt>
      <trkpt lat="46.569341" lon="11.935472">
        <ele>1530.132337</ele>
        <time>2026-08-05T14:01:03.588Z</time>
      </trkpt>
      <trkpt lat="46.568852" lon="11.935933">
        <ele>1532.498490</ele>
        <time>2026-08-05T14:01:18.350Z</time>
      </trkpt>
      <trkpt lat="46.568686" lon="11.936146">
        <ele>1533.437364</ele>
        <time>2026-08-05T14:01:23.843Z</time>
      </trkpt>
      <trkpt lat="46.568467" lon="11.936679">
        <ele>1535.247979</ele>
        <time>2026-08-05T14:01:34.243Z</time>
      </trkpt>
      <trkpt lat="46.568365" lon="11.937111">
        <ele>1536.579887</ele>
        <time>2026-08-05T14:01:41.335Z</time>
      </trkpt>
      <trkpt lat="46.568324" lon="11.937708">
        <ele>1538.542278</ele>
        <time>2026-08-05T14:01:51.127Z</time>
      </trkpt>
      <trkpt lat="46.568241" lon="11.938305">
        <ele>1542.212466</ele>
        <time>2026-08-05T14:02:03.927Z</time>
      </trkpt>
      <trkpt lat="46.568174" lon="11.938557">
        <ele>1543.840552</ele>
        <time>2026-08-05T14:02:10.733Z</time>
      </trkpt>
      <trkpt lat="46.567991" lon="11.939047">
        <ele>1547.200715</ele>
        <time>2026-08-05T14:02:27.458Z</time>
      </trkpt>
      <trkpt lat="46.567959" lon="11.939212">
        <ele>1548.233771</ele>
        <time>2026-08-05T14:02:33.155Z</time>
      </trkpt>
      <trkpt lat="46.567848" lon="11.939962">
        <ele>1552.856642</ele>
        <time>2026-08-05T14:02:59.755Z</time>
      </trkpt>
      <trkpt lat="46.567733" lon="11.940280">
        <ele>1555.013274</ele>
        <time>2026-08-05T14:03:11.511Z</time>
      </trkpt>
      <trkpt lat="46.567577" lon="11.940520">
        <ele>1556.988494</ele>
        <time>2026-08-05T14:03:21.243Z</time>
      </trkpt>
      <trkpt lat="46.567421" lon="11.940653">
        <ele>1558.561420</ele>
        <time>2026-08-05T14:03:28.546Z</time>
      </trkpt>
      <trkpt lat="46.567184" lon="11.940749">
        <ele>1560.701465</ele>
        <time>2026-08-05T14:03:38.023Z</time>
      </trkpt>
      <trkpt lat="46.567016" lon="11.940755">
        <ele>1562.163292</ele>
        <time>2026-08-05T14:03:44.637Z</time>
      </trkpt>
      <trkpt lat="46.566852" lon="11.940701">
        <ele>1563.625979</ele>
        <time>2026-08-05T14:03:51.254Z</time>
      </trkpt>
      <trkpt lat="46.566685" lon="11.940697">
        <ele>1565.078863</ele>
        <time>2026-08-05T14:03:57.513Z</time>
      </trkpt>
      <trkpt lat="46.566513" lon="11.940796">
        <ele>1566.687931</ele>
        <time>2026-08-05T14:04:04.124Z</time>
      </trkpt>
      <trkpt lat="46.566397" lon="11.940971">
        <ele>1568.141728</ele>
        <time>2026-08-05T14:04:09.802Z</time>
      </trkpt>
      <trkpt lat="46.566370" lon="11.941042">
        <ele>1568.626969</ele>
        <time>2026-08-05T14:04:11.523Z</time>
      </trkpt>
      <trkpt lat="46.566305" lon="11.941387">
        <ele>1570.762947</ele>
        <time>2026-08-05T14:04:19.940Z</time>
      </trkpt>
      <trkpt lat="46.566206" lon="11.941980">
        <ele>1574.402432</ele>
        <time>2026-08-05T14:04:35.407Z</time>
      </trkpt>
      <trkpt lat="46.566188" lon="11.942054">
        <ele>1574.870583</ele>
        <time>2026-08-05T14:04:37.689Z</time>
      </trkpt>
      <trkpt lat="46.566071" lon="11.942283">
        <ele>1576.572199</ele>
        <time>2026-08-05T14:04:45.892Z</time>
      </trkpt>
      <trkpt lat="46.565621" lon="11.943150">
        <ele>1583.051165</ele>
        <time>2026-08-05T14:05:18.868Z</time>
      </trkpt>
      <trkpt lat="46.565574" lon="11.943377">
        <ele>1584.465091</ele>
        <time>2026-08-05T14:05:25.373Z</time>
      </trkpt>
      <trkpt lat="46.565554" lon="11.943900">
        <ele>1587.109838</ele>
        <time>2026-08-05T14:05:39.030Z</time>
      </trkpt>
      <trkpt lat="46.565465" lon="11.944230">
        <ele>1588.809674</ele>
        <time>2026-08-05T14:05:47.574Z</time>
      </trkpt>
      <trkpt lat="46.565354" lon="11.944422">
        <ele>1590.012607</ele>
        <time>2026-08-05T14:05:53.231Z</time>
      </trkpt>
      <trkpt lat="46.565153" lon="11.944561">
        <ele>1591.564909</ele>
        <time>2026-08-05T14:06:00.369Z</time>
      </trkpt>
      <trkpt lat="46.564919" lon="11.944665">
        <ele>1593.271482</ele>
        <time>2026-08-05T14:06:08.196Z</time>
      </trkpt>
      <trkpt lat="46.564750" lon="11.944739">
        <ele>1594.502461</ele>
        <time>2026-08-05T14:06:13.764Z</time>
      </trkpt>
      <trkpt lat="46.564670" lon="11.944774">
        <ele>1595.085132</ele>
        <time>2026-08-05T14:06:16.399Z</time>
      </trkpt>
      <trkpt lat="46.564438" lon="11.944971">
        <ele>1596.958836</ele>
        <time>2026-08-05T14:06:24.719Z</time>
      </trkpt>
      <trkpt lat="46.564333" lon="11.945132">
        <ele>1598.012057</ele>
        <time>2026-08-05T14:06:29.525Z</time>
      </trkpt>
      <trkpt lat="46.564257" lon="11.945334">
        <ele>1599.080238</ele>
        <time>2026-08-05T14:06:34.749Z</time>
      </trkpt>
      <trkpt lat="46.564212" lon="11.945662">
        <ele>1600.631789</ele>
        <time>2026-08-05T14:06:42.722Z</time>
      </trkpt>
      <trkpt lat="46.564273" lon="11.946321">
        <ele>1603.716393</ele>
        <time>2026-08-05T14:06:59.674Z</time>
      </trkpt>
      <trkpt lat="46.564247" lon="11.946713">
        <ele>1605.543277</ele>
        <time>2026-08-05T14:07:10.041Z</time>
      </trkpt>
      <trkpt lat="46.564191" lon="11.946920">
        <ele>1606.575187</ele>
        <time>2026-08-05T14:07:15.553Z</time>
      </trkpt>
      <trkpt lat="46.563865" lon="11.947659">
        <ele>1610.136775</ele>
        <time>2026-08-05T14:07:34.312Z</time>
      </trkpt>
      <trkpt lat="46.563769" lon="11.947872">
        <ele>1610.585104</ele>
        <time>2026-08-05T14:07:38.934Z</time>
      </trkpt>
      <trkpt lat="46.563536" lon="11.948397">
        <ele>1611.685088</ele>
        <time>2026-08-05T14:07:48.657Z</time>
      </trkpt>
      <trkpt lat="46.562747" lon="11.950169">
        <ele>1614.917527</ele>
        <time>2026-08-05T14:08:11.122Z</time>
      </trkpt>
      <trkpt lat="46.562512" lon="11.950805">
        <ele>1615.556063</ele>
        <time>2026-08-05T14:08:17.584Z</time>
      </trkpt>
      <trkpt lat="46.562310" lon="11.951576">
        <ele>1616.285742</ele>
        <time>2026-08-05T14:08:26.458Z</time>
      </trkpt>
      <trkpt lat="46.562180" lon="11.952066">
        <ele>1616.758536</ele>
        <time>2026-08-05T14:08:33.160Z</time>
      </trkpt>
      <trkpt lat="46.561978" lon="11.952849">
        <ele>1618.295819</ele>
        <time>2026-08-05T14:08:45.151Z</time>
      </trkpt>
      <trkpt lat="46.561879" lon="11.953145">
        <ele>1618.900883</ele>
        <time>2026-08-05T14:08:50.043Z</time>
      </trkpt>
      <trkpt lat="46.561653" lon="11.953650">
        <ele>1620.008488</ele>
        <time>2026-08-05T14:08:58.903Z</time>
      </trkpt>
      <trkpt lat="46.561486" lon="11.953914">
        <ele>1620.667911</ele>
        <time>2026-08-05T14:09:03.978Z</time>
      </trkpt>
      <trkpt lat="46.561303" lon="11.954173">
        <ele>1621.350574</ele>
        <time>2026-08-05T14:09:09.126Z</time>
      </trkpt>
      <trkpt lat="46.561029" lon="11.954565">
        <ele>1622.423855</ele>
        <time>2026-08-05T14:09:17.019Z</time>
      </trkpt>
      <trkpt lat="46.560906" lon="11.954815">
        <ele>1623.020200</ele>
        <time>2026-08-05T14:09:21.179Z</time>
      </trkpt>
      <trkpt lat="46.560837" lon="11.955046">
        <ele>1623.508777</ele>
        <time>2026-08-05T14:09:24.507Z</time>
      </trkpt>
      <trkpt lat="46.560776" lon="11.955414">
        <ele>1624.243116</ele>
        <time>2026-08-05T14:09:29.502Z</time>
      </trkpt>
      <trkpt lat="46.560714" lon="11.955825">
        <ele>1625.059382</ele>
        <time>2026-08-05T14:09:35.549Z</time>
      </trkpt>
      <trkpt lat="46.560683" lon="11.955932">
        <ele>1625.284626</ele>
        <time>2026-08-05T14:09:37.279Z</time>
      </trkpt>
      <trkpt lat="46.560512" lon="11.956334">
        <ele>1626.201642</ele>
        <time>2026-08-05T14:09:44.950Z</time>
      </trkpt>
      <trkpt lat="46.559426" lon="11.958214">
        <ele>1631.326641</ele>
        <time>2026-08-05T14:10:22.033Z</time>
      </trkpt>
      <trkpt lat="46.559182" lon="11.958588">
        <ele>1632.398413</ele>
        <time>2026-08-05T14:10:28.980Z</time>
      </trkpt>
      <trkpt lat="46.558701" lon="11.959175">
        <ele>1634.238999</ele>
        <time>2026-08-05T14:10:41.855Z</time>
      </trkpt>
      <trkpt lat="46.558577" lon="11.959386">
        <ele>1634.798450</ele>
        <time>2026-08-05T14:10:45.658Z</time>
      </trkpt>
      <trkpt lat="46.558461" lon="11.959768">
        <ele>1635.640142</ele>
        <time>2026-08-05T14:10:51.450Z</time>
      </trkpt>
      <trkpt lat="46.558287" lon="11.960593">
        <ele>1637.379466</ele>
        <time>2026-08-05T14:11:04.878Z</time>
      </trkpt>
      <trkpt lat="46.558169" lon="11.961089">
        <ele>1638.574723</ele>
        <time>2026-08-05T14:11:13.366Z</time>
      </trkpt>
      <trkpt lat="46.558094" lon="11.961424">
        <ele>1639.378480</ele>
        <time>2026-08-05T14:11:19.018Z</time>
      </trkpt>
      <trkpt lat="46.557973" lon="11.961816">
        <ele>1640.358764</ele>
        <time>2026-08-05T14:11:25.725Z</time>
      </trkpt>
      <trkpt lat="46.557842" lon="11.962104">
        <ele>1641.146557</ele>
        <time>2026-08-05T14:11:30.982Z</time>
      </trkpt>
      <trkpt lat="46.556962" lon="11.963782">
        <ele>1645.296776</ele>
        <time>2026-08-05T14:12:03.209Z</time>
      </trkpt>
      <trkpt lat="46.555993" lon="11.965502">
        <ele>1648.486732</ele>
        <time>2026-08-05T14:12:30.701Z</time>
      </trkpt>
      <trkpt lat="46.555842" lon="11.965713">
        <ele>1648.764921</ele>
        <time>2026-08-05T14:12:33.996Z</time>
      </trkpt>
      <trkpt lat="46.555569" lon="11.966019">
        <ele>1649.222807</ele>
        <time>2026-08-05T14:12:39.386Z</time>
      </trkpt>
      <trkpt lat="46.555502" lon="11.966082">
        <ele>1649.328797</ele>
        <time>2026-08-05T14:12:40.512Z</time>
      </trkpt>
      <trkpt lat="46.554708" lon="11.966819">
        <ele>1650.685574</ele>
        <time>2026-08-05T14:12:54.463Z</time>
      </trkpt>
      <trkpt lat="46.554650" lon="11.966872">
        <ele>1650.801431</ele>
        <time>2026-08-05T14:12:55.548Z</time>
      </trkpt>
      <trkpt lat="46.554250" lon="11.967250">
        <ele>1651.608268</ele>
        <time>2026-08-05T14:13:03.229Z</time>
      </trkpt>
      <trkpt lat="46.553678" lon="11.967795">
        <ele>1652.764882</ele>
        <time>2026-08-05T14:13:14.986Z</time>
      </trkpt>
      <trkpt lat="46.553389" lon="11.968068">
        <ele>1653.543687</ele>
        <time>2026-08-05T14:13:21.519Z</time>
      </trkpt>
      <trkpt lat="46.553065" lon="11.968373">
        <ele>1655.343360</ele>
        <time>2026-08-05T14:13:29.899Z</time>
      </trkpt>
      <trkpt lat="46.552995" lon="11.968439">
        <ele>1655.732362</ele>
        <time>2026-08-05T14:13:32.052Z</time>
      </trkpt>
      <trkpt lat="46.552932" lon="11.968498">
        <ele>1656.081767</ele>
        <time>2026-08-05T14:13:34.082Z</time>
      </trkpt>
      <trkpt lat="46.552385" lon="11.968997">
        <ele>1659.092673</ele>
        <time>2026-08-05T14:13:52.667Z</time>
      </trkpt>
      <trkpt lat="46.552302" lon="11.969028">
        <ele>1659.492248</ele>
        <time>2026-08-05T14:13:55.280Z</time>
      </trkpt>
      <trkpt lat="46.552131" lon="11.969028">
        <ele>1660.289587</ele>
        <time>2026-08-05T14:14:00.368Z</time>
      </trkpt>
      <trkpt lat="46.552039" lon="11.968991">
        <ele>1660.734670</ele>
        <time>2026-08-05T14:14:03.275Z</time>
      </trkpt>
      <trkpt lat="46.551876" lon="11.968858">
        <ele>1661.606186</ele>
        <time>2026-08-05T14:14:09.054Z</time>
      </trkpt>
      <trkpt lat="46.551653" lon="11.968419">
        <ele>1664.332481</ele>
        <time>2026-08-05T14:14:20.772Z</time>
      </trkpt>
      <trkpt lat="46.550973" lon="11.967614">
        <ele>1670.723794</ele>
        <time>2026-08-05T14:14:49.934Z</time>
      </trkpt>
      <trkpt lat="46.550709" lon="11.967476">
        <ele>1672.768624</ele>
        <time>2026-08-05T14:15:00.008Z</time>
      </trkpt>
      <trkpt lat="46.550585" lon="11.967459">
        <ele>1673.676456</ele>
        <time>2026-08-05T14:15:04.791Z</time>
      </trkpt>
      <trkpt lat="46.549417" lon="11.967498">
        <ele>1684.163760</ele>
        <time>2026-08-05T14:15:58.560Z</time>
      </trkpt>
      <trkpt lat="46.549317" lon="11.967464">
        <ele>1685.110173</ele>
        <time>2026-08-05T14:16:03.479Z</time>
      </trkpt>
      <trkpt lat="46.549140" lon="11.967322">
        <ele>1686.973129</ele>
        <time>2026-08-05T14:16:12.567Z</time>
      </trkpt>
      <trkpt lat="46.548894" lon="11.966882">
        <ele>1690.567010</ele>
        <time>2026-08-05T14:16:27.325Z</time>
      </trkpt>
      <trkpt lat="46.548779" lon="11.966824">
        <ele>1691.524116</ele>
        <time>2026-08-05T14:16:31.240Z</time>
      </trkpt>
      <trkpt lat="46.548699" lon="11.966869">
        <ele>1691.972291</ele>
        <time>2026-08-05T14:16:33.870Z</time>
      </trkpt>
      <trkpt lat="46.548661" lon="11.967003">
        <ele>1692.493125</ele>
        <time>2026-08-05T14:16:36.843Z</time>
      </trkpt>
      <trkpt lat="46.548697" lon="11.967155">
        <ele>1693.070791</ele>
        <time>2026-08-05T14:16:40.029Z</time>
      </trkpt>
      <trkpt lat="46.549041" lon="11.967472">
        <ele>1695.198694</ele>
        <time>2026-08-05T14:16:50.779Z</time>
      </trkpt>
      <trkpt lat="46.549265" lon="11.967756">
        <ele>1696.751489</ele>
        <time>2026-08-05T14:16:58.010Z</time>
      </trkpt>
      <trkpt lat="46.549393" lon="11.967872">
        <ele>1697.539530</ele>
        <time>2026-08-05T14:17:01.533Z</time>
      </trkpt>
      <trkpt lat="46.549781" lon="11.968128">
        <ele>1699.765712</ele>
        <time>2026-08-05T14:17:11.301Z</time>
      </trkpt>
      <trkpt lat="46.549868" lon="11.968242">
        <ele>1700.377614</ele>
        <time>2026-08-05T14:17:14.517Z</time>
      </trkpt>
      <trkpt lat="46.549978" lon="11.968464">
        <ele>1701.720695</ele>
        <time>2026-08-05T14:17:20.183Z</time>
      </trkpt>
      <trkpt lat="46.550357" lon="11.969839">
        <ele>1709.970026</ele>
        <time>2026-08-05T14:18:00.246Z</time>
      </trkpt>
      <trkpt lat="46.550464" lon="11.970367">
        <ele>1713.035381</ele>
        <time>2026-08-05T14:18:16.830Z</time>
      </trkpt>
      <trkpt lat="46.550479" lon="11.970520">
        <ele>1713.896028</ele>
        <time>2026-08-05T14:18:21.390Z</time>
      </trkpt>
      <trkpt lat="46.550463" lon="11.970824">
        <ele>1715.553999</ele>
        <time>2026-08-05T14:18:30.017Z</time>
      </trkpt>
      <trkpt lat="46.550288" lon="11.971475">
        <ele>1718.965480</ele>
        <time>2026-08-05T14:18:48.070Z</time>
      </trkpt>
      <trkpt lat="46.550276" lon="11.971620">
        <ele>1719.678296</ele>
        <time>2026-08-05T14:18:51.630Z</time>
      </trkpt>
      <trkpt lat="46.550290" lon="11.971939">
        <ele>1721.238426</ele>
        <time>2026-08-05T14:18:59.326Z</time>
      </trkpt>
      <trkpt lat="46.550370" lon="11.972474">
        <ele>1723.910644</ele>
        <time>2026-08-05T14:19:11.677Z</time>
      </trkpt>
      <trkpt lat="46.550460" lon="11.972794">
        <ele>1725.598046</ele>
        <time>2026-08-05T14:19:18.894Z</time>
      </trkpt>
      <trkpt lat="46.550781" lon="11.973456">
        <ele>1729.623680</ele>
        <time>2026-08-05T14:19:35.900Z</time>
      </trkpt>
      <trkpt lat="46.550869" lon="11.973622">
        <ele>1730.695389</ele>
        <time>2026-08-05T14:19:40.455Z</time>
      </trkpt>
      <trkpt lat="46.551031" lon="11.973811">
        <ele>1732.239650</ele>
        <time>2026-08-05T14:19:47.227Z</time>
      </trkpt>
      <trkpt lat="46.551291" lon="11.974003">
        <ele>1734.407794</ele>
        <time>2026-08-05T14:19:57.371Z</time>
      </trkpt>
      <trkpt lat="46.551479" lon="11.974188">
        <ele>1736.095597</ele>
        <time>2026-08-05T14:20:05.610Z</time>
      </trkpt>
      <trkpt lat="46.551646" lon="11.974644">
        <ele>1738.737214</ele>
        <time>2026-08-05T14:20:18.802Z</time>
      </trkpt>
      <trkpt lat="46.551765" lon="11.974877">
        <ele>1740.221194</ele>
        <time>2026-08-05T14:20:26.601Z</time>
      </trkpt>
      <trkpt lat="46.552262" lon="11.975438">
        <ele>1746.155797</ele>
        <time>2026-08-05T14:20:52.559Z</time>
      </trkpt>
      <trkpt lat="46.552722" lon="11.976159">
        <ele>1752.995261</ele>
        <time>2026-08-05T14:21:22.485Z</time>
      </trkpt>
      <trkpt lat="46.552931" lon="11.976424">
        <ele>1755.799354</ele>
        <time>2026-08-05T14:21:35.625Z</time>
      </trkpt>
      <trkpt lat="46.554020" lon="11.977664">
        <ele>1769.663910</ele>
        <time>2026-08-05T14:22:41.726Z</time>
      </trkpt>
      <trkpt lat="46.554071" lon="11.977737">
        <ele>1770.378886</ele>
        <time>2026-08-05T14:22:44.801Z</time>
      </trkpt>
      <trkpt lat="46.554108" lon="11.977901">
        <ele>1771.564750</ele>
        <time>2026-08-05T14:22:49.879Z</time>
      </trkpt>
      <trkpt lat="46.554069" lon="11.978037">
        <ele>1772.577137</ele>
        <time>2026-08-05T14:22:54.121Z</time>
      </trkpt>
      <trkpt lat="46.554021" lon="11.978081">
        <ele>1773.144040</ele>
        <time>2026-08-05T14:22:56.457Z</time>
      </trkpt>
      <trkpt lat="46.553908" lon="11.978068">
        <ele>1774.276560</ele>
        <time>2026-08-05T14:23:01.066Z</time>
      </trkpt>
      <trkpt lat="46.553852" lon="11.978009">
        <ele>1774.967474</ele>
        <time>2026-08-05T14:23:03.818Z</time>
      </trkpt>
      <trkpt lat="46.553624" lon="11.977600">
        <ele>1778.281373</ele>
        <time>2026-08-05T14:23:17.958Z</time>
      </trkpt>
      <trkpt lat="46.553476" lon="11.977457">
        <ele>1779.526720</ele>
        <time>2026-08-05T14:23:24.474Z</time>
      </trkpt>
      <trkpt lat="46.553412" lon="11.977439">
        <ele>1779.983575</ele>
        <time>2026-08-05T14:23:26.693Z</time>
      </trkpt>
      <trkpt lat="46.553246" lon="11.977446">
        <ele>1781.147470</ele>
        <time>2026-08-05T14:23:32.262Z</time>
      </trkpt>
      <trkpt lat="46.552888" lon="11.977683">
        <ele>1783.904275</ele>
        <time>2026-08-05T14:23:44.746Z</time>
      </trkpt>
      <trkpt lat="46.552726" lon="11.977672">
        <ele>1785.040884</ele>
        <time>2026-08-05T14:23:49.830Z</time>
      </trkpt>
      <trkpt lat="46.552604" lon="11.977576">
        <ele>1786.013078</ele>
        <time>2026-08-05T14:23:54.229Z</time>
      </trkpt>
      <trkpt lat="46.552021" lon="11.976759">
        <ele>1791.835900</ele>
        <time>2026-08-05T14:24:21.924Z</time>
      </trkpt>
      <trkpt lat="46.551891" lon="11.976680">
        <ele>1792.920110</ele>
        <time>2026-08-05T14:24:26.888Z</time>
      </trkpt>
      <trkpt lat="46.551795" lon="11.976739">
        <ele>1793.722114</ele>
        <time>2026-08-05T14:24:30.515Z</time>
      </trkpt>
      <trkpt lat="46.551761" lon="11.976807">
        <ele>1794.167025</ele>
        <time>2026-08-05T14:24:32.527Z</time>
      </trkpt>
      <trkpt lat="46.551783" lon="11.976984">
        <ele>1795.118874</ele>
        <time>2026-08-05T14:24:36.817Z</time>
      </trkpt>
      <trkpt lat="46.552036" lon="11.977329">
        <ele>1797.787869</ele>
        <time>2026-08-05T14:24:49.593Z</time>
      </trkpt>
      <trkpt lat="46.552333" lon="11.977933">
        <ele>1801.717206</ele>
        <time>2026-08-05T14:25:09.840Z</time>
      </trkpt>
      <trkpt lat="46.552396" lon="11.978009">
        <ele>1802.347107</ele>
        <time>2026-08-05T14:25:13.204Z</time>
      </trkpt>
      <trkpt lat="46.552781" lon="11.978283">
        <ele>1804.961948</ele>
        <time>2026-08-05T14:25:30.162Z</time>
      </trkpt>
      <trkpt lat="46.552829" lon="11.978352">
        <ele>1805.263621</ele>
        <time>2026-08-05T14:25:32.473Z</time>
      </trkpt>
      <trkpt lat="46.552856" lon="11.978511">
        <ele>1805.767013</ele>
        <time>2026-08-05T14:25:36.135Z</time>
      </trkpt>
      <trkpt lat="46.552839" lon="11.978592">
        <ele>1806.027317</ele>
        <time>2026-08-05T14:25:37.929Z</time>
      </trkpt>
      <trkpt lat="46.552776" lon="11.978675">
        <ele>1806.407281</ele>
        <time>2026-08-05T14:25:40.454Z</time>
      </trkpt>
      <trkpt lat="46.552692" lon="11.978701">
        <ele>1806.791137</ele>
        <time>2026-08-05T14:25:42.796Z</time>
      </trkpt>
      <trkpt lat="46.552346" lon="11.978647">
        <ele>1808.346493</ele>
        <time>2026-08-05T14:25:51.092Z</time>
      </trkpt>
      <trkpt lat="46.552219" lon="11.978568">
        <ele>1808.963886</ele>
        <time>2026-08-05T14:25:53.736Z</time>
      </trkpt>
      <trkpt lat="46.552101" lon="11.978405">
        <ele>1809.691331</ele>
        <time>2026-08-05T14:25:56.546Z</time>
      </trkpt>
      <trkpt lat="46.551963" lon="11.977985">
        <ele>1811.122072</ele>
        <time>2026-08-05T14:26:01.620Z</time>
      </trkpt>
      <trkpt lat="46.551901" lon="11.977885">
        <ele>1811.535919</ele>
        <time>2026-08-05T14:26:03.111Z</time>
      </trkpt>
      <trkpt lat="46.551512" lon="11.977467">
        <ele>1815.649163</ele>
        <time>2026-08-05T14:26:13.671Z</time>
      </trkpt>
      <trkpt lat="46.551294" lon="11.977324">
        <ele>1817.986941</ele>
        <time>2026-08-05T14:26:21.049Z</time>
      </trkpt>
      <trkpt lat="46.551158" lon="11.977278">
        <ele>1819.351854</ele>
        <time>2026-08-05T14:26:26.518Z</time>
      </trkpt>
      <trkpt lat="46.550900" lon="11.977259">
        <ele>1821.877077</ele>
        <time>2026-08-05T14:26:39.208Z</time>
      </trkpt>
      <trkpt lat="46.550620" lon="11.977351">
        <ele>1824.683128</ele>
        <time>2026-08-05T14:26:55.818Z</time>
      </trkpt>
      <trkpt lat="46.550334" lon="11.977555">
        <ele>1827.797071</ele>
        <time>2026-08-05T14:27:14.031Z</time>
      </trkpt>
      <trkpt lat="46.550024" lon="11.977834">
        <ele>1831.912156</ele>
        <time>2026-08-05T14:27:35.942Z</time>
      </trkpt>
      <trkpt lat="46.549815" lon="11.977888">
        <ele>1834.650356</ele>
        <time>2026-08-05T14:27:48.814Z</time>
      </trkpt>
      <trkpt lat="46.549653" lon="11.977828">
        <ele>1836.806779</ele>
        <time>2026-08-05T14:27:58.642Z</time>
      </trkpt>
      <trkpt lat="46.549444" lon="11.977664">
        <ele>1839.870265</ele>
        <time>2026-08-05T14:28:12.271Z</time>
      </trkpt>
      <trkpt lat="46.549276" lon="11.977462">
        <ele>1842.682304</ele>
        <time>2026-08-05T14:28:24.556Z</time>
      </trkpt>
      <trkpt lat="46.549149" lon="11.977241">
        <ele>1845.237213</ele>
        <time>2026-08-05T14:28:34.792Z</time>
      </trkpt>
      <trkpt lat="46.548979" lon="11.977081">
        <ele>1847.849400</ele>
        <time>2026-08-05T14:28:44.252Z</time>
      </trkpt>
      <trkpt lat="46.548894" lon="11.977035">
        <ele>1849.019326</ele>
        <time>2026-08-05T14:28:48.219Z</time>
      </trkpt>
      <trkpt lat="46.548471" lon="11.976943">
        <ele>1853.995015</ele>
        <time>2026-08-05T14:29:07.814Z</time>
      </trkpt>
      <trkpt lat="46.548278" lon="11.976840">
        <ele>1855.801909</ele>
        <time>2026-08-05T14:29:18.123Z</time>
      </trkpt>
      <trkpt lat="46.547796" lon="11.976270">
        <ele>1861.262327</ele>
        <time>2026-08-05T14:29:46.424Z</time>
      </trkpt>
      <trkpt lat="46.547694" lon="11.976064">
        <ele>1862.796636</ele>
        <time>2026-08-05T14:29:53.524Z</time>
      </trkpt>
      <trkpt lat="46.547666" lon="11.975867">
        <ele>1864.012573</ele>
        <time>2026-08-05T14:29:58.804Z</time>
      </trkpt>
      <trkpt lat="46.547662" lon="11.975526">
        <ele>1866.074062</ele>
        <time>2026-08-05T14:30:06.777Z</time>
      </trkpt>
      <trkpt lat="46.547602" lon="11.975208">
        <ele>1868.067250</ele>
        <time>2026-08-05T14:30:13.779Z</time>
      </trkpt>
      <trkpt lat="46.547273" lon="11.974116">
        <ele>1872.923450</ele>
        <time>2026-08-05T14:30:35.464Z</time>
      </trkpt>
      <trkpt lat="46.547156" lon="11.973952">
        <ele>1873.845354</ele>
        <time>2026-08-05T14:30:39.651Z</time>
      </trkpt>
      <trkpt lat="46.547002" lon="11.973867">
        <ele>1874.779781</ele>
        <time>2026-08-05T14:30:44.198Z</time>
      </trkpt>
      <trkpt lat="46.546728" lon="11.973810">
        <ele>1876.349940</ele>
        <time>2026-08-05T14:30:52.498Z</time>
      </trkpt>
      <trkpt lat="46.546312" lon="11.973568">
        <ele>1878.898827</ele>
        <time>2026-08-05T14:31:07.575Z</time>
      </trkpt>
      <trkpt lat="46.546074" lon="11.973472">
        <ele>1880.532621</ele>
        <time>2026-08-05T14:31:16.693Z</time>
      </trkpt>
      <trkpt lat="46.545868" lon="11.973468">
        <ele>1881.895402</ele>
        <time>2026-08-05T14:31:24.610Z</time>
      </trkpt>
      <trkpt lat="46.545038" lon="11.973638">
        <ele>1887.439938</ele>
        <time>2026-08-05T14:31:52.226Z</time>
      </trkpt>
      <trkpt lat="46.544806" lon="11.973615">
        <ele>1888.978147</ele>
        <time>2026-08-05T14:31:59.833Z</time>
      </trkpt>
      <trkpt lat="46.544577" lon="11.973521">
        <ele>1890.552161</ele>
        <time>2026-08-05T14:32:07.260Z</time>
      </trkpt>
      <trkpt lat="46.543722" lon="11.973180">
        <ele>1896.958839</ele>
        <time>2026-08-05T14:32:33.641Z</time>
      </trkpt>
      <trkpt lat="46.543561" lon="11.973181">
        <ele>1898.125645</ele>
        <time>2026-08-05T14:32:38.632Z</time>
      </trkpt>
      <trkpt lat="46.543401" lon="11.973322">
        <ele>1899.481568</ele>
        <time>2026-08-05T14:32:45.234Z</time>
      </trkpt>
      <trkpt lat="46.543308" lon="11.973573">
        <ele>1900.902704</ele>
        <time>2026-08-05T14:32:52.601Z</time>
      </trkpt>
      <trkpt lat="46.543164" lon="11.974180">
        <ele>1904.293686</ele>
        <time>2026-08-05T14:33:10.867Z</time>
      </trkpt>
      <trkpt lat="46.543076" lon="11.974407">
        <ele>1906.360724</ele>
        <time>2026-08-05T14:33:19.117Z</time>
      </trkpt>
      <trkpt lat="46.542912" lon="11.974728">
        <ele>1909.532740</ele>
        <time>2026-08-05T14:33:32.630Z</time>
      </trkpt>
      <trkpt lat="46.542789" lon="11.975147">
        <ele>1913.146608</ele>
        <time>2026-08-05T14:33:49.359Z</time>
      </trkpt>
      <trkpt lat="46.542765" lon="11.975550">
        <ele>1916.355451</ele>
        <time>2026-08-05T14:34:04.261Z</time>
      </trkpt>
      <trkpt lat="46.542796" lon="11.976071">
        <ele>1920.503828</ele>
        <time>2026-08-05T14:34:22.781Z</time>
      </trkpt>
      <trkpt lat="46.542786" lon="11.976589">
        <ele>1924.603415</ele>
        <time>2026-08-05T14:34:40.583Z</time>
      </trkpt>
      <trkpt lat="46.542681" lon="11.977019">
        <ele>1927.768670</ele>
        <time>2026-08-05T14:34:55.646Z</time>
      </trkpt>
      <trkpt lat="46.541721" lon="11.979104">
        <ele>1945.463902</ele>
        <time>2026-08-05T14:36:08.477Z</time>
      </trkpt>
      <trkpt lat="46.541598" lon="11.979423">
        <ele>1948.294352</ele>
        <time>2026-08-05T14:36:20.469Z</time>
      </trkpt>
      <trkpt lat="46.541500" lon="11.979817">
        <ele>1951.537078</ele>
        <time>2026-08-05T14:36:34.595Z</time>
      </trkpt>
      <trkpt lat="46.541342" lon="11.980897">
        <ele>1960.083017</ele>
        <time>2026-08-05T14:37:12.879Z</time>
      </trkpt>
      <trkpt lat="46.541186" lon="11.981540">
        <ele>1965.423605</ele>
        <time>2026-08-05T14:37:36.425Z</time>
      </trkpt>
      <trkpt lat="46.541118" lon="11.981731">
        <ele>1967.131169</ele>
        <time>2026-08-05T14:37:43.754Z</time>
      </trkpt>
      <trkpt lat="46.541023" lon="11.981956">
        <ele>1969.227304</ele>
        <time>2026-08-05T14:37:52.712Z</time>
      </trkpt>
      <trkpt lat="46.540786" lon="11.982367">
        <ele>1973.485522</ele>
        <time>2026-08-05T14:38:10.514Z</time>
      </trkpt>
      <trkpt lat="46.540365" lon="11.982933">
        <ele>1980.104469</ele>
        <time>2026-08-05T14:38:38.341Z</time>
      </trkpt>
      <trkpt lat="46.539525" lon="11.984097">
        <ele>1992.669768</ele>
        <time>2026-08-05T14:39:35.537Z</time>
      </trkpt>
      <trkpt lat="46.539360" lon="11.984297">
        <ele>1994.940262</ele>
        <time>2026-08-05T14:39:45.290Z</time>
      </trkpt>
      <trkpt lat="46.539204" lon="11.984424">
        <ele>1996.829924</ele>
        <time>2026-08-05T14:39:53.237Z</time>
      </trkpt>
      <trkpt lat="46.538868" lon="11.984586">
        <ele>2000.571284</ele>
        <time>2026-08-05T14:40:08.373Z</time>
      </trkpt>
      <trkpt lat="46.537545" lon="11.984756">
        <ele>2014.542006</ele>
        <time>2026-08-05T14:41:02.446Z</time>
      </trkpt>
      <trkpt lat="46.537025" lon="11.984873">
        <ele>2020.072299</ele>
        <time>2026-08-05T14:41:28.755Z</time>
      </trkpt>
      <trkpt lat="46.536706" lon="11.985043">
        <ele>2024.015530</ele>
        <time>2026-08-05T14:41:48.112Z</time>
      </trkpt>
      <trkpt lat="46.536230" lon="11.985412">
        <ele>2030.708377</ele>
        <time>2026-08-05T14:42:19.876Z</time>
      </trkpt>
      <trkpt lat="46.535959" lon="11.985505">
        <ele>2034.163032</ele>
        <time>2026-08-05T14:42:35.231Z</time>
      </trkpt>
      <trkpt lat="46.535772" lon="11.985460">
        <ele>2036.514674</ele>
        <time>2026-08-05T14:42:44.977Z</time>
      </trkpt>
      <trkpt lat="46.535594" lon="11.985271">
        <ele>2039.249450</ele>
        <time>2026-08-05T14:42:56.169Z</time>
      </trkpt>
      <trkpt lat="46.535529" lon="11.985139">
        <ele>2040.634919</ele>
        <time>2026-08-05T14:43:01.643Z</time>
      </trkpt>
      <trkpt lat="46.535373" lon="11.984616">
        <ele>2045.009651</ele>
        <time>2026-08-05T14:43:19.184Z</time>
      </trkpt>
      <trkpt lat="46.535297" lon="11.984435">
        <ele>2046.266340</ele>
        <time>2026-08-05T14:43:25.064Z</time>
      </trkpt>
      <trkpt lat="46.535203" lon="11.984273">
        <ele>2047.522323</ele>
        <time>2026-08-05T14:43:30.611Z</time>
      </trkpt>
      <trkpt lat="46.534984" lon="11.984015">
        <ele>2049.950762</ele>
        <time>2026-08-05T14:43:41.235Z</time>
      </trkpt>
      <trkpt lat="46.534436" lon="11.983592">
        <ele>2055.296033</ele>
        <time>2026-08-05T14:44:03.871Z</time>
      </trkpt>
      <trkpt lat="46.534190" lon="11.983579">
        <ele>2057.416706</ele>
        <time>2026-08-05T14:44:13.236Z</time>
      </trkpt>
      <trkpt lat="46.534105" lon="11.983639">
        <ele>2058.230744</ele>
        <time>2026-08-05T14:44:17.093Z</time>
      </trkpt>
      <trkpt lat="46.534061" lon="11.983731">
        <ele>2058.894792</ele>
        <time>2026-08-05T14:44:20.006Z</time>
      </trkpt>
      <trkpt lat="46.534059" lon="11.983849">
        <ele>2059.628587</ele>
        <time>2026-08-05T14:44:23.424Z</time>
      </trkpt>
      <trkpt lat="46.534140" lon="11.984096">
        <ele>2061.522887</ele>
        <time>2026-08-05T14:44:30.948Z</time>
      </trkpt>
      <trkpt lat="46.534271" lon="11.984290">
        <ele>2063.404823</ele>
        <time>2026-08-05T14:44:38.398Z</time>
      </trkpt>
      <trkpt lat="46.534578" lon="11.984737">
        <ele>2067.777558</ele>
        <time>2026-08-05T14:44:56.991Z</time>
      </trkpt>
      <trkpt lat="46.534675" lon="11.985054">
        <ele>2070.179397</ele>
        <time>2026-08-05T14:45:07.489Z</time>
      </trkpt>
      <trkpt lat="46.534694" lon="11.985405">
        <ele>2072.616808</ele>
        <time>2026-08-05T14:45:17.532Z</time>
      </trkpt>
      <trkpt lat="46.534624" lon="11.986809">
        <ele>2082.868909</ele>
        <time>2026-08-05T14:46:06.716Z</time>
      </trkpt>
      <trkpt lat="46.534696" lon="11.987361">
        <ele>2087.163227</ele>
        <time>2026-08-05T14:46:26.188Z</time>
      </trkpt>
      <trkpt lat="46.534668" lon="11.987594">
        <ele>2088.971104</ele>
        <time>2026-08-05T14:46:33.971Z</time>
      </trkpt>
      <trkpt lat="46.534614" lon="11.987681">
        <ele>2089.866748</ele>
        <time>2026-08-05T14:46:37.718Z</time>
      </trkpt>
      <trkpt lat="46.534538" lon="11.987726">
        <ele>2090.778541</ele>
        <time>2026-08-05T14:46:41.516Z</time>
      </trkpt>
      <trkpt lat="46.534455" lon="11.987718">
        <ele>2091.702773</ele>
        <time>2026-08-05T14:46:45.310Z</time>
      </trkpt>
      <trkpt lat="46.534388" lon="11.987654">
        <ele>2092.593545</ele>
        <time>2026-08-05T14:46:48.939Z</time>
      </trkpt>
      <trkpt lat="46.534339" lon="11.987547">
        <ele>2093.576032</ele>
        <time>2026-08-05T14:46:52.891Z</time>
      </trkpt>
      <trkpt lat="46.534196" lon="11.986946">
        <ele>2098.306873</ele>
        <time>2026-08-05T14:47:12.667Z</time>
      </trkpt>
      <trkpt lat="46.534133" lon="11.986803">
        <ele>2099.429417</ele>
        <time>2026-08-05T14:47:17.790Z</time>
      </trkpt>
      <trkpt lat="46.533970" lon="11.986588">
        <ele>2101.544462</ele>
        <time>2026-08-05T14:47:26.984Z</time>
      </trkpt>
      <trkpt lat="46.533693" lon="11.986395">
        <ele>2104.496244</ele>
        <time>2026-08-05T14:47:39.642Z</time>
      </trkpt>
      <trkpt lat="46.533518" lon="11.986327">
        <ele>2106.236938</ele>
        <time>2026-08-05T14:47:47.236Z</time>
      </trkpt>
      <trkpt lat="46.533441" lon="11.986341">
        <ele>2106.982630</ele>
        <time>2026-08-05T14:47:50.541Z</time>
      </trkpt>
      <trkpt lat="46.533379" lon="11.986399">
        <ele>2107.691126</ele>
        <time>2026-08-05T14:47:53.667Z</time>
      </trkpt>
      <trkpt lat="46.533354" lon="11.986481">
        <ele>2108.284047</ele>
        <time>2026-08-05T14:47:56.388Z</time>
      </trkpt>
      <trkpt lat="46.533407" lon="11.986683">
        <ele>2109.713222</ele>
        <time>2026-08-05T14:48:02.836Z</time>
      </trkpt>
      <trkpt lat="46.533651" lon="11.987158">
        <ele>2113.632084</ele>
        <time>2026-08-05T14:48:20.575Z</time>
      </trkpt>
      <trkpt lat="46.533782" lon="11.988125">
        <ele>2120.497597</ele>
        <time>2026-08-05T14:48:47.971Z</time>
      </trkpt>
      <trkpt lat="46.533834" lon="11.988318">
        <ele>2121.956892</ele>
        <time>2026-08-05T14:48:54.695Z</time>
      </trkpt>
      <trkpt lat="46.533892" lon="11.988446">
        <ele>2123.035988</ele>
        <time>2026-08-05T14:49:00.267Z</time>
      </trkpt>
      <trkpt lat="46.534304" lon="11.989061">
        <ele>2129.079677</ele>
        <time>2026-08-05T14:49:30.423Z</time>
      </trkpt>
      <trkpt lat="46.534351" lon="11.989167">
        <ele>2129.967537</ele>
        <time>2026-08-05T14:49:34.162Z</time>
      </trkpt>
      <trkpt lat="46.534373" lon="11.989407">
        <ele>2131.672148</ele>
        <time>2026-08-05T14:49:40.990Z</time>
      </trkpt>
      <trkpt lat="46.534349" lon="11.989512">
        <ele>2132.451119</ele>
        <time>2026-08-05T14:49:44.097Z</time>
      </trkpt>
      <trkpt lat="46.534297" lon="11.989589">
        <ele>2133.206692</ele>
        <time>2026-08-05T14:49:46.855Z</time>
      </trkpt>
      <trkpt lat="46.534176" lon="11.989678">
        <ele>2134.463904</ele>
        <time>2026-08-05T14:49:51.975Z</time>
      </trkpt>
      <trkpt lat="46.534079" lon="11.989694">
        <ele>2135.368955</ele>
        <time>2026-08-05T14:49:55.759Z</time>
      </trkpt>
      <trkpt lat="46.533982" lon="11.989629">
        <ele>2136.359186</ele>
        <time>2026-08-05T14:49:59.812Z</time>
      </trkpt>
      <trkpt lat="46.533891" lon="11.989504">
        <ele>2137.519920</ele>
        <time>2026-08-05T14:50:04.576Z</time>
      </trkpt>
      <trkpt lat="46.533806" lon="11.989173">
        <ele>2139.773232</ele>
        <time>2026-08-05T14:50:14.890Z</time>
      </trkpt>
      <trkpt lat="46.533695" lon="11.988905">
        <ele>2141.768341</ele>
        <time>2026-08-05T14:50:25.730Z</time>
      </trkpt>
      <trkpt lat="46.533423" lon="11.988668">
        <ele>2144.708350</ele>
        <time>2026-08-05T14:50:40.507Z</time>
      </trkpt>
      <trkpt lat="46.533258" lon="11.988619">
        <ele>2146.269651</ele>
        <time>2026-08-05T14:50:46.395Z</time>
      </trkpt>
      <trkpt lat="46.533091" lon="11.988649">
        <ele>2147.829674</ele>
        <time>2026-08-05T14:50:52.144Z</time>
      </trkpt>
      <trkpt lat="46.532901" lon="11.988753">
        <ele>2149.711896</ele>
        <time>2026-08-05T14:50:59.707Z</time>
      </trkpt>
      <trkpt lat="46.532620" lon="11.988963">
        <ele>2151.840002</ele>
        <time>2026-08-05T14:51:12.067Z</time>
      </trkpt>
      <trkpt lat="46.532511" lon="11.989022">
        <ele>2152.609649</ele>
        <time>2026-08-05T14:51:16.559Z</time>
      </trkpt>
      <trkpt lat="46.532238" lon="11.989008">
        <ele>2154.417240</ele>
        <time>2026-08-05T14:51:27.617Z</time>
      </trkpt>
      <trkpt lat="46.531892" lon="11.988838">
        <ele>2156.834007</ele>
        <time>2026-08-05T14:51:41.573Z</time>
      </trkpt>
      <trkpt lat="46.531790" lon="11.988842">
        <ele>2157.509197</ele>
        <time>2026-08-05T14:51:44.914Z</time>
      </trkpt>
      <trkpt lat="46.531677" lon="11.988884">
        <ele>2158.280986</ele>
        <time>2026-08-05T14:51:48.451Z</time>
      </trkpt>
      <trkpt lat="46.531070" lon="11.989493">
        <ele>2162.624620</ele>
        <time>2026-08-05T14:52:05.300Z</time>
      </trkpt>
      <trkpt lat="46.530865" lon="11.989532">
        <ele>2163.474504</ele>
        <time>2026-08-05T14:52:10.169Z</time>
      </trkpt>
      <trkpt lat="46.530513" lon="11.989462">
        <ele>2164.934956</ele>
        <time>2026-08-05T14:52:19.199Z</time>
      </trkpt>
      <trkpt lat="46.530251" lon="11.989452">
        <ele>2166.012336</ele>
        <time>2026-08-05T14:52:26.161Z</time>
      </trkpt>
      <trkpt lat="46.529710" lon="11.989673">
        <ele>2168.322392</ele>
        <time>2026-08-05T14:52:40.239Z</time>
      </trkpt>
      <trkpt lat="46.529320" lon="11.989757">
        <ele>2169.753995</ele>
        <time>2026-08-05T14:52:50.067Z</time>
      </trkpt>
      <trkpt lat="46.529020" lon="11.989922">
        <ele>2170.762902</ele>
        <time>2026-08-05T14:52:58.291Z</time>
      </trkpt>
      <trkpt lat="46.528871" lon="11.990051">
        <ele>2171.308401</ele>
        <time>2026-08-05T14:53:02.852Z</time>
      </trkpt>
      <trkpt lat="46.528700" lon="11.990314">
        <ele>2172.091472</ele>
        <time>2026-08-05T14:53:08.662Z</time>
      </trkpt>
      <trkpt lat="46.528222" lon="11.991263">
        <ele>2174.636643</ele>
        <time>2026-08-05T14:53:23.821Z</time>
      </trkpt>
      <trkpt lat="46.527952" lon="11.991830">
        <ele>2175.648073</ele>
        <time>2026-08-05T14:53:32.781Z</time>
      </trkpt>
      <trkpt lat="46.527899" lon="11.991938">
        <ele>2175.831647</ele>
        <time>2026-08-05T14:53:34.480Z</time>
      </trkpt>
      <trkpt lat="46.527779" lon="11.992173">
        <ele>2176.236624</ele>
        <time>2026-08-05T14:53:37.964Z</time>
      </trkpt>
      <trkpt lat="46.527400" lon="11.992961">
        <ele>2177.567102</ele>
        <time>2026-08-05T14:53:48.265Z</time>
      </trkpt>
      <trkpt lat="46.525778" lon="11.996360">
        <ele>2183.275782</ele>
        <time>2026-08-05T14:54:49.836Z</time>
      </trkpt>
      <trkpt lat="46.525457" lon="11.996885">
        <ele>2182.932675</ele>
        <time>2026-08-05T14:54:55.602Z</time>
      </trkpt>
      <trkpt lat="46.525381" lon="11.996985">
        <ele>2182.859885</ele>
        <time>2026-08-05T14:54:56.548Z</time>
      </trkpt>
      <trkpt lat="46.525018" lon="11.997521">
        <ele>2182.492473</ele>
        <time>2026-08-05T14:55:00.680Z</time>
      </trkpt>
      <trkpt lat="46.524785" lon="11.997867">
        <ele>2179.949335</ele>
        <time>2026-08-05T14:55:03.110Z</time>
      </trkpt>
      <trkpt lat="46.524590" lon="11.998089">
        <ele>2177.613298</ele>
        <time>2026-08-05T14:55:04.850Z</time>
      </trkpt>
      <trkpt lat="46.524138" lon="11.998511">
        <ele>2172.546816</ele>
        <time>2026-08-05T14:55:08.547Z</time>
      </trkpt>
      <trkpt lat="46.524003" lon="11.998689">
        <ele>2170.827797</ele>
        <time>2026-08-05T14:55:09.800Z</time>
      </trkpt>
      <trkpt lat="46.523582" lon="11.999458">
        <ele>2163.968870</ele>
        <time>2026-08-05T14:55:14.403Z</time>
      </trkpt>
      <trkpt lat="46.523092" lon="12.000567">
        <ele>2151.413860</ele>
        <time>2026-08-05T14:55:20.448Z</time>
      </trkpt>
      <trkpt lat="46.522996" lon="12.000785">
        <ele>2148.948266</ele>
        <time>2026-08-05T14:55:21.628Z</time>
      </trkpt>
      <trkpt lat="46.522590" lon="12.001787">
        <ele>2138.528718</ele>
        <time>2026-08-05T14:55:26.955Z</time>
      </trkpt>
      <trkpt lat="46.522486" lon="12.002372">
        <ele>2134.170818</ele>
        <time>2026-08-05T14:55:29.745Z</time>
      </trkpt>
      <trkpt lat="46.522476" lon="12.002835">
        <ele>2130.829760</ele>
        <time>2026-08-05T14:55:31.907Z</time>
      </trkpt>
      <trkpt lat="46.522441" lon="12.003106">
        <ele>2128.841022</ele>
        <time>2026-08-05T14:55:33.211Z</time>
      </trkpt>
      <trkpt lat="46.522234" lon="12.003741">
        <ele>2123.773038</ele>
        <time>2026-08-05T14:55:36.643Z</time>
      </trkpt>
      <trkpt lat="46.522087" lon="12.004404">
        <ele>2120.112976</ele>
        <time>2026-08-05T14:55:40.145Z</time>
      </trkpt>
      <trkpt lat="46.522058" lon="12.004679">
        <ele>2119.025983</ele>
        <time>2026-08-05T14:55:41.546Z</time>
      </trkpt>
      <trkpt lat="46.521970" lon="12.005280">
        <ele>2116.625245</ele>
        <time>2026-08-05T14:55:44.656Z</time>
      </trkpt>
      <trkpt lat="46.521775" lon="12.005714">
        <ele>2114.600061</ele>
        <time>2026-08-05T14:55:47.355Z</time>
      </trkpt>
      <trkpt lat="46.520878" lon="12.007296">
        <ele>2107.147093</ele>
        <time>2026-08-05T14:55:57.972Z</time>
      </trkpt>
      <trkpt lat="46.520711" lon="12.007539">
        <ele>2105.956898</ele>
        <time>2026-08-05T14:55:59.731Z</time>
      </trkpt>
      <trkpt lat="46.520510" lon="12.007708">
        <ele>2104.787375</ele>
        <time>2026-08-05T14:56:01.455Z</time>
      </trkpt>
      <trkpt lat="46.520298" lon="12.007789">
        <ele>2103.683380</ele>
        <time>2026-08-05T14:56:03.101Z</time>
      </trkpt>
      <trkpt lat="46.519994" lon="12.007846">
        <ele>2102.264155</ele>
        <time>2026-08-05T14:56:05.402Z</time>
      </trkpt>
      <trkpt lat="46.519733" lon="12.007892">
        <ele>2101.465556</ele>
        <time>2026-08-05T14:56:07.403Z</time>
      </trkpt>
      <trkpt lat="46.519158" lon="12.008030">
        <ele>2099.695329</ele>
        <time>2026-08-05T14:56:12.237Z</time>
      </trkpt>
      <trkpt lat="46.519089" lon="12.008090">
        <ele>2099.451086</ele>
        <time>2026-08-05T14:56:12.974Z</time>
      </trkpt>
      <trkpt lat="46.518957" lon="12.008327">
        <ele>2098.813787</ele>
        <time>2026-08-05T14:56:14.817Z</time>
      </trkpt>
      <trkpt lat="46.518754" lon="12.008698">
        <ele>2097.823062</ele>
        <time>2026-08-05T14:56:17.646Z</time>
      </trkpt>
      <trkpt lat="46.518763" lon="12.008858">
        <ele>2097.487521</ele>
        <time>2026-08-05T14:56:18.609Z</time>
      </trkpt>
      <trkpt lat="46.518811" lon="12.009214">
        <ele>2096.673873</ele>
        <time>2026-08-05T14:56:20.720Z</time>
      </trkpt>
      <trkpt lat="46.518822" lon="12.009296">
        <ele>2096.462148</ele>
        <time>2026-08-05T14:56:21.206Z</time>
      </trkpt>
      <trkpt lat="46.518874" lon="12.009496">
        <ele>2095.920311</ele>
        <time>2026-08-05T14:56:22.437Z</time>
      </trkpt>
      <trkpt lat="46.519005" lon="12.009867">
        <ele>2094.863523</ele>
        <time>2026-08-05T14:56:24.846Z</time>
      </trkpt>
      <trkpt lat="46.519138" lon="12.010244">
        <ele>2093.789844</ele>
        <time>2026-08-05T14:56:27.252Z</time>
      </trkpt>
      <trkpt lat="46.519200" lon="12.010489">
        <ele>2093.128285</ele>
        <time>2026-08-05T14:56:28.666Z</time>
      </trkpt>
      <trkpt lat="46.519214" lon="12.010858">
        <ele>2092.191711</ele>
        <time>2026-08-05T14:56:30.599Z</time>
      </trkpt>
      <trkpt lat="46.519170" lon="12.011218">
        <ele>2091.265086</ele>
        <time>2026-08-05T14:56:32.481Z</time>
      </trkpt>
      <trkpt lat="46.519165" lon="12.011464">
        <ele>2090.641378</ele>
        <time>2026-08-05T14:56:33.756Z</time>
      </trkpt>
      <trkpt lat="46.519211" lon="12.011859">
        <ele>2089.383422</ele>
        <time>2026-08-05T14:56:35.848Z</time>
      </trkpt>
      <trkpt lat="46.519356" lon="12.012684">
        <ele>2086.517408</ele>
        <time>2026-08-05T14:56:40.354Z</time>
      </trkpt>
      <trkpt lat="46.519472" lon="12.014139">
        <ele>2081.587279</ele>
        <time>2026-08-05T14:56:47.998Z</time>
      </trkpt>
      <trkpt lat="46.519528" lon="12.014477">
        <ele>2079.919767</ele>
        <time>2026-08-05T14:56:49.771Z</time>
      </trkpt>
      <trkpt lat="46.519611" lon="12.014732">
        <ele>2078.559842</ele>
        <time>2026-08-05T14:56:51.204Z</time>
      </trkpt>
      <trkpt lat="46.520233" lon="12.016094">
        <ele>2070.679314</ele>
        <time>2026-08-05T14:56:59.262Z</time>
      </trkpt>
      <trkpt lat="46.520594" lon="12.016749">
        <ele>2065.899815</ele>
        <time>2026-08-05T14:57:03.291Z</time>
      </trkpt>
      <trkpt lat="46.520794" lon="12.017196">
        <ele>2062.520758</ele>
        <time>2026-08-05T14:57:05.832Z</time>
      </trkpt>
      <trkpt lat="46.520830" lon="12.017552">
        <ele>2060.240402</ele>
        <time>2026-08-05T14:57:07.539Z</time>
      </trkpt>
      <trkpt lat="46.520762" lon="12.017998">
        <ele>2057.345356</ele>
        <time>2026-08-05T14:57:09.705Z</time>
      </trkpt>
      <trkpt lat="46.520461" lon="12.018657">
        <ele>2052.341649</ele>
        <time>2026-08-05T14:57:13.483Z</time>
      </trkpt>
      <trkpt lat="46.520391" lon="12.018771">
        <ele>2051.502276</ele>
        <time>2026-08-05T14:57:14.217Z</time>
      </trkpt>
      <trkpt lat="46.520205" lon="12.018978">
        <ele>2049.631885</ele>
        <time>2026-08-05T14:57:15.858Z</time>
      </trkpt>
      <trkpt lat="46.519893" lon="12.019209">
        <ele>2046.836309</ele>
        <time>2026-08-05T14:57:18.319Z</time>
      </trkpt>
      <trkpt lat="46.519603" lon="12.019443">
        <ele>2044.188069</ele>
        <time>2026-08-05T14:57:20.684Z</time>
      </trkpt>
      <trkpt lat="46.519540" lon="12.019609">
        <ele>2043.146604</ele>
        <time>2026-08-05T14:57:21.620Z</time>
      </trkpt>
      <trkpt lat="46.519525" lon="12.019864">
        <ele>2041.740600</ele>
        <time>2026-08-05T14:57:22.884Z</time>
      </trkpt>
      <trkpt lat="46.519558" lon="12.019986">
        <ele>2041.020444</ele>
        <time>2026-08-05T14:57:23.530Z</time>
      </trkpt>
      <trkpt lat="46.519636" lon="12.020134">
        <ele>2039.996296</ele>
        <time>2026-08-05T14:57:24.451Z</time>
      </trkpt>
      <trkpt lat="46.519953" lon="12.020501">
        <ele>2036.650204</ele>
        <time>2026-08-05T14:57:27.342Z</time>
      </trkpt>
      <trkpt lat="46.520107" lon="12.020687">
        <ele>2034.913727</ele>
        <time>2026-08-05T14:57:28.749Z</time>
      </trkpt>
      <trkpt lat="46.520229" lon="12.020898">
        <ele>2033.269173</ele>
        <time>2026-08-05T14:57:30.072Z</time>
      </trkpt>
      <trkpt lat="46.520414" lon="12.021659">
        <ele>2028.453126</ele>
        <time>2026-08-05T14:57:33.932Z</time>
      </trkpt>
      <trkpt lat="46.520421" lon="12.021850">
        <ele>2027.311792</ele>
        <time>2026-08-05T14:57:34.843Z</time>
      </trkpt>
      <trkpt lat="46.520271" lon="12.022673">
        <ele>2022.268511</ele>
        <time>2026-08-05T14:57:38.898Z</time>
      </trkpt>
      <trkpt lat="46.520279" lon="12.022862">
        <ele>2021.336570</ele>
        <time>2026-08-05T14:57:39.810Z</time>
      </trkpt>
      <trkpt lat="46.520376" lon="12.023252">
        <ele>2019.295608</ele>
        <time>2026-08-05T14:57:41.832Z</time>
      </trkpt>
      <trkpt lat="46.520372" lon="12.023366">
        <ele>2018.733818</ele>
        <time>2026-08-05T14:57:42.391Z</time>
      </trkpt>
      <trkpt lat="46.520323" lon="12.023461">
        <ele>2018.149494</ele>
        <time>2026-08-05T14:57:42.976Z</time>
      </trkpt>
      <trkpt lat="46.520279" lon="12.023480">
        <ele>2017.821186</ele>
        <time>2026-08-05T14:57:43.308Z</time>
      </trkpt>
      <trkpt lat="46.520187" lon="12.023437">
        <ele>2017.129965</ele>
        <time>2026-08-05T14:57:44.004Z</time>
      </trkpt>
      <trkpt lat="46.520102" lon="12.022988">
        <ele>2014.838055</ele>
        <time>2026-08-05T14:57:46.332Z</time>
      </trkpt>
      <trkpt lat="46.520059" lon="12.022867">
        <ele>2014.167809</ele>
        <time>2026-08-05T14:57:47.018Z</time>
      </trkpt>
      <trkpt lat="46.519844" lon="12.022594">
        <ele>2012.125740</ele>
        <time>2026-08-05T14:57:49.112Z</time>
      </trkpt>
      <trkpt lat="46.519699" lon="12.022472">
        <ele>2010.927357</ele>
        <time>2026-08-05T14:57:50.342Z</time>
      </trkpt>
      <trkpt lat="46.519570" lon="12.022472">
        <ele>2010.004688</ele>
        <time>2026-08-05T14:57:51.286Z</time>
      </trkpt>
      <trkpt lat="46.519523" lon="12.022518">
        <ele>2009.599394</ele>
        <time>2026-08-05T14:57:51.699Z</time>
      </trkpt>
      <trkpt lat="46.519464" lon="12.022676">
        <ele>2008.609508</ele>
        <time>2026-08-05T14:57:52.596Z</time>
      </trkpt>
      <trkpt lat="46.519472" lon="12.022838">
        <ele>2007.712803</ele>
        <time>2026-08-05T14:57:53.404Z</time>
      </trkpt>
      <trkpt lat="46.519686" lon="12.023292">
        <ele>2004.674562</ele>
        <time>2026-08-05T14:57:56.094Z</time>
      </trkpt>
      <trkpt lat="46.519743" lon="12.023506">
        <ele>2003.407643</ele>
        <time>2026-08-05T14:57:57.204Z</time>
      </trkpt>
      <trkpt lat="46.519755" lon="12.023671">
        <ele>2002.491605</ele>
        <time>2026-08-05T14:57:58.002Z</time>
      </trkpt>
      <trkpt lat="46.519725" lon="12.024983">
        <ele>1995.244064</ele>
        <time>2026-08-05T14:58:04.300Z</time>
      </trkpt>
      <trkpt lat="46.519749" lon="12.025341">
        <ele>1993.432783</ele>
        <time>2026-08-05T14:58:06.037Z</time>
      </trkpt>
      <trkpt lat="46.520034" lon="12.027000">
        <ele>1984.865153</ele>
        <time>2026-08-05T14:58:14.443Z</time>
      </trkpt>
      <trkpt lat="46.520018" lon="12.027281">
        <ele>1983.452382</ele>
        <time>2026-08-05T14:58:15.859Z</time>
      </trkpt>
      <trkpt lat="46.519971" lon="12.027403">
        <ele>1982.751813</ele>
        <time>2026-08-05T14:58:16.561Z</time>
      </trkpt>
      <trkpt lat="46.519898" lon="12.027498">
        <ele>1982.040119</ele>
        <time>2026-08-05T14:58:17.280Z</time>
      </trkpt>
      <trkpt lat="46.519706" lon="12.027594">
        <ele>1980.804818</ele>
        <time>2026-08-05T14:58:18.768Z</time>
      </trkpt>
      <trkpt lat="46.519420" lon="12.027578">
        <ele>1979.063549</ele>
        <time>2026-08-05T14:58:20.875Z</time>
      </trkpt>
      <trkpt lat="46.518801" lon="12.027451">
        <ele>1975.260301</ele>
        <time>2026-08-05T14:58:25.466Z</time>
      </trkpt>
      <trkpt lat="46.518618" lon="12.027512">
        <ele>1974.118045</ele>
        <time>2026-08-05T14:58:26.850Z</time>
      </trkpt>
      <trkpt lat="46.518501" lon="12.027677">
        <ele>1973.126167</ele>
        <time>2026-08-05T14:58:28.055Z</time>
      </trkpt>
      <trkpt lat="46.518148" lon="12.028513">
        <ele>1968.558196</ele>
        <time>2026-08-05T14:58:32.994Z</time>
      </trkpt>
      <trkpt lat="46.517980" lon="12.028909">
        <ele>1966.179700</ele>
        <time>2026-08-05T14:58:35.298Z</time>
      </trkpt>
      <trkpt lat="46.517958" lon="12.029240">
        <ele>1964.479508</ele>
        <time>2026-08-05T14:58:36.942Z</time>
      </trkpt>
      <trkpt lat="46.518013" lon="12.029430">
        <ele>1963.425636</ele>
        <time>2026-08-05T14:58:37.952Z</time>
      </trkpt>
      <trkpt lat="46.518100" lon="12.029556">
        <ele>1962.513037</ele>
        <time>2026-08-05T14:58:38.833Z</time>
      </trkpt>
      <trkpt lat="46.518598" lon="12.029991">
        <ele>1958.195969</ele>
        <time>2026-08-05T14:58:42.953Z</time>
      </trkpt>
      <trkpt lat="46.518767" lon="12.030061">
        <ele>1956.761187</ele>
        <time>2026-08-05T14:58:44.176Z</time>
      </trkpt>
      <trkpt lat="46.519326" lon="12.030136">
        <ele>1951.958620</ele>
        <time>2026-08-05T14:58:48.017Z</time>
      </trkpt>
      <trkpt lat="46.519402" lon="12.030183">
        <ele>1951.252022</ele>
        <time>2026-08-05T14:58:48.583Z</time>
      </trkpt>
      <trkpt lat="46.519425" lon="12.030237">
        <ele>1950.878168</ele>
        <time>2026-08-05T14:58:48.878Z</time>
      </trkpt>
      <trkpt lat="46.519441" lon="12.030312">
        <ele>1950.415930</ele>
        <time>2026-08-05T14:58:49.248Z</time>
      </trkpt>
      <trkpt lat="46.519411" lon="12.030441">
        <ele>1949.614342</ele>
        <time>2026-08-05T14:58:49.890Z</time>
      </trkpt>
      <trkpt lat="46.518947" lon="12.031236">
        <ele>1943.477628</ele>
        <time>2026-08-05T14:58:54.986Z</time>
      </trkpt>
      <trkpt lat="46.518913" lon="12.031378">
        <ele>1942.592542</ele>
        <time>2026-08-05T14:58:55.733Z</time>
      </trkpt>
      <trkpt lat="46.518929" lon="12.031457">
        <ele>1942.176140</ele>
        <time>2026-08-05T14:58:56.142Z</time>
      </trkpt>
      <trkpt lat="46.519024" lon="12.031524">
        <ele>1941.521941</ele>
        <time>2026-08-05T14:58:56.915Z</time>
      </trkpt>
      <trkpt lat="46.519082" lon="12.031516">
        <ele>1941.161000</ele>
        <time>2026-08-05T14:58:57.342Z</time>
      </trkpt>
      <trkpt lat="46.519479" lon="12.031125">
        <ele>1938.189859</ele>
        <time>2026-08-05T14:59:00.944Z</time>
      </trkpt>
      <trkpt lat="46.519592" lon="12.031125">
        <ele>1937.489792</ele>
        <time>2026-08-05T14:59:01.809Z</time>
      </trkpt>
      <trkpt lat="46.519649" lon="12.031160">
        <ele>1937.106433</ele>
        <time>2026-08-05T14:59:02.290Z</time>
      </trkpt>
      <trkpt lat="46.519760" lon="12.031283">
        <ele>1936.241654</ele>
        <time>2026-08-05T14:59:03.376Z</time>
      </trkpt>
      <trkpt lat="46.520007" lon="12.031598">
        <ele>1934.205762</ele>
        <time>2026-08-05T14:59:05.917Z</time>
      </trkpt>
      <trkpt lat="46.520094" lon="12.031819">
        <ele>1933.120360</ele>
        <time>2026-08-05T14:59:07.219Z</time>
      </trkpt>
      <trkpt lat="46.520125" lon="12.032132">
        <ele>1931.772297</ele>
        <time>2026-08-05T14:59:08.767Z</time>
      </trkpt>
      <trkpt lat="46.520127" lon="12.033359">
        <ele>1924.474395</ele>
        <time>2026-08-05T14:59:14.563Z</time>
      </trkpt>
      <trkpt lat="46.520208" lon="12.033671">
        <ele>1922.423689</ele>
        <time>2026-08-05T14:59:16.135Z</time>
      </trkpt>
      <trkpt lat="46.520390" lon="12.034026">
        <ele>1919.701249</ele>
        <time>2026-08-05T14:59:18.234Z</time>
      </trkpt>
      <trkpt lat="46.520514" lon="12.034370">
        <ele>1917.313092</ele>
        <time>2026-08-05T14:59:20.101Z</time>
      </trkpt>
      <trkpt lat="46.520956" lon="12.037414">
        <ele>1902.503964</ele>
        <time>2026-08-05T14:59:35.616Z</time>
      </trkpt>
      <trkpt lat="46.520934" lon="12.037496">
        <ele>1902.165582</ele>
        <time>2026-08-05T14:59:36.058Z</time>
      </trkpt>
      <trkpt lat="46.520882" lon="12.037530">
        <ele>1901.846981</ele>
        <time>2026-08-05T14:59:36.469Z</time>
      </trkpt>
      <trkpt lat="46.520826" lon="12.037527">
        <ele>1901.533869</ele>
        <time>2026-08-05T14:59:36.878Z</time>
      </trkpt>
      <trkpt lat="46.520778" lon="12.037481">
        <ele>1901.212608</ele>
        <time>2026-08-05T14:59:37.295Z</time>
      </trkpt>
      <trkpt lat="46.520490" lon="12.036952">
        <ele>1898.619140</ele>
        <time>2026-08-05T14:59:40.672Z</time>
      </trkpt>
      <trkpt lat="46.520366" lon="12.036529">
        <ele>1896.851385</ele>
        <time>2026-08-05T14:59:43.006Z</time>
      </trkpt>
      <trkpt lat="46.520302" lon="12.036456">
        <ele>1896.396797</ele>
        <time>2026-08-05T14:59:43.613Z</time>
      </trkpt>
      <trkpt lat="46.520241" lon="12.036430">
        <ele>1896.041603</ele>
        <time>2026-08-05T14:59:44.088Z</time>
      </trkpt>
      <trkpt lat="46.520176" lon="12.036472">
        <ele>1895.644136</ele>
        <time>2026-08-05T14:59:44.625Z</time>
      </trkpt>
      <trkpt lat="46.520130" lon="12.036554">
        <ele>1895.237373</ele>
        <time>2026-08-05T14:59:45.179Z</time>
      </trkpt>
      <trkpt lat="46.520124" lon="12.036657">
        <ele>1894.839947</ele>
        <time>2026-08-05T14:59:45.722Z</time>
      </trkpt>
      <trkpt lat="46.520196" lon="12.037210">
        <ele>1892.755633</ele>
        <time>2026-08-05T14:59:48.707Z</time>
      </trkpt>
      <trkpt lat="46.520251" lon="12.037514">
        <ele>1891.839205</ele>
        <time>2026-08-05T14:59:50.398Z</time>
      </trkpt>
      <trkpt lat="46.520337" lon="12.037748">
        <ele>1891.065772</ele>
        <time>2026-08-05T14:59:51.834Z</time>
      </trkpt>
      <trkpt lat="46.520496" lon="12.037987">
        <ele>1890.096560</ele>
        <time>2026-08-05T14:59:53.644Z</time>
      </trkpt>
      <trkpt lat="46.520921" lon="12.038483">
        <ele>1887.787078</ele>
        <time>2026-08-05T14:59:57.985Z</time>
      </trkpt>
      <trkpt lat="46.521026" lon="12.038658">
        <ele>1887.110153</ele>
        <time>2026-08-05T14:59:59.289Z</time>
      </trkpt>
      <trkpt lat="46.521081" lon="12.038838">
        <ele>1886.535961</ele>
        <time>2026-08-05T15:00:00.352Z</time>
      </trkpt>
      <trkpt lat="46.521084" lon="12.038942">
        <ele>1886.232491</ele>
        <time>2026-08-05T15:00:00.904Z</time>
      </trkpt>
      <trkpt lat="46.521062" lon="12.039013">
        <ele>1886.005475</ele>
        <time>2026-08-05T15:00:01.309Z</time>
      </trkpt>
      <trkpt lat="46.521016" lon="12.039086">
        <ele>1885.716889</ele>
        <time>2026-08-05T15:00:01.819Z</time>
      </trkpt>
      <trkpt lat="46.520954" lon="12.039107">
        <ele>1885.447155</ele>
        <time>2026-08-05T15:00:02.295Z</time>
      </trkpt>
      <trkpt lat="46.520831" lon="12.038979">
        <ele>1884.449041</ele>
        <time>2026-08-05T15:00:03.414Z</time>
      </trkpt>
      <trkpt lat="46.520611" lon="12.038510">
        <ele>1881.772076</ele>
        <time>2026-08-05T15:00:06.253Z</time>
      </trkpt>
      <trkpt lat="46.520554" lon="12.038453">
        <ele>1881.297846</ele>
        <time>2026-08-05T15:00:06.748Z</time>
      </trkpt>
      <trkpt lat="46.520501" lon="12.038456">
        <ele>1880.934309</ele>
        <time>2026-08-05T15:00:07.127Z</time>
      </trkpt>
      <trkpt lat="46.520453" lon="12.038487">
        <ele>1880.574294</ele>
        <time>2026-08-05T15:00:07.504Z</time>
      </trkpt>
      <trkpt lat="46.520412" lon="12.038563">
        <ele>1880.118837</ele>
        <time>2026-08-05T15:00:07.982Z</time>
      </trkpt>
      <trkpt lat="46.520409" lon="12.038635">
        <ele>1879.778648</ele>
        <time>2026-08-05T15:00:08.336Z</time>
      </trkpt>
      <trkpt lat="46.520879" lon="12.039964">
        <ele>1872.641324</ele>
        <time>2026-08-05T15:00:15.660Z</time>
      </trkpt>
      <trkpt lat="46.521179" lon="12.041201">
        <ele>1864.740061</ele>
        <time>2026-08-05T15:00:22.043Z</time>
      </trkpt>
      <trkpt lat="46.521386" lon="12.041641">
        <ele>1861.529102</ele>
        <time>2026-08-05T15:00:24.611Z</time>
      </trkpt>
      <trkpt lat="46.521610" lon="12.042368">
        <ele>1856.546731</ele>
        <time>2026-08-05T15:00:28.391Z</time>
      </trkpt>
      <trkpt lat="46.521748" lon="12.043071">
        <ele>1850.744733</ele>
        <time>2026-08-05T15:00:31.805Z</time>
      </trkpt>
      <trkpt lat="46.521941" lon="12.044104">
        <ele>1842.249456</ele>
        <time>2026-08-05T15:00:36.781Z</time>
      </trkpt>
      <trkpt lat="46.521997" lon="12.044468">
        <ele>1839.289241</ele>
        <time>2026-08-05T15:00:38.513Z</time>
      </trkpt>
      <trkpt lat="46.522028" lon="12.044875">
        <ele>1836.083869</ele>
        <time>2026-08-05T15:00:40.416Z</time>
      </trkpt>
      <trkpt lat="46.522040" lon="12.047204">
        <ele>1819.169721</ele>
        <time>2026-08-05T15:00:51.345Z</time>
      </trkpt>
      <trkpt lat="46.522068" lon="12.047813">
        <ele>1815.933441</ele>
        <time>2026-08-05T15:00:54.314Z</time>
      </trkpt>
      <trkpt lat="46.522133" lon="12.048123">
        <ele>1814.570404</ele>
        <time>2026-08-05T15:00:55.921Z</time>
      </trkpt>
      <trkpt lat="46.522176" lon="12.048244">
        <ele>1813.997617</ele>
        <time>2026-08-05T15:00:56.604Z</time>
      </trkpt>
      <trkpt lat="46.522398" lon="12.048894">
        <ele>1810.945501</ele>
        <time>2026-08-05T15:01:00.321Z</time>
      </trkpt>
      <trkpt lat="46.522435" lon="12.049106">
        <ele>1810.025610</ele>
        <time>2026-08-05T15:01:01.472Z</time>
      </trkpt>
      <trkpt lat="46.522412" lon="12.050390">
        <ele>1804.396252</ele>
        <time>2026-08-05T15:01:08.222Z</time>
      </trkpt>
      <trkpt lat="46.522442" lon="12.050758">
        <ele>1802.657209</ele>
        <time>2026-08-05T15:01:10.106Z</time>
      </trkpt>
      <trkpt lat="46.522595" lon="12.051450">
        <ele>1799.246234</ele>
        <time>2026-08-05T15:01:13.729Z</time>
      </trkpt>
      <trkpt lat="46.522689" lon="12.051846">
        <ele>1797.280400</ele>
        <time>2026-08-05T15:01:15.781Z</time>
      </trkpt>
      <trkpt lat="46.522750" lon="12.052254">
        <ele>1795.321054</ele>
        <time>2026-08-05T15:01:17.810Z</time>
      </trkpt>
      <trkpt lat="46.523051" lon="12.056549">
        <ele>1767.917657</ele>
        <time>2026-08-05T15:01:38.359Z</time>
      </trkpt>
      <trkpt lat="46.523081" lon="12.056984">
        <ele>1765.134997</ele>
        <time>2026-08-05T15:01:40.447Z</time>
      </trkpt>
      <trkpt lat="46.523071" lon="12.057376">
        <ele>1762.638193</ele>
        <time>2026-08-05T15:01:42.322Z</time>
      </trkpt>
      <trkpt lat="46.523031" lon="12.057817">
        <ele>1759.949082</ele>
        <time>2026-08-05T15:01:44.461Z</time>
      </trkpt>
      <trkpt lat="46.522366" lon="12.061602">
        <ele>1739.648194</ele>
        <time>2026-08-05T15:02:03.560Z</time>
      </trkpt>
      <trkpt lat="46.522321" lon="12.062169">
        <ele>1736.894919</ele>
        <time>2026-08-05T15:02:06.380Z</time>
      </trkpt>
      <trkpt lat="46.522357" lon="12.064416">
        <ele>1728.341360</ele>
        <time>2026-08-05T15:02:17.792Z</time>
      </trkpt>
      <trkpt lat="46.522425" lon="12.065714">
        <ele>1724.074043</ele>
        <time>2026-08-05T15:02:24.895Z</time>
      </trkpt>
      <trkpt lat="46.522407" lon="12.066253">
        <ele>1722.548318</ele>
        <time>2026-08-05T15:02:27.901Z</time>
      </trkpt>
      <trkpt lat="46.522361" lon="12.066735">
        <ele>1721.172498</ele>
        <time>2026-08-05T15:02:30.546Z</time>
      </trkpt>
      <trkpt lat="46.522342" lon="12.066933">
        <ele>1720.607268</ele>
        <time>2026-08-05T15:02:31.617Z</time>
      </trkpt>
      <trkpt lat="46.522293" lon="12.067343">
        <ele>1719.430704</ele>
        <time>2026-08-05T15:02:33.810Z</time>
      </trkpt>
      <trkpt lat="46.522216" lon="12.067679">
        <ele>1718.429415</ele>
        <time>2026-08-05T15:02:35.659Z</time>
      </trkpt>
      <trkpt lat="46.521446" lon="12.069479">
        <ele>1711.593603</ele>
        <time>2026-08-05T15:02:46.696Z</time>
      </trkpt>
      <trkpt lat="46.521395" lon="12.069740">
        <ele>1710.701867</ele>
        <time>2026-08-05T15:02:48.123Z</time>
      </trkpt>
      <trkpt lat="46.521400" lon="12.070452">
        <ele>1708.451198</ele>
        <time>2026-08-05T15:02:51.852Z</time>
      </trkpt>
      <trkpt lat="46.521372" lon="12.070686">
        <ele>1707.774168</ele>
        <time>2026-08-05T15:02:53.102Z</time>
      </trkpt>
      <trkpt lat="46.521138" lon="12.071378">
        <ele>1705.576285</ele>
        <time>2026-08-05T15:02:57.212Z</time>
      </trkpt>
      <trkpt lat="46.521075" lon="12.071644">
        <ele>1704.774386</ele>
        <time>2026-08-05T15:02:58.716Z</time>
      </trkpt>
      <trkpt lat="46.521040" lon="12.071937">
        <ele>1703.926690</ele>
        <time>2026-08-05T15:03:00.311Z</time>
      </trkpt>
      <trkpt lat="46.521084" lon="12.074880">
        <ele>1696.348166</ele>
        <time>2026-08-05T15:03:16.312Z</time>
      </trkpt>
      <trkpt lat="46.521057" lon="12.075039">
        <ele>1695.944036</ele>
        <time>2026-08-05T15:03:17.193Z</time>
      </trkpt>
      <trkpt lat="46.520966" lon="12.075213">
        <ele>1695.404717</ele>
        <time>2026-08-05T15:03:18.380Z</time>
      </trkpt>
      <trkpt lat="46.520661" lon="12.075554">
        <ele>1694.929855</ele>
        <time>2026-08-05T15:03:21.508Z</time>
      </trkpt>
      <trkpt lat="46.520604" lon="12.075769">
        <ele>1694.824852</ele>
        <time>2026-08-05T15:03:22.839Z</time>
      </trkpt>
      <trkpt lat="46.520601" lon="12.075916">
        <ele>1694.757830</ele>
        <time>2026-08-05T15:03:23.701Z</time>
      </trkpt>
      <trkpt lat="46.521133" lon="12.079436">
        <ele>1694.845148</ele>
        <time>2026-08-05T15:03:57.690Z</time>
      </trkpt>
      <trkpt lat="46.521167" lon="12.079942">
        <ele>1695.097352</ele>
        <time>2026-08-05T15:04:02.489Z</time>
      </trkpt>
      <trkpt lat="46.521121" lon="12.080518">
        <ele>1695.513386</ele>
        <time>2026-08-05T15:04:08.585Z</time>
      </trkpt>
      <trkpt lat="46.521130" lon="12.080683">
        <ele>1695.668359</ele>
        <time>2026-08-05T15:04:10.430Z</time>
      </trkpt>
      <trkpt lat="46.521169" lon="12.080823">
        <ele>1695.809775</ele>
        <time>2026-08-05T15:04:12.193Z</time>
      </trkpt>
      <trkpt lat="46.521222" lon="12.080913">
        <ele>1695.920688</ele>
        <time>2026-08-05T15:04:13.590Z</time>
      </trkpt>
      <trkpt lat="46.521333" lon="12.081004">
        <ele>1696.094102</ele>
        <time>2026-08-05T15:04:15.786Z</time>
      </trkpt>
      <trkpt lat="46.522281" lon="12.081540">
        <ele>1697.478245</ele>
        <time>2026-08-05T15:04:34.098Z</time>
      </trkpt>
      <trkpt lat="46.522387" lon="12.081625">
        <ele>1697.642979</ele>
        <time>2026-08-05T15:04:36.083Z</time>
      </trkpt>
      <trkpt lat="46.522454" lon="12.081753">
        <ele>1697.551734</ele>
        <time>2026-08-05T15:04:37.802Z</time>
      </trkpt>
      <trkpt lat="46.522486" lon="12.081898">
        <ele>1697.368349</ele>
        <time>2026-08-05T15:04:39.316Z</time>
      </trkpt>
      <trkpt lat="46.522498" lon="12.082069">
        <ele>1697.161345</ele>
        <time>2026-08-05T15:04:40.874Z</time>
      </trkpt>
      <trkpt lat="46.522447" lon="12.082274">
        <ele>1696.898822</ele>
        <time>2026-08-05T15:04:42.611Z</time>
      </trkpt>
      <trkpt lat="46.521863" lon="12.084090">
        <ele>1694.343307</ele>
        <time>2026-08-05T15:04:54.460Z</time>
      </trkpt>
      <trkpt lat="46.521767" lon="12.084293">
        <ele>1693.283477</ele>
        <time>2026-08-05T15:04:55.720Z</time>
      </trkpt>
      <trkpt lat="46.521651" lon="12.084443">
        <ele>1692.312561</ele>
        <time>2026-08-05T15:04:56.867Z</time>
      </trkpt>
      <trkpt lat="46.521564" lon="12.084507">
        <ele>1691.702820</ele>
        <time>2026-08-05T15:04:57.589Z</time>
      </trkpt>
      <trkpt lat="46.521422" lon="12.084526">
        <ele>1690.811125</ele>
        <time>2026-08-05T15:04:58.635Z</time>
      </trkpt>
      <trkpt lat="46.520950" lon="12.084509">
        <ele>1687.858759</ele>
        <time>2026-08-05T15:05:02.069Z</time>
      </trkpt>
      <trkpt lat="46.520863" lon="12.084555">
        <ele>1687.279855</ele>
        <time>2026-08-05T15:05:02.739Z</time>
      </trkpt>
      <trkpt lat="46.520751" lon="12.084748">
        <ele>1686.193538</ele>
        <time>2026-08-05T15:05:03.983Z</time>
      </trkpt>
      <trkpt lat="46.520316" lon="12.086062">
        <ele>1679.643453</ele>
        <time>2026-08-05T15:05:11.050Z</time>
      </trkpt>
      <trkpt lat="46.519903" lon="12.087777">
        <ele>1671.185664</ele>
        <time>2026-08-05T15:05:20.123Z</time>
      </trkpt>
      <trkpt lat="46.519860" lon="12.088038">
        <ele>1670.621944</ele>
        <time>2026-08-05T15:05:21.504Z</time>
      </trkpt>
      <trkpt lat="46.519810" lon="12.088442">
        <ele>1669.813021</ele>
        <time>2026-08-05T15:05:23.670Z</time>
      </trkpt>
      <trkpt lat="46.519784" lon="12.089223">
        <ele>1668.272133</ele>
        <time>2026-08-05T15:05:27.984Z</time>
      </trkpt>
      <trkpt lat="46.519756" lon="12.091284">
        <ele>1664.742782</ele>
        <time>2026-08-05T15:05:42.139Z</time>
      </trkpt>
      <trkpt lat="46.519781" lon="12.091641">
        <ele>1664.249248</ele>
        <time>2026-08-05T15:05:45.823Z</time>
      </trkpt>
      <trkpt lat="46.519835" lon="12.091917">
        <ele>1663.854606</ele>
        <time>2026-08-05T15:05:48.812Z</time>
      </trkpt>
      <trkpt lat="46.519925" lon="12.092217">
        <ele>1663.404495</ele>
        <time>2026-08-05T15:05:51.183Z</time>
      </trkpt>
      <trkpt lat="46.520288" lon="12.093103">
        <ele>1660.892216</ele>
        <time>2026-08-05T15:05:56.518Z</time>
      </trkpt>
      <trkpt lat="46.520316" lon="12.093281">
        <ele>1659.941574</ele>
        <time>2026-08-05T15:05:57.410Z</time>
      </trkpt>
      <trkpt lat="46.520266" lon="12.093460">
        <ele>1658.935773</ele>
        <time>2026-08-05T15:05:58.343Z</time>
      </trkpt>
      <trkpt lat="46.519947" lon="12.093793">
        <ele>1655.963978</ele>
        <time>2026-08-05T15:06:01.041Z</time>
      </trkpt>
      <trkpt lat="46.519900" lon="12.093893">
        <ele>1655.333478</ele>
        <time>2026-08-05T15:06:01.610Z</time>
      </trkpt>
      <trkpt lat="46.519882" lon="12.094003">
        <ele>1654.744801</ele>
        <time>2026-08-05T15:06:02.137Z</time>
      </trkpt>
      <trkpt lat="46.519910" lon="12.094221">
        <ele>1653.590201</ele>
        <time>2026-08-05T15:06:03.176Z</time>
      </trkpt>
      <trkpt lat="46.520201" lon="12.095423">
        <ele>1648.225941</ele>
        <time>2026-08-05T15:06:09.453Z</time>
      </trkpt>
      <trkpt lat="46.520317" lon="12.095624">
        <ele>1647.816309</ele>
        <time>2026-08-05T15:06:11.293Z</time>
      </trkpt>
      <trkpt lat="46.520479" lon="12.095716">
        <ele>1647.421618</ele>
        <time>2026-08-05T15:06:13.406Z</time>
      </trkpt>
      <trkpt lat="46.520638" lon="12.095703">
        <ele>1647.060235</ele>
        <time>2026-08-05T15:06:15.227Z</time>
      </trkpt>
      <trkpt lat="46.521107" lon="12.095387">
        <ele>1645.887137</ele>
        <time>2026-08-05T15:06:20.240Z</time>
      </trkpt>
      <trkpt lat="46.521187" lon="12.095387">
        <ele>1645.705596</ele>
        <time>2026-08-05T15:06:20.952Z</time>
      </trkpt>
      <trkpt lat="46.521254" lon="12.095427">
        <ele>1645.541227</ele>
        <time>2026-08-05T15:06:21.658Z</time>
      </trkpt>
      <trkpt lat="46.521312" lon="12.095576">
        <ele>1645.273923</ele>
        <time>2026-08-05T15:06:22.823Z</time>
      </trkpt>
      <trkpt lat="46.521287" lon="12.095734">
        <ele>1645.020776</ele>
        <time>2026-08-05T15:06:24.114Z</time>
      </trkpt>
      <trkpt lat="46.521074" lon="12.096247">
        <ele>1643.545685</ele>
        <time>2026-08-05T15:06:28.271Z</time>
      </trkpt>
      <trkpt lat="46.521013" lon="12.096530">
        <ele>1642.668390</ele>
        <time>2026-08-05T15:06:29.963Z</time>
      </trkpt>
      <trkpt lat="46.521038" lon="12.096652">
        <ele>1642.291822</ele>
        <time>2026-08-05T15:06:30.648Z</time>
      </trkpt>
      <trkpt lat="46.521107" lon="12.096757">
        <ele>1641.862311</ele>
        <time>2026-08-05T15:06:31.402Z</time>
      </trkpt>
      <trkpt lat="46.521231" lon="12.096734">
        <ele>1641.324885</ele>
        <time>2026-08-05T15:06:32.334Z</time>
      </trkpt>
      <trkpt lat="46.521356" lon="12.096631">
        <ele>1640.707115</ele>
        <time>2026-08-05T15:06:33.391Z</time>
      </trkpt>
      <trkpt lat="46.521460" lon="12.096565">
        <ele>1640.219229</ele>
        <time>2026-08-05T15:06:34.219Z</time>
      </trkpt>
      <trkpt lat="46.521693" lon="12.096525">
        <ele>1639.210549</ele>
        <time>2026-08-05T15:06:35.930Z</time>
      </trkpt>
      <trkpt lat="46.521804" lon="12.096575">
        <ele>1638.710941</ele>
        <time>2026-08-05T15:06:36.797Z</time>
      </trkpt>
      <trkpt lat="46.521873" lon="12.096643">
        <ele>1638.352525</ele>
        <time>2026-08-05T15:06:37.422Z</time>
      </trkpt>
      <trkpt lat="46.521958" lon="12.096825">
        <ele>1637.701830</ele>
        <time>2026-08-05T15:06:38.578Z</time>
      </trkpt>
      <trkpt lat="46.522193" lon="12.097590">
        <ele>1634.541582</ele>
        <time>2026-08-05T15:06:42.928Z</time>
      </trkpt>
      <trkpt lat="46.522480" lon="12.098522">
        <ele>1630.331826</ele>
        <time>2026-08-05T15:06:47.945Z</time>
      </trkpt>
      <trkpt lat="46.522527" lon="12.098740">
        <ele>1629.389960</ele>
        <time>2026-08-05T15:06:49.093Z</time>
      </trkpt>
      <trkpt lat="46.522540" lon="12.098975">
        <ele>1628.417967</ele>
        <time>2026-08-05T15:06:50.293Z</time>
      </trkpt>
      <trkpt lat="46.522472" lon="12.099342">
        <ele>1626.850986</ele>
        <time>2026-08-05T15:06:52.258Z</time>
      </trkpt>
      <trkpt lat="46.522112" lon="12.100251">
        <ele>1622.141585</ele>
        <time>2026-08-05T15:06:57.699Z</time>
      </trkpt>
      <trkpt lat="46.522019" lon="12.100397">
        <ele>1621.234759</ele>
        <time>2026-08-05T15:06:58.712Z</time>
      </trkpt>
      <trkpt lat="46.521894" lon="12.100515">
        <ele>1620.247404</ele>
        <time>2026-08-05T15:06:59.818Z</time>
      </trkpt>
      <trkpt lat="46.521747" lon="12.100578">
        <ele>1619.232204</ele>
        <time>2026-08-05T15:07:00.937Z</time>
      </trkpt>
      <trkpt lat="46.521388" lon="12.100590">
        <ele>1616.853521</ele>
        <time>2026-08-05T15:07:03.507Z</time>
      </trkpt>
      <trkpt lat="46.521278" lon="12.100632">
        <ele>1616.100141</ele>
        <time>2026-08-05T15:07:04.312Z</time>
      </trkpt>
      <trkpt lat="46.521222" lon="12.100692">
        <ele>1615.639280</ele>
        <time>2026-08-05T15:07:04.801Z</time>
      </trkpt>
      <trkpt lat="46.521200" lon="12.100799">
        <ele>1615.130271</ele>
        <time>2026-08-05T15:07:05.335Z</time>
      </trkpt>
      <trkpt lat="46.521236" lon="12.101287">
        <ele>1612.984294</ele>
        <time>2026-08-05T15:07:07.673Z</time>
      </trkpt>
      <trkpt lat="46.521218" lon="12.101484">
        <ele>1612.138664</ele>
        <time>2026-08-05T15:07:08.617Z</time>
      </trkpt>
      <trkpt lat="46.521063" lon="12.102125">
        <ele>1609.247563</ele>
        <time>2026-08-05T15:07:11.884Z</time>
      </trkpt>
      <trkpt lat="46.521046" lon="12.102328">
        <ele>1608.377384</ele>
        <time>2026-08-05T15:07:12.886Z</time>
      </trkpt>
      <trkpt lat="46.521075" lon="12.102650">
        <ele>1606.995524</ele>
        <time>2026-08-05T15:07:14.504Z</time>
      </trkpt>
      <trkpt lat="46.521196" lon="12.102994">
        <ele>1605.351571</ele>
        <time>2026-08-05T15:07:16.500Z</time>
      </trkpt>
      <trkpt lat="46.521841" lon="12.103767">
        <ele>1600.857639</ele>
        <time>2026-08-05T15:07:24.639Z</time>
      </trkpt>
      <trkpt lat="46.521933" lon="12.103823">
        <ele>1600.381732</ele>
        <time>2026-08-05T15:07:25.608Z</time>
      </trkpt>
      <trkpt lat="46.522019" lon="12.103812">
        <ele>1599.969812</ele>
        <time>2026-08-05T15:07:26.421Z</time>
      </trkpt>
      <trkpt lat="46.522090" lon="12.103745">
        <ele>1599.565901</ele>
        <time>2026-08-05T15:07:27.167Z</time>
      </trkpt>
      <trkpt lat="46.522255" lon="12.103371">
        <ele>1598.107339</ele>
        <time>2026-08-05T15:07:29.635Z</time>
      </trkpt>
      <trkpt lat="46.522301" lon="12.103319">
        <ele>1597.829282</ele>
        <time>2026-08-05T15:07:30.082Z</time>
      </trkpt>
      <trkpt lat="46.522373" lon="12.103278">
        <ele>1597.460318</ele>
        <time>2026-08-05T15:07:30.650Z</time>
      </trkpt>
      <trkpt lat="46.522447" lon="12.103283">
        <ele>1597.106859</ele>
        <time>2026-08-05T15:07:31.196Z</time>
      </trkpt>
      <trkpt lat="46.522546" lon="12.103403">
        <ele>1596.491775</ele>
        <time>2026-08-05T15:07:32.125Z</time>
      </trkpt>
      <trkpt lat="46.522664" lon="12.104301">
        <ele>1592.163407</ele>
        <time>2026-08-05T15:07:36.513Z</time>
      </trkpt>
      <trkpt lat="46.522719" lon="12.104762">
        <ele>1588.720151</ele>
        <time>2026-08-05T15:07:38.677Z</time>
      </trkpt>
      <trkpt lat="46.522888" lon="12.106178">
        <ele>1578.143810</ele>
        <time>2026-08-05T15:07:45.348Z</time>
      </trkpt>
      <trkpt lat="46.522885" lon="12.106313">
        <ele>1577.149791</ele>
        <time>2026-08-05T15:07:45.991Z</time>
      </trkpt>
      <trkpt lat="46.522842" lon="12.106420">
        <ele>1576.237879</ele>
        <time>2026-08-05T15:07:46.587Z</time>
      </trkpt>
      <trkpt lat="46.522769" lon="12.106470">
        <ele>1575.374738</ele>
        <time>2026-08-05T15:07:47.153Z</time>
      </trkpt>
      <trkpt lat="46.522696" lon="12.106455">
        <ele>1574.906983</ele>
        <time>2026-08-05T15:07:47.673Z</time>
      </trkpt>
      <trkpt lat="46.522642" lon="12.106391">
        <ele>1574.486848</ele>
        <time>2026-08-05T15:07:48.165Z</time>
      </trkpt>
      <trkpt lat="46.522589" lon="12.106177">
        <ele>1573.543255</ele>
        <time>2026-08-05T15:07:49.280Z</time>
      </trkpt>
      <trkpt lat="46.522535" lon="12.106099">
        <ele>1573.084201</ele>
        <time>2026-08-05T15:07:49.829Z</time>
      </trkpt>
      <trkpt lat="46.522461" lon="12.106092">
        <ele>1572.637069</ele>
        <time>2026-08-05T15:07:50.363Z</time>
      </trkpt>
      <trkpt lat="46.522402" lon="12.106127">
        <ele>1572.252832</ele>
        <time>2026-08-05T15:07:50.821Z</time>
      </trkpt>
      <trkpt lat="46.522372" lon="12.106214">
        <ele>1571.849100</ele>
        <time>2026-08-05T15:07:51.310Z</time>
      </trkpt>
      <trkpt lat="46.522377" lon="12.106326">
        <ele>1571.383462</ele>
        <time>2026-08-05T15:07:51.874Z</time>
      </trkpt>
      <trkpt lat="46.522459" lon="12.106490">
        <ele>1570.542394</ele>
        <time>2026-08-05T15:07:52.907Z</time>
      </trkpt>
      <trkpt lat="46.523110" lon="12.107365">
        <ele>1565.195860</ele>
        <time>2026-08-05T15:07:59.666Z</time>
      </trkpt>
      <trkpt lat="46.523219" lon="12.107459">
        <ele>1564.432043</ele>
        <time>2026-08-05T15:08:00.660Z</time>
      </trkpt>
      <trkpt lat="46.523447" lon="12.107531">
        <ele>1563.037680</ele>
        <time>2026-08-05T15:08:02.473Z</time>
      </trkpt>
      <trkpt lat="46.523939" lon="12.107402">
        <ele>1560.049933</ele>
        <time>2026-08-05T15:08:06.237Z</time>
      </trkpt>
      <trkpt lat="46.524004" lon="12.107447">
        <ele>1559.619662</ele>
        <time>2026-08-05T15:08:06.768Z</time>
      </trkpt>
      <trkpt lat="46.524035" lon="12.107522">
        <ele>1559.259900</ele>
        <time>2026-08-05T15:08:07.210Z</time>
      </trkpt>
      <trkpt lat="46.524024" lon="12.107701">
        <ele>1558.520937</ele>
        <time>2026-08-05T15:08:08.118Z</time>
      </trkpt>
      <trkpt lat="46.523639" lon="12.108816">
        <ele>1553.252175</ele>
        <time>2026-08-05T15:08:14.294Z</time>
      </trkpt>
      <trkpt lat="46.523522" lon="12.109058">
        <ele>1551.533198</ele>
        <time>2026-08-05T15:08:15.741Z</time>
      </trkpt>
      <trkpt lat="46.523435" lon="12.109132">
        <ele>1550.681721</ele>
        <time>2026-08-05T15:08:16.456Z</time>
      </trkpt>
      <trkpt lat="46.523339" lon="12.109170">
        <ele>1549.841287</ele>
        <time>2026-08-05T15:08:17.164Z</time>
      </trkpt>
      <trkpt lat="46.522802" lon="12.109222">
        <ele>1545.295276</ele>
        <time>2026-08-05T15:08:20.969Z</time>
      </trkpt>
      <trkpt lat="46.522600" lon="12.109166">
        <ele>1543.558249</ele>
        <time>2026-08-05T15:08:22.438Z</time>
      </trkpt>
      <trkpt lat="46.522295" lon="12.108996">
        <ele>1540.798995</ele>
        <time>2026-08-05T15:08:24.757Z</time>
      </trkpt>
      <trkpt lat="46.522239" lon="12.109028">
        <ele>1540.290722</ele>
        <time>2026-08-05T15:08:25.178Z</time>
      </trkpt>
      <trkpt lat="46.522212" lon="12.109099">
        <ele>1539.819237</ele>
        <time>2026-08-05T15:08:25.567Z</time>
      </trkpt>
      <trkpt lat="46.522217" lon="12.109194">
        <ele>1539.265479</ele>
        <time>2026-08-05T15:08:26.024Z</time>
      </trkpt>
      <trkpt lat="46.522478" lon="12.110015">
        <ele>1532.976780</ele>
        <time>2026-08-05T15:08:30.212Z</time>
      </trkpt>
      <trkpt lat="46.522091" lon="12.110265">
        <ele>1528.583428</ele>
        <time>2026-08-05T15:08:33.047Z</time>
      </trkpt>
      <trkpt lat="46.521710" lon="12.110567">
        <ele>1524.081409</ele>
        <time>2026-08-05T15:08:36.004Z</time>
      </trkpt>
      <trkpt lat="46.521589" lon="12.110588">
        <ele>1522.817272</ele>
        <time>2026-08-05T15:08:36.853Z</time>
      </trkpt>
      <trkpt lat="46.521483" lon="12.110539">
        <ele>1521.663373</ele>
        <time>2026-08-05T15:08:37.637Z</time>
      </trkpt>
      <trkpt lat="46.521410" lon="12.110442">
        <ele>1520.637279</ele>
        <time>2026-08-05T15:08:38.341Z</time>
      </trkpt>
      <trkpt lat="46.521357" lon="12.110261">
        <ele>1519.767835</ele>
        <time>2026-08-05T15:08:39.319Z</time>
      </trkpt>
      <trkpt lat="46.521355" lon="12.110150">
        <ele>1519.634458</ele>
        <time>2026-08-05T15:08:39.879Z</time>
      </trkpt>
      <trkpt lat="46.521535" lon="12.109511">
        <ele>1518.805074</ele>
        <time>2026-08-05T15:08:43.730Z</time>
      </trkpt>
      <trkpt lat="46.521579" lon="12.108999">
        <ele>1518.185293</ele>
        <time>2026-08-05T15:08:50.391Z</time>
      </trkpt>
      <trkpt lat="46.521485" lon="12.107875">
        <ele>1516.825232</ele>
        <time>2026-08-05T15:09:03.844Z</time>
      </trkpt>
      <trkpt lat="46.521444" lon="12.107699">
        <ele>1516.224700</ele>
        <time>2026-08-05T15:09:04.968Z</time>
      </trkpt>
      <trkpt lat="46.521180" lon="12.107055">
        <ele>1512.790490</ele>
        <time>2026-08-05T15:09:08.775Z</time>
      </trkpt>
      <trkpt lat="46.520994" lon="12.106723">
        <ele>1510.829131</ele>
        <time>2026-08-05T15:09:10.814Z</time>
      </trkpt>
      <trkpt lat="46.520894" lon="12.106611">
        <ele>1509.988565</ele>
        <time>2026-08-05T15:09:11.673Z</time>
      </trkpt>
      <trkpt lat="46.519855" lon="12.105862">
        <ele>1504.911209</ele>
        <time>2026-08-05T15:09:19.775Z</time>
      </trkpt>
      <trkpt lat="46.519782" lon="12.105773">
        <ele>1504.949444</ele>
        <time>2026-08-05T15:09:20.590Z</time>
      </trkpt>
      <trkpt lat="46.519700" lon="12.105596">
        <ele>1505.008360</ele>
        <time>2026-08-05T15:09:22.243Z</time>
      </trkpt>
      <trkpt lat="46.519491" lon="12.104390">
        <ele>1505.351747</ele>
        <time>2026-08-05T15:09:43.708Z</time>
      </trkpt>
      <trkpt lat="46.519407" lon="12.104131">
        <ele>1505.430805</ele>
        <time>2026-08-05T15:09:50.642Z</time>
      </trkpt>
      <trkpt lat="46.518945" lon="12.103307">
        <ele>1504.726852</ele>
        <time>2026-08-05T15:10:08.133Z</time>
      </trkpt>
      <trkpt lat="46.518032" lon="12.102098">
        <ele>1503.139703</ele>
        <time>2026-08-05T15:10:17.648Z</time>
      </trkpt>
      <trkpt lat="46.517483" lon="12.101150">
        <ele>1501.253038</ele>
        <time>2026-08-05T15:10:24.482Z</time>
      </trkpt>
      <trkpt lat="46.517288" lon="12.100708">
        <ele>1500.453563</ele>
        <time>2026-08-05T15:10:27.812Z</time>
      </trkpt>
      <trkpt lat="46.517330" lon="12.100205">
        <ele>1499.682027</ele>
        <time>2026-08-05T15:10:31.207Z</time>
      </trkpt>
      <trkpt lat="46.517311" lon="12.100047">
        <ele>1499.437795</ele>
        <time>2026-08-05T15:10:32.346Z</time>
      </trkpt>
      <trkpt lat="46.517268" lon="12.099953">
        <ele>1499.265920</ele>
        <time>2026-08-05T15:10:33.175Z</time>
      </trkpt>
      <trkpt lat="46.516668" lon="12.099322">
        <ele>1500.694252</ele>
        <time>2026-08-05T15:10:43.289Z</time>
      </trkpt>
      <trkpt lat="46.516593" lon="12.099191">
        <ele>1500.926501</ele>
        <time>2026-08-05T15:10:45.112Z</time>
      </trkpt>
      <trkpt lat="46.516530" lon="12.099002">
        <ele>1501.212716</ele>
        <time>2026-08-05T15:10:47.469Z</time>
      </trkpt>
      <trkpt lat="46.516470" lon="12.098600">
        <ele>1501.773337</ele>
        <time>2026-08-05T15:10:52.650Z</time>
      </trkpt>
      <trkpt lat="46.516474" lon="12.097241">
        <ele>1504.965043</ele>
        <time>2026-08-05T15:11:17.492Z</time>
      </trkpt>
      <trkpt lat="46.516574" lon="12.095605">
        <ele>1510.870601</ele>
        <time>2026-08-05T15:11:52.690Z</time>
      </trkpt>
      <trkpt lat="46.516574" lon="12.095324">
        <ele>1511.880963</ele>
        <time>2026-08-05T15:11:58.109Z</time>
      </trkpt>
      <trkpt lat="46.516544" lon="12.095195">
        <ele>1512.322726</ele>
        <time>2026-08-05T15:12:00.640Z</time>
      </trkpt>
      <trkpt lat="46.516146" lon="12.094430">
        <ele>1514.769401</ele>
        <time>2026-08-05T15:12:16.516Z</time>
      </trkpt>
      <trkpt lat="46.516083" lon="12.094349">
        <ele>1515.081259</ele>
        <time>2026-08-05T15:12:18.308Z</time>
      </trkpt>
      <trkpt lat="46.515763" lon="12.094197">
        <ele>1516.329384</ele>
        <time>2026-08-05T15:12:25.140Z</time>
      </trkpt>
      <trkpt lat="46.515555" lon="12.094023">
        <ele>1517.219161</ele>
        <time>2026-08-05T15:12:30.038Z</time>
      </trkpt>
      <trkpt lat="46.515019" lon="12.093286">
        <ele>1521.044394</ele>
        <time>2026-08-05T15:12:47.293Z</time>
      </trkpt>
      <trkpt lat="46.514765" lon="12.092835">
        <ele>1524.030037</ele>
        <time>2026-08-05T15:12:58.874Z</time>
      </trkpt>
      <trkpt lat="46.514688" lon="12.092566">
        <ele>1525.522620</ele>
        <time>2026-08-05T15:13:05.298Z</time>
      </trkpt>
      <trkpt lat="46.514379" lon="12.090962">
        <ele>1534.873492</ele>
        <time>2026-08-05T15:13:54.558Z</time>
      </trkpt>
      <trkpt lat="46.514289" lon="12.090433">
        <ele>1538.938870</ele>
        <time>2026-08-05T15:14:15.356Z</time>
      </trkpt>
      <trkpt lat="46.514285" lon="12.089611">
        <ele>1545.071492</ele>
        <time>2026-08-05T15:14:42.479Z</time>
      </trkpt>
      <trkpt lat="46.514243" lon="12.089435">
        <ele>1546.461232</ele>
        <time>2026-08-05T15:14:48.385Z</time>
      </trkpt>
      <trkpt lat="46.514181" lon="12.089343">
        <ele>1547.421886</ele>
        <time>2026-08-05T15:14:52.325Z</time>
      </trkpt>
      <trkpt lat="46.514057" lon="12.089279">
        <ele>1548.848436</ele>
        <time>2026-08-05T15:14:58.249Z</time>
      </trkpt>
      <trkpt lat="46.513973" lon="12.089310">
        <ele>1549.787981</ele>
        <time>2026-08-05T15:15:02.235Z</time>
      </trkpt>
      <trkpt lat="46.513720" lon="12.089726">
        <ele>1553.565655</ele>
        <time>2026-08-05T15:15:19.408Z</time>
      </trkpt>
      <trkpt lat="46.513232" lon="12.089985">
        <ele>1558.251243</ele>
        <time>2026-08-05T15:15:40.970Z</time>
      </trkpt>
      <trkpt lat="46.512926" lon="12.090076">
        <ele>1561.068219</ele>
        <time>2026-08-05T15:15:51.751Z</time>
      </trkpt>
      <trkpt lat="46.512842" lon="12.090026">
        <ele>1561.886902</ele>
        <time>2026-08-05T15:15:55.010Z</time>
      </trkpt>
      <trkpt lat="46.512815" lon="12.089972">
        <ele>1562.301186</ele>
        <time>2026-08-05T15:15:56.690Z</time>
      </trkpt>
      <trkpt lat="46.512832" lon="12.089838">
        <ele>1563.146899</ele>
        <time>2026-08-05T15:16:00.331Z</time>
      </trkpt>
      <trkpt lat="46.513194" lon="12.089132">
        <ele>1568.630230</ele>
        <time>2026-08-05T15:16:25.748Z</time>
      </trkpt>
      <trkpt lat="46.513262" lon="12.089050">
        <ele>1569.451187</ele>
        <time>2026-08-05T15:16:29.584Z</time>
      </trkpt>
      <trkpt lat="46.513599" lon="12.088837">
        <ele>1572.865419</ele>
        <time>2026-08-05T15:16:45.610Z</time>
      </trkpt>
      <trkpt lat="46.513632" lon="12.088689">
        <ele>1573.860089</ele>
        <time>2026-08-05T15:16:50.107Z</time>
      </trkpt>
      <trkpt lat="46.513584" lon="12.088503">
        <ele>1575.130147</ele>
        <time>2026-08-05T15:16:55.882Z</time>
      </trkpt>
      <trkpt lat="46.513498" lon="12.088449">
        <ele>1576.000529</ele>
        <time>2026-08-05T15:16:59.825Z</time>
      </trkpt>
      <trkpt lat="46.513386" lon="12.088451">
        <ele>1577.041138</ele>
        <time>2026-08-05T15:17:04.524Z</time>
      </trkpt>
      <trkpt lat="46.512883" lon="12.088771">
        <ele>1582.142482</ele>
        <time>2026-08-05T15:17:27.386Z</time>
      </trkpt>
      <trkpt lat="46.512635" lon="12.088899">
        <ele>1584.587541</ele>
        <time>2026-08-05T15:17:38.278Z</time>
      </trkpt>
      <trkpt lat="46.512456" lon="12.088939">
        <ele>1586.088867</ele>
        <time>2026-08-05T15:17:45.740Z</time>
      </trkpt>
      <trkpt lat="46.511885" lon="12.088889">
        <ele>1590.791886</ele>
        <time>2026-08-05T15:18:07.997Z</time>
      </trkpt>
      <trkpt lat="46.511545" lon="12.088752">
        <ele>1593.692699</ele>
        <time>2026-08-05T15:18:20.627Z</time>
      </trkpt>
      <trkpt lat="46.511483" lon="12.088632">
        <ele>1594.541722</ele>
        <time>2026-08-05T15:18:24.123Z</time>
      </trkpt>
      <trkpt lat="46.511488" lon="12.088519">
        <ele>1595.182413</ele>
        <time>2026-08-05T15:18:27.017Z</time>
      </trkpt>
      <trkpt lat="46.511566" lon="12.088418">
        <ele>1596.041378</ele>
        <time>2026-08-05T15:18:30.728Z</time>
      </trkpt>
      <trkpt lat="46.511674" lon="12.088454">
        <ele>1596.952369</ele>
        <time>2026-08-05T15:18:34.648Z</time>
      </trkpt>
      <trkpt lat="46.511884" lon="12.088635">
        <ele>1598.959781</ele>
        <time>2026-08-05T15:18:43.870Z</time>
      </trkpt>
      <trkpt lat="46.511954" lon="12.088630">
        <ele>1599.553697</ele>
        <time>2026-08-05T15:18:46.433Z</time>
      </trkpt>
      <trkpt lat="46.512002" lon="12.088564">
        <ele>1600.277500</ele>
        <time>2026-08-05T15:18:49.126Z</time>
      </trkpt>
      <trkpt lat="46.512019" lon="12.088395">
        <ele>1601.564911</ele>
        <time>2026-08-05T15:18:53.715Z</time>
      </trkpt>
      <trkpt lat="46.511982" lon="12.088320">
        <ele>1602.260488</ele>
        <time>2026-08-05T15:18:56.242Z</time>
      </trkpt>
      <trkpt lat="46.511630" lon="12.088169">
        <ele>1606.280366</ele>
        <time>2026-08-05T15:19:11.582Z</time>
      </trkpt>
      <trkpt lat="46.511544" lon="12.088044">
        <ele>1607.612669</ele>
        <time>2026-08-05T15:19:16.921Z</time>
      </trkpt>
      <trkpt lat="46.511527" lon="12.087971">
        <ele>1608.193576</ele>
        <time>2026-08-05T15:19:19.334Z</time>
      </trkpt>
      <trkpt lat="46.511549" lon="12.087779">
        <ele>1609.660754</ele>
        <time>2026-08-05T15:19:25.727Z</time>
      </trkpt>
      <trkpt lat="46.511624" lon="12.087579">
        <ele>1611.377588</ele>
        <time>2026-08-05T15:19:33.471Z</time>
      </trkpt>
      <trkpt lat="46.511888" lon="12.087252">
        <ele>1615.177118</ele>
        <time>2026-08-05T15:19:51.617Z</time>
      </trkpt>
      <trkpt lat="46.511965" lon="12.087020">
        <ele>1617.118613</ele>
        <time>2026-08-05T15:20:01.263Z</time>
      </trkpt>
      <trkpt lat="46.511937" lon="12.086790">
        <ele>1618.879207</ele>
        <time>2026-08-05T15:20:10.078Z</time>
      </trkpt>
      <trkpt lat="46.511562" lon="12.085797">
        <ele>1629.069116</ele>
        <time>2026-08-05T15:20:53.107Z</time>
      </trkpt>
      <trkpt lat="46.511524" lon="12.085752">
        <ele>1629.713760</ele>
        <time>2026-08-05T15:20:55.879Z</time>
      </trkpt>
      <trkpt lat="46.511198" lon="12.085580">
        <ele>1634.274600</ele>
        <time>2026-08-05T15:21:15.437Z</time>
      </trkpt>
      <trkpt lat="46.511158" lon="12.085546">
        <ele>1634.884001</ele>
        <time>2026-08-05T15:21:18.058Z</time>
      </trkpt>
      <trkpt lat="46.511125" lon="12.085461">
        <ele>1635.767226</ele>
        <time>2026-08-05T15:21:21.863Z</time>
      </trkpt>
      <trkpt lat="46.511122" lon="12.085396">
        <ele>1636.356809</ele>
        <time>2026-08-05T15:21:24.397Z</time>
      </trkpt>
      <trkpt lat="46.511162" lon="12.085328">
        <ele>1637.166388</ele>
        <time>2026-08-05T15:21:27.897Z</time>
      </trkpt>
      <trkpt lat="46.511471" lon="12.085256">
        <ele>1641.281726</ele>
        <time>2026-08-05T15:21:45.732Z</time>
      </trkpt>
      <trkpt lat="46.511514" lon="12.085204">
        <ele>1642.017400</ele>
        <time>2026-08-05T15:21:48.849Z</time>
      </trkpt>
      <trkpt lat="46.511516" lon="12.085084">
        <ele>1642.974762</ele>
        <time>2026-08-05T15:21:53.276Z</time>
      </trkpt>
      <trkpt lat="46.511387" lon="12.084899">
        <ele>1644.212724</ele>
        <time>2026-08-05T15:22:02.415Z</time>
      </trkpt>
      <trkpt lat="46.511051" lon="12.084588">
        <ele>1646.933733</ele>
        <time>2026-08-05T15:22:19.693Z</time>
      </trkpt>
      <trkpt lat="46.510752" lon="12.084225">
        <ele>1649.594985</ele>
        <time>2026-08-05T15:22:33.140Z</time>
      </trkpt>
      <trkpt lat="46.510584" lon="12.084193">
        <ele>1650.752273</ele>
        <time>2026-08-05T15:22:38.035Z</time>
      </trkpt>
      <trkpt lat="46.509799" lon="12.084391">
        <ele>1655.757833</ele>
        <time>2026-08-05T15:22:54.678Z</time>
      </trkpt>
      <trkpt lat="46.509709" lon="12.084369">
        <ele>1656.127876</ele>
        <time>2026-08-05T15:22:56.046Z</time>
      </trkpt>
      <trkpt lat="46.509631" lon="12.084328">
        <ele>1656.464194</ele>
        <time>2026-08-05T15:22:57.091Z</time>
      </trkpt>
      <trkpt lat="46.509122" lon="12.083721">
        <ele>1659.134097</ele>
        <time>2026-08-05T15:23:09.181Z</time>
      </trkpt>
      <trkpt lat="46.508561" lon="12.083386">
        <ele>1661.593342</ele>
        <time>2026-08-05T15:23:27.686Z</time>
      </trkpt>
      <trkpt lat="46.508491" lon="12.083299">
        <ele>1661.966835</ele>
        <time>2026-08-05T15:23:30.801Z</time>
      </trkpt>
      <trkpt lat="46.508190" lon="12.082545">
        <ele>1665.604908</ele>
        <time>2026-08-05T15:23:51.850Z</time>
      </trkpt>
      <trkpt lat="46.506348" lon="12.079929">
        <ele>1683.445628</ele>
        <time>2026-08-05T15:25:15.206Z</time>
      </trkpt>
      <trkpt lat="46.506237" lon="12.079736">
        <ele>1684.717993</ele>
        <time>2026-08-05T15:25:21.714Z</time>
      </trkpt>
      <trkpt lat="46.505894" lon="12.078866">
        <ele>1690.521877</ele>
        <time>2026-08-05T15:25:51.262Z</time>
      </trkpt>
      <trkpt lat="46.505791" lon="12.078478">
        <ele>1693.257429</ele>
        <time>2026-08-05T15:26:04.580Z</time>
      </trkpt>
      <trkpt lat="46.505629" lon="12.077704">
        <ele>1698.579080</ele>
        <time>2026-08-05T15:26:30.405Z</time>
      </trkpt>
      <trkpt lat="46.505270" lon="12.076711">
        <ele>1705.795368</ele>
        <time>2026-08-05T15:27:01.425Z</time>
      </trkpt>
      <trkpt lat="46.505190" lon="12.076698">
        <ele>1706.476527</ele>
        <time>2026-08-05T15:27:04.355Z</time>
      </trkpt>
      <trkpt lat="46.504931" lon="12.076896">
        <ele>1708.952990</ele>
        <time>2026-08-05T15:27:14.792Z</time>
      </trkpt>
      <trkpt lat="46.504789" lon="12.076964">
        <ele>1710.218141</ele>
        <time>2026-08-05T15:27:19.986Z</time>
      </trkpt>
      <trkpt lat="46.504502" lon="12.077000">
        <ele>1712.655690</ele>
        <time>2026-08-05T15:27:30.154Z</time>
      </trkpt>
      <trkpt lat="46.504284" lon="12.076976">
        <ele>1714.505634</ele>
        <time>2026-08-05T15:27:37.898Z</time>
      </trkpt>
      <trkpt lat="46.504186" lon="12.076946">
        <ele>1715.353091</ele>
        <time>2026-08-05T15:27:41.418Z</time>
      </trkpt>
      <trkpt lat="46.503689" lon="12.076368">
        <ele>1721.059269</ele>
        <time>2026-08-05T15:28:07.564Z</time>
      </trkpt>
      <trkpt lat="46.503548" lon="12.076324">
        <ele>1722.678436</ele>
        <time>2026-08-05T15:28:14.730Z</time>
      </trkpt>
      <trkpt lat="46.503320" lon="12.076387">
        <ele>1725.284167</ele>
        <time>2026-08-05T15:28:26.794Z</time>
      </trkpt>
      <trkpt lat="46.503141" lon="12.076487">
        <ele>1727.437331</ele>
        <time>2026-08-05T15:28:36.897Z</time>
      </trkpt>
      <trkpt lat="46.503064" lon="12.076502">
        <ele>1728.309577</ele>
        <time>2026-08-05T15:28:41.001Z</time>
      </trkpt>
      <trkpt lat="46.503007" lon="12.076473">
        <ele>1728.987645</ele>
        <time>2026-08-05T15:28:44.165Z</time>
      </trkpt>
      <trkpt lat="46.502951" lon="12.076371">
        <ele>1729.995937</ele>
        <time>2026-08-05T15:28:48.799Z</time>
      </trkpt>
      <trkpt lat="46.502920" lon="12.076171">
        <ele>1731.580242</ele>
        <time>2026-08-05T15:28:56.076Z</time>
      </trkpt>
      <trkpt lat="46.502960" lon="12.075802">
        <ele>1734.467022</ele>
        <time>2026-08-05T15:29:08.788Z</time>
      </trkpt>
      <trkpt lat="46.502955" lon="12.075677">
        <ele>1735.434652</ele>
        <time>2026-08-05T15:29:12.911Z</time>
      </trkpt>
      <trkpt lat="46.502930" lon="12.075589">
        <ele>1736.170363</ele>
        <time>2026-08-05T15:29:15.966Z</time>
      </trkpt>
      <trkpt lat="46.502827" lon="12.075500">
        <ele>1737.515862</ele>
        <time>2026-08-05T15:29:21.656Z</time>
      </trkpt>
      <trkpt lat="46.502720" lon="12.075549">
        <ele>1738.775461</ele>
        <time>2026-08-05T15:29:26.988Z</time>
      </trkpt>
      <trkpt lat="46.502580" lon="12.075895">
        <ele>1741.527824</ele>
        <time>2026-08-05T15:29:40.276Z</time>
      </trkpt>
      <trkpt lat="46.502451" lon="12.076079">
        <ele>1743.188224</ele>
        <time>2026-08-05T15:29:48.436Z</time>
      </trkpt>
      <trkpt lat="46.502153" lon="12.076161">
        <ele>1745.973903</ele>
        <time>2026-08-05T15:30:00.962Z</time>
      </trkpt>
      <trkpt lat="46.502102" lon="12.076149">
        <ele>1746.448423</ele>
        <time>2026-08-05T15:30:02.991Z</time>
      </trkpt>
      <trkpt lat="46.502054" lon="12.076093">
        <ele>1747.013842</ele>
        <time>2026-08-05T15:30:05.401Z</time>
      </trkpt>
      <trkpt lat="46.502037" lon="12.075933">
        <ele>1748.037349</ele>
        <time>2026-08-05T15:30:09.708Z</time>
      </trkpt>
      <trkpt lat="46.502076" lon="12.075874">
        <ele>1748.554491</ele>
        <time>2026-08-05T15:30:11.860Z</time>
      </trkpt>
      <trkpt lat="46.502277" lon="12.075770">
        <ele>1750.514188</ele>
        <time>2026-08-05T15:30:19.984Z</time>
      </trkpt>
      <trkpt lat="46.502322" lon="12.075718">
        <ele>1751.042295</ele>
        <time>2026-08-05T15:30:22.184Z</time>
      </trkpt>
      <trkpt lat="46.502340" lon="12.075592">
        <ele>1751.855843</ele>
        <time>2026-08-05T15:30:25.624Z</time>
      </trkpt>
      <trkpt lat="46.502291" lon="12.075493">
        <ele>1752.626729</ele>
        <time>2026-08-05T15:30:28.893Z</time>
      </trkpt>
      <trkpt lat="46.502195" lon="12.075490">
        <ele>1753.508657</ele>
        <time>2026-08-05T15:30:32.691Z</time>
      </trkpt>
      <trkpt lat="46.501721" lon="12.075744">
        <ele>1757.763676</ele>
        <time>2026-08-05T15:30:53.534Z</time>
      </trkpt>
      <trkpt lat="46.501634" lon="12.075733">
        <ele>1758.380948</ele>
        <time>2026-08-05T15:30:57.086Z</time>
      </trkpt>
      <trkpt lat="46.501563" lon="12.075615">
        <ele>1759.143488</ele>
        <time>2026-08-05T15:31:01.364Z</time>
      </trkpt>
      <trkpt lat="46.501568" lon="12.075480">
        <ele>1759.801267</ele>
        <time>2026-08-05T15:31:04.961Z</time>
      </trkpt>
      <trkpt lat="46.501596" lon="12.075440">
        <ele>1760.078837</ele>
        <time>2026-08-05T15:31:06.409Z</time>
      </trkpt>
      <trkpt lat="46.501877" lon="12.075403">
        <ele>1762.073188</ele>
        <time>2026-08-05T15:31:16.226Z</time>
      </trkpt>
      <trkpt lat="46.501950" lon="12.075339">
        <ele>1762.675854</ele>
        <time>2026-08-05T15:31:18.981Z</time>
      </trkpt>
      <trkpt lat="46.501959" lon="12.075187">
        <ele>1763.418120</ele>
        <time>2026-08-05T15:31:22.208Z</time>
      </trkpt>
      <trkpt lat="46.501914" lon="12.075095">
        <ele>1763.967238</ele>
        <time>2026-08-05T15:31:24.584Z</time>
      </trkpt>
      <trkpt lat="46.501864" lon="12.075069">
        <ele>1764.342614</ele>
        <time>2026-08-05T15:31:26.164Z</time>
      </trkpt>
      <trkpt lat="46.501583" lon="12.075115">
        <ele>1766.341393</ele>
        <time>2026-08-05T15:31:34.766Z</time>
      </trkpt>
      <trkpt lat="46.501475" lon="12.075168">
        <ele>1767.147153</ele>
        <time>2026-08-05T15:31:38.340Z</time>
      </trkpt>
      <trkpt lat="46.501145" lon="12.075432">
        <ele>1769.850147</ele>
        <time>2026-08-05T15:31:50.056Z</time>
      </trkpt>
      <trkpt lat="46.500920" lon="12.075490">
        <ele>1771.570083</ele>
        <time>2026-08-05T15:31:57.113Z</time>
      </trkpt>
      <trkpt lat="46.499503" lon="12.075495">
        <ele>1782.235298</ele>
        <time>2026-08-05T15:32:49.748Z</time>
      </trkpt>
      <trkpt lat="46.498347" lon="12.075712">
        <ele>1792.973340</ele>
        <time>2026-08-05T15:33:35.989Z</time>
      </trkpt>
      <trkpt lat="46.497625" lon="12.076018">
        <ele>1800.091623</ele>
        <time>2026-08-05T15:34:08.937Z</time>
      </trkpt>
      <trkpt lat="46.497477" lon="12.076035">
        <ele>1801.790585</ele>
        <time>2026-08-05T15:34:16.230Z</time>
      </trkpt>
      <trkpt lat="46.497341" lon="12.076012">
        <ele>1803.357446</ele>
        <time>2026-08-05T15:34:23.197Z</time>
      </trkpt>
      <trkpt lat="46.496269" lon="12.075452">
        <ele>1816.394263</ele>
        <time>2026-08-05T15:35:21.229Z</time>
      </trkpt>
      <trkpt lat="46.496074" lon="12.075424">
        <ele>1818.636671</ele>
        <time>2026-08-05T15:35:30.773Z</time>
      </trkpt>
      <trkpt lat="46.496008" lon="12.075480">
        <ele>1819.511362</ele>
        <time>2026-08-05T15:35:34.350Z</time>
      </trkpt>
      <trkpt lat="46.495960" lon="12.075593">
        <ele>1820.471570</ele>
        <time>2026-08-05T15:35:38.619Z</time>
      </trkpt>
      <trkpt lat="46.495944" lon="12.075738">
        <ele>1821.428133</ele>
        <time>2026-08-05T15:35:43.238Z</time>
      </trkpt>
      <trkpt lat="46.495971" lon="12.075891">
        <ele>1822.456975</ele>
        <time>2026-08-05T15:35:48.118Z</time>
      </trkpt>
      <trkpt lat="46.495962" lon="12.076007">
        <ele>1823.217363</ele>
        <time>2026-08-05T15:35:51.751Z</time>
      </trkpt>
      <trkpt lat="46.495877" lon="12.076148">
        <ele>1824.438196</ele>
        <time>2026-08-05T15:35:57.483Z</time>
      </trkpt>
      <trkpt lat="46.495765" lon="12.076157">
        <ele>1825.499583</ele>
        <time>2026-08-05T15:36:02.345Z</time>
      </trkpt>
      <trkpt lat="46.495102" lon="12.075935">
        <ele>1831.937536</ele>
        <time>2026-08-05T15:36:29.599Z</time>
      </trkpt>
      <trkpt lat="46.495067" lon="12.075840">
        <ele>1832.639407</ele>
        <time>2026-08-05T15:36:32.491Z</time>
      </trkpt>
      <trkpt lat="46.495084" lon="12.075728">
        <ele>1833.386491</ele>
        <time>2026-08-05T15:36:35.530Z</time>
      </trkpt>
      <trkpt lat="46.495154" lon="12.075671">
        <ele>1834.145815</ele>
        <time>2026-08-05T15:36:38.632Z</time>
      </trkpt>
      <trkpt lat="46.495289" lon="12.075640">
        <ele>1835.439075</ele>
        <time>2026-08-05T15:36:44.002Z</time>
      </trkpt>
      <trkpt lat="46.495386" lon="12.075524">
        <ele>1836.627928</ele>
        <time>2026-08-05T15:36:49.033Z</time>
      </trkpt>
      <trkpt lat="46.495364" lon="12.075367">
        <ele>1837.748892</ele>
        <time>2026-08-05T15:36:53.478Z</time>
      </trkpt>
      <trkpt lat="46.495303" lon="12.075319">
        <ele>1838.491239</ele>
        <time>2026-08-05T15:36:56.328Z</time>
      </trkpt>
      <trkpt lat="46.495252" lon="12.075315">
        <ele>1839.037759</ele>
        <time>2026-08-05T15:36:58.404Z</time>
      </trkpt>
      <trkpt lat="46.494600" lon="12.075593">
        <ele>1846.308826</ele>
        <time>2026-08-05T15:37:28.292Z</time>
      </trkpt>
      <trkpt lat="46.494520" lon="12.075600">
        <ele>1847.166417</ele>
        <time>2026-08-05T15:37:31.940Z</time>
      </trkpt>
      <trkpt lat="46.494371" lon="12.075550">
        <ele>1848.802782</ele>
        <time>2026-08-05T15:37:39.037Z</time>
      </trkpt>
      <trkpt lat="46.494274" lon="12.075466">
        <ele>1850.011183</ele>
        <time>2026-08-05T15:37:44.405Z</time>
      </trkpt>
      <trkpt lat="46.493698" lon="12.074412">
        <ele>1860.309825</ele>
        <time>2026-08-05T15:38:31.615Z</time>
      </trkpt>
      <trkpt lat="46.493559" lon="12.074167">
        <ele>1862.899072</ele>
        <time>2026-08-05T15:38:43.651Z</time>
      </trkpt>
      <trkpt lat="46.493442" lon="12.074053">
        <ele>1864.568091</ele>
        <time>2026-08-05T15:38:51.372Z</time>
      </trkpt>
      <trkpt lat="46.492933" lon="12.073815">
        <ele>1870.902796</ele>
        <time>2026-08-05T15:39:19.443Z</time>
      </trkpt>
      <trkpt lat="46.492867" lon="12.073734">
        <ele>1871.926399</ele>
        <time>2026-08-05T15:39:23.746Z</time>
      </trkpt>
      <trkpt lat="46.492861" lon="12.073532">
        <ele>1873.575407</ele>
        <time>2026-08-05T15:39:30.394Z</time>
      </trkpt>
      <trkpt lat="46.493152" lon="12.073405">
        <ele>1877.175047</ele>
        <time>2026-08-05T15:39:43.996Z</time>
      </trkpt>
      <trkpt lat="46.493228" lon="12.073322">
        <ele>1878.158885</ele>
        <time>2026-08-05T15:39:48.099Z</time>
      </trkpt>
      <trkpt lat="46.493236" lon="12.073208">
        <ele>1878.893424</ele>
        <time>2026-08-05T15:39:51.526Z</time>
      </trkpt>
      <trkpt lat="46.493186" lon="12.073097">
        <ele>1879.743720</ele>
        <time>2026-08-05T15:39:55.518Z</time>
      </trkpt>
      <trkpt lat="46.492889" lon="12.072917">
        <ele>1882.740161</ele>
        <time>2026-08-05T15:40:09.460Z</time>
      </trkpt>
      <trkpt lat="46.492747" lon="12.072909">
        <ele>1884.063325</ele>
        <time>2026-08-05T15:40:15.592Z</time>
      </trkpt>
      <trkpt lat="46.492501" lon="12.072975">
        <ele>1886.392589</ele>
        <time>2026-08-05T15:40:26.156Z</time>
      </trkpt>
      <trkpt lat="46.492401" lon="12.072943">
        <ele>1887.346022</ele>
        <time>2026-08-05T15:40:30.329Z</time>
      </trkpt>
      <trkpt lat="46.492315" lon="12.072827">
        <ele>1888.438780</ele>
        <time>2026-08-05T15:40:35.114Z</time>
      </trkpt>
      <trkpt lat="46.492060" lon="12.072254">
        <ele>1892.812426</ele>
        <time>2026-08-05T15:40:53.428Z</time>
      </trkpt>
      <trkpt lat="46.492045" lon="12.072192">
        <ele>1893.233687</ele>
        <time>2026-08-05T15:40:55.166Z</time>
      </trkpt>
      <trkpt lat="46.492060" lon="12.072070">
        <ele>1894.028111</ele>
        <time>2026-08-05T15:40:58.497Z</time>
      </trkpt>
      <trkpt lat="46.492143" lon="12.071993">
        <ele>1894.923514</ele>
        <time>2026-08-05T15:41:02.355Z</time>
      </trkpt>
      <trkpt lat="46.492283" lon="12.072047">
        <ele>1896.220479</ele>
        <time>2026-08-05T15:41:08.068Z</time>
      </trkpt>
      <trkpt lat="46.492554" lon="12.072261">
        <ele>1898.982333</ele>
        <time>2026-08-05T15:41:20.520Z</time>
      </trkpt>
      <trkpt lat="46.492632" lon="12.072269">
        <ele>1899.682463</ele>
        <time>2026-08-05T15:41:23.715Z</time>
      </trkpt>
      <trkpt lat="46.492692" lon="12.072215">
        <ele>1900.314450</ele>
        <time>2026-08-05T15:41:26.602Z</time>
      </trkpt>
      <trkpt lat="46.492719" lon="12.072150">
        <ele>1900.782404</ele>
        <time>2026-08-05T15:41:28.722Z</time>
      </trkpt>
      <trkpt lat="46.492703" lon="12.071996">
        <ele>1901.742435</ele>
        <time>2026-08-05T15:41:33.095Z</time>
      </trkpt>
      <trkpt lat="46.492144" lon="12.071574">
        <ele>1907.383187</ele>
        <time>2026-08-05T15:41:58.689Z</time>
      </trkpt>
      <trkpt lat="46.491918" lon="12.071174">
        <ele>1910.593204</ele>
        <time>2026-08-05T15:42:13.178Z</time>
      </trkpt>
      <trkpt lat="46.491320" lon="12.070397">
        <ele>1919.474890</ele>
        <time>2026-08-05T15:42:47.773Z</time>
      </trkpt>
      <trkpt lat="46.491208" lon="12.070340">
        <ele>1920.788592</ele>
        <time>2026-08-05T15:42:53.204Z</time>
      </trkpt>
      <trkpt lat="46.490874" lon="12.070392">
        <ele>1924.507034</ele>
        <time>2026-08-05T15:43:09.380Z</time>
      </trkpt>
      <trkpt lat="46.490775" lon="12.070373">
        <ele>1925.612455</ele>
        <time>2026-08-05T15:43:14.419Z</time>
      </trkpt>
      <trkpt lat="46.490712" lon="12.070238">
        <ele>1926.855392</ele>
        <time>2026-08-05T15:43:20.251Z</time>
      </trkpt>
      <trkpt lat="46.490532" lon="12.069518">
        <ele>1933.110591</ele>
        <time>2026-08-05T15:43:49.453Z</time>
      </trkpt>
      <trkpt lat="46.490272" lon="12.069087">
        <ele>1938.271874</ele>
        <time>2026-08-05T15:44:12.594Z</time>
      </trkpt>
      <trkpt lat="46.490156" lon="12.068457">
        <ele>1944.145606</ele>
        <time>2026-08-05T15:44:38.718Z</time>
      </trkpt>
      <trkpt lat="46.489957" lon="12.068017">
        <ele>1948.887237</ele>
        <time>2026-08-05T15:44:58.762Z</time>
      </trkpt>
      <trkpt lat="46.489770" lon="12.067794">
        <ele>1952.052518</ele>
        <time>2026-08-05T15:45:11.402Z</time>
      </trkpt>
      <trkpt lat="46.489201" lon="12.067345">
        <ele>1958.075791</ele>
        <time>2026-08-05T15:45:40.662Z</time>
      </trkpt>
      <trkpt lat="46.488750" lon="12.067111">
        <ele>1962.015719</ele>
        <time>2026-08-05T15:45:57.215Z</time>
      </trkpt>
      <trkpt lat="46.488690" lon="12.067038">
        <ele>1962.659628</ele>
        <time>2026-08-05T15:45:59.531Z</time>
      </trkpt>
      <trkpt lat="46.488673" lon="12.066941">
        <ele>1963.226572</ele>
        <time>2026-08-05T15:46:01.719Z</time>
      </trkpt>
      <trkpt lat="46.488704" lon="12.066834">
        <ele>1963.884109</ele>
        <time>2026-08-05T15:46:04.348Z</time>
      </trkpt>
      <trkpt lat="46.488761" lon="12.066796">
        <ele>1964.400076</ele>
        <time>2026-08-05T15:46:06.450Z</time>
      </trkpt>
      <trkpt lat="46.489644" lon="12.066848">
        <ele>1972.308969</ele>
        <time>2026-08-05T15:46:36.882Z</time>
      </trkpt>
      <trkpt lat="46.489694" lon="12.066826">
        <ele>1972.831959</ele>
        <time>2026-08-05T15:46:38.811Z</time>
      </trkpt>
      <trkpt lat="46.489721" lon="12.066768">
        <ele>1973.314503</ele>
        <time>2026-08-05T15:46:40.677Z</time>
      </trkpt>
      <trkpt lat="46.489716" lon="12.066590">
        <ele>1974.542321</ele>
        <time>2026-08-05T15:46:45.242Z</time>
      </trkpt>
      <trkpt lat="46.489445" lon="12.066354">
        <ele>1977.705430</ele>
        <time>2026-08-05T15:46:58.349Z</time>
      </trkpt>
      <trkpt lat="46.489027" lon="12.065717">
        <ele>1983.770428</ele>
        <time>2026-08-05T15:47:28.120Z</time>
      </trkpt>
      <trkpt lat="46.488777" lon="12.064890">
        <ele>1990.673600</ele>
        <time>2026-08-05T15:48:01.194Z</time>
      </trkpt>
      <trkpt lat="46.488639" lon="12.064679">
        <ele>1993.095964</ele>
        <time>2026-08-05T15:48:12.045Z</time>
      </trkpt>
      <trkpt lat="46.488268" lon="12.064241">
        <ele>1998.875950</ele>
        <time>2026-08-05T15:48:37.283Z</time>
      </trkpt>
      <trkpt lat="46.488223" lon="12.064153">
        <ele>1999.788358</ele>
        <time>2026-08-05T15:48:41.144Z</time>
      </trkpt>
      <trkpt lat="46.488222" lon="12.064039">
        <ele>2000.737329</ele>
        <time>2026-08-05T15:48:45.172Z</time>
      </trkpt>
      <trkpt lat="46.488259" lon="12.063953">
        <ele>2001.581426</ele>
        <time>2026-08-05T15:48:48.703Z</time>
      </trkpt>
      <trkpt lat="46.488322" lon="12.063923">
        <ele>2002.382951</ele>
        <time>2026-08-05T15:48:52.035Z</time>
      </trkpt>
      <trkpt lat="46.489696" lon="12.063855">
        <ele>2017.046632</ele>
        <time>2026-08-05T15:49:57.270Z</time>
      </trkpt>
      <trkpt lat="46.490527" lon="12.063632">
        <ele>2025.364164</ele>
        <time>2026-08-05T15:50:31.573Z</time>
      </trkpt>
      <trkpt lat="46.490655" lon="12.063621">
        <ele>2026.567111</ele>
        <time>2026-08-05T15:50:36.435Z</time>
      </trkpt>
      <trkpt lat="46.491576" lon="12.063804">
        <ele>2034.510113</ele>
        <time>2026-08-05T15:51:11.310Z</time>
      </trkpt>
      <trkpt lat="46.491739" lon="12.063818">
        <ele>2035.905340</ele>
        <time>2026-08-05T15:51:17.414Z</time>
      </trkpt>
      <trkpt lat="46.491937" lon="12.063784">
        <ele>2037.608981</ele>
        <time>2026-08-05T15:51:25.015Z</time>
      </trkpt>
      <trkpt lat="46.492001" lon="12.063727">
        <ele>2038.250459</ele>
        <time>2026-08-05T15:51:27.952Z</time>
      </trkpt>
      <trkpt lat="46.492038" lon="12.063629">
        <ele>2038.907962</ele>
        <time>2026-08-05T15:51:31.014Z</time>
      </trkpt>
      <trkpt lat="46.492035" lon="12.063461">
        <ele>2039.896584</ele>
        <time>2026-08-05T15:51:35.661Z</time>
      </trkpt>
      <trkpt lat="46.491991" lon="12.063360">
        <ele>2040.599696</ele>
        <time>2026-08-05T15:51:39.059Z</time>
      </trkpt>
      <trkpt lat="46.491866" lon="12.063289">
        <ele>2041.796542</ele>
        <time>2026-08-05T15:51:44.693Z</time>
      </trkpt>
      <trkpt lat="46.491113" lon="12.063113">
        <ele>2049.945847</ele>
        <time>2026-08-05T15:52:19.253Z</time>
      </trkpt>
      <trkpt lat="46.491033" lon="12.063029">
        <ele>2051.000606</ele>
        <time>2026-08-05T15:52:23.889Z</time>
      </trkpt>
      <trkpt lat="46.491022" lon="12.062928">
        <ele>2051.752829</ele>
        <time>2026-08-05T15:52:27.214Z</time>
      </trkpt>
      <trkpt lat="46.491088" lon="12.062806">
        <ele>2052.894217</ele>
        <time>2026-08-05T15:52:32.230Z</time>
      </trkpt>
      <trkpt lat="46.491480" lon="12.062842">
        <ele>2057.091099</ele>
        <time>2026-08-05T15:52:50.978Z</time>
      </trkpt>
      <trkpt lat="46.491587" lon="12.062821">
        <ele>2058.244783</ele>
        <time>2026-08-05T15:52:56.241Z</time>
      </trkpt>
      <trkpt lat="46.491663" lon="12.062767">
        <ele>2059.148794</ele>
        <time>2026-08-05T15:53:00.404Z</time>
      </trkpt>
      <trkpt lat="46.491742" lon="12.062667">
        <ele>2060.268466</ele>
        <time>2026-08-05T15:53:05.505Z</time>
      </trkpt>
      <trkpt lat="46.492138" lon="12.061979">
        <ele>2066.208430</ele>
        <time>2026-08-05T15:53:36.110Z</time>
      </trkpt>
      <trkpt lat="46.492359" lon="12.061732">
        <ele>2068.867107</ele>
        <time>2026-08-05T15:53:49.265Z</time>
      </trkpt>
      <trkpt lat="46.492375" lon="12.061604">
        <ele>2069.721035</ele>
        <time>2026-08-05T15:53:53.302Z</time>
      </trkpt>
      <trkpt lat="46.492345" lon="12.061518">
        <ele>2070.353869</ele>
        <time>2026-08-05T15:53:56.178Z</time>
      </trkpt>
      <trkpt lat="46.492252" lon="12.061469">
        <ele>2071.297104</ele>
        <time>2026-08-05T15:54:00.471Z</time>
      </trkpt>
      <trkpt lat="46.491879" lon="12.061670">
        <ele>2075.090299</ele>
        <time>2026-08-05T15:54:16.005Z</time>
      </trkpt>
      <trkpt lat="46.491695" lon="12.061710">
        <ele>2076.864175</ele>
        <time>2026-08-05T15:54:22.402Z</time>
      </trkpt>
      <trkpt lat="46.491153" lon="12.061639">
        <ele>2081.021424</ele>
        <time>2026-08-05T15:54:39.305Z</time>
      </trkpt>
      <trkpt lat="46.490724" lon="12.061661">
        <ele>2084.094193</ele>
        <time>2026-08-05T15:54:51.833Z</time>
      </trkpt>
      <trkpt lat="46.490643" lon="12.061652">
        <ele>2084.675699</ele>
        <time>2026-08-05T15:54:54.147Z</time>
      </trkpt>
      <trkpt lat="46.490516" lon="12.061585">
        <ele>2085.642894</ele>
        <time>2026-08-05T15:54:58.035Z</time>
      </trkpt>
      <trkpt lat="46.489028" lon="12.059953">
        <ele>2102.603852</ele>
        <time>2026-08-05T15:56:13.327Z</time>
      </trkpt>
      <trkpt lat="46.488935" lon="12.059785">
        <ele>2104.134469</ele>
        <time>2026-08-05T15:56:20.959Z</time>
      </trkpt>
      <trkpt lat="46.488828" lon="12.059228">
        <ele>2108.240441</ele>
        <time>2026-08-05T15:56:42.069Z</time>
      </trkpt>
      <trkpt lat="46.488394" lon="12.058138">
        <ele>2118.022029</ele>
        <time>2026-08-05T15:57:29.070Z</time>
      </trkpt>
      <trkpt lat="46.488250" lon="12.057888">
        <ele>2120.584657</ele>
        <time>2026-08-05T15:57:40.482Z</time>
      </trkpt>
      <trkpt lat="46.487837" lon="12.057493">
        <ele>2126.231373</ele>
        <time>2026-08-05T15:58:03.516Z</time>
      </trkpt>
      <trkpt lat="46.487643" lon="12.057380">
        <ele>2128.618170</ele>
        <time>2026-08-05T15:58:12.443Z</time>
      </trkpt>
      <trkpt lat="46.487501" lon="12.057347">
        <ele>2130.143256</ele>
        <time>2026-08-05T15:58:18.407Z</time>
      </trkpt>
      <trkpt lat="46.487355" lon="12.057379">
        <ele>2131.313842</ele>
        <time>2026-08-05T15:58:24.277Z</time>
      </trkpt>
      <trkpt lat="46.486829" lon="12.057611">
        <ele>2135.671992</ele>
        <time>2026-08-05T15:58:45.505Z</time>
      </trkpt>
      <trkpt lat="46.486697" lon="12.057616">
        <ele>2136.718837</ele>
        <time>2026-08-05T15:58:50.343Z</time>
      </trkpt>
      <trkpt lat="46.486583" lon="12.057588">
        <ele>2137.635456</ele>
        <time>2026-08-05T15:58:54.482Z</time>
      </trkpt>
      <trkpt lat="46.486100" lon="12.057355">
        <ele>2141.670352</ele>
        <time>2026-08-05T15:59:12.170Z</time>
      </trkpt>
      <trkpt lat="46.485947" lon="12.057378">
        <ele>2142.889809</ele>
        <time>2026-08-05T15:59:17.412Z</time>
      </trkpt>
      <trkpt lat="46.485818" lon="12.057524">
        <ele>2144.186628</ele>
        <time>2026-08-05T15:59:22.962Z</time>
      </trkpt>
      <trkpt lat="46.485321" lon="12.058563">
        <ele>2151.128214</ele>
        <time>2026-08-05T15:59:53.817Z</time>
      </trkpt>
      <trkpt lat="46.485179" lon="12.058751">
        <ele>2152.659406</ele>
        <time>2026-08-05T16:00:00.761Z</time>
      </trkpt>
      <trkpt lat="46.483320" lon="12.059914">
        <ele>2170.438528</ele>
        <time>2026-08-05T16:01:23.248Z</time>
      </trkpt>
      <trkpt lat="46.483193" lon="12.059945">
        <ele>2171.628760</ele>
        <time>2026-08-05T16:01:28.801Z</time>
      </trkpt>
      <trkpt lat="46.483094" lon="12.059930">
        <ele>2172.548712</ele>
        <time>2026-08-05T16:01:33.137Z</time>
      </trkpt>
      <trkpt lat="46.482934" lon="12.059825">
        <ele>2174.171443</ele>
        <time>2026-08-05T16:01:40.751Z</time>
      </trkpt>
      <trkpt lat="46.482885" lon="12.059746">
        <ele>2174.848091</ele>
        <time>2026-08-05T16:01:43.945Z</time>
      </trkpt>
      <trkpt lat="46.482799" lon="12.059527">
        <ele>2176.509876</ele>
        <time>2026-08-05T16:01:51.482Z</time>
      </trkpt>
      <trkpt lat="46.482784" lon="12.059390">
        <ele>2177.429960</ele>
        <time>2026-08-05T16:01:55.637Z</time>
      </trkpt>
      <trkpt lat="46.482770" lon="12.056740">
        <ele>2195.098595</ele>
        <time>2026-08-05T16:03:13.712Z</time>
      </trkpt>
      <trkpt lat="46.482711" lon="12.056588">
        <ele>2196.296904</ele>
        <time>2026-08-05T16:03:18.613Z</time>
      </trkpt>
      <trkpt lat="46.482596" lon="12.056539">
        <ele>2197.492222</ele>
        <time>2026-08-05T16:03:23.666Z</time>
      </trkpt>
      <trkpt lat="46.482498" lon="12.056577">
        <ele>2198.503881</ele>
        <time>2026-08-05T16:03:28.103Z</time>
      </trkpt>
      <trkpt lat="46.482387" lon="12.056712">
        <ele>2199.947900</ele>
        <time>2026-08-05T16:03:34.606Z</time>
      </trkpt>
      <trkpt lat="46.482026" lon="12.057152">
        <ele>2204.648397</ele>
        <time>2026-08-05T16:03:56.168Z</time>
      </trkpt>
      <trkpt lat="46.481823" lon="12.057353">
        <ele>2207.098856</ele>
        <time>2026-08-05T16:04:07.341Z</time>
      </trkpt>
      <trkpt lat="46.481700" lon="12.057369">
        <ele>2208.330529</ele>
        <time>2026-08-05T16:04:12.843Z</time>
      </trkpt>
      <trkpt lat="46.481577" lon="12.057272">
        <ele>2209.726497</ele>
        <time>2026-08-05T16:04:18.871Z</time>
      </trkpt>
      <trkpt lat="46.481505" lon="12.057074">
        <ele>2211.045536</ele>
        <time>2026-08-05T16:04:25.405Z</time>
      </trkpt>
      <trkpt lat="46.481523" lon="12.056833">
        <ele>2212.308498</ele>
        <time>2026-08-05T16:04:32.563Z</time>
      </trkpt>
      <trkpt lat="46.481593" lon="12.056535">
        <ele>2213.948912</ele>
        <time>2026-08-05T16:04:42.113Z</time>
      </trkpt>
      <trkpt lat="46.481687" lon="12.056260">
        <ele>2215.548459</ele>
        <time>2026-08-05T16:04:51.685Z</time>
      </trkpt>
      <trkpt lat="46.482499" lon="12.054671">
        <ele>2223.426378</ele>
        <time>2026-08-05T16:05:37.042Z</time>
      </trkpt>
      <trkpt lat="46.482532" lon="12.054480">
        <ele>2223.133110</ele>
        <time>2026-08-05T16:05:39.275Z</time>
      </trkpt>
      <trkpt lat="46.482522" lon="12.053772">
        <ele>2222.078485</ele>
        <time>2026-08-05T16:05:44.330Z</time>
      </trkpt>
      <trkpt lat="46.482520" lon="12.053666">
        <ele>2221.920563</ele>
        <time>2026-08-05T16:05:44.926Z</time>
      </trkpt>
      <trkpt lat="46.482520" lon="12.053365">
        <ele>2221.472293</ele>
        <time>2026-08-05T16:05:46.606Z</time>
      </trkpt>
      <trkpt lat="46.482557" lon="12.053212">
        <ele>2221.230791</ele>
        <time>2026-08-05T16:05:47.455Z</time>
      </trkpt>
      <trkpt lat="46.482649" lon="12.053127">
        <ele>2220.994957</ele>
        <time>2026-08-05T16:05:48.269Z</time>
      </trkpt>
      <trkpt lat="46.482665" lon="12.053112">
        <ele>2220.953768</ele>
        <time>2026-08-05T16:05:48.402Z</time>
      </trkpt>
      <trkpt lat="46.483451" lon="12.052963">
        <ele>2215.948900</ele>
        <time>2026-08-05T16:05:53.936Z</time>
      </trkpt>
      <trkpt lat="46.483636" lon="12.052856">
        <ele>2213.825774</ele>
        <time>2026-08-05T16:05:55.296Z</time>
      </trkpt>
      <trkpt lat="46.484083" lon="12.051726">
        <ele>2204.258468</ele>
        <time>2026-08-05T16:06:01.395Z</time>
      </trkpt>
      <trkpt lat="46.484567" lon="12.051107">
        <ele>2197.422499</ele>
        <time>2026-08-05T16:06:05.753Z</time>
      </trkpt>
      <trkpt lat="46.484588" lon="12.051023">
        <ele>2196.773918</ele>
        <time>2026-08-05T16:06:06.169Z</time>
      </trkpt>
      <trkpt lat="46.484581" lon="12.050863">
        <ele>2195.610355</ele>
        <time>2026-08-05T16:06:06.919Z</time>
      </trkpt>
      <trkpt lat="46.484511" lon="12.050719">
        <ele>2194.331046</ele>
        <time>2026-08-05T16:06:07.748Z</time>
      </trkpt>
      <trkpt lat="46.484331" lon="12.050587">
        <ele>2192.205612</ele>
        <time>2026-08-05T16:06:09.121Z</time>
      </trkpt>
      <trkpt lat="46.483982" lon="12.050405">
        <ele>2188.297027</ele>
        <time>2026-08-05T16:06:11.661Z</time>
      </trkpt>
      <trkpt lat="46.483913" lon="12.050337">
        <ele>2187.418096</ele>
        <time>2026-08-05T16:06:12.237Z</time>
      </trkpt>
      <trkpt lat="46.483822" lon="12.050172">
        <ele>2185.883789</ele>
        <time>2026-08-05T16:06:13.236Z</time>
      </trkpt>
      <trkpt lat="46.483800" lon="12.049973">
        <ele>2184.421002</ele>
        <time>2026-08-05T16:06:14.197Z</time>
      </trkpt>
      <trkpt lat="46.483859" lon="12.049757">
        <ele>2182.734486</ele>
        <time>2026-08-05T16:06:15.315Z</time>
      </trkpt>
      <trkpt lat="46.483894" lon="12.049700">
        <ele>2182.180195</ele>
        <time>2026-08-05T16:06:15.684Z</time>
      </trkpt>
      <trkpt lat="46.484002" lon="12.049618">
        <ele>2181.046506</ele>
        <time>2026-08-05T16:06:16.539Z</time>
      </trkpt>
      <trkpt lat="46.484344" lon="12.049573">
        <ele>2177.949203</ele>
        <time>2026-08-05T16:06:18.942Z</time>
      </trkpt>
      <trkpt lat="46.484426" lon="12.049490">
        <ele>2177.047699</ele>
        <time>2026-08-05T16:06:19.640Z</time>
      </trkpt>
      <trkpt lat="46.484452" lon="12.049327">
        <ele>2176.008598</ele>
        <time>2026-08-05T16:06:20.447Z</time>
      </trkpt>
      <trkpt lat="46.484442" lon="12.049270">
        <ele>2175.643295</ele>
        <time>2026-08-05T16:06:20.731Z</time>
      </trkpt>
      <trkpt lat="46.484363" lon="12.049167">
        <ele>2174.685750</ele>
        <time>2026-08-05T16:06:21.474Z</time>
      </trkpt>
      <trkpt lat="46.484097" lon="12.049073">
        <ele>2172.216561</ele>
        <time>2026-08-05T16:06:23.377Z</time>
      </trkpt>
      <trkpt lat="46.484013" lon="12.049006">
        <ele>2171.352180</ele>
        <time>2026-08-05T16:06:24.048Z</time>
      </trkpt>
      <trkpt lat="46.483945" lon="12.048893">
        <ele>2170.420158</ele>
        <time>2026-08-05T16:06:24.763Z</time>
      </trkpt>
      <trkpt lat="46.483733" lon="12.048336">
        <ele>2166.467627</ele>
        <time>2026-08-05T16:06:27.822Z</time>
      </trkpt>
      <trkpt lat="46.483729" lon="12.048251">
        <ele>2165.938506</ele>
        <time>2026-08-05T16:06:28.234Z</time>
      </trkpt>
      <trkpt lat="46.483754" lon="12.048142">
        <ele>2165.148505</ele>
        <time>2026-08-05T16:06:28.786Z</time>
      </trkpt>
      <trkpt lat="46.483823" lon="12.048042">
        <ele>2164.132953</ele>
        <time>2026-08-05T16:06:29.461Z</time>
      </trkpt>
      <trkpt lat="46.483918" lon="12.047997">
        <ele>2163.091914</ele>
        <time>2026-08-05T16:06:30.155Z</time>
      </trkpt>
      <trkpt lat="46.484487" lon="12.047930">
        <ele>2157.144525</ele>
        <time>2026-08-05T16:06:34.085Z</time>
      </trkpt>
      <trkpt lat="46.484669" lon="12.047859">
        <ele>2155.181206</ele>
        <time>2026-08-05T16:06:35.370Z</time>
      </trkpt>
      <trkpt lat="46.484719" lon="12.047713">
        <ele>2154.011497</ele>
        <time>2026-08-05T16:06:36.137Z</time>
      </trkpt>
      <trkpt lat="46.484701" lon="12.047219">
        <ele>2150.462874</ele>
        <time>2026-08-05T16:06:38.459Z</time>
      </trkpt>
      <trkpt lat="46.484689" lon="12.047011">
        <ele>2148.965576</ele>
        <time>2026-08-05T16:06:39.441Z</time>
      </trkpt>
      <trkpt lat="46.484642" lon="12.046202">
        <ele>2143.022165</ele>
        <time>2026-08-05T16:06:43.237Z</time>
      </trkpt>
      <trkpt lat="46.484662" lon="12.046045">
        <ele>2141.841166</ele>
        <time>2026-08-05T16:06:43.980Z</time>
      </trkpt>
      <trkpt lat="46.484790" lon="12.045853">
        <ele>2139.864389</ele>
        <time>2026-08-05T16:06:45.232Z</time>
      </trkpt>
      <trkpt lat="46.485279" lon="12.045395">
        <ele>2133.613668</ele>
        <time>2026-08-05T16:06:49.210Z</time>
      </trkpt>
      <trkpt lat="46.486079" lon="12.044022">
        <ele>2119.861155</ele>
        <time>2026-08-05T16:06:57.739Z</time>
      </trkpt>
      <trkpt lat="46.486161" lon="12.043828">
        <ele>2118.074604</ele>
        <time>2026-08-05T16:06:58.807Z</time>
      </trkpt>
      <trkpt lat="46.486621" lon="12.042032">
        <ele>2102.826424</ele>
        <time>2026-08-05T16:07:07.697Z</time>
      </trkpt>
      <trkpt lat="46.486622" lon="12.041839">
        <ele>2101.234759</ele>
        <time>2026-08-05T16:07:08.590Z</time>
      </trkpt>
      <trkpt lat="46.486599" lon="12.041771">
        <ele>2100.609970</ele>
        <time>2026-08-05T16:07:08.939Z</time>
      </trkpt>
      <trkpt lat="46.486518" lon="12.041668">
        <ele>2099.320499</ele>
        <time>2026-08-05T16:07:09.665Z</time>
      </trkpt>
      <trkpt lat="46.486461" lon="12.041639">
        <ele>2098.597110</ele>
        <time>2026-08-05T16:07:10.075Z</time>
      </trkpt>
      <trkpt lat="46.485863" lon="12.041737">
        <ele>2091.389167</ele>
        <time>2026-08-05T16:07:14.148Z</time>
      </trkpt>
      <trkpt lat="46.485762" lon="12.041713">
        <ele>2090.163364</ele>
        <time>2026-08-05T16:07:14.845Z</time>
      </trkpt>
      <trkpt lat="46.485713" lon="12.041669">
        <ele>2089.473355</ele>
        <time>2026-08-05T16:07:15.237Z</time>
      </trkpt>
      <trkpt lat="46.485640" lon="12.041536">
        <ele>2088.070666</ele>
        <time>2026-08-05T16:07:16.030Z</time>
      </trkpt>
      <trkpt lat="46.485623" lon="12.041393">
        <ele>2086.873913</ele>
        <time>2026-08-05T16:07:16.713Z</time>
      </trkpt>
      <trkpt lat="46.485635" lon="12.041278">
        <ele>2085.914692</ele>
        <time>2026-08-05T16:07:17.253Z</time>
      </trkpt>
      <trkpt lat="46.485727" lon="12.040815">
        <ele>2082.414169</ele>
        <time>2026-08-05T16:07:19.509Z</time>
      </trkpt>
      <trkpt lat="46.485761" lon="12.040644">
        <ele>2081.135634</ele>
        <time>2026-08-05T16:07:20.343Z</time>
      </trkpt>
      <trkpt lat="46.485752" lon="12.040513">
        <ele>2080.189949</ele>
        <time>2026-08-05T16:07:20.959Z</time>
      </trkpt>
      <trkpt lat="46.485630" lon="12.040356">
        <ele>2078.489394</ele>
        <time>2026-08-05T16:07:22.071Z</time>
      </trkpt>
      <trkpt lat="46.485082" lon="12.040089">
        <ele>2072.459120</ele>
        <time>2026-08-05T16:07:26.024Z</time>
      </trkpt>
      <trkpt lat="46.484879" lon="12.040053">
        <ele>2070.325545</ele>
        <time>2026-08-05T16:07:27.431Z</time>
      </trkpt>
      <trkpt lat="46.484286" lon="12.040078">
        <ele>2064.709992</ele>
        <time>2026-08-05T16:07:31.553Z</time>
      </trkpt>
      <trkpt lat="46.484201" lon="12.039952">
        <ele>2063.710914</ele>
        <time>2026-08-05T16:07:32.412Z</time>
      </trkpt>
      <trkpt lat="46.484212" lon="12.039812">
        <ele>2062.912826</ele>
        <time>2026-08-05T16:07:33.101Z</time>
      </trkpt>
      <trkpt lat="46.484282" lon="12.039723">
        <ele>2062.147548</ele>
        <time>2026-08-05T16:07:33.761Z</time>
      </trkpt>
      <trkpt lat="46.484343" lon="12.039697">
        <ele>2061.624615</ele>
        <time>2026-08-05T16:07:34.213Z</time>
      </trkpt>
      <trkpt lat="46.485045" lon="12.039598">
        <ele>2055.822982</ele>
        <time>2026-08-05T16:07:39.250Z</time>
      </trkpt>
      <trkpt lat="46.485182" lon="12.039535">
        <ele>2054.640914</ele>
        <time>2026-08-05T16:07:40.273Z</time>
      </trkpt>
      <trkpt lat="46.485676" lon="12.038974">
        <ele>2048.625078</ele>
        <time>2026-08-05T16:07:44.674Z</time>
      </trkpt>
      <trkpt lat="46.486437" lon="12.038469">
        <ele>2039.446596</ele>
        <time>2026-08-05T16:07:50.357Z</time>
      </trkpt>
      <trkpt lat="46.487686" lon="12.037444">
        <ele>2024.946351</ele>
        <time>2026-08-05T16:08:00.051Z</time>
      </trkpt>
      <trkpt lat="46.487762" lon="12.037291">
        <ele>2023.726122</ele>
        <time>2026-08-05T16:08:00.955Z</time>
      </trkpt>
      <trkpt lat="46.487751" lon="12.037134">
        <ele>2022.705434</ele>
        <time>2026-08-05T16:08:01.716Z</time>
      </trkpt>
      <trkpt lat="46.487688" lon="12.037021">
        <ele>2021.765006</ele>
        <time>2026-08-05T16:08:02.426Z</time>
      </trkpt>
      <trkpt lat="46.487575" lon="12.036995">
        <ele>2020.690257</ele>
        <time>2026-08-05T16:08:03.236Z</time>
      </trkpt>
      <trkpt lat="46.486545" lon="12.037630">
        <ele>2010.865203</ele>
        <time>2026-08-05T16:08:11.361Z</time>
      </trkpt>
      <trkpt lat="46.486428" lon="12.037608">
        <ele>2009.901917</ele>
        <time>2026-08-05T16:08:12.216Z</time>
      </trkpt>
      <trkpt lat="46.486340" lon="12.037429">
        <ele>2008.665410</ele>
        <time>2026-08-05T16:08:13.306Z</time>
      </trkpt>
      <trkpt lat="46.486347" lon="12.037258">
        <ele>2007.702371</ele>
        <time>2026-08-05T16:08:14.157Z</time>
      </trkpt>
      <trkpt lat="46.486432" lon="12.037123">
        <ele>2006.673932</ele>
        <time>2026-08-05T16:08:15.063Z</time>
      </trkpt>
      <trkpt lat="46.486671" lon="12.036920">
        <ele>2004.413271</ele>
        <time>2026-08-05T16:08:17.031Z</time>
      </trkpt>
      <trkpt lat="46.487092" lon="12.036433">
        <ele>1999.705589</ele>
        <time>2026-08-05T16:08:20.713Z</time>
      </trkpt>
      <trkpt lat="46.487409" lon="12.036203">
        <ele>1995.554599</ele>
        <time>2026-08-05T16:08:23.104Z</time>
      </trkpt>
      <trkpt lat="46.487528" lon="12.036084">
        <ele>1993.862141</ele>
        <time>2026-08-05T16:08:24.071Z</time>
      </trkpt>
      <trkpt lat="46.487560" lon="12.035948">
        <ele>1992.702962</ele>
        <time>2026-08-05T16:08:24.728Z</time>
      </trkpt>
      <trkpt lat="46.487527" lon="12.035760">
        <ele>1991.138163</ele>
        <time>2026-08-05T16:08:25.617Z</time>
      </trkpt>
      <trkpt lat="46.487286" lon="12.035141">
        <ele>1985.402732</ele>
        <time>2026-08-05T16:08:28.939Z</time>
      </trkpt>
      <trkpt lat="46.487178" lon="12.034932">
        <ele>1983.295104</ele>
        <time>2026-08-05T16:08:30.163Z</time>
      </trkpt>
      <trkpt lat="46.487131" lon="12.034886">
        <ele>1982.631194</ele>
        <time>2026-08-05T16:08:30.546Z</time>
      </trkpt>
      <trkpt lat="46.486995" lon="12.034876">
        <ele>1981.036014</ele>
        <time>2026-08-05T16:08:31.469Z</time>
      </trkpt>
      <trkpt lat="46.486856" lon="12.034981">
        <ele>1979.303817</ele>
        <time>2026-08-05T16:08:32.535Z</time>
      </trkpt>
      <trkpt lat="46.486865" lon="12.035100">
        <ele>1978.550764</ele>
        <time>2026-08-05T16:08:33.102Z</time>
      </trkpt>
      <trkpt lat="46.486951" lon="12.035374">
        <ele>1976.656576</ele>
        <time>2026-08-05T16:08:34.530Z</time>
      </trkpt>
      <trkpt lat="46.486960" lon="12.035514">
        <ele>1975.772100</ele>
        <time>2026-08-05T16:08:35.200Z</time>
      </trkpt>
      <trkpt lat="46.486932" lon="12.035665">
        <ele>1974.788417</ele>
        <time>2026-08-05T16:08:35.943Z</time>
      </trkpt>
      <trkpt lat="46.486889" lon="12.035765">
        <ele>1974.046789</ele>
        <time>2026-08-05T16:08:36.509Z</time>
      </trkpt>
      <trkpt lat="46.486810" lon="12.035850">
        <ele>1973.148569</ele>
        <time>2026-08-05T16:08:37.197Z</time>
      </trkpt>
      <trkpt lat="46.485673" lon="12.035875">
        <ele>1962.648111</ele>
        <time>2026-08-05T16:08:45.238Z</time>
      </trkpt>
      <trkpt lat="46.485377" lon="12.035955">
        <ele>1959.253987</ele>
        <time>2026-08-05T16:08:47.305Z</time>
      </trkpt>
      <trkpt lat="46.485146" lon="12.035965">
        <ele>1956.648744</ele>
        <time>2026-08-05T16:08:48.886Z</time>
      </trkpt>
      <trkpt lat="46.484929" lon="12.035976">
        <ele>1954.200991</ele>
        <time>2026-08-05T16:08:50.360Z</time>
      </trkpt>
      <trkpt lat="46.484543" lon="12.036101">
        <ele>1949.742714</ele>
        <time>2026-08-05T16:08:53.040Z</time>
      </trkpt>
      <trkpt lat="46.484406" lon="12.036105">
        <ele>1948.197987</ele>
        <time>2026-08-05T16:08:53.964Z</time>
      </trkpt>
      <trkpt lat="46.484349" lon="12.036046">
        <ele>1947.408921</ele>
        <time>2026-08-05T16:08:54.438Z</time>
      </trkpt>
      <trkpt lat="46.484352" lon="12.035964">
        <ele>1946.771529</ele>
        <time>2026-08-05T16:08:54.819Z</time>
      </trkpt>
      <trkpt lat="46.484400" lon="12.035903">
        <ele>1946.052508</ele>
        <time>2026-08-05T16:08:55.252Z</time>
      </trkpt>
      <trkpt lat="46.484733" lon="12.035748">
        <ele>1942.046103</ele>
        <time>2026-08-05T16:08:57.598Z</time>
      </trkpt>
      <trkpt lat="46.485013" lon="12.035475">
        <ele>1937.956422</ele>
        <time>2026-08-05T16:08:59.865Z</time>
      </trkpt>
      <trkpt lat="46.485053" lon="12.035346">
        <ele>1936.775113</ele>
        <time>2026-08-05T16:09:00.522Z</time>
      </trkpt>
      <trkpt lat="46.484998" lon="12.035245">
        <ele>1935.699912</ele>
        <time>2026-08-05T16:09:01.116Z</time>
      </trkpt>
      <trkpt lat="46.484924" lon="12.035255">
        <ele>1934.798656</ele>
        <time>2026-08-05T16:09:01.619Z</time>
      </trkpt>
      <trkpt lat="46.484288" lon="12.035547">
        <ele>1926.709833</ele>
        <time>2026-08-05T16:09:06.117Z</time>
      </trkpt>
      <trkpt lat="46.483912" lon="12.035655">
        <ele>1922.061853</ele>
        <time>2026-08-05T16:09:08.719Z</time>
      </trkpt>
      <trkpt lat="46.482914" lon="12.035550">
        <ele>1912.468537</ele>
        <time>2026-08-05T16:09:15.565Z</time>
      </trkpt>
      <trkpt lat="46.481822" lon="12.035479">
        <ele>1902.458986</ele>
        <time>2026-08-05T16:09:23.283Z</time>
      </trkpt>
      <trkpt lat="46.481771" lon="12.035403">
        <ele>1901.854813</ele>
        <time>2026-08-05T16:09:23.815Z</time>
      </trkpt>
      <trkpt lat="46.481767" lon="12.035341">
        <ele>1901.500284</ele>
        <time>2026-08-05T16:09:24.128Z</time>
      </trkpt>
      <trkpt lat="46.481808" lon="12.035256">
        <ele>1900.909437</ele>
        <time>2026-08-05T16:09:24.653Z</time>
      </trkpt>
      <trkpt lat="46.482534" lon="12.035122">
        <ele>1894.858539</ele>
        <time>2026-08-05T16:09:29.918Z</time>
      </trkpt>
      <trkpt lat="46.483032" lon="12.034988">
        <ele>1890.670967</ele>
        <time>2026-08-05T16:09:33.444Z</time>
      </trkpt>
      <trkpt lat="46.483682" lon="12.034738">
        <ele>1883.481025</ele>
        <time>2026-08-05T16:09:38.021Z</time>
      </trkpt>
      <trkpt lat="46.483728" lon="12.034677">
        <ele>1882.770416</ele>
        <time>2026-08-05T16:09:38.447Z</time>
      </trkpt>
      <trkpt lat="46.483724" lon="12.034623">
        <ele>1882.343798</ele>
        <time>2026-08-05T16:09:38.699Z</time>
      </trkpt>
      <trkpt lat="46.483631" lon="12.034557">
        <ele>1881.162973</ele>
        <time>2026-08-05T16:09:39.403Z</time>
      </trkpt>
      <trkpt lat="46.483353" lon="12.034588">
        <ele>1877.982250</ele>
        <time>2026-08-05T16:09:41.280Z</time>
      </trkpt>
      <trkpt lat="46.482943" lon="12.034557">
        <ele>1873.298688</ele>
        <time>2026-08-05T16:09:44.051Z</time>
      </trkpt>
      <trkpt lat="46.481363" lon="12.034089">
        <ele>1854.962072</ele>
        <time>2026-08-05T16:09:55.044Z</time>
      </trkpt>
      <trkpt lat="46.481089" lon="12.034026">
        <ele>1851.810712</ele>
        <time>2026-08-05T16:09:56.916Z</time>
      </trkpt>
      <trkpt lat="46.480598" lon="12.033994">
        <ele>1846.154878</ele>
        <time>2026-08-05T16:10:00.251Z</time>
      </trkpt>
      <trkpt lat="46.480548" lon="12.033977">
        <ele>1845.552519</ele>
        <time>2026-08-05T16:10:00.592Z</time>
      </trkpt>
      <trkpt lat="46.480504" lon="12.033906">
        <ele>1844.780984</ele>
        <time>2026-08-05T16:10:01.045Z</time>
      </trkpt>
      <trkpt lat="46.480511" lon="12.033818">
        <ele>1844.065457</ele>
        <time>2026-08-05T16:10:01.454Z</time>
      </trkpt>
      <trkpt lat="46.480571" lon="12.033749">
        <ele>1843.167709</ele>
        <time>2026-08-05T16:10:01.974Z</time>
      </trkpt>
      <trkpt lat="46.480971" lon="12.033622">
        <ele>1838.364892</ele>
        <time>2026-08-05T16:10:04.746Z</time>
      </trkpt>
      <trkpt lat="46.481118" lon="12.033522">
        <ele>1836.460779</ele>
        <time>2026-08-05T16:10:05.854Z</time>
      </trkpt>
      <trkpt lat="46.481163" lon="12.033411">
        <ele>1835.420367</ele>
        <time>2026-08-05T16:10:06.461Z</time>
      </trkpt>
      <trkpt lat="46.481130" lon="12.033291">
        <ele>1834.376669</ele>
        <time>2026-08-05T16:10:07.071Z</time>
      </trkpt>
      <trkpt lat="46.481015" lon="12.033252">
        <ele>1832.991428</ele>
        <time>2026-08-05T16:10:07.881Z</time>
      </trkpt>
      <trkpt lat="46.480060" lon="12.033465">
        <ele>1821.478816</ele>
        <time>2026-08-05T16:10:14.401Z</time>
      </trkpt>
      <trkpt lat="46.479993" lon="12.033441">
        <ele>1820.643903</ele>
        <time>2026-08-05T16:10:14.857Z</time>
      </trkpt>
      <trkpt lat="46.479969" lon="12.033356">
        <ele>1819.878523</ele>
        <time>2026-08-05T16:10:15.281Z</time>
      </trkpt>
      <trkpt lat="46.479996" lon="12.033282">
        <ele>1819.180810</ele>
        <time>2026-08-05T16:10:15.668Z</time>
      </trkpt>
      <trkpt lat="46.480248" lon="12.033124">
        <ele>1815.859896</ele>
        <time>2026-08-05T16:10:17.509Z</time>
      </trkpt>
      <trkpt lat="46.480523" lon="12.032666">
        <ele>1810.797327</ele>
        <time>2026-08-05T16:10:20.333Z</time>
      </trkpt>
      <trkpt lat="46.480560" lon="12.032552">
        <ele>1809.747358</ele>
        <time>2026-08-05T16:10:20.921Z</time>
      </trkpt>
      <trkpt lat="46.480525" lon="12.032453">
        <ele>1808.820214</ele>
        <time>2026-08-05T16:10:21.445Z</time>
      </trkpt>
      <trkpt lat="46.480461" lon="12.032440">
        <ele>1808.038356</ele>
        <time>2026-08-05T16:10:21.882Z</time>
      </trkpt>
      <trkpt lat="46.480339" lon="12.032608">
        <ele>1806.004214</ele>
        <time>2026-08-05T16:10:23.026Z</time>
      </trkpt>
      <trkpt lat="46.480224" lon="12.032697">
        <ele>1804.559497</ele>
        <time>2026-08-05T16:10:23.911Z</time>
      </trkpt>
      <trkpt lat="46.479908" lon="12.032667">
        <ele>1801.161143</ele>
        <time>2026-08-05T16:10:26.085Z</time>
      </trkpt>
      <trkpt lat="46.479662" lon="12.032876">
        <ele>1798.102629</ele>
        <time>2026-08-05T16:10:28.051Z</time>
      </trkpt>
      <trkpt lat="46.479490" lon="12.032871">
        <ele>1796.256462</ele>
        <time>2026-08-05T16:10:29.244Z</time>
      </trkpt>
      <trkpt lat="46.479067" lon="12.032643">
        <ele>1791.414489</ele>
        <time>2026-08-05T16:10:32.343Z</time>
      </trkpt>
      <trkpt lat="46.478207" lon="12.032055">
        <ele>1780.046088</ele>
        <time>2026-08-05T16:10:38.797Z</time>
      </trkpt>
      <trkpt lat="46.478212" lon="12.031909">
        <ele>1778.717466</ele>
        <time>2026-08-05T16:10:39.474Z</time>
      </trkpt>
      <trkpt lat="46.478275" lon="12.031830">
        <ele>1777.618846</ele>
        <time>2026-08-05T16:10:40.034Z</time>
      </trkpt>
      <trkpt lat="46.478317" lon="12.031820">
        <ele>1777.057106</ele>
        <time>2026-08-05T16:10:40.319Z</time>
      </trkpt>
      <trkpt lat="46.478817" lon="12.032101">
        <ele>1769.980867</ele>
        <time>2026-08-05T16:10:43.880Z</time>
      </trkpt>
      <trkpt lat="46.478879" lon="12.032099">
        <ele>1769.162355</ele>
        <time>2026-08-05T16:10:44.292Z</time>
      </trkpt>
      <trkpt lat="46.478923" lon="12.032026">
        <ele>1768.280616</ele>
        <time>2026-08-05T16:10:44.733Z</time>
      </trkpt>
      <trkpt lat="46.478903" lon="12.031910">
        <ele>1767.193772</ele>
        <time>2026-08-05T16:10:45.282Z</time>
      </trkpt>
      <trkpt lat="46.478623" lon="12.031621">
        <ele>1762.659811</ele>
        <time>2026-08-05T16:10:47.581Z</time>
      </trkpt>
      <trkpt lat="46.478490" lon="12.031401">
        <ele>1760.310640</ele>
        <time>2026-08-05T16:10:48.931Z</time>
      </trkpt>
      <trkpt lat="46.478391" lon="12.031200">
        <ele>1758.338592</ele>
        <time>2026-08-05T16:10:50.071Z</time>
      </trkpt>
      <trkpt lat="46.478315" lon="12.031135">
        <ele>1757.316478</ele>
        <time>2026-08-05T16:10:50.665Z</time>
      </trkpt>
      <trkpt lat="46.478202" lon="12.031165">
        <ele>1755.985289</ele>
        <time>2026-08-05T16:10:51.444Z</time>
      </trkpt>
      <trkpt lat="46.478095" lon="12.031258">
        <ele>1754.540202</ele>
        <time>2026-08-05T16:10:52.284Z</time>
      </trkpt>
      <trkpt lat="46.477863" lon="12.031565">
        <ele>1750.902887</ele>
        <time>2026-08-05T16:10:54.400Z</time>
      </trkpt>
      <trkpt lat="46.477675" lon="12.031966">
        <ele>1747.031628</ele>
        <time>2026-08-05T16:10:56.669Z</time>
      </trkpt>
      <trkpt lat="46.477366" lon="12.032306">
        <ele>1742.538967</ele>
        <time>2026-08-05T16:10:59.370Z</time>
      </trkpt>
      <trkpt lat="46.477253" lon="12.032500">
        <ele>1740.770525</ele>
        <time>2026-08-05T16:11:00.590Z</time>
      </trkpt>
      <trkpt lat="46.477141" lon="12.032786">
        <ele>1738.712891</ele>
        <time>2026-08-05T16:11:02.164Z</time>
      </trkpt>
      <trkpt lat="46.477041" lon="12.032912">
        <ele>1737.510509</ele>
        <time>2026-08-05T16:11:03.083Z</time>
      </trkpt>
      <trkpt lat="46.476983" lon="12.032986">
        <ele>1736.809342</ele>
        <time>2026-08-05T16:11:03.622Z</time>
      </trkpt>
      <trkpt lat="46.476842" lon="12.033052">
        <ele>1735.463945</ele>
        <time>2026-08-05T16:11:04.656Z</time>
      </trkpt>
      <trkpt lat="46.476603" lon="12.033108">
        <ele>1733.265353</ele>
        <time>2026-08-05T16:11:06.344Z</time>
      </trkpt>
      <trkpt lat="46.476497" lon="12.033193">
        <ele>1732.165670</ele>
        <time>2026-08-05T16:11:07.194Z</time>
      </trkpt>
      <trkpt lat="46.476369" lon="12.033440">
        <ele>1730.232383</ele>
        <time>2026-08-05T16:11:08.675Z</time>
      </trkpt>
      <trkpt lat="46.476295" lon="12.034053">
        <ele>1726.340148</ele>
        <time>2026-08-05T16:11:11.667Z</time>
      </trkpt>
      <trkpt lat="46.476213" lon="12.034404">
        <ele>1723.734938</ele>
        <time>2026-08-05T16:11:13.448Z</time>
      </trkpt>
      <trkpt lat="46.476234" lon="12.034779">
        <ele>1720.882556</ele>
        <time>2026-08-05T16:11:15.245Z</time>
      </trkpt>
      <trkpt lat="46.476216" lon="12.034948">
        <ele>1719.586078</ele>
        <time>2026-08-05T16:11:16.060Z</time>
      </trkpt>
      <trkpt lat="46.476073" lon="12.035383">
        <ele>1715.931718</ele>
        <time>2026-08-05T16:11:18.343Z</time>
      </trkpt>
      <trkpt lat="46.475987" lon="12.035758">
        <ele>1712.935211</ele>
        <time>2026-08-05T16:11:20.190Z</time>
      </trkpt>
      <trkpt lat="46.475857" lon="12.036074">
        <ele>1710.144577</ele>
        <time>2026-08-05T16:11:21.881Z</time>
      </trkpt>
      <trkpt lat="46.475603" lon="12.037578">
        <ele>1700.507244</ele>
        <time>2026-08-05T16:11:29.074Z</time>
      </trkpt>
      <trkpt lat="46.475511" lon="12.038078">
        <ele>1697.734404</ele>
        <time>2026-08-05T16:11:31.778Z</time>
      </trkpt>
      <trkpt lat="46.475303" lon="12.039261">
        <ele>1691.134587</ele>
        <time>2026-08-05T16:11:38.136Z</time>
      </trkpt>
      <trkpt lat="46.475243" lon="12.039326">
        <ele>1690.464705</ele>
        <time>2026-08-05T16:11:38.717Z</time>
      </trkpt>
      <trkpt lat="46.475181" lon="12.039313">
        <ele>1689.904133</ele>
        <time>2026-08-05T16:11:39.188Z</time>
      </trkpt>
      <trkpt lat="46.475141" lon="12.039247">
        <ele>1689.362321</ele>
        <time>2026-08-05T16:11:39.642Z</time>
      </trkpt>
      <trkpt lat="46.475136" lon="12.039097">
        <ele>1688.436838</ele>
        <time>2026-08-05T16:11:40.426Z</time>
      </trkpt>
      <trkpt lat="46.475206" lon="12.038656">
        <ele>1685.647846</ele>
        <time>2026-08-05T16:11:42.691Z</time>
      </trkpt>
      <trkpt lat="46.475228" lon="12.038214">
        <ele>1682.916843</ele>
        <time>2026-08-05T16:11:44.804Z</time>
      </trkpt>
      <trkpt lat="46.475232" lon="12.037681">
        <ele>1679.631949</ele>
        <time>2026-08-05T16:11:47.279Z</time>
      </trkpt>
      <trkpt lat="46.475177" lon="12.036720">
        <ele>1673.135873</ele>
        <time>2026-08-05T16:11:51.788Z</time>
      </trkpt>
      <trkpt lat="46.475060" lon="12.036423">
        <ele>1670.377661</ele>
        <time>2026-08-05T16:11:53.409Z</time>
      </trkpt>
      <trkpt lat="46.475029" lon="12.036196">
        <ele>1668.512132</ele>
        <time>2026-08-05T16:11:54.502Z</time>
      </trkpt>
      <trkpt lat="46.475181" lon="12.035515">
        <ele>1662.741318</ele>
        <time>2026-08-05T16:11:57.841Z</time>
      </trkpt>
      <trkpt lat="46.475182" lon="12.035069">
        <ele>1659.146004</ele>
        <time>2026-08-05T16:11:59.901Z</time>
      </trkpt>
      <trkpt lat="46.475151" lon="12.034760">
        <ele>1656.628801</ele>
        <time>2026-08-05T16:12:01.347Z</time>
      </trkpt>
      <trkpt lat="46.475047" lon="12.034495">
        <ele>1654.211754</ele>
        <time>2026-08-05T16:12:02.763Z</time>
      </trkpt>
      <trkpt lat="46.474601" lon="12.034027">
        <ele>1648.798448</ele>
        <time>2026-08-05T16:12:06.514Z</time>
      </trkpt>
      <trkpt lat="46.474559" lon="12.033891">
        <ele>1647.788656</ele>
        <time>2026-08-05T16:12:07.225Z</time>
      </trkpt>
      <trkpt lat="46.474609" lon="12.033133">
        <ele>1642.629753</ele>
        <time>2026-08-05T16:12:10.868Z</time>
      </trkpt>
      <trkpt lat="46.474703" lon="12.033055">
        <ele>1641.564675</ele>
        <time>2026-08-05T16:12:11.624Z</time>
      </trkpt>
      <trkpt lat="46.474974" lon="12.033038">
        <ele>1638.896194</ele>
        <time>2026-08-05T16:12:13.527Z</time>
      </trkpt>
      <trkpt lat="46.475065" lon="12.032953">
        <ele>1637.831749</ele>
        <time>2026-08-05T16:12:14.287Z</time>
      </trkpt>
      <trkpt lat="46.475143" lon="12.032764">
        <ele>1636.352674</ele>
        <time>2026-08-05T16:12:15.361Z</time>
      </trkpt>
      <trkpt lat="46.475195" lon="12.032473">
        <ele>1634.385969</ele>
        <time>2026-08-05T16:12:16.820Z</time>
      </trkpt>
      <trkpt lat="46.475257" lon="12.031720">
        <ele>1629.424919</ele>
        <time>2026-08-05T16:12:20.441Z</time>
      </trkpt>
      <trkpt lat="46.475367" lon="12.031128">
        <ele>1625.413698</ele>
        <time>2026-08-05T16:12:23.319Z</time>
      </trkpt>
      <trkpt lat="46.475312" lon="12.031029">
        <ele>1624.581597</ele>
        <time>2026-08-05T16:12:23.911Z</time>
      </trkpt>
      <trkpt lat="46.475221" lon="12.031053">
        <ele>1623.703028</ele>
        <time>2026-08-05T16:12:24.537Z</time>
      </trkpt>
      <trkpt lat="46.475014" lon="12.031692">
        <ele>1619.151307</ele>
        <time>2026-08-05T16:12:27.873Z</time>
      </trkpt>
      <trkpt lat="46.474903" lon="12.031947">
        <ele>1617.413688</ele>
        <time>2026-08-05T16:12:29.393Z</time>
      </trkpt>
      <trkpt lat="46.474817" lon="12.032003">
        <ele>1616.625374</ele>
        <time>2026-08-05T16:12:30.079Z</time>
      </trkpt>
      <trkpt lat="46.474737" lon="12.031941">
        <ele>1615.866919</ele>
        <time>2026-08-05T16:12:30.749Z</time>
      </trkpt>
      <trkpt lat="46.474717" lon="12.031848">
        <ele>1615.305723</ele>
        <time>2026-08-05T16:12:31.244Z</time>
      </trkpt>
      <trkpt lat="46.474801" lon="12.031534">
        <ele>1613.365404</ele>
        <time>2026-08-05T16:12:32.971Z</time>
      </trkpt>
      <trkpt lat="46.474799" lon="12.031324">
        <ele>1612.155680</ele>
        <time>2026-08-05T16:12:34.041Z</time>
      </trkpt>
      <trkpt lat="46.474770" lon="12.031221">
        <ele>1611.514728</ele>
        <time>2026-08-05T16:12:34.599Z</time>
      </trkpt>
      <trkpt lat="46.474665" lon="12.030868">
        <ele>1609.299878</ele>
        <time>2026-08-05T16:12:36.498Z</time>
      </trkpt>
      <trkpt lat="46.474604" lon="12.030743">
        <ele>1608.417429</ele>
        <time>2026-08-05T16:12:37.248Z</time>
      </trkpt>
      <trkpt lat="46.474523" lon="12.030696">
        <ele>1607.687859</ele>
        <time>2026-08-05T16:12:37.854Z</time>
      </trkpt>
      <trkpt lat="46.473927" lon="12.030775">
        <ele>1601.047798</ele>
        <time>2026-08-05T16:12:41.984Z</time>
      </trkpt>
      <trkpt lat="46.472317" lon="12.031070">
        <ele>1575.998972</ele>
        <time>2026-08-05T16:12:52.673Z</time>
      </trkpt>
      <trkpt lat="46.472081" lon="12.031227">
        <ele>1572.203055</ele>
        <time>2026-08-05T16:12:54.382Z</time>
      </trkpt>
      <trkpt lat="46.471981" lon="12.031351">
        <ele>1570.280122</ele>
        <time>2026-08-05T16:12:55.251Z</time>
      </trkpt>
      <trkpt lat="46.471904" lon="12.031557">
        <ele>1567.919688</ele>
        <time>2026-08-05T16:12:56.323Z</time>
      </trkpt>
      <trkpt lat="46.471805" lon="12.031622">
        <ele>1566.330920</ele>
        <time>2026-08-05T16:12:57.043Z</time>
      </trkpt>
      <trkpt lat="46.471715" lon="12.031545">
        <ele>1564.803407</ele>
        <time>2026-08-05T16:12:57.742Z</time>
      </trkpt>
      <trkpt lat="46.471582" lon="12.030957">
        <ele>1558.570565</ele>
        <time>2026-08-05T16:13:00.577Z</time>
      </trkpt>
      <trkpt lat="46.471476" lon="12.030599">
        <ele>1554.646128</ele>
        <time>2026-08-05T16:13:02.367Z</time>
      </trkpt>
      <trkpt lat="46.471378" lon="12.030391">
        <ele>1552.108116</ele>
        <time>2026-08-05T16:13:03.532Z</time>
      </trkpt>
      <trkpt lat="46.470967" lon="12.030076">
        <ele>1547.292981</ele>
        <time>2026-08-05T16:13:06.682Z</time>
      </trkpt>
      <trkpt lat="46.470660" lon="12.029933">
        <ele>1544.381153</ele>
        <time>2026-08-05T16:13:08.909Z</time>
      </trkpt>
      <trkpt lat="46.470523" lon="12.029748">
        <ele>1542.691446</ele>
        <time>2026-08-05T16:13:10.210Z</time>
      </trkpt>
      <trkpt lat="46.470436" lon="12.029716">
        <ele>1541.880892</ele>
        <time>2026-08-05T16:13:10.843Z</time>
      </trkpt>
      <trkpt lat="46.470386" lon="12.029789">
        <ele>1541.240502</ele>
        <time>2026-08-05T16:13:11.333Z</time>
      </trkpt>
      <trkpt lat="46.470402" lon="12.029948">
        <ele>1540.240989</ele>
        <time>2026-08-05T16:13:12.107Z</time>
      </trkpt>
      <trkpt lat="46.470655" lon="12.030149">
        <ele>1537.636351</ele>
        <time>2026-08-05T16:13:14.137Z</time>
      </trkpt>
      <trkpt lat="46.470785" lon="12.030312">
        <ele>1536.085080</ele>
        <time>2026-08-05T16:13:15.361Z</time>
      </trkpt>
      <trkpt lat="46.470929" lon="12.030592">
        <ele>1533.971266</ele>
        <time>2026-08-05T16:13:17.132Z</time>
      </trkpt>
      <trkpt lat="46.471072" lon="12.030804">
        <ele>1532.453569</ele>
        <time>2026-08-05T16:13:18.676Z</time>
      </trkpt>
      <trkpt lat="46.471128" lon="12.031019">
        <ele>1531.277928</ele>
        <time>2026-08-05T16:13:19.900Z</time>
      </trkpt>
      <trkpt lat="46.471137" lon="12.031155">
        <ele>1530.579145</ele>
        <time>2026-08-05T16:13:20.632Z</time>
      </trkpt>
      <trkpt lat="46.471130" lon="12.031327">
        <ele>1529.697907</ele>
        <time>2026-08-05T16:13:21.537Z</time>
      </trkpt>
      <trkpt lat="46.471053" lon="12.031662">
        <ele>1527.891630</ele>
        <time>2026-08-05T16:13:23.348Z</time>
      </trkpt>
      <trkpt lat="46.470866" lon="12.032198">
        <ele>1524.818552</ele>
        <time>2026-08-05T16:13:26.290Z</time>
      </trkpt>
      <trkpt lat="46.470899" lon="12.032328">
        <ele>1524.109932</ele>
        <time>2026-08-05T16:13:26.948Z</time>
      </trkpt>
      <trkpt lat="46.471009" lon="12.032498">
        <ele>1522.916918</ele>
        <time>2026-08-05T16:13:28.051Z</time>
      </trkpt>
      <trkpt lat="46.471010" lon="12.032576">
        <ele>1522.517913</ele>
        <time>2026-08-05T16:13:28.418Z</time>
      </trkpt>
      <trkpt lat="46.470978" lon="12.032640">
        <ele>1522.113415</ele>
        <time>2026-08-05T16:13:28.789Z</time>
      </trkpt>
      <trkpt lat="46.470874" lon="12.032665">
        <ele>1521.330580</ele>
        <time>2026-08-05T16:13:29.509Z</time>
      </trkpt>
      <trkpt lat="46.470787" lon="12.032593">
        <ele>1520.588894</ele>
        <time>2026-08-05T16:13:30.193Z</time>
      </trkpt>
      <trkpt lat="46.470679" lon="12.032429">
        <ele>1519.435886</ele>
        <time>2026-08-05T16:13:31.259Z</time>
      </trkpt>
      <trkpt lat="46.470639" lon="12.032317">
        <ele>1518.794794</ele>
        <time>2026-08-05T16:13:31.853Z</time>
      </trkpt>
      <trkpt lat="46.470637" lon="12.032190">
        <ele>1518.149279</ele>
        <time>2026-08-05T16:13:32.453Z</time>
      </trkpt>
      <trkpt lat="46.470720" lon="12.031916">
        <ele>1516.628238</ele>
        <time>2026-08-05T16:13:33.877Z</time>
      </trkpt>
      <trkpt lat="46.470734" lon="12.031766">
        <ele>1515.859053</ele>
        <time>2026-08-05T16:13:34.611Z</time>
      </trkpt>
      <trkpt lat="46.470729" lon="12.031455">
        <ele>1514.278289</ele>
        <time>2026-08-05T16:13:36.164Z</time>
      </trkpt>
      <trkpt lat="46.470672" lon="12.031210">
        <ele>1512.964218</ele>
        <time>2026-08-05T16:13:37.517Z</time>
      </trkpt>
      <trkpt lat="46.470599" lon="12.031191">
        <ele>1512.417035</ele>
        <time>2026-08-05T16:13:38.075Z</time>
      </trkpt>
      <trkpt lat="46.470543" lon="12.031271">
        <ele>1511.837408</ele>
        <time>2026-08-05T16:13:38.658Z</time>
      </trkpt>
      <trkpt lat="46.470541" lon="12.031670">
        <ele>1509.809845</ele>
        <time>2026-08-05T16:13:40.679Z</time>
      </trkpt>
      <trkpt lat="46.470512" lon="12.031822">
        <ele>1509.008373</ele>
        <time>2026-08-05T16:13:41.480Z</time>
      </trkpt>
      <trkpt lat="46.470447" lon="12.032009">
        <ele>1507.943976</ele>
        <time>2026-08-05T16:13:42.547Z</time>
      </trkpt>
      <trkpt lat="46.470274" lon="12.032174">
        <ele>1506.067664</ele>
        <time>2026-08-05T16:13:44.073Z</time>
      </trkpt>
      <trkpt lat="46.470179" lon="12.032202">
        <ele>1505.144979</ele>
        <time>2026-08-05T16:13:44.794Z</time>
      </trkpt>
      <trkpt lat="46.470075" lon="12.032223">
        <ele>1504.145545</ele>
        <time>2026-08-05T16:13:45.570Z</time>
      </trkpt>
      <trkpt lat="46.469955" lon="12.032188">
        <ele>1502.980526</ele>
        <time>2026-08-05T16:13:46.462Z</time>
      </trkpt>
      <trkpt lat="46.469712" lon="12.031879">
        <ele>1499.905924</ele>
        <time>2026-08-05T16:13:48.795Z</time>
      </trkpt>
      <trkpt lat="46.469618" lon="12.031828">
        <ele>1498.950773</ele>
        <time>2026-08-05T16:13:49.507Z</time>
      </trkpt>
      <trkpt lat="46.469070" lon="12.031782">
        <ele>1493.726014</ele>
        <time>2026-08-05T16:13:53.225Z</time>
      </trkpt>
      <trkpt lat="46.468867" lon="12.031710">
        <ele>1491.736974</ele>
        <time>2026-08-05T16:13:54.610Z</time>
      </trkpt>
      <trkpt lat="46.468606" lon="12.031548">
        <ele>1488.717956</ele>
        <time>2026-08-05T16:13:56.503Z</time>
      </trkpt>
      <trkpt lat="46.468508" lon="12.031538">
        <ele>1487.580388</ele>
        <time>2026-08-05T16:13:57.156Z</time>
      </trkpt>
      <trkpt lat="46.467941" lon="12.031587">
        <ele>1481.003315</ele>
        <time>2026-08-05T16:14:01.000Z</time>
      </trkpt>
      <trkpt lat="46.467677" lon="12.031647">
        <ele>1477.909158</ele>
        <time>2026-08-05T16:14:02.844Z</time>
      </trkpt>
      <trkpt lat="46.467418" lon="12.031803">
        <ele>1474.662291</ele>
        <time>2026-08-05T16:14:04.735Z</time>
      </trkpt>
      <trkpt lat="46.467049" lon="12.032109">
        <ele>1469.741679</ele>
        <time>2026-08-05T16:14:07.631Z</time>
      </trkpt>
      <trkpt lat="46.466829" lon="12.032255">
        <ele>1467.582144</ele>
        <time>2026-08-05T16:14:09.317Z</time>
      </trkpt>
      <trkpt lat="46.466720" lon="12.032217">
        <ele>1466.588803</ele>
        <time>2026-08-05T16:14:10.097Z</time>
      </trkpt>
      <trkpt lat="46.466675" lon="12.032092">
        <ele>1465.727944</ele>
        <time>2026-08-05T16:14:10.776Z</time>
      </trkpt>
      <trkpt lat="46.466743" lon="12.031847">
        <ele>1464.115751</ele>
        <time>2026-08-05T16:14:12.053Z</time>
      </trkpt>
      <trkpt lat="46.467203" lon="12.031067">
        <ele>1457.848403</ele>
        <time>2026-08-05T16:14:17.012Z</time>
      </trkpt>
      <trkpt lat="46.467329" lon="12.030913">
        <ele>1456.388919</ele>
        <time>2026-08-05T16:14:18.145Z</time>
      </trkpt>
      <trkpt lat="46.467506" lon="12.030767">
        <ele>1454.585005</ele>
        <time>2026-08-05T16:14:19.568Z</time>
      </trkpt>
      <trkpt lat="46.467545" lon="12.030667">
        <ele>1453.883616</ele>
        <time>2026-08-05T16:14:20.138Z</time>
      </trkpt>
      <trkpt lat="46.467532" lon="12.030504">
        <ele>1453.029813</ele>
        <time>2026-08-05T16:14:20.943Z</time>
      </trkpt>
      <trkpt lat="46.467472" lon="12.030214">
        <ele>1451.501746</ele>
        <time>2026-08-05T16:14:22.428Z</time>
      </trkpt>
      <trkpt lat="46.467378" lon="12.029956">
        <ele>1450.028828</ele>
        <time>2026-08-05T16:14:23.857Z</time>
      </trkpt>
      <trkpt lat="46.467251" lon="12.029885">
        <ele>1449.031727</ele>
        <time>2026-08-05T16:14:24.817Z</time>
      </trkpt>
      <trkpt lat="46.466864" lon="12.029977">
        <ele>1446.158506</ele>
        <time>2026-08-05T16:14:27.586Z</time>
      </trkpt>
      <trkpt lat="46.466719" lon="12.029989">
        <ele>1445.094398</ele>
        <time>2026-08-05T16:14:28.614Z</time>
      </trkpt>
      <trkpt lat="46.466580" lon="12.029917">
        <ele>1444.013100</ele>
        <time>2026-08-05T16:14:29.667Z</time>
      </trkpt>
      <trkpt lat="46.466371" lon="12.029734">
        <ele>1442.224875</ele>
        <time>2026-08-05T16:14:31.430Z</time>
      </trkpt>
      <trkpt lat="46.466310" lon="12.029729">
        <ele>1441.777230</ele>
        <time>2026-08-05T16:14:31.869Z</time>
      </trkpt>
      <trkpt lat="46.466259" lon="12.029774">
        <ele>1441.339968</ele>
        <time>2026-08-05T16:14:32.306Z</time>
      </trkpt>
      <trkpt lat="46.466233" lon="12.029895">
        <ele>1440.700311</ele>
        <time>2026-08-05T16:14:32.939Z</time>
      </trkpt>
      <trkpt lat="46.466388" lon="12.030184">
        <ele>1439.052403</ele>
        <time>2026-08-05T16:14:34.811Z</time>
      </trkpt>
      <trkpt lat="46.466376" lon="12.030296">
        <ele>1438.547679</ele>
        <time>2026-08-05T16:14:35.405Z</time>
      </trkpt>
      <trkpt lat="46.466325" lon="12.030348">
        <ele>1438.144783</ele>
        <time>2026-08-05T16:14:35.894Z</time>
      </trkpt>
      <trkpt lat="46.466254" lon="12.030329">
        <ele>1437.678042</ele>
        <time>2026-08-05T16:14:36.453Z</time>
      </trkpt>
      <trkpt lat="46.465908" lon="12.029998">
        <ele>1434.999238</ele>
        <time>2026-08-05T16:14:39.687Z</time>
      </trkpt>
      <trkpt lat="46.465809" lon="12.029955">
        <ele>1434.331182</ele>
        <time>2026-08-05T16:14:40.489Z</time>
      </trkpt>
      <trkpt lat="46.465669" lon="12.029997">
        <ele>1433.406973</ele>
        <time>2026-08-05T16:14:41.581Z</time>
      </trkpt>
      <trkpt lat="46.465367" lon="12.030199">
        <ele>1431.257324</ele>
        <time>2026-08-05T16:14:44.025Z</time>
      </trkpt>
      <trkpt lat="46.464712" lon="12.030352">
        <ele>1424.712115</ele>
        <time>2026-08-05T16:14:48.607Z</time>
      </trkpt>
      <trkpt lat="46.464026" lon="12.030795">
        <ele>1414.271596</ele>
        <time>2026-08-05T16:14:53.607Z</time>
      </trkpt>
      <trkpt lat="46.462630" lon="12.031289">
        <ele>1394.817327</ele>
        <time>2026-08-05T16:15:03.103Z</time>
      </trkpt>
      <trkpt lat="46.461741" lon="12.031808">
        <ele>1382.221789</ele>
        <time>2026-08-05T16:15:09.592Z</time>
      </trkpt>
      <trkpt lat="46.461577" lon="12.031811">
        <ele>1380.092700</ele>
        <time>2026-08-05T16:15:10.726Z</time>
      </trkpt>
      <trkpt lat="46.461231" lon="12.031717">
        <ele>1376.063788</ele>
        <time>2026-08-05T16:15:13.165Z</time>
      </trkpt>
      <trkpt lat="46.461065" lon="12.031726">
        <ele>1374.162502</ele>
        <time>2026-08-05T16:15:14.318Z</time>
      </trkpt>
      <trkpt lat="46.460869" lon="12.031770">
        <ele>1371.892509</ele>
        <time>2026-08-05T16:15:15.689Z</time>
      </trkpt>
      <trkpt lat="46.460592" lon="12.031938">
        <ele>1368.456522</ele>
        <time>2026-08-05T16:15:17.752Z</time>
      </trkpt>
      <trkpt lat="46.460484" lon="12.031958">
        <ele>1367.210385</ele>
        <time>2026-08-05T16:15:18.492Z</time>
      </trkpt>
      <trkpt lat="46.460333" lon="12.031914">
        <ele>1365.447633</ele>
        <time>2026-08-05T16:15:19.535Z</time>
      </trkpt>
      <trkpt lat="46.460015" lon="12.031677">
        <ele>1361.356306</ele>
        <time>2026-08-05T16:15:21.939Z</time>
      </trkpt>
      <trkpt lat="46.459916" lon="12.031643">
        <ele>1360.191918</ele>
        <time>2026-08-05T16:15:22.612Z</time>
      </trkpt>
      <trkpt lat="46.459408" lon="12.031643">
        <ele>1353.081598</ele>
        <time>2026-08-05T16:15:25.989Z</time>
      </trkpt>
      <trkpt lat="46.458967" lon="12.031505">
        <ele>1346.657885</ele>
        <time>2026-08-05T16:15:28.987Z</time>
      </trkpt>
      <trkpt lat="46.458918" lon="12.031532">
        <ele>1345.911591</ele>
        <time>2026-08-05T16:15:29.332Z</time>
      </trkpt>
      <trkpt lat="46.458872" lon="12.031634">
        <ele>1344.715739</ele>
        <time>2026-08-05T16:15:29.887Z</time>
      </trkpt>
      <trkpt lat="46.458770" lon="12.031911">
        <ele>1341.634819</ele>
        <time>2026-08-05T16:15:31.322Z</time>
      </trkpt>
      <trkpt lat="46.458704" lon="12.032006">
        <ele>1340.311355</ele>
        <time>2026-08-05T16:15:31.944Z</time>
      </trkpt>
      <trkpt lat="46.458569" lon="12.032031">
        <ele>1338.373490</ele>
        <time>2026-08-05T16:15:32.848Z</time>
      </trkpt>
      <trkpt lat="46.457910" lon="12.031861">
        <ele>1330.221132</ele>
        <time>2026-08-05T16:15:37.347Z</time>
      </trkpt>
      <trkpt lat="46.457277" lon="12.031595">
        <ele>1323.308983</ele>
        <time>2026-08-05T16:15:41.828Z</time>
      </trkpt>
      <trkpt lat="46.457176" lon="12.031560">
        <ele>1322.219824</ele>
        <time>2026-08-05T16:15:42.530Z</time>
      </trkpt>
      <trkpt lat="46.456714" lon="12.031501">
        <ele>1317.355186</ele>
        <time>2026-08-05T16:15:45.704Z</time>
      </trkpt>
      <trkpt lat="46.456434" lon="12.031590">
        <ele>1315.072166</ele>
        <time>2026-08-05T16:15:47.791Z</time>
      </trkpt>
      <trkpt lat="46.456411" lon="12.031598">
        <ele>1315.032442</ele>
        <time>2026-08-05T16:15:47.969Z</time>
      </trkpt>
      <trkpt lat="46.456273" lon="12.031593">
        <ele>1314.800589</ele>
        <time>2026-08-05T16:15:49.034Z</time>
      </trkpt>
      <trkpt lat="46.456283" lon="12.031513">
        <ele>1314.706512</ele>
        <time>2026-08-05T16:15:49.479Z</time>
      </trkpt>
      <trkpt lat="46.456298" lon="12.031017">
        <ele>1314.132051</ele>
        <time>2026-08-05T16:15:52.260Z</time>
      </trkpt>
      <trkpt lat="46.456279" lon="12.030890">
        <ele>1313.981677</ele>
        <time>2026-08-05T16:15:53.022Z</time>
      </trkpt>
      <trkpt lat="46.456223" lon="12.030800">
        <ele>1313.841353</ele>
        <time>2026-08-05T16:15:53.760Z</time>
      </trkpt>
      <trkpt lat="46.455822" lon="12.030555">
        <ele>1313.110614</ele>
        <time>2026-08-05T16:15:58.156Z</time>
      </trkpt>
      <trkpt lat="46.455031" lon="12.030229">
        <ele>1313.553980</ele>
        <time>2026-08-05T16:16:14.038Z</time>
      </trkpt>
      <trkpt lat="46.454622" lon="12.029905">
        <ele>1315.878019</ele>
        <time>2026-08-05T16:16:21.727Z</time>
      </trkpt>
      <trkpt lat="46.454429" lon="12.029689">
        <ele>1317.093580</ele>
        <time>2026-08-05T16:16:26.602Z</time>
      </trkpt>
      <trkpt lat="46.453938" lon="12.028808">
        <ele>1320.987485</ele>
        <time>2026-08-05T16:16:52.546Z</time>
      </trkpt>
      <trkpt lat="46.453914" lon="12.028714">
        <ele>1321.600468</ele>
        <time>2026-08-05T16:16:55.960Z</time>
      </trkpt>
      <trkpt lat="46.453911" lon="12.028522">
        <ele>1323.293329</ele>
        <time>2026-08-05T16:17:02.795Z</time>
      </trkpt>
      <trkpt lat="46.453964" lon="12.028143">
        <ele>1326.702235</ele>
        <time>2026-08-05T16:17:17.861Z</time>
      </trkpt>
      <trkpt lat="46.453954" lon="12.028017">
        <ele>1327.820234</ele>
        <time>2026-08-05T16:17:23.104Z</time>
      </trkpt>
      <trkpt lat="46.453902" lon="12.027781">
        <ele>1330.004311</ele>
        <time>2026-08-05T16:17:33.374Z</time>
      </trkpt>
      <trkpt lat="46.453669" lon="12.027235">
        <ele>1335.665653</ele>
        <time>2026-08-05T16:17:59.735Z</time>
      </trkpt>
      <trkpt lat="46.453697" lon="12.026542">
        <ele>1341.784776</ele>
        <time>2026-08-05T16:18:26.000Z</time>
      </trkpt>
      <trkpt lat="46.453674" lon="12.026429">
        <ele>1342.823405</ele>
        <time>2026-08-05T16:18:30.398Z</time>
      </trkpt>
      <trkpt lat="46.453552" lon="12.026183">
        <ele>1344.857495</ele>
        <time>2026-08-05T16:18:41.593Z</time>
      </trkpt>
      <trkpt lat="46.453493" lon="12.026141">
        <ele>1345.292620</ele>
        <time>2026-08-05T16:18:45.005Z</time>
      </trkpt>
      <trkpt lat="46.453128" lon="12.026179">
        <ele>1347.715690</ele>
        <time>2026-08-05T16:19:02.921Z</time>
      </trkpt>
      <trkpt lat="46.453064" lon="12.026157">
        <ele>1348.151190</ele>
        <time>2026-08-05T16:19:05.911Z</time>
      </trkpt>
      <trkpt lat="46.453009" lon="12.026090">
        <ele>1348.626638</ele>
        <time>2026-08-05T16:19:09.134Z</time>
      </trkpt>
      <trkpt lat="46.452966" lon="12.026012">
        <ele>1349.082361</ele>
        <time>2026-08-05T16:19:12.002Z</time>
      </trkpt>
      <trkpt lat="46.452693" lon="12.025171">
        <ele>1353.323469</ele>
        <time>2026-08-05T16:19:31.891Z</time>
      </trkpt>
      <trkpt lat="46.452602" lon="12.024983">
        <ele>1354.371625</ele>
        <time>2026-08-05T16:19:34.664Z</time>
      </trkpt>
      <trkpt lat="46.452528" lon="12.024885">
        <ele>1355.034924</ele>
        <time>2026-08-05T16:19:35.982Z</time>
      </trkpt>
      <trkpt lat="46.452429" lon="12.024811">
        <ele>1355.772274</ele>
        <time>2026-08-05T16:19:37.173Z</time>
      </trkpt>
      <trkpt lat="46.452195" lon="12.024712">
        <ele>1355.809890</ele>
        <time>2026-08-05T16:19:39.531Z</time>
      </trkpt>
      <trkpt lat="46.451958" lon="12.024632">
        <ele>1355.471913</ele>
        <time>2026-08-05T16:19:41.608Z</time>
      </trkpt>
      <trkpt lat="46.451390" lon="12.024535">
        <ele>1354.677519</ele>
        <time>2026-08-05T16:19:46.064Z</time>
      </trkpt>
      <trkpt lat="46.451218" lon="12.024432">
        <ele>1354.419076</ele>
        <time>2026-08-05T16:19:47.542Z</time>
      </trkpt>
      <trkpt lat="46.450611" lon="12.023855">
        <ele>1353.902807</ele>
        <time>2026-08-05T16:19:54.585Z</time>
      </trkpt>
      <trkpt lat="46.450438" lon="12.023633">
        <ele>1354.489920</ele>
        <time>2026-08-05T16:20:00.048Z</time>
      </trkpt>
      <trkpt lat="46.450396" lon="12.023420">
        <ele>1354.878020</ele>
        <time>2026-08-05T16:20:04.219Z</time>
      </trkpt>
      <trkpt lat="46.450398" lon="12.023181">
        <ele>1355.296716</ele>
        <time>2026-08-05T16:20:08.915Z</time>
      </trkpt>
      <trkpt lat="46.450499" lon="12.022604">
        <ele>1356.339579</ele>
        <time>2026-08-05T16:20:20.064Z</time>
      </trkpt>
      <trkpt lat="46.450559" lon="12.022309">
        <ele>1356.878386</ele>
        <time>2026-08-05T16:20:25.574Z</time>
      </trkpt>
      <trkpt lat="46.451013" lon="12.020395">
        <ele>1361.507314</ele>
        <time>2026-08-05T16:20:46.379Z</time>
      </trkpt>
      <trkpt lat="46.451182" lon="12.019359">
        <ele>1364.263434</ele>
        <time>2026-08-05T16:21:07.300Z</time>
      </trkpt>
      <trkpt lat="46.451229" lon="12.019220">
        <ele>1364.664273</ele>
        <time>2026-08-05T16:21:10.773Z</time>
      </trkpt>
      <trkpt lat="46.451291" lon="12.019114">
        <ele>1365.218016</ele>
        <time>2026-08-05T16:21:14.186Z</time>
      </trkpt>
      <trkpt lat="46.451496" lon="12.018912">
        <ele>1367.819691</ele>
        <time>2026-08-05T16:21:23.217Z</time>
      </trkpt>
      <trkpt lat="46.451632" lon="12.018694">
        <ele>1369.947199</ele>
        <time>2026-08-05T16:21:31.572Z</time>
      </trkpt>
      <trkpt lat="46.452187" lon="12.017768">
        <ele>1378.826054</ele>
        <time>2026-08-05T16:22:15.343Z</time>
      </trkpt>
      <trkpt lat="46.452855" lon="12.015932">
        <ele>1391.550999</ele>
        <time>2026-08-05T16:23:23.576Z</time>
      </trkpt>
      <trkpt lat="46.452860" lon="12.015868">
        <ele>1391.910474</ele>
        <time>2026-08-05T16:23:25.190Z</time>
      </trkpt>
      <trkpt lat="46.452887" lon="12.015704">
        <ele>1392.851533</ele>
        <time>2026-08-05T16:23:29.468Z</time>
      </trkpt>
      <trkpt lat="46.452828" lon="12.015474">
        <ele>1394.221262</ele>
        <time>2026-08-05T16:23:34.955Z</time>
      </trkpt>
      <trkpt lat="46.452708" lon="12.015326">
        <ele>1395.496890</ele>
        <time>2026-08-05T16:23:39.402Z</time>
      </trkpt>
      <trkpt lat="46.452567" lon="12.015289">
        <ele>1396.657614</ele>
        <time>2026-08-05T16:23:42.932Z</time>
      </trkpt>
      <trkpt lat="46.452419" lon="12.015362">
        <ele>1397.923861</ele>
        <time>2026-08-05T16:23:46.496Z</time>
      </trkpt>
      <trkpt lat="46.451938" lon="12.015800">
        <ele>1400.551786</ele>
        <time>2026-08-05T16:23:57.499Z</time>
      </trkpt>
      <trkpt lat="46.451739" lon="12.015885">
        <ele>1401.433979</ele>
        <time>2026-08-05T16:24:01.105Z</time>
      </trkpt>
      <trkpt lat="46.451576" lon="12.015871">
        <ele>1402.128400</ele>
        <time>2026-08-05T16:24:03.826Z</time>
      </trkpt>
      <trkpt lat="46.450097" lon="12.015171">
        <ele>1411.448364</ele>
        <time>2026-08-05T16:24:50.929Z</time>
      </trkpt>
      <trkpt lat="46.449992" lon="12.015144">
        <ele>1412.352289</ele>
        <time>2026-08-05T16:24:55.593Z</time>
      </trkpt>
      <trkpt lat="46.448335" lon="12.014028">
        <ele>1424.536907</ele>
        <time>2026-08-05T16:26:16.593Z</time>
      </trkpt>
      <trkpt lat="46.448086" lon="12.013959">
        <ele>1425.606156</ele>
        <time>2026-08-05T16:26:22.807Z</time>
      </trkpt>
      <trkpt lat="46.447359" lon="12.013963">
        <ele>1428.672646</ele>
        <time>2026-08-05T16:26:30.398Z</time>
      </trkpt>
      <trkpt lat="46.447221" lon="12.013944">
        <ele>1428.756775</ele>
        <time>2026-08-05T16:26:31.500Z</time>
      </trkpt>
      <trkpt lat="46.447103" lon="12.013887">
        <ele>1428.628535</ele>
        <time>2026-08-05T16:26:32.459Z</time>
      </trkpt>
      <trkpt lat="46.446987" lon="12.013784">
        <ele>1428.488310</ele>
        <time>2026-08-05T16:26:33.499Z</time>
      </trkpt>
      <trkpt lat="46.446859" lon="12.013604">
        <ele>1428.304526</ele>
        <time>2026-08-05T16:26:34.879Z</time>
      </trkpt>
      <trkpt lat="46.446454" lon="12.012703">
        <ele>1427.540189</ele>
        <time>2026-08-05T16:26:41.591Z</time>
      </trkpt>
      <trkpt lat="46.446084" lon="12.012238">
        <ele>1427.035493</ele>
        <time>2026-08-05T16:26:50.950Z</time>
      </trkpt>
      <trkpt lat="46.445749" lon="12.011665">
        <ele>1426.681302</ele>
        <time>2026-08-05T16:26:59.296Z</time>
      </trkpt>
      <trkpt lat="46.445486" lon="12.011416">
        <ele>1426.474165</ele>
        <time>2026-08-05T16:27:02.414Z</time>
      </trkpt>
      <trkpt lat="46.444871" lon="12.011087">
        <ele>1426.041805</ele>
        <time>2026-08-05T16:27:07.808Z</time>
      </trkpt>
      <trkpt lat="46.444736" lon="12.010983">
        <ele>1425.940986</ele>
        <time>2026-08-05T16:27:09.057Z</time>
      </trkpt>
      <trkpt lat="46.444618" lon="12.010833">
        <ele>1425.837511</ele>
        <time>2026-08-05T16:27:10.432Z</time>
      </trkpt>
      <trkpt lat="46.444518" lon="12.010625">
        <ele>1426.515777</ele>
        <time>2026-08-05T16:27:12.716Z</time>
      </trkpt>
      <trkpt lat="46.444445" lon="12.010398">
        <ele>1427.386857</ele>
        <time>2026-08-05T16:27:15.357Z</time>
      </trkpt>
      <trkpt lat="46.444435" lon="12.010109">
        <ele>1428.393063</ele>
        <time>2026-08-05T16:27:19.404Z</time>
      </trkpt>
      <trkpt lat="46.444476" lon="12.009815">
        <ele>1429.436116</ele>
        <time>2026-08-05T16:27:24.646Z</time>
      </trkpt>
      <trkpt lat="46.444539" lon="12.009627">
        <ele>1430.163057</ele>
        <time>2026-08-05T16:27:28.978Z</time>
      </trkpt>
      <trkpt lat="46.444628" lon="12.009455">
        <ele>1430.911013</ele>
        <time>2026-08-05T16:27:34.139Z</time>
      </trkpt>
      <trkpt lat="46.444751" lon="12.009312">
        <ele>1431.706340</ele>
        <time>2026-08-05T16:27:40.447Z</time>
      </trkpt>
      <trkpt lat="46.446602" lon="12.007246">
        <ele>1447.465797</ele>
        <time>2026-08-05T16:29:09.664Z</time>
      </trkpt>
      <trkpt lat="46.446757" lon="12.007042">
        <ele>1448.614440</ele>
        <time>2026-08-05T16:29:13.786Z</time>
      </trkpt>
      <trkpt lat="46.446806" lon="12.006903">
        <ele>1449.037397</ele>
        <time>2026-08-05T16:29:16.056Z</time>
      </trkpt>
      <trkpt lat="46.446817" lon="12.006740">
        <ele>1449.481061</ele>
        <time>2026-08-05T16:29:18.367Z</time>
      </trkpt>
      <trkpt lat="46.446747" lon="12.006526">
        <ele>1450.122775</ele>
        <time>2026-08-05T16:29:21.825Z</time>
      </trkpt>
      <trkpt lat="46.446616" lon="12.006384">
        <ele>1450.765596</ele>
        <time>2026-08-05T16:29:25.333Z</time>
      </trkpt>
      <trkpt lat="46.446272" lon="12.006120">
        <ele>1452.295473</ele>
        <time>2026-08-05T16:29:33.793Z</time>
      </trkpt>
      <trkpt lat="46.444929" lon="12.005096">
        <ele>1453.797751</ele>
        <time>2026-08-05T16:30:11.548Z</time>
      </trkpt>
      <trkpt lat="46.444522" lon="12.004746">
        <ele>1452.914096</ele>
        <time>2026-08-05T16:30:15.882Z</time>
      </trkpt>
      <trkpt lat="46.444198" lon="12.004378">
        <ele>1452.145604</ele>
        <time>2026-08-05T16:30:18.864Z</time>
      </trkpt>
      <trkpt lat="46.443829" lon="12.004136">
        <ele>1449.421774</ele>
        <time>2026-08-05T16:30:21.615Z</time>
      </trkpt>
      <trkpt lat="46.443693" lon="12.003995">
        <ele>1447.845823</ele>
        <time>2026-08-05T16:30:22.729Z</time>
      </trkpt>
      <trkpt lat="46.443583" lon="12.003777">
        <ele>1446.090291</ele>
        <time>2026-08-05T16:30:23.960Z</time>
      </trkpt>
      <trkpt lat="46.443498" lon="12.003404">
        <ele>1443.537754</ele>
        <time>2026-08-05T16:30:25.750Z</time>
      </trkpt>
      <trkpt lat="46.443557" lon="12.002290">
        <ele>1436.278540</ele>
        <time>2026-08-05T16:30:30.987Z</time>
      </trkpt>
      <trkpt lat="46.443693" lon="12.001656">
        <ele>1436.729882</ele>
        <time>2026-08-05T16:30:39.626Z</time>
      </trkpt>
      <trkpt lat="46.443764" lon="12.001468">
        <ele>1437.585851</ele>
        <time>2026-08-05T16:30:45.069Z</time>
      </trkpt>
      <trkpt lat="46.443903" lon="12.001274">
        <ele>1438.703285</ele>
        <time>2026-08-05T16:30:52.891Z</time>
      </trkpt>
      <trkpt lat="46.444104" lon="12.001166">
        <ele>1439.945207</ele>
        <time>2026-08-05T16:31:01.882Z</time>
      </trkpt>
      <trkpt lat="46.444295" lon="12.001128">
        <ele>1441.062274</ele>
        <time>2026-08-05T16:31:10.537Z</time>
      </trkpt>
      <trkpt lat="46.444622" lon="12.001122">
        <ele>1442.957170</ele>
        <time>2026-08-05T16:31:25.372Z</time>
      </trkpt>
      <trkpt lat="46.444925" lon="12.001084">
        <ele>1444.719394</ele>
        <time>2026-08-05T16:31:38.725Z</time>
      </trkpt>
      <trkpt lat="46.445495" lon="12.000797">
        <ele>1443.814515</ele>
        <time>2026-08-05T16:31:55.217Z</time>
      </trkpt>
      <trkpt lat="46.445722" lon="12.000799">
        <ele>1443.118109</ele>
        <time>2026-08-05T16:31:57.045Z</time>
      </trkpt>
      <trkpt lat="46.446018" lon="12.000906">
        <ele>1442.182292</ele>
        <time>2026-08-05T16:31:59.283Z</time>
      </trkpt>
      <trkpt lat="46.446196" lon="12.000936">
        <ele>1441.632552</ele>
        <time>2026-08-05T16:32:00.582Z</time>
      </trkpt>
      <trkpt lat="46.446343" lon="12.000913">
        <ele>1441.178971</ele>
        <time>2026-08-05T16:32:01.646Z</time>
      </trkpt>
      <trkpt lat="46.446821" lon="12.000705">
        <ele>1438.950244</ele>
        <time>2026-08-05T16:32:05.161Z</time>
      </trkpt>
      <trkpt lat="46.447030" lon="12.000548">
        <ele>1435.298747</ele>
        <time>2026-08-05T16:32:06.773Z</time>
      </trkpt>
      <trkpt lat="46.447188" lon="12.000358">
        <ele>1432.115018</ele>
        <time>2026-08-05T16:32:08.162Z</time>
      </trkpt>
      <trkpt lat="46.447387" lon="11.999966">
        <ele>1426.909543</ele>
        <time>2026-08-05T16:32:10.388Z</time>
      </trkpt>
      <trkpt lat="46.447832" lon="11.998399">
        <ele>1408.236235</ele>
        <time>2026-08-05T16:32:18.040Z</time>
      </trkpt>
      <trkpt lat="46.447987" lon="11.997546">
        <ele>1397.132866</ele>
        <time>2026-08-05T16:32:22.026Z</time>
      </trkpt>
      <trkpt lat="46.448029" lon="11.997020">
        <ele>1390.468074</ele>
        <time>2026-08-05T16:32:24.419Z</time>
      </trkpt>
      <trkpt lat="46.448157" lon="11.996607">
        <ele>1384.768194</ele>
        <time>2026-08-05T16:32:26.467Z</time>
      </trkpt>
      <trkpt lat="46.448179" lon="11.996353">
        <ele>1381.546078</ele>
        <time>2026-08-05T16:32:27.623Z</time>
      </trkpt>
      <trkpt lat="46.448165" lon="11.996024">
        <ele>1378.132336</ele>
        <time>2026-08-05T16:32:29.113Z</time>
      </trkpt>
      <trkpt lat="46.447986" lon="11.995327">
        <ele>1372.919909</ele>
        <time>2026-08-05T16:32:32.506Z</time>
      </trkpt>
      <trkpt lat="46.447980" lon="11.995126">
        <ele>1371.510091</ele>
        <time>2026-08-05T16:32:33.429Z</time>
      </trkpt>
      <trkpt lat="46.448027" lon="11.994953">
        <ele>1370.206968</ele>
        <time>2026-08-05T16:32:34.291Z</time>
      </trkpt>
      <trkpt lat="46.448136" lon="11.994711">
        <ele>1368.180976</ele>
        <time>2026-08-05T16:32:35.652Z</time>
      </trkpt>
      <trkpt lat="46.448484" lon="11.993729">
        <ele>1360.720238</ele>
        <time>2026-08-05T16:32:41.503Z</time>
      </trkpt>
      <trkpt lat="46.448659" lon="11.993573">
        <ele>1360.441610</ele>
        <time>2026-08-05T16:32:44.085Z</time>
      </trkpt>
      <trkpt lat="46.448853" lon="11.993551">
        <ele>1360.177609</ele>
        <time>2026-08-05T16:32:46.768Z</time>
      </trkpt>
      <trkpt lat="46.449107" lon="11.993696">
        <ele>1359.807311</ele>
        <time>2026-08-05T16:32:50.473Z</time>
      </trkpt>
      <trkpt lat="46.449385" lon="11.993731">
        <ele>1359.428733</ele>
        <time>2026-08-05T16:32:53.520Z</time>
      </trkpt>
      <trkpt lat="46.450927" lon="11.993428">
        <ele>1360.514057</ele>
        <time>2026-08-05T16:33:07.341Z</time>
      </trkpt>
      <trkpt lat="46.451135" lon="11.993525">
        <ele>1361.160275</ele>
        <time>2026-08-05T16:33:13.380Z</time>
      </trkpt>
      <trkpt lat="46.451572" lon="11.993895">
        <ele>1362.656723</ele>
        <time>2026-08-05T16:33:30.807Z</time>
      </trkpt>
      <trkpt lat="46.451888" lon="11.994351">
        <ele>1363.265974</ele>
        <time>2026-08-05T16:33:49.808Z</time>
      </trkpt>
      <trkpt lat="46.452622" lon="11.995133">
        <ele>1360.206836</ele>
        <time>2026-08-05T16:34:06.871Z</time>
      </trkpt>
      <trkpt lat="46.452801" lon="11.995214">
        <ele>1359.576880</ele>
        <time>2026-08-05T16:34:08.194Z</time>
      </trkpt>
      <trkpt lat="46.452995" lon="11.995149">
        <ele>1358.907935</ele>
        <time>2026-08-05T16:34:09.550Z</time>
      </trkpt>
      <trkpt lat="46.453092" lon="11.995046">
        <ele>1358.504134</ele>
        <time>2026-08-05T16:34:10.360Z</time>
      </trkpt>
      <trkpt lat="46.453803" lon="11.993915">
        <ele>1345.235969</ele>
        <time>2026-08-05T16:34:17.335Z</time>
      </trkpt>
      <trkpt lat="46.454260" lon="11.993347">
        <ele>1335.768052</ele>
        <time>2026-08-05T16:34:21.301Z</time>
      </trkpt>
      <trkpt lat="46.454344" lon="11.993183">
        <ele>1333.552492</ele>
        <time>2026-08-05T16:34:22.231Z</time>
      </trkpt>
      <trkpt lat="46.454379" lon="11.992938">
        <ele>1330.839814</ele>
        <time>2026-08-05T16:34:23.370Z</time>
      </trkpt>
      <trkpt lat="46.454368" lon="11.991312">
        <ele>1317.625699</ele>
        <time>2026-08-05T16:34:30.848Z</time>
      </trkpt>
      <trkpt lat="46.454400" lon="11.991048">
        <ele>1315.517283</ele>
        <time>2026-08-05T16:34:32.117Z</time>
      </trkpt>
      <trkpt lat="46.454479" lon="11.990815">
        <ele>1313.474675</ele>
        <time>2026-08-05T16:34:33.359Z</time>
      </trkpt>
      <trkpt lat="46.454596" lon="11.990616">
        <ele>1311.416914</ele>
        <time>2026-08-05T16:34:34.629Z</time>
      </trkpt>
      <trkpt lat="46.454977" lon="11.990164">
        <ele>1307.608682</ele>
        <time>2026-08-05T16:34:38.223Z</time>
      </trkpt>
      <trkpt lat="46.455106" lon="11.990033">
        <ele>1306.909875</ele>
        <time>2026-08-05T16:34:39.448Z</time>
      </trkpt>
      <trkpt lat="46.455446" lon="11.989804">
        <ele>1305.246170</ele>
        <time>2026-08-05T16:34:42.546Z</time>
      </trkpt>
      <trkpt lat="46.456274" lon="11.989481">
        <ele>1301.440528</ele>
        <time>2026-08-05T16:34:49.566Z</time>
      </trkpt>
      <trkpt lat="46.456507" lon="11.989428">
        <ele>1300.060295</ele>
        <time>2026-08-05T16:34:51.331Z</time>
      </trkpt>
      <trkpt lat="46.456693" lon="11.989477">
        <ele>1298.489772</ele>
        <time>2026-08-05T16:34:52.717Z</time>
      </trkpt>
      <trkpt lat="46.456744" lon="11.989491">
        <ele>1298.058556</ele>
        <time>2026-08-05T16:34:53.095Z</time>
      </trkpt>
      <trkpt lat="46.456815" lon="11.989476">
        <ele>1297.462476</ele>
        <time>2026-08-05T16:34:53.618Z</time>
      </trkpt>
      <trkpt lat="46.456770" lon="11.989370">
        <ele>1296.749856</ele>
        <time>2026-08-05T16:34:54.231Z</time>
      </trkpt>
      <trkpt lat="46.456724" lon="11.989325">
        <ele>1296.289005</ele>
        <time>2026-08-05T16:34:54.631Z</time>
      </trkpt>
      <trkpt lat="46.456127" lon="11.989072">
        <ele>1291.122100</ele>
        <time>2026-08-05T16:34:59.014Z</time>
      </trkpt>
      <trkpt lat="46.455495" lon="11.989071">
        <ele>1285.871464</ele>
        <time>2026-08-05T16:35:03.299Z</time>
      </trkpt>
      <trkpt lat="46.455172" lon="11.989118">
        <ele>1283.324296</ele>
        <time>2026-08-05T16:35:05.530Z</time>
      </trkpt>
      <trkpt lat="46.454669" lon="11.989426">
        <ele>1279.044261</ele>
        <time>2026-08-05T16:35:09.319Z</time>
      </trkpt>
      <trkpt lat="46.454141" lon="11.989782">
        <ele>1274.479962</ele>
        <time>2026-08-05T16:35:13.445Z</time>
      </trkpt>
      <trkpt lat="46.453951" lon="11.990001">
        <ele>1272.577835</ele>
        <time>2026-08-05T16:35:15.227Z</time>
      </trkpt>
      <trkpt lat="46.453783" lon="11.990260">
        <ele>1271.837231</ele>
        <time>2026-08-05T16:35:17.152Z</time>
      </trkpt>
      <trkpt lat="46.453626" lon="11.990677">
        <ele>1272.088982</ele>
        <time>2026-08-05T16:35:20.045Z</time>
      </trkpt>
      <trkpt lat="46.453461" lon="11.991656">
        <ele>1272.622924</ele>
        <time>2026-08-05T16:35:31.191Z</time>
      </trkpt>
      <trkpt lat="46.453349" lon="11.992325">
        <ele>1272.987658</ele>
        <time>2026-08-05T16:35:45.561Z</time>
      </trkpt>
      <trkpt lat="46.453286" lon="11.992582">
        <ele>1273.017261</ele>
        <time>2026-08-05T16:35:50.819Z</time>
      </trkpt>
      <trkpt lat="46.453192" lon="11.992745">
        <ele>1272.382575</ele>
        <time>2026-08-05T16:35:54.094Z</time>
      </trkpt>
      <trkpt lat="46.452993" lon="11.992923">
        <ele>1271.369523</ele>
        <time>2026-08-05T16:35:57.942Z</time>
      </trkpt>
      <trkpt lat="46.452795" lon="11.993191">
        <ele>1270.196206</ele>
        <time>2026-08-05T16:36:00.430Z</time>
      </trkpt>
      <trkpt lat="46.452741" lon="11.993212">
        <ele>1269.953922</ele>
        <time>2026-08-05T16:36:00.878Z</time>
      </trkpt>
      <trkpt lat="46.452633" lon="11.993194">
        <ele>1269.482788</ele>
        <time>2026-08-05T16:36:01.752Z</time>
      </trkpt>
      <trkpt lat="46.452549" lon="11.993106">
        <ele>1269.033823</ele>
        <time>2026-08-05T16:36:02.555Z</time>
      </trkpt>
      <trkpt lat="46.452456" lon="11.992905">
        <ele>1268.310887</ele>
        <time>2026-08-05T16:36:03.810Z</time>
      </trkpt>
      <trkpt lat="46.452312" lon="11.992354">
        <ele>1266.551290</ele>
        <time>2026-08-05T16:36:06.647Z</time>
      </trkpt>
      <trkpt lat="46.452246" lon="11.992235">
        <ele>1266.095146</ele>
        <time>2026-08-05T16:36:07.361Z</time>
      </trkpt>
      <trkpt lat="46.452107" lon="11.992104">
        <ele>1265.376888</ele>
        <time>2026-08-05T16:36:08.472Z</time>
      </trkpt>
      <trkpt lat="46.451350" lon="11.991631">
        <ele>1256.212168</ele>
        <time>2026-08-05T16:36:14.059Z</time>
      </trkpt>
      <trkpt lat="46.450814" lon="11.991423">
        <ele>1249.981281</ele>
        <time>2026-08-05T16:36:17.899Z</time>
      </trkpt>
      <trkpt lat="46.450278" lon="11.991159">
        <ele>1243.788143</ele>
        <time>2026-08-05T16:36:21.720Z</time>
      </trkpt>
      <trkpt lat="46.449240" lon="11.990563">
        <ele>1232.622097</ele>
        <time>2026-08-05T16:36:29.189Z</time>
      </trkpt>
      <trkpt lat="46.449115" lon="11.990529">
        <ele>1231.349959</ele>
        <time>2026-08-05T16:36:30.076Z</time>
      </trkpt>
      <trkpt lat="46.448983" lon="11.990592">
        <ele>1229.960009</ele>
        <time>2026-08-05T16:36:31.085Z</time>
      </trkpt>
      <trkpt lat="46.448721" lon="11.990834">
        <ele>1227.138618</ele>
        <time>2026-08-05T16:36:33.525Z</time>
      </trkpt>
      <trkpt lat="46.448404" lon="11.991241">
        <ele>1227.292151</ele>
        <time>2026-08-05T16:36:38.478Z</time>
      </trkpt>
      <trkpt lat="46.448307" lon="11.991404">
        <ele>1227.345984</ele>
        <time>2026-08-05T16:36:41.473Z</time>
      </trkpt>
      <trkpt lat="46.448211" lon="11.991661">
        <ele>1227.419053</ele>
        <time>2026-08-05T16:36:46.114Z</time>
      </trkpt>
      <trkpt lat="46.448106" lon="11.991799">
        <ele>1227.470440</ele>
        <time>2026-08-05T16:36:49.522Z</time>
      </trkpt>
      <trkpt lat="46.447982" lon="11.991884">
        <ele>1227.520187</ele>
        <time>2026-08-05T16:36:52.730Z</time>
      </trkpt>
      <trkpt lat="46.447307" lon="11.992147">
        <ele>1227.773722</ele>
        <time>2026-08-05T16:37:03.662Z</time>
      </trkpt>
      <trkpt lat="46.446942" lon="11.992434">
        <ele>1228.377058</ele>
        <time>2026-08-05T16:37:07.391Z</time>
      </trkpt>
      <trkpt lat="46.446802" lon="11.992562">
        <ele>1228.626863</ele>
        <time>2026-08-05T16:37:09.003Z</time>
      </trkpt>
      <trkpt lat="46.446724" lon="11.992678">
        <ele>1228.795468</ele>
        <time>2026-08-05T16:37:10.255Z</time>
      </trkpt>
      <trkpt lat="46.446631" lon="11.992965">
        <ele>1229.125385</ele>
        <time>2026-08-05T16:37:13.638Z</time>
      </trkpt>
      <trkpt lat="46.446578" lon="11.993063">
        <ele>1229.254981</ele>
        <time>2026-08-05T16:37:15.287Z</time>
      </trkpt>
      <trkpt lat="46.446328" lon="11.993323">
        <ele>1229.719313</ele>
        <time>2026-08-05T16:37:22.312Z</time>
      </trkpt>
      <trkpt lat="46.446253" lon="11.993512">
        <ele>1229.946194</ele>
        <time>2026-08-05T16:37:26.179Z</time>
      </trkpt>
      <trkpt lat="46.446254" lon="11.993656">
        <ele>1230.095998</ele>
        <time>2026-08-05T16:37:28.784Z</time>
      </trkpt>
      <trkpt lat="46.446312" lon="11.994051">
        <ele>1230.442193</ele>
        <time>2026-08-05T16:37:35.675Z</time>
      </trkpt>
      <trkpt lat="46.446323" lon="11.994460">
        <ele>1229.258169</ele>
        <time>2026-08-05T16:37:41.245Z</time>
      </trkpt>
      <trkpt lat="46.446280" lon="11.994679">
        <ele>1228.599444</ele>
        <time>2026-08-05T16:37:43.458Z</time>
      </trkpt>
      <trkpt lat="46.446181" lon="11.994811">
        <ele>1228.035046</ele>
        <time>2026-08-05T16:37:44.842Z</time>
      </trkpt>
      <trkpt lat="46.446126" lon="11.994840">
        <ele>1227.789377</ele>
        <time>2026-08-05T16:37:45.372Z</time>
      </trkpt>
      <trkpt lat="46.446027" lon="11.994833">
        <ele>1227.373259</ele>
        <time>2026-08-05T16:37:46.226Z</time>
      </trkpt>
      <trkpt lat="46.445832" lon="11.994664">
        <ele>1226.419744</ele>
        <time>2026-08-05T16:37:47.991Z</time>
      </trkpt>
      <trkpt lat="46.445676" lon="11.994585">
        <ele>1225.726095</ele>
        <time>2026-08-05T16:37:49.212Z</time>
      </trkpt>
      <trkpt lat="46.444698" lon="11.994380">
        <ele>1219.358421</ele>
        <time>2026-08-05T16:37:56.029Z</time>
      </trkpt>
      <trkpt lat="46.444412" lon="11.994453">
        <ele>1216.161367</ele>
        <time>2026-08-05T16:37:57.998Z</time>
      </trkpt>
      <trkpt lat="46.444116" lon="11.994598">
        <ele>1212.721902</ele>
        <time>2026-08-05T16:38:00.108Z</time>
      </trkpt>
      <trkpt lat="46.443764" lon="11.994862">
        <ele>1208.359624</ele>
        <time>2026-08-05T16:38:02.790Z</time>
      </trkpt>
      <trkpt lat="46.443574" lon="11.995056">
        <ele>1205.801949</ele>
        <time>2026-08-05T16:38:04.372Z</time>
      </trkpt>
      <trkpt lat="46.443254" lon="11.995415">
        <ele>1201.683196</ele>
        <time>2026-08-05T16:38:07.141Z</time>
      </trkpt>
      <trkpt lat="46.443052" lon="11.995742">
        <ele>1198.972188</ele>
        <time>2026-08-05T16:38:09.211Z</time>
      </trkpt>
      <trkpt lat="46.442924" lon="11.996078">
        <ele>1196.602140</ele>
        <time>2026-08-05T16:38:11.037Z</time>
      </trkpt>
      <trkpt lat="46.442439" lon="11.997660">
        <ele>1186.572427</ele>
        <time>2026-08-05T16:38:19.423Z</time>
      </trkpt>
      <trkpt lat="46.442395" lon="11.997727">
        <ele>1186.338337</ele>
        <time>2026-08-05T16:38:19.904Z</time>
      </trkpt>
      <trkpt lat="46.442346" lon="11.997724">
        <ele>1186.158326</ele>
        <time>2026-08-05T16:38:20.255Z</time>
      </trkpt>
      <trkpt lat="46.442322" lon="11.997629">
        <ele>1185.902410</ele>
        <time>2026-08-05T16:38:20.759Z</time>
      </trkpt>
      <trkpt lat="46.442467" lon="11.997347">
        <ele>1185.012484</ele>
        <time>2026-08-05T16:38:22.572Z</time>
      </trkpt>
      <trkpt lat="46.442515" lon="11.997198">
        <ele>1184.596480</ele>
        <time>2026-08-05T16:38:23.435Z</time>
      </trkpt>
      <trkpt lat="46.442712" lon="11.996246">
        <ele>1182.082433</ele>
        <time>2026-08-05T16:38:28.812Z</time>
      </trkpt>
      <trkpt lat="46.442851" lon="11.995369">
        <ele>1180.151029</ele>
        <time>2026-08-05T16:38:37.298Z</time>
      </trkpt>
      <trkpt lat="46.442891" lon="11.995241">
        <ele>1179.992589</ele>
        <time>2026-08-05T16:38:38.873Z</time>
      </trkpt>
      <trkpt lat="46.443044" lon="11.994995">
        <ele>1179.619018</ele>
        <time>2026-08-05T16:38:42.602Z</time>
      </trkpt>
      <trkpt lat="46.443710" lon="11.994096">
        <ele>1178.131009</ele>
        <time>2026-08-05T16:38:52.375Z</time>
      </trkpt>
      <trkpt lat="46.443872" lon="11.993858">
        <ele>1177.753889</ele>
        <time>2026-08-05T16:38:54.198Z</time>
      </trkpt>
      <trkpt lat="46.443957" lon="11.993681">
        <ele>1177.510684</ele>
        <time>2026-08-05T16:38:55.315Z</time>
      </trkpt>
      <trkpt lat="46.444054" lon="11.993314">
        <ele>1175.621349</ele>
        <time>2026-08-05T16:38:57.273Z</time>
      </trkpt>
      <trkpt lat="46.444092" lon="11.993083">
        <ele>1174.427501</ele>
        <time>2026-08-05T16:38:58.424Z</time>
      </trkpt>
      <trkpt lat="46.444086" lon="11.992386">
        <ele>1170.923477</ele>
        <time>2026-08-05T16:39:01.724Z</time>
      </trkpt>
      <trkpt lat="46.444136" lon="11.992177">
        <ele>1169.811334</ele>
        <time>2026-08-05T16:39:02.765Z</time>
      </trkpt>
      <trkpt lat="46.444188" lon="11.992088">
        <ele>1169.224759</ele>
        <time>2026-08-05T16:39:03.313Z</time>
      </trkpt>
      <trkpt lat="46.444257" lon="11.992031">
        <ele>1168.645546</ele>
        <time>2026-08-05T16:39:03.856Z</time>
      </trkpt>
      <trkpt lat="46.444606" lon="11.991886">
        <ele>1165.997211</ele>
        <time>2026-08-05T16:39:06.427Z</time>
      </trkpt>
      <trkpt lat="46.444662" lon="11.991823">
        <ele>1165.480302</ele>
        <time>2026-08-05T16:39:06.960Z</time>
      </trkpt>
      <trkpt lat="46.444694" lon="11.991736">
        <ele>1164.984559</ele>
        <time>2026-08-05T16:39:07.485Z</time>
      </trkpt>
      <trkpt lat="46.444696" lon="11.991614">
        <ele>1164.371110</ele>
        <time>2026-08-05T16:39:08.158Z</time>
      </trkpt>
      <trkpt lat="46.444657" lon="11.991511">
        <ele>1164.021388</ele>
        <time>2026-08-05T16:39:08.812Z</time>
      </trkpt>
      <trkpt lat="46.444597" lon="11.991442">
        <ele>1163.693551</ele>
        <time>2026-08-05T16:39:09.450Z</time>
      </trkpt>
      <trkpt lat="46.444516" lon="11.991414">
        <ele>1163.336969</ele>
        <time>2026-08-05T16:39:10.143Z</time>
      </trkpt>
      <trkpt lat="46.444242" lon="11.991494">
        <ele>1162.140069</ele>
        <time>2026-08-05T16:39:12.583Z</time>
      </trkpt>
      <trkpt lat="46.443762" lon="11.991724">
        <ele>1159.975351</ele>
        <time>2026-08-05T16:39:17.322Z</time>
      </trkpt>
      <trkpt lat="46.443642" lon="11.991814">
        <ele>1159.396890</ele>
        <time>2026-08-05T16:39:18.500Z</time>
      </trkpt>
      <trkpt lat="46.443300" lon="11.992216">
        <ele>1157.512148</ele>
        <time>2026-08-05T16:39:22.006Z</time>
      </trkpt>
      <trkpt lat="46.443058" lon="11.992579">
        <ele>1154.810824</ele>
        <time>2026-08-05T16:39:24.521Z</time>
      </trkpt>
      <trkpt lat="46.442370" lon="11.993686">
        <ele>1142.085659</ele>
        <time>2026-08-05T16:39:31.372Z</time>
      </trkpt>
      <trkpt lat="46.442183" lon="11.994043">
        <ele>1138.257744</ele>
        <time>2026-08-05T16:39:33.419Z</time>
      </trkpt>
      <trkpt lat="46.442115" lon="11.994224">
        <ele>1136.497981</ele>
        <time>2026-08-05T16:39:34.369Z</time>
      </trkpt>
      <trkpt lat="46.441909" lon="11.995265">
        <ele>1129.184229</ele>
        <time>2026-08-05T16:39:39.418Z</time>
      </trkpt>
      <trkpt lat="46.441760" lon="11.996429">
        <ele>1121.816803</ele>
        <time>2026-08-05T16:39:45.118Z</time>
      </trkpt>
      <trkpt lat="46.441616" lon="11.996971">
        <ele>1118.201949</ele>
        <time>2026-08-05T16:39:48.131Z</time>
      </trkpt>
      <trkpt lat="46.441519" lon="11.997301">
        <ele>1116.491865</ele>
        <time>2026-08-05T16:39:50.069Z</time>
      </trkpt>
      <trkpt lat="46.441405" lon="11.997581">
        <ele>1114.955775</ele>
        <time>2026-08-05T16:39:51.793Z</time>
      </trkpt>
      <trkpt lat="46.440937" lon="11.998402">
        <ele>1109.923171</ele>
        <time>2026-08-05T16:39:57.144Z</time>
      </trkpt>
      <trkpt lat="46.440655" lon="11.998946">
        <ele>1106.707859</ele>
        <time>2026-08-05T16:40:00.464Z</time>
      </trkpt>
      <trkpt lat="46.439971" lon="11.999551">
        <ele>1099.982852</ele>
        <time>2026-08-05T16:40:05.975Z</time>
      </trkpt>
      <trkpt lat="46.439857" lon="11.999712">
        <ele>1098.599375</ele>
        <time>2026-08-05T16:40:07.073Z</time>
      </trkpt>
      <trkpt lat="46.439701" lon="12.000025">
        <ele>1096.284296</ele>
        <time>2026-08-05T16:40:08.928Z</time>
      </trkpt>
      <trkpt lat="46.439631" lon="12.000070">
        <ele>1095.618448</ele>
        <time>2026-08-05T16:40:09.466Z</time>
      </trkpt>
      <trkpt lat="46.439581" lon="12.000038">
        <ele>1095.143187</ele>
        <time>2026-08-05T16:40:09.845Z</time>
      </trkpt>
      <trkpt lat="46.439560" lon="11.999984">
        <ele>1094.771576</ele>
        <time>2026-08-05T16:40:10.145Z</time>
      </trkpt>
      <trkpt lat="46.439569" lon="11.999866">
        <ele>1094.060058</ele>
        <time>2026-08-05T16:40:10.722Z</time>
      </trkpt>
      <trkpt lat="46.439680" lon="11.999663">
        <ele>1092.506967</ele>
        <time>2026-08-05T16:40:11.973Z</time>
      </trkpt>
      <trkpt lat="46.439915" lon="11.998984">
        <ele>1087.789140</ele>
        <time>2026-08-05T16:40:15.731Z</time>
      </trkpt>
      <trkpt lat="46.440191" lon="11.998554">
        <ele>1084.006319</ele>
        <time>2026-08-05T16:40:18.666Z</time>
      </trkpt>
      <trkpt lat="46.440209" lon="11.998408">
        <ele>1083.051539</ele>
        <time>2026-08-05T16:40:19.403Z</time>
      </trkpt>
      <trkpt lat="46.440164" lon="11.998339">
        <ele>1082.439979</ele>
        <time>2026-08-05T16:40:19.870Z</time>
      </trkpt>
      <trkpt lat="46.440114" lon="11.998334">
        <ele>1081.971794</ele>
        <time>2026-08-05T16:40:20.236Z</time>
      </trkpt>
      <trkpt lat="46.439897" lon="11.998533">
        <ele>1079.573820</ele>
        <time>2026-08-05T16:40:22.045Z</time>
      </trkpt>
      <trkpt lat="46.439515" lon="11.998764">
        <ele>1075.707902</ele>
        <time>2026-08-05T16:40:24.861Z</time>
      </trkpt>
      <trkpt lat="46.438980" lon="11.999091">
        <ele>1069.639115</ele>
        <time>2026-08-05T16:40:28.747Z</time>
      </trkpt>
      <trkpt lat="46.438645" lon="11.999353">
        <ele>1065.338552</ele>
        <time>2026-08-05T16:40:31.268Z</time>
      </trkpt>
      <trkpt lat="46.438529" lon="11.999358">
        <ele>1064.027093</ele>
        <time>2026-08-05T16:40:32.050Z</time>
      </trkpt>
      <trkpt lat="46.438486" lon="11.999330">
        <ele>1063.494480</ele>
        <time>2026-08-05T16:40:32.363Z</time>
      </trkpt>
      <trkpt lat="46.438412" lon="11.999203">
        <ele>1062.199293</ele>
        <time>2026-08-05T16:40:33.145Z</time>
      </trkpt>
      <trkpt lat="46.438284" lon="11.998582">
        <ele>1057.151443</ele>
        <time>2026-08-05T16:40:36.202Z</time>
      </trkpt>
      <trkpt lat="46.438253" lon="11.998272">
        <ele>1054.711966</ele>
        <time>2026-08-05T16:40:37.703Z</time>
      </trkpt>
      <trkpt lat="46.438300" lon="11.998087">
        <ele>1053.176455</ele>
        <time>2026-08-05T16:40:38.668Z</time>
      </trkpt>
      <trkpt lat="46.438374" lon="11.997950">
        <ele>1052.358783</ele>
        <time>2026-08-05T16:40:39.538Z</time>
      </trkpt>
      <trkpt lat="46.438463" lon="11.997841">
        <ele>1051.624151</ele>
        <time>2026-08-05T16:40:40.401Z</time>
      </trkpt>
      <trkpt lat="46.438551" lon="11.997788">
        <ele>1051.023141</ele>
        <time>2026-08-05T16:40:41.096Z</time>
      </trkpt>
      <trkpt lat="46.438635" lon="11.997789">
        <ele>1050.493257</ele>
        <time>2026-08-05T16:40:41.720Z</time>
      </trkpt>
      <trkpt lat="46.438917" lon="11.997887">
        <ele>1048.664123</ele>
        <time>2026-08-05T16:40:43.882Z</time>
      </trkpt>
      <trkpt lat="46.439019" lon="11.997876">
        <ele>1048.018940</ele>
        <time>2026-08-05T16:40:44.647Z</time>
      </trkpt>
      <trkpt lat="46.439116" lon="11.997809">
        <ele>1047.341292</ele>
        <time>2026-08-05T16:40:45.491Z</time>
      </trkpt>
      <trkpt lat="46.439174" lon="11.997729">
        <ele>1046.836527</ele>
        <time>2026-08-05T16:40:46.149Z</time>
      </trkpt>
      <trkpt lat="46.439252" lon="11.997526">
        <ele>1045.826199</ele>
        <time>2026-08-05T16:40:47.488Z</time>
      </trkpt>
      <trkpt lat="46.439302" lon="11.996977">
        <ele>1043.418980</ele>
        <time>2026-08-05T16:40:50.387Z</time>
      </trkpt>
      <trkpt lat="46.439382" lon="11.996778">
        <ele>1042.417507</ele>
        <time>2026-08-05T16:40:51.510Z</time>
      </trkpt>
      <trkpt lat="46.439551" lon="11.996633">
        <ele>1041.035269</ele>
        <time>2026-08-05T16:40:52.869Z</time>
      </trkpt>
      <trkpt lat="46.439819" lon="11.996574">
        <ele>1038.846673</ele>
        <time>2026-08-05T16:40:54.718Z</time>
      </trkpt>
      <trkpt lat="46.439879" lon="11.996536">
        <ele>1038.318104</ele>
        <time>2026-08-05T16:40:55.164Z</time>
      </trkpt>
      <trkpt lat="46.439917" lon="11.996458">
        <ele>1037.786617</ele>
        <time>2026-08-05T16:40:55.617Z</time>
      </trkpt>
      <trkpt lat="46.439947" lon="11.996168">
        <ele>1036.155000</ele>
        <time>2026-08-05T16:40:57.010Z</time>
      </trkpt>
      <trkpt lat="46.439921" lon="11.995461">
        <ele>1032.215708</ele>
        <time>2026-08-05T16:41:00.458Z</time>
      </trkpt>
      <trkpt lat="46.439974" lon="11.995070">
        <ele>1029.998528</ele>
        <time>2026-08-05T16:41:02.432Z</time>
      </trkpt>
      <trkpt lat="46.439947" lon="11.995012">
        <ele>1029.609088</ele>
        <time>2026-08-05T16:41:02.781Z</time>
      </trkpt>
      <trkpt lat="46.439905" lon="11.995000">
        <ele>1029.263469</ele>
        <time>2026-08-05T16:41:03.087Z</time>
      </trkpt>
      <trkpt lat="46.439855" lon="11.995063">
        <ele>1028.728825</ele>
        <time>2026-08-05T16:41:03.553Z</time>
      </trkpt>
      <trkpt lat="46.439813" lon="11.995335">
        <ele>1027.177908</ele>
        <time>2026-08-05T16:41:04.909Z</time>
      </trkpt>
      <trkpt lat="46.439738" lon="11.995567">
        <ele>1026.084643</ele>
        <time>2026-08-05T16:41:06.165Z</time>
      </trkpt>
      <trkpt lat="46.439658" lon="11.995705">
        <ele>1025.316524</ele>
        <time>2026-08-05T16:41:07.066Z</time>
      </trkpt>
      <trkpt lat="46.439454" lon="11.995914">
        <ele>1023.773030</ele>
        <time>2026-08-05T16:41:08.929Z</time>
      </trkpt>
      <trkpt lat="46.439423" lon="11.995943">
        <ele>1023.545057</ele>
        <time>2026-08-05T16:41:09.211Z</time>
      </trkpt>
      <trkpt lat="46.438964" lon="11.996362">
        <ele>1020.193345</ele>
        <time>2026-08-05T16:41:13.402Z</time>
      </trkpt>
      <trkpt lat="46.438799" lon="11.996564">
        <ele>1018.859028</ele>
        <time>2026-08-05T16:41:14.960Z</time>
      </trkpt>
      <trkpt lat="46.438710" lon="11.996565">
        <ele>1018.308909</ele>
        <time>2026-08-05T16:41:15.582Z</time>
      </trkpt>
      <trkpt lat="46.438689" lon="11.996518">
        <ele>1018.070318</ele>
        <time>2026-08-05T16:41:15.857Z</time>
      </trkpt>
      <trkpt lat="46.438699" lon="11.996444">
        <ele>1017.749114</ele>
        <time>2026-08-05T16:41:16.224Z</time>
      </trkpt>
      <trkpt lat="46.438906" lon="11.996150">
        <ele>1015.966940</ele>
        <time>2026-08-05T16:41:18.284Z</time>
      </trkpt>
      <trkpt lat="46.439071" lon="11.995682">
        <ele>1013.920840</ele>
        <time>2026-08-05T16:41:20.891Z</time>
      </trkpt>
      <trkpt lat="46.439087" lon="11.995643">
        <ele>1013.744182</ele>
        <time>2026-08-05T16:41:21.117Z</time>
      </trkpt>
      <trkpt lat="46.439233" lon="11.995282">
        <ele>1012.115000</ele>
        <time>2026-08-05T16:41:23.226Z</time>
      </trkpt>
      <trkpt lat="46.439484" lon="11.994801">
        <ele>1009.766675</ele>
        <time>2026-08-05T16:41:26.285Z</time>
      </trkpt>
      <trkpt lat="46.439551" lon="11.994594">
        <ele>1008.876554</ele>
        <time>2026-08-05T16:41:27.459Z</time>
      </trkpt>
      <trkpt lat="46.439634" lon="11.994095">
        <ele>1006.878594</ele>
        <time>2026-08-05T16:41:30.084Z</time>
      </trkpt>
      <trkpt lat="46.439668" lon="11.993578">
        <ele>1005.735262</ele>
        <time>2026-08-05T16:41:32.959Z</time>
      </trkpt>
      <trkpt lat="46.439649" lon="11.993295">
        <ele>1005.565494</ele>
        <time>2026-08-05T16:41:34.602Z</time>
      </trkpt>
      <trkpt lat="46.439604" lon="11.993065">
        <ele>1005.422742</ele>
        <time>2026-08-05T16:41:36.020Z</time>
      </trkpt>
      <trkpt lat="46.439542" lon="11.992914">
        <ele>1005.317795</ele>
        <time>2026-08-05T16:41:37.109Z</time>
      </trkpt>
      <trkpt lat="46.439356" lon="11.992643">
        <ele>1005.089429</ele>
        <time>2026-08-05T16:41:39.581Z</time>
      </trkpt>
      <trkpt lat="46.439268" lon="11.992416">
        <ele>1004.933921</ele>
        <time>2026-08-05T16:41:41.370Z</time>
      </trkpt>
      <trkpt lat="46.439243" lon="11.992089">
        <ele>1004.737483</ele>
        <time>2026-08-05T16:41:43.905Z</time>
      </trkpt>
      <trkpt lat="46.439449" lon="11.991666">
        <ele>1004.428223</ele>
        <time>2026-08-05T16:41:49.054Z</time>
      </trkpt>
      <trkpt lat="46.439638" lon="11.991323">
        <ele>1004.890768</ele>
        <time>2026-08-05T16:41:55.142Z</time>
      </trkpt>
      <trkpt lat="46.440269" lon="11.990655">
        <ele>1007.099437</ele>
        <time>2026-08-05T16:42:15.851Z</time>
      </trkpt>
      <trkpt lat="46.440593" lon="11.990323">
        <ele>1008.221022</ele>
        <time>2026-08-05T16:42:24.232Z</time>
      </trkpt>
      <trkpt lat="46.440702" lon="11.990178">
        <ele>1008.639159</ele>
        <time>2026-08-05T16:42:26.882Z</time>
      </trkpt>
      <trkpt lat="46.440807" lon="11.989996">
        <ele>1009.101691</ele>
        <time>2026-08-05T16:42:29.639Z</time>
      </trkpt>
      <trkpt lat="46.440819" lon="11.989975">
        <ele>1009.154851</ele>
        <time>2026-08-05T16:42:29.955Z</time>
      </trkpt>
      <trkpt lat="46.440930" lon="11.989693">
        <ele>1009.510397</ele>
        <time>2026-08-05T16:42:33.434Z</time>
      </trkpt>
      <trkpt lat="46.441048" lon="11.989269">
        <ele>1009.725545</ele>
        <time>2026-08-05T16:42:38.718Z</time>
      </trkpt>
      <trkpt lat="46.441072" lon="11.989029">
        <ele>1009.839649</ele>
        <time>2026-08-05T16:42:41.136Z</time>
      </trkpt>
      <trkpt lat="46.441040" lon="11.988740">
        <ele>1009.977368</ele>
        <time>2026-08-05T16:42:43.540Z</time>
      </trkpt>
      <trkpt lat="46.440936" lon="11.988279">
        <ele>1010.205598</ele>
        <time>2026-08-05T16:42:46.908Z</time>
      </trkpt>
      <trkpt lat="46.440847" lon="11.987941">
        <ele>1010.375843</ele>
        <time>2026-08-05T16:42:49.605Z</time>
      </trkpt>
      <trkpt lat="46.440785" lon="11.987838">
        <ele>1010.440191</ele>
        <time>2026-08-05T16:42:50.755Z</time>
      </trkpt>
      <trkpt lat="46.440689" lon="11.987806">
        <ele>1010.507445</ele>
        <time>2026-08-05T16:42:52.048Z</time>
      </trkpt>
      <trkpt lat="46.440297" lon="11.987912">
        <ele>1011.141710</ele>
        <time>2026-08-05T16:42:58.384Z</time>
      </trkpt>
      <trkpt lat="46.440176" lon="11.987914">
        <ele>1011.455305</ele>
        <time>2026-08-05T16:43:00.528Z</time>
      </trkpt>
      <trkpt lat="46.440031" lon="11.987859">
        <ele>1011.843700</ele>
        <time>2026-08-05T16:43:03.301Z</time>
      </trkpt>
      <trkpt lat="46.439897" lon="11.987727">
        <ele>1012.263417</ele>
        <time>2026-08-05T16:43:06.435Z</time>
      </trkpt>
      <trkpt lat="46.439206" lon="11.986676">
        <ele>1014.857583</ele>
        <time>2026-08-05T16:43:27.305Z</time>
      </trkpt>
      <trkpt lat="46.439108" lon="11.986569">
        <ele>1015.175412</ele>
        <time>2026-08-05T16:43:30.150Z</time>
      </trkpt>
      <trkpt lat="46.439072" lon="11.986548">
        <ele>1015.275963</ele>
        <time>2026-08-05T16:43:31.049Z</time>
      </trkpt>
      <trkpt lat="46.438915" lon="11.986457">
        <ele>1016.391801</ele>
        <time>2026-08-05T16:43:35.158Z</time>
      </trkpt>
      <trkpt lat="46.438544" lon="11.986379">
        <ele>1018.998422</ele>
        <time>2026-08-05T16:43:45.585Z</time>
      </trkpt>
      <trkpt lat="46.438364" lon="11.986296">
        <ele>1020.311693</ele>
        <time>2026-08-05T16:43:51.522Z</time>
      </trkpt>
      <trkpt lat="46.438181" lon="11.986140">
        <ele>1021.787476</ele>
        <time>2026-08-05T16:43:58.727Z</time>
      </trkpt>
      <trkpt lat="46.438014" lon="11.985832">
        <ele>1023.665403</ele>
        <time>2026-08-05T16:44:08.593Z</time>
      </trkpt>
      <trkpt lat="46.437295" lon="11.983724">
        <ele>1036.885431</ele>
        <time>2026-08-05T16:45:17.638Z</time>
      </trkpt>
      <trkpt lat="46.437226" lon="11.983254">
        <ele>1039.818758</ele>
        <time>2026-08-05T16:45:29.523Z</time>
      </trkpt>
      <trkpt lat="46.437167" lon="11.982554">
        <ele>1044.207260</ele>
        <time>2026-08-05T16:45:48.134Z</time>
      </trkpt>
      <trkpt lat="46.437139" lon="11.982164">
        <ele>1047.136782</ele>
        <time>2026-08-05T16:45:58.630Z</time>
      </trkpt>
      <trkpt lat="46.437102" lon="11.981955">
        <ele>1048.748955</ele>
        <time>2026-08-05T16:46:04.397Z</time>
      </trkpt>
      <trkpt lat="46.437025" lon="11.981618">
        <ele>1051.401516</ele>
        <time>2026-08-05T16:46:14.088Z</time>
      </trkpt>
      <trkpt lat="46.436934" lon="11.981418">
        <ele>1053.192049</ele>
        <time>2026-08-05T16:46:21.144Z</time>
      </trkpt>
      <trkpt lat="46.436283" lon="11.980633">
        <ele>1062.368468</ele>
        <time>2026-08-05T16:47:06.669Z</time>
      </trkpt>
      <trkpt lat="46.436071" lon="11.980472">
        <ele>1064.548032</ele>
        <time>2026-08-05T16:47:20.385Z</time>
      </trkpt>
      <trkpt lat="46.435840" lon="11.980367">
        <ele>1066.537571</ele>
        <time>2026-08-05T16:47:33.173Z</time>
      </trkpt>
      <trkpt lat="46.435624" lon="11.980332">
        <ele>1068.323887</ele>
        <time>2026-08-05T16:47:44.033Z</time>
      </trkpt>
      <trkpt lat="46.435403" lon="11.980339">
        <ele>1070.140696</ele>
        <time>2026-08-05T16:47:53.939Z</time>
      </trkpt>
      <trkpt lat="46.435141" lon="11.980332">
        <ele>1072.294412</ele>
        <time>2026-08-05T16:48:04.186Z</time>
      </trkpt>
      <trkpt lat="46.434669" lon="11.980141">
        <ele>1076.321766</ele>
        <time>2026-08-05T16:48:17.887Z</time>
      </trkpt>
      <trkpt lat="46.433663" lon="11.980092">
        <ele>1081.838982</ele>
        <time>2026-08-05T16:48:35.145Z</time>
      </trkpt>
      <trkpt lat="46.433473" lon="11.979941">
        <ele>1082.871877</ele>
        <time>2026-08-05T16:48:39.739Z</time>
      </trkpt>
      <trkpt lat="46.433247" lon="11.979622">
        <ele>1084.375189</ele>
        <time>2026-08-05T16:48:48.479Z</time>
      </trkpt>
      <trkpt lat="46.433123" lon="11.979355">
        <ele>1085.433176</ele>
        <time>2026-08-05T16:48:56.249Z</time>
      </trkpt>
      <trkpt lat="46.432464" lon="11.977264">
        <ele>1098.379196</ele>
        <time>2026-08-05T16:50:07.152Z</time>
      </trkpt>
      <trkpt lat="46.432355" lon="11.976919">
        <ele>1100.679874</ele>
        <time>2026-08-05T16:50:16.936Z</time>
      </trkpt>
      <trkpt lat="46.432193" lon="11.976446">
        <ele>1103.150910</ele>
        <time>2026-08-05T16:50:28.858Z</time>
      </trkpt>
      <trkpt lat="46.432174" lon="11.976279">
        <ele>1103.661239</ele>
        <time>2026-08-05T16:50:32.010Z</time>
      </trkpt>
      <trkpt lat="46.432194" lon="11.976040">
        <ele>1104.387131</ele>
        <time>2026-08-05T16:50:36.044Z</time>
      </trkpt>
      <trkpt lat="46.432240" lon="11.975306">
        <ele>1106.609314</ele>
        <time>2026-08-05T16:50:45.566Z</time>
      </trkpt>
      <trkpt lat="46.432232" lon="11.975087">
        <ele>1107.270538</ele>
        <time>2026-08-05T16:50:48.647Z</time>
      </trkpt>
      <trkpt lat="46.432140" lon="11.974490">
        <ele>1109.114975</ele>
        <time>2026-08-05T16:50:59.158Z</time>
      </trkpt>
      <trkpt lat="46.432000" lon="11.973958">
        <ele>1111.134189</ele>
        <time>2026-08-05T16:51:10.261Z</time>
      </trkpt>
      <trkpt lat="46.431995" lon="11.973780">
        <ele>1111.974328</ele>
        <time>2026-08-05T16:51:13.781Z</time>
      </trkpt>
      <trkpt lat="46.432042" lon="11.973624">
        <ele>1112.777239</ele>
        <time>2026-08-05T16:51:17.126Z</time>
      </trkpt>
      <trkpt lat="46.432152" lon="11.973488">
        <ele>1113.766116</ele>
        <time>2026-08-05T16:51:21.426Z</time>
      </trkpt>
      <trkpt lat="46.432256" lon="11.973439">
        <ele>1114.514317</ele>
        <time>2026-08-05T16:51:24.863Z</time>
      </trkpt>
      <trkpt lat="46.432357" lon="11.973459">
        <ele>1115.211818</ele>
        <time>2026-08-05T16:51:28.189Z</time>
      </trkpt>
      <trkpt lat="46.432498" lon="11.973580">
        <ele>1116.332730</ele>
        <time>2026-08-05T16:51:33.815Z</time>
      </trkpt>
      <trkpt lat="46.432560" lon="11.973731">
        <ele>1117.161626</ele>
        <time>2026-08-05T16:51:38.185Z</time>
      </trkpt>
      <trkpt lat="46.432705" lon="11.975035">
        <ele>1123.341569</ele>
        <time>2026-08-05T16:52:13.477Z</time>
      </trkpt>
      <trkpt lat="46.432761" lon="11.975239">
        <ele>1124.312495</ele>
        <time>2026-08-05T16:52:19.018Z</time>
      </trkpt>
      <trkpt lat="46.432864" lon="11.975365">
        <ele>1125.176812</ele>
        <time>2026-08-05T16:52:23.730Z</time>
      </trkpt>
      <trkpt lat="46.432981" lon="11.975414">
        <ele>1125.958072</ele>
        <time>2026-08-05T16:52:27.900Z</time>
      </trkpt>
      <trkpt lat="46.433106" lon="11.975396">
        <ele>1126.763953</ele>
        <time>2026-08-05T16:52:32.129Z</time>
      </trkpt>
      <trkpt lat="46.433222" lon="11.975287">
        <ele>1127.650584</ele>
        <time>2026-08-05T16:52:36.702Z</time>
      </trkpt>
      <trkpt lat="46.433299" lon="11.975091">
        <ele>1128.648120</ele>
        <time>2026-08-05T16:52:41.730Z</time>
      </trkpt>
      <trkpt lat="46.433307" lon="11.974927">
        <ele>1129.375073</ele>
        <time>2026-08-05T16:52:45.350Z</time>
      </trkpt>
      <trkpt lat="46.433197" lon="11.974323">
        <ele>1132.137374</ele>
        <time>2026-08-05T16:52:58.709Z</time>
      </trkpt>
      <trkpt lat="46.433140" lon="11.973621">
        <ele>1134.705373</ele>
        <time>2026-08-05T16:53:13.204Z</time>
      </trkpt>
      <trkpt lat="46.432886" lon="11.971664">
        <ele>1139.128775</ele>
        <time>2026-08-05T16:53:43.443Z</time>
      </trkpt>
      <trkpt lat="46.432790" lon="11.971281">
        <ele>1140.026973</ele>
        <time>2026-08-05T16:53:47.691Z</time>
      </trkpt>
      <trkpt lat="46.432495" lon="11.970607">
        <ele>1141.667938</ele>
        <time>2026-08-05T16:53:56.203Z</time>
      </trkpt>
      <trkpt lat="46.432424" lon="11.970378">
        <ele>1142.184022</ele>
        <time>2026-08-05T16:53:59.081Z</time>
      </trkpt>
      <trkpt lat="46.432161" lon="11.969083">
        <ele>1144.958735</ele>
        <time>2026-08-05T16:54:20.194Z</time>
      </trkpt>
      <trkpt lat="46.432122" lon="11.968972">
        <ele>1145.214804</ele>
        <time>2026-08-05T16:54:22.830Z</time>
      </trkpt>
      <trkpt lat="46.431976" lon="11.968634">
        <ele>1146.768355</ele>
        <time>2026-08-05T16:54:31.440Z</time>
      </trkpt>
      <trkpt lat="46.431751" lon="11.967967">
        <ele>1149.825631</ele>
        <time>2026-08-05T16:54:46.895Z</time>
      </trkpt>
      <trkpt lat="46.431627" lon="11.967767">
        <ele>1150.933157</ele>
        <time>2026-08-05T16:54:52.508Z</time>
      </trkpt>
      <trkpt lat="46.431082" lon="11.967081">
        <ele>1155.242991</ele>
        <time>2026-08-05T16:55:15.930Z</time>
      </trkpt>
      <trkpt lat="46.430938" lon="11.966838">
        <ele>1156.803932</ele>
        <time>2026-08-05T16:55:23.364Z</time>
      </trkpt>
      <trkpt lat="46.430875" lon="11.966612">
        <ele>1158.278215</ele>
        <time>2026-08-05T16:55:29.099Z</time>
      </trkpt>
      <trkpt lat="46.430772" lon="11.965846">
        <ele>1162.997923</ele>
        <time>2026-08-05T16:55:48.601Z</time>
      </trkpt>
      <trkpt lat="46.430452" lon="11.963542">
        <ele>1177.711999</ele>
        <time>2026-08-05T16:57:00.132Z</time>
      </trkpt>
      <trkpt lat="46.430430" lon="11.962540">
        <ele>1184.338482</ele>
        <time>2026-08-05T16:57:30.765Z</time>
      </trkpt>
      <trkpt lat="46.430410" lon="11.962249">
        <ele>1186.271505</ele>
        <time>2026-08-05T16:57:39.641Z</time>
      </trkpt>
      <trkpt lat="46.430354" lon="11.962029">
        <ele>1187.821687</ele>
        <time>2026-08-05T16:57:46.618Z</time>
      </trkpt>
      <trkpt lat="46.430252" lon="11.961827">
        <ele>1189.258613</ele>
        <time>2026-08-05T16:57:54.001Z</time>
      </trkpt>
      <trkpt lat="46.430096" lon="11.961642">
        <ele>1190.132685</ele>
        <time>2026-08-05T16:58:02.052Z</time>
      </trkpt>
      <trkpt lat="46.429091" lon="11.960808">
        <ele>1195.155407</ele>
        <time>2026-08-05T16:58:31.806Z</time>
      </trkpt>
      <trkpt lat="46.427976" lon="11.959909">
        <ele>1197.027877</ele>
        <time>2026-08-05T16:58:48.668Z</time>
      </trkpt>
      <trkpt lat="46.427813" lon="11.959711">
        <ele>1197.063386</ele>
        <time>2026-08-05T16:58:50.794Z</time>
      </trkpt>
      <trkpt lat="46.427697" lon="11.959498">
        <ele>1197.094639</ele>
        <time>2026-08-05T16:58:52.705Z</time>
      </trkpt>
      <trkpt lat="46.427510" lon="11.958959">
        <ele>1197.164111</ele>
        <time>2026-08-05T16:58:57.134Z</time>
      </trkpt>
      <trkpt lat="46.427480" lon="11.958857">
        <ele>1197.176879</ele>
        <time>2026-08-05T16:58:57.990Z</time>
      </trkpt>
      <trkpt lat="46.427300" lon="11.958334">
        <ele>1197.672993</ele>
        <time>2026-08-05T16:59:02.977Z</time>
      </trkpt>
      <trkpt lat="46.427236" lon="11.958067">
        <ele>1197.928860</ele>
        <time>2026-08-05T16:59:05.715Z</time>
      </trkpt>
      <trkpt lat="46.427224" lon="11.957854">
        <ele>1198.122295</ele>
        <time>2026-08-05T16:59:07.928Z</time>
      </trkpt>
      <trkpt lat="46.427259" lon="11.957216">
        <ele>1198.701595</ele>
        <time>2026-08-05T16:59:14.925Z</time>
      </trkpt>
      <trkpt lat="46.427350" lon="11.955528">
        <ele>1201.102531</ele>
        <time>2026-08-05T16:59:38.264Z</time>
      </trkpt>
      <trkpt lat="46.427415" lon="11.954324">
        <ele>1203.570363</ele>
        <time>2026-08-05T16:59:56.560Z</time>
      </trkpt>
      <trkpt lat="46.427443" lon="11.953648">
        <ele>1204.960931</ele>
        <time>2026-08-05T17:00:07.023Z</time>
      </trkpt>
      <trkpt lat="46.427458" lon="11.953150">
        <ele>1206.066876</ele>
        <time>2026-08-05T17:00:14.489Z</time>
      </trkpt>
      <trkpt lat="46.427447" lon="11.952791">
        <ele>1206.864160</ele>
        <time>2026-08-05T17:00:19.656Z</time>
      </trkpt>
      <trkpt lat="46.427402" lon="11.952455">
        <ele>1207.623571</ele>
        <time>2026-08-05T17:00:24.469Z</time>
      </trkpt>
      <trkpt lat="46.427012" lon="11.950043">
        <ele>1213.301006</ele>
        <time>2026-08-05T17:01:03.480Z</time>
      </trkpt>
      <trkpt lat="46.426961" lon="11.949722">
        <ele>1214.085688</ele>
        <time>2026-08-05T17:01:08.855Z</time>
      </trkpt>
      <trkpt lat="46.426902" lon="11.949360">
        <ele>1214.971763</ele>
        <time>2026-08-05T17:01:14.915Z</time>
      </trkpt>
      <trkpt lat="46.426846" lon="11.948576">
        <ele>1216.849281</ele>
        <time>2026-08-05T17:01:27.567Z</time>
      </trkpt>
      <trkpt lat="46.426785" lon="11.948063">
        <ele>1217.842218</ele>
        <time>2026-08-05T17:01:35.573Z</time>
      </trkpt>
      <trkpt lat="46.426646" lon="11.947494">
        <ele>1218.986078</ele>
        <time>2026-08-05T17:01:44.225Z</time>
      </trkpt>
      <trkpt lat="46.426502" lon="11.947077">
        <ele>1219.869832</ele>
        <time>2026-08-05T17:01:50.484Z</time>
      </trkpt>
      <trkpt lat="46.425910" lon="11.945887">
        <ele>1223.060807</ele>
        <time>2026-08-05T17:02:09.938Z</time>
      </trkpt>
      <trkpt lat="46.425672" lon="11.945431">
        <ele>1224.683517</ele>
        <time>2026-08-05T17:02:18.797Z</time>
      </trkpt>
      <trkpt lat="46.425597" lon="11.945239">
        <ele>1225.309616</ele>
        <time>2026-08-05T17:02:22.598Z</time>
      </trkpt>
      <trkpt lat="46.425526" lon="11.944959">
        <ele>1226.156034</ele>
        <time>2026-08-05T17:02:27.989Z</time>
      </trkpt>
      <trkpt lat="46.425499" lon="11.944747">
        <ele>1226.767668</ele>
        <time>2026-08-05T17:02:32.132Z</time>
      </trkpt>
      <trkpt lat="46.425496" lon="11.944708">
        <ele>1226.878999</ele>
        <time>2026-08-05T17:02:32.900Z</time>
      </trkpt>
      <trkpt lat="46.425491" lon="11.944496">
        <ele>1227.480805</ele>
        <time>2026-08-05T17:02:37.046Z</time>
      </trkpt>
      <trkpt lat="46.425522" lon="11.944292">
        <ele>1228.073460</ele>
        <time>2026-08-05T17:02:41.209Z</time>
      </trkpt>
      <trkpt lat="46.425683" lon="11.943826">
        <ele>1229.709170</ele>
        <time>2026-08-05T17:02:51.747Z</time>
      </trkpt>
      <trkpt lat="46.425748" lon="11.943483">
        <ele>1231.207519</ele>
        <time>2026-08-05T17:02:59.087Z</time>
      </trkpt>
      <trkpt lat="46.425749" lon="11.943278">
        <ele>1232.071017</ele>
        <time>2026-08-05T17:03:03.378Z</time>
      </trkpt>
      <trkpt lat="46.425659" lon="11.942547">
        <ele>1235.198779</ele>
        <time>2026-08-05T17:03:18.426Z</time>
      </trkpt>
      <trkpt lat="46.425463" lon="11.940956">
        <ele>1243.351467</ele>
        <time>2026-08-05T17:03:54.185Z</time>
      </trkpt>
      <trkpt lat="46.425433" lon="11.940716">
        <ele>1245.152264</ele>
        <time>2026-08-05T17:04:01.577Z</time>
      </trkpt>
      <trkpt lat="46.425379" lon="11.940578">
        <ele>1246.323828</ele>
        <time>2026-08-05T17:04:06.745Z</time>
      </trkpt>
      <trkpt lat="46.425237" lon="11.940513">
        <ele>1247.918668</ele>
        <time>2026-08-05T17:04:13.975Z</time>
      </trkpt>
      <trkpt lat="46.425027" lon="11.940489">
        <ele>1250.174896</ele>
        <time>2026-08-05T17:04:24.620Z</time>
      </trkpt>
      <trkpt lat="46.424792" lon="11.940465">
        <ele>1252.698154</ele>
        <time>2026-08-05T17:04:37.234Z</time>
      </trkpt>
      <trkpt lat="46.424667" lon="11.940515">
        <ele>1254.086959</ele>
        <time>2026-08-05T17:04:44.240Z</time>
      </trkpt>
      <trkpt lat="46.424496" lon="11.940704">
        <ele>1256.389491</ele>
        <time>2026-08-05T17:04:55.959Z</time>
      </trkpt>
      <trkpt lat="46.424388" lon="11.940942">
        <ele>1258.493231</ele>
        <time>2026-08-05T17:05:06.497Z</time>
      </trkpt>
      <trkpt lat="46.424284" lon="11.941411">
        <ele>1261.382153</ele>
        <time>2026-08-05T17:05:23.757Z</time>
      </trkpt>
      <trkpt lat="46.424232" lon="11.941513">
        <ele>1262.053869</ele>
        <time>2026-08-05T17:05:27.971Z</time>
      </trkpt>
      <trkpt lat="46.424108" lon="11.941552">
        <ele>1263.028459</ele>
        <time>2026-08-05T17:05:33.512Z</time>
      </trkpt>
      <trkpt lat="46.424037" lon="11.941500">
        <ele>1263.639380</ele>
        <time>2026-08-05T17:05:36.780Z</time>
      </trkpt>
      <trkpt lat="46.423991" lon="11.941391">
        <ele>1264.316077</ele>
        <time>2026-08-05T17:05:40.341Z</time>
      </trkpt>
      <trkpt lat="46.424089" lon="11.940493">
        <ele>1269.129970</ele>
        <time>2026-08-05T17:06:00.225Z</time>
      </trkpt>
      <trkpt lat="46.424083" lon="11.940134">
        <ele>1271.031338</ele>
        <time>2026-08-05T17:06:06.624Z</time>
      </trkpt>
      <trkpt lat="46.423687" lon="11.939000">
        <ele>1278.257257</ele>
        <time>2026-08-05T17:06:31.340Z</time>
      </trkpt>
      <trkpt lat="46.423488" lon="11.937789">
        <ele>1285.580403</ele>
        <time>2026-08-05T17:07:07.053Z</time>
      </trkpt>
      <trkpt lat="46.423391" lon="11.937531">
        <ele>1287.309114</ele>
        <time>2026-08-05T17:07:17.312Z</time>
      </trkpt>
      <trkpt lat="46.423281" lon="11.937317">
        <ele>1288.905700</ele>
        <time>2026-08-05T17:07:27.059Z</time>
      </trkpt>
      <trkpt lat="46.423068" lon="11.937196">
        <ele>1291.080501</ele>
        <time>2026-08-05T17:07:38.802Z</time>
      </trkpt>
      <trkpt lat="46.422791" lon="11.937144">
        <ele>1293.736004</ele>
        <time>2026-08-05T17:07:52.553Z</time>
      </trkpt>
      <trkpt lat="46.422540" lon="11.937146">
        <ele>1296.122392</ele>
        <time>2026-08-05T17:08:04.294Z</time>
      </trkpt>
      <trkpt lat="46.422441" lon="11.937099">
        <ele>1297.112744</ele>
        <time>2026-08-05T17:08:09.002Z</time>
      </trkpt>
      <trkpt lat="46.422374" lon="11.936993">
        <ele>1298.055278</ele>
        <time>2026-08-05T17:08:13.414Z</time>
      </trkpt>
      <trkpt lat="46.422362" lon="11.936858">
        <ele>1298.947365</ele>
        <time>2026-08-05T17:08:17.476Z</time>
      </trkpt>
      <trkpt lat="46.422756" lon="11.935413">
        <ele>1308.674191</ele>
        <time>2026-08-05T17:08:55.551Z</time>
      </trkpt>
      <trkpt lat="46.422895" lon="11.934993">
        <ele>1311.314726</ele>
        <time>2026-08-05T17:09:05.521Z</time>
      </trkpt>
      <trkpt lat="46.423045" lon="11.934800">
        <ele>1312.963212</ele>
        <time>2026-08-05T17:09:12.201Z</time>
      </trkpt>
      <trkpt lat="46.423131" lon="11.934638">
        <ele>1314.122078</ele>
        <time>2026-08-05T17:09:17.199Z</time>
      </trkpt>
      <trkpt lat="46.423158" lon="11.934475">
        <ele>1315.072194</ele>
        <time>2026-08-05T17:09:21.478Z</time>
      </trkpt>
      <trkpt lat="46.423137" lon="11.934326">
        <ele>1315.934136</ele>
        <time>2026-08-05T17:09:25.496Z</time>
      </trkpt>
      <trkpt lat="46.423055" lon="11.934215">
        <ele>1316.856261</ele>
        <time>2026-08-05T17:09:29.927Z</time>
      </trkpt>
      <trkpt lat="46.422920" lon="11.934159">
        <ele>1318.010707</ele>
        <time>2026-08-05T17:09:35.711Z</time>
      </trkpt>
      <trkpt lat="46.422502" lon="11.934183">
        <ele>1321.705213</ele>
        <time>2026-08-05T17:09:54.601Z</time>
      </trkpt>
      <trkpt lat="46.421536" lon="11.934451">
        <ele>1332.051572</ele>
        <time>2026-08-05T17:10:45.548Z</time>
      </trkpt>
      <trkpt lat="46.421424" lon="11.934432">
        <ele>1333.237825</ele>
        <time>2026-08-05T17:10:50.749Z</time>
      </trkpt>
      <trkpt lat="46.421335" lon="11.934339">
        <ele>1334.391707</ele>
        <time>2026-08-05T17:10:55.685Z</time>
      </trkpt>
      <trkpt lat="46.421279" lon="11.934192">
        <ele>1335.609682</ele>
        <time>2026-08-05T17:11:00.662Z</time>
      </trkpt>
      <trkpt lat="46.421259" lon="11.933961">
        <ele>1337.298026</ele>
        <time>2026-08-05T17:11:07.120Z</time>
      </trkpt>
      <trkpt lat="46.421309" lon="11.933746">
        <ele>1338.943512</ele>
        <time>2026-08-05T17:11:13.109Z</time>
      </trkpt>
      <trkpt lat="46.421996" lon="11.932958">
        <ele>1346.839587</ele>
        <time>2026-08-05T17:11:44.225Z</time>
      </trkpt>
      <trkpt lat="46.422127" lon="11.932769">
        <ele>1348.488842</ele>
        <time>2026-08-05T17:11:49.975Z</time>
      </trkpt>
      <trkpt lat="46.422513" lon="11.931497">
        <ele>1356.990652</ele>
        <time>2026-08-05T17:12:33.390Z</time>
      </trkpt>
      <trkpt lat="46.422557" lon="11.931291">
        <ele>1358.274035</ele>
        <time>2026-08-05T17:12:41.202Z</time>
      </trkpt>
      <trkpt lat="46.422623" lon="11.930741">
        <ele>1361.596246</ele>
        <time>2026-08-05T17:13:00.502Z</time>
      </trkpt>
      <trkpt lat="46.422645" lon="11.930562">
        <ele>1362.678252</ele>
        <time>2026-08-05T17:13:06.324Z</time>
      </trkpt>
      <trkpt lat="46.422688" lon="11.930419">
        <ele>1363.606669</ele>
        <time>2026-08-05T17:13:11.322Z</time>
      </trkpt>
      <trkpt lat="46.422783" lon="11.930304">
        <ele>1364.674810</ele>
        <time>2026-08-05T17:13:16.739Z</time>
      </trkpt>
      <trkpt lat="46.423637" lon="11.929648">
        <ele>1371.989668</ele>
        <time>2026-08-05T17:13:46.555Z</time>
      </trkpt>
      <trkpt lat="46.423741" lon="11.929596">
        <ele>1372.445295</ele>
        <time>2026-08-05T17:13:48.262Z</time>
      </trkpt>
      <trkpt lat="46.424750" lon="11.929386">
        <ele>1376.667281</ele>
        <time>2026-08-05T17:14:08.588Z</time>
      </trkpt>
      <trkpt lat="46.425118" lon="11.929256">
        <ele>1378.236046</ele>
        <time>2026-08-05T17:14:18.936Z</time>
      </trkpt>
      <trkpt lat="46.425254" lon="11.929208">
        <ele>1379.065912</ele>
        <time>2026-08-05T17:14:23.262Z</time>
      </trkpt>
      <trkpt lat="46.425495" lon="11.929030">
        <ele>1381.051452</ele>
        <time>2026-08-05T17:14:32.577Z</time>
      </trkpt>
      <trkpt lat="46.425591" lon="11.928900">
        <ele>1382.015627</ele>
        <time>2026-08-05T17:14:37.523Z</time>
      </trkpt>
      <trkpt lat="46.425706" lon="11.928576">
        <ele>1383.859952</ele>
        <time>2026-08-05T17:14:47.918Z</time>
      </trkpt>
      <trkpt lat="46.425750" lon="11.928149">
        <ele>1386.044932</ele>
        <time>2026-08-05T17:15:00.473Z</time>
      </trkpt>
      <trkpt lat="46.425759" lon="11.927299">
        <ele>1390.347129</ele>
        <time>2026-08-05T17:15:22.951Z</time>
      </trkpt>
      <trkpt lat="46.425688" lon="11.926369">
        <ele>1394.070405</ele>
        <time>2026-08-05T17:15:42.148Z</time>
      </trkpt>
      <trkpt lat="46.425525" lon="11.925533">
        <ele>1397.152576</ele>
        <time>2026-08-05T17:15:55.359Z</time>
      </trkpt>
      <trkpt lat="46.425468" lon="11.925081">
        <ele>1398.782715</ele>
        <time>2026-08-05T17:16:01.954Z</time>
      </trkpt>
      <trkpt lat="46.425506" lon="11.924485">
        <ele>1400.906123</ele>
        <time>2026-08-05T17:16:13.106Z</time>
      </trkpt>
      <trkpt lat="46.425546" lon="11.924302">
        <ele>1402.422530</ele>
        <time>2026-08-05T17:16:17.988Z</time>
      </trkpt>
      <trkpt lat="46.425680" lon="11.923678">
        <ele>1407.803972</ele>
        <time>2026-08-05T17:16:38.644Z</time>
      </trkpt>
      <trkpt lat="46.425829" lon="11.922997">
        <ele>1413.686863</ele>
        <time>2026-08-05T17:17:07.009Z</time>
      </trkpt>
      <trkpt lat="46.425872" lon="11.922707">
        <ele>1416.129270</ele>
        <time>2026-08-05T17:17:20.538Z</time>
      </trkpt>
      <trkpt lat="46.425881" lon="11.921517">
        <ele>1422.941731</ele>
        <time>2026-08-05T17:18:08.968Z</time>
      </trkpt>
      <trkpt lat="46.425884" lon="11.921049">
        <ele>1423.496058</ele>
        <time>2026-08-05T17:18:19.643Z</time>
      </trkpt>
      <trkpt lat="46.425849" lon="11.920838">
        <ele>1423.753103</ele>
        <time>2026-08-05T17:18:22.726Z</time>
      </trkpt>
      <trkpt lat="46.425709" lon="11.920518">
        <ele>1424.202012</ele>
        <time>2026-08-05T17:18:26.019Z</time>
      </trkpt>
      <trkpt lat="46.425688" lon="11.920343">
        <ele>1424.412402</ele>
        <time>2026-08-05T17:18:27.092Z</time>
      </trkpt>
      <trkpt lat="46.425663" lon="11.919450">
        <ele>1425.470954</ele>
        <time>2026-08-05T17:18:31.607Z</time>
      </trkpt>
      <trkpt lat="46.425556" lon="11.918442">
        <ele>1422.320500</ele>
        <time>2026-08-05T17:18:36.572Z</time>
      </trkpt>
      <trkpt lat="46.425579" lon="11.918159">
        <ele>1421.377009</ele>
        <time>2026-08-05T17:18:37.990Z</time>
      </trkpt>
      <trkpt lat="46.425643" lon="11.917898">
        <ele>1420.459799</ele>
        <time>2026-08-05T17:18:39.403Z</time>
      </trkpt>
      <trkpt lat="46.425772" lon="11.917568">
        <ele>1419.203713</ele>
        <time>2026-08-05T17:18:41.402Z</time>
      </trkpt>
      <trkpt lat="46.426068" lon="11.917018">
        <ele>1416.893386</ele>
        <time>2026-08-05T17:18:45.490Z</time>
      </trkpt>
      <trkpt lat="46.426174" lon="11.916532">
        <ele>1418.624242</ele>
        <time>2026-08-05T17:18:50.522Z</time>
      </trkpt>
      <trkpt lat="46.426356" lon="11.916045">
        <ele>1420.510489</ele>
        <time>2026-08-05T17:18:58.835Z</time>
      </trkpt>
      <trkpt lat="46.426423" lon="11.915562">
        <ele>1422.188045</ele>
        <time>2026-08-05T17:19:08.381Z</time>
      </trkpt>
      <trkpt lat="46.426442" lon="11.915427">
        <ele>1422.657195</ele>
        <time>2026-08-05T17:19:11.281Z</time>
      </trkpt>
      <trkpt lat="46.426517" lon="11.915209">
        <ele>1423.486791</ele>
        <time>2026-08-05T17:19:16.968Z</time>
      </trkpt>
      <trkpt lat="46.426967" lon="11.914545">
        <ele>1427.812681</ele>
        <time>2026-08-05T17:19:44.516Z</time>
      </trkpt>
      <trkpt lat="46.427072" lon="11.914421">
        <ele>1429.358019</ele>
        <time>2026-08-05T17:19:51.291Z</time>
      </trkpt>
      <trkpt lat="46.427209" lon="11.914193">
        <ele>1431.737698</ele>
        <time>2026-08-05T17:20:02.466Z</time>
      </trkpt>
      <trkpt lat="46.427425" lon="11.913702">
        <ele>1436.320313</ele>
        <time>2026-08-05T17:20:23.907Z</time>
      </trkpt>
      <trkpt lat="46.427537" lon="11.913514">
        <ele>1438.275277</ele>
        <time>2026-08-05T17:20:32.898Z</time>
      </trkpt>
      <trkpt lat="46.427609" lon="11.913393">
        <ele>1439.532889</ele>
        <time>2026-08-05T17:20:38.564Z</time>
      </trkpt>
      <trkpt lat="46.427689" lon="11.913286">
        <ele>1440.774838</ele>
        <time>2026-08-05T17:20:44.180Z</time>
      </trkpt>
      <trkpt lat="46.427927" lon="11.912957">
        <ele>1444.527064</ele>
        <time>2026-08-05T17:21:00.744Z</time>
      </trkpt>
      <trkpt lat="46.428150" lon="11.912717">
        <ele>1447.223141</ele>
        <time>2026-08-05T17:21:13.794Z</time>
      </trkpt>
      <trkpt lat="46.428506" lon="11.912247">
        <ele>1450.847759</ele>
        <time>2026-08-05T17:21:33.133Z</time>
      </trkpt>
      <trkpt lat="46.428571" lon="11.912103">
        <ele>1451.741187</ele>
        <time>2026-08-05T17:21:37.044Z</time>
      </trkpt>
      <trkpt lat="46.428615" lon="11.911886">
        <ele>1452.915223</ele>
        <time>2026-08-05T17:21:42.052Z</time>
      </trkpt>
      <trkpt lat="46.428636" lon="11.911601">
        <ele>1454.402906</ele>
        <time>2026-08-05T17:21:48.130Z</time>
      </trkpt>
      <trkpt lat="46.428613" lon="11.911380">
        <ele>1455.562980</ele>
        <time>2026-08-05T17:21:52.853Z</time>
      </trkpt>
      <trkpt lat="46.428452" lon="11.910848">
        <ele>1458.578699</ele>
        <time>2026-08-05T17:22:04.913Z</time>
      </trkpt>
      <trkpt lat="46.428408" lon="11.910596">
        <ele>1459.951046</ele>
        <time>2026-08-05T17:22:10.240Z</time>
      </trkpt>
      <trkpt lat="46.428422" lon="11.910436">
        <ele>1461.036320</ele>
        <time>2026-08-05T17:22:13.743Z</time>
      </trkpt>
      <trkpt lat="46.428481" lon="11.910301">
        <ele>1462.111946</ele>
        <time>2026-08-05T17:22:17.385Z</time>
      </trkpt>
      <trkpt lat="46.429056" lon="11.909770">
        <ele>1468.766109</ele>
        <time>2026-08-05T17:22:42.737Z</time>
      </trkpt>
      <trkpt lat="46.429108" lon="11.909684">
        <ele>1469.535905</ele>
        <time>2026-08-05T17:22:46.416Z</time>
      </trkpt>
      <trkpt lat="46.429214" lon="11.909380">
        <ele>1471.828340</ele>
        <time>2026-08-05T17:22:57.894Z</time>
      </trkpt>
      <trkpt lat="46.429218" lon="11.909187">
        <ele>1473.127596</ele>
        <time>2026-08-05T17:23:04.695Z</time>
      </trkpt>
      <trkpt lat="46.429197" lon="11.908688">
        <ele>1476.491549</ele>
        <time>2026-08-05T17:23:22.886Z</time>
      </trkpt>
      <trkpt lat="46.429240" lon="11.908511">
        <ele>1477.910077</ele>
        <time>2026-08-05T17:23:29.892Z</time>
      </trkpt>
      <trkpt lat="46.429378" lon="11.908326">
        <ele>1480.572790</ele>
        <time>2026-08-05T17:23:40.288Z</time>
      </trkpt>
      <trkpt lat="46.429450" lon="11.908294">
        <ele>1481.639944</ele>
        <time>2026-08-05T17:23:44.475Z</time>
      </trkpt>
      <trkpt lat="46.430257" lon="11.908104">
        <ele>1493.226004</ele>
        <time>2026-08-05T17:24:32.060Z</time>
      </trkpt>
      <trkpt lat="46.430548" lon="11.908079">
        <ele>1497.357155</ele>
        <time>2026-08-05T17:24:50.085Z</time>
      </trkpt>
      <trkpt lat="46.431073" lon="11.908201">
        <ele>1504.691363</ele>
        <time>2026-08-05T17:25:21.892Z</time>
      </trkpt>
      <trkpt lat="46.431773" lon="11.908453">
        <ele>1513.882955</ele>
        <time>2026-08-05T17:26:01.726Z</time>
      </trkpt>
      <trkpt lat="46.432446" lon="11.908720">
        <ele>1522.774794</ele>
        <time>2026-08-05T17:26:37.049Z</time>
      </trkpt>
      <trkpt lat="46.433003" lon="11.908891">
        <ele>1529.607299</ele>
        <time>2026-08-05T17:27:03.620Z</time>
      </trkpt>
      <trkpt lat="46.435215" lon="11.908891">
        <ele>1555.745534</ele>
        <time>2026-08-05T17:28:52.104Z</time>
      </trkpt>
      <trkpt lat="46.436847" lon="11.909065">
        <ele>1577.073044</ele>
        <time>2026-08-05T17:30:21.334Z</time>
      </trkpt>
      <trkpt lat="46.437033" lon="11.909084">
        <ele>1579.678418</ele>
        <time>2026-08-05T17:30:32.074Z</time>
      </trkpt>
      <trkpt lat="46.437446" lon="11.909045">
        <ele>1585.461393</ele>
        <time>2026-08-05T17:30:56.281Z</time>
      </trkpt>
      <trkpt lat="46.437756" lon="11.908914">
        <ele>1589.972902</ele>
        <time>2026-08-05T17:31:15.339Z</time>
      </trkpt>
      <trkpt lat="46.439361" lon="11.908046">
        <ele>1613.727623</ele>
        <time>2026-08-05T17:32:54.669Z</time>
      </trkpt>
      <trkpt lat="46.439719" lon="11.907900">
        <ele>1618.876895</ele>
        <time>2026-08-05T17:33:14.510Z</time>
      </trkpt>
      <trkpt lat="46.439941" lon="11.907843">
        <ele>1621.587006</ele>
        <time>2026-08-05T17:33:26.282Z</time>
      </trkpt>
      <trkpt lat="46.440109" lon="11.907854">
        <ele>1623.597277</ele>
        <time>2026-08-05T17:33:34.872Z</time>
      </trkpt>
      <trkpt lat="46.440719" lon="11.908046">
        <ele>1631.058610</ele>
        <time>2026-08-05T17:34:05.834Z</time>
      </trkpt>
      <trkpt lat="46.441846" lon="11.908159">
        <ele>1644.707441</ele>
        <time>2026-08-05T17:35:01.569Z</time>
      </trkpt>
      <trkpt lat="46.442667" lon="11.908321">
        <ele>1654.963885</ele>
        <time>2026-08-05T17:35:43.328Z</time>
      </trkpt>
      <trkpt lat="46.443463" lon="11.908236">
        <ele>1664.966616</ele>
        <time>2026-08-05T17:36:26.886Z</time>
      </trkpt>
      <trkpt lat="46.444111" lon="11.908150">
        <ele>1673.493948</ele>
        <time>2026-08-05T17:37:02.869Z</time>
      </trkpt>
      <trkpt lat="46.444438" lon="11.908069">
        <ele>1677.841185</ele>
        <time>2026-08-05T17:37:20.514Z</time>
      </trkpt>
      <trkpt lat="46.444659" lon="11.907925">
        <ele>1681.015854</ele>
        <time>2026-08-05T17:37:33.656Z</time>
      </trkpt>
      <trkpt lat="46.444868" lon="11.907715">
        <ele>1684.347136</ele>
        <time>2026-08-05T17:37:47.535Z</time>
      </trkpt>
      <trkpt lat="46.445166" lon="11.907417">
        <ele>1689.069033</ele>
        <time>2026-08-05T17:38:06.849Z</time>
      </trkpt>
      <trkpt lat="46.445587" lon="11.907120">
        <ele>1695.157641</ele>
        <time>2026-08-05T17:38:31.516Z</time>
      </trkpt>
      <trkpt lat="46.446106" lon="11.906842">
        <ele>1702.353365</ele>
        <time>2026-08-05T17:39:00.916Z</time>
      </trkpt>
      <trkpt lat="46.448411" lon="11.905632">
        <ele>1735.599981</ele>
        <time>2026-08-05T17:41:16.127Z</time>
      </trkpt>
      <trkpt lat="46.449851" lon="11.904836">
        <ele>1759.293624</ele>
        <time>2026-08-05T17:42:53.347Z</time>
      </trkpt>
      <trkpt lat="46.450887" lon="11.904219">
        <ele>1776.150462</ele>
        <time>2026-08-05T17:44:02.720Z</time>
      </trkpt>
      <trkpt lat="46.450974" lon="11.904104">
        <ele>1777.914911</ele>
        <time>2026-08-05T17:44:09.809Z</time>
      </trkpt>
      <trkpt lat="46.451001" lon="11.903995">
        <ele>1779.111548</ele>
        <time>2026-08-05T17:44:14.680Z</time>
      </trkpt>
      <trkpt lat="46.451027" lon="11.903492">
        <ele>1784.322600</ele>
        <time>2026-08-05T17:44:35.784Z</time>
      </trkpt>
      <trkpt lat="46.451072" lon="11.903345">
        <ele>1785.984399</ele>
        <time>2026-08-05T17:44:42.585Z</time>
      </trkpt>
      <trkpt lat="46.451133" lon="11.903222">
        <ele>1787.550063</ele>
        <time>2026-08-05T17:44:49.103Z</time>
      </trkpt>
      <trkpt lat="46.451390" lon="11.902939">
        <ele>1791.323661</ele>
        <time>2026-08-05T17:45:07.452Z</time>
      </trkpt>
      <trkpt lat="46.451490" lon="11.902923">
        <ele>1792.372008</ele>
        <time>2026-08-05T17:45:12.552Z</time>
      </trkpt>
      <trkpt lat="46.451579" lon="11.903030">
        <ele>1793.576249</ele>
        <time>2026-08-05T17:45:18.140Z</time>
      </trkpt>
      <trkpt lat="46.451728" lon="11.903507">
        <ele>1797.336294</ele>
        <time>2026-08-05T17:45:35.267Z</time>
      </trkpt>
      <trkpt lat="46.451785" lon="11.903591">
        <ele>1798.182738</ele>
        <time>2026-08-05T17:45:39.049Z</time>
      </trkpt>
      <trkpt lat="46.451857" lon="11.903601">
        <ele>1798.936430</ele>
        <time>2026-08-05T17:45:42.377Z</time>
      </trkpt>
      <trkpt lat="46.451902" lon="11.903563">
        <ele>1799.478931</ele>
        <time>2026-08-05T17:45:44.743Z</time>
      </trkpt>
      <trkpt lat="46.451940" lon="11.903406">
        <ele>1800.673602</ele>
        <time>2026-08-05T17:45:50.028Z</time>
      </trkpt>
      <trkpt lat="46.451940" lon="11.903370">
        <ele>1800.932054</ele>
        <time>2026-08-05T17:45:51.035Z</time>
      </trkpt>
      <trkpt lat="46.451926" lon="11.903143">
        <ele>1802.568257</ele>
        <time>2026-08-05T17:45:57.695Z</time>
      </trkpt>
      <trkpt lat="46.451965" lon="11.902814">
        <ele>1804.964930</ele>
        <time>2026-08-05T17:46:06.786Z</time>
      </trkpt>
      <trkpt lat="46.451993" lon="11.902682">
        <ele>1805.956487</ele>
        <time>2026-08-05T17:46:10.283Z</time>
      </trkpt>
      <trkpt lat="46.452061" lon="11.902348">
        <ele>1808.283689</ele>
        <time>2026-08-05T17:46:18.605Z</time>
      </trkpt>
      <trkpt lat="46.452069" lon="11.902086">
        <ele>1809.765721</ele>
        <time>2026-08-05T17:46:24.167Z</time>
      </trkpt>
      <trkpt lat="46.452081" lon="11.902024">
        <ele>1810.129650</ele>
        <time>2026-08-05T17:46:25.380Z</time>
      </trkpt>
      <trkpt lat="46.452163" lon="11.901943">
        <ele>1810.943220</ele>
        <time>2026-08-05T17:46:28.149Z</time>
      </trkpt>
      <trkpt lat="46.452266" lon="11.901984">
        <ele>1811.819251</ele>
        <time>2026-08-05T17:46:30.935Z</time>
      </trkpt>
      <trkpt lat="46.452290" lon="11.902079">
        <ele>1812.391054</ele>
        <time>2026-08-05T17:46:32.912Z</time>
      </trkpt>
      <trkpt lat="46.452283" lon="11.902205">
        <ele>1813.105396</ele>
        <time>2026-08-05T17:46:35.661Z</time>
      </trkpt>
      <trkpt lat="46.452222" lon="11.902481">
        <ele>1814.743373</ele>
        <time>2026-08-05T17:46:42.281Z</time>
      </trkpt>
      <trkpt lat="46.452240" lon="11.902621">
        <ele>1815.548177</ele>
        <time>2026-08-05T17:46:45.684Z</time>
      </trkpt>
      <trkpt lat="46.452296" lon="11.902722">
        <ele>1816.280806</ele>
        <time>2026-08-05T17:46:48.797Z</time>
      </trkpt>
      <trkpt lat="46.452380" lon="11.902774">
        <ele>1817.029846</ele>
        <time>2026-08-05T17:46:52.157Z</time>
      </trkpt>
      <trkpt lat="46.452462" lon="11.902760">
        <ele>1817.707071</ele>
        <time>2026-08-05T17:46:55.154Z</time>
      </trkpt>
      <trkpt lat="46.452534" lon="11.902689">
        <ele>1818.421036</ele>
        <time>2026-08-05T17:46:58.560Z</time>
      </trkpt>
      <trkpt lat="46.452569" lon="11.902576">
        <ele>1819.121165</ele>
        <time>2026-08-05T17:47:01.955Z</time>
      </trkpt>
      <trkpt lat="46.452566" lon="11.902432">
        <ele>1819.935282</ele>
        <time>2026-08-05T17:47:06.300Z</time>
      </trkpt>
      <trkpt lat="46.452289" lon="11.901443">
        <ele>1827.806283</ele>
        <time>2026-08-05T17:47:43.724Z</time>
      </trkpt>
      <trkpt lat="46.452289" lon="11.901266">
        <ele>1829.321188</ele>
        <time>2026-08-05T17:47:50.215Z</time>
      </trkpt>
      <trkpt lat="46.452318" lon="11.901114">
        <ele>1830.671085</ele>
        <time>2026-08-05T17:47:56.083Z</time>
      </trkpt>
      <trkpt lat="46.452496" lon="11.900756">
        <ele>1834.449708</ele>
        <time>2026-08-05T17:48:12.339Z</time>
      </trkpt>
      <trkpt lat="46.452523" lon="11.900566">
        <ele>1836.110103</ele>
        <time>2026-08-05T17:48:19.401Z</time>
      </trkpt>
      <trkpt lat="46.452496" lon="11.900455">
        <ele>1837.117597</ele>
        <time>2026-08-05T17:48:23.675Z</time>
      </trkpt>
      <trkpt lat="46.452423" lon="11.900367">
        <ele>1838.296439</ele>
        <time>2026-08-05T17:48:28.694Z</time>
      </trkpt>
      <trkpt lat="46.452331" lon="11.900342">
        <ele>1839.459193</ele>
        <time>2026-08-05T17:48:33.692Z</time>
      </trkpt>
      <trkpt lat="46.451565" lon="11.900568">
        <ele>1849.351845</ele>
        <time>2026-08-05T17:49:15.733Z</time>
      </trkpt>
      <trkpt lat="46.451455" lon="11.900504">
        <ele>1850.884610</ele>
        <time>2026-08-05T17:49:21.559Z</time>
      </trkpt>
      <trkpt lat="46.451411" lon="11.900405">
        <ele>1851.934427</ele>
        <time>2026-08-05T17:49:25.513Z</time>
      </trkpt>
      <trkpt lat="46.451429" lon="11.900233">
        <ele>1853.484697</ele>
        <time>2026-08-05T17:49:31.398Z</time>
      </trkpt>
      <trkpt lat="46.451476" lon="11.900165">
        <ele>1854.343009</ele>
        <time>2026-08-05T17:49:34.657Z</time>
      </trkpt>
      <trkpt lat="46.451803" lon="11.900073">
        <ele>1858.651082</ele>
        <time>2026-08-05T17:49:52.098Z</time>
      </trkpt>
      <trkpt lat="46.452029" lon="11.899954">
        <ele>1861.760518</ele>
        <time>2026-08-05T17:50:05.597Z</time>
      </trkpt>
      <trkpt lat="46.452119" lon="11.899864">
        <ele>1863.174082</ele>
        <time>2026-08-05T17:50:11.957Z</time>
      </trkpt>
      <trkpt lat="46.452135" lon="11.899797">
        <ele>1863.805959</ele>
        <time>2026-08-05T17:50:14.809Z</time>
      </trkpt>
      <trkpt lat="46.452107" lon="11.899650">
        <ele>1865.164996</ele>
        <time>2026-08-05T17:50:21.021Z</time>
      </trkpt>
      <trkpt lat="46.452067" lon="11.899589">
        <ele>1865.915406</ele>
        <time>2026-08-05T17:50:24.441Z</time>
      </trkpt>
      <trkpt lat="46.451744" lon="11.899247">
        <ele>1870.630077</ele>
        <time>2026-08-05T17:50:47.152Z</time>
      </trkpt>
      <trkpt lat="46.451494" lon="11.898838">
        <ele>1874.780924</ele>
        <time>2026-08-05T17:51:06.498Z</time>
      </trkpt>
      <trkpt lat="46.451467" lon="11.898646">
        <ele>1876.268582</ele>
        <time>2026-08-05T17:51:12.838Z</time>
      </trkpt>
      <trkpt lat="46.451507" lon="11.898469">
        <ele>1877.682752</ele>
        <time>2026-08-05T17:51:18.684Z</time>
      </trkpt>
      <trkpt lat="46.451588" lon="11.898395">
        <ele>1878.737369</ele>
        <time>2026-08-05T17:51:22.907Z</time>
      </trkpt>
      <trkpt lat="46.451698" lon="11.898391">
        <ele>1879.949831</ele>
        <time>2026-08-05T17:51:27.593Z</time>
      </trkpt>
      <trkpt lat="46.452545" lon="11.898941">
        <ele>1890.107334</ele>
        <time>2026-08-05T17:52:06.460Z</time>
      </trkpt>
      <trkpt lat="46.452720" lon="11.898977">
        <ele>1891.999471</ele>
        <time>2026-08-05T17:52:14.137Z</time>
      </trkpt>
      <trkpt lat="46.453764" lon="11.898858">
        <ele>1903.210137</ele>
        <time>2026-08-05T17:53:03.083Z</time>
      </trkpt>
      <trkpt lat="46.453990" lon="11.898846">
        <ele>1905.631137</ele>
        <time>2026-08-05T17:53:14.646Z</time>
      </trkpt>
      <trkpt lat="46.454164" lon="11.898904">
        <ele>1907.587859</ele>
        <time>2026-08-05T17:53:23.596Z</time>
      </trkpt>
      <trkpt lat="46.454274" lon="11.898985">
        <ele>1909.037708</ele>
        <time>2026-08-05T17:53:29.734Z</time>
      </trkpt>
      <trkpt lat="46.454369" lon="11.899091">
        <ele>1910.446174</ele>
        <time>2026-08-05T17:53:35.553Z</time>
      </trkpt>
      <trkpt lat="46.454632" lon="11.899565">
        <ele>1915.374701</ele>
        <time>2026-08-05T17:53:55.519Z</time>
      </trkpt>
      <trkpt lat="46.454726" lon="11.899586">
        <ele>1916.492625</ele>
        <time>2026-08-05T17:53:59.963Z</time>
      </trkpt>
      <trkpt lat="46.454788" lon="11.899531">
        <ele>1917.346720</ele>
        <time>2026-08-05T17:54:03.259Z</time>
      </trkpt>
      <trkpt lat="46.454808" lon="11.899429">
        <ele>1918.205512</ele>
        <time>2026-08-05T17:54:06.667Z</time>
      </trkpt>
      <trkpt lat="46.454799" lon="11.899283">
        <ele>1919.392531</ele>
        <time>2026-08-05T17:54:11.202Z</time>
      </trkpt>
      <trkpt lat="46.454754" lon="11.897531">
        <ele>1934.352453</ele>
        <time>2026-08-05T17:55:14.336Z</time>
      </trkpt>
      <trkpt lat="46.454766" lon="11.897332">
        <ele>1936.199790</ele>
        <time>2026-08-05T17:55:21.978Z</time>
      </trkpt>
      <trkpt lat="46.454798" lon="11.897195">
        <ele>1937.537567</ele>
        <time>2026-08-05T17:55:27.656Z</time>
      </trkpt>
      <trkpt lat="46.455246" lon="11.895894">
        <ele>1950.988044</ele>
        <time>2026-08-05T17:56:25.345Z</time>
      </trkpt>
      <trkpt lat="46.455323" lon="11.895539">
        <ele>1954.149130</ele>
        <time>2026-08-05T17:56:39.565Z</time>
      </trkpt>
      <trkpt lat="46.455306" lon="11.894801">
        <ele>1960.050017</ele>
        <time>2026-08-05T17:57:06.201Z</time>
      </trkpt>
      <trkpt lat="46.455084" lon="11.893678">
        <ele>1969.386443</ele>
        <time>2026-08-05T17:57:43.234Z</time>
      </trkpt>
      <trkpt lat="46.455086" lon="11.893596">
        <ele>1970.042144</ele>
        <time>2026-08-05T17:57:45.873Z</time>
      </trkpt>
      <trkpt lat="46.455113" lon="11.893534">
        <ele>1970.628297</ele>
        <time>2026-08-05T17:57:48.231Z</time>
      </trkpt>
      <trkpt lat="46.455154" lon="11.893507">
        <ele>1971.150543</ele>
        <time>2026-08-05T17:57:50.382Z</time>
      </trkpt>
      <trkpt lat="46.455204" lon="11.893525">
        <ele>1971.748103</ele>
        <time>2026-08-05T17:57:52.830Z</time>
      </trkpt>
      <trkpt lat="46.455248" lon="11.893582">
        <ele>1972.432196</ele>
        <time>2026-08-05T17:57:55.452Z</time>
      </trkpt>
      <trkpt lat="46.455603" lon="11.894365">
        <ele>1980.672196</ele>
        <time>2026-08-05T17:58:25.219Z</time>
      </trkpt>
      <trkpt lat="46.455648" lon="11.894423">
        <ele>1981.448395</ele>
        <time>2026-08-05T17:58:28.125Z</time>
      </trkpt>
      <trkpt lat="46.455704" lon="11.894432">
        <ele>1982.175100</ele>
        <time>2026-08-05T17:58:30.851Z</time>
      </trkpt>
      <trkpt lat="46.455749" lon="11.894385">
        <ele>1982.890146</ele>
        <time>2026-08-05T17:58:33.574Z</time>
      </trkpt>
      <trkpt lat="46.455773" lon="11.894302">
        <ele>1983.689986</ele>
        <time>2026-08-05T17:58:36.631Z</time>
      </trkpt>
      <trkpt lat="46.455728" lon="11.894155">
        <ele>1985.119327</ele>
        <time>2026-08-05T17:58:42.229Z</time>
      </trkpt>
      <trkpt lat="46.455630" lon="11.893936">
        <ele>1987.439777</ele>
        <time>2026-08-05T17:58:51.483Z</time>
      </trkpt>
      <trkpt lat="46.455252" lon="11.892512">
        <ele>2001.372381</ele>
        <time>2026-08-05T17:59:56.689Z</time>
      </trkpt>
      <trkpt lat="46.455120" lon="11.892023">
        <ele>2006.419330</ele>
        <time>2026-08-05T18:00:19.336Z</time>
      </trkpt>
      <trkpt lat="46.454983" lon="11.891533">
        <ele>2011.501052</ele>
        <time>2026-08-05T18:00:40.400Z</time>
      </trkpt>
      <trkpt lat="46.454909" lon="11.891310">
        <ele>2013.879645</ele>
        <time>2026-08-05T18:00:49.686Z</time>
      </trkpt>
      <trkpt lat="46.454803" lon="11.891142">
        <ele>2016.068831</ele>
        <time>2026-08-05T18:00:57.904Z</time>
      </trkpt>
      <trkpt lat="46.454361" lon="11.890664">
        <ele>2023.489225</ele>
        <time>2026-08-05T18:01:25.306Z</time>
      </trkpt>
      <trkpt lat="46.454159" lon="11.890496">
        <ele>2026.348418</ele>
        <time>2026-08-05T18:01:37.604Z</time>
      </trkpt>
      <trkpt lat="46.453677" lon="11.890264">
        <ele>2032.584977</ele>
        <time>2026-08-05T18:02:03.661Z</time>
      </trkpt>
      <trkpt lat="46.453639" lon="11.890232">
        <ele>2033.124520</ele>
        <time>2026-08-05T18:02:05.931Z</time>
      </trkpt>
      <trkpt lat="46.453604" lon="11.890202">
        <ele>2033.623718</ele>
        <time>2026-08-05T18:02:08.026Z</time>
      </trkpt>
      <trkpt lat="46.453542" lon="11.890073">
        <ele>2034.954553</ele>
        <time>2026-08-05T18:02:13.852Z</time>
      </trkpt>
      <trkpt lat="46.453527" lon="11.889901">
        <ele>2036.421477</ele>
        <time>2026-08-05T18:02:20.416Z</time>
      </trkpt>
      <trkpt lat="46.453547" lon="11.889716">
        <ele>2038.005935</ele>
        <time>2026-08-05T18:02:27.450Z</time>
      </trkpt>
      <trkpt lat="46.453796" lon="11.888415">
        <ele>2045.844163</ele>
        <time>2026-08-05T18:03:15.771Z</time>
      </trkpt>
      <trkpt lat="46.453814" lon="11.888322">
        <ele>2046.158314</ele>
        <time>2026-08-05T18:03:18.149Z</time>
      </trkpt>
      <trkpt lat="46.453861" lon="11.888060">
        <ele>2047.038764</ele>
        <time>2026-08-05T18:03:23.738Z</time>
      </trkpt>
      <trkpt lat="46.453983" lon="11.887526">
        <ele>2048.868359</ele>
        <time>2026-08-05T18:03:32.485Z</time>
      </trkpt>
      <trkpt lat="46.454055" lon="11.887199">
        <ele>2049.984770</ele>
        <time>2026-08-05T18:03:36.721Z</time>
      </trkpt>
      <trkpt lat="46.454135" lon="11.886958">
        <ele>2050.854746</ele>
        <time>2026-08-05T18:03:39.214Z</time>
      </trkpt>
      <trkpt lat="46.454236" lon="11.886719">
        <ele>2051.766557</ele>
        <time>2026-08-05T18:03:41.150Z</time>
      </trkpt>
      <trkpt lat="46.454358" lon="11.886577">
        <ele>2051.812238</ele>
        <time>2026-08-05T18:03:42.532Z</time>
      </trkpt>
      <trkpt lat="46.454400" lon="11.886537">
        <ele>2051.648259</ele>
        <time>2026-08-05T18:03:42.959Z</time>
      </trkpt>
      <trkpt lat="46.454831" lon="11.886131">
        <ele>2049.971029</ele>
        <time>2026-08-05T18:03:46.926Z</time>
      </trkpt>
      <trkpt lat="46.455140" lon="11.885806">
        <ele>2048.725387</ele>
        <time>2026-08-05T18:03:49.816Z</time>
      </trkpt>
      <trkpt lat="46.455385" lon="11.885462">
        <ele>2047.612693</ele>
        <time>2026-08-05T18:03:52.523Z</time>
      </trkpt>
      <trkpt lat="46.455528" lon="11.885210">
        <ele>2046.878483</ele>
        <time>2026-08-05T18:03:54.302Z</time>
      </trkpt>
      <trkpt lat="46.455655" lon="11.884922">
        <ele>2046.203762</ele>
        <time>2026-08-05T18:03:56.138Z</time>
      </trkpt>
      <trkpt lat="46.456187" lon="11.883202">
        <ele>2045.455050</ele>
        <time>2026-08-05T18:04:08.159Z</time>
      </trkpt>
      <trkpt lat="46.456232" lon="11.882989">
        <ele>2045.366578</ele>
        <time>2026-08-05T18:04:11.311Z</time>
      </trkpt>
      <trkpt lat="46.456337" lon="11.882103">
        <ele>2045.502267</ele>
        <time>2026-08-05T18:04:24.281Z</time>
      </trkpt>
      <trkpt lat="46.456463" lon="11.881628">
        <ele>2045.860834</ele>
        <time>2026-08-05T18:04:31.186Z</time>
      </trkpt>
      <trkpt lat="46.456641" lon="11.881203">
        <ele>2046.211215</ele>
        <time>2026-08-05T18:04:37.905Z</time>
      </trkpt>
      <trkpt lat="46.456729" lon="11.880794">
        <ele>2046.513063</ele>
        <time>2026-08-05T18:04:42.770Z</time>
      </trkpt>
      <trkpt lat="46.456811" lon="11.879953">
        <ele>2046.851856</ele>
        <time>2026-08-05T18:04:48.691Z</time>
      </trkpt>
      <trkpt lat="46.456975" lon="11.879626">
        <ele>2046.266502</ele>
        <time>2026-08-05T18:04:50.925Z</time>
      </trkpt>
      <trkpt lat="46.457075" lon="11.879480">
        <ele>2045.968554</ele>
        <time>2026-08-05T18:04:52.058Z</time>
      </trkpt>
      <trkpt lat="46.457128" lon="11.879323">
        <ele>2045.715534</ele>
        <time>2026-08-05T18:04:53.062Z</time>
      </trkpt>
      <trkpt lat="46.457226" lon="11.878339">
        <ele>2044.276706</ele>
        <time>2026-08-05T18:04:58.988Z</time>
      </trkpt>
      <trkpt lat="46.457405" lon="11.877992">
        <ele>2043.649353</ele>
        <time>2026-08-05T18:05:01.523Z</time>
      </trkpt>
      <trkpt lat="46.457589" lon="11.877297">
        <ele>2043.078309</ele>
        <time>2026-08-05T18:05:05.978Z</time>
      </trkpt>
      <trkpt lat="46.458132" lon="11.875990">
        <ele>2042.524004</ele>
        <time>2026-08-05T18:05:16.746Z</time>
      </trkpt>
      <trkpt lat="46.458748" lon="11.875256">
        <ele>2043.242988</ele>
        <time>2026-08-05T18:05:27.913Z</time>
      </trkpt>
      <trkpt lat="46.459416" lon="11.874622">
        <ele>2045.268766</ele>
        <time>2026-08-05T18:05:47.295Z</time>
      </trkpt>
      <trkpt lat="46.459738" lon="11.874470">
        <ele>2046.128205</ele>
        <time>2026-08-05T18:05:55.418Z</time>
      </trkpt>
      <trkpt lat="46.459917" lon="11.874534">
        <ele>2046.596127</ele>
        <time>2026-08-05T18:05:59.228Z</time>
      </trkpt>
      <trkpt lat="46.460048" lon="11.874539">
        <ele>2046.850583</ele>
        <time>2026-08-05T18:06:01.715Z</time>
      </trkpt>
      <trkpt lat="46.460165" lon="11.874493">
        <ele>2046.780100</ele>
        <time>2026-08-05T18:06:03.846Z</time>
      </trkpt>
      <trkpt lat="46.460539" lon="11.874268">
        <ele>2046.544698</ele>
        <time>2026-08-05T18:06:09.907Z</time>
      </trkpt>
      <trkpt lat="46.460788" lon="11.874047">
        <ele>2046.374996</ele>
        <time>2026-08-05T18:06:13.025Z</time>
      </trkpt>
      <trkpt lat="46.461239" lon="11.873287">
        <ele>2045.973205</ele>
        <time>2026-08-05T18:06:19.164Z</time>
      </trkpt>
      <trkpt lat="46.461454" lon="11.873164">
        <ele>2045.838833</ele>
        <time>2026-08-05T18:06:21.072Z</time>
      </trkpt>
      <trkpt lat="46.461570" lon="11.873035">
        <ele>2045.619375</ele>
        <time>2026-08-05T18:06:22.312Z</time>
      </trkpt>
      <trkpt lat="46.461605" lon="11.872951">
        <ele>2045.499236</ele>
        <time>2026-08-05T18:06:22.907Z</time>
      </trkpt>
      <trkpt lat="46.461698" lon="11.872509">
        <ele>2044.933666</ele>
        <time>2026-08-05T18:06:25.597Z</time>
      </trkpt>
      <trkpt lat="46.462101" lon="11.871590">
        <ele>2043.600488</ele>
        <time>2026-08-05T18:06:31.993Z</time>
      </trkpt>
      <trkpt lat="46.462204" lon="11.871306">
        <ele>2043.207717</ele>
        <time>2026-08-05T18:06:34.090Z</time>
      </trkpt>
      <trkpt lat="46.462260" lon="11.871059">
        <ele>2042.889501</ele>
        <time>2026-08-05T18:06:35.817Z</time>
      </trkpt>
      <trkpt lat="46.462289" lon="11.870734">
        <ele>2042.662593</ele>
        <time>2026-08-05T18:06:38.117Z</time>
      </trkpt>
      <trkpt lat="46.462413" lon="11.870128">
        <ele>2042.883358</ele>
        <time>2026-08-05T18:06:43.896Z</time>
      </trkpt>
      <trkpt lat="46.462884" lon="11.868716">
        <ele>2043.431224</ele>
        <time>2026-08-05T18:07:02.205Z</time>
      </trkpt>
      <trkpt lat="46.463318" lon="11.867168">
        <ele>2042.931465</ele>
        <time>2026-08-05T18:07:13.387Z</time>
      </trkpt>
      <trkpt lat="46.463471" lon="11.866129">
        <ele>2042.463430</ele>
        <time>2026-08-05T18:07:20.257Z</time>
      </trkpt>
      <trkpt lat="46.463541" lon="11.865355">
        <ele>2043.053710</ele>
        <time>2026-08-05T18:07:27.593Z</time>
      </trkpt>
      <trkpt lat="46.463566" lon="11.864970">
        <ele>2043.481655</ele>
        <time>2026-08-05T18:07:32.238Z</time>
      </trkpt>
      <trkpt lat="46.463611" lon="11.864691">
        <ele>2043.798759</ele>
        <time>2026-08-05T18:07:36.143Z</time>
      </trkpt>
      <trkpt lat="46.463686" lon="11.864484">
        <ele>2044.057590</ele>
        <time>2026-08-05T18:07:39.650Z</time>
      </trkpt>
      <trkpt lat="46.464164" lon="11.863677">
        <ele>2045.235420</ele>
        <time>2026-08-05T18:07:56.462Z</time>
      </trkpt>
      <trkpt lat="46.464199" lon="11.863575">
        <ele>2044.976090</ele>
        <time>2026-08-05T18:07:57.946Z</time>
      </trkpt>
      <trkpt lat="46.464205" lon="11.863398">
        <ele>2044.296635</ele>
        <time>2026-08-05T18:07:59.730Z</time>
      </trkpt>
      <trkpt lat="46.464121" lon="11.863005">
        <ele>2042.718963</ele>
        <time>2026-08-05T18:08:02.215Z</time>
      </trkpt>
      <trkpt lat="46.463981" lon="11.862356">
        <ele>2040.111465</ele>
        <time>2026-08-05T18:08:06.110Z</time>
      </trkpt>
      <trkpt lat="46.463966" lon="11.862092">
        <ele>2039.095825</ele>
        <time>2026-08-05T18:08:07.502Z</time>
      </trkpt>
      <trkpt lat="46.463998" lon="11.861801">
        <ele>2037.965974</ele>
        <time>2026-08-05T18:08:08.941Z</time>
      </trkpt>
      <trkpt lat="46.464011" lon="11.861741">
        <ele>2037.724816</ele>
        <time>2026-08-05T18:08:09.240Z</time>
      </trkpt>
      <trkpt lat="46.464092" lon="11.861355">
        <ele>2036.177701</ele>
        <time>2026-08-05T18:08:11.119Z</time>
      </trkpt>
      <trkpt lat="46.464011" lon="11.861741">
        <ele>2034.180519</ele>
        <time>2026-08-05T18:08:12.968Z</time>
      </trkpt>
      <trkpt lat="46.464092" lon="11.861355">
        <ele>2031.533208</ele>
        <time>2026-08-05T18:08:14.808Z</time>
      </trkpt>
      <trkpt lat="46.464202" lon="11.860830">
        <ele>2027.933063</ele>
        <time>2026-08-05T18:08:17.326Z</time>
      </trkpt>
      <trkpt lat="46.464259" lon="11.860643">
        <ele>2026.591474</ele>
        <time>2026-08-05T18:08:18.286Z</time>
      </trkpt>
      <trkpt lat="46.464311" lon="11.860475">
        <ele>2025.383127</ele>
        <time>2026-08-05T18:08:19.163Z</time>
      </trkpt>
      <trkpt lat="46.465737" lon="11.855976">
        <ele>2005.576759</ele>
        <time>2026-08-05T18:08:45.112Z</time>
      </trkpt>
      <trkpt lat="46.466201" lon="11.854314">
        <ele>1998.652832</ele>
        <time>2026-08-05T18:08:54.616Z</time>
      </trkpt>
      <trkpt lat="46.466339" lon="11.853978">
        <ele>1996.381591</ele>
        <time>2026-08-05T18:08:56.525Z</time>
      </trkpt>
      <trkpt lat="46.466631" lon="11.853073">
        <ele>1990.579421</ele>
        <time>2026-08-05T18:09:01.411Z</time>
      </trkpt>
      <trkpt lat="46.466777" lon="11.852668">
        <ele>1987.925498</ele>
        <time>2026-08-05T18:09:03.585Z</time>
      </trkpt>
      <trkpt lat="46.466899" lon="11.852254">
        <ele>1984.847784</ele>
        <time>2026-08-05T18:09:05.701Z</time>
      </trkpt>
      <trkpt lat="46.467031" lon="11.851444">
        <ele>1976.328671</ele>
        <time>2026-08-05T18:09:09.499Z</time>
      </trkpt>
      <trkpt lat="46.467258" lon="11.850837">
        <ele>1969.259474</ele>
        <time>2026-08-05T18:09:12.626Z</time>
      </trkpt>
      <trkpt lat="46.467335" lon="11.850559">
        <ele>1966.192760</ele>
        <time>2026-08-05T18:09:13.982Z</time>
      </trkpt>
      <trkpt lat="46.467476" lon="11.849751">
        <ele>1957.646627</ele>
        <time>2026-08-05T18:09:17.841Z</time>
      </trkpt>
      <trkpt lat="46.467531" lon="11.849250">
        <ele>1952.402877</ele>
        <time>2026-08-05T18:09:20.175Z</time>
      </trkpt>
      <trkpt lat="46.467529" lon="11.848958">
        <ele>1949.384588</ele>
        <time>2026-08-05T18:09:21.508Z</time>
      </trkpt>
      <trkpt lat="46.467654" lon="11.848337">
        <ele>1942.697393</ele>
        <time>2026-08-05T18:09:24.458Z</time>
      </trkpt>
      <trkpt lat="46.467651" lon="11.848133">
        <ele>1940.588354</ele>
        <time>2026-08-05T18:09:25.394Z</time>
      </trkpt>
      <trkpt lat="46.467613" lon="11.847983">
        <ele>1938.936396</ele>
        <time>2026-08-05T18:09:26.128Z</time>
      </trkpt>
      <trkpt lat="46.467347" lon="11.847130">
        <ele>1930.439257</ele>
        <time>2026-08-05T18:09:30.412Z</time>
      </trkpt>
      <trkpt lat="46.467288" lon="11.846805">
        <ele>1928.360107</ele>
        <time>2026-08-05T18:09:31.936Z</time>
      </trkpt>
      <trkpt lat="46.467316" lon="11.846195">
        <ele>1924.578202</ele>
        <time>2026-08-05T18:09:34.719Z</time>
      </trkpt>
      <trkpt lat="46.468385" lon="11.842963">
        <ele>1911.301450</ele>
        <time>2026-08-05T18:09:55.217Z</time>
      </trkpt>
      <trkpt lat="46.468519" lon="11.842741">
        <ele>1910.666655</ele>
        <time>2026-08-05T18:09:56.767Z</time>
      </trkpt>
      <trkpt lat="46.468565" lon="11.842599">
        <ele>1910.324952</ele>
        <time>2026-08-05T18:09:57.600Z</time>
      </trkpt>
      <trkpt lat="46.468586" lon="11.842444">
        <ele>1909.970876</ele>
        <time>2026-08-05T18:09:58.430Z</time>
      </trkpt>
      <trkpt lat="46.468564" lon="11.842208">
        <ele>1909.437081</ele>
        <time>2026-08-05T18:09:59.694Z</time>
      </trkpt>
      <trkpt lat="46.468436" lon="11.841860">
        <ele>1908.552813</ele>
        <time>2026-08-05T18:10:01.819Z</time>
      </trkpt>
      <trkpt lat="46.468398" lon="11.841509">
        <ele>1907.756417</ele>
        <time>2026-08-05T18:10:03.774Z</time>
      </trkpt>
      <trkpt lat="46.468349" lon="11.840732">
        <ele>1906.007552</ele>
        <time>2026-08-05T18:10:08.263Z</time>
      </trkpt>
      <trkpt lat="46.468303" lon="11.840345">
        <ele>1905.127301</ele>
        <time>2026-08-05T18:10:10.503Z</time>
      </trkpt>
      <trkpt lat="46.468168" lon="11.839587">
        <ele>1901.939036</ele>
        <time>2026-08-05T18:10:15.184Z</time>
      </trkpt>
      <trkpt lat="46.468076" lon="11.839092">
        <ele>1899.421538</ele>
        <time>2026-08-05T18:10:17.918Z</time>
      </trkpt>
      <trkpt lat="46.468036" lon="11.838862">
        <ele>1898.256739</ele>
        <time>2026-08-05T18:10:19.103Z</time>
      </trkpt>
      <trkpt lat="46.467924" lon="11.838237">
        <ele>1895.085673</ele>
        <time>2026-08-05T18:10:22.165Z</time>
      </trkpt>
      <trkpt lat="46.467836" lon="11.837721">
        <ele>1892.475473</ele>
        <time>2026-08-05T18:10:24.649Z</time>
      </trkpt>
      <trkpt lat="46.467758" lon="11.837388">
        <ele>1890.051015</ele>
        <time>2026-08-05T18:10:26.310Z</time>
      </trkpt>
      <trkpt lat="46.467577" lon="11.836975">
        <ele>1885.979737</ele>
        <time>2026-08-05T18:10:28.639Z</time>
      </trkpt>
      <trkpt lat="46.467484" lon="11.836832">
        <ele>1884.344014</ele>
        <time>2026-08-05T18:10:29.568Z</time>
      </trkpt>
      <trkpt lat="46.467233" lon="11.836545">
        <ele>1880.486070</ele>
        <time>2026-08-05T18:10:31.740Z</time>
      </trkpt>
      <trkpt lat="46.466987" lon="11.835996">
        <ele>1875.038827</ele>
        <time>2026-08-05T18:10:34.777Z</time>
      </trkpt>
      <trkpt lat="46.466821" lon="11.835757">
        <ele>1872.215858</ele>
        <time>2026-08-05T18:10:36.352Z</time>
      </trkpt>
      <trkpt lat="46.466742" lon="11.835683">
        <ele>1871.080611</ele>
        <time>2026-08-05T18:10:36.985Z</time>
      </trkpt>
      <trkpt lat="46.466549" lon="11.835516">
        <ele>1868.003739</ele>
        <time>2026-08-05T18:10:38.479Z</time>
      </trkpt>
      <trkpt lat="46.466292" lon="11.835220">
        <ele>1863.177936</ele>
        <time>2026-08-05T18:10:40.648Z</time>
      </trkpt>
      <trkpt lat="46.465491" lon="11.834227">
        <ele>1847.683424</ele>
        <time>2026-08-05T18:10:47.600Z</time>
      </trkpt>
      <trkpt lat="46.465383" lon="11.833893">
        <ele>1843.944774</ele>
        <time>2026-08-05T18:10:49.351Z</time>
      </trkpt>
      <trkpt lat="46.465292" lon="11.833023">
        <ele>1837.507757</ele>
        <time>2026-08-05T18:10:53.477Z</time>
      </trkpt>
      <trkpt lat="46.465221" lon="11.832803">
        <ele>1835.760143</ele>
        <time>2026-08-05T18:10:54.629Z</time>
      </trkpt>
      <trkpt lat="46.465135" lon="11.832705">
        <ele>1834.618403</ele>
        <time>2026-08-05T18:10:55.385Z</time>
      </trkpt>
      <trkpt lat="46.464795" lon="11.832443">
        <ele>1830.598515</ele>
        <time>2026-08-05T18:10:58.073Z</time>
      </trkpt>
      <trkpt lat="46.464647" lon="11.832203">
        <ele>1828.281325</ele>
        <time>2026-08-05T18:10:59.631Z</time>
      </trkpt>
      <trkpt lat="46.464580" lon="11.831898">
        <ele>1825.978476</ele>
        <time>2026-08-05T18:11:01.163Z</time>
      </trkpt>
      <trkpt lat="46.464529" lon="11.831193">
        <ele>1821.533763</ele>
        <time>2026-08-05T18:11:04.448Z</time>
      </trkpt>
      <trkpt lat="46.464341" lon="11.830181">
        <ele>1815.255259</ele>
        <time>2026-08-05T18:11:09.486Z</time>
      </trkpt>
      <trkpt lat="46.464167" lon="11.828202">
        <ele>1804.176030</ele>
        <time>2026-08-05T18:11:19.371Z</time>
      </trkpt>
      <trkpt lat="46.464158" lon="11.827543">
        <ele>1800.816281</ele>
        <time>2026-08-05T18:11:22.576Z</time>
      </trkpt>
      <trkpt lat="46.464178" lon="11.827315">
        <ele>1799.644722</ele>
        <time>2026-08-05T18:11:23.699Z</time>
      </trkpt>
      <trkpt lat="46.464233" lon="11.827089">
        <ele>1798.422958</ele>
        <time>2026-08-05T18:11:24.874Z</time>
      </trkpt>
      <trkpt lat="46.464224" lon="11.826916">
        <ele>1797.538623</ele>
        <time>2026-08-05T18:11:25.726Z</time>
      </trkpt>
      <trkpt lat="46.464178" lon="11.826819">
        <ele>1796.938340</ele>
        <time>2026-08-05T18:11:26.310Z</time>
      </trkpt>
      <trkpt lat="46.464066" lon="11.826788">
        <ele>1796.094600</ele>
        <time>2026-08-05T18:11:27.124Z</time>
      </trkpt>
      <trkpt lat="46.464019" lon="11.826817">
        <ele>1795.717782</ele>
        <time>2026-08-05T18:11:27.491Z</time>
      </trkpt>
      <trkpt lat="46.463998" lon="11.826905">
        <ele>1795.247281</ele>
        <time>2026-08-05T18:11:27.953Z</time>
      </trkpt>
      <trkpt lat="46.463923" lon="11.828484">
        <ele>1787.251219</ele>
        <time>2026-08-05T18:11:35.763Z</time>
      </trkpt>
      <trkpt lat="46.463659" lon="11.830237">
        <ele>1777.504420</ele>
        <time>2026-08-05T18:11:44.556Z</time>
      </trkpt>
      <trkpt lat="46.463642" lon="11.831060">
        <ele>1772.709534</ele>
        <time>2026-08-05T18:11:48.537Z</time>
      </trkpt>
      <trkpt lat="46.463809" lon="11.831753">
        <ele>1768.434016</ele>
        <time>2026-08-05T18:11:52.057Z</time>
      </trkpt>
      <trkpt lat="46.463821" lon="11.831893">
        <ele>1767.612442</ele>
        <time>2026-08-05T18:11:52.730Z</time>
      </trkpt>
      <trkpt lat="46.463782" lon="11.831955">
        <ele>1767.108894</ele>
        <time>2026-08-05T18:11:53.134Z</time>
      </trkpt>
      <trkpt lat="46.463726" lon="11.831970">
        <ele>1766.605385</ele>
        <time>2026-08-05T18:11:53.528Z</time>
      </trkpt>
      <trkpt lat="46.463611" lon="11.831860">
        <ele>1765.387689</ele>
        <time>2026-08-05T18:11:54.478Z</time>
      </trkpt>
      <trkpt lat="46.463587" lon="11.831765">
        <ele>1764.771404</ele>
        <time>2026-08-05T18:11:54.958Z</time>
      </trkpt>
      <trkpt lat="46.463560" lon="11.831326">
        <ele>1762.087034</ele>
        <time>2026-08-05T18:11:57.034Z</time>
      </trkpt>
      <trkpt lat="46.463029" lon="11.829551">
        <ele>1750.727628</ele>
        <time>2026-08-05T18:12:06.351Z</time>
      </trkpt>
      <trkpt lat="46.462997" lon="11.829333">
        <ele>1749.838358</ele>
        <time>2026-08-05T18:12:07.476Z</time>
      </trkpt>
      <trkpt lat="46.462989" lon="11.829170">
        <ele>1749.186398</ele>
        <time>2026-08-05T18:12:08.312Z</time>
      </trkpt>
      <trkpt lat="46.463026" lon="11.828995">
        <ele>1748.456062</ele>
        <time>2026-08-05T18:12:09.246Z</time>
      </trkpt>
      <trkpt lat="46.463200" lon="11.828723">
        <ele>1746.975089</ele>
        <time>2026-08-05T18:12:11.155Z</time>
      </trkpt>
      <trkpt lat="46.463261" lon="11.828526">
        <ele>1746.113374</ele>
        <time>2026-08-05T18:12:12.276Z</time>
      </trkpt>
      <trkpt lat="46.463290" lon="11.828337">
        <ele>1745.340854</ele>
        <time>2026-08-05T18:12:13.284Z</time>
      </trkpt>
      <trkpt lat="46.463246" lon="11.827482">
        <ele>1741.920223</ele>
        <time>2026-08-05T18:12:17.841Z</time>
      </trkpt>
      <trkpt lat="46.463084" lon="11.826382">
        <ele>1735.802829</ele>
        <time>2026-08-05T18:12:23.547Z</time>
      </trkpt>
      <trkpt lat="46.463109" lon="11.826163">
        <ele>1734.525845</ele>
        <time>2026-08-05T18:12:24.617Z</time>
      </trkpt>
      <trkpt lat="46.463238" lon="11.825908">
        <ele>1732.705856</ele>
        <time>2026-08-05T18:12:26.139Z</time>
      </trkpt>
      <trkpt lat="46.463235" lon="11.825833">
        <ele>1732.273692</ele>
        <time>2026-08-05T18:12:26.499Z</time>
      </trkpt>
      <trkpt lat="46.463165" lon="11.825690">
        <ele>1731.264521</ele>
        <time>2026-08-05T18:12:27.345Z</time>
      </trkpt>
      <trkpt lat="46.463062" lon="11.825664">
        <ele>1730.391437</ele>
        <time>2026-08-05T18:12:28.066Z</time>
      </trkpt>
      <trkpt lat="46.462996" lon="11.825729">
        <ele>1729.725394</ele>
        <time>2026-08-05T18:12:28.619Z</time>
      </trkpt>
      <trkpt lat="46.462983" lon="11.825864">
        <ele>1728.941251</ele>
        <time>2026-08-05T18:12:29.266Z</time>
      </trkpt>
      <trkpt lat="46.462951" lon="11.826905">
        <ele>1721.781825</ele>
        <time>2026-08-05T18:12:34.152Z</time>
      </trkpt>
      <trkpt lat="46.462902" lon="11.827678">
        <ele>1715.666087</ele>
        <time>2026-08-05T18:12:37.734Z</time>
      </trkpt>
      <trkpt lat="46.462867" lon="11.827927">
        <ele>1713.663936</ele>
        <time>2026-08-05T18:12:38.917Z</time>
      </trkpt>
      <trkpt lat="46.462804" lon="11.828178">
        <ele>1711.559264</ele>
        <time>2026-08-05T18:12:40.168Z</time>
      </trkpt>
      <trkpt lat="46.462413" lon="11.828679">
        <ele>1705.594463</ele>
        <time>2026-08-05T18:12:43.736Z</time>
      </trkpt>
      <trkpt lat="46.462309" lon="11.828926">
        <ele>1704.156163</ele>
        <time>2026-08-05T18:12:45.111Z</time>
      </trkpt>
      <trkpt lat="46.462245" lon="11.829174">
        <ele>1702.863620</ele>
        <time>2026-08-05T18:12:46.378Z</time>
      </trkpt>
      <trkpt lat="46.462203" lon="11.829476">
        <ele>1701.359938</ele>
        <time>2026-08-05T18:12:47.863Z</time>
      </trkpt>
      <trkpt lat="46.462203" lon="11.829772">
        <ele>1699.915280</ele>
        <time>2026-08-05T18:12:49.303Z</time>
      </trkpt>
      <trkpt lat="46.462336" lon="11.831392">
        <ele>1692.230614</ele>
        <time>2026-08-05T18:12:57.658Z</time>
      </trkpt>
      <trkpt lat="46.462426" lon="11.832935">
        <ele>1687.200176</ele>
        <time>2026-08-05T18:13:05.936Z</time>
      </trkpt>
      <trkpt lat="46.462421" lon="11.833155">
        <ele>1686.485108</ele>
        <time>2026-08-05T18:13:07.131Z</time>
      </trkpt>
      <trkpt lat="46.462387" lon="11.833230">
        <ele>1686.193438</ele>
        <time>2026-08-05T18:13:07.611Z</time>
      </trkpt>
      <trkpt lat="46.462266" lon="11.833337">
        <ele>1685.525269</ele>
        <time>2026-08-05T18:13:08.716Z</time>
      </trkpt>
      <trkpt lat="46.462183" lon="11.833331">
        <ele>1685.133354</ele>
        <time>2026-08-05T18:13:09.355Z</time>
      </trkpt>
      <trkpt lat="46.462110" lon="11.833256">
        <ele>1684.711592</ele>
        <time>2026-08-05T18:13:10.038Z</time>
      </trkpt>
      <trkpt lat="46.462067" lon="11.833018">
        <ele>1683.725243</ele>
        <time>2026-08-05T18:13:11.307Z</time>
      </trkpt>
      <trkpt lat="46.462062" lon="11.832595">
        <ele>1681.690018</ele>
        <time>2026-08-05T18:13:13.423Z</time>
      </trkpt>
      <trkpt lat="46.462056" lon="11.831901">
        <ele>1678.351131</ele>
        <time>2026-08-05T18:13:16.799Z</time>
      </trkpt>
      <trkpt lat="46.462019" lon="11.831658">
        <ele>1677.153912</ele>
        <time>2026-08-05T18:13:18.009Z</time>
      </trkpt>
      <trkpt lat="46.461929" lon="11.831316">
        <ele>1675.392676</ele>
        <time>2026-08-05T18:13:19.790Z</time>
      </trkpt>
      <trkpt lat="46.461787" lon="11.830911">
        <ele>1673.206469</ele>
        <time>2026-08-05T18:13:21.998Z</time>
      </trkpt>
      <trkpt lat="46.461744" lon="11.830712">
        <ele>1672.203139</ele>
        <time>2026-08-05T18:13:23.010Z</time>
      </trkpt>
      <trkpt lat="46.461343" lon="11.828215">
        <ele>1662.671682</ele>
        <time>2026-08-05T18:13:36.177Z</time>
      </trkpt>
      <trkpt lat="46.461275" lon="11.827909">
        <ele>1661.787716</ele>
        <time>2026-08-05T18:13:37.974Z</time>
      </trkpt>
      <trkpt lat="46.461068" lon="11.827327">
        <ele>1660.475349</ele>
        <time>2026-08-05T18:13:41.657Z</time>
      </trkpt>
      <trkpt lat="46.460768" lon="11.826353">
        <ele>1658.337622</ele>
        <time>2026-08-05T18:13:47.785Z</time>
      </trkpt>
      <trkpt lat="46.460550" lon="11.824585">
        <ele>1654.920035</ele>
        <time>2026-08-05T18:13:58.449Z</time>
      </trkpt>
      <trkpt lat="46.460229" lon="11.823597">
        <ele>1652.913666</ele>
        <time>2026-08-05T18:14:04.938Z</time>
      </trkpt>
      <trkpt lat="46.460004" lon="11.822947">
        <ele>1651.159537</ele>
        <time>2026-08-05T18:14:08.958Z</time>
      </trkpt>
      <trkpt lat="46.459511" lon="11.821312">
        <ele>1645.341938</ele>
        <time>2026-08-05T18:14:18.148Z</time>
      </trkpt>
      <trkpt lat="46.459277" lon="11.820054">
        <ele>1641.203714</ele>
        <time>2026-08-05T18:14:24.970Z</time>
      </trkpt>
      <trkpt lat="46.458981" lon="11.819096">
        <ele>1637.930084</ele>
        <time>2026-08-05T18:14:30.582Z</time>
      </trkpt>
      <trkpt lat="46.458967" lon="11.818823">
        <ele>1637.076542</ele>
        <time>2026-08-05T18:14:32.023Z</time>
      </trkpt>
      <trkpt lat="46.459023" lon="11.818658">
        <ele>1636.503040</ele>
        <time>2026-08-05T18:14:32.991Z</time>
      </trkpt>
      <trkpt lat="46.459424" lon="11.817931">
        <ele>1633.421188</ele>
        <time>2026-08-05T18:14:37.897Z</time>
      </trkpt>
      <trkpt lat="46.459549" lon="11.817496">
        <ele>1631.811434</ele>
        <time>2026-08-05T18:14:40.369Z</time>
      </trkpt>
      <trkpt lat="46.459560" lon="11.817212">
        <ele>1630.839945</ele>
        <time>2026-08-05T18:14:41.862Z</time>
      </trkpt>
      <trkpt lat="46.459380" lon="11.816627">
        <ele>1628.651717</ele>
        <time>2026-08-05T18:14:45.163Z</time>
      </trkpt>
      <trkpt lat="46.459333" lon="11.816371">
        <ele>1627.746868</ele>
        <time>2026-08-05T18:14:46.526Z</time>
      </trkpt>
      <trkpt lat="46.459320" lon="11.815806">
        <ele>1625.758365</ele>
        <time>2026-08-05T18:14:49.444Z</time>
      </trkpt>
      <trkpt lat="46.459271" lon="11.815623">
        <ele>1625.034886</ele>
        <time>2026-08-05T18:14:50.447Z</time>
      </trkpt>
      <trkpt lat="46.459195" lon="11.815463">
        <ele>1624.318735</ele>
        <time>2026-08-05T18:14:51.439Z</time>
      </trkpt>
      <trkpt lat="46.459140" lon="11.815355">
        <ele>1623.823829</ele>
        <time>2026-08-05T18:14:52.117Z</time>
      </trkpt>
      <trkpt lat="46.458846" lon="11.814777">
        <ele>1621.176277</ele>
        <time>2026-08-05T18:14:55.782Z</time>
      </trkpt>
      <trkpt lat="46.458544" lon="11.814039">
        <ele>1618.013194</ele>
        <time>2026-08-05T18:15:00.202Z</time>
      </trkpt>
      <trkpt lat="46.458228" lon="11.813230">
        <ele>1614.840965</ele>
        <time>2026-08-05T18:15:05.063Z</time>
      </trkpt>
      <trkpt lat="46.457859" lon="11.812141">
        <ele>1610.855637</ele>
        <time>2026-08-05T18:15:11.514Z</time>
      </trkpt>
      <trkpt lat="46.457800" lon="11.811413">
        <ele>1608.448481</ele>
        <time>2026-08-05T18:15:15.407Z</time>
      </trkpt>
      <trkpt lat="46.457732" lon="11.811220">
        <ele>1607.594769</ele>
        <time>2026-08-05T18:15:16.512Z</time>
      </trkpt>
      <trkpt lat="46.457358" lon="11.810411">
        <ele>1603.658828</ele>
        <time>2026-08-05T18:15:21.365Z</time>
      </trkpt>
      <trkpt lat="46.457305" lon="11.810286">
        <ele>1603.065863</ele>
        <time>2026-08-05T18:15:22.094Z</time>
      </trkpt>
      <trkpt lat="46.457158" lon="11.809462">
        <ele>1599.627205</ele>
        <time>2026-08-05T18:15:26.411Z</time>
      </trkpt>
      <trkpt lat="46.457106" lon="11.809293">
        <ele>1598.879461</ele>
        <time>2026-08-05T18:15:27.348Z</time>
      </trkpt>
      <trkpt lat="46.456549" lon="11.808204">
        <ele>1593.197630</ele>
        <time>2026-08-05T18:15:34.313Z</time>
      </trkpt>
      <trkpt lat="46.456074" lon="11.807179">
        <ele>1587.977716</ele>
        <time>2026-08-05T18:15:40.663Z</time>
      </trkpt>
      <trkpt lat="46.456049" lon="11.807031">
        <ele>1587.333809</ele>
        <time>2026-08-05T18:15:41.407Z</time>
      </trkpt>
      <trkpt lat="46.456084" lon="11.806921">
        <ele>1586.821817</ele>
        <time>2026-08-05T18:15:41.997Z</time>
      </trkpt>
      <trkpt lat="46.456155" lon="11.806877">
        <ele>1586.122482</ele>
        <time>2026-08-05T18:15:42.531Z</time>
      </trkpt>
      <trkpt lat="46.456230" lon="11.806882">
        <ele>1585.416979</ele>
        <time>2026-08-05T18:15:43.058Z</time>
      </trkpt>
      <trkpt lat="46.456539" lon="11.807455">
        <ele>1580.706344</ele>
        <time>2026-08-05T18:15:46.508Z</time>
      </trkpt>
      <trkpt lat="46.456996" lon="11.807956">
        <ele>1575.324914</ele>
        <time>2026-08-05T18:15:50.433Z</time>
      </trkpt>
      <trkpt lat="46.457113" lon="11.808013">
        <ele>1574.165220</ele>
        <time>2026-08-05T18:15:51.285Z</time>
      </trkpt>
      <trkpt lat="46.457472" lon="11.807998">
        <ele>1570.790369</ele>
        <time>2026-08-05T18:15:53.773Z</time>
      </trkpt>
      <trkpt lat="46.457628" lon="11.808085">
        <ele>1569.311459</ele>
        <time>2026-08-05T18:15:54.933Z</time>
      </trkpt>
      <trkpt lat="46.457779" lon="11.808256">
        <ele>1567.764552</ele>
        <time>2026-08-05T18:15:56.265Z</time>
      </trkpt>
      <trkpt lat="46.457894" lon="11.808286">
        <ele>1566.820791</ele>
        <time>2026-08-05T18:15:57.081Z</time>
      </trkpt>
      <trkpt lat="46.458061" lon="11.808184">
        <ele>1565.357356</ele>
        <time>2026-08-05T18:15:58.357Z</time>
      </trkpt>
      <trkpt lat="46.458109" lon="11.808117">
        <ele>1564.819488</ele>
        <time>2026-08-05T18:15:58.827Z</time>
      </trkpt>
      <trkpt lat="46.458142" lon="11.808009">
        <ele>1564.162085</ele>
        <time>2026-08-05T18:15:59.401Z</time>
      </trkpt>
      <trkpt lat="46.458143" lon="11.807906">
        <ele>1563.588908</ele>
        <time>2026-08-05T18:15:59.902Z</time>
      </trkpt>
      <trkpt lat="46.458104" lon="11.807775">
        <ele>1562.794832</ele>
        <time>2026-08-05T18:16:00.599Z</time>
      </trkpt>
      <trkpt lat="46.457842" lon="11.807146">
        <ele>1558.704843</ele>
        <time>2026-08-05T18:16:04.192Z</time>
      </trkpt>
      <trkpt lat="46.457788" lon="11.806937">
        <ele>1557.462799</ele>
        <time>2026-08-05T18:16:05.281Z</time>
      </trkpt>
      <trkpt lat="46.457783" lon="11.806693">
        <ele>1556.104506</ele>
        <time>2026-08-05T18:16:06.472Z</time>
      </trkpt>
      <trkpt lat="46.457901" lon="11.805983">
        <ele>1552.632878</ele>
        <time>2026-08-05T18:16:10.086Z</time>
      </trkpt>
      <trkpt lat="46.457939" lon="11.805757">
        <ele>1551.570603</ele>
        <time>2026-08-05T18:16:11.262Z</time>
      </trkpt>
      <trkpt lat="46.458001" lon="11.805473">
        <ele>1550.210218</ele>
        <time>2026-08-05T18:16:12.767Z</time>
      </trkpt>
      <trkpt lat="46.458093" lon="11.805287">
        <ele>1549.164638</ele>
        <time>2026-08-05T18:16:13.927Z</time>
      </trkpt>
      <trkpt lat="46.458517" lon="11.804613">
        <ele>1544.996812</ele>
        <time>2026-08-05T18:16:18.510Z</time>
      </trkpt>
      <trkpt lat="46.458569" lon="11.804434">
        <ele>1544.109752</ele>
        <time>2026-08-05T18:16:19.482Z</time>
      </trkpt>
      <trkpt lat="46.458571" lon="11.804197">
        <ele>1542.960949</ele>
        <time>2026-08-05T18:16:20.662Z</time>
      </trkpt>
      <trkpt lat="46.458492" lon="11.804006">
        <ele>1541.771662</ele>
        <time>2026-08-05T18:16:21.771Z</time>
      </trkpt>
      <trkpt lat="46.458383" lon="11.803900">
        <ele>1540.754966</ele>
        <time>2026-08-05T18:16:22.717Z</time>
      </trkpt>
      <trkpt lat="46.458268" lon="11.803868">
        <ele>1539.847574</ele>
        <time>2026-08-05T18:16:23.551Z</time>
      </trkpt>
      <trkpt lat="46.457444" lon="11.803990">
        <ele>1533.429039</ele>
        <time>2026-08-05T18:16:29.363Z</time>
      </trkpt>
      <trkpt lat="46.457299" lon="11.803913">
        <ele>1532.232565</ele>
        <time>2026-08-05T18:16:30.454Z</time>
      </trkpt>
      <trkpt lat="46.457203" lon="11.803805">
        <ele>1531.291372</ele>
        <time>2026-08-05T18:16:31.311Z</time>
      </trkpt>
      <trkpt lat="46.457137" lon="11.803675">
        <ele>1530.429271</ele>
        <time>2026-08-05T18:16:32.094Z</time>
      </trkpt>
      <trkpt lat="46.457069" lon="11.803369">
        <ele>1528.935779</ele>
        <time>2026-08-05T18:16:33.659Z</time>
      </trkpt>
      <trkpt lat="46.457058" lon="11.802808">
        <ele>1526.807352</ele>
        <time>2026-08-05T18:16:36.418Z</time>
      </trkpt>
      <trkpt lat="46.457043" lon="11.802543">
        <ele>1525.798965</ele>
        <time>2026-08-05T18:16:37.746Z</time>
      </trkpt>
      <trkpt lat="46.457006" lon="11.802306">
        <ele>1524.877362</ele>
        <time>2026-08-05T18:16:38.976Z</time>
      </trkpt>
      <trkpt lat="46.456964" lon="11.802174">
        <ele>1524.325942</ele>
        <time>2026-08-05T18:16:39.722Z</time>
      </trkpt>
      <trkpt lat="46.456903" lon="11.801979">
        <ele>1523.513739</ele>
        <time>2026-08-05T18:16:40.842Z</time>
      </trkpt>
      <trkpt lat="46.456853" lon="11.801839">
        <ele>1522.915685</ele>
        <time>2026-08-05T18:16:41.677Z</time>
      </trkpt>
      <trkpt lat="46.456813" lon="11.801736">
        <ele>1522.467269</ele>
        <time>2026-08-05T18:16:42.308Z</time>
      </trkpt>
      <trkpt lat="46.456644" lon="11.801278">
        <ele>1520.496843</ele>
        <time>2026-08-05T18:16:45.113Z</time>
      </trkpt>
      <trkpt lat="46.456414" lon="11.800622">
        <ele>1518.371486</ele>
        <time>2026-08-05T18:16:49.183Z</time>
      </trkpt>
      <trkpt lat="46.456278" lon="11.800152">
        <ele>1517.124804</ele>
        <time>2026-08-05T18:16:52.152Z</time>
      </trkpt>
      <trkpt lat="46.456145" lon="11.799280">
        <ele>1514.940645</ele>
        <time>2026-08-05T18:16:57.259Z</time>
      </trkpt>
      <trkpt lat="46.456109" lon="11.798971">
        <ele>1514.174239</ele>
        <time>2026-08-05T18:16:58.954Z</time>
      </trkpt>
      <trkpt lat="46.456008" lon="11.798084">
        <ele>1511.265100</ele>
        <time>2026-08-05T18:17:03.630Z</time>
      </trkpt>
      <trkpt lat="46.455976" lon="11.797556">
        <ele>1509.214223</ele>
        <time>2026-08-05T18:17:06.335Z</time>
      </trkpt>
      <trkpt lat="46.455986" lon="11.797207">
        <ele>1507.862672</ele>
        <time>2026-08-05T18:17:08.101Z</time>
      </trkpt>
      <trkpt lat="46.456064" lon="11.796397">
        <ele>1504.698077</ele>
        <time>2026-08-05T18:17:12.213Z</time>
      </trkpt>
      <trkpt lat="46.456185" lon="11.795813">
        <ele>1502.492051</ele>
        <time>2026-08-05T18:17:15.289Z</time>
      </trkpt>
      <trkpt lat="46.456424" lon="11.795128">
        <ele>1500.125194</ele>
        <time>2026-08-05T18:17:19.241Z</time>
      </trkpt>
      <trkpt lat="46.456770" lon="11.794359">
        <ele>1497.294005</ele>
        <time>2026-08-05T18:17:24.109Z</time>
      </trkpt>
      <trkpt lat="46.457329" lon="11.793114">
        <ele>1493.456287</ele>
        <time>2026-08-05T18:17:32.468Z</time>
      </trkpt>
      <trkpt lat="46.457396" lon="11.792925">
        <ele>1493.009799</ele>
        <time>2026-08-05T18:17:33.677Z</time>
      </trkpt>
      <trkpt lat="46.457653" lon="11.792121">
        <ele>1491.147996</ele>
        <time>2026-08-05T18:17:38.654Z</time>
      </trkpt>
      <trkpt lat="46.457890" lon="11.791238">
        <ele>1489.411559</ele>
        <time>2026-08-05T18:17:43.943Z</time>
      </trkpt>
      <trkpt lat="46.457901" lon="11.791185">
        <ele>1489.368403</ele>
        <time>2026-08-05T18:17:44.246Z</time>
      </trkpt>
      <trkpt lat="46.457913" lon="11.791125">
        <ele>1489.319693</ele>
        <time>2026-08-05T18:17:44.597Z</time>
      </trkpt>
      <trkpt lat="46.457930" lon="11.791038">
        <ele>1489.249188</ele>
        <time>2026-08-05T18:17:45.122Z</time>
      </trkpt>
      <trkpt lat="46.458090" lon="11.790258">
        <ele>1488.614675</ele>
        <time>2026-08-05T18:17:50.135Z</time>
      </trkpt>
      <trkpt lat="46.458156" lon="11.789939">
        <ele>1488.354994</ele>
        <time>2026-08-05T18:17:52.587Z</time>
      </trkpt>
      <trkpt lat="46.458166" lon="11.789887">
        <ele>1488.312902</ele>
        <time>2026-08-05T18:17:52.983Z</time>
      </trkpt>
      <trkpt lat="46.458189" lon="11.789779">
        <ele>1488.224769</ele>
        <time>2026-08-05T18:17:53.838Z</time>
      </trkpt>
      <trkpt lat="46.458239" lon="11.789540">
        <ele>1488.030031</ele>
        <time>2026-08-05T18:17:55.690Z</time>
      </trkpt>
      <trkpt lat="46.458269" lon="11.789393">
        <ele>1487.910499</ele>
        <time>2026-08-05T18:17:56.886Z</time>
      </trkpt>
      <trkpt lat="46.458463" lon="11.788828">
        <ele>1487.504148</ele>
        <time>2026-08-05T18:18:02.524Z</time>
      </trkpt>
      <trkpt lat="46.458483" lon="11.788775">
        <ele>1487.494602</ele>
        <time>2026-08-05T18:18:03.103Z</time>
      </trkpt>
      <trkpt lat="46.458539" lon="11.788633">
        <ele>1487.468756</ele>
        <time>2026-08-05T18:18:04.797Z</time>
      </trkpt>
      <trkpt lat="46.458790" lon="11.788029">
        <ele>1487.357328</ele>
        <time>2026-08-05T18:18:11.413Z</time>
      </trkpt>
      <trkpt lat="46.459162" lon="11.786725">
        <ele>1487.134377</ele>
        <time>2026-08-05T18:18:21.411Z</time>
      </trkpt>
      <trkpt lat="46.459184" lon="11.786644">
        <ele>1487.120623</ele>
        <time>2026-08-05T18:18:21.984Z</time>
      </trkpt>
      <trkpt lat="46.459346" lon="11.786237">
        <ele>1487.379907</ele>
        <time>2026-08-05T18:18:25.107Z</time>
      </trkpt>
      <trkpt lat="46.459553" lon="11.785748">
        <ele>1487.739625</ele>
        <time>2026-08-05T18:18:29.341Z</time>
      </trkpt>
      <trkpt lat="46.459562" lon="11.785728">
        <ele>1487.754598</ele>
        <time>2026-08-05T18:18:29.547Z</time>
      </trkpt>
      <trkpt lat="46.459619" lon="11.785575">
        <ele>1487.863614</ele>
        <time>2026-08-05T18:18:31.162Z</time>
      </trkpt>
      <trkpt lat="46.459909" lon="11.784886">
        <ele>1488.369665</ele>
        <time>2026-08-05T18:18:40.551Z</time>
      </trkpt>
      <trkpt lat="46.460081" lon="11.784650">
        <ele>1488.584993</ele>
        <time>2026-08-05T18:18:44.957Z</time>
      </trkpt>
      <trkpt lat="46.460575" lon="11.784082">
        <ele>1489.642097</ele>
        <time>2026-08-05T18:18:58.282Z</time>
      </trkpt>
      <trkpt lat="46.460605" lon="11.784047">
        <ele>1489.718592</ele>
        <time>2026-08-05T18:18:59.203Z</time>
      </trkpt>
      <trkpt lat="46.460835" lon="11.783791">
        <ele>1490.294624</ele>
        <time>2026-08-05T18:19:06.205Z</time>
      </trkpt>
      <trkpt lat="46.460881" lon="11.783736">
        <ele>1490.413068</ele>
        <time>2026-08-05T18:19:07.643Z</time>
      </trkpt>
      <trkpt lat="46.461290" lon="11.783311">
        <ele>1491.412753</ele>
        <time>2026-08-05T18:19:17.984Z</time>
      </trkpt>
      <trkpt lat="46.461645" lon="11.783077">
        <ele>1492.187650</ele>
        <time>2026-08-05T18:19:23.215Z</time>
      </trkpt>
      <trkpt lat="46.461719" lon="11.783041">
        <ele>1492.303796</ele>
        <time>2026-08-05T18:19:24.115Z</time>
      </trkpt>
      <trkpt lat="46.461881" lon="11.782996">
        <ele>1491.920738</ele>
        <time>2026-08-05T18:19:25.744Z</time>
      </trkpt>
      <trkpt lat="46.462131" lon="11.782950">
        <ele>1491.335489</ele>
        <time>2026-08-05T18:19:28.039Z</time>
      </trkpt>
      <trkpt lat="46.462479" lon="11.782915">
        <ele>1490.525350</ele>
        <time>2026-08-05T18:19:31.056Z</time>
      </trkpt>
      <trkpt lat="46.463194" lon="11.782846">
        <ele>1488.861156</ele>
        <time>2026-08-05T18:19:36.804Z</time>
      </trkpt>
      <trkpt lat="46.463713" lon="11.782788">
        <ele>1487.540561</ele>
        <time>2026-08-05T18:19:41.010Z</time>
      </trkpt>
      <trkpt lat="46.463998" lon="11.782710">
        <ele>1486.715136</ele>
        <time>2026-08-05T18:19:43.366Z</time>
      </trkpt>
      <trkpt lat="46.464307" lon="11.782498">
        <ele>1485.742433</ele>
        <time>2026-08-05T18:19:46.181Z</time>
      </trkpt>
      <trkpt lat="46.465566" lon="11.781517">
        <ele>1481.485839</ele>
        <time>2026-08-05T18:19:58.166Z</time>
      </trkpt>
      <trkpt lat="46.465967" lon="11.781204">
        <ele>1480.008171</ele>
        <time>2026-08-05T18:20:01.994Z</time>
      </trkpt>
      <trkpt lat="46.466005" lon="11.781175">
        <ele>1479.868836</ele>
        <time>2026-08-05T18:20:02.348Z</time>
      </trkpt>
      <trkpt lat="46.466291" lon="11.780951">
        <ele>1478.814131</ele>
        <time>2026-08-05T18:20:05.011Z</time>
      </trkpt>
      <trkpt lat="46.466319" lon="11.780930">
        <ele>1478.711844</ele>
        <time>2026-08-05T18:20:05.267Z</time>
      </trkpt>
      <trkpt lat="46.466447" lon="11.780830">
        <ele>1478.240076</ele>
        <time>2026-08-05T18:20:06.434Z</time>
      </trkpt>
      <trkpt lat="46.466840" lon="11.780528">
        <ele>1476.408324</ele>
        <time>2026-08-05T18:20:09.875Z</time>
      </trkpt>
      <trkpt lat="46.467197" lon="11.780224">
        <ele>1473.739823</ele>
        <time>2026-08-05T18:20:12.969Z</time>
      </trkpt>
      <trkpt lat="46.467716" lon="11.779572">
        <ele>1469.314719</ele>
        <time>2026-08-05T18:20:17.911Z</time>
      </trkpt>
      <trkpt lat="46.467967" lon="11.779262">
        <ele>1467.190035</ele>
        <time>2026-08-05T18:20:20.238Z</time>
      </trkpt>
      <trkpt lat="46.468243" lon="11.778913">
        <ele>1464.888840</ele>
        <time>2026-08-05T18:20:22.830Z</time>
      </trkpt>
      <trkpt lat="46.468503" lon="11.778735">
        <ele>1463.177771</ele>
        <time>2026-08-05T18:20:24.882Z</time>
      </trkpt>
      <trkpt lat="46.468745" lon="11.778688">
        <ele>1461.724442</ele>
        <time>2026-08-05T18:20:26.637Z</time>
      </trkpt>
      <trkpt lat="46.469328" lon="11.778647">
        <ele>1458.250080</ele>
        <time>2026-08-05T18:20:30.923Z</time>
      </trkpt>
      <trkpt lat="46.469374" lon="11.778643">
        <ele>1457.975776</ele>
        <time>2026-08-05T18:20:31.260Z</time>
      </trkpt>
      <trkpt lat="46.469455" lon="11.778638">
        <ele>1457.493190</ele>
        <time>2026-08-05T18:20:31.874Z</time>
      </trkpt>
      <trkpt lat="46.470056" lon="11.778620">
        <ele>1454.409453</ele>
        <time>2026-08-05T18:20:36.504Z</time>
      </trkpt>
      <trkpt lat="46.470103" lon="11.778631">
        <ele>1454.270167</ele>
        <time>2026-08-05T18:20:36.884Z</time>
      </trkpt>
      <trkpt lat="46.470336" lon="11.778678">
        <ele>1453.581916</ele>
        <time>2026-08-05T18:20:38.772Z</time>
      </trkpt>
      <trkpt lat="46.470380" lon="11.778688">
        <ele>1453.451614</ele>
        <time>2026-08-05T18:20:39.130Z</time>
      </trkpt>
      <trkpt lat="46.470481" lon="11.778702">
        <ele>1453.154769</ele>
        <time>2026-08-05T18:20:39.952Z</time>
      </trkpt>
      <trkpt lat="46.470694" lon="11.778602">
        <ele>1452.499812</ele>
        <time>2026-08-05T18:20:41.771Z</time>
      </trkpt>
      <trkpt lat="46.471449" lon="11.777915">
        <ele>1449.892928</ele>
        <time>2026-08-05T18:20:49.351Z</time>
      </trkpt>
      <trkpt lat="46.471646" lon="11.777735">
        <ele>1449.352098</ele>
        <time>2026-08-05T18:20:51.466Z</time>
      </trkpt>
      <trkpt lat="46.472099" lon="11.777351">
        <ele>1448.338158</ele>
        <time>2026-08-05T18:20:56.207Z</time>
      </trkpt>
      <trkpt lat="46.472149" lon="11.777305">
        <ele>1448.223742</ele>
        <time>2026-08-05T18:20:56.733Z</time>
      </trkpt>
      <trkpt lat="46.472229" lon="11.777230">
        <ele>1448.039672</ele>
        <time>2026-08-05T18:20:57.580Z</time>
      </trkpt>
      <trkpt lat="46.472416" lon="11.777115">
        <ele>1447.647121</ele>
        <time>2026-08-05T18:20:59.382Z</time>
      </trkpt>
      <trkpt lat="46.472494" lon="11.777128">
        <ele>1447.495359</ele>
        <time>2026-08-05T18:21:00.081Z</time>
      </trkpt>
      <trkpt lat="46.472575" lon="11.777068">
        <ele>1447.319591</ele>
        <time>2026-08-05T18:21:00.878Z</time>
      </trkpt>
      <trkpt lat="46.472615" lon="11.776951">
        <ele>1447.145700</ele>
        <time>2026-08-05T18:21:01.681Z</time>
      </trkpt>
      <trkpt lat="46.472610" lon="11.776862">
        <ele>1447.026825</ele>
        <time>2026-08-05T18:21:02.227Z</time>
      </trkpt>
      <trkpt lat="46.472705" lon="11.776646">
        <ele>1446.685643</ele>
        <time>2026-08-05T18:21:03.789Z</time>
      </trkpt>
      <trkpt lat="46.472795" lon="11.776506">
        <ele>1446.430692</ele>
        <time>2026-08-05T18:21:04.936Z</time>
      </trkpt>
      <trkpt lat="46.473036" lon="11.776128">
        <ele>1445.931657</ele>
        <time>2026-08-05T18:21:08.032Z</time>
      </trkpt>
      <trkpt lat="46.473182" lon="11.775901">
        <ele>1445.709580</ele>
        <time>2026-08-05T18:21:09.892Z</time>
      </trkpt>
      <trkpt lat="46.473385" lon="11.775593">
        <ele>1445.404764</ele>
        <time>2026-08-05T18:21:12.434Z</time>
      </trkpt>
      <trkpt lat="46.473458" lon="11.775478">
        <ele>1445.292940</ele>
        <time>2026-08-05T18:21:13.378Z</time>
      </trkpt>
      <trkpt lat="46.473555" lon="11.775334">
        <ele>1445.148920</ele>
        <time>2026-08-05T18:21:14.616Z</time>
      </trkpt>
      <trkpt lat="46.474017" lon="11.774625">
        <ele>1444.451043</ele>
        <time>2026-08-05T18:21:21.721Z</time>
      </trkpt>
      <trkpt lat="46.474222" lon="11.774312">
        <ele>1444.474780</ele>
        <time>2026-08-05T18:21:25.890Z</time>
      </trkpt>
      <trkpt lat="46.474290" lon="11.774208">
        <ele>1444.618040</ele>
        <time>2026-08-05T18:21:27.513Z</time>
      </trkpt>
      <trkpt lat="46.474463" lon="11.773937">
        <ele>1444.987180</ele>
        <time>2026-08-05T18:21:31.935Z</time>
      </trkpt>
      <trkpt lat="46.474860" lon="11.773316">
        <ele>1445.833628</ele>
        <time>2026-08-05T18:21:42.351Z</time>
      </trkpt>
      <trkpt lat="46.474882" lon="11.773282">
        <ele>1445.880233</ele>
        <time>2026-08-05T18:21:42.980Z</time>
      </trkpt>
      <trkpt lat="46.475009" lon="11.773085">
        <ele>1446.149799</ele>
        <time>2026-08-05T18:21:46.486Z</time>
      </trkpt>
      <trkpt lat="46.475472" lon="11.772314">
        <ele>1446.963201</ele>
        <time>2026-08-05T18:21:58.726Z</time>
      </trkpt>
      <trkpt lat="46.475942" lon="11.771510">
        <ele>1447.237010</ele>
        <time>2026-08-05T18:22:08.464Z</time>
      </trkpt>
      <trkpt lat="46.476059" lon="11.771306">
        <ele>1447.305937</ele>
        <time>2026-08-05T18:22:10.693Z</time>
      </trkpt>
      <trkpt lat="46.476105" lon="11.771226">
        <ele>1447.332995</ele>
        <time>2026-08-05T18:22:11.591Z</time>
      </trkpt>
      <trkpt lat="46.476157" lon="11.771142">
        <ele>1447.362320</ele>
        <time>2026-08-05T18:22:12.554Z</time>
      </trkpt>
      <trkpt lat="46.476249" lon="11.770988">
        <ele>1447.415251</ele>
        <time>2026-08-05T18:22:14.263Z</time>
      </trkpt>
      <trkpt lat="46.476278" lon="11.770945">
        <ele>1447.430876</ele>
        <time>2026-08-05T18:22:14.728Z</time>
      </trkpt>
      <trkpt lat="46.476449" lon="11.770739">
        <ele>1447.514642</ele>
        <time>2026-08-05T18:22:17.265Z</time>
      </trkpt>
      <trkpt lat="46.476646" lon="11.770566">
        <ele>1447.382989</ele>
        <time>2026-08-05T18:22:19.716Z</time>
      </trkpt>
      <trkpt lat="46.477039" lon="11.770303">
        <ele>1446.477553</ele>
        <time>2026-08-05T18:22:24.104Z</time>
      </trkpt>
      <trkpt lat="46.477120" lon="11.770199">
        <ele>1446.251319</ele>
        <time>2026-08-05T18:22:25.179Z</time>
      </trkpt>
      <trkpt lat="46.477239" lon="11.769849">
        <ele>1445.688878</ele>
        <time>2026-08-05T18:22:27.665Z</time>
      </trkpt>
      <trkpt lat="46.477527" lon="11.768861">
        <ele>1444.142966</ele>
        <time>2026-08-05T18:22:33.685Z</time>
      </trkpt>
      <trkpt lat="46.477552" lon="11.768597">
        <ele>1443.751147</ele>
        <time>2026-08-05T18:22:35.132Z</time>
      </trkpt>
      <trkpt lat="46.477525" lon="11.768398">
        <ele>1443.408670</ele>
        <time>2026-08-05T18:22:36.228Z</time>
      </trkpt>
      <trkpt lat="46.477421" lon="11.768105">
        <ele>1442.852078</ele>
        <time>2026-08-05T18:22:38.000Z</time>
      </trkpt>
      <trkpt lat="46.477356" lon="11.767715">
        <ele>1442.174538</ele>
        <time>2026-08-05T18:22:40.178Z</time>
      </trkpt>
      <trkpt lat="46.477315" lon="11.767049">
        <ele>1441.045489</ele>
        <time>2026-08-05T18:22:43.864Z</time>
      </trkpt>
      <trkpt lat="46.477312" lon="11.766979">
        <ele>1440.927063</ele>
        <time>2026-08-05T18:22:44.264Z</time>
      </trkpt>
      <trkpt lat="46.477280" lon="11.766482">
        <ele>1440.084201</ele>
        <time>2026-08-05T18:22:47.458Z</time>
      </trkpt>
      <trkpt lat="46.477264" lon="11.766058">
        <ele>1439.402931</ele>
        <time>2026-08-05T18:22:50.793Z</time>
      </trkpt>
      <trkpt lat="46.477300" lon="11.765863">
        <ele>1439.510375</ele>
        <time>2026-08-05T18:22:52.475Z</time>
      </trkpt>
      <trkpt lat="46.477368" lon="11.765715">
        <ele>1439.605063</ele>
        <time>2026-08-05T18:22:54.019Z</time>
      </trkpt>
      <trkpt lat="46.477610" lon="11.765265">
        <ele>1439.908929</ele>
        <time>2026-08-05T18:22:59.673Z</time>
      </trkpt>
      <trkpt lat="46.477675" lon="11.765012">
        <ele>1440.052641</ele>
        <time>2026-08-05T18:23:02.672Z</time>
      </trkpt>
      <trkpt lat="46.477762" lon="11.764454">
        <ele>1440.357125</ele>
        <time>2026-08-05T18:23:09.602Z</time>
      </trkpt>
      <trkpt lat="46.477818" lon="11.764270">
        <ele>1440.464187</ele>
        <time>2026-08-05T18:23:11.968Z</time>
      </trkpt>
      <trkpt lat="46.478043" lon="11.763717">
        <ele>1440.733396</ele>
        <time>2026-08-05T18:23:18.953Z</time>
      </trkpt>
      <trkpt lat="46.478227" lon="11.763396">
        <ele>1440.208691</ele>
        <time>2026-08-05T18:23:22.380Z</time>
      </trkpt>
      <trkpt lat="46.478328" lon="11.763286">
        <ele>1439.978366</ele>
        <time>2026-08-05T18:23:23.752Z</time>
      </trkpt>
      <trkpt lat="46.478458" lon="11.763104">
        <ele>1439.648930</ele>
        <time>2026-08-05T18:23:25.626Z</time>
      </trkpt>
      <trkpt lat="46.478495" lon="11.763013">
        <ele>1439.516165</ele>
        <time>2026-08-05T18:23:26.349Z</time>
      </trkpt>
      <trkpt lat="46.478549" lon="11.762882">
        <ele>1439.324356</ele>
        <time>2026-08-05T18:23:27.382Z</time>
      </trkpt>
      <trkpt lat="46.478651" lon="11.762702">
        <ele>1439.031501</ele>
        <time>2026-08-05T18:23:28.857Z</time>
      </trkpt>
      <trkpt lat="46.479175" lon="11.762183">
        <ele>1437.874349</ele>
        <time>2026-08-05T18:23:34.032Z</time>
      </trkpt>
      <trkpt lat="46.479281" lon="11.762043">
        <ele>1437.612948</ele>
        <time>2026-08-05T18:23:35.142Z</time>
      </trkpt>
      <trkpt lat="46.479406" lon="11.761714">
        <ele>1436.707619</ele>
        <time>2026-08-05T18:23:37.138Z</time>
      </trkpt>
      <trkpt lat="46.479439" lon="11.761554">
        <ele>1436.246749</ele>
        <time>2026-08-05T18:23:38.009Z</time>
      </trkpt>
      <trkpt lat="46.479501" lon="11.760914">
        <ele>1434.463390</ele>
        <time>2026-08-05T18:23:41.367Z</time>
      </trkpt>
      <trkpt lat="46.479533" lon="11.760521">
        <ele>1433.371421</ele>
        <time>2026-08-05T18:23:43.457Z</time>
      </trkpt>
      <trkpt lat="46.479510" lon="11.760304">
        <ele>1432.765596</ele>
        <time>2026-08-05T18:23:44.636Z</time>
      </trkpt>
      <trkpt lat="46.479411" lon="11.759897">
        <ele>1431.574544</ele>
        <time>2026-08-05T18:23:46.982Z</time>
      </trkpt>
      <trkpt lat="46.479309" lon="11.759501">
        <ele>1430.407909</ele>
        <time>2026-08-05T18:23:49.312Z</time>
      </trkpt>
      <trkpt lat="46.479081" lon="11.758695">
        <ele>1428.777553</ele>
        <time>2026-08-05T18:23:54.274Z</time>
      </trkpt>
      <trkpt lat="46.478904" lon="11.758058">
        <ele>1427.522172</ele>
        <time>2026-08-05T18:23:58.330Z</time>
      </trkpt>
      <trkpt lat="46.478876" lon="11.757824">
        <ele>1427.088106</ele>
        <time>2026-08-05T18:23:59.758Z</time>
      </trkpt>
      <trkpt lat="46.478876" lon="11.757612">
        <ele>1426.700655</ele>
        <time>2026-08-05T18:24:01.016Z</time>
      </trkpt>
      <trkpt lat="46.479118" lon="11.756642">
        <ele>1424.955955</ele>
        <time>2026-08-05T18:24:06.963Z</time>
      </trkpt>
      <trkpt lat="46.479130" lon="11.756462">
        <ele>1424.691281</ele>
        <time>2026-08-05T18:24:08.016Z</time>
      </trkpt>
      <trkpt lat="46.479139" lon="11.756297">
        <ele>1424.449036</ele>
        <time>2026-08-05T18:24:08.982Z</time>
      </trkpt>
      <trkpt lat="46.479106" lon="11.756089">
        <ele>1424.136639</ele>
        <time>2026-08-05T18:24:10.240Z</time>
      </trkpt>
      <trkpt lat="46.478929" lon="11.755494">
        <ele>1423.188033</ele>
        <time>2026-08-05T18:24:14.108Z</time>
      </trkpt>
      <trkpt lat="46.478846" lon="11.755106">
        <ele>1422.593397</ele>
        <time>2026-08-05T18:24:16.578Z</time>
      </trkpt>
      <trkpt lat="46.478827" lon="11.754902">
        <ele>1422.292109</ele>
        <time>2026-08-05T18:24:17.845Z</time>
      </trkpt>
      <trkpt lat="46.478926" lon="11.754343">
        <ele>1421.512453</ele>
        <time>2026-08-05T18:24:21.431Z</time>
      </trkpt>
      <trkpt lat="46.479084" lon="11.754040">
        <ele>1421.099890</ele>
        <time>2026-08-05T18:24:23.826Z</time>
      </trkpt>
      <trkpt lat="46.479256" lon="11.753589">
        <ele>1420.540269</ele>
        <time>2026-08-05T18:24:27.119Z</time>
      </trkpt>
      <trkpt lat="46.479314" lon="11.753357">
        <ele>1420.272354</ele>
        <time>2026-08-05T18:24:28.702Z</time>
      </trkpt>
      <trkpt lat="46.479279" lon="11.752721">
        <ele>1419.579784</ele>
        <time>2026-08-05T18:24:32.789Z</time>
      </trkpt>
      <trkpt lat="46.479191" lon="11.752076">
        <ele>1418.866035</ele>
        <time>2026-08-05T18:24:36.921Z</time>
      </trkpt>
      <trkpt lat="46.478748" lon="11.750849">
        <ele>1417.694220</ele>
        <time>2026-08-05T18:24:45.281Z</time>
      </trkpt>
      <trkpt lat="46.478353" lon="11.749566">
        <ele>1416.563392</ele>
        <time>2026-08-05T18:24:55.666Z</time>
      </trkpt>
      <trkpt lat="46.478208" lon="11.749088">
        <ele>1416.291213</ele>
        <time>2026-08-05T18:24:59.592Z</time>
      </trkpt>
      <trkpt lat="46.478042" lon="11.748739">
        <ele>1416.070186</ele>
        <time>2026-08-05T18:25:02.673Z</time>
      </trkpt>
      <trkpt lat="46.477763" lon="11.748287">
        <ele>1415.753880</ele>
        <time>2026-08-05T18:25:07.118Z</time>
      </trkpt>
      <trkpt lat="46.477584" lon="11.747876">
        <ele>1415.500470</ele>
        <time>2026-08-05T18:25:10.471Z</time>
      </trkpt>
      <trkpt lat="46.477422" lon="11.747421">
        <ele>1415.342224</ele>
        <time>2026-08-05T18:25:13.520Z</time>
      </trkpt>
      <trkpt lat="46.477235" lon="11.746456">
        <ele>1415.749358</ele>
        <time>2026-08-05T18:25:20.199Z</time>
      </trkpt>
      <trkpt lat="46.477060" lon="11.745898">
        <ele>1415.998373</ele>
        <time>2026-08-05T18:25:26.481Z</time>
      </trkpt>
      <trkpt lat="46.476902" lon="11.745423">
        <ele>1416.212610</ele>
        <time>2026-08-05T18:25:33.143Z</time>
      </trkpt>
      <trkpt lat="46.476756" lon="11.744975">
        <ele>1416.605897</ele>
        <time>2026-08-05T18:25:40.153Z</time>
      </trkpt>
      <trkpt lat="46.476731" lon="11.744748">
        <ele>1417.005554</ele>
        <time>2026-08-05T18:25:43.649Z</time>
      </trkpt>
      <trkpt lat="46.476724" lon="11.744568">
        <ele>1417.318985</ele>
        <time>2026-08-05T18:25:46.515Z</time>
      </trkpt>
      <trkpt lat="46.476805" lon="11.743953">
        <ele>1418.407550</ele>
        <time>2026-08-05T18:25:56.660Z</time>
      </trkpt>
      <trkpt lat="46.476805" lon="11.743545">
        <ele>1419.116862</ele>
        <time>2026-08-05T18:26:02.632Z</time>
      </trkpt>
      <trkpt lat="46.476549" lon="11.742196">
        <ele>1420.896105</ele>
        <time>2026-08-05T18:26:19.974Z</time>
      </trkpt>
      <trkpt lat="46.476524" lon="11.742077">
        <ele>1420.896105</ele>
        <time>2026-08-05T18:26:21.328Z</time>
      </trkpt>
      <trkpt lat="46.476497" lon="11.741942">
        <ele>1420.896105</ele>
        <time>2026-08-05T18:26:22.850Z</time>
      </trkpt>
      <trkpt lat="46.476465" lon="11.741779">
        <ele>1420.896105</ele>
        <time>2026-08-05T18:26:24.412Z</time>
      </trkpt>
      <trkpt lat="46.476438" lon="11.741650">
        <ele>1420.896105</ele>
        <time>2026-08-05T18:26:25.499Z</time>
      </trkpt>
      <trkpt lat="46.476278" lon="11.740848">
        <ele>1420.896105</ele>
        <time>2026-08-05T18:26:30.936Z</time>
      </trkpt>
      <trkpt lat="46.476240" lon="11.740666">
        <ele>1420.896105</ele>
        <time>2026-08-05T18:26:32.059Z</time>
      </trkpt>
      <trkpt lat="46.476206" lon="11.740676">
        <ele>1420.896105</ele>
        <time>2026-08-05T18:26:32.456Z</time>
      </trkpt>
      <trkpt lat="46.476166" lon="11.740689">
        <ele>1420.896105</ele>
        <time>2026-08-05T18:26:32.933Z</time>
      </trkpt>
      <trkpt lat="46.475977" lon="11.740733">
        <ele>1420.896105</ele>
        <time>2026-08-05T18:26:35.133Z</time>
      </trkpt>
      <trkpt lat="46.475747" lon="11.740716">
        <ele>1420.896105</ele>
        <time>2026-08-05T18:26:37.763Z</time>
      </trkpt>
      <trkpt lat="46.475637" lon="11.740735">
        <ele>1420.896105</ele>
        <time>2026-08-05T18:26:39.035Z</time>
      </trkpt>
      <trkpt lat="46.475406" lon="11.740773">
        <ele>1420.896105</ele>
        <time>2026-08-05T18:26:41.645Z</time>
      </trkpt>
      <trkpt lat="46.475161" lon="11.740714">
        <ele>1420.896105</ele>
        <time>2026-08-05T18:26:44.455Z</time>
      </trkpt>
      <trkpt lat="46.474947" lon="11.740735">
        <ele>1420.896105</ele>
        <time>2026-08-05T18:27:01.351Z</time>
      </trkpt>
    </trkseg>
  </trk>
</gpx>